time_s,charge_current_a,soc,terminal_voltage_v,average_temperature_c,predicted_maximum_voltage_v,predicted_maximum_temperature_c,predicted_terminal_soc,optimizer_success,prediction_feasible,used_fallback,target_current_cap_active,control_decision_updated,solve_time_s,minimum_constraint_margin,source
0.0,0.0,0.1,3.2959070147319616,25.0,,,,True,True,False,False,False,0.0,,chen2020_dfn
5.0,2.000000000000004,0.10055555555555556,3.383427139927319,25.017596866556573,3.853219701359488,33.50000000096714,0.2191370352462923,True,True,False,False,True,0.8312945999987278,-9.671410339251452e-10,chen2020_dfn
10.0,4.000000000000005,0.10166666666666667,3.4522414960529577,25.07632243669775,3.8408583399659153,33.500000018720584,0.22323356212322415,True,True,False,False,True,0.7854814000002079,-1.872058419394307e-08,chen2020_dfn
15.0,6.000000000000011,0.10333333333333335,3.5151350018832495,25.19218609153802,3.8296354626472153,33.50000000075488,0.22579916142932152,True,True,False,False,True,0.667513999998846,-7.548806024715304e-10,chen2020_dfn
20.0,8.00000000000001,0.10555555555555557,3.576629340072539,25.37921593923471,3.8208708795983686,33.50000002281643,0.22732382391285627,True,True,False,False,True,0.74629989999994,-2.2816429634531232e-08,chen2020_dfn
25.0,9.832550962985978,0.10828681971194057,3.6342775613805167,25.643743895618684,3.814704009162052,33.50000003375307,0.22826769725476667,True,True,False,False,True,0.7542509000013524,-3.3753067896213906e-08,chen2020_dfn
30.0,9.832550962985978,0.11101808386832555,3.658937589090046,25.91490222605296,3.814704009162052,33.50000003375307,0.22826769725476667,True,True,False,False,False,0.0,-3.3753067896213906e-08,chen2020_dfn
35.0,9.832550962985978,0.11374934802471055,3.67892620576929,26.191417028682395,3.814704009162052,33.50000003375307,0.22826769725476667,True,True,False,False,False,0.0,-3.3753067896213906e-08,chen2020_dfn
40.0,9.832550962985978,0.11648061218109555,3.695421963628644,26.47206226758061,3.814704009162052,33.50000003375307,0.22826769725476667,True,True,False,False,False,0.0,-3.3753067896213906e-08,chen2020_dfn
45.0,9.832550962985978,0.11921187633748054,3.70913535183873,26.755656723089828,3.814704009162052,33.50000003375307,0.22826769725476667,True,True,False,False,False,0.0,-3.3753067896213906e-08,chen2020_dfn
50.0,8.52421530678163,0.12157971392269766,3.6985172973165517,26.98464535454832,3.8018545394485255,33.500000000120366,0.2321634624176082,True,True,False,False,True,0.5869512999997823,-1.2036593943776097e-10,chen2020_dfn
55.0,8.52421530678163,0.12394755150791478,3.704837781956307,27.212940181053682,3.8018545394485255,33.500000000120366,0.2321634624176082,True,True,False,False,False,0.0,-1.2036593943776097e-10,chen2020_dfn
60.0,8.52421530678163,0.1263153890931319,3.7106926157960154,27.440313506871064,3.8018545394485255,33.500000000120366,0.2321634624176082,True,True,False,False,False,0.0,-1.2036593943776097e-10,chen2020_dfn
65.0,8.52421530678163,0.12868322667834903,3.716027540506865,27.66652698911048,3.8018545394485255,33.500000000120366,0.2321634624176082,True,True,False,False,False,0.0,-1.2036593943776097e-10,chen2020_dfn
70.0,8.52421530678163,0.13105106426356614,3.720896325627809,27.89138906255164,3.8018545394485255,33.500000000120366,0.2321634624176082,True,True,False,False,False,0.0,-1.2036593943776097e-10,chen2020_dfn
75.0,7.771049417894111,0.13320968910187006,3.7124421968681975,28.083993307770754,3.7914921441839375,33.50000000178236,0.2362973013341727,True,True,False,False,True,0.5500174999997398,-1.7823609255174233e-09,chen2020_dfn
80.0,7.771049417894111,0.13536831394017398,3.714660808711535,28.27428787906456,3.7914921441839375,33.50000000178236,0.2362973013341727,True,True,False,False,False,0.0,-1.7823609255174233e-09,chen2020_dfn
85.0,7.771049417894111,0.13752693877847788,3.717074690147803,28.46241051212445,3.7914921441839375,33.50000000178236,0.2362973013341727,True,True,False,False,False,0.0,-1.7823609255174233e-09,chen2020_dfn
90.0,7.771049417894111,0.1396855636167818,3.719552346509752,28.648534907266082,3.7914921441839375,33.50000000178236,0.2362973013341727,True,True,False,False,False,0.0,-1.7823609255174233e-09,chen2020_dfn
95.0,7.771049417894111,0.14184418845508573,3.7220471720179376,28.832729899732442,3.7914921441839375,33.50000000178236,0.2362973013341727,True,True,False,False,False,0.0,-1.7823609255174233e-09,chen2020_dfn
100.0,7.225882556634123,0.1438513780541508,3.714974996008646,28.994029482947155,3.783160680721834,33.50000000061875,0.24063466483826126,True,True,False,False,True,0.3531457000008231,-6.187477197272528e-10,chen2020_dfn
105.0,7.225882556634123,0.14585856765321584,3.7160619091336415,29.153068685375615,3.783160680721834,33.50000000061875,0.24063466483826126,True,True,False,False,False,0.0,-6.187477197272528e-10,chen2020_dfn
110.0,7.225882556634123,0.14786575725228085,3.7174480162314825,29.310030872709888,3.783160680721834,33.50000000061875,0.24063466483826126,True,True,False,False,False,0.0,-6.187477197272528e-10,chen2020_dfn
115.0,7.225882556634123,0.1498729468513459,3.7190086320915974,29.465125783820156,3.783160680721834,33.50000000061875,0.24063466483826126,True,True,False,False,False,0.0,-6.187477197272528e-10,chen2020_dfn
120.0,7.225882556634123,0.15188013645041093,3.7206869578441246,29.618464003253848,3.783160680721834,33.50000000061875,0.24063466483826126,True,True,False,False,False,0.0,-6.187477197272528e-10,chen2020_dfn
125.0,6.751044836898233,0.15375542668288267,3.713930197569911,29.752757465427067,3.7761270327649035,33.50000000079797,0.24516908611296645,True,True,False,False,True,0.35825020000083896,-7.979679139680229e-10,chen2020_dfn
130.0,6.751044836898233,0.1556307169153544,3.7145482584210026,29.885093552298258,3.7761270327649035,33.50000000079797,0.24516908611296645,True,True,False,False,False,0.0,-7.979679139680229e-10,chen2020_dfn
135.0,6.751044836898233,0.15750600714782612,3.7154741529474467,30.015685701776533,3.7761270327649035,33.50000000079797,0.24516908611296645,True,True,False,False,False,0.0,-7.979679139680229e-10,chen2020_dfn
140.0,6.751044836898233,0.15938129738029783,3.716606912428643,30.14463310594539,3.7761270327649035,33.50000000079797,0.24516908611296645,True,True,False,False,False,0.0,-7.979679139680229e-10,chen2020_dfn
145.0,6.751044836898233,0.16125658761276956,3.7178821749033073,30.27209873395094,3.7761270327649035,33.50000000079797,0.24516908611296645,True,True,False,False,False,0.0,-7.979679139680229e-10,chen2020_dfn
150.0,6.357394773785667,0.16302253060548777,3.7120438618219898,30.384456331141394,3.7705411583807154,33.50000000045417,0.24987893295680946,True,True,False,False,True,0.35424029999921913,-4.5417181127049844e-10,chen2020_dfn
155.0,6.357394773785667,0.16478847359820603,3.7125169828838276,30.495196317642808,3.7705411583807154,33.50000000045417,0.24987893295680946,True,True,False,False,False,0.0,-4.5417181127049844e-10,chen2020_dfn
160.0,6.357394773785667,0.1665544165909243,3.7132728807459205,30.60445720868671,3.7705411583807154,33.50000000045417,0.24987893295680946,True,True,False,False,False,0.0,-4.5417181127049844e-10,chen2020_dfn
165.0,6.357394773785667,0.1683203595836425,3.7142161069366337,30.712395085544813,3.7705411583807154,33.50000000045417,0.24987893295680946,True,True,False,False,False,0.0,-4.5417181127049844e-10,chen2020_dfn
170.0,6.357394773785667,0.17008630257636076,3.7152976278708865,30.819108798243178,3.7705411583807154,33.50000000045417,0.24987893295680946,True,True,False,False,False,0.0,-4.5417181127049844e-10,chen2020_dfn
175.0,6.0290446963039015,0.17176103721422292,3.7103357834080457,30.913740051729633,3.766212611040692,33.500000000308525,0.2547339486026831,True,True,False,False,True,0.3618906000010611,-3.085247612943931e-10,chen2020_dfn
180.0,6.0290446963039015,0.17343577185208514,3.710783232779276,31.00704512677396,3.766212611040692,33.500000000308525,0.2547339486026831,True,True,False,False,False,0.0,-3.085247612943931e-10,chen2020_dfn
185.0,6.0290446963039015,0.17511050648994733,3.7114772425617053,31.099132486196936,3.766212611040692,33.500000000308525,0.2547339486026831,True,True,False,False,False,0.0,-3.085247612943931e-10,chen2020_dfn
190.0,6.0290446963039015,0.17678524112780952,3.7123377689655843,31.19013289457689,3.766212611040692,33.500000000308525,0.2547339486026831,True,True,False,False,False,0.0,-3.085247612943931e-10,chen2020_dfn
195.0,6.0290446963039015,0.1784599757656717,3.7133236159430685,31.280126103716157,3.766212611040692,33.500000000308525,0.2547339486026831,True,True,False,False,False,0.0,-3.085247612943931e-10,chen2020_dfn
200.0,5.753625749449638,0.18005820514051887,3.7091490517015018,31.360367627481253,3.7629484104613424,33.500000000100876,0.25970594892187604,True,True,False,False,True,0.3541912000000593,-1.0087575219586142e-10,chen2020_dfn
205.0,5.753625749449638,0.18165643451536598,3.709620131465015,31.439520155720174,3.7629484104613424,33.500000000100876,0.25970594892187604,True,True,False,False,False,0.0,-1.0087575219586142e-10,chen2020_dfn
210.0,5.753625749449638,0.1832546638902131,3.710303737636358,31.51766792700323,3.7629484104613424,33.500000000100876,0.25970594892187604,True,True,False,False,False,0.0,-1.0087575219586142e-10,chen2020_dfn
215.0,5.753625749449638,0.18485289326506021,3.7111321978547895,31.59492382830291,3.7629484104613424,33.500000000100876,0.25970594892187604,True,True,False,False,False,0.0,-1.0087575219586142e-10,chen2020_dfn
220.0,5.753625749449638,0.18645112263990737,3.712071976399554,31.671345636735623,3.7629484104613424,33.500000000100876,0.25970594892187604,True,True,False,False,False,0.0,-1.0087575219586142e-10,chen2020_dfn
225.0,5.521135147164381,0.1879847712918975,3.7085818706409164,31.739815639919357,3.7606042472925374,33.50000000019241,0.26477191565874963,True,True,False,False,True,0.35690170000088983,-1.9240786741647753e-10,chen2020_dfn
230.0,5.521135147164381,0.18951841994388757,3.7090962205747804,31.8073856495825,3.7606042472925374,33.50000000019241,0.26477191565874963,True,True,False,False,False,0.0,-1.9240786741647753e-10,chen2020_dfn
235.0,5.521135147164381,0.1910520685958777,3.7097933914786707,31.87412116642639,3.7606042472925374,33.50000000019241,0.26477191565874963,True,True,False,False,False,0.0,-1.9240786741647753e-10,chen2020_dfn
240.0,5.521135147164381,0.19258571724786777,3.710615963461836,31.940119619044026,3.7606042472925374,33.50000000019241,0.26477191565874963,True,True,False,False,False,0.0,-1.9240786741647753e-10,chen2020_dfn
245.0,5.521135147164381,0.1941193658998579,3.7115363634645666,32.00542395267024,3.7606042472925374,33.50000000019241,0.26477191565874963,True,True,False,False,False,0.0,-1.9240786741647753e-10,chen2020_dfn
250.0,5.365805246799975,0.19560986735730235,3.709472318640624,32.06543387808773,3.7585600487288437,33.50000000089655,0.2699090970523728,True,True,False,False,True,0.12130330000036338,-8.965486131273792e-10,chen2020_dfn
255.0,5.365805246799975,0.19710036881474677,3.710147036032626,32.124693452782196,3.7585600487288437,33.50000000089655,0.2699090970523728,True,True,False,False,False,0.0,-8.965486131273792e-10,chen2020_dfn
260.0,5.365805246799975,0.1985908702721912,3.71095056574024,32.18330270182565,3.7585600487288437,33.50000000089655,0.2699090970523728,True,True,False,False,False,0.0,-8.965486131273792e-10,chen2020_dfn
265.0,5.365805246799975,0.20008137172963564,3.7118501296875968,32.24130404005996,3.7585600487288437,33.50000000089655,0.2699090970523728,True,True,False,False,False,0.0,-8.965486131273792e-10,chen2020_dfn
270.0,5.365805246799975,0.2015718731870801,3.712825213781558,32.29873179196801,3.7585600487288437,33.50000000089655,0.2699090970523728,True,True,False,False,False,0.0,-8.965486131273792e-10,chen2020_dfn
275.0,5.155233796244717,0.20300388257492585,3.7096510579841473,32.34948256379215,3.758139763854135,33.50000000046353,0.27511383727130784,True,True,False,False,True,0.3575577000010526,-4.6352965910045896e-10,chen2020_dfn
280.0,5.155233796244717,0.20443589196277162,3.7102038304348097,32.399580378265284,3.758139763854135,33.50000000046353,0.27511383727130784,True,True,False,False,False,0.0,-4.6352965910045896e-10,chen2020_dfn
285.0,5.155233796244717,0.20586790135061733,3.7109105031694405,32.44907216809128,3.758139763854135,33.50000000046353,0.27511383727130784,True,True,False,False,False,0.0,-4.6352965910045896e-10,chen2020_dfn
290.0,5.155233796244717,0.2072999107384631,3.71172214355841,32.49803193605328,3.758139763854135,33.50000000046353,0.27511383727130784,True,True,False,False,False,0.0,-4.6352965910045896e-10,chen2020_dfn
295.0,5.155233796244717,0.20873192012630884,3.7126159343154734,32.54649082769839,3.758139763854135,33.50000000046353,0.27511383727130784,True,True,False,False,False,0.0,-4.6352965910045896e-10,chen2020_dfn
300.0,5.0380993263993945,0.21013139216141985,3.711201538319286,32.591163601560936,3.7576482461902003,33.50000000029789,0.28036522900186145,True,True,False,False,True,0.1216139000007388,-2.978879365400644e-10,chen2020_dfn
305.0,5.0380993263993945,0.21153086419653078,3.711921088186952,32.6352909081628,3.7576482461902003,33.50000000029789,0.28036522900186145,True,True,False,False,False,0.0,-2.978879365400644e-10,chen2020_dfn
310.0,5.0380993263993945,0.2129303362316417,3.7127423292095987,32.67894912858759,3.7576482461902003,33.50000000029789,0.28036522900186145,True,True,False,False,False,0.0,-2.978879365400644e-10,chen2020_dfn
315.0,5.0380993263993945,0.21432980826675269,3.713640876988542,32.72216576382692,3.7576482461902003,33.50000000029789,0.28036522900186145,True,True,False,False,False,0.0,-2.978879365400644e-10,chen2020_dfn
320.0,5.0380993263993945,0.21572928030186367,3.7145979333901122,32.76498871958438,3.7576482461902003,33.50000000029789,0.28036522900186145,True,True,False,False,False,0.0,-2.978879365400644e-10,chen2020_dfn
325.0,4.88456521188704,0.21708610397183228,3.7124622587811533,32.80313467781548,3.7581555313400736,33.49999999999023,0.28566166855636393,True,True,False,False,True,0.35805919999984326,9.769962616701378e-12,chen2020_dfn
330.0,4.88456521188704,0.2184429276418009,3.713120980665132,32.84080842750757,3.7581555313400736,33.49999999999023,0.28566166855636393,True,True,False,False,False,0.0,9.769962616701378e-12,chen2020_dfn
335.0,4.88456521188704,0.2197997513117695,3.7138964486701433,32.878042057139226,3.7581555313400736,33.49999999999023,0.28566166855636393,True,True,False,False,False,0.0,9.769962616701378e-12,chen2020_dfn
340.0,4.88456521188704,0.22115657498173813,3.714749259379736,32.91490768228738,3.7581555313400736,33.49999999999023,0.28566166855636393,True,True,False,False,False,0.0,9.769962616701378e-12,chen2020_dfn
345.0,4.88456521188704,0.22251339865170675,3.715667271151627,32.95140460491484,3.7581555313400736,33.49999999999023,0.28566166855636393,True,True,False,False,False,0.0,9.769962616701378e-12,chen2020_dfn
350.0,4.765377427317908,0.2238371146037395,3.714169543703701,32.98430490469622,3.7608217621446562,33.50000000023829,0.2909966183535782,True,True,False,False,True,0.12041879999924276,-2.382876118645072e-10,chen2020_dfn
355.0,4.765377427317908,0.22516083055577227,3.714882698733775,33.016784624537195,3.7608217621446562,33.50000000023829,0.2909966183535782,True,True,False,False,False,0.0,-2.382876118645072e-10,chen2020_dfn
360.0,4.765377427317908,0.22648454650780503,3.715685080304257,33.04892825339789,3.7608217621446562,33.50000000023829,0.2909966183535782,True,True,False,False,False,0.0,-2.382876118645072e-10,chen2020_dfn
365.0,4.765377427317908,0.22780826245983776,3.7165601521436367,33.08073432830855,3.7608217621446562,33.50000000023829,0.2909966183535782,True,True,False,False,False,0.0,-2.382876118645072e-10,chen2020_dfn
370.0,4.765377427317908,0.2291319784118705,3.7174920223691172,33.11222327490515,3.7608217621446562,33.50000000023829,0.2909966183535782,True,True,False,False,False,0.0,-2.382876118645072e-10,chen2020_dfn
375.0,4.612929415715937,0.23041334769401386,3.7152764735036614,33.13935063517641,3.7653487216333152,33.500000000516586,0.29635810558599185,True,True,False,False,True,0.12292660000093747,-5.165858851796656e-10,chen2020_dfn
380.0,4.612929415715937,0.2316947169761572,3.715900509467155,33.16610601588263,3.7653487216333152,33.500000000516586,0.29635810558599185,True,True,False,False,False,0.0,-5.165858851796656e-10,chen2020_dfn
385.0,4.612929415715937,0.23297608625830055,3.716632721442075,33.19253761537641,3.7653487216333152,33.500000000516586,0.29635810558599185,True,True,False,False,False,0.0,-5.165858851796656e-10,chen2020_dfn
390.0,4.612929415715937,0.23425745554044386,3.7174457012199964,33.21866510598716,3.7653487216333152,33.500000000516586,0.29635810558599185,True,True,False,False,False,0.0,-5.165858851796656e-10,chen2020_dfn
395.0,4.612929415715937,0.2355388248225872,3.7183211625643744,33.24450941020149,3.7653487216333152,33.500000000516586,0.29635810558599185,True,True,False,False,False,0.0,-5.165858851796656e-10,chen2020_dfn
400.0,4.450925101071416,0.23677519290621815,3.7158083829678774,33.26588466518467,3.769917657944054,33.50000001818889,0.30173467885898225,True,True,False,False,True,0.35776219999934256,-1.8188892170201143e-08,chen2020_dfn
405.0,4.450925101071416,0.2380115609898491,3.716355257703082,33.286928006585356,3.769917657944054,33.50000001818889,0.30173467885898225,True,True,False,False,False,0.0,-1.8188892170201143e-08,chen2020_dfn
410.0,4.450925101071416,0.23924792907348005,3.717021065891377,33.307675155026175,3.769917657944054,33.50000001818889,0.30173467885898225,True,True,False,False,False,0.0,-1.8188892170201143e-08,chen2020_dfn
415.0,4.450925101071416,0.24048429715711103,3.7177727043221642,33.32815267991589,3.769917657944054,33.50000001818889,0.30173467885898225,True,True,False,False,False,0.0,-1.8188892170201143e-08,chen2020_dfn
420.0,4.450925101071416,0.24172066524074196,3.718590720827301,33.3483815392965,3.769917657944054,33.50000001818889,0.30173467885898225,True,True,False,False,False,0.0,-1.8188892170201143e-08,chen2020_dfn
425.0,4.2869313421798125,0.2429114795024586,3.715933845580001,33.36424448803717,3.77456798694376,33.50000000190792,0.30712170682352036,True,True,False,False,True,0.2007450000000972,-1.9079209323535906e-09,chen2020_dfn
430.0,4.2869313421798125,0.24410229376417522,3.7164230845333477,33.37981386348798,3.77456798694376,33.50000000190792,0.30712170682352036,True,True,False,False,False,0.0,-1.9079209323535906e-09,chen2020_dfn
435.0,4.2869313421798125,0.24529310802589183,3.7170343381987454,33.395124123261894,3.77456798694376,33.50000000190792,0.30712170682352036,True,True,False,False,False,0.0,-1.9079209323535906e-09,chen2020_dfn
440.0,4.2869313421798125,0.24648392228760843,3.7177337340190535,33.41020101423436,3.77456798694376,33.50000000190792,0.30712170682352036,True,True,False,False,False,0.0,-1.9079209323535906e-09,chen2020_dfn
445.0,4.2869313421798125,0.24767473654932504,3.718501296047794,33.425064832365535,3.77456798694376,33.50000000190792,0.30712170682352036,True,True,False,False,False,0.0,-1.9079209323535906e-09,chen2020_dfn
450.0,4.118934314723702,0.24881888497008162,3.7156589315730275,33.43562411932413,3.7791982398360373,33.500000000866656,0.31251558386817996,True,True,False,False,True,0.27779370000098424,-8.666560802339518e-10,chen2020_dfn
455.0,4.118934314723702,0.2499630333908382,3.716089941795084,33.44592763397901,3.7791982398360373,33.500000000866656,0.31251558386817996,True,True,False,False,False,0.0,-8.666560802339518e-10,chen2020_dfn
460.0,4.118934314723702,0.25110718181159475,3.7166458343373168,33.45600849299893,3.7791982398360373,33.500000000866656,0.31251558386817996,True,True,False,False,False,0.0,-8.666560802339518e-10,chen2020_dfn
465.0,4.118934314723702,0.25225133023235136,3.7172919742854686,33.465891483305484,3.7791982398360373,33.500000000866656,0.31251558386817996,True,True,False,False,False,0.0,-8.666560802339518e-10,chen2020_dfn
470.0,4.118934314723702,0.25339547865310796,3.7180078380975057,33.4755961717417,3.7791982398360373,33.500000000866656,0.31251558386817996,True,True,False,False,False,0.0,-8.666560802339518e-10,chen2020_dfn
475.0,3.9413959071616116,0.25449031084954177,3.714850504054347,33.48093840507869,3.783806324094864,33.5000000016222,0.3179136204455919,True,True,False,False,True,0.35585919999903126,-1.6221974874497391e-09,chen2020_dfn
480.0,3.9413959071616116,0.2555851430459755,3.715207758424139,33.48605987753393,3.783806324094864,33.5000000016222,0.3179136204455919,True,True,False,False,False,0.0,-1.6221974874497391e-09,chen2020_dfn
485.0,3.9413959071616116,0.25667997524240926,3.71569540053536,33.490993052251554,3.783806324094864,33.5000000016222,0.3179136204455919,True,True,False,False,False,0.0,-1.6221974874497391e-09,chen2020_dfn
490.0,3.9413959071616116,0.25777480743884307,3.716277124850465,33.49576210636792,3.783806324094864,33.5000000016222,0.3179136204455919,True,True,False,False,False,0.0,-1.6221974874497391e-09,chen2020_dfn
495.0,3.9413959071616116,0.25886963963527687,3.7169313658735215,33.50038619299869,3.783806324094864,33.5000000016222,0.3179136204455919,True,True,False,False,False,0.0,-1.6221974874497391e-09,chen2020_dfn
500.0,3.743537252865625,0.25990951109440624,3.713194509185419,33.50037158276717,3.7882825852941133,33.50000000127658,0.3233126793653221,True,True,False,False,True,0.7126856999984739,-1.2765823953486688e-09,chen2020_dfn
505.0,3.743537252865625,0.2609493825535356,3.7134427593759294,33.500167293760285,3.7882825852941133,33.50000000127658,0.3233126793653221,True,True,False,False,False,0.0,-1.2765823953486688e-09,chen2020_dfn
510.0,3.743537252865625,0.26198925401266493,3.7138327565937734,33.49980643667243,3.7882825852941133,33.50000000127658,0.3233126793653221,True,True,False,False,False,0.0,-1.2765823953486688e-09,chen2020_dfn
515.0,3.743537252865625,0.2630291254717943,3.7143247948100186,33.499313328940445,3.7882825852941133,33.50000000127658,0.3233126793653221,True,True,False,False,False,0.0,-1.2765823953486688e-09,chen2020_dfn
520.0,3.743537252865625,0.2640689969309236,3.714895183505579,33.49870736054106,3.7882825852941133,33.50000000127658,0.3233126793653221,True,True,False,False,False,0.0,-1.2765823953486688e-09,chen2020_dfn
525.0,3.828925457312724,0.2651325873357327,3.717454248672343,33.49991247252302,3.792691043043431,33.50000001535569,0.32871531287483535,True,True,False,False,True,0.7581630999993649,-1.5355688276486035e-08,chen2020_dfn
530.0,3.828925457312724,0.26619617774054183,3.7183590211490847,33.50106752654233,3.792691043043431,33.50000001535569,0.32871531287483535,True,True,False,False,False,0.0,-1.5355688276486035e-08,chen2020_dfn
535.0,3.828925457312724,0.2672597681453509,3.7192608651051144,33.502171017614046,3.792691043043431,33.50000001535569,0.32871531287483535,True,True,False,False,False,0.0,-1.5355688276486035e-08,chen2020_dfn
540.0,3.828925457312724,0.26832335855016,3.720167899358153,33.503224408186725,3.792691043043431,33.50000001535569,0.32871531287483535,True,True,False,False,False,0.0,-1.5355688276486035e-08,chen2020_dfn
545.0,3.828925457312724,0.26938694895496906,3.7210826478612944,33.50422917938522,3.792691043043431,33.50000001535569,0.32871531287483535,True,True,False,False,False,0.0,-1.5355688276486035e-08,chen2020_dfn
550.0,3.6259325324780156,0.27039415243621295,3.7174030964556373,33.50070194816311,3.797041449307494,33.50000000509039,0.3340896505771664,True,True,False,False,True,1.0736131000012392,-5.090392107831576e-09,chen2020_dfn
555.0,3.6259325324780156,0.27140135591745684,3.717809739184041,33.49705561770173,3.797041449307494,33.50000000509039,0.3340896505771664,True,True,False,False,False,0.0,-5.090392107831576e-09,chen2020_dfn
560.0,3.6259325324780156,0.2724085593987008,3.718329539941481,33.49331364121866,3.797041449307494,33.50000000509039,0.3340896505771664,True,True,False,False,False,0.0,-5.090392107831576e-09,chen2020_dfn
565.0,3.6259325324780156,0.2734157628799446,3.71892796932414,33.48949239305921,3.797041449307494,33.50000000509039,0.3340896505771664,True,True,False,False,False,0.0,-5.090392107831576e-09,chen2020_dfn
570.0,3.6259325324780156,0.27442296636118857,3.719585311861292,33.48560485339107,3.797041449307494,33.50000000509039,0.3340896505771664,True,True,False,False,False,0.0,-5.090392107831576e-09,chen2020_dfn
575.0,3.992354862251042,0.27553195382292495,3.7285192560283362,33.48980120764003,3.801645793024345,33.50000001629538,0.3394830133699664,True,True,False,False,True,1.0334821999986161,-1.6295381044528767e-08,chen2020_dfn
580.0,3.992354862251042,0.27664094128466143,3.730210116707122,33.49409774588992,3.801645793024345,33.50000001629538,0.3394830133699664,True,True,False,False,False,0.0,-1.6295381044528767e-08,chen2020_dfn
585.0,3.992354862251042,0.2777499287463978,3.731741898396426,33.49845624454173,3.801645793024345,33.50000001629538,0.3394830133699664,True,True,False,False,False,0.0,-1.6295381044528767e-08,chen2020_dfn
590.0,3.992354862251042,0.2788589162081342,3.73317026027729,33.502851556234646,3.801645793024345,33.50000001629538,0.3394830133699664,True,True,False,False,False,0.0,-1.6295381044528767e-08,chen2020_dfn
595.0,3.992354862251042,0.2799679036698707,3.73452542878063,33.50726362381954,3.801645793024345,33.50000001629538,0.3394830133699664,True,True,False,False,False,0.0,-1.6295381044528767e-08,chen2020_dfn
600.0,3.4971443078443167,0.28093933264427184,3.724627594562176,33.50074317400242,3.806057356938613,33.50000000110073,0.3448135437014532,True,True,False,False,True,0.9864133999999467,-1.1007301736754016e-09,chen2020_dfn
605.0,3.4971443078443167,0.2819107616186731,3.724601131527188,33.4940355621892,3.806057356938613,33.50000000110073,0.3448135437014532,True,True,False,False,False,0.0,-1.1007301736754016e-09,chen2020_dfn
610.0,3.4971443078443167,0.2828821905930743,3.724802343868432,33.48718569695143,3.806057356938613,33.50000000110073,0.3448135437014532,True,True,False,False,False,0.0,-1.1007301736754016e-09,chen2020_dfn
615.0,3.4971443078443167,0.28385361956747546,3.725151804910298,33.48022320844194,3.806057356938613,33.50000000110073,0.3448135437014532,True,True,False,False,False,0.0,-1.1007301736754016e-09,chen2020_dfn
620.0,3.4971443078443167,0.2848250485418767,3.725608187761951,33.47317041364471,3.806057356938613,33.50000000110073,0.3448135437014532,True,True,False,False,False,0.0,-1.1007301736754016e-09,chen2020_dfn
625.0,4.115117129291912,0.28596813663334664,3.739998277119607,33.47966133121986,3.8105766820185853,33.50000000287131,0.35020767959235294,True,True,False,False,True,1.2697595999998157,-2.8713103006339225e-09,chen2020_dfn
630.0,4.115117129291912,0.28711122472481665,3.7422020202153097,33.48634443522701,3.8105766820185853,33.50000000287131,0.35020767959235294,True,True,False,False,False,0.0,-2.8713103006339225e-09,chen2020_dfn
635.0,4.115117129291912,0.2882543128162866,3.744134395838193,33.49315660351414,3.8105766820185853,33.50000000287131,0.35020767959235294,True,True,False,False,False,0.0,-2.8713103006339225e-09,chen2020_dfn
640.0,4.115117129291912,0.28939740090775656,3.7458902493185575,33.50005501134257,3.8105766820185853,33.50000000287131,0.35020767959235294,True,True,False,False,False,0.0,-2.8713103006339225e-09,chen2020_dfn
645.0,4.115117129291912,0.2905404889992266,3.7475194095832816,33.50700638853726,3.8105766820185853,33.50000000287131,0.35020767959235294,True,True,False,False,False,0.0,-2.8713103006339225e-09,chen2020_dfn
650.0,3.5250158054309977,0.2915196600562907,3.735831184700796,33.500840515319624,3.8150865431997416,33.500000000934776,0.35552347667377326,True,True,False,False,True,1.0673311999998987,-9.347758123112726e-10,chen2020_dfn
655.0,3.5250158054309977,0.29249883111335495,3.735756039869383,33.49446618063973,3.8150865431997416,33.500000000934776,0.35552347667377326,True,True,False,False,False,0.0,-9.347758123112726e-10,chen2020_dfn
660.0,3.5250158054309977,0.2934780021704191,3.735934928015417,33.48793294079525,3.8150865431997416,33.500000000934776,0.35552347667377326,True,True,False,False,False,0.0,-9.347758123112726e-10,chen2020_dfn
665.0,3.5250158054309977,0.2944571732274832,3.7362757914988993,33.481272931875424,3.8150865431997416,33.500000000934776,0.35552347667377326,True,True,False,False,False,0.0,-9.347758123112726e-10,chen2020_dfn
670.0,3.5250158054309977,0.29543634428454746,3.736731449701628,33.474510237435936,3.8150865431997416,33.500000000934776,0.35552347667377326,True,True,False,False,False,0.0,-9.347758123112726e-10,chen2020_dfn
675.0,4.12436460299881,0.2965820011187138,3.7506493084241788,33.48085672130367,3.8194997437605194,33.500000007485376,0.3609164394196442,True,True,False,False,True,1.2620790000000852,-7.485375874694e-09,chen2020_dfn
680.0,4.12436460299881,0.2977276579528801,3.752811426277643,33.487374621006495,3.8194997437605194,33.500000007485376,0.3609164394196442,True,True,False,False,False,0.0,-7.485375874694e-09,chen2020_dfn
685.0,4.12436460299881,0.29887331478704643,3.7547116991337504,33.49400462536141,3.8194997437605194,33.500000007485376,0.3609164394196442,True,True,False,False,False,0.0,-7.485375874694e-09,chen2020_dfn
690.0,4.12436460299881,0.30001897162121277,3.756441993649129,33.50070668232996,3.8194997437605194,33.500000007485376,0.3609164394196442,True,True,False,False,False,0.0,-7.485375874694e-09,chen2020_dfn
695.0,4.12436460299881,0.3011646284553791,3.7580503469174893,33.507449863311194,3.8194997437605194,33.500000007485376,0.3609164394196442,True,True,False,False,False,0.0,-7.485375874694e-09,chen2020_dfn
700.0,3.516389395263124,0.3021414032873967,3.745988164481596,33.500733060065784,3.8239405714874763,33.50000000663107,0.36623320379566654,True,True,False,False,True,0.9106745000008232,-6.631069027207559e-09,chen2020_dfn
705.0,3.516389395263124,0.3031181781194142,3.745853426906822,33.49379744676861,3.8239405714874763,33.50000000663107,0.36623320379566654,True,True,False,False,False,0.0,-6.631069027207559e-09,chen2020_dfn
710.0,3.516389395263124,0.30409495295143174,3.745984783481397,33.48669522891197,3.8239405714874763,33.50000000663107,0.36623320379566654,True,True,False,False,False,0.0,-6.631069027207559e-09,chen2020_dfn
715.0,3.516389395263124,0.30507172778344926,3.7462860747132005,33.479460546343375,3.8239405714874763,33.50000000663107,0.36623320379566654,True,True,False,False,False,0.0,-6.631069027207559e-09,chen2020_dfn
720.0,3.516389395263124,0.3060485026154668,3.746707709465172,33.47211909010241,3.8239405714874763,33.50000000663107,0.36623320379566654,True,True,False,False,False,0.0,-6.631069027207559e-09,chen2020_dfn
725.0,4.151188555846962,0.30720161054764655,3.761325513616481,33.47860677128136,3.828555309389869,33.500000005834934,0.3716343279729291,True,True,False,False,True,1.2627169999996113,-5.834934313497797e-09,chen2020_dfn
730.0,4.151188555846962,0.3083547184798263,3.7635504146189778,33.485277843024505,3.828555309389869,33.500000005834934,0.3716343279729291,True,True,False,False,False,0.0,-5.834934313497797e-09,chen2020_dfn
735.0,4.151188555846962,0.309507826412006,3.765497383217146,33.49206979428965,3.828555309389869,33.500000005834934,0.3716343279729291,True,True,False,False,False,0.0,-5.834934313497797e-09,chen2020_dfn
740.0,4.151188555846962,0.31066093434418574,3.7672637303280982,33.498940580273825,3.828555309389869,33.500000005834934,0.3716343279729291,True,True,False,False,False,0.0,-5.834934313497797e-09,chen2020_dfn
745.0,4.151188555846962,0.31181404227636544,3.768900580378337,33.50585780453082,3.828555309389869,33.500000005834934,0.3716343279729291,True,True,False,False,False,0.0,-5.834934313497797e-09,chen2020_dfn
750.0,3.6052884503577896,0.31281551129035357,3.7583589454496353,33.50064415735966,3.8328553301247097,33.50000000050053,0.37697058325896093,True,True,False,False,True,1.2723995000014838,-5.005276193514874e-10,chen2020_dfn
755.0,3.6052884503577896,0.31381698030434185,3.7584032425622502,33.49523019542579,3.8328553301247097,33.50000000050053,0.37697058325896093,True,True,False,False,False,0.0,-5.005276193514874e-10,chen2020_dfn
760.0,3.6052884503577896,0.31481844931833014,3.758677114367106,33.48966209151314,3.8328553301247097,33.50000000050053,0.37697058325896093,True,True,False,False,False,0.0,-5.005276193514874e-10,chen2020_dfn
765.0,3.6052884503577896,0.3158199183323184,3.7590959255266805,33.48396974403062,3.8328553301247097,33.50000000050053,0.37697058325896093,True,True,False,False,False,0.0,-5.005276193514874e-10,chen2020_dfn
770.0,3.6052884503577896,0.3168213873463067,3.7596165053971258,33.47817552300734,3.8328553301247097,33.50000000050053,0.37697058325896093,True,True,False,False,False,0.0,-5.005276193514874e-10,chen2020_dfn
775.0,4.120611756144009,0.31796600172301337,3.7715923749126405,33.483610054597364,3.8373964144138344,33.50000000137059,0.3823785034174094,True,True,False,False,True,1.2103865000008227,-1.37058719928973e-09,chen2020_dfn
780.0,4.120611756144009,0.31911061609972,3.773581884123635,33.48917992944922,3.8373964144138344,33.50000000137059,0.3823785034174094,True,True,False,False,False,0.0,-1.37058719928973e-09,chen2020_dfn
785.0,4.120611756144009,0.3202552304764267,3.775346275542126,33.494834916881814,3.8373964144138344,33.50000000137059,0.3823785034174094,True,True,False,False,False,0.0,-1.37058719928973e-09,chen2020_dfn
790.0,4.120611756144009,0.32139984485313333,3.776964704060507,33.50054166748481,3.8373964144138344,33.50000000137059,0.3823785034174094,True,True,False,False,False,0.0,-1.37058719928973e-09,chen2020_dfn
795.0,4.120611756144009,0.32254445922984,3.7784785865204986,33.506274808595606,3.8373964144138344,33.50000000137059,0.3823785034174094,True,True,False,False,False,0.0,-1.37058719928973e-09,chen2020_dfn
800.0,3.591263016062811,0.32354203228985745,3.76821887234303,33.500336587952916,3.841843987251179,33.500000013470526,0.38773243682428277,True,True,False,False,True,1.2253225000004022,-1.347052602795884e-08,chen2020_dfn
805.0,3.591263016062811,0.3245396053498749,3.76821583948328,33.49419774737464,3.841843987251179,33.500000013470526,0.38773243682428277,True,True,False,False,False,0.0,-1.347052602795884e-08,chen2020_dfn
810.0,3.591263016062811,0.3255371784098924,3.7684447819748517,33.48790588571194,3.841843987251179,33.500000013470526,0.38773243682428277,True,True,False,False,False,0.0,-1.347052602795884e-08,chen2020_dfn
815.0,3.591263016062811,0.32653475146990985,3.7688218053092446,33.481492083171986,3.841843987251179,33.500000013470526,0.38773243682428277,True,True,False,False,False,0.0,-1.347052602795884e-08,chen2020_dfn
820.0,3.591263016062811,0.3275323245299273,3.769303530711857,33.474979679109595,3.841843987251179,33.500000013470526,0.38773243682428277,True,True,False,False,False,0.0,-1.347052602795884e-08,chen2020_dfn
825.0,4.143766487020648,0.32868337077632204,3.7820143981004737,33.48045513680205,3.84637780484941,33.50000000076335,0.3931560113857814,True,True,False,False,True,1.4627541999998357,-7.633502718817908e-10,chen2020_dfn
830.0,4.143766487020648,0.32983441702271676,3.7840697487299346,33.48608755193817,3.84637780484941,33.50000000076335,0.3931560113857814,True,True,False,False,False,0.0,-7.633502718817908e-10,chen2020_dfn
835.0,4.143766487020648,0.3309854632691114,3.7858833070891995,33.49182213855033,3.84637780484941,33.50000000076335,0.3931560113857814,True,True,False,False,False,0.0,-7.633502718817908e-10,chen2020_dfn
840.0,4.143766487020648,0.332136509515506,3.7875401014162255,33.49762281726231,3.84637780484941,33.50000000076335,0.3931560113857814,True,True,False,False,False,0.0,-7.633502718817908e-10,chen2020_dfn
845.0,4.143766487020648,0.33328755576190067,3.78908489881939,33.50346218104602,3.84637780484941,33.50000000076335,0.3931560113857814,True,True,False,False,False,0.0,-7.633502718817908e-10,chen2020_dfn
850.0,3.7337645654685883,0.3343247125856419,3.7815874194449224,33.5001990104098,3.8509364934183274,33.50000000000009,0.39854057087759365,True,True,False,False,True,0.9634726000003866,-9.237055564881302e-14,chen2020_dfn
855.0,3.7337645654685883,0.33536186940938323,3.7819098727854765,33.4967776066037,3.8509364934183274,33.50000000000009,0.39854057087759365,True,True,False,False,False,0.0,-9.237055564881302e-14,chen2020_dfn
860.0,3.7337645654685883,0.3363990262331245,3.7823980378376785,33.49323315322175,3.8509364934183274,33.50000000000009,0.39854057087759365,True,True,False,False,False,0.0,-9.237055564881302e-14,chen2020_dfn
865.0,3.7337645654685883,0.33743618305686585,3.7829898391441583,33.489587951516,3.8509364934183274,33.50000000000009,0.39854057087759365,True,True,False,False,False,0.0,-9.237055564881302e-14,chen2020_dfn
870.0,3.7337645654685883,0.3384733398806071,3.7836538570725557,33.48585854130471,3.8509364934183274,33.50000000000009,0.39854057087759365,True,True,False,False,False,0.0,-9.237055564881302e-14,chen2020_dfn
875.0,4.05255617216231,0.33959904992842993,3.791347107465121,33.48903876122699,3.8555627386919586,33.50000000281563,0.4039731159396572,True,True,False,False,True,1.110187500000393,-2.815632171859761e-09,chen2020_dfn
880.0,4.05255617216231,0.34072475997625273,3.7929395356006275,33.49228579988966,3.8555627386919586,33.50000000281563,0.4039731159396572,True,True,False,False,False,0.0,-2.815632171859761e-09,chen2020_dfn
885.0,4.05255617216231,0.34185047002407565,3.794396301621972,33.49556930855664,3.8555627386919586,33.50000000281563,0.4039731159396572,True,True,False,False,False,0.0,-2.815632171859761e-09,chen2020_dfn
890.0,4.05255617216231,0.3429761800718985,3.7957650674276913,33.49887054391286,3.8555627386919586,33.50000000281563,0.4039731159396572,True,True,False,False,False,0.0,-2.815632171859761e-09,chen2020_dfn
895.0,4.05255617216231,0.34410189011972137,3.797071892113599,33.50217499467192,3.8555627386919586,33.50000000281563,0.4039731159396572,True,True,False,False,False,0.0,-2.815632171859761e-09,chen2020_dfn
900.0,3.8037167865216923,0.34515847811597733,3.792906044041691,33.49997731334855,3.860047454732349,33.50000000982758,0.4093883238499572,True,True,False,False,True,0.9160250999993877,-9.827580527144164e-09,chen2020_dfn
905.0,3.8037167865216923,0.3462150661122334,3.793474434367911,33.49766616632843,3.860047454732349,33.50000000982758,0.4093883238499572,True,True,False,False,False,0.0,-9.827580527144164e-09,chen2020_dfn
910.0,3.8037167865216923,0.34727165410848937,3.794146400592965,33.49526476659446,3.860047454732349,33.50000000982758,0.4093883238499572,True,True,False,False,False,0.0,-9.827580527144164e-09,chen2020_dfn
915.0,3.8037167865216923,0.34832824210474544,3.7948846717982767,33.49278750176086,3.860047454732349,33.50000000982758,0.4093883238499572,True,True,False,False,False,0.0,-9.827580527144164e-09,chen2020_dfn
920.0,3.8037167865216923,0.34938483010100146,3.795669046787739,33.49024568325052,3.860047454732349,33.50000000982758,0.4093883238499572,True,True,False,False,False,0.0,-9.827580527144164e-09,chen2020_dfn
925.0,4.011240929669841,0.35049906369257644,3.801013167815638,33.49218718198199,3.8646075548831424,33.50000000003923,0.4148334846426886,True,True,False,False,True,1.1039361999992252,-3.922906444131513e-11,chen2020_dfn
930.0,4.011240929669841,0.35161329728415147,3.8024075736857137,33.49416333036231,3.8646075548831424,33.50000000003923,0.4148334846426886,True,True,False,False,False,0.0,-3.922906444131513e-11,chen2020_dfn
935.0,4.011240929669841,0.3527275308757264,3.8037131794137955,33.496154587299486,3.8646075548831424,33.50000000003923,0.4148334846426886,True,True,False,False,False,0.0,-3.922906444131513e-11,chen2020_dfn
940.0,4.011240929669841,0.3538417644673014,3.80496140814926,33.498149000328795,3.8646075548831424,33.50000000003923,0.4148334846426886,True,True,False,False,False,0.0,-3.922906444131513e-11,chen2020_dfn
945.0,4.011240929669841,0.35495599805887634,3.806169523215242,33.50013742786933,3.8646075548831424,33.50000000003923,0.4148334846426886,True,True,False,False,False,0.0,-3.922906444131513e-11,chen2020_dfn
950.0,3.905428678317078,0.3560408393584089,3.8050512752154724,33.49977692136292,3.8691376354604583,33.500000000944254,0.4202742322817694,True,True,False,False,True,0.31484869999985676,-9.442544524063123e-10,chen2020_dfn
955.0,3.905428678317078,0.35712568065794137,3.8059241029055677,33.49935566015205,3.8691376354604583,33.500000000944254,0.4202742322817694,True,True,False,False,False,0.0,-9.442544524063123e-10,chen2020_dfn
960.0,3.905428678317078,0.35821052195747394,3.8068359654026773,33.498881937744045,3.8691376354604583,33.500000000944254,0.4202742322817694,True,True,False,False,False,0.0,-9.442544524063123e-10,chen2020_dfn
965.0,3.905428678317078,0.3592953632570065,3.8077716933072123,33.498361143279965,3.8691376354604583,33.500000000944254,0.4202742322817694,True,True,False,False,False,0.0,-9.442544524063123e-10,chen2020_dfn
970.0,3.905428678317078,0.3603802045565391,3.808723701933279,33.497797396460726,3.8691376354604583,33.500000000944254,0.4202742322817694,True,True,False,False,False,0.0,-9.442544524063123e-10,chen2020_dfn
975.0,3.9382031446815513,0.3614741498745062,3.810399035921605,33.49790882481244,3.8736696820233836,33.500000000061,0.42573110299599176,True,True,False,False,True,0.5159942999998748,-6.10000938650046e-11,chen2020_dfn
980.0,3.9382031446815513,0.36256809519247324,3.8114611549079935,33.49799853239273,3.8736696820233836,33.500000000061,0.42573110299599176,True,True,False,False,False,0.0,-6.10000938650046e-11,chen2020_dfn
985.0,3.9382031446815513,0.3636620405104404,3.8125122976564763,33.49806299956401,3.8736696820233836,33.500000000061,0.42573110299599176,True,True,False,False,False,0.0,-6.10000938650046e-11,chen2020_dfn
990.0,3.9382031446815513,0.3647559858284075,3.813557461375304,33.49810154113885,3.8736696820233836,33.500000000061,0.42573110299599176,True,True,False,False,False,0.0,-6.10000938650046e-11,chen2020_dfn
995.0,3.9382031446815513,0.36584993114637454,3.814598991550389,33.49811387260985,3.8736696820233836,33.500000000061,0.42573110299599176,True,True,False,False,False,0.0,-6.10000938650046e-11,chen2020_dfn
1000.0,3.9341815256520247,0.3669427593479446,3.8155510134202366,33.498007470300195,3.878206286720546,33.500000000245294,0.43119336431022565,True,True,False,False,True,0.10240489999887359,-2.452935632391018e-10,chen2020_dfn
1005.0,3.9341815256520247,0.3680355875495146,3.8165778245508992,33.497877674449114,3.878206286720546,33.500000000245294,0.43119336431022565,True,True,False,False,False,0.0,-2.452935632391018e-10,chen2020_dfn
1010.0,3.9341815256520247,0.36912841575108457,3.817606117603317,33.497720663680866,3.878206286720546,33.500000000245294,0.43119336431022565,True,True,False,False,False,0.0,-2.452935632391018e-10,chen2020_dfn
1015.0,3.9341815256520247,0.37022124395265466,3.8186355252139554,33.497537021567496,3.878206286720546,33.500000000245294,0.43119336431022565,True,True,False,False,False,0.0,-2.452935632391018e-10,chen2020_dfn
1020.0,3.9341815256520247,0.3713140721542245,3.8196659679261273,33.49732730868527,3.878206286720546,33.500000000245294,0.43119336431022565,True,True,False,False,False,0.0,-2.452935632391018e-10,chen2020_dfn
1025.0,3.940681247480013,0.37240870583408014,3.8208377006610243,33.4972305019686,3.882741469643962,33.50000000258735,0.4366635533870246,True,True,False,False,True,0.2901457999996637,-2.587349001714756e-09,chen2020_dfn
1030.0,3.940681247480013,0.37350333951393566,3.8218883808892117,33.49711487884127,3.882741469643962,33.50000000258735,0.4366635533870246,True,True,False,False,False,0.0,-2.587349001714756e-09,chen2020_dfn
1035.0,3.940681247480013,0.3745979731937913,3.822936435740517,33.4969766938126,3.882741469643962,33.50000000258735,0.4366635533870246,True,True,False,False,False,0.0,-2.587349001714756e-09,chen2020_dfn
1040.0,3.940681247480013,0.3756926068736468,3.823983232330236,33.496815936190785,3.882741469643962,33.50000000258735,0.4366635533870246,True,True,False,False,False,0.0,-2.587349001714756e-09,chen2020_dfn
1045.0,3.940681247480013,0.37678724055350243,3.82502949228084,33.49663273201929,3.882741469643962,33.50000000258735,0.4366635533870246,True,True,False,False,False,0.0,-2.587349001714756e-09,chen2020_dfn
1050.0,3.945740359617655,0.37788327954228507,3.826184613705443,33.496534538059905,3.8872798327187015,33.500000003223946,0.44214034721487766,True,True,False,False,True,0.30138850000003004,-3.2239455549643026e-09,chen2020_dfn
1055.0,3.945740359617655,0.3789793185310677,3.8272452979501703,33.49641954663815,3.8872798327187015,33.500000003223946,0.44214034721487766,True,True,False,False,False,0.0,-3.2239455549643026e-09,chen2020_dfn
1060.0,3.945740359617655,0.38007535751985033,3.8283035243050225,33.496284335396865,3.8872798327187015,33.500000003223946,0.44214034721487766,True,True,False,False,False,0.0,-3.2239455549643026e-09,chen2020_dfn
1065.0,3.945740359617655,0.38117139650863296,3.8293605084431874,33.49612880934188,3.8872798327187015,33.500000003223946,0.44214034721487766,True,True,False,False,False,0.0,-3.2239455549643026e-09,chen2020_dfn
1070.0,3.945740359617655,0.3822674354974157,3.830416921452294,33.49595301024573,3.8872798327187015,33.500000003223946,0.44214034721487766,True,True,False,False,False,0.0,-3.2239455549643026e-09,chen2020_dfn
1075.0,3.9507289684774345,0.3833648602108817,3.8315805443926916,33.49586302064711,3.8918236457304043,33.500000004254346,0.4476234367968699,True,True,False,False,True,0.28414969999903406,-4.2543462086541695e-09,chen2020_dfn
1080.0,3.9507289684774345,0.38446228492434753,3.8326511600399424,33.49575791781871,3.8918236457304043,33.500000004254346,0.4476234367968699,True,True,False,False,False,0.0,-4.2543462086541695e-09,chen2020_dfn
1085.0,3.9507289684774345,0.3855597096378135,3.83371925705796,33.495634542574805,3.8918236457304043,33.500000004254346,0.4476234367968699,True,True,False,False,False,0.0,-4.2543462086541695e-09,chen2020_dfn
1090.0,3.9507289684774345,0.38665713435127946,3.8347860335431188,33.49549274496161,3.8918236457304043,33.500000004254346,0.4476234367968699,True,True,False,False,False,0.0,-4.2543462086541695e-09,chen2020_dfn
1095.0,3.9507289684774345,0.38775455906474543,3.8358521471826665,33.495332514868096,3.8918236457304043,33.500000004254346,0.4476234367968699,True,True,False,False,False,0.0,-4.2543462086541695e-09,chen2020_dfn
1100.0,3.9552378486196473,0.38885323624491763,3.837014969001129,33.49524960703428,3.8963762646598195,33.50000000424663,0.4531123988473034,True,True,False,False,True,0.27961990000039805,-4.246629714543815e-09,chen2020_dfn
1105.0,3.9552378486196473,0.3899519134250897,3.8380937896905984,33.49515290089636,3.8963762646598195,33.50000000424663,0.4531123988473034,True,True,False,False,False,0.0,-4.246629714543815e-09,chen2020_dfn
1110.0,3.9552378486196473,0.3910505906052618,3.839170218624287,33.495039492367255,3.8963762646598195,33.50000000424663,0.4531123988473034,True,True,False,False,False,0.0,-4.246629714543815e-09,chen2020_dfn
1115.0,3.9552378486196473,0.392149267785434,3.8402453460911583,33.494909230772464,3.8963762646598195,33.50000000424663,0.4531123988473034,True,True,False,False,False,0.0,-4.246629714543815e-09,chen2020_dfn
1120.0,3.9552378486196473,0.3932479449656061,3.8413197671810897,33.49476209675686,3.8963762646598195,33.50000000424663,0.4531123988473034,True,True,False,False,False,0.0,-4.246629714543815e-09,chen2020_dfn
1125.0,3.9592227672169704,0.39434772906761084,3.842479484838527,33.49468256576023,3.9009412850068013,33.500000004015774,0.4586068543252485,True,True,False,False,True,0.27899729999990086,-4.015774379695358e-09,chen2020_dfn
1130.0,3.9592227672169704,0.39544751316961557,3.843564970286266,33.49459035592133,3.9009412850068013,33.500000004015774,0.4586068543252485,True,True,False,False,False,0.0,-4.015774379695358e-09,chen2020_dfn
1135.0,3.9592227672169704,0.3965472972716203,3.844648199892257,33.49448280702097,3.9009412850068013,33.500000004015774,0.4586068543252485,True,True,False,False,False,0.0,-4.015774379695358e-09,chen2020_dfn
1140.0,3.9592227672169704,0.39764708137362503,3.8457301332445972,33.49435979266838,3.9009412850068013,33.500000004015774,0.4586068543252485,True,True,False,False,False,0.0,-4.015774379695358e-09,chen2020_dfn
1145.0,3.9592227672169704,0.39874686547562976,3.8468112879427343,33.49422130503041,3.9009412850068013,33.500000004015774,0.4586068543252485,True,True,False,False,False,0.0,-4.015774379695358e-09,chen2020_dfn
1150.0,3.9629481226536436,0.3998476843985891,3.84797199461632,33.494146327747444,3.9055220372164055,33.50000000404083,0.464106441431839,True,True,False,False,True,0.2839414999998553,-4.040828116558259e-09,chen2020_dfn
1155.0,3.9629481226536436,0.4009485033215484,3.84906321825775,33.49405977073417,3.9055220372164055,33.50000000404083,0.464106441431839,True,True,False,False,False,0.0,-4.040828116558259e-09,chen2020_dfn
1160.0,3.9629481226536436,0.40204932224450773,3.850152118684632,33.49395919723963,3.9055220372164055,33.50000000404083,0.464106441431839,True,True,False,False,False,0.0,-4.040828116558259e-09,chen2020_dfn
1165.0,3.9629481226536436,0.40315014116746717,3.8512395751222863,33.49384449320485,3.9055220372164055,33.50000000404083,0.464106441431839,True,True,False,False,False,0.0,-4.040828116558259e-09,chen2020_dfn
1170.0,3.9629481226536436,0.4042509600904265,3.852326053160092,33.4937156546718,3.9055220372164055,33.50000000404083,0.464106441431839,True,True,False,False,False,0.0,-4.040828116558259e-09,chen2020_dfn
1175.0,3.96638298010405,0.4053527331404554,3.8534855575051115,33.49364549129376,3.910121750365375,33.500000002560455,0.4696108032884666,True,True,False,False,True,0.24328960000093502,-2.5604549591662362e-09,chen2020_dfn
1180.0,3.96638298010405,0.4064545061904843,3.8545807895919637,33.49356477687081,3.910121750365375,33.500000002560455,0.4696108032884666,True,True,False,False,False,0.0,-2.5604549591662362e-09,chen2020_dfn
1185.0,3.96638298010405,0.4075562792405132,3.8556735621392892,33.493471287127704,3.910121750365375,33.500000002560455,0.4696108032884666,True,True,False,False,False,0.0,-2.5604549591662362e-09,chen2020_dfn
1190.0,3.96638298010405,0.4086580522905421,3.8567646738908414,33.493364921785485,3.910121750365375,33.500000002560455,0.4696108032884666,True,True,False,False,False,0.0,-2.5604549591662362e-09,chen2020_dfn
1195.0,3.96638298010405,0.40975982534057087,3.857854540997738,33.4932456823816,3.910121750365375,33.500000002560455,0.4696108032884666,True,True,False,False,False,0.0,-2.5604549591662362e-09,chen2020_dfn
1200.0,3.9693026533340343,0.41086240941094143,3.8590060164968163,33.49317529973081,3.9147451602756385,33.50000000159889,0.47511959470117593,True,True,False,False,True,0.2016616000000795,-1.5988916857168078e-09,chen2020_dfn
1205.0,3.9693026533340343,0.4119649934813121,3.8601025312771897,33.493095256275865,3.9147451602756385,33.50000000159889,0.47511959470117593,True,True,False,False,False,0.0,-1.5988916857168078e-09,chen2020_dfn
1210.0,3.9693026533340343,0.41306757755168255,3.86119653514584,33.4930035406735,3.9147451602756385,33.50000000159889,0.47511959470117593,True,True,False,False,False,0.0,-1.5988916857168078e-09,chen2020_dfn
1215.0,3.9693026533340343,0.4141701616220532,3.8622887021937378,33.49290008914636,3.9147451602756385,33.50000000159889,0.47511959470117593,True,True,False,False,False,0.0,-1.5988916857168078e-09,chen2020_dfn
1220.0,3.9693026533340343,0.4152727456924237,3.863379378635978,33.492784926723516,3.9147451602756385,33.50000000159889,0.47511959470117593,True,True,False,False,False,0.0,-1.5988916857168078e-09,chen2020_dfn
1225.0,3.9723851918801367,0.41637618602350157,3.8645348315553774,33.49272351287385,3.9193934972682865,33.50000000089988,0.4806324905895325,True,True,False,False,True,0.20296459999917715,-8.998810585580941e-10,chen2020_dfn
1230.0,3.9723851918801367,0.41747962635457925,3.8656320115017593,33.492653497965534,3.9193934972682865,33.50000000089988,0.4806324905895325,True,True,False,False,False,0.0,-8.998810585580941e-10,chen2020_dfn
1235.0,3.9723851918801367,0.41858306668565715,3.866726227604664,33.492573054235095,3.9193934972682865,33.50000000089988,0.4806324905895325,True,True,False,False,False,0.0,-8.998810585580941e-10,chen2020_dfn
1240.0,3.9723851918801367,0.41968650701673504,3.8678181720774543,33.49248210494284,3.9193934972682865,33.50000000089988,0.4806324905895325,True,True,False,False,False,0.0,-8.998810585580941e-10,chen2020_dfn
1245.0,3.9723851918801367,0.42078994734781283,3.868908196710482,33.49238066308072,3.9193934972682865,33.50000000089988,0.4806324905895325,True,True,False,False,False,0.0,-8.998810585580941e-10,chen2020_dfn
1250.0,3.975101406334226,0.42189414218290566,3.870054645643712,33.492326354263525,3.924070973614932,33.50000000055707,0.4861491566725069,True,True,False,False,True,0.203007099999013,-5.570726102632761e-10,chen2020_dfn
1255.0,3.975101406334226,0.4229983370179985,3.8711492512152086,33.492264328912995,3.924070973614932,33.50000000055707,0.4861491566725069,True,True,False,False,False,0.0,-5.570726102632761e-10,chen2020_dfn
1260.0,3.975101406334226,0.4241025318530913,3.8722406879927815,33.492192953725635,3.924070973614932,33.50000000055707,0.4861491566725069,True,True,False,False,False,0.0,-5.570726102632761e-10,chen2020_dfn
1265.0,3.975101406334226,0.42520672668818416,3.8733295747256715,33.492112173449925,3.924070973614932,33.50000000055707,0.4861491566725069,True,True,False,False,False,0.0,-5.570726102632761e-10,chen2020_dfn
1270.0,3.975101406334226,0.426310921523277,3.8744162283291455,33.492022015251735,3.924070973614932,33.50000000055707,0.4861491566725069,True,True,False,False,False,0.0,-5.570726102632761e-10,chen2020_dfn
1275.0,3.9772870116999215,0.42741572347097134,3.8755475484305144,33.4919687088539,3.928782629220501,33.50000000777049,0.4916692776899385,True,True,False,False,True,0.19959349999953702,-7.770488252845098e-09,chen2020_dfn
1280.0,3.9772870116999215,0.4285205254186657,3.8766365566822674,33.491908463893594,3.928782629220501,33.50000000777049,0.4916692776899385,True,True,False,False,False,0.0,-7.770488252845098e-09,chen2020_dfn
1285.0,3.9772870116999215,0.42962532736636017,3.877722375305843,33.491839853369584,3.928782629220501,33.50000000777049,0.4916692776899385,True,True,False,False,False,0.0,-7.770488252845098e-09,chen2020_dfn
1290.0,3.9772870116999215,0.4307301293140545,3.878805512768284,33.49176287374536,3.928782629220501,33.50000000777049,0.4916692776899385,True,True,False,False,False,0.0,-7.770488252845098e-09,chen2020_dfn
1295.0,3.9772870116999215,0.4318349312617489,3.8798862339215394,33.491677591755774,3.928782629220501,33.50000000777049,0.4916692776899385,True,True,False,False,False,0.0,-7.770488252845098e-09,chen2020_dfn
1300.0,3.9794859931087396,0.4329403440376124,3.8810116572258604,33.49163072761951,3.9335300722012017,33.50000000630252,0.49719253962874904,True,True,False,False,True,0.20054410000011558,-6.302521171619446e-09,chen2020_dfn
1305.0,3.9794859931087396,0.4340457568134759,3.8820943121724873,33.49157789004249,3.9335300722012017,33.50000000630252,0.49719253962874904,True,True,False,False,False,0.0,-6.302521171619446e-09,chen2020_dfn
1310.0,3.9794859931087396,0.4351511695893395,3.883173548326507,33.491517852669176,3.9335300722012017,33.50000000630252,0.49719253962874904,True,True,False,False,False,0.0,-6.302521171619446e-09,chen2020_dfn
1315.0,3.9794859931087396,0.43625658236520304,3.8842498805628205,33.49145063276387,3.9335300722012017,33.50000000630252,0.49719253962874904,True,True,False,False,False,0.0,-6.302521171619446e-09,chen2020_dfn
1320.0,3.9794859931087396,0.43736199514106666,3.8853235841953824,33.49137631683999,3.9335300722012017,33.50000000630252,0.49719253962874904,True,True,False,False,False,0.0,-6.302521171619446e-09,chen2020_dfn
1325.0,3.9804267685614754,0.4384676692434448,3.886414850936921,33.49131441948015,3.938315079177934,33.50000000050376,0.5027185924964794,True,True,False,False,True,0.08224169999994047,-5.037605887991958e-10,chen2020_dfn
1330.0,3.9804267685614754,0.439573343345823,3.8874864728181024,33.49124717390322,3.938315079177934,33.50000000050376,0.5027185924964794,True,True,False,False,False,0.0,-5.037605887991958e-10,chen2020_dfn
1335.0,3.9804267685614754,0.44067901744820115,3.8885552769255183,33.49117362226815,3.938315079177934,33.50000000050376,0.5027185924964794,True,True,False,False,False,0.0,-5.037605887991958e-10,chen2020_dfn
1340.0,3.9804267685614754,0.4417846915505794,3.889621532415135,33.49109391486547,3.938315079177934,33.50000000050376,0.5027185924964794,True,True,False,False,False,0.0,-5.037605887991958e-10,chen2020_dfn
1345.0,3.9804267685614754,0.4428903656529576,3.8906853995949415,33.491008245259536,3.938315079177934,33.50000000050376,0.5027185924964794,True,True,False,False,False,0.0,-5.037605887991958e-10,chen2020_dfn
1350.0,3.984099166959165,0.4439970598660018,3.8918253073640052,33.49099593081178,3.9430873239127218,33.50000000425572,0.5082471196683414,True,True,False,False,True,0.2822792999995727,-4.2557175561341865e-09,chen2020_dfn
1355.0,3.984099166959165,0.445103754079046,3.8928951759789876,33.49098030355066,3.9430873239127218,33.50000000425572,0.5082471196683414,True,True,False,False,False,0.0,-4.2557175561341865e-09,chen2020_dfn
1360.0,3.984099166959165,0.4462104482920902,3.893960727943745,33.49096057122114,3.9430873239127218,33.50000000425572,0.5082471196683414,True,True,False,False,False,0.0,-4.2557175561341865e-09,chen2020_dfn
1365.0,3.984099166959165,0.44731714250513444,3.8950228042798805,33.49093671280485,3.9430873239127218,33.50000000425572,0.5082471196683414,True,True,False,False,False,0.0,-4.2557175561341865e-09,chen2020_dfn
1370.0,3.984099166959165,0.44842383671817865,3.896081865892323,33.49090880782876,3.9430873239127218,33.50000000425572,0.5082471196683414,True,True,False,False,False,0.0,-4.2557175561341865e-09,chen2020_dfn
1375.0,3.9840554961873873,0.4495305188004529,3.8971372802364925,33.4908760549294,3.947868846297317,33.500000004054876,0.5137776976014601,True,True,False,False,True,0.08214570000018284,-4.0548755464442365e-09,chen2020_dfn
1380.0,3.9840554961873873,0.4506372008827272,3.8981910238943414,33.49083958565939,3.947868846297317,33.500000004054876,0.5137776976014601,True,True,False,False,False,0.0,-4.0548755464442365e-09,chen2020_dfn
1385.0,3.9840554961873873,0.45174388296500156,3.8992424768934697,33.49079965493735,3.947868846297317,33.500000004054876,0.5137776976014601,True,True,False,False,False,0.0,-4.0548755464442365e-09,chen2020_dfn
1390.0,3.9840554961873873,0.45285056504727583,3.9002917730484006,33.490756556468455,3.947868846297317,33.500000004054876,0.5137776976014601,True,True,False,False,False,0.0,-4.0548755464442365e-09,chen2020_dfn
1395.0,3.9840554961873873,0.4539572471295501,3.9013390275559265,33.49071061978492,3.947868846297317,33.500000004054876,0.5137776976014601,True,True,False,False,False,0.0,-4.0548755464442365e-09,chen2020_dfn
1400.0,3.9845636329243517,0.455064070360918,3.902395135516784,33.490672915219136,3.952652128840652,33.50000000650307,0.5193099668058396,True,True,False,False,True,0.08098389999940991,-6.5030718587877345e-09,chen2020_dfn
1405.0,3.9845636329243517,0.4561708935922859,3.9034400236842295,33.490633682959185,3.952652128840652,33.50000000650307,0.5193099668058396,True,True,False,False,False,0.0,-6.5030718587877345e-09,chen2020_dfn
1410.0,3.9845636329243517,0.4572777168236537,3.9044828364924147,33.49059293508947,3.952652128840652,33.50000000650307,0.5193099668058396,True,True,False,False,False,0.0,-6.5030718587877345e-09,chen2020_dfn
1415.0,3.9845636329243517,0.4583845400550216,3.905523751060552,33.49055107434191,3.952652128840652,33.50000000650307,0.5193099668058396,True,True,False,False,False,0.0,-6.5030718587877345e-09,chen2020_dfn
1420.0,3.9845636329243517,0.4594913632863895,3.9065628831039665,33.4905085381651,3.952652128840652,33.50000000650307,0.5193099668058396,True,True,False,False,False,0.0,-6.5030718587877345e-09,chen2020_dfn
1425.0,3.9864235984104464,0.460598703174837,3.9076398509865444,33.49050634001492,3.957435554189303,33.50000000693812,0.5248433719627442,True,True,False,False,True,0.1994433999989269,-6.938122965038929e-09,chen2020_dfn
1430.0,3.9864235984104464,0.46170604306328433,3.9086808529422292,33.49050506883833,3.957435554189303,33.50000000693812,0.5248433719627442,True,True,False,False,False,0.0,-6.938122965038929e-09,chen2020_dfn
1435.0,3.9864235984104464,0.4628133829517317,3.909719182997124,33.490505165398304,3.957435554189303,33.50000000693812,0.5248433719627442,True,True,False,False,False,0.0,-6.938122965038929e-09,chen2020_dfn
1440.0,3.9864235984104464,0.46392072284017905,3.9107552706667255,33.49050700870265,3.957435554189303,33.50000000693812,0.5248433719627442,True,True,False,False,False,0.0,-6.938122965038929e-09,chen2020_dfn
1445.0,3.9864235984104464,0.4650280627286263,3.9117893441351166,33.49051103914081,3.957435554189303,33.50000000693812,0.5248433719627442,True,True,False,False,False,0.0,-6.938122965038929e-09,chen2020_dfn
1450.0,3.9859557815645337,0.46613527266794974,3.912811546249005,33.49050804220144,3.9622359077425986,33.500000005566804,0.5303772851721578,True,True,False,False,True,0.08169079999970563,-5.566803906731366e-09,chen2020_dfn
1455.0,3.9859557815645337,0.4672424826072733,3.91384066904652,33.49050758920612,3.9622359077425986,33.500000005566804,0.5303772851721578,True,True,False,False,False,0.0,-5.566803906731366e-09,chen2020_dfn
1460.0,3.9859557815645337,0.46834969254659675,3.914868346839073,33.49051072466085,3.9622359077425986,33.500000005566804,0.5303772851721578,True,True,False,False,False,0.0,-5.566803906731366e-09,chen2020_dfn
1465.0,3.9859557815645337,0.4694569024859203,3.915894526049376,33.490518066440984,3.9622359077425986,33.500000005566804,0.5303772851721578,True,True,False,False,False,0.0,-5.566803906731366e-09,chen2020_dfn
1470.0,3.9859557815645337,0.47056411242524376,3.9169191808802193,33.49053024209388,3.9622359077425986,33.500000005566804,0.5303772851721578,True,True,False,False,False,0.0,-5.566803906731366e-09,chen2020_dfn
1475.0,3.9855200861902818,0.4716712013380744,3.917933003888683,33.490539368498105,3.967051533134281,33.500000006145775,0.5359110258557231,True,True,False,False,True,0.08070699999916542,-6.145775444110768e-09,chen2020_dfn
1480.0,3.9855200861902818,0.472778290250905,3.9189533343845793,33.49055349839131,3.967051533134281,33.500000006145775,0.5359110258557231,True,True,False,False,False,0.0,-6.145775444110768e-09,chen2020_dfn
1485.0,3.9855200861902818,0.47388537916373563,3.9199723311741437,33.490574254793444,3.967051533134281,33.500000006145775,0.5359110258557231,True,True,False,False,False,0.0,-6.145775444110768e-09,chen2020_dfn
1490.0,3.9855200861902818,0.47499246807656625,3.9209898841395843,33.490602335559686,3.967051533134281,33.500000006145775,0.5359110258557231,True,True,False,False,False,0.0,-6.145775444110768e-09,chen2020_dfn
1495.0,3.9855200861902818,0.4760995569893969,3.9220059224366532,33.490638429939736,3.967051533134281,33.500000006145775,0.5359110258557231,True,True,False,False,False,0.0,-6.145775444110768e-09,chen2020_dfn
1500.0,3.9845243812205062,0.4772063693175137,3.922999208025929,33.49066300630608,3.9718858264180943,33.500000000098545,0.5414437277072108,True,True,False,False,True,0.09704599999895436,-9.85451720225683e-11,chen2020_dfn
1505.0,3.9845243812205062,0.4783131816456305,3.9240093132125224,33.4906951003793,3.9718858264180943,33.500000000098545,0.5414437277072108,True,True,False,False,False,0.0,-9.85451720225683e-11,chen2020_dfn
1510.0,3.9845243812205062,0.47941999397374735,3.92501833785905,33.49073690916401,3.9718858264180943,33.500000000098545,0.5414437277072108,True,True,False,False,False,0.0,-9.85451720225683e-11,chen2020_dfn
1515.0,3.9845243812205062,0.4805268063018642,3.926026045373365,33.49078918300904,3.9718858264180943,33.500000000098545,0.5414437277072108,True,True,False,False,False,0.0,-9.85451720225683e-11,chen2020_dfn
1520.0,3.9845243812205062,0.481633618629981,3.927032299391489,33.490852639808736,3.9718858264180943,33.500000000098545,0.5414437277072108,True,True,False,False,False,0.0,-9.85451720225683e-11,chen2020_dfn
1525.0,3.9829332597534046,0.48273998897991244,3.928003180891926,33.49089526036636,3.976744045044349,33.50000000013343,0.5469745065470486,True,True,False,False,True,0.08480819999931555,-1.3343282034838921e-10,chen2020_dfn
1530.0,3.9829332597534046,0.483846359329844,3.9290019057505754,33.49094783188781,3.976744045044349,33.50000000013343,0.5469745065470486,True,True,False,False,False,0.0,-1.3343282034838921e-10,chen2020_dfn
1535.0,3.9829332597534046,0.48495272967977543,3.929999868168058,33.491013082937,3.976744045044349,33.50000000013343,0.5469745065470486,True,True,False,False,False,0.0,-1.3343282034838921e-10,chen2020_dfn
1540.0,3.9829332597534046,0.486059100029707,3.9309967005467947,33.49109179168971,3.976744045044349,33.50000000013343,0.5469745065470486,True,True,False,False,False,0.0,-1.3343282034838921e-10,chen2020_dfn
1545.0,3.9829332597534046,0.4871654703796384,3.931992198877605,33.491184681540005,3.976744045044349,33.50000000013343,0.5469745065470486,True,True,False,False,False,0.0,-1.3343282034838921e-10,chen2020_dfn
1550.0,3.9802999776201897,0.48827110926231065,3.9329302723734374,33.49123740497498,3.9816303271507683,33.50000000044343,0.552502472274298,True,True,False,False,True,0.0837651999991067,-4.434284051058057e-10,chen2020_dfn
1555.0,3.9802999776201897,0.4893767481449829,3.9339155588374615,33.49130217087179,3.9816303271507683,33.50000000044343,0.552502472274298,True,True,False,False,False,0.0,-4.434284051058057e-10,chen2020_dfn
1560.0,3.9802999776201897,0.4904823870276551,3.9349007012156756,33.49138220202656,3.9816303271507683,33.50000000044343,0.552502472274298,True,True,False,False,False,0.0,-4.434284051058057e-10,chen2020_dfn
1565.0,3.9802999776201897,0.49158802591032746,3.9358851090303197,33.49147833006435,3.9816303271507683,33.50000000044343,0.552502472274298,True,True,False,False,False,0.0,-4.434284051058057e-10,chen2020_dfn
1570.0,3.9802999776201897,0.4926936647929997,3.9368684632329893,33.49159130026254,3.9816303271507683,33.50000000044343,0.552502472274298,True,True,False,False,False,0.0,-4.434284051058057e-10,chen2020_dfn
1575.0,3.9772002248257765,0.49379844263322914,3.9377846943212536,33.491656947243825,3.986548883406874,33.50000000033928,0.5580267623374888,True,True,False,False,True,0.0821338999994623,-3.3927705089809024e-10,chen2020_dfn
1580.0,3.9772002248257765,0.4949032204734586,3.93875697750376,33.49173667052867,3.986548883406874,33.50000000033928,0.5580267623374888,True,True,False,False,False,0.0,-3.3927705089809024e-10,chen2020_dfn
1585.0,3.9772002248257765,0.496007998313688,3.9397294987054385,33.49183411242848,3.986548883406874,33.50000000033928,0.5580267623374888,True,True,False,False,False,0.0,-3.3927705089809024e-10,chen2020_dfn
1590.0,3.9772002248257765,0.49711277615391736,3.9407015538076235,33.49195010830107,3.986548883406874,33.50000000033928,0.5580267623374888,True,True,False,False,False,0.0,-3.3927705089809024e-10,chen2020_dfn
1595.0,3.9772002248257765,0.4982175539941467,3.941672762818741,33.49208538627744,3.986548883406874,33.50000000033928,0.5580267623374888,True,True,False,False,False,0.0,-3.3927705089809024e-10,chen2020_dfn
1600.0,3.9734826999947574,0.4993212991885897,3.942563871813631,33.492162551862975,3.991503953872105,33.5000000004423,0.5635465651463848,True,True,False,False,True,0.0821897000005265,-4.4229864215594716e-10,chen2020_dfn
1605.0,3.9734826999947574,0.5004250443830327,3.9435227016405694,33.49225553238625,3.991503953872105,33.5000000004423,0.5635465651463848,True,True,False,False,False,0.0,-4.4229864215594716e-10,chen2020_dfn
1610.0,3.9734826999947574,0.5015287895774757,3.944482235385082,33.49236832497024,3.991503953872105,33.5000000004423,0.5635465651463848,True,True,False,False,False,0.0,-4.4229864215594716e-10,chen2020_dfn
1615.0,3.9734826999947574,0.5026325347719187,3.945441640482196,33.492501761877236,3.991503953872105,33.5000000004423,0.5635465651463848,True,True,False,False,False,0.0,-4.4229864215594716e-10,chen2020_dfn
1620.0,3.9734826999947574,0.5037362799663617,3.9464004722481567,33.49265654678368,3.991503953872105,33.5000000004423,0.5635465651463848,True,True,False,False,False,0.0,-4.4229864215594716e-10,chen2020_dfn
1625.0,3.969016436129519,0.5048387845319532,3.9472634833093654,33.49273909635713,3.996499765909149,33.50000000059119,0.5690611544426075,True,True,False,False,True,0.08304450000105135,-5.911928724344762e-10,chen2020_dfn
1630.0,3.969016436129519,0.5059412890975447,3.948208415788743,33.49283882772812,3.996499765909149,33.50000000059119,0.5690611544426075,True,True,False,False,False,0.0,-5.911928724344762e-10,chen2020_dfn
1635.0,3.969016436129519,0.5070437936631362,3.949154650523774,33.49296002928452,3.996499765909149,33.50000000059119,0.5690611544426075,True,True,False,False,False,0.0,-5.911928724344762e-10,chen2020_dfn
1640.0,3.969016436129519,0.5081462982287277,3.9501012008682492,33.49310354128835,3.996499765909149,33.50000000059119,0.5690611544426075,True,True,False,False,False,0.0,-5.911928724344762e-10,chen2020_dfn
1645.0,3.969016436129519,0.5092488027943192,3.951047542786161,33.49327005248341,3.996499765909149,33.50000000059119,0.5690611544426075,True,True,False,False,False,0.0,-5.911928724344762e-10,chen2020_dfn
1650.0,3.964317136536871,0.5103500019989129,3.9518933685537156,33.493361015766084,4.001540724653289,33.500000000566004,0.5745698839124845,True,True,False,False,True,0.08255129999997735,-5.660041324517806e-10,chen2020_dfn
1655.0,3.964317136536871,0.5114512012035064,3.9528258275844186,33.49347039196124,4.001540724653289,33.500000000566004,0.5745698839124845,True,True,False,False,False,0.0,-5.660041324517806e-10,chen2020_dfn
1660.0,3.964317136536871,0.5125524004081,3.9537599606484877,33.493602682128085,4.001540724653289,33.500000000566004,0.5745698839124845,True,True,False,False,False,0.0,-5.660041324517806e-10,chen2020_dfn
1665.0,3.964317136536871,0.5136535996126936,3.9546947234220386,33.49375869684644,4.001540724653289,33.500000000566004,0.5745698839124845,True,True,False,False,False,0.0,-5.660041324517806e-10,chen2020_dfn
1670.0,3.964317136536871,0.5147547988172871,3.955629558328714,33.49393908416721,4.001540724653289,33.500000000566004,0.5745698839124845,True,True,False,False,False,0.0,-5.660041324517806e-10,chen2020_dfn
1675.0,3.959201050286379,0.5158545768868111,3.956455180330689,33.49403623207172,4.006628687798345,33.50000000170346,0.5800722076685331,True,True,False,False,True,0.12444789999972272,-1.7034622601386218e-09,chen2020_dfn
1680.0,3.959201050286379,0.5169543549563351,3.95737556248105,33.49415268669691,4.006628687798345,33.50000000170346,0.5800722076685331,True,True,False,False,False,0.0,-1.7034622601386218e-09,chen2020_dfn
1685.0,3.959201050286379,0.5180541330258591,3.9582980660979707,33.49429311651954,4.006628687798345,33.50000000170346,0.5800722076685331,True,True,False,False,False,0.0,-1.7034622601386218e-09,chen2020_dfn
1690.0,3.959201050286379,0.5191539110953831,3.959221563594656,33.494458312333165,4.006628687798345,33.50000000170346,0.5800722076685331,True,True,False,False,False,0.0,-1.7034622601386218e-09,chen2020_dfn
1695.0,3.959201050286379,0.520253689164907,3.960145453910742,33.494648889284406,4.006628687798345,33.50000000170346,0.5800722076685331,True,True,False,False,False,0.0,-1.7034622601386218e-09,chen2020_dfn
1700.0,3.953885337346718,0.5213519906475034,3.960956071148683,33.494752881509044,4.01177297612915,33.500000000500705,0.5855676742822971,True,True,False,False,True,0.08167180000054941,-5.007052550354274e-10,chen2020_dfn
1705.0,3.953885337346718,0.5224502921300996,3.9618655794552478,33.49487686065521,4.01177297612915,33.500000000500705,0.5855676742822971,True,True,False,False,False,0.0,-5.007052550354274e-10,chen2020_dfn
1710.0,3.953885337346718,0.523548593612696,3.9627775697660046,33.49502560609636,4.01177297612915,33.500000000500705,0.5855676742822971,True,True,False,False,False,0.0,-5.007052550354274e-10,chen2020_dfn
1715.0,3.953885337346718,0.5246468950952923,3.963690873569921,33.49519987499684,4.01177297612915,33.500000000500705,0.5855676742822971,True,True,False,False,False,0.0,-5.007052550354274e-10,chen2020_dfn
1720.0,3.953885337346718,0.5257451965778885,3.9646048674885863,33.49540024100651,4.01177297612915,33.500000000500705,0.5855676742822971,True,True,False,False,False,0.0,-5.007052550354274e-10,chen2020_dfn
1725.0,3.9481908004443325,0.5268419162446787,3.9653976644534303,33.49550639104689,4.016975576938548,33.50000000089656,0.5910559399708025,True,True,False,False,True,0.08311669999966398,-8.965628239820944e-10,chen2020_dfn
1730.0,3.9481908004443325,0.5279386359114688,3.966296853380213,33.49563288891051,4.016975576938548,33.50000000089656,0.5910559399708025,True,True,False,False,False,0.0,-8.965628239820944e-10,chen2020_dfn
1735.0,3.9481908004443325,0.529035355578259,3.967198987794543,33.495784583248906,4.016975576938548,33.50000000089656,0.5910559399708025,True,True,False,False,False,0.0,-8.965628239820944e-10,chen2020_dfn
1740.0,3.9481908004443325,0.5301320752450491,3.9681028271151506,33.495962216133876,4.016975576938548,33.50000000089656,0.5910559399708025,True,True,False,False,False,0.0,-8.965628239820944e-10,chen2020_dfn
1745.0,3.9481908004443325,0.5312287949118393,3.9690077098247456,33.496166335727196,4.016975576938548,33.50000000089656,0.5910559399708025,True,True,False,False,False,0.0,-8.965628239820944e-10,chen2020_dfn
1750.0,3.9424308453062222,0.5323239145910911,3.9697901835647054,33.49627513280711,4.02224096147852,33.50000000066909,0.5965367276638033,True,True,False,False,True,0.08339769999838609,-6.690896725558559e-10,chen2020_dfn
1755.0,3.9424308453062222,0.5334190342703429,3.9706807401136173,33.49640451359795,4.02224096147852,33.50000000066909,0.5965367276638033,True,True,False,False,False,0.0,-6.690896725558559e-10,chen2020_dfn
1760.0,3.9424308453062222,0.5345141539495947,3.971574566998177,33.496559346944366,4.02224096147852,33.50000000066909,0.5965367276638033,True,True,False,False,False,0.0,-6.690896725558559e-10,chen2020_dfn
1765.0,3.9424308453062222,0.5356092736288465,3.9724704068353924,33.4967403433709,4.02224096147852,33.50000000066909,0.5965367276638033,True,True,False,False,False,0.0,-6.690896725558559e-10,chen2020_dfn
1770.0,3.9424308453062222,0.5367043933080982,3.9733675861465416,33.49694801613214,4.02224096147852,33.50000000066909,0.5965367276638033,True,True,False,False,False,0.0,-6.690896725558559e-10,chen2020_dfn
1775.0,3.9366059961273927,0.5377978949736891,3.974141090069779,33.49705903267471,4.027578777125925,33.500000000429274,0.6020098459408899,True,True,False,False,True,0.08390010000039183,-4.2927439380946453e-10,chen2020_dfn
1780.0,3.9366059961273927,0.5388913966392801,3.975024340951223,33.49719069564941,4.027578777125925,33.500000000429274,0.6020098459408899,True,True,False,False,False,0.0,-4.2927439380946453e-10,chen2020_dfn
1785.0,3.9366059961273927,0.5399848983048711,3.9759111660339377,33.49734785979069,4.027578777125925,33.500000000429274,0.6020098459408899,True,True,False,False,False,0.0,-4.2927439380946453e-10,chen2020_dfn
1790.0,3.9366059961273927,0.541078399970462,3.976800296706071,33.49753120424651,4.027578777125925,33.500000000429274,0.6020098459408899,True,True,False,False,False,0.0,-4.2927439380946453e-10,chen2020_dfn
1795.0,3.9366059961273927,0.5421719016360529,3.977691051985423,33.49774120871831,4.027578777125925,33.500000000429274,0.6020098459408899,True,True,False,False,False,0.0,-4.2927439380946453e-10,chen2020_dfn
1800.0,3.930739069212111,0.543263773599723,3.9784573273452324,33.49785349093622,4.033042692562676,33.50000000064905,0.6074751786861373,True,True,False,False,True,0.08396689999972295,-6.490523674074211e-10,chen2020_dfn
1805.0,3.930739069212111,0.5443556455633931,3.9793345890788325,33.4979863249049,4.033042692562676,33.50000000064905,0.6074751786861373,True,True,False,False,False,0.0,-6.490523674074211e-10,chen2020_dfn
1810.0,3.930739069212111,0.5454475175270631,3.980215717598086,33.49814452091181,4.033042692562676,33.50000000064905,0.6074751786861373,True,True,False,False,False,0.0,-6.490523674074211e-10,chen2020_dfn
1815.0,3.930739069212111,0.5465393894907332,3.9810994386893386,33.49832872837726,4.033042692562676,33.50000000064905,0.6074751786861373,True,True,False,False,False,0.0,-6.490523674074211e-10,chen2020_dfn
1820.0,3.930739069212111,0.5476312614544032,3.9819850670140537,33.498539396228296,4.033042692562676,33.50000000064905,0.6074751786861373,True,True,False,False,False,0.0,-6.490523674074211e-10,chen2020_dfn
1825.0,3.9248769840075006,0.548721505061072,3.982746400309821,33.498652103689324,4.038632539269281,33.500000000651944,0.6129326730187046,True,True,False,False,True,0.081878200000574,-6.519442763419647e-10,chen2020_dfn
1830.0,3.9248769840075006,0.5498117486677407,3.9836190820446653,33.49878514156143,4.038632539269281,33.500000000651944,0.6129326730187046,True,True,False,False,False,0.0,-6.519442763419647e-10,chen2020_dfn
1835.0,3.9248769840075006,0.5509019922744095,3.984495901572293,33.49894324969483,4.038632539269281,33.500000000651944,0.6129326730187046,True,True,False,False,False,0.0,-6.519442763419647e-10,chen2020_dfn
1840.0,3.9248769840075006,0.5519922358810783,3.985375587231572,33.49912704856496,4.038632539269281,33.500000000651944,0.6129326730187046,True,True,False,False,False,0.0,-6.519442763419647e-10,chen2020_dfn
1845.0,3.9248769840075006,0.5530824794877469,3.986257453042068,33.4993369587628,4.038632539269281,33.500000000651944,0.6129326730187046,True,True,False,False,False,0.0,-6.519442763419647e-10,chen2020_dfn
1850.0,3.9190580169036418,0.5541711067146646,3.9870160102630905,33.499449348559324,4.0443315812202565,33.500000000529425,0.6183823306755536,True,True,False,False,True,0.08390110000073037,-5.294253924148506e-10,chen2020_dfn
1855.0,3.9190580169036418,0.5552597339415823,3.9878855520847902,33.49958174536431,4.0443315812202565,33.500000000529425,0.6183823306755536,True,True,False,False,False,0.0,-5.294253924148506e-10,chen2020_dfn
1860.0,3.9190580169036418,0.5563483611685001,3.988759478908228,33.49973879821306,4.0443315812202565,33.500000000529425,0.6183823306755536,True,True,False,False,False,0.0,-5.294253924148506e-10,chen2020_dfn
1865.0,3.9190580169036418,0.5574369883954178,3.989636528461375,33.49992109974738,4.0443315812202565,33.500000000529425,0.6183823306755536,True,True,False,False,False,0.0,-5.294253924148506e-10,chen2020_dfn
1870.0,3.9190580169036418,0.5585256156223355,3.990516017691095,33.50012904449056,4.0443315812202565,33.500000000529425,0.6183823306755536,True,True,False,False,False,0.0,-5.294253924148506e-10,chen2020_dfn
1875.0,3.907560715688612,0.5596110491544712,3.9911493300932577,33.50011247312426,4.050072797789405,33.50000000664521,0.6238240425179341,True,True,False,False,True,0.3997175000004063,-6.645208827649185e-09,chen2020_dfn
1880.0,3.907560715688612,0.560696482686607,3.992002065588821,33.50011447473247,4.050072797789405,33.50000000664521,0.6238240425179341,True,True,False,False,False,0.0,-6.645208827649185e-09,chen2020_dfn
1885.0,3.907560715688612,0.5617819162187427,3.9928624472547005,33.50013865792067,4.050072797789405,33.50000000664521,0.6238240425179341,True,True,False,False,False,0.0,-6.645208827649185e-09,chen2020_dfn
1890.0,3.907560715688612,0.5628673497508785,3.9937282150650386,33.50018612643777,4.050072797789405,33.50000000664521,0.6238240425179341,True,True,False,False,False,0.0,-6.645208827649185e-09,chen2020_dfn
1895.0,3.907560715688612,0.5639527832830142,3.9945981507458654,33.500257657140935,4.050072797789405,33.50000000664521,0.6238240425179341,True,True,False,False,False,0.0,-6.645208827649185e-09,chen2020_dfn
1900.0,3.9038528278370594,0.5650371868463024,3.9953916426236353,33.500276167710865,4.0559200661680626,33.50000000292262,0.6292581610249686,True,True,False,False,True,0.31668080000054033,-2.9226185915831593e-09,chen2020_dfn
1905.0,3.9038528278370594,0.5661215904095905,3.996257817484068,33.50031423962497,4.0559200661680626,33.50000000292262,0.6292581610249686,True,True,False,False,False,0.0,-2.9226185915831593e-09,chen2020_dfn
1910.0,3.9038528278370594,0.5672059939728786,3.9971284712512194,33.500376323070384,4.0559200661680626,33.50000000292262,0.6292581610249686,True,True,False,False,False,0.0,-2.9226185915831593e-09,chen2020_dfn
1915.0,3.9038528278370594,0.5682903975361667,3.9980026085439877,33.50046294712712,4.0559200661680626,33.50000000292262,0.6292581610249686,True,True,False,False,False,0.0,-2.9226185915831593e-09,chen2020_dfn
1920.0,3.9038528278370594,0.5693748010994548,3.9988796454036284,33.500574464686224,4.0559200661680626,33.50000000292262,0.6292581610249686,True,True,False,False,False,0.0,-2.9226185915831593e-09,chen2020_dfn
1925.0,3.890452355104691,0.5704554823092063,3.999468696116943,33.50041869779017,4.061779910756431,33.50000000416791,0.6346840183269842,True,True,False,False,True,0.5135320000008505,-4.167908684848953e-09,chen2020_dfn
1930.0,3.890452355104691,0.5715361635189578,4.000314698583636,33.50027999487571,4.061779910756431,33.50000000416791,0.6346840183269842,True,True,False,False,False,0.0,-4.167908684848953e-09,chen2020_dfn
1935.0,3.890452355104691,0.5726168447287091,4.0011699454535705,33.500161991937205,4.061779910756431,33.50000000416791,0.6346840183269842,True,True,False,False,False,0.0,-4.167908684848953e-09,chen2020_dfn
1940.0,3.890452355104691,0.5736975259384606,4.002031832053918,33.50006594589411,4.061779910756431,33.50000000416791,0.6346840183269842,True,True,False,False,False,0.0,-4.167908684848953e-09,chen2020_dfn
1945.0,3.890452355104691,0.5747782071482119,4.002898950616734,33.49999274349352,4.061779910756431,33.50000000416791,0.6346840183269842,True,True,False,False,False,0.0,-4.167908684848953e-09,chen2020_dfn
1950.0,3.919824629992849,0.5758670473232101,4.004408273130777,33.500593203519315,4.067555996840852,33.50000000443234,0.6401033287919037,True,True,False,False,True,0.40107779999925697,-4.4323371639620746e-09,chen2020_dfn
1955.0,3.919824629992849,0.5769558874982081,4.005361966216732,33.50122809382668,4.067555996840852,33.50000000443234,0.6401033287919037,True,True,False,False,False,0.0,-4.4323371639620746e-09,chen2020_dfn
1960.0,3.919824629992849,0.5780447276732061,4.006303048588743,33.50189742518842,4.067555996840852,33.50000000443234,0.6401033287919037,True,True,False,False,False,0.0,-4.4323371639620746e-09,chen2020_dfn
1965.0,3.919824629992849,0.5791335678482042,4.00723649735486,33.50259860017553,4.067555996840852,33.50000000443234,0.6401033287919037,True,True,False,False,False,0.0,-4.4323371639620746e-09,chen2020_dfn
1970.0,3.919824629992849,0.5802224080232022,4.008164881283367,33.50332961856117,4.067555996840852,33.50000000443234,0.6401033287919037,True,True,False,False,False,0.0,-4.4323371639620746e-09,chen2020_dfn
1975.0,3.757196753832679,0.5812660737881558,4.005520521972967,33.500538377337364,4.0730342316268615,33.50000000000946,0.6455052877777163,True,True,False,False,True,1.3434959999995044,-9.457323812966933e-12,chen2020_dfn
1980.0,3.757196753832679,0.5823097395531093,4.006011712379733,33.49769970444612,4.0730342316268615,33.50000000000946,0.6455052877777163,True,True,False,False,False,0.0,-9.457323812966933e-12,chen2020_dfn
1985.0,3.757196753832679,0.5833534053180628,4.006585725758457,33.49483442003179,4.0730342316268615,33.50000000000946,0.6455052877777163,True,True,False,False,False,0.0,-9.457323812966933e-12,chen2020_dfn
1990.0,3.757196753832679,0.5843970710830163,4.007216740983596,33.491955677472106,4.0730342316268615,33.50000000000946,0.6455052877777163,True,True,False,False,False,0.0,-9.457323812966933e-12,chen2020_dfn
1995.0,3.757196753832679,0.5854407368479698,4.007889667756022,33.48907372579998,4.0730342316268615,33.50000000000946,0.6455052877777163,True,True,False,False,False,0.0,-9.457323812966933e-12,chen2020_dfn
2000.0,4.0272401915925915,0.5865594146789678,4.014499779679076,33.49212790004037,4.078693749640894,33.50000000040314,0.6509180349821138,True,True,False,False,True,1.4307745000005525,-4.0314063198820804e-10,chen2020_dfn
2005.0,4.0272401915925915,0.5876780925099657,4.015952580263245,33.495326254710676,4.078693749640894,33.50000000040314,0.6509180349821138,True,True,False,False,False,0.0,-4.0314063198820804e-10,chen2020_dfn
2010.0,4.0272401915925915,0.5887967703409637,4.0172859320324505,33.49863525615871,4.078693749640894,33.50000000040314,0.6509180349821138,True,True,False,False,False,0.0,-4.0314063198820804e-10,chen2020_dfn
2015.0,4.0272401915925915,0.5899154481719616,4.0185400487035885,33.50203409477871,4.078693749640894,33.50000000040314,0.6509180349821138,True,True,False,False,False,0.0,-4.0314063198820804e-10,chen2020_dfn
2020.0,4.0272401915925915,0.5910341260029596,4.019737882110485,33.50550648572522,4.078693749640894,33.50000000040314,0.6509180349821138,True,True,False,False,False,0.0,-4.0314063198820804e-10,chen2020_dfn
2025.0,3.6438150984600672,0.592046296863643,4.012439651408219,33.50063633277722,4.084622248899214,33.500000003486605,0.6562865221813137,True,True,False,False,True,0.9573727999995754,-3.4866047826653812e-09,chen2020_dfn
2030.0,3.6438150984600672,0.5930584677243264,4.012532271542181,33.49564353605899,4.084622248899214,33.500000003486605,0.6562865221813137,True,True,False,False,False,0.0,-3.4866047826653812e-09,chen2020_dfn
2035.0,3.6438150984600672,0.5940706385850099,4.0128027648394164,33.49057092816429,4.084622248899214,33.500000003486605,0.6562865221813137,True,True,False,False,False,0.0,-3.4866047826653812e-09,chen2020_dfn
2040.0,3.6438150984600672,0.5950828094456933,4.013190912556221,33.48544549979084,4.084622248899214,33.500000003486605,0.6562865221813137,True,True,False,False,False,0.0,-3.4866047826653812e-09,chen2020_dfn
2045.0,3.6438150984600672,0.5960949803063766,4.013664579117055,33.48028683391527,4.084622248899214,33.500000003486605,0.6562865221813137,True,True,False,False,False,0.0,-3.4866047826653812e-09,chen2020_dfn
2050.0,4.112212346084872,0.5972372615136226,4.024490745085213,33.4853770006294,4.09044820599197,33.500000000000114,0.6616943624046603,True,True,False,False,True,1.6052416999991692,-1.1368683772161603e-13,chen2020_dfn
2055.0,4.112212346084872,0.5983795427208684,4.026348975950984,33.49069504975489,4.09044820599197,33.500000000000114,0.6616943624046603,True,True,False,False,False,0.0,-1.1368683772161603e-13,chen2020_dfn
2060.0,4.112212346084872,0.5995218239281142,4.028001140943978,33.49618403102778,4.09044820599197,33.500000000000114,0.6616943624046603,True,True,False,False,False,0.0,-1.1368683772161603e-13,chen2020_dfn
2065.0,4.112212346084872,0.6006641051353598,4.029518328033959,33.50180728613793,4.09044820599197,33.500000000000114,0.6616943624046603,True,True,False,False,False,0.0,-1.1368683772161603e-13,chen2020_dfn
2070.0,4.112212346084872,0.6018063863426056,4.030938520176903,33.507537784019064,4.09044820599197,33.500000000000114,0.6616943624046603,True,True,False,False,False,0.0,-1.1368683772161603e-13,chen2020_dfn
2075.0,3.5370634300431405,0.6027889039620619,4.01953586433727,33.500721561388616,4.096307112457685,33.50000000491981,0.6670296016664814,True,True,False,False,True,1.324126100000285,-4.919812113257649e-09,chen2020_dfn
2080.0,3.5370634300431405,0.6037714215815182,4.019257305497687,33.493719582138,4.096307112457685,33.50000000491981,0.6670296016664814,True,True,False,False,False,0.0,-4.919812113257649e-09,chen2020_dfn
2085.0,3.5370634300431405,0.6047539392009745,4.019244941852272,33.48659328409184,4.096307112457685,33.50000000491981,0.6670296016664814,True,True,False,False,False,0.0,-4.919812113257649e-09,chen2020_dfn
2090.0,3.5370634300431405,0.605736456820431,4.0194082443261925,33.479380632105006,4.096307112457685,33.50000000491981,0.6670296016664814,True,True,False,False,False,0.0,-4.919812113257649e-09,chen2020_dfn
2095.0,3.5370634300431405,0.6067189744398874,4.019697030652752,33.472110369344364,4.096307112457685,33.50000000491981,0.6670296016664814,True,True,False,False,False,0.0,-4.919812113257649e-09,chen2020_dfn
2100.0,4.189276780355934,0.6078826624344308,4.034474815768822,33.47906555875477,4.102069007302294,33.5000000027838,0.6724313220958476,True,True,False,False,True,1.3157993000004353,-2.7837998572977085e-09,chen2020_dfn
2105.0,4.189276780355934,0.6090463504289741,4.0367272271755095,33.486329131314335,4.102069007302294,33.5000000027838,0.6724313220958476,True,True,False,False,False,0.0,-2.7837998572977085e-09,chen2020_dfn
2110.0,4.189276780355934,0.6102100384235174,4.038691281201317,33.493821663039455,4.102069007302294,33.5000000027838,0.6724313220958476,True,True,False,False,False,0.0,-2.7837998572977085e-09,chen2020_dfn
2115.0,4.189276780355934,0.6113737264180609,4.0404655044072,33.50149247236527,4.102069007302294,33.5000000027838,0.6724313220958476,True,True,False,False,False,0.0,-2.7837998572977085e-09,chen2020_dfn
2120.0,4.189276780355934,0.612537414412604,4.042104774273286,33.50930248882577,4.102069007302294,33.5000000027838,0.6724313220958476,True,True,False,False,False,0.0,-2.7837998572977085e-09,chen2020_dfn
2125.0,3.4429687335523886,0.6134937946163687,4.02700727644034,33.50079630593177,4.107779651635154,33.500000000620815,0.6777339237322744,True,True,False,False,True,1.358750900000814,-6.208153990883147e-10,chen2020_dfn
2130.0,3.4429687335523886,0.6144501748201333,4.026393480386764,33.49205295358905,4.107779651635154,33.500000000620815,0.6777339237322744,True,True,False,False,False,0.0,-6.208153990883147e-10,chen2020_dfn
2135.0,3.4429687335523886,0.6154065550238978,4.0261277526873585,33.48314942718417,4.107779651635154,33.500000000620815,0.6777339237322744,True,True,False,False,False,0.0,-6.208153990883147e-10,chen2020_dfn
2140.0,3.4429687335523886,0.6163629352276624,4.026090954492467,33.4741328790077,4.107779651635154,33.500000000620815,0.6777339237322744,True,True,False,False,False,0.0,-6.208153990883147e-10,chen2020_dfn
2145.0,3.4429687335523886,0.6173193154314269,4.026216900908398,33.465038958869854,4.107779651635154,33.500000000620815,0.6777339237322744,True,True,False,False,False,0.0,-6.208153990883147e-10,chen2020_dfn
2150.0,4.237801226903316,0.6184964824389,4.044107752271657,33.47321134868821,4.113543206688563,33.500000000057156,0.6831320045961856,True,True,False,False,True,1.6806223999992653,-5.715605766454246e-11,chen2020_dfn
2155.0,4.237801226903316,0.6196736494463732,4.046674773129114,33.48175249059,4.113543206688563,33.500000000057156,0.6831320045961856,True,True,False,False,False,0.0,-5.715605766454246e-11,chen2020_dfn
2160.0,4.237801226903316,0.6208508164538464,4.048888241149001,33.49056627167215,4.113543206688563,33.500000000057156,0.6831320045961856,True,True,False,False,False,0.0,-5.715605766454246e-11,chen2020_dfn
2165.0,4.237801226903316,0.6220279834613195,4.050869071022438,33.49959117098882,4.113543206688563,33.500000000057156,0.6831320045961856,True,True,False,False,False,0.0,-5.715605766454246e-11,chen2020_dfn
2170.0,4.237801226903316,0.6232051504687927,4.052684555128151,33.508779889835125,4.113543206688563,33.500000000057156,0.6831320045961856,True,True,False,False,False,0.0,-5.715605766454246e-11,chen2020_dfn
2175.0,3.4695236080157463,0.6241689070265748,4.037228796213396,33.50103624346286,4.119259403959352,33.50000000417241,0.6884191460756436,True,True,False,False,True,0.8342391000005591,-4.172413525793672e-09,chen2020_dfn
2180.0,3.4695236080157463,0.6251326635843568,4.036646835609701,33.493052536642494,4.119259403959352,33.50000000417241,0.6884191460756436,True,True,False,False,False,0.0,-4.172413525793672e-09,chen2020_dfn
2185.0,3.4695236080157463,0.626096420142139,4.036419869942124,33.48490577427242,4.119259403959352,33.50000000417241,0.6884191460756436,True,True,False,False,False,0.0,-4.172413525793672e-09,chen2020_dfn
2190.0,3.4695236080157463,0.627060176699921,4.0364248386938115,33.47664271109909,4.119259403959352,33.50000000417241,0.6884191460756436,True,True,False,False,False,0.0,-4.172413525793672e-09,chen2020_dfn
2195.0,3.4695236080157463,0.628023933257703,4.03659363740849,33.46829857696832,4.119259403959352,33.50000000417241,0.6884191460756436,True,True,False,False,False,0.0,-4.172413525793672e-09,chen2020_dfn
2200.0,3.8376578794787704,0.6290899493353362,4.0452249486486265,33.46769821865155,4.1245555817900454,33.50000002414759,0.6937815913309613,True,True,False,False,True,0.6638807999988785,-2.4147588817413634e-08,chen2020_dfn
2205.0,3.8376578794787704,0.6301559654129693,4.0466544786168885,33.46722487576943,4.1245555817900454,33.50000002414759,0.6937815913309613,True,True,False,False,False,0.0,-2.4147588817413634e-08,chen2020_dfn
2210.0,3.8376578794787704,0.6312219814906023,4.04795597268939,33.46684886099467,4.1245555817900454,33.50000002414759,0.6937815913309613,True,True,False,False,False,0.0,-2.4147588817413634e-08,chen2020_dfn
2215.0,3.8376578794787704,0.6322879975682353,4.0491802139015505,33.46655303672429,4.1245555817900454,33.50000002414759,0.6937815913309613,True,True,False,False,False,0.0,-2.4147588817413634e-08,chen2020_dfn
2220.0,3.8376578794787704,0.6333540136458683,4.050352927200823,33.46632527764558,4.1245555817900454,33.50000002414759,0.6937815913309613,True,True,False,False,False,0.0,-2.4147588817413634e-08,chen2020_dfn
2225.0,4.207634668520965,0.6345228010537907,4.059638835637951,33.474530021469434,4.1298142079771845,33.50000000515327,0.6991379930506781,True,True,False,False,True,1.2720406999997067,-5.153268034518987e-09,chen2020_dfn
2230.0,4.207634668520965,0.6356915884617133,4.0618230068157395,33.482981288556914,4.1298142079771845,33.50000000515327,0.6991379930506781,True,True,False,False,False,0.0,-5.153268034518987e-09,chen2020_dfn
2235.0,4.207634668520965,0.6368603758696356,4.063781312187118,33.49161690022942,4.1298142079771845,33.50000000515327,0.6991379930506781,True,True,False,False,False,0.0,-5.153268034518987e-09,chen2020_dfn
2240.0,4.207634668520965,0.6380291632775581,4.065584516857573,33.50039316295971,4.1298142079771845,33.50000000515327,0.6991379930506781,True,True,False,False,False,0.0,-5.153268034518987e-09,chen2020_dfn
2245.0,4.207634668520965,0.6391979506854805,4.067273127450143,33.50927691393076,4.1298142079771845,33.50000000515327,0.6991379930506781,True,True,False,False,False,0.0,-5.153268034518987e-09,chen2020_dfn
2250.0,3.4428013844925367,0.6401542844033951,4.051643313564805,33.50126689136448,4.135097183994212,33.50000000128183,0.70441136087657,True,True,False,False,True,1.453500499999791,-1.281833306165936e-09,chen2020_dfn
2255.0,3.4428013844925367,0.6411106181213096,4.050946248136108,33.49299308780229,4.135097183994212,33.50000000128183,0.70441136087657,True,True,False,False,False,0.0,-1.281833306165936e-09,chen2020_dfn
2260.0,3.4428013844925367,0.6420669518392242,4.050636765801295,33.48453615480935,4.135097183994212,33.50000000128183,0.70441136087657,True,True,False,False,False,0.0,-1.281833306165936e-09,chen2020_dfn
2265.0,3.4428013844925367,0.6430232855571388,4.050582515376377,33.475946267094116,4.135097183994212,33.50000000128183,0.70441136087657,True,True,False,False,False,0.0,-1.281833306165936e-09,chen2020_dfn
2270.0,3.4428013844925367,0.6439796192750533,4.0507093535443826,33.46726145773073,4.135097183994212,33.50000000128183,0.70441136087657,True,True,False,False,False,0.0,-1.281833306165936e-09,chen2020_dfn
2275.0,4.241848428557796,0.6451579105052081,4.068905884711956,33.47602293169905,4.139642267744567,33.50000000008642,0.7097865712685312,True,True,False,False,True,1.8207879000001412,-8.642331295050099e-11,chen2020_dfn
2280.0,4.241848428557796,0.646336201735363,4.07162027728061,33.48513428628593,4.139642267744567,33.50000000008642,0.7097865712685312,True,True,False,False,False,0.0,-8.642331295050099e-11,chen2020_dfn
2285.0,4.241848428557796,0.647514492965518,4.073964049789097,33.494501315789705,4.139642267744567,33.50000000008642,0.7097865712685312,True,True,False,False,False,0.0,-8.642331295050099e-11,chen2020_dfn
2290.0,4.241848428557796,0.648692784195673,4.076065335473288,33.50406335072944,4.139642267744567,33.50000000008642,0.7097865712685312,True,True,False,False,False,0.0,-8.642331295050099e-11,chen2020_dfn
2295.0,4.241848428557796,0.6498710754258278,4.077995666005374,33.51377368973402,4.139642267744567,33.50000000008642,0.7097865712685312,True,True,False,False,False,0.0,-8.642331295050099e-11,chen2020_dfn
2300.0,3.2072233125134746,0.650761970790415,4.056176380649543,33.50100376915549,4.140000000001033,33.50000000238801,0.7148609002903731,True,True,False,False,True,1.3846990999991249,-2.3880133426246175e-09,chen2020_dfn
2305.0,3.2072233125134746,0.651652866155002,4.054819942580404,33.487916176336,4.140000000001033,33.50000000238801,0.7148609002903731,True,True,False,False,False,0.0,-2.3880133426246175e-09,chen2020_dfn
2310.0,3.2072233125134746,0.6525437615195889,4.053996017860594,33.47461156268997,4.140000000001033,33.50000000238801,0.7148609002903731,True,True,False,False,False,0.0,-2.3880133426246175e-09,chen2020_dfn
2315.0,3.2072233125134746,0.6534346568841759,4.05352173702254,33.46115232815441,4.140000000001033,33.50000000238801,0.7148609002903731,True,True,False,False,False,0.0,-2.3880133426246175e-09,chen2020_dfn
2320.0,3.2072233125134746,0.6543255522487629,4.053295830140177,33.447585138188344,4.140000000001033,33.50000000238801,0.7148609002903731,True,True,False,False,False,0.0,-2.3880133426246175e-09,chen2020_dfn
2325.0,4.30685256116091,0.6555219001824187,4.07818873268823,33.45757518386944,4.140000000032299,33.5000000137859,0.7199052842554915,True,True,False,False,True,1.6413878000003024,-1.378590042122596e-08,chen2020_dfn
2330.0,4.30685256116091,0.6567182481160744,4.081564260355771,33.46805636035782,4.140000000032299,33.5000000137859,0.7199052842554915,True,True,False,False,False,0.0,-1.378590042122596e-08,chen2020_dfn
2335.0,4.30685256116091,0.6579145960497301,4.084422037985682,33.478899986110946,4.140000000032299,33.5000000137859,0.7199052842554915,True,True,False,False,False,0.0,-1.378590042122596e-08,chen2020_dfn
2340.0,4.30685256116091,0.6591109439833859,4.086940336942609,33.49002207205842,4.140000000032299,33.5000000137859,0.7199052842554915,True,True,False,False,False,0.0,-1.378590042122596e-08,chen2020_dfn
2345.0,4.30685256116091,0.6603072919170417,4.089217571408112,33.50135864710586,4.140000000032299,33.5000000137859,0.7199052842554915,True,True,False,False,False,0.0,-1.378590042122596e-08,chen2020_dfn
2350.0,3.8463460310129842,0.6613757213701009,4.081082210650303,33.50220950480082,4.1400000000166175,33.50000000328313,0.7246823652797003,True,True,False,False,True,0.596266900000046,-3.2831266594257613e-09,chen2020_dfn
2355.0,3.8463460310129842,0.6624441508231601,4.0816402518208825,33.50295068702877,4.1400000000166175,33.50000000328313,0.7246823652797003,True,True,False,False,False,0.0,-3.2831266594257613e-09,chen2020_dfn
2360.0,3.8463460310129842,0.6635125802762194,4.0823677590929375,33.50361560569388,4.1400000000166175,33.50000000328313,0.7246823652797003,True,True,False,False,False,0.0,-3.2831266594257613e-09,chen2020_dfn
2365.0,3.8463460310129842,0.6645810097292786,4.083197169052239,33.50422193560888,4.1400000000166175,33.50000000328313,0.7246823652797003,True,True,False,False,False,0.0,-3.2831266594257613e-09,chen2020_dfn
2370.0,3.8463460310129842,0.6656494391823379,4.084094860866037,33.50478154396308,4.1400000000166175,33.50000000328313,0.7246823652797003,True,True,False,False,False,0.0,-3.2831266594257613e-09,chen2020_dfn
2375.0,3.700736809417516,0.6666774216293982,4.081719027408262,33.50210462323531,4.1400000000096755,33.50000000046468,0.729329363518563,True,True,False,False,True,1.0003358000012668,-4.646807383323903e-10,chen2020_dfn
2380.0,3.700736809417516,0.6677054040764587,4.0822571542617485,33.499337259910874,4.1400000000096755,33.50000000046468,0.729329363518563,True,True,False,False,False,0.0,-4.646807383323903e-10,chen2020_dfn
2385.0,3.700736809417516,0.6687333865235191,4.082910213273175,33.496503122893444,4.1400000000096755,33.50000000046468,0.729329363518563,True,True,False,False,False,0.0,-4.646807383323903e-10,chen2020_dfn
2390.0,3.700736809417516,0.6697613689705796,4.083644915357683,33.49361880983537,4.1400000000096755,33.50000000046468,0.729329363518563,True,True,False,False,False,0.0,-4.646807383323903e-10,chen2020_dfn
2395.0,3.700736809417516,0.6707893514176401,4.084440662058874,33.49069752954563,4.1400000000096755,33.50000000046468,0.729329363518563,True,True,False,False,False,0.0,-4.646807383323903e-10,chen2020_dfn
2400.0,4.029675761803984,0.6719087057959189,4.092735039024369,33.49504715992259,4.140000000009698,33.50000000212611,0.7338504781046025,True,True,False,False,True,1.1322622999996383,-2.1261072902234446e-09,chen2020_dfn
2405.0,4.029675761803984,0.6730280601741977,4.094627740953702,33.4995324337998,4.140000000009698,33.50000000212611,0.7338504781046025,True,True,False,False,False,0.0,-2.1261072902234446e-09,chen2020_dfn
2410.0,4.029675761803984,0.6741474145524765,4.096352834297795,33.504115085962155,4.140000000009698,33.50000000212611,0.7338504781046025,True,True,False,False,False,0.0,-2.1261072902234446e-09,chen2020_dfn
2415.0,4.029675761803984,0.6752667689307553,4.097969633798648,33.50876957638718,4.140000000009698,33.50000000212611,0.7338504781046025,True,True,False,False,False,0.0,-2.1261072902234446e-09,chen2020_dfn
2420.0,4.029675761803984,0.6763861233090341,4.099510112768126,33.51347692258088,4.140000000009698,33.50000000212611,0.7338504781046025,True,True,False,False,False,0.0,-2.1261072902234446e-09,chen2020_dfn
2425.0,3.24133561528099,0.6772864943132789,4.082703767424642,33.50127676213049,4.140000000026336,33.500000002644846,0.7381433925293225,True,True,False,False,True,0.8763691999993171,-2.6448461198924633e-09,chen2020_dfn
2430.0,3.24133561528099,0.6781868653175236,4.081721999014924,33.488815185714316,4.140000000026336,33.500000002644846,0.7381433925293225,True,True,False,False,False,0.0,-2.6448461198924633e-09,chen2020_dfn
2435.0,3.24133561528099,0.6790872363217684,4.081191888373267,33.476172073863324,4.140000000026336,33.500000002644846,0.7381433925293225,True,True,False,False,False,0.0,-2.6448461198924633e-09,chen2020_dfn
2440.0,3.24133561528099,0.6799876073260129,4.080961497837482,33.46339903478241,4.140000000026336,33.500000002644846,0.7381433925293225,True,True,False,False,False,0.0,-2.6448461198924633e-09,chen2020_dfn
2445.0,3.24133561528099,0.6808879783302576,4.0809458000208725,33.45053515641996,4.140000000026336,33.500000002644846,0.7381433925293225,True,True,False,False,False,0.0,-2.6448461198924633e-09,chen2020_dfn
2450.0,4.404135969144057,0.6821113494327975,4.107565505913616,33.46292426202302,4.1400000000125905,33.50000000184646,0.7424312085937975,True,True,False,False,True,1.277263399999356,-1.846458985710342e-09,chen2020_dfn
2455.0,4.404135969144057,0.6833347205353376,4.1114373309596015,33.475854935121674,4.1400000000125905,33.50000000184646,0.7424312085937975,True,True,False,False,False,0.0,-1.846458985710342e-09,chen2020_dfn
2460.0,4.404135969144057,0.6845580916378778,4.114710713921479,33.48917936674803,4.1400000000125905,33.50000000184646,0.7424312085937975,True,True,False,False,False,0.0,-1.846458985710342e-09,chen2020_dfn
2465.0,4.404135969144057,0.6857814627404178,4.117585892982971,33.50280435649887,4.1400000000125905,33.50000000184646,0.7424312085937975,True,True,False,False,False,0.0,-1.846458985710342e-09,chen2020_dfn
2470.0,4.404135969144057,0.687004833842958,4.12017731834842,33.5166559880991,4.1400000000125905,33.50000000184646,0.7424312085937975,True,True,False,False,False,0.0,-1.846458985710342e-09,chen2020_dfn
2475.0,3.0439742694775633,0.6878503822511463,4.091087977310194,33.50085286505123,4.140000000000032,33.50000000000003,0.7464243746442661,True,True,False,False,True,0.8852900000001682,-3.108624468950438e-14,chen2020_dfn
2480.0,3.0439742694775633,0.6886959306593345,4.089077807100285,33.4846742230107,4.140000000000032,33.50000000000003,0.7464243746442661,True,True,False,False,False,0.0,-3.108624468950438e-14,chen2020_dfn
2485.0,3.0439742694775633,0.6895414790675228,4.087787043502287,33.468239323621276,4.140000000000032,33.50000000000003,0.7464243746442661,True,True,False,False,False,0.0,-3.108624468950438e-14,chen2020_dfn
2490.0,3.0439742694775633,0.690387027475711,4.086965938283476,33.451618204532565,4.140000000000032,33.50000000000003,0.7464243746442661,True,True,False,False,False,0.0,-3.108624468950438e-14,chen2020_dfn
2495.0,3.0439742694775633,0.6912325758838992,4.086473559251074,33.434864810896784,4.140000000000032,33.50000000000003,0.7464243746442661,True,True,False,False,False,0.0,-3.108624468950438e-14,chen2020_dfn
2500.0,4.502251251682364,0.6924832012315886,4.11965668898144,33.449389731871406,4.140000000000035,33.50000000000091,0.7504913839990333,True,True,False,False,True,0.8376001999986329,-9.094947017729282e-13,chen2020_dfn
2505.0,4.502251251682364,0.6937338265792782,4.124140823580023,33.46456695055991,4.140000000000035,33.50000000000091,0.7504913839990333,True,True,False,False,False,0.0,-9.094947017729282e-13,chen2020_dfn
2510.0,4.502251251682364,0.6949844519269677,4.127882671715755,33.48021928023661,4.140000000000035,33.50000000000091,0.7504913839990333,True,True,False,False,False,0.0,-9.094947017729282e-13,chen2020_dfn
2515.0,4.502251251682364,0.6962350772746572,4.131134993853728,33.49623251468222,4.140000000000035,33.50000000000091,0.7504913839990333,True,True,False,False,False,0.0,-9.094947017729282e-13,chen2020_dfn
2520.0,4.502251251682364,0.6974857026223467,4.134038286599395,33.51251772435859,4.140000000000035,33.50000000000091,0.7504913839990333,True,True,False,False,False,0.0,-9.094947017729282e-13,chen2020_dfn
2525.0,3.266636103556137,0.6983931015400011,4.108461239788156,33.50115346661721,4.1400000009578655,33.49999999999999,0.7541056603522381,True,True,False,False,True,0.4796172000005754,-9.57864898509797e-10,chen2020_dfn
2530.0,3.266636103556137,0.6993005004576557,4.107032695698408,33.48943299815977,4.1400000009578655,33.49999999999999,0.7541056603522381,True,True,False,False,False,0.0,-9.57864898509797e-10,chen2020_dfn
2535.0,3.266636103556137,0.70020789937531,4.106233435228898,33.477460888220776,4.1400000009578655,33.49999999999999,0.7541056603522381,True,True,False,False,False,0.0,-9.57864898509797e-10,chen2020_dfn
2540.0,3.266636103556137,0.7011152982929645,4.105835337415472,33.46530142420801,4.1400000009578655,33.49999999999999,0.7541056603522381,True,True,False,False,False,0.0,-9.57864898509797e-10,chen2020_dfn
2545.0,3.266636103556137,0.702022697210619,4.105715391909849,33.4530024260352,4.1400000009578655,33.49999999999999,0.7541056603522381,True,True,False,False,False,0.0,-9.57864898509797e-10,chen2020_dfn
2550.0,4.142733967674425,0.7031734566460842,4.1260440526786315,33.45937004580924,4.140000000002053,33.47252086325734,0.7579972910018067,True,True,False,False,True,0.3241658000006282,-2.0525803279269894e-12,chen2020_dfn
2555.0,4.142733967674425,0.7043242160815494,4.129024488494727,33.46604406321484,4.140000000002053,33.47252086325734,0.7579972910018067,True,True,False,False,False,0.0,-2.0525803279269894e-12,chen2020_dfn
2560.0,4.142733967674425,0.7054749755170145,4.131577049904379,33.47293807905402,4.140000000002053,33.47252086325734,0.7579972910018067,True,True,False,False,False,0.0,-2.0525803279269894e-12,chen2020_dfn
2565.0,4.142733967674425,0.7066257349524795,4.133856030710438,33.479995263963644,4.140000000002053,33.47252086325734,0.7579972910018067,True,True,False,False,False,0.0,-2.0525803279269894e-12,chen2020_dfn
2570.0,4.142733967674425,0.7077764943879444,4.135944534965233,33.4871719752058,4.140000000002053,33.47252086325734,0.7579972910018067,True,True,False,False,False,0.0,-2.0525803279269894e-12,chen2020_dfn
2575.0,3.9080630222957544,0.7088620674496934,4.132613715372762,33.489060585864195,4.140000000003639,33.486745537265506,0.7617839609558236,True,True,False,False,True,0.12359959999957937,-3.638866985511413e-12,chen2020_dfn
2580.0,3.9080630222957544,0.7099476405114422,4.133721684245797,33.49089510254339,4.140000000003639,33.486745537265506,0.7617839609558236,True,True,False,False,False,0.0,-3.638866985511413e-12,chen2020_dfn
2585.0,3.9080630222957544,0.711033213573191,4.1348956724554835,33.49268474313283,4.140000000003639,33.486745537265506,0.7617839609558236,True,True,False,False,False,0.0,-3.638866985511413e-12,chen2020_dfn
2590.0,3.9080630222957544,0.7121187866349399,4.1361039557830495,33.49443274272517,4.140000000003639,33.486745537265506,0.7617839609558236,True,True,False,False,False,0.0,-3.638866985511413e-12,chen2020_dfn
2595.0,3.9080630222957544,0.7132043596966887,4.137330883937514,33.49614088973709,4.140000000003639,33.486745537265506,0.7617839609558236,True,True,False,False,False,0.0,-3.638866985511413e-12,chen2020_dfn
2600.0,3.740299246578093,0.7142433317096272,4.134730647339747,33.494092153895224,4.140000000007165,33.49215563018503,0.7654701190281578,True,True,False,False,True,0.1220541000002413,-7.16404713330121e-12,chen2020_dfn
2605.0,3.740299246578093,0.7152823037225656,4.135453132837765,33.491938114259426,4.140000000007165,33.49215563018503,0.7654701190281578,True,True,False,False,False,0.0,-7.16404713330121e-12,chen2020_dfn
2610.0,3.740299246578093,0.716321275735504,4.1362850092146495,33.489699292044804,4.140000000007165,33.49215563018503,0.7654701190281578,True,True,False,False,False,0.0,-7.16404713330121e-12,chen2020_dfn
2615.0,3.740299246578093,0.7173602477484423,4.137190140395329,33.487390103163364,4.140000000007165,33.49215563018503,0.7654701190281578,True,True,False,False,False,0.0,-7.16404713330121e-12,chen2020_dfn
2620.0,3.740299246578093,0.7183992197613807,4.138147126136761,33.485022045302,4.140000000007165,33.49215563018503,0.7654701190281578,True,True,False,False,False,0.0,-7.16404713330121e-12,chen2020_dfn
2625.0,3.5973679639490914,0.7193984886402555,4.135832445657325,33.47953217622677,4.140000000006413,33.47790144102082,0.7690597702408112,True,True,False,False,True,0.1242727000008017,-6.412648190234904e-12,chen2020_dfn
2630.0,3.5973679639490914,0.7203977575191302,4.136417256155548,33.473947512840994,4.140000000006413,33.47790144102082,0.7690597702408112,True,True,False,False,False,0.0,-6.412648190234904e-12,chen2020_dfn
2635.0,3.5973679639490914,0.7213970263980048,4.1371143844812135,33.46828983316499,4.140000000006413,33.47790144102082,0.7690597702408112,True,True,False,False,False,0.0,-6.412648190234904e-12,chen2020_dfn
2640.0,3.5973679639490914,0.7223962952768797,4.137889810161244,33.462575214320395,4.140000000006413,33.47790144102082,0.7690597702408112,True,True,False,False,False,0.0,-6.412648190234904e-12,chen2020_dfn
2645.0,3.5973679639490914,0.7233955641557543,4.138722616781331,33.45681675246584,4.140000000006413,33.47790144102082,0.7690597702408112,True,True,False,False,False,0.0,-6.412648190234904e-12,chen2020_dfn
2650.0,3.469438257198387,0.7243592970049761,4.136605247931115,33.448355137899,4.140000000006141,33.44697471367021,0.7725565571085014,True,True,False,False,True,0.1217449999985547,-6.140865593806666e-12,chen2020_dfn
2655.0,3.469438257198387,0.725323029854198,4.137126179789863,33.439824521822175,4.140000000006141,33.44697471367021,0.7725565571085014,True,True,False,False,False,0.0,-6.140865593806666e-12,chen2020_dfn
2660.0,3.469438257198387,0.72628676270342,4.13775352230075,33.431245346848755,4.140000000006141,33.44697471367021,0.7725565571085014,True,True,False,False,False,0.0,-6.140865593806666e-12,chen2020_dfn
2665.0,3.469438257198387,0.7272504955526419,4.138456031338627,33.42263286716832,4.140000000006141,33.44697471367021,0.7725565571085014,True,True,False,False,False,0.0,-6.140865593806666e-12,chen2020_dfn
2670.0,3.469438257198387,0.7282142284018637,4.139214267109354,33.41399961516083,4.140000000006141,33.44697471367021,0.7725565571085014,True,True,False,False,False,0.0,-6.140865593806666e-12,chen2020_dfn
2675.0,3.352855080555661,0.7291455770353514,4.137261069017018,33.40299012179679,4.14000000001183,33.401794606773485,0.7759638223963486,True,True,False,False,True,0.12188380000043253,-1.1829648371985968e-11,chen2020_dfn
2680.0,3.352855080555661,0.7300769256688391,4.137744777410298,33.39193954218996,4.14000000001183,33.401794606773485,0.7759638223963486,True,True,False,False,False,0.0,-1.1829648371985968e-11,chen2020_dfn
2685.0,3.352855080555661,0.7310082743023268,4.138326799036939,33.380866554050556,4.14000000001183,33.401794606773485,0.7759638223963486,True,True,False,False,False,0.0,-1.1829648371985968e-11,chen2020_dfn
2690.0,3.352855080555661,0.7319396229358145,4.138978676332892,33.369785012422994,4.14000000001183,33.401794606773485,0.7759638223963486,True,True,False,False,False,0.0,-1.1829648371985968e-11,chen2020_dfn
2695.0,3.352855080555661,0.7328709715693021,4.139682593528127,33.35870635588441,4.14000000001183,33.401794606773485,0.7759638223963486,True,True,False,False,False,0.0,-1.1829648371985968e-11,chen2020_dfn
2700.0,3.245461006013702,0.7337724885154171,4.1378676420116545,33.345518134277086,4.140000000002541,33.344444397049514,0.7792846585776786,True,True,False,False,True,0.12157549999938055,-2.540190280342358e-12,chen2020_dfn
2705.0,3.245461006013702,0.7346740054615318,4.138323884586041,33.33231515135515,4.140000000002541,33.344444397049514,0.7792846585776786,True,True,False,False,False,0.0,-2.540190280342358e-12,chen2020_dfn
2710.0,3.245461006013702,0.7355755224076467,4.13887045468579,33.31911430660858,4.140000000002541,33.344444397049514,0.7792846585776786,True,True,False,False,False,0.0,-2.540190280342358e-12,chen2020_dfn
2715.0,3.245461006013702,0.7364770393537615,4.139481347987506,33.305928041266725,4.140000000002541,33.344444397049514,0.7792846585776786,True,True,False,False,False,0.0,-2.540190280342358e-12,chen2020_dfn
2720.0,3.245461006013702,0.7373785562998763,4.140140266178177,33.2927666486039,4.140000000002541,33.344444397049514,0.7792846585776786,True,True,False,False,False,0.0,-2.540190280342358e-12,chen2020_dfn
2725.0,3.145685066668373,0.7382523577072843,4.138439815889658,33.277716721847696,4.140000000006197,33.276710110264936,0.7825219469306792,True,True,False,False,True,0.1238878999993176,-6.196820834247774e-12,chen2020_dfn
2730.0,3.145685066668373,0.7391261591146921,4.138871571988007,33.26267586064938,4.140000000006197,33.276710110264936,0.7825219469306792,True,True,False,False,False,0.0,-6.196820834247774e-12,chen2020_dfn
2735.0,3.145685066668373,0.7399999605221,4.139387162341977,33.24765890858248,4.140000000006197,33.276710110264936,0.7825219469306792,True,True,False,False,False,0.0,-6.196820834247774e-12,chen2020_dfn
2740.0,3.145685066668373,0.7408737619295079,4.139961828751085,33.232677298299905,4.140000000006197,33.276710110264936,0.7825219469306792,True,True,False,False,False,0.0,-6.196820834247774e-12,chen2020_dfn
2745.0,3.145685066668373,0.7417475633369158,4.140580708820967,33.217740249168685,4.140000000006197,33.276710110264936,0.7825219469306792,True,True,False,False,False,0.0,-6.196820834247774e-12,chen2020_dfn
2750.0,3.0523112312025056,0.7425954275678054,4.138974227402862,33.20109988119458,4.140000000000478,33.20011583205413,0.7856783885608692,True,True,False,False,True,0.12415089999922202,-4.778399897986674e-13,chen2020_dfn
2755.0,3.0523112312025056,0.743443291798695,4.1393832989186885,33.184489296857635,4.140000000000478,33.20011583205413,0.7856783885608692,True,True,False,False,False,0.0,-4.778399897986674e-13,chen2020_dfn
2760.0,3.0523112312025056,0.7442911560295845,4.139869725922552,33.16792203521561,4.140000000000478,33.20011583205413,0.7856783885608692,True,True,False,False,False,0.0,-4.778399897986674e-13,chen2020_dfn
2765.0,3.0523112312025056,0.7451390202604742,4.140410714450651,33.15140835330243,4.140000000000478,33.20011583205413,0.7856783885608692,True,True,False,False,False,0.0,-4.778399897986674e-13,chen2020_dfn
2770.0,3.0523112312025056,0.7459868844913637,4.1409925844875834,33.13495650917838,4.140000000000478,33.20011583205413,0.7856783885608692,True,True,False,False,False,0.0,-4.778399897986674e-13,chen2020_dfn
2775.0,2.9643819238240043,0.7468103239146483,4.139463017315407,33.116958150180494,4.140000000003457,33.115961683059716,0.7887565291322125,True,True,False,False,True,0.12128549999943061,-3.4567904094728874e-12,chen2020_dfn
2780.0,2.9643819238240043,0.7476337633379329,4.1398498653854645,33.09900756426009,4.140000000003457,33.115961683059716,0.7887565291322125,True,True,False,False,False,0.0,-3.4567904094728874e-12,chen2020_dfn
2785.0,2.9643819238240043,0.7484572027612174,4.140308439579696,33.08111715891988,4.140000000003457,33.115961683059716,0.7887565291322125,True,True,False,False,False,0.0,-3.4567904094728874e-12,chen2020_dfn
2790.0,2.9643819238240043,0.7492806421845019,4.140817658575516,33.06329615461533,4.140000000003457,33.115961683059716,0.7887565291322125,True,True,False,False,False,0.0,-3.4567904094728874e-12,chen2020_dfn
2795.0,2.9643819238240043,0.7501040816077864,4.141364871804885,33.04555195263367,4.140000000003457,33.115961683059716,0.7887565291322125,True,True,False,False,False,0.0,-3.4567904094728874e-12,chen2020_dfn
2800.0,2.881137712599709,0.7509043976390642,4.139898540407204,33.0263953494848,4.140000000008432,33.025360043410956,0.7917587786728325,True,True,False,False,True,0.08277430000089225,-8.431477738213289e-12,chen2020_dfn
2805.0,2.881137712599709,0.7517047136703421,4.140263584655231,33.00730201216862,4.140000000008432,33.025360043410956,0.7917587786728325,True,True,False,False,False,0.0,-8.431477738213289e-12,chen2020_dfn
2810.0,2.881137712599709,0.7525050297016198,4.140695466185667,32.98828335837783,4.140000000008432,33.025360043410956,0.7917587786728325,True,True,False,False,False,0.0,-8.431477738213289e-12,chen2020_dfn
2815.0,2.881137712599709,0.7533053457328976,4.141174604135334,32.969347694940325,4.140000000008432,33.025360043410956,0.7917587786728325,True,True,False,False,False,0.0,-8.431477738213289e-12,chen2020_dfn
2820.0,2.881137712599709,0.7541056617641754,4.141689246410132,32.95050166294874,4.140000000008432,33.025360043410956,0.7917587786728325,True,True,False,False,False,0.0,-8.431477738213289e-12,chen2020_dfn
2825.0,2.801973050974105,0.7548839876116682,4.14027821250628,32.93036111871817,4.140000000006669,32.929265873664306,0.7946874275505559,True,True,False,False,True,0.08341659999859985,-6.66844357510854e-12,chen2020_dfn
2830.0,2.801973050974105,0.7556623134591611,4.1406209315889875,32.91029533614051,4.140000000006669,32.929265873664306,0.7946874275505559,True,True,False,False,False,0.0,-6.66844357510854e-12,chen2020_dfn
2835.0,2.801973050974105,0.7564406393066541,4.141026854856516,32.890316543573704,4.140000000006669,32.929265873664306,0.7946874275505559,True,True,False,False,False,0.0,-6.66844357510854e-12,chen2020_dfn
2840.0,2.801973050974105,0.757218965154147,4.141477268404244,32.87043227771164,4.140000000006669,32.929265873664306,0.7946874275505559,True,True,False,False,False,0.0,-6.66844357510854e-12,chen2020_dfn
2845.0,2.801973050974105,0.7579972910016399,4.141961125887411,32.850648516613546,4.140000000006669,32.929265873664306,0.7946874275505559,True,True,False,False,False,0.0,-6.66844357510854e-12,chen2020_dfn
2850.0,2.7264020270701295,0.7587546248980482,4.1405938258292405,32.829671586700215,4.139999989110527,32.828505095731714,0.7975445400020938,True,True,False,False,True,0.08403040000121109,1.0889473323061338e-08,chen2020_dfn
2855.0,2.7264020270701295,0.7595119587944567,4.140916051638271,32.8087803474379,4.139999989110527,32.828505095731714,0.7975445400020938,True,True,False,False,False,0.0,1.0889473323061338e-08,chen2020_dfn
2860.0,2.7264020270701295,0.760269292690865,4.1412977108621885,32.787986591398294,4.139999989110527,32.828505095731714,0.7975445400020938,True,True,False,False,False,0.0,1.0889473323061338e-08,chen2020_dfn
2865.0,2.7264020270701295,0.7610266265872733,4.141721290161421,32.767297144366864,4.139999989110527,32.828505095731714,0.7975445400020938,True,True,False,False,False,0.0,1.0889473323061338e-08,chen2020_dfn
2870.0,2.7264020270701295,0.7617839604836816,4.1421764396222365,32.7467173918252,4.139999989110527,32.828505095731714,0.7975445400020938,True,True,False,False,False,0.0,1.0889473323061338e-08,chen2020_dfn
2875.0,2.65403386420491,0.7625211921126275,4.140846532442277,32.72503372538739,4.140000000000001,32.72378823343962,0.8000000004933436,True,True,False,False,True,0.9332825999990746,-4.933435882037429e-10,chen2020_dfn
2880.0,2.65403386420491,0.7632584237415733,4.141149257375174,32.70344501454122,4.140000000000001,32.72378823343962,0.8000000004933436,True,True,False,False,False,0.0,-4.933435882037429e-10,chen2020_dfn
2885.0,2.65403386420491,0.7639956553705191,4.141508053928605,32.681962647172384,4.140000000000001,32.72378823343962,0.8000000004933436,True,True,False,False,False,0.0,-4.933435882037429e-10,chen2020_dfn
2890.0,2.65403386420491,0.7647328869994648,4.14190648663598,32.66059281880365,4.140000000000001,32.72378823343962,0.8000000004933436,True,True,False,False,False,0.0,-4.933435882037429e-10,chen2020_dfn
2895.0,2.65403386420491,0.7654701186284106,4.142334828446443,32.63934039033586,4.140000000000001,32.72378823343962,0.8000000004933436,True,True,False,False,False,0.0,-4.933435882037429e-10,chen2020_dfn
2900.0,2.584548900945929,0.7661880488786735,4.141037337326655,32.61706330245835,4.140000000000002,32.615735037076746,0.8000000000022144,True,True,False,False,True,1.4737635999990744,-2.2143398226148747e-12,chen2020_dfn
2905.0,2.584548900945929,0.7669059791289363,4.141321596665293,32.59488898563211,4.140000000000002,32.615735037076746,0.8000000000022144,True,True,False,False,False,0.0,-2.2143398226148747e-12,chen2020_dfn
2910.0,2.584548900945929,0.7676239093791991,4.141658914554693,32.57282845031318,4.140000000000002,32.615735037076746,0.8000000000022144,True,True,False,False,False,0.0,-2.2143398226148747e-12,chen2020_dfn
2915.0,2.584548900945929,0.768341839629462,4.142033825512154,32.5508873329843,4.140000000000002,32.615735037076746,0.8000000000022144,True,True,False,False,False,0.0,-2.2143398226148747e-12,chen2020_dfn
2920.0,2.584548900945929,0.7690597698797248,4.142437161357555,32.52907003051416,4.140000000000002,32.615735037076746,0.8000000000022144,True,True,False,False,False,0.0,-2.2143398226148747e-12,chen2020_dfn
2925.0,2.517686564633502,0.7697591272587896,4.141168290866669,32.50629903558598,4.1400000000000015,32.50488735059779,0.7999999990852659,True,True,False,False,True,1.4445412999994005,-8.881784197001252e-16,chen2020_dfn
2930.0,2.517686564633502,0.7704584846378544,4.1414351608150906,32.48363737526307,4.1400000000000015,32.50488735059779,0.7999999990852659,True,True,False,False,False,0.0,-8.881784197001252e-16,chen2020_dfn
2935.0,2.517686564633502,0.7711578420169191,4.141752365588948,32.46109570628573,4.1400000000000015,32.50488735059779,0.7999999990852659,True,True,False,False,False,0.0,-8.881784197001252e-16,chen2020_dfn
2940.0,2.517686564633502,0.7718571993959839,4.142105318071728,32.43867916805573,4.1400000000000015,32.50488735059779,0.7999999990852659,True,True,False,False,False,0.0,-8.881784197001252e-16,chen2020_dfn
2945.0,2.517686564633502,0.7725565567750486,4.142485355073057,32.41639174630734,4.1400000000000015,32.50488735059779,0.7999999990852659,True,True,False,False,False,0.0,-8.881784197001252e-16,chen2020_dfn
2950.0,2.453231023261301,0.7732380098370657,4.141242188772188,32.39321464381021,4.1400000000000015,32.39172127921211,0.799999999085258,True,True,False,False,True,1.4089999999996508,-8.881784197001252e-16,chen2020_dfn
2955.0,2.453231023261301,0.7739194628990828,4.141492752474548,32.37015236201273,4.1400000000000015,32.39172127921211,0.799999999085258,True,True,False,False,False,0.0,-8.881784197001252e-16,chen2020_dfn
2960.0,2.453231023261301,0.7746009159610998,4.141791168594226,32.34721522476127,4.1400000000000015,32.39172127921211,0.799999999085258,True,True,False,False,False,0.0,-8.881784197001252e-16,chen2020_dfn
2965.0,2.453231023261301,0.7752823690231169,4.142123650178404,32.32440792799514,4.1400000000000015,32.39172127921211,0.799999999085258,True,True,False,False,False,0.0,-8.881784197001252e-16,chen2020_dfn
2970.0,2.453231023261301,0.7759638220851338,4.142481993464516,32.301734092134495,4.1400000000000015,32.39172127921211,0.799999999085258,True,True,False,False,False,0.0,-8.881784197001252e-16,chen2020_dfn
2975.0,2.3910020640654084,0.776627989325152,4.1412622986190035,32.27822870056008,4.140000000000001,32.27665716016925,0.8000000000011036,True,True,False,False,True,1.2833049000000756,-1.1035616864774056e-12,chen2020_dfn
2980.0,2.3910020640654084,0.7772921565651701,4.141497619845643,32.25484268939414,4.140000000000001,32.27665716016925,0.8000000000011036,True,True,False,False,False,0.0,-1.1035616864774056e-12,chen2020_dfn
2985.0,2.3910020640654084,0.7779563238051883,4.1417785138752645,32.23158606797358,4.140000000000001,32.27665716016925,0.8000000000011036,True,True,False,False,False,0.0,-1.1035616864774056e-12,chen2020_dfn
2990.0,2.3910020640654084,0.7786204910452065,4.142091926816833,32.208463135059674,4.140000000000001,32.27665716016925,0.8000000000011036,True,True,False,False,False,0.0,-1.1035616864774056e-12,chen2020_dfn
2995.0,2.3910020640654084,0.7792846582852248,4.142430075573433,32.1854771852569,4.140000000000001,32.27665716016925,0.8000000000011036,True,True,False,False,False,0.0,-1.1035616864774056e-12,chen2020_dfn
3000.0,2.330847625528535,0.7799321159589827,4.141232141491807,32.16171277392283,4.140000000000001,32.160067816546814,0.7999781367151421,True,True,False,False,True,1.3524722999991354,0.0,chen2020_dfn
3005.0,2.330847625528535,0.7805795736327408,4.141453245497824,32.138071505386165,4.140000000000001,32.160067816546814,0.7999781367151421,True,True,False,False,False,0.0,0.0,chen2020_dfn
3010.0,2.330847625528535,0.7812270313064987,4.1417178148688105,32.114563090798924,4.140000000000001,32.160067816546814,0.7999781367151421,True,True,False,False,False,0.0,0.0,chen2020_dfn
3015.0,2.330847625528535,0.7818744889802568,4.142013470785167,32.091191471706,4.140000000000001,32.160067816546814,0.7999781367151421,True,True,False,False,False,0.0,0.0,chen2020_dfn
3020.0,2.330847625528535,0.7825219466540149,4.142332817578067,32.06795965089856,4.140000000000001,32.160067816546814,0.7999781367151421,True,True,False,False,False,0.0,0.0,chen2020_dfn
3025.0,2.2726379837533766,0.7831532349828351,4.141155330265993,32.04399812109705,4.140000000000002,32.04228535309333,0.800000000001426,True,True,False,False,True,1.4219758000017464,-1.425970452828551e-12,chen2020_dfn
3030.0,2.2726379837533766,0.7837845233116553,4.141363191411735,32.02016280853297,4.140000000000002,32.04228535309333,0.800000000001426,True,True,False,False,False,0.0,-1.425970452828551e-12,chen2020_dfn
3035.0,2.2726379837533766,0.7844158116404756,4.141612558346642,31.996463140746584,4.140000000000002,32.04228535309333,0.800000000001426,True,True,False,False,False,0.0,-1.425970452828551e-12,chen2020_dfn
3040.0,2.2726379837533766,0.7850470999692959,4.1418916768160585,31.97290273664788,4.140000000000002,32.04228535309333,0.800000000001426,True,True,False,False,False,0.0,-1.425970452828551e-12,chen2020_dfn
3045.0,2.2726379837533766,0.7856783882981162,4.1421935098209985,31.94948433652098,4.140000000000002,32.04228535309333,0.800000000001426,True,True,False,False,False,0.0,-1.425970452828551e-12,chen2020_dfn
3050.0,2.2162612191071673,0.7862940164145349,4.141035455431944,31.92538119685628,4.140000000000001,31.923606751773,0.7999999999970504,True,True,False,False,True,0.9687583000013547,0.0,chen2020_dfn
3055.0,2.2162612191071673,0.7869096445309535,4.141230990166014,31.90140675321601,4.140000000000001,31.923606751773,0.7999999999970504,True,True,False,False,False,0.0,0.0,chen2020_dfn
3060.0,2.2162612191071673,0.787525272647372,4.141466199606404,31.877570162610198,4.140000000000001,31.923606751773,0.7999999999970504,True,True,False,False,False,0.0,0.0,chen2020_dfn
3065.0,2.2162612191071673,0.7881409007637906,4.141729909727815,31.85387475135633,4.140000000000001,31.923606751773,0.7999999999970504,True,True,False,False,False,0.0,0.0,chen2020_dfn
3070.0,2.2162612191071673,0.7887565288802093,4.142015417088006,31.830323022573623,4.140000000000001,31.923606751773,0.7999999999970504,True,True,False,False,False,0.0,0.0,chen2020_dfn
3075.0,2.1616196765929416,0.7893569787903739,4.140876007899237,31.80612819659308,4.140000000000001,31.80429848752581,0.8000000010921413,True,True,False,False,True,0.6814999999987776,-1.0921412663122965e-09,chen2020_dfn
3080.0,2.1616196765929416,0.7899574287005385,4.141060071687097,31.782064027576837,4.140000000000001,31.80429848752581,0.8000000010921413,True,True,False,False,False,0.0,-1.0921412663122965e-09,chen2020_dfn
3085.0,2.1616196765929416,0.7905578786107031,4.141282092086785,31.758139413818128,4.140000000000001,31.80429848752581,0.8000000010921413,True,True,False,False,False,0.0,-1.0921412663122965e-09,chen2020_dfn
3090.0,2.1616196765929416,0.7911583285208678,4.1415314360611495,31.734357415268505,4.140000000000001,31.80429848752581,0.8000000010921413,True,True,False,False,False,0.0,-1.0921412663122965e-09,chen2020_dfn
3095.0,2.1616196765929416,0.7917587784310324,4.141801711597234,31.710720319899224,4.140000000000001,31.80429848752581,0.8000000010921413,True,True,False,False,False,0.0,-1.0921412663122965e-09,chen2020_dfn
3100.0,2.108627198273693,0.7923445082083307,4.140680329466424,31.68647881777912,4.140000000000001,31.684600349151495,0.7999999963320074,True,True,False,False,True,0.8229117999999289,0.0,chen2020_dfn
3105.0,2.108627198273693,0.792930237985629,4.140853716494519,31.662369481402493,4.140000000000001,31.684600349151495,0.7999999963320074,True,True,False,False,False,0.0,0.0,chen2020_dfn
3110.0,2.108627198273693,0.7935159677629273,4.141063442515694,31.63840096107242,4.140000000000001,31.684600349151495,0.7999999963320074,True,True,False,False,False,0.0,0.0,chen2020_dfn
3115.0,2.108627198273693,0.7941016975402256,4.141299380486116,31.614576073405658,4.140000000000001,31.684600349151495,0.7999999963320074,True,True,False,False,False,0.0,0.0,chen2020_dfn
3120.0,2.108627198273693,0.7946874273175238,4.141555430146956,31.590896910463584,4.140000000000001,31.684600349151495,0.7999999963320074,True,True,False,False,False,0.0,0.0,chen2020_dfn
3125.0,1.541760945382105,0.7951156942467967,4.126164334686154,31.560165477886017,4.127902519614562,31.55931601508169,0.8000000022682526,True,True,False,False,True,0.08225319999837666,-2.2682525857575797e-09,chen2020_dfn
3130.0,1.541760945382105,0.7955439611760695,4.12511977257039,31.52950904262815,4.127902519614562,31.55931601508169,0.8000000022682526,True,True,False,False,False,0.0,-2.2682525857575797e-09,chen2020_dfn
3135.0,1.541760945382105,0.7959722281053423,4.124341455451301,31.49895112967124,4.127902519614562,31.55931601508169,0.8000000022682526,True,True,False,False,False,0.0,-2.2682525857575797e-09,chen2020_dfn
3140.0,1.541760945382105,0.7964004950346151,4.123747405604789,31.46850811099017,4.127902519614562,31.55931601508169,0.8000000022682526,True,True,False,False,False,0.0,-2.2682525857575797e-09,chen2020_dfn
3145.0,1.541760945382105,0.796828761963888,4.123289911848087,31.438193061661934,4.127902519614562,31.55931601508169,0.8000000022682526,True,True,False,False,False,0.0,-2.2682525857575797e-09,chen2020_dfn
3150.0,1.0279086530221786,0.7971142921452832,4.107890353940258,31.403154164457078,4.112578526438329,31.402669565777547,0.799999997957148,True,True,False,False,True,0.08144240000001446,2.0428519986737115e-09,chen2020_dfn
3155.0,1.0279086530221786,0.7973998223266783,4.1064152139436505,31.36823989375023,4.112578526438329,31.402669565777547,0.799999997957148,True,True,False,False,False,0.0,2.0428519986737115e-09,chen2020_dfn
3160.0,1.0279086530221786,0.7976853525080734,4.105232196082699,31.33346654549763,4.112578526438329,31.402669565777547,0.799999997957148,True,True,False,False,False,0.0,2.0428519986737115e-09,chen2020_dfn
3165.0,1.0279086530221786,0.7979708826894685,4.104258579640696,31.29884600993779,4.112578526438329,31.402669565777547,0.799999997957148,True,True,False,False,False,0.0,2.0428519986737115e-09,chen2020_dfn
3170.0,1.0279086530221786,0.7982564128708635,4.103444206691339,31.26438797899243,4.112578526438329,31.402669565777547,0.799999997957148,True,True,False,False,False,0.0,2.0428519986737115e-09,chen2020_dfn
3175.0,0.6535508767075668,0.7984379547810599,4.09139230706987,31.227688638280824,4.098236716095666,31.227116374912885,0.79999999745677,True,True,False,False,True,0.08163620000050287,2.543230070983782e-09,chen2020_dfn
3180.0,0.6535508767075668,0.7986194966912566,4.0899156416567415,31.191164862964285,4.098236716095666,31.227116374912885,0.79999999745677,True,True,False,False,False,0.0,2.543230070983782e-09,chen2020_dfn
3185.0,0.6535508767075668,0.7988010386014534,4.088684514130682,31.154824565340505,4.098236716095666,31.227116374912885,0.79999999745677,True,True,False,False,False,0.0,2.543230070983782e-09,chen2020_dfn
3190.0,0.6535508767075668,0.79898258051165,4.087632938011305,31.118673461255355,4.098236716095666,31.227116374912885,0.79999999745677,True,True,False,False,False,0.0,2.543230070983782e-09,chen2020_dfn
3195.0,0.6535508767075668,0.7991641224218466,4.086721652637636,31.082715983937817,4.098236716095666,31.227116374912885,0.79999999745677,True,True,False,False,False,0.0,2.543230070983782e-09,chen2020_dfn
3200.0,0.32680326839460494,0.7992549011075117,4.075827990310399,31.045679876323106,4.08489285291356,31.044827076880004,0.7999999950776189,True,True,False,False,True,0.08152770000015153,4.9223811693366315e-09,chen2020_dfn
3205.0,0.32680326839460494,0.7993456797931768,4.074332722230983,31.008849944033614,4.08489285291356,31.044827076880004,0.7999999950776189,True,True,False,False,False,0.0,4.9223811693366315e-09,chen2020_dfn
3210.0,0.32680326839460494,0.7994364584788419,4.073055860175662,30.972228898321987,4.08489285291356,31.044827076880004,0.7999999950776189,True,True,False,False,False,0.0,4.9223811693366315e-09,chen2020_dfn
3215.0,0.32680326839460494,0.799527237164507,4.071939349905666,30.93581824006702,4.08489285291356,31.044827076880004,0.7999999950776189,True,True,False,False,False,0.0,4.9223811693366315e-09,chen2020_dfn
