scenario_id,controller,step,failure_type,source,optimizer_success,prediction_feasible,slack_voltage_v,slack_temperature_c,slack_soc,slack_current_change_a,braking_distance_steps,braking_current_deficit_a,candidate_shifted_previous,candidate_projected_ann,candidate_conservative_slew_down,emergency_fallback
lhs_008,original_mpc,1,none,slsqp,True,True,0.0,1.2832771290050005e-08,0.0,3.552713678800501e-15,0,0.0,0,0,0,0
lhs_008,recovery_mpc,1,none,slsqp,True,True,0.0,1.2832771290050005e-08,0.0,3.552713678800501e-15,0,0.0,0,0,0,0
lhs_008,original_mpc,2,none,slsqp,True,True,0.0,5.371632028072781e-10,0.0,8.881784197001252e-16,0,0.0,0,0,0,0
lhs_008,recovery_mpc,2,none,slsqp,True,True,0.0,5.371632028072781e-10,0.0,8.881784197001252e-16,0,0.0,0,0,0,0
lhs_008,original_mpc,3,none,slsqp,True,True,0.0,9.482759111278938e-08,0.0,1.7763568394002505e-15,0,0.0,0,0,0,0
lhs_008,recovery_mpc,3,none,slsqp,True,True,0.0,9.482759111278938e-08,0.0,1.7763568394002505e-15,0,0.0,0,0,0,0
lhs_008,original_mpc,4,none,slsqp,True,True,0.0,7.999574336281512e-09,0.0,0.0,0,0.0,0,0,0,0
lhs_008,recovery_mpc,4,none,slsqp,True,True,0.0,7.999574336281512e-09,0.0,0.0,0,0.0,0,0,0,0
lhs_008,original_mpc,5,none,slsqp,True,True,0.0,1.2607017652044306e-09,0.0,0.0,0,0.0,0,0,0,0
lhs_008,recovery_mpc,5,none,slsqp,True,True,0.0,1.2607017652044306e-09,0.0,0.0,0,0.0,0,0,0,0
lhs_008,original_mpc,6,none,slsqp,True,True,0.0,4.6802334452422656e-08,0.0,0.0,0,0.0,0,0,0,0
lhs_008,recovery_mpc,6,none,slsqp,True,True,0.0,4.6802334452422656e-08,0.0,0.0,0,0.0,0,0,0,0
lhs_008,original_mpc,11,none,slsqp,True,True,0.0,5.609265940620389e-09,0.0,0.0,0,0.0,0,0,0,0
lhs_008,recovery_mpc,11,none,slsqp,True,True,0.0,5.609265940620389e-09,0.0,0.0,0,0.0,0,0,0,0
lhs_008,original_mpc,16,none,slsqp,True,True,0.0,6.2118488131091e-09,0.0,0.0,0,0.0,0,0,0,0
lhs_008,recovery_mpc,16,none,slsqp,True,True,0.0,6.2118488131091e-09,0.0,0.0,0,0.0,0,0,0,0
lhs_008,original_mpc,21,none,slsqp,True,True,0.0,3.1525502208751277e-09,0.0,0.0,0,0.0,0,0,0,0
lhs_008,recovery_mpc,21,none,slsqp,True,True,0.0,3.1525502208751277e-09,0.0,0.0,0,0.0,0,0,0,0
lhs_008,original_mpc,26,none,slsqp,True,True,0.0,1.0957421636703657e-09,0.0,0.0,0,0.0,0,0,0,0
lhs_008,recovery_mpc,26,none,slsqp,True,True,0.0,1.0957421636703657e-09,0.0,0.0,0,0.0,0,0,0,0
lhs_008,original_mpc,31,none,slsqp,True,True,0.0,5.947242698312039e-10,0.0,0.0,0,0.0,0,0,0,0
lhs_008,recovery_mpc,31,none,slsqp,True,True,0.0,5.947242698312039e-10,0.0,0.0,0,0.0,0,0,0,0
lhs_008,original_mpc,36,none,slsqp,True,True,0.0,7.515481570408156e-10,0.0,0.0,0,0.0,0,0,0,0
lhs_008,recovery_mpc,36,none,slsqp,True,True,0.0,7.515481570408156e-10,0.0,0.0,0,0.0,0,0,0,0
lhs_008,original_mpc,41,none,slsqp,True,True,0.0,1.751558897922223e-10,0.0,0.0,0,0.0,0,0,0,0
lhs_008,recovery_mpc,41,none,slsqp,True,True,0.0,1.751558897922223e-10,0.0,0.0,0,0.0,0,0,0,0
lhs_008,original_mpc,46,none,slsqp,True,True,0.0,6.701696975142113e-10,0.0,0.0,0,0.0,0,0,0,0
lhs_008,recovery_mpc,46,none,slsqp,True,True,0.0,6.701696975142113e-10,0.0,0.0,0,0.0,0,0,0,0
lhs_008,original_mpc,51,none,slsqp,True,True,0.0,3.085816047132539e-09,0.0,0.0,0,0.0,0,0,0,0
lhs_008,recovery_mpc,51,none,slsqp,True,True,0.0,3.085816047132539e-09,0.0,0.0,0,0.0,0,0,0,0
lhs_008,original_mpc,56,none,slsqp,True,True,0.0,7.348290864683804e-10,0.0,0.0,0,0.0,0,0,0,0
lhs_008,recovery_mpc,56,none,slsqp,True,True,0.0,7.348290864683804e-10,0.0,0.0,0,0.0,0,0,0,0
lhs_008,original_mpc,61,none,slsqp,True,True,0.0,4.2740566641441546e-10,0.0,0.0,0,0.0,0,0,0,0
lhs_008,recovery_mpc,61,none,slsqp,True,True,0.0,4.2740566641441546e-10,0.0,0.0,0,0.0,0,0,0,0
lhs_008,original_mpc,66,none,slsqp,True,True,0.0,4.0753178609520546e-10,0.0,0.0,0,0.0,0,0,0,0
lhs_008,recovery_mpc,66,none,slsqp,True,True,0.0,4.0753178609520546e-10,0.0,0.0,0,0.0,0,0,0,0
lhs_008,original_mpc,71,none,slsqp,True,True,0.0,2.80941492292186e-10,0.0,0.0,0,0.0,0,0,0,0
lhs_008,recovery_mpc,71,none,slsqp,True,True,0.0,2.80941492292186e-10,0.0,0.0,0,0.0,0,0,0,0
lhs_008,original_mpc,76,none,slsqp,True,True,0.0,5.693792104466411e-10,0.0,0.0,0,0.0,0,0,0,0
lhs_008,recovery_mpc,76,none,slsqp,True,True,0.0,5.693792104466411e-10,0.0,0.0,0,0.0,0,0,0,0
lhs_008,original_mpc,81,none,slsqp,True,True,0.0,1.3891394701204263e-09,0.0,0.0,0,0.0,0,0,0,0
lhs_008,recovery_mpc,81,none,slsqp,True,True,0.0,1.3891394701204263e-09,0.0,0.0,0,0.0,0,0,0,0
lhs_008,original_mpc,86,none,slsqp,True,True,0.0,0.0,0.0,0.0,0,0.0,0,0,0,0
lhs_008,recovery_mpc,86,none,slsqp,True,True,0.0,0.0,0.0,0.0,0,0.0,0,0,0,0
lhs_008,original_mpc,91,none,slsqp,True,True,0.0,3.084892341576051e-10,0.0,0.0,0,0.0,0,0,0,0
lhs_008,recovery_mpc,91,none,slsqp,True,True,0.0,3.084892341576051e-10,0.0,0.0,0,0.0,0,0,0,0
lhs_008,original_mpc,96,none,slsqp,True,True,0.0,5.214673137743375e-11,0.0,0.0,0,0.0,0,0,0,0
lhs_008,recovery_mpc,96,none,slsqp,True,True,0.0,5.214673137743375e-11,0.0,0.0,0,0.0,0,0,0,0
lhs_008,original_mpc,101,none,slsqp,True,True,0.0,2.19948503854539e-10,0.0,0.0,0,0.0,0,0,0,0
lhs_008,recovery_mpc,101,none,slsqp,True,True,0.0,2.19948503854539e-10,0.0,0.0,0,0.0,0,0,0,0
lhs_008,original_mpc,106,none,slsqp,True,True,0.0,3.44606121416291e-09,0.0,0.0,0,0.0,0,0,0,0
lhs_008,recovery_mpc,106,none,slsqp,True,True,0.0,3.44606121416291e-09,0.0,0.0,0,0.0,0,0,0,0
lhs_008,original_mpc,111,none,slsqp,True,True,0.0,3.9511995453267446e-08,0.0,0.0,0,0.0,0,0,0,0
lhs_008,recovery_mpc,111,none,slsqp,True,True,0.0,3.9511995453267446e-08,0.0,0.0,0,0.0,0,0,0,0
lhs_008,original_mpc,116,none,slsqp,True,True,0.0,1.62239004453113e-08,0.0,0.0,0,0.0,0,0,0,0
lhs_008,recovery_mpc,116,none,slsqp,True,True,0.0,1.62239004453113e-08,0.0,0.0,0,0.0,0,0,0,0
lhs_008,original_mpc,121,none,slsqp,True,True,0.0,1.5077787907102902e-09,0.0,0.0,0,0.0,0,0,0,0
lhs_008,recovery_mpc,121,none,slsqp,True,True,0.0,1.5077787907102902e-09,0.0,0.0,0,0.0,0,0,0,0
lhs_008,original_mpc,126,none,slsqp,True,True,0.0,1.912027869366284e-09,0.0,0.0,0,0.0,0,0,0,0
lhs_008,recovery_mpc,126,none,slsqp,True,True,0.0,1.912027869366284e-09,0.0,0.0,0,0.0,0,0,0,0
lhs_008,original_mpc,131,none,slsqp,True,True,0.0,2.2601298610425147e-09,0.0,0.0,0,0.0,0,0,0,0
lhs_008,recovery_mpc,131,none,slsqp,True,True,0.0,2.2601298610425147e-09,0.0,0.0,0,0.0,0,0,0,0
lhs_008,original_mpc,136,none,slsqp,True,True,0.0,0.0,0.0,0.0,0,0.0,0,0,0,0
lhs_008,recovery_mpc,136,none,slsqp,True,True,0.0,0.0,0.0,0.0,0,0.0,0,0,0,0
lhs_008,original_mpc,141,none,slsqp,True,True,0.0,1.638582602936367e-10,0.0,0.0,0,0.0,0,0,0,0
lhs_008,recovery_mpc,141,none,slsqp,True,True,0.0,1.638582602936367e-10,0.0,0.0,0,0.0,0,0,0,0
lhs_008,original_mpc,146,none,slsqp,True,True,0.0,6.469278446274984e-10,0.0,0.0,0,0.0,0,0,0,0
lhs_008,recovery_mpc,146,none,slsqp,True,True,0.0,6.469278446274984e-10,0.0,0.0,0,0.0,0,0,0,0
lhs_008,original_mpc,151,none,slsqp,True,True,0.0,1.5180461332420236e-09,0.0,0.0,0,0.0,0,0,0,0
lhs_008,recovery_mpc,151,none,slsqp,True,True,0.0,1.5180461332420236e-09,0.0,0.0,0,0.0,0,0,0,0
lhs_008,original_mpc,156,none,slsqp,True,True,0.0,1.543389771541115e-08,0.0,0.0,0,0.0,0,0,0,0
lhs_008,recovery_mpc,156,none,slsqp,True,True,0.0,1.543389771541115e-08,0.0,0.0,0,0.0,0,0,0,0
lhs_008,original_mpc,161,none,slsqp,True,True,0.0,2.359492157211207e-09,0.0,0.0,0,0.0,0,0,0,0
lhs_008,recovery_mpc,161,none,slsqp,True,True,0.0,2.359492157211207e-09,0.0,0.0,0,0.0,0,0,0,0
lhs_008,original_mpc,166,none,slsqp,True,True,0.0,5.787605061868817e-09,0.0,0.0,0,0.0,0,0,0,0
lhs_008,recovery_mpc,166,none,slsqp,True,True,0.0,5.787605061868817e-09,0.0,0.0,0,0.0,0,0,0,0
lhs_008,original_mpc,171,none,slsqp,True,True,0.0,1.0502532177270041e-10,0.0,0.0,0,0.0,0,0,0,0
lhs_008,recovery_mpc,171,none,slsqp,True,True,0.0,1.0502532177270041e-10,0.0,0.0,0,0.0,0,0,0,0
lhs_008,original_mpc,176,none,slsqp,True,True,0.0,6.504805583062989e-10,0.0,0.0,0,0.0,0,0,0,0
lhs_008,recovery_mpc,176,none,slsqp,True,True,0.0,6.504805583062989e-10,0.0,0.0,0,0.0,0,0,0,0
lhs_008,original_mpc,181,none,slsqp,True,True,0.0,5.026237204219797e-09,0.0,0.0,0,0.0,0,0,0,0
lhs_008,recovery_mpc,181,none,slsqp,True,True,0.0,5.026237204219797e-09,0.0,0.0,0,0.0,0,0,0,0
lhs_008,original_mpc,186,none,slsqp,True,True,0.0,9.262421940547938e-10,0.0,0.0,0,0.0,0,0,0,0
lhs_008,recovery_mpc,186,none,slsqp,True,True,0.0,9.262421940547938e-10,0.0,0.0,0,0.0,0,0,0,0
lhs_008,original_mpc,191,none,slsqp,True,True,0.0,3.3554130141055794e-08,0.0,0.0,0,0.0,0,0,0,0
lhs_008,recovery_mpc,191,none,slsqp,True,True,0.0,3.3554130141055794e-08,0.0,0.0,0,0.0,0,0,0,0
lhs_008,original_mpc,196,none,slsqp,True,True,0.0,5.89004400808335e-10,0.0,0.0,0,0.0,0,0,0,0
lhs_008,recovery_mpc,196,none,slsqp,True,True,0.0,5.89004400808335e-10,0.0,0.0,0,0.0,0,0,0,0
lhs_008,original_mpc,201,none,slsqp,True,True,0.0,5.40477884669599e-09,0.0,0.0,0,0.0,0,0,0,0
lhs_008,recovery_mpc,201,none,slsqp,True,True,0.0,5.40477884669599e-09,0.0,0.0,0,0.0,0,0,0,0
lhs_008,original_mpc,206,none,slsqp,True,True,0.0,4.9991726314146945e-09,0.0,0.0,0,0.0,0,0,0,0
lhs_008,recovery_mpc,206,none,slsqp,True,True,0.0,4.9991726314146945e-09,0.0,0.0,0,0.0,0,0,0,0
lhs_008,original_mpc,211,none,slsqp,True,True,0.0,2.1219790369286784e-09,0.0,0.0,0,0.0,0,0,0,0
lhs_008,recovery_mpc,211,none,slsqp,True,True,0.0,2.1219790369286784e-09,0.0,0.0,0,0.0,0,0,0,0
lhs_008,original_mpc,216,none,slsqp,True,True,0.0,1.689238615654176e-08,0.0,0.0,0,0.0,0,0,0,0
lhs_008,recovery_mpc,216,none,slsqp,True,True,0.0,1.689238615654176e-08,0.0,0.0,0,0.0,0,0,0,0
lhs_008,original_mpc,221,none,slsqp,True,True,0.0,3.97193389289896e-11,0.0,0.0,0,0.0,0,0,0,0
lhs_008,recovery_mpc,221,none,slsqp,True,True,0.0,3.97193389289896e-11,0.0,0.0,0,0.0,0,0,0,0
lhs_008,original_mpc,226,none,slsqp,True,True,0.0,7.43312966733356e-10,0.0,0.0,0,0.0,0,0,0,0
lhs_008,recovery_mpc,226,none,slsqp,True,True,0.0,7.43312966733356e-10,0.0,0.0,0,0.0,0,0,0,0
lhs_008,original_mpc,231,none,slsqp,True,True,0.0,1.77280412572145e-10,0.0,0.0,0,0.0,0,0,0,0
lhs_008,recovery_mpc,231,none,slsqp,True,True,0.0,1.77280412572145e-10,0.0,0.0,0,0.0,0,0,0,0
lhs_008,original_mpc,236,none,slsqp,True,True,0.0,1.9821897012661793e-08,0.0,0.0,0,0.0,0,0,0,0
lhs_008,recovery_mpc,236,none,slsqp,True,True,0.0,1.9821897012661793e-08,0.0,0.0,0,0.0,0,0,0,0
lhs_008,original_mpc,241,none,slsqp,True,True,0.0,2.2153230361254828e-09,0.0,0.0,0,0.0,0,0,0,0
lhs_008,recovery_mpc,241,none,slsqp,True,True,0.0,2.2153230361254828e-09,0.0,0.0,0,0.0,0,0,0,0
lhs_008,original_mpc,246,none,slsqp,True,True,0.0,1.5553062837625475e-08,0.0,0.0,0,0.0,0,0,0,0
lhs_008,recovery_mpc,246,none,slsqp,True,True,0.0,1.5553062837625475e-08,0.0,0.0,0,0.0,0,0,0,0
lhs_008,original_mpc,251,none,slsqp,True,True,0.0,7.803961921126756e-10,0.0,0.0,0,0.0,0,0,0,0
lhs_008,recovery_mpc,251,none,slsqp,True,True,0.0,7.803961921126756e-10,0.0,0.0,0,0.0,0,0,0,0
lhs_008,original_mpc,256,none,slsqp,True,True,0.0,8.925553629524074e-10,0.0,0.0,0,0.0,0,0,0,0
lhs_008,recovery_mpc,256,none,slsqp,True,True,0.0,8.925553629524074e-10,0.0,0.0,0,0.0,0,0,0,0
lhs_008,original_mpc,261,none,slsqp,True,True,3.136424453487052e-11,1.315444109195596e-08,0.0,0.0,0,0.0,0,0,0,0
lhs_008,recovery_mpc,261,none,slsqp,True,True,3.136424453487052e-11,1.315444109195596e-08,0.0,0.0,0,0.0,0,0,0,0
lhs_008,original_mpc,266,none,slsqp,True,True,2.205347016115411e-12,1.3198047099649557e-09,0.0,0.0,0,0.0,0,0,0,0
lhs_008,recovery_mpc,266,none,slsqp,True,True,2.205347016115411e-12,1.3198047099649557e-09,0.0,0.0,0,0.0,0,0,0,0
lhs_008,original_mpc,271,none,slsqp,True,True,2.934985587899064e-11,3.3856437653412286e-09,0.0,0.0,0,0.0,0,0,0,0
lhs_008,recovery_mpc,271,none,slsqp,True,True,2.934985587899064e-11,3.3856437653412286e-09,0.0,0.0,0,0.0,0,0,0,0
lhs_008,original_mpc,276,none,slsqp,True,True,1.2802203741557605e-11,1.1639400554486201e-10,0.0,0.0,0,0.0,0,0,0,0
lhs_008,recovery_mpc,276,none,slsqp,True,True,1.2802203741557605e-11,1.1639400554486201e-10,0.0,0.0,0,0.0,0,0,0,0
lhs_008,original_mpc,281,none,slsqp,True,True,9.141132295553689e-12,3.608562337831245e-10,0.0,0.0,0,0.0,0,0,0,0
lhs_008,recovery_mpc,281,none,slsqp,True,True,9.141132295553689e-12,3.608562337831245e-10,0.0,0.0,0,0.0,0,0,0,0
lhs_008,original_mpc,286,none,slsqp,True,True,5.994316154556145e-12,2.1665158556061215e-10,0.0,0.0,0,0.0,0,0,0,0
lhs_008,recovery_mpc,286,none,slsqp,True,True,5.994316154556145e-12,2.1665158556061215e-10,0.0,0.0,0,0.0,0,0,0,0
lhs_008,original_mpc,291,none,slsqp,True,True,2.070299487400007e-10,0.0,0.0,0.0,0,0.0,0,0,0,0
lhs_008,recovery_mpc,291,none,slsqp,True,True,2.070299487400007e-10,0.0,0.0,0.0,0,0.0,0,0,0,0
lhs_008,original_mpc,296,none,slsqp,True,True,6.3504757008558954e-12,0.0,0.0,0.0,0,0.0,0,0,0,0
lhs_008,recovery_mpc,296,none,slsqp,True,True,6.3504757008558954e-12,0.0,0.0,0.0,0,0.0,0,0,0,0
lhs_008,original_mpc,301,none,slsqp,True,True,4.120259688988881e-12,0.0,0.0,0.0,0,0.0,0,0,0,0
lhs_008,recovery_mpc,301,none,slsqp,True,True,4.120259688988881e-12,0.0,0.0,0.0,0,0.0,0,0,0,0
lhs_008,original_mpc,306,none,slsqp,True,True,1.0865974786611332e-11,0.0,0.0,0.0,0,0.0,0,0,0,0
lhs_008,recovery_mpc,306,none,slsqp,True,True,1.0865974786611332e-11,0.0,0.0,0.0,0,0.0,0,0,0,0
lhs_008,original_mpc,311,none,slsqp,True,True,1.7008616737257398e-12,0.0,0.0,0.0,0,0.0,0,0,0,0
lhs_008,recovery_mpc,311,none,slsqp,True,True,1.7008616737257398e-12,0.0,0.0,0.0,0,0.0,0,0,0,0
lhs_008,original_mpc,316,none,slsqp,True,True,8.962608433193964e-12,0.0,0.0,0.0,0,0.0,0,0,0,0
lhs_008,recovery_mpc,316,none,slsqp,True,True,8.962608433193964e-12,0.0,0.0,0.0,0,0.0,0,0,0,0
lhs_008,original_mpc,321,none,slsqp,True,True,2.1653789872289053e-12,0.0,0.0,0.0,0,0.0,0,0,0,0
lhs_008,recovery_mpc,321,none,slsqp,True,True,2.1653789872289053e-12,0.0,0.0,0.0,0,0.0,0,0,0,0
lhs_008,original_mpc,326,none,slsqp,True,True,1.2785328351583303e-11,0.0,0.0,0.0,0,0.0,0,0,0,0
lhs_008,recovery_mpc,326,none,slsqp,True,True,1.2785328351583303e-11,0.0,0.0,0.0,0,0.0,0,0,0,0
lhs_008,original_mpc,331,none,slsqp,True,True,3.282707439211663e-12,0.0,0.0,0.0,0,0.0,0,0,0,0
lhs_008,recovery_mpc,331,none,slsqp,True,True,3.282707439211663e-12,0.0,0.0,0.0,0,0.0,0,0,0,0
lhs_008,original_mpc,336,none,slsqp,True,True,0.0,0.0,0.0,0.0,0,0.0,0,0,0,0
lhs_008,recovery_mpc,336,none,slsqp,True,True,0.0,0.0,0.0,0.0,0,0.0,0,0,0,0
lhs_008,original_mpc,341,none,slsqp,True,True,1.2007284055925993e-11,0.0,0.0,0.0,0,0.0,0,0,0,0
lhs_008,recovery_mpc,341,none,slsqp,True,True,1.2007284055925993e-11,0.0,0.0,0.0,0,0.0,0,0,0,0
lhs_008,original_mpc,346,none,slsqp,True,True,5.3583804060508555e-12,0.0,0.0,0.0,0,0.0,0,0,0,0
lhs_008,recovery_mpc,346,none,slsqp,True,True,5.3583804060508555e-12,0.0,0.0,0.0,0,0.0,0,0,0,0
lhs_008,original_mpc,351,none,slsqp,True,True,3.2498448376827582e-12,0.0,0.0,0.0,0,0.0,0,0,0,0
lhs_008,recovery_mpc,351,none,slsqp,True,True,3.2498448376827582e-12,0.0,0.0,0.0,0,0.0,0,0,0,0
lhs_008,original_mpc,356,none,slsqp,True,True,1.0658141036401503e-14,0.0,0.0,0.0,0,0.0,0,0,0,0
lhs_008,recovery_mpc,356,none,slsqp,True,True,1.0658141036401503e-14,0.0,0.0,0.0,0,0.0,0,0,0,0
lhs_008,original_mpc,361,none,slsqp,True,True,7.44204697866735e-12,0.0,0.0,0.0,0,0.0,0,0,0,0
lhs_008,recovery_mpc,361,none,slsqp,True,True,7.44204697866735e-12,0.0,0.0,0.0,0,0.0,0,0,0,0
lhs_008,original_mpc,366,none,slsqp,True,True,0.0,0.0,0.0,0.0,0,0.0,0,0,0,0
lhs_008,recovery_mpc,366,none,slsqp,True,True,0.0,0.0,0.0,0.0,0,0.0,0,0,0,0
lhs_008,original_mpc,371,none,slsqp,True,True,1.7763568394002505e-15,0.0,0.0,0.0,0,0.0,0,0,0,0
lhs_008,recovery_mpc,371,none,slsqp,True,True,1.7763568394002505e-15,0.0,0.0,0.0,0,0.0,0,0,0,0
lhs_008,original_mpc,376,none,slsqp,True,True,0.0,0.0,4.052037927415597e-09,0.0,0,0.0,0,0,0,0
lhs_008,recovery_mpc,376,none,slsqp,True,True,0.0,0.0,4.052037927415597e-09,0.0,0,0.0,0,0,0,0
lhs_008,original_mpc,381,none,slsqp,True,True,0.0,0.0,0.0,0.0,0,0.0,0,0,0,0
lhs_008,recovery_mpc,381,none,slsqp,True,True,0.0,0.0,0.0,0.0,0,0.0,0,0,0,0
lhs_008,original_mpc,386,none,slsqp,True,True,0.0,0.0,0.0,0.0,0,0.0,0,0,0,0
lhs_008,recovery_mpc,386,none,slsqp,True,True,0.0,0.0,0.0,0.0,0,0.0,0,0,0,0
lhs_008,original_mpc,391,none,slsqp,True,True,0.0,0.0,0.0,0.0,0,0.0,0,0,0,0
lhs_008,recovery_mpc,391,none,slsqp,True,True,0.0,0.0,0.0,0.0,0,0.0,0,0,0,0
lhs_008,original_mpc,396,none,slsqp,True,True,0.0,0.0,0.0,0.0,0,0.0,0,0,0,0
lhs_008,recovery_mpc,396,none,slsqp,True,True,0.0,0.0,0.0,0.0,0,0.0,0,0,0,0
lhs_008,original_mpc,401,none,slsqp,True,True,0.0,0.0,6.472836711068908e-10,0.0,0,0.0,0,0,0,0
lhs_008,recovery_mpc,401,none,slsqp,True,True,0.0,0.0,6.472836711068908e-10,0.0,0,0.0,0,0,0,0
lhs_008,original_mpc,406,none,slsqp,True,True,0.0,0.0,0.0,0.0,0,0.0,0,0,0,0
lhs_008,recovery_mpc,406,none,slsqp,True,True,0.0,0.0,0.0,0.0,0,0.0,0,0,0,0
lhs_008,original_mpc,411,none,slsqp,True,True,0.0,0.0,0.0,0.0,0,0.0,0,0,0,0
lhs_008,recovery_mpc,411,none,slsqp,True,True,0.0,0.0,0.0,0.0,0,0.0,0,0,0,0
lhs_008,original_mpc,416,none,slsqp,True,True,0.0,0.0,0.0,0.0,0,0.0,0,0,0,0
lhs_008,recovery_mpc,416,none,slsqp,True,True,0.0,0.0,0.0,0.0,0,0.0,0,0,0,0
lhs_008,original_mpc,421,none,slsqp,True,True,0.0,0.0,0.0,0.0,0,0.0,0,0,0,0
lhs_008,recovery_mpc,421,none,slsqp,True,True,0.0,0.0,0.0,0.0,0,0.0,0,0,0,0
lhs_008,original_mpc,426,none,slsqp,True,True,0.0,0.0,2.106981256133622e-12,0.0,0,0.0,0,0,0,0
lhs_008,recovery_mpc,426,none,slsqp,True,True,0.0,0.0,2.106981256133622e-12,0.0,0,0.0,0,0,0,0
lhs_012,original_mpc,1,none,slsqp,True,True,0.0,0.0,0.0,0.0,0,0.0,0,0,0,0
lhs_012,recovery_mpc,1,none,slsqp,True,True,0.0,0.0,0.0,0.0,0,0.0,0,0,0,0
lhs_012,original_mpc,2,none,slsqp,True,True,0.0,7.176126359809132e-10,0.0,1.7763568394002505e-15,0,0.0,0,0,0,0
lhs_012,recovery_mpc,2,none,slsqp,True,True,0.0,7.176126359809132e-10,0.0,1.7763568394002505e-15,0,0.0,0,0,0,0
lhs_012,original_mpc,3,none,slsqp,True,True,0.0,2.3864288323238725e-10,0.0,1.7763568394002505e-15,0,0.0,0,0,0,0
lhs_012,recovery_mpc,3,none,slsqp,True,True,0.0,2.3864288323238725e-10,0.0,1.7763568394002505e-15,0,0.0,0,0,0,0
lhs_012,original_mpc,4,none,slsqp,True,True,0.0,2.692225109512947e-09,0.0,0.0,0,0.0,0,0,0,0
lhs_012,recovery_mpc,4,none,slsqp,True,True,0.0,2.692225109512947e-09,0.0,0.0,0,0.0,0,0,0,0
lhs_012,original_mpc,5,none,slsqp,True,True,0.0,1.088040590957462e-08,0.0,0.0,0,0.0,0,0,0,0
lhs_012,recovery_mpc,5,none,slsqp,True,True,0.0,1.088040590957462e-08,0.0,0.0,0,0.0,0,0,0,0
lhs_012,original_mpc,6,none,slsqp,True,True,0.0,7.254641332110623e-12,0.0,0.0,0,0.0,0,0,0,0
lhs_012,recovery_mpc,6,none,slsqp,True,True,0.0,7.254641332110623e-12,0.0,0.0,0,0.0,0,0,0,0
lhs_012,original_mpc,11,none,slsqp,True,True,0.0,2.6912516659649555e-09,0.0,0.0,0,0.0,0,0,0,0
lhs_012,recovery_mpc,11,none,slsqp,True,True,0.0,2.6912516659649555e-09,0.0,0.0,0,0.0,0,0,0,0
lhs_012,original_mpc,16,none,slsqp,True,True,0.0,1.2942152238792914e-08,0.0,0.0,0,0.0,0,0,0,0
lhs_012,recovery_mpc,16,none,slsqp,True,True,0.0,1.2942152238792914e-08,0.0,0.0,0,0.0,0,0,0,0
lhs_012,original_mpc,21,none,slsqp,True,True,0.0,2.6475106551515637e-09,0.0,0.0,0,0.0,0,0,0,0
lhs_012,recovery_mpc,21,none,slsqp,True,True,0.0,2.6475106551515637e-09,0.0,0.0,0,0.0,0,0,0,0
lhs_012,original_mpc,26,none,slsqp,True,True,0.0,3.855362251670158e-09,0.0,0.0,0,0.0,0,0,0,0
lhs_012,recovery_mpc,26,none,slsqp,True,True,0.0,3.855362251670158e-09,0.0,0.0,0,0.0,0,0,0,0
lhs_012,original_mpc,31,none,slsqp,True,True,0.0,8.531344519724371e-10,0.0,0.0,0,0.0,0,0,0,0
lhs_012,recovery_mpc,31,none,slsqp,True,True,0.0,8.531344519724371e-10,0.0,0.0,0,0.0,0,0,0,0
lhs_012,original_mpc,36,none,slsqp,True,True,0.0,4.779806772603479e-09,0.0,0.0,0,0.0,0,0,0,0
lhs_012,recovery_mpc,36,none,slsqp,True,True,0.0,4.779806772603479e-09,0.0,0.0,0,0.0,0,0,0,0
lhs_012,original_mpc,41,none,slsqp,True,True,0.0,2.7980739503163932e-08,0.0,0.0,0,0.0,0,0,0,0
lhs_012,recovery_mpc,41,none,slsqp,True,True,0.0,2.7980739503163932e-08,0.0,0.0,0,0.0,0,0,0,0
lhs_012,original_mpc,46,none,slsqp,True,True,0.0,4.900826411358139e-10,0.0,0.0,0,0.0,0,0,0,0
lhs_012,recovery_mpc,46,none,slsqp,True,True,0.0,4.900826411358139e-10,0.0,0.0,0,0.0,0,0,0,0
lhs_012,original_mpc,51,none,slsqp,True,True,0.0,2.2985631176197785e-09,0.0,0.0,0,0.0,0,0,0,0
lhs_012,recovery_mpc,51,none,slsqp,True,True,0.0,2.2985631176197785e-09,0.0,0.0,0,0.0,0,0,0,0
lhs_012,original_mpc,56,none,slsqp,True,True,0.0,3.508944246277679e-10,0.0,0.0,0,0.0,0,0,0,0
lhs_012,recovery_mpc,56,none,slsqp,True,True,0.0,3.508944246277679e-10,0.0,0.0,0,0.0,0,0,0,0
lhs_012,original_mpc,61,none,slsqp,True,True,0.0,6.984137712606753e-10,0.0,0.0,0,0.0,0,0,0,0
lhs_012,recovery_mpc,61,none,slsqp,True,True,0.0,6.984137712606753e-10,0.0,0.0,0,0.0,0,0,0,0
lhs_012,original_mpc,66,none,slsqp,True,True,0.0,1.3901981787967088e-09,0.0,0.0,0,0.0,0,0,0,0
lhs_012,recovery_mpc,66,none,slsqp,True,True,0.0,1.3901981787967088e-09,0.0,0.0,0,0.0,0,0,0,0
lhs_012,original_mpc,71,none,slsqp,True,True,0.0,1.339351740625716e-09,0.0,0.0,0,0.0,0,0,0,0
lhs_012,recovery_mpc,71,none,slsqp,True,True,0.0,1.339351740625716e-09,0.0,0.0,0,0.0,0,0,0,0
lhs_012,original_mpc,76,none,slsqp,True,True,0.0,1.7153212183984579e-10,0.0,0.0,0,0.0,0,0,0,0
lhs_012,recovery_mpc,76,none,slsqp,True,True,0.0,1.7153212183984579e-10,0.0,0.0,0,0.0,0,0,0,0
lhs_012,original_mpc,81,none,slsqp,True,True,0.0,4.708420675569869e-08,0.0,0.0,0,0.0,0,0,0,0
lhs_012,recovery_mpc,81,none,slsqp,True,True,0.0,4.708420675569869e-08,0.0,0.0,0,0.0,0,0,0,0
lhs_012,original_mpc,86,none,slsqp,True,True,0.0,5.555591542361071e-10,0.0,0.0,0,0.0,0,0,0,0
lhs_012,recovery_mpc,86,none,slsqp,True,True,0.0,5.555591542361071e-10,0.0,0.0,0,0.0,0,0,0,0
lhs_012,original_mpc,91,none,slsqp,True,True,0.0,2.2067325744501431e-10,0.0,0.0,0,0.0,0,0,0,0
lhs_012,recovery_mpc,91,none,slsqp,True,True,0.0,2.2067325744501431e-10,0.0,0.0,0,0.0,0,0,0,0
lhs_012,original_mpc,96,none,slsqp,True,True,0.0,2.48263631874579e-11,0.0,0.0,0,0.0,0,0,0,0
lhs_012,recovery_mpc,96,none,slsqp,True,True,0.0,2.48263631874579e-11,0.0,0.0,0,0.0,0,0,0,0
lhs_012,original_mpc,101,none,slsqp,True,True,0.0,1.659685722188442e-10,0.0,0.0,0,0.0,0,0,0,0
lhs_012,recovery_mpc,101,none,slsqp,True,True,0.0,1.659685722188442e-10,0.0,0.0,0,0.0,0,0,0,0
lhs_012,original_mpc,106,none,slsqp,True,True,0.0,2.5000090886351245e-09,0.0,0.0,0,0.0,0,0,0,0
lhs_012,recovery_mpc,106,none,slsqp,True,True,0.0,2.5000090886351245e-09,0.0,0.0,0,0.0,0,0,0,0
lhs_012,original_mpc,111,none,slsqp,True,True,0.0,1.2043557262586546e-09,0.0,0.0,0,0.0,0,0,0,0
lhs_012,recovery_mpc,111,none,slsqp,True,True,0.0,1.2043557262586546e-09,0.0,0.0,0,0.0,0,0,0,0
lhs_012,original_mpc,116,none,slsqp,True,True,0.0,4.625910321465199e-09,0.0,0.0,0,0.0,0,0,0,0
lhs_012,recovery_mpc,116,none,slsqp,True,True,0.0,4.625910321465199e-09,0.0,0.0,0,0.0,0,0,0,0
lhs_012,original_mpc,121,none,slsqp,True,True,0.0,1.3579892765847035e-09,0.0,0.0,0,0.0,0,0,0,0
lhs_012,recovery_mpc,121,none,slsqp,True,True,0.0,1.3579892765847035e-09,0.0,0.0,0,0.0,0,0,0,0
lhs_012,original_mpc,126,none,slsqp,True,True,0.0,2.2055033355172782e-08,0.0,0.0,0,0.0,0,0,0,0
lhs_012,recovery_mpc,126,none,slsqp,True,True,0.0,2.2055033355172782e-08,0.0,0.0,0,0.0,0,0,0,0
lhs_012,original_mpc,131,none,slsqp,True,True,0.0,3.107416546299646e-09,0.0,0.0,0,0.0,0,0,0,0
lhs_012,recovery_mpc,131,none,slsqp,True,True,0.0,3.107416546299646e-09,0.0,0.0,0,0.0,0,0,0,0
lhs_012,original_mpc,136,none,slsqp,True,True,0.0,3.787015145917394e-09,0.0,0.0,0,0.0,0,0,0,0
lhs_012,recovery_mpc,136,none,slsqp,True,True,0.0,3.787015145917394e-09,0.0,0.0,0,0.0,0,0,0,0
lhs_012,original_mpc,141,none,slsqp,True,True,0.0,2.1586288312391844e-10,0.0,0.0,0,0.0,0,0,0,0
lhs_012,recovery_mpc,141,none,slsqp,True,True,0.0,2.1586288312391844e-10,0.0,0.0,0,0.0,0,0,0,0
lhs_012,original_mpc,146,none,slsqp,True,True,0.0,4.659753471969452e-09,0.0,0.0,0,0.0,0,0,0,0
lhs_012,recovery_mpc,146,none,slsqp,True,True,0.0,4.659753471969452e-09,0.0,0.0,0,0.0,0,0,0,0
lhs_012,original_mpc,151,none,slsqp,True,True,0.0,6.0789702160946035e-09,0.0,0.0,0,0.0,0,0,0,0
lhs_012,recovery_mpc,151,none,slsqp,True,True,0.0,6.0789702160946035e-09,0.0,0.0,0,0.0,0,0,0,0
lhs_012,original_mpc,156,none,slsqp,True,True,0.0,8.349090308001905e-10,0.0,0.0,0,0.0,0,0,0,0
lhs_012,recovery_mpc,156,none,slsqp,True,True,0.0,8.349090308001905e-10,0.0,0.0,0,0.0,0,0,0,0
lhs_012,original_mpc,161,none,slsqp,True,True,0.0,1.7122303574979014e-09,0.0,0.0,0,0.0,0,0,0,0
lhs_012,recovery_mpc,161,none,slsqp,True,True,0.0,1.7122303574979014e-09,0.0,0.0,0,0.0,0,0,0,0
lhs_012,original_mpc,166,none,slsqp,True,True,0.0,8.817337970867811e-10,0.0,0.0,0,0.0,0,0,0,0
lhs_012,recovery_mpc,166,none,slsqp,True,True,0.0,8.817337970867811e-10,0.0,0.0,0,0.0,0,0,0,0
lhs_012,original_mpc,171,none,slsqp,True,True,0.0,1.3266358678265533e-08,0.0,0.0,0,0.0,0,0,0,0
lhs_012,recovery_mpc,171,none,slsqp,True,True,0.0,1.3266358678265533e-08,0.0,0.0,0,0.0,0,0,0,0
lhs_012,original_mpc,176,none,slsqp,True,True,0.0,1.9561952058211318e-10,0.0,0.0,0,0.0,0,0,0,0
lhs_012,recovery_mpc,176,none,slsqp,True,True,0.0,1.9561952058211318e-10,0.0,0.0,0,0.0,0,0,0,0
lhs_012,original_mpc,181,none,slsqp,True,True,0.0,1.9346195756497764e-08,0.0,0.0,0,0.0,0,0,0,0
lhs_012,recovery_mpc,181,none,slsqp,True,True,0.0,1.9346195756497764e-08,0.0,0.0,0,0.0,0,0,0,0
lhs_012,original_mpc,186,none,slsqp,True,True,0.0,1.647518388381286e-08,0.0,0.0,0,0.0,0,0,0,0
lhs_012,recovery_mpc,186,none,slsqp,True,True,0.0,1.647518388381286e-08,0.0,0.0,0,0.0,0,0,0,0
lhs_012,original_mpc,191,none,slsqp,True,True,6.394884621840902e-14,6.892264536872972e-13,0.0,0.0,0,0.0,0,0,0,0
lhs_012,recovery_mpc,191,none,slsqp,True,True,6.394884621840902e-14,6.892264536872972e-13,0.0,0.0,0,0.0,0,0,0,0
lhs_012,original_mpc,196,none,slsqp,True,True,5.4072302191343624e-12,1.9456578570498095e-09,0.0,0.0,0,0.0,0,0,0,0
lhs_012,recovery_mpc,196,none,slsqp,True,True,5.4072302191343624e-12,1.9456578570498095e-09,0.0,0.0,0,0.0,0,0,0,0
lhs_012,original_mpc,201,none,slsqp,True,True,3.941647008787186e-11,1.4741473819412931e-08,0.0,0.0,0,0.0,0,0,0,0
lhs_012,recovery_mpc,201,none,slsqp,True,True,3.941647008787186e-11,1.4741473819412931e-08,0.0,0.0,0,0.0,0,0,0,0
lhs_012,original_mpc,206,none,slsqp,True,True,0.0,4.749068693854497e-09,0.0,0.0,0,0.0,0,0,0,0
lhs_012,recovery_mpc,206,none,slsqp,True,True,0.0,4.749068693854497e-09,0.0,0.0,0,0.0,0,0,0,0
lhs_012,original_mpc,211,none,slsqp,True,True,0.0,7.939640056520147e-09,0.0,0.0,0,0.0,0,0,0,0
lhs_012,recovery_mpc,211,none,slsqp,True,True,0.0,7.939640056520147e-09,0.0,0.0,0,0.0,0,0,0,0
lhs_012,original_mpc,216,none,slsqp,True,True,0.0,1.5581413492782303e-08,0.0,0.0,0,0.0,0,0,0,0
lhs_012,recovery_mpc,216,none,slsqp,True,True,0.0,1.5581413492782303e-08,0.0,0.0,0,0.0,0,0,0,0
lhs_012,original_mpc,221,none,slsqp,True,True,2.986944025451521e-12,8.386820127270767e-10,0.0,0.0,0,0.0,0,0,0,0
lhs_012,recovery_mpc,221,none,slsqp,True,True,2.986944025451521e-12,8.386820127270767e-10,0.0,0.0,0,0.0,0,0,0,0
lhs_012,original_mpc,226,none,slsqp,True,True,1.6329781971080592e-10,0.0,0.0,0.0,0,0.0,0,0,0,0
lhs_012,recovery_mpc,226,none,slsqp,True,True,1.6329781971080592e-10,0.0,0.0,0.0,0,0.0,0,0,0,0
lhs_012,original_mpc,231,none,slsqp,True,True,5.0814463747883565e-11,0.0,0.0,0.0,0,0.0,0,0,0,0
lhs_012,recovery_mpc,231,none,slsqp,True,True,5.0814463747883565e-11,0.0,0.0,0.0,0,0.0,0,0,0,0
lhs_012,original_mpc,236,none,slsqp,True,True,2.3217872069380974e-11,0.0,0.0,0.0,0,0.0,0,0,0,0
lhs_012,recovery_mpc,236,none,slsqp,True,True,2.3217872069380974e-11,0.0,0.0,0.0,0,0.0,0,0,0,0
lhs_012,original_mpc,241,none,slsqp,True,True,4.739320047519868e-12,0.0,0.0,0.0,0,0.0,0,0,0,0
lhs_012,recovery_mpc,241,none,slsqp,True,True,4.739320047519868e-12,0.0,0.0,0.0,0,0.0,0,0,0,0
lhs_012,original_mpc,246,none,slsqp,True,True,8.64819327262012e-12,0.0,0.0,0.0,0,0.0,0,0,0,0
lhs_012,recovery_mpc,246,none,slsqp,True,True,8.64819327262012e-12,0.0,0.0,0.0,0,0.0,0,0,0,0
lhs_012,original_mpc,251,none,slsqp,True,True,4.32542890393961e-12,0.0,0.0,0.0,0,0.0,0,0,0,0
lhs_012,recovery_mpc,251,none,slsqp,True,True,4.32542890393961e-12,0.0,0.0,0.0,0,0.0,0,0,0,0
lhs_012,original_mpc,256,none,slsqp,True,True,8.503420190208999e-12,0.0,0.0,0.0,0,0.0,0,0,0,0
lhs_012,recovery_mpc,256,none,slsqp,True,True,8.503420190208999e-12,0.0,0.0,0.0,0,0.0,0,0,0,0
lhs_012,original_mpc,261,none,slsqp,True,True,1.2466472298910958e-11,0.0,0.0,0.0,0,0.0,0,0,0,0
lhs_012,recovery_mpc,261,none,slsqp,True,True,1.2466472298910958e-11,0.0,0.0,0.0,0,0.0,0,0,0,0
lhs_012,original_mpc,266,none,slsqp,True,True,2.346922656215611e-11,0.0,0.0,0.0,0,0.0,0,0,0,0
lhs_012,recovery_mpc,266,none,slsqp,True,True,2.346922656215611e-11,0.0,0.0,0.0,0,0.0,0,0,0,0
lhs_012,original_mpc,271,none,slsqp,True,True,3.1530333899354446e-11,0.0,0.0,0.0,0,0.0,0,0,0,0
lhs_012,recovery_mpc,271,none,slsqp,True,True,3.1530333899354446e-11,0.0,0.0,0.0,0,0.0,0,0,0,0
lhs_012,original_mpc,276,none,slsqp,True,True,9.157119507108291e-12,0.0,0.0,0.0,0,0.0,0,0,0,0
lhs_012,recovery_mpc,276,none,slsqp,True,True,9.157119507108291e-12,0.0,0.0,0.0,0,0.0,0,0,0,0
lhs_012,original_mpc,281,none,slsqp,True,True,1.1608491945480637e-12,0.0,0.0,0.0,0,0.0,0,0,0,0
lhs_012,recovery_mpc,281,none,slsqp,True,True,1.1608491945480637e-12,0.0,0.0,0.0,0,0.0,0,0,0,0
lhs_012,original_mpc,286,none,slsqp,True,True,6.368239269249898e-12,0.0,0.0,0.0,0,0.0,0,0,0,0
lhs_012,recovery_mpc,286,none,slsqp,True,True,6.368239269249898e-12,0.0,0.0,0.0,0,0.0,0,0,0,0
lhs_012,original_mpc,291,none,slsqp,True,True,2.9043434324194095e-13,0.0,0.0,0.0,0,0.0,0,0,0,0
lhs_012,recovery_mpc,291,none,slsqp,True,True,2.9043434324194095e-13,0.0,0.0,0.0,0,0.0,0,0,0,0
lhs_012,original_mpc,296,none,slsqp,True,True,5.998721519517858e-10,0.0,0.0,0.0,0,0.0,0,0,0,0
lhs_012,recovery_mpc,296,none,slsqp,True,True,5.998721519517858e-10,0.0,0.0,0.0,0,0.0,0,0,0,0
lhs_012,original_mpc,301,none,slsqp,True,True,3.4718894426077895e-12,0.0,0.0,0.0,0,0.0,0,0,0,0
lhs_012,recovery_mpc,301,none,slsqp,True,True,3.4718894426077895e-12,0.0,0.0,0.0,0,0.0,0,0,0,0
lhs_012,original_mpc,306,none,slsqp,True,True,1.0019540752637113e-11,0.0,0.0,0.0,0,0.0,0,0,0,0
lhs_012,recovery_mpc,306,none,slsqp,True,True,1.0019540752637113e-11,0.0,0.0,0.0,0,0.0,0,0,0,0
lhs_012,original_mpc,311,none,slsqp,True,True,4.319211655001709e-12,0.0,0.0,0.0,0,0.0,0,0,0,0
lhs_012,recovery_mpc,311,none,slsqp,True,True,4.319211655001709e-12,0.0,0.0,0.0,0,0.0,0,0,0,0
lhs_012,original_mpc,316,none,slsqp,True,True,2.880362615087506e-12,0.0,0.0,0.0,0,0.0,0,0,0,0
lhs_012,recovery_mpc,316,none,slsqp,True,True,2.880362615087506e-12,0.0,0.0,0.0,0,0.0,0,0,0,0
lhs_012,original_mpc,321,none,slsqp,True,True,0.0,0.0,0.0,0.0,0,0.0,0,0,0,0
lhs_012,recovery_mpc,321,none,slsqp,True,True,0.0,0.0,0.0,0.0,0,0.0,0,0,0,0
lhs_012,original_mpc,326,none,slsqp,True,True,8.881784197001252e-16,0.0,9.992007221626409e-16,0.0,0,0.0,0,0,0,0
lhs_012,recovery_mpc,326,none,slsqp,True,True,8.881784197001252e-16,0.0,9.992007221626409e-16,0.0,0,0.0,0,0,0,0
lhs_012,original_mpc,331,none,slsqp,True,True,8.881784197001252e-16,0.0,0.0,0.0,0,0.0,0,0,0,0
lhs_012,recovery_mpc,331,none,slsqp,True,True,8.881784197001252e-16,0.0,0.0,0.0,0,0.0,0,0,0,0
lhs_012,original_mpc,336,none,slsqp,True,True,0.0,0.0,0.0,0.0,0,0.0,0,0,0,0
lhs_012,recovery_mpc,336,none,slsqp,True,True,0.0,0.0,0.0,0.0,0,0.0,0,0,0,0
lhs_012,original_mpc,341,none,slsqp,True,True,8.881784197001252e-16,0.0,0.0,0.0,0,0.0,0,0,0,0
lhs_012,recovery_mpc,341,none,slsqp,True,True,8.881784197001252e-16,0.0,0.0,0.0,0,0.0,0,0,0,0
lhs_012,original_mpc,346,none,slsqp,True,True,8.881784197001252e-16,0.0,2.361432160924437e-10,0.0,0,0.0,0,0,0,0
lhs_012,recovery_mpc,346,none,slsqp,True,True,8.881784197001252e-16,0.0,2.361432160924437e-10,0.0,0,0.0,0,0,0,0
lhs_012,original_mpc,351,none,slsqp,True,True,0.0,0.0,7.873124374668805e-10,0.0,0,0.0,0,0,0,0
lhs_012,recovery_mpc,351,none,slsqp,True,True,0.0,0.0,7.873124374668805e-10,0.0,0,0.0,0,0,0,0
lhs_012,original_mpc,356,none,slsqp,True,True,0.0,0.0,0.0,0.0,0,0.0,0,0,0,0
lhs_012,recovery_mpc,356,none,slsqp,True,True,0.0,0.0,0.0,0.0,0,0.0,0,0,0,0
lhs_012,original_mpc,361,none,slsqp,True,True,0.0,0.0,0.0,0.0,0,0.0,0,0,0,0
lhs_012,recovery_mpc,361,none,slsqp,True,True,0.0,0.0,0.0,0.0,0,0.0,0,0,0,0
lhs_012,original_mpc,366,none,slsqp,True,True,0.0,0.0,0.0,0.0,0,0.0,0,0,0,0
lhs_012,recovery_mpc,366,none,slsqp,True,True,0.0,0.0,0.0,0.0,0,0.0,0,0,0,0
lhs_012,original_mpc,371,none,slsqp,True,True,0.0,0.0,0.0,0.0,0,0.0,0,0,0,0
lhs_012,recovery_mpc,371,none,slsqp,True,True,0.0,0.0,0.0,0.0,0,0.0,0,0,0,0
lhs_012,original_mpc,376,none,slsqp,True,True,0.0,0.0,6.47115694363265e-12,0.0,0,0.0,0,0,0,0
lhs_012,recovery_mpc,376,none,slsqp,True,True,0.0,0.0,6.47115694363265e-12,0.0,0,0.0,0,0,0,0
lhs_012,original_mpc,381,none,slsqp,True,True,0.0,0.0,0.0,0.0,0,0.0,0,0,0,0
lhs_012,recovery_mpc,381,none,slsqp,True,True,0.0,0.0,0.0,0.0,0,0.0,0,0,0,0
lhs_012,original_mpc,386,none,slsqp,True,True,0.0,0.0,0.0,0.0,0,0.0,0,0,0,0
lhs_012,recovery_mpc,386,none,slsqp,True,True,0.0,0.0,0.0,0.0,0,0.0,0,0,0,0
lhs_012,original_mpc,391,none,slsqp,True,True,0.0,0.0,0.0,0.0,0,0.0,0,0,0,0
lhs_012,recovery_mpc,391,none,slsqp,True,True,0.0,0.0,0.0,0.0,0,0.0,0,0,0,0
lhs_012,original_mpc,396,none,slsqp,True,True,0.0,0.0,0.0,0.0,0,0.0,0,0,0,0
lhs_012,recovery_mpc,396,none,slsqp,True,True,0.0,0.0,0.0,0.0,0,0.0,0,0,0,0
lhs_029,original_mpc,1,none,slsqp,True,True,0.0,0.0,0.0,0.0,0,0.0,0,0,0,0
lhs_029,recovery_mpc,1,none,slsqp,True,True,0.0,0.0,0.0,0.0,0,0.0,0,0,0,0
lhs_029,original_mpc,2,none,slsqp,True,True,0.0,0.0,0.0,0.0,0,0.0,0,0,0,0
lhs_029,recovery_mpc,2,none,slsqp,True,True,0.0,0.0,0.0,0.0,0,0.0,0,0,0,0
lhs_029,original_mpc,3,none,slsqp,True,True,0.0,0.0,0.0,8.881784197001252e-16,0,0.0,0,0,0,0
lhs_029,recovery_mpc,3,none,slsqp,True,True,0.0,0.0,0.0,8.881784197001252e-16,0,0.0,0,0,0,0
lhs_029,original_mpc,4,none,slsqp,True,True,0.0,0.0,0.0,8.881784197001252e-16,0,0.0,0,0,0,0
lhs_029,recovery_mpc,4,none,slsqp,True,True,0.0,0.0,0.0,8.881784197001252e-16,0,0.0,0,0,0,0
lhs_029,original_mpc,5,none,slsqp,True,True,0.0,0.0,0.0,0.0,0,0.0,0,0,0,0
lhs_029,recovery_mpc,5,none,slsqp,True,True,0.0,0.0,0.0,0.0,0,0.0,0,0,0,0
lhs_029,original_mpc,6,none,slsqp,True,True,0.0,0.0,0.0,0.0,0,0.0,0,0,0,0
lhs_029,recovery_mpc,6,none,slsqp,True,True,0.0,0.0,0.0,0.0,0,0.0,0,0,0,0
lhs_029,original_mpc,11,none,slsqp,True,True,0.0,0.0,0.0,0.0,0,0.0,0,0,0,0
lhs_029,recovery_mpc,11,none,slsqp,True,True,0.0,0.0,0.0,0.0,0,0.0,0,0,0,0
lhs_029,original_mpc,16,none,slsqp,True,True,0.0,5.978257888727967e-09,0.0,0.0,0,0.0,0,0,0,0
lhs_029,recovery_mpc,16,none,slsqp,True,True,0.0,5.978257888727967e-09,0.0,0.0,0,0.0,0,0,0,0
lhs_029,original_mpc,21,none,slsqp,True,True,0.0,1.0334844091630657e-10,0.0,0.0,0,0.0,0,0,0,0
lhs_029,recovery_mpc,21,none,slsqp,True,True,0.0,1.0334844091630657e-10,0.0,0.0,0,0.0,0,0,0,0
lhs_029,original_mpc,26,none,slsqp,True,True,0.0,1.3005703181079298e-09,0.0,0.0,0,0.0,0,0,0,0
lhs_029,recovery_mpc,26,none,slsqp,True,True,0.0,1.3005703181079298e-09,0.0,0.0,0,0.0,0,0,0,0
lhs_029,original_mpc,31,none,slsqp,True,True,0.0,1.7587353795534e-10,0.0,0.0,0,0.0,0,0,0,0
lhs_029,recovery_mpc,31,none,slsqp,True,True,0.0,1.7587353795534e-10,0.0,0.0,0,0.0,0,0,0,0
lhs_029,original_mpc,36,none,slsqp,True,True,0.0,3.760980860079144e-09,0.0,0.0,0,0.0,0,0,0,0
lhs_029,recovery_mpc,36,none,slsqp,True,True,0.0,3.760980860079144e-09,0.0,0.0,0,0.0,0,0,0,0
lhs_029,original_mpc,41,none,slsqp,True,True,0.0,0.0,0.0,0.0,0,0.0,0,0,0,0
lhs_029,recovery_mpc,41,none,slsqp,True,True,0.0,0.0,0.0,0.0,0,0.0,0,0,0,0
lhs_029,original_mpc,46,none,slsqp,True,True,0.0,4.5865533593314467e-10,0.0,0.0,0,0.0,0,0,0,0
lhs_029,recovery_mpc,46,none,slsqp,True,True,0.0,4.5865533593314467e-10,0.0,0.0,0,0.0,0,0,0,0
lhs_029,original_mpc,51,none,slsqp,True,True,0.0,7.10492997768597e-09,0.0,0.0,0,0.0,0,0,0,0
lhs_029,recovery_mpc,51,none,slsqp,True,True,0.0,7.10492997768597e-09,0.0,0.0,0,0.0,0,0,0,0
lhs_029,original_mpc,56,none,slsqp,True,True,0.0,2.9901059406256536e-10,0.0,0.0,0,0.0,0,0,0,0
lhs_029,recovery_mpc,56,none,slsqp,True,True,0.0,2.9901059406256536e-10,0.0,0.0,0,0.0,0,0,0,0
lhs_029,original_mpc,61,none,slsqp,True,True,0.0,1.2057341791660292e-09,0.0,0.0,0,0.0,0,0,0,0
lhs_029,recovery_mpc,61,none,slsqp,True,True,0.0,1.2057341791660292e-09,0.0,0.0,0,0.0,0,0,0,0
lhs_029,original_mpc,66,none,slsqp,True,True,0.0,0.0,0.0,0.0,0,0.0,0,0,0,0
lhs_029,recovery_mpc,66,none,slsqp,True,True,0.0,0.0,0.0,0.0,0,0.0,0,0,0,0
lhs_029,original_mpc,71,none,slsqp,True,True,0.0,1.489866008341778e-10,0.0,0.0,0,0.0,0,0,0,0
lhs_029,recovery_mpc,71,none,slsqp,True,True,0.0,1.489866008341778e-10,0.0,0.0,0,0.0,0,0,0,0
lhs_029,original_mpc,76,none,slsqp,True,True,0.0,1.3890115724279894e-09,0.0,0.0,0,0.0,0,0,0,0
lhs_029,recovery_mpc,76,none,slsqp,True,True,0.0,1.3890115724279894e-09,0.0,0.0,0,0.0,0,0,0,0
lhs_029,original_mpc,81,none,slsqp,True,True,0.0,5.130971203470835e-10,0.0,0.0,0,0.0,0,0,0,0
lhs_029,recovery_mpc,81,none,slsqp,True,True,0.0,5.130971203470835e-10,0.0,0.0,0,0.0,0,0,0,0
lhs_029,original_mpc,86,none,slsqp,True,True,0.0,1.5050446222630853e-08,0.0,0.0,0,0.0,0,0,0,0
lhs_029,recovery_mpc,86,none,slsqp,True,True,0.0,1.5050446222630853e-08,0.0,0.0,0,0.0,0,0,0,0
lhs_029,original_mpc,91,none,slsqp,True,True,0.0,1.2234124824317405e-10,0.0,0.0,0,0.0,0,0,0,0
lhs_029,recovery_mpc,91,none,slsqp,True,True,0.0,1.2234124824317405e-10,0.0,0.0,0,0.0,0,0,0,0
lhs_029,original_mpc,96,none,slsqp,True,True,0.0,4.9216083652936504e-08,0.0,0.0,0,0.0,0,0,0,0
lhs_029,recovery_mpc,96,none,slsqp,True,True,0.0,4.9216083652936504e-08,0.0,0.0,0,0.0,0,0,0,0
lhs_029,original_mpc,101,none,slsqp,True,True,0.0,5.869289054771798e-09,0.0,0.0,0,0.0,0,0,0,0
lhs_029,recovery_mpc,101,none,slsqp,True,True,0.0,5.869289054771798e-09,0.0,0.0,0,0.0,0,0,0,0
lhs_029,original_mpc,106,none,slsqp,True,True,0.0,9.961809155356605e-11,0.0,0.0,0,0.0,0,0,0,0
lhs_029,recovery_mpc,106,none,slsqp,True,True,0.0,9.961809155356605e-11,0.0,0.0,0,0.0,0,0,0,0
lhs_029,original_mpc,111,none,slsqp,True,True,0.0,6.247589112717833e-10,0.0,0.0,0,0.0,0,0,0,0
lhs_029,recovery_mpc,111,none,slsqp,True,True,0.0,6.247589112717833e-10,0.0,0.0,0,0.0,0,0,0,0
lhs_029,original_mpc,116,none,slsqp,True,True,0.0,1.410498384757375e-10,0.0,0.0,0,0.0,0,0,0,0
lhs_029,recovery_mpc,116,none,slsqp,True,True,0.0,1.410498384757375e-10,0.0,0.0,0,0.0,0,0,0,0
lhs_029,original_mpc,121,none,slsqp,True,True,0.0,5.167493100088905e-10,0.0,0.0,0,0.0,0,0,0,0
lhs_029,recovery_mpc,121,none,slsqp,True,True,0.0,5.167493100088905e-10,0.0,0.0,0,0.0,0,0,0,0
lhs_029,original_mpc,126,none,slsqp,True,True,0.0,6.955431786082045e-10,0.0,0.0,0,0.0,0,0,0,0
lhs_029,recovery_mpc,126,none,slsqp,True,True,0.0,6.955431786082045e-10,0.0,0.0,0,0.0,0,0,0,0
lhs_029,original_mpc,131,none,slsqp,True,True,0.0,2.123520914665278e-09,0.0,0.0,0,0.0,0,0,0,0
lhs_029,recovery_mpc,131,none,slsqp,True,True,0.0,2.123520914665278e-09,0.0,0.0,0,0.0,0,0,0,0
lhs_029,original_mpc,136,none,slsqp,True,True,0.0,9.239542464456463e-10,0.0,0.0,0,0.0,0,0,0,0
lhs_029,recovery_mpc,136,none,slsqp,True,True,0.0,9.239542464456463e-10,0.0,0.0,0,0.0,0,0,0,0
lhs_029,original_mpc,141,none,slsqp,True,True,0.0,1.41824330057716e-11,0.0,0.0,0,0.0,0,0,0,0
lhs_029,recovery_mpc,141,none,slsqp,True,True,0.0,1.41824330057716e-11,0.0,0.0,0,0.0,0,0,0,0
lhs_029,original_mpc,146,none,slsqp,True,True,0.0,3.839951290274257e-08,0.0,0.0,0,0.0,0,0,0,0
lhs_029,recovery_mpc,146,none,slsqp,True,True,0.0,3.839951290274257e-08,0.0,0.0,0,0.0,0,0,0,0
lhs_029,original_mpc,151,none,slsqp,True,True,0.0,9.71382974057633e-11,0.0,0.0,0,0.0,0,0,0,0
lhs_029,recovery_mpc,151,none,slsqp,True,True,0.0,9.71382974057633e-11,0.0,0.0,0,0.0,0,0,0,0
lhs_029,original_mpc,156,none,slsqp,True,True,0.0,3.345945742694312e-11,0.0,0.0,0,0.0,0,0,0,0
lhs_029,recovery_mpc,156,none,slsqp,True,True,0.0,3.345945742694312e-11,0.0,0.0,0,0.0,0,0,0,0
lhs_029,original_mpc,161,none,slsqp,True,True,0.0,7.750031727482565e-10,0.0,0.0,0,0.0,0,0,0,0
lhs_029,recovery_mpc,161,none,slsqp,True,True,0.0,7.750031727482565e-10,0.0,0.0,0,0.0,0,0,0,0
lhs_029,original_mpc,166,none,slsqp,True,True,0.0,8.2572881865417e-10,0.0,0.0,0,0.0,0,0,0,0
lhs_029,recovery_mpc,166,none,slsqp,True,True,0.0,8.2572881865417e-10,0.0,0.0,0,0.0,0,0,0,0
lhs_029,original_mpc,171,none,slsqp,True,True,0.0,3.98458155359549e-09,0.0,0.0,0,0.0,0,0,0,0
lhs_029,recovery_mpc,171,none,slsqp,True,True,0.0,3.98458155359549e-09,0.0,0.0,0,0.0,0,0,0,0
lhs_029,original_mpc,176,none,slsqp,True,True,0.0,6.401847940651351e-10,0.0,0.0,0,0.0,0,0,0,0
lhs_029,recovery_mpc,176,none,slsqp,True,True,0.0,6.401847940651351e-10,0.0,0.0,0,0.0,0,0,0,0
lhs_029,original_mpc,181,none,slsqp,True,True,0.0,2.1821477957928437e-10,0.0,0.0,0,0.0,0,0,0,0
lhs_029,recovery_mpc,181,none,slsqp,True,True,0.0,2.1821477957928437e-10,0.0,0.0,0,0.0,0,0,0,0
lhs_029,original_mpc,186,none,slsqp,True,True,0.0,1.3401688647718402e-09,0.0,0.0,0,0.0,0,0,0,0
lhs_029,recovery_mpc,186,none,slsqp,True,True,0.0,1.3401688647718402e-09,0.0,0.0,0,0.0,0,0,0,0
lhs_029,original_mpc,191,none,slsqp,True,True,0.0,3.4914819480036385e-08,0.0,0.0,0,0.0,0,0,0,0
lhs_029,recovery_mpc,191,none,slsqp,True,True,0.0,3.4914819480036385e-08,0.0,0.0,0,0.0,0,0,0,0
lhs_029,original_mpc,196,none,slsqp,True,True,0.0,9.517798105207476e-09,0.0,0.0,0,0.0,0,0,0,0
lhs_029,recovery_mpc,196,none,slsqp,True,True,0.0,9.517798105207476e-09,0.0,0.0,0,0.0,0,0,0,0
lhs_029,original_mpc,201,none,slsqp,True,True,0.0,8.07371236533072e-09,0.0,0.0,0,0.0,0,0,0,0
lhs_029,recovery_mpc,201,none,slsqp,True,True,0.0,8.07371236533072e-09,0.0,0.0,0,0.0,0,0,0,0
lhs_029,original_mpc,206,none,slsqp,True,True,2.2003732169650903e-11,5.901199529034784e-09,0.0,0.0,0,0.0,0,0,0,0
lhs_029,recovery_mpc,206,none,slsqp,True,True,2.2003732169650903e-11,5.901199529034784e-09,0.0,0.0,0,0.0,0,0,0,0
lhs_029,original_mpc,211,none,slsqp,True,True,1.517452830057664e-11,2.284975408883838e-08,0.0,0.0,0,0.0,0,0,0,0
lhs_029,recovery_mpc,211,none,slsqp,True,True,1.517452830057664e-11,2.284975408883838e-08,0.0,0.0,0,0.0,0,0,0,0
lhs_029,original_mpc,216,none,slsqp,True,True,8.623324276868516e-12,6.938876140338834e-10,0.0,0.0,0,0.0,0,0,0,0
lhs_029,recovery_mpc,216,none,slsqp,True,True,8.623324276868516e-12,6.938876140338834e-10,0.0,0.0,0,0.0,0,0,0,0
lhs_029,original_mpc,221,none,slsqp,True,True,1.2566836460337072e-11,1.2099619084438018e-09,0.0,0.0,0,0.0,0,0,0,0
lhs_029,recovery_mpc,221,none,slsqp,True,True,1.2566836460337072e-11,1.2099619084438018e-09,0.0,0.0,0,0.0,0,0,0,0
lhs_029,original_mpc,226,none,slsqp,True,True,1.7543300145916874e-11,2.5554953708706307e-09,0.0,0.0,0,0.0,0,0,0,0
lhs_029,recovery_mpc,226,none,slsqp,True,True,1.7543300145916874e-11,2.5554953708706307e-09,0.0,0.0,0,0.0,0,0,0,0
lhs_029,original_mpc,231,none,slsqp,True,True,8.758327396662935e-12,1.5521806062679389e-10,0.0,0.0,0,0.0,0,0,0,0
lhs_029,recovery_mpc,231,none,slsqp,True,True,8.758327396662935e-12,1.5521806062679389e-10,0.0,0.0,0,0.0,0,0,0,0
lhs_029,original_mpc,236,none,slsqp,True,True,3.860023412016744e-12,1.4716050600327435e-10,0.0,0.0,0,0.0,0,0,0,0
lhs_029,recovery_mpc,236,none,slsqp,True,True,3.860023412016744e-12,1.4716050600327435e-10,0.0,0.0,0,0.0,0,0,0,0
lhs_029,original_mpc,241,none,slsqp,True,True,1.5764367589099493e-09,0.0,0.0,0.0,0,0.0,0,0,0,0
lhs_029,recovery_mpc,241,none,slsqp,True,True,1.5764367589099493e-09,0.0,0.0,0.0,0,0.0,0,0,0,0
lhs_029,original_mpc,246,none,slsqp,True,True,2.4645174789839075e-11,0.0,0.0,0.0,0,0.0,0,0,0,0
lhs_029,recovery_mpc,246,none,slsqp,True,True,2.4645174789839075e-11,0.0,0.0,0.0,0,0.0,0,0,0,0
lhs_029,original_mpc,251,none,slsqp,True,True,5.96100946381739e-11,0.0,0.0,0.0,0,0.0,0,0,0,0
lhs_029,recovery_mpc,251,none,slsqp,True,True,5.96100946381739e-11,0.0,0.0,0.0,0,0.0,0,0,0,0
lhs_029,original_mpc,256,none,slsqp,True,True,1.4654055746632366e-11,0.0,0.0,0.0,0,0.0,0,0,0,0
lhs_029,recovery_mpc,256,none,slsqp,True,True,1.4654055746632366e-11,0.0,0.0,0.0,0,0.0,0,0,0,0
lhs_029,original_mpc,261,none,slsqp,True,True,7.554845637969265e-12,0.0,0.0,0.0,0,0.0,0,0,0,0
lhs_029,recovery_mpc,261,none,slsqp,True,True,7.554845637969265e-12,0.0,0.0,0.0,0,0.0,0,0,0,0
lhs_029,original_mpc,266,none,slsqp,True,True,2.525979425627156e-12,0.0,0.0,0.0,0,0.0,0,0,0,0
lhs_029,recovery_mpc,266,none,slsqp,True,True,2.525979425627156e-12,0.0,0.0,0.0,0,0.0,0,0,0,0
lhs_029,original_mpc,271,none,slsqp,True,True,1.609024025128747e-11,0.0,0.0,0.0,0,0.0,0,0,0,0
lhs_029,recovery_mpc,271,none,slsqp,True,True,1.609024025128747e-11,0.0,0.0,0.0,0,0.0,0,0,0,0
lhs_029,original_mpc,276,none,slsqp,True,True,2.1673329797522456e-11,0.0,0.0,0.0,0,0.0,0,0,0,0
lhs_029,recovery_mpc,276,none,slsqp,True,True,2.1673329797522456e-11,0.0,0.0,0.0,0,0.0,0,0,0,0
lhs_029,original_mpc,281,none,slsqp,True,True,4.178879464689089e-12,0.0,0.0,0.0,0,0.0,0,0,0,0
lhs_029,recovery_mpc,281,none,slsqp,True,True,4.178879464689089e-12,0.0,0.0,0.0,0,0.0,0,0,0,0
lhs_029,original_mpc,286,none,slsqp,True,True,2.0184742766105046e-11,0.0,0.0,0.0,0,0.0,0,0,0,0
lhs_029,recovery_mpc,286,none,slsqp,True,True,2.0184742766105046e-11,0.0,0.0,0.0,0,0.0,0,0,0,0
lhs_029,original_mpc,291,none,slsqp,True,True,1.3464784842653899e-11,0.0,0.0,0.0,0,0.0,0,0,0,0
lhs_029,recovery_mpc,291,none,slsqp,True,True,1.3464784842653899e-11,0.0,0.0,0.0,0,0.0,0,0,0,0
lhs_029,original_mpc,296,none,slsqp,True,True,6.430411758628907e-13,0.0,0.0,0.0,0,0.0,0,0,0,0
lhs_029,recovery_mpc,296,none,slsqp,True,True,6.430411758628907e-13,0.0,0.0,0.0,0,0.0,0,0,0,0
lhs_029,original_mpc,301,none,slsqp,True,True,1.241673430740775e-12,0.0,0.0,0.0,0,0.0,0,0,0,0
lhs_029,recovery_mpc,301,none,slsqp,True,True,1.241673430740775e-12,0.0,0.0,0.0,0,0.0,0,0,0,0
lhs_029,original_mpc,306,none,slsqp,True,True,8.622667024837938e-10,0.0,0.0,0.0,0,0.0,0,0,0,0
lhs_029,recovery_mpc,306,none,slsqp,True,True,8.622667024837938e-10,0.0,0.0,0.0,0,0.0,0,0,0,0
lhs_029,original_mpc,311,none,slsqp,True,True,3.991473818132363e-12,0.0,0.0,0.0,0,0.0,0,0,0,0
lhs_029,recovery_mpc,311,none,slsqp,True,True,3.991473818132363e-12,0.0,0.0,0.0,0,0.0,0,0,0,0
lhs_029,original_mpc,316,none,slsqp,True,True,7.2235550874211185e-12,0.0,0.0,0.0,0,0.0,0,0,0,0
lhs_029,recovery_mpc,316,none,slsqp,True,True,7.2235550874211185e-12,0.0,0.0,0.0,0,0.0,0,0,0,0
lhs_029,original_mpc,321,none,slsqp,True,True,1.7017542930375384e-09,0.0,0.0,0.0,0,0.0,0,0,0,0
lhs_029,recovery_mpc,321,none,slsqp,True,True,1.7017542930375384e-09,0.0,0.0,0.0,0,0.0,0,0,0,0
lhs_029,original_mpc,326,none,slsqp,True,True,4.4924064468432334e-12,0.0,0.0,0.0,0,0.0,0,0,0,0
lhs_029,recovery_mpc,326,none,slsqp,True,True,4.4924064468432334e-12,0.0,0.0,0.0,0,0.0,0,0,0,0
lhs_029,original_mpc,331,none,slsqp,True,True,7.161400361610504e-10,0.0,0.0,0.0,0,0.0,0,0,0,0
lhs_029,recovery_mpc,331,none,slsqp,True,True,7.161400361610504e-10,0.0,0.0,0.0,0,0.0,0,0,0,0
lhs_029,original_mpc,336,none,slsqp,True,True,4.837188427586625e-10,0.0,0.0,0.0,0,0.0,0,0,0,0
lhs_029,recovery_mpc,336,none,slsqp,True,True,4.837188427586625e-10,0.0,0.0,0.0,0,0.0,0,0,0,0
lhs_029,original_mpc,341,none,slsqp,True,True,1.4717116414431075e-12,0.0,0.0,0.0,0,0.0,0,0,0,0
lhs_029,recovery_mpc,341,none,slsqp,True,True,1.4717116414431075e-12,0.0,0.0,0.0,0,0.0,0,0,0,0
lhs_029,original_mpc,346,none,slsqp,True,True,6.606093450045591e-11,0.0,0.0,0.0,0,0.0,0,0,0,0
lhs_029,recovery_mpc,346,none,slsqp,True,True,6.606093450045591e-11,0.0,0.0,0.0,0,0.0,0,0,0,0
lhs_029,original_mpc,351,none,slsqp,True,True,1.047649966778863e-09,0.0,0.0,0.0,0,0.0,0,0,0,0
lhs_029,recovery_mpc,351,none,slsqp,True,True,1.047649966778863e-09,0.0,0.0,0.0,0,0.0,0,0,0,0
lhs_029,original_mpc,356,none,slsqp,True,True,7.51843032276156e-12,0.0,0.0,0.0,0,0.0,0,0,0,0
lhs_029,recovery_mpc,356,none,slsqp,True,True,7.51843032276156e-12,0.0,0.0,0.0,0,0.0,0,0,0,0
lhs_029,original_mpc,361,none,slsqp,True,True,2.1246231440841257e-09,0.0,0.0,0.0,0,0.0,0,0,0,0
lhs_029,recovery_mpc,361,none,slsqp,True,True,2.1246231440841257e-09,0.0,0.0,0.0,0,0.0,0,0,0,0
lhs_029,original_mpc,366,none,slsqp,True,True,6.705747068735946e-13,0.0,0.0,0.0,0,0.0,0,0,0,0
lhs_029,recovery_mpc,366,none,slsqp,True,True,6.705747068735946e-13,0.0,0.0,0.0,0,0.0,0,0,0,0
lhs_029,original_mpc,371,none,slsqp,True,True,1.4424781369370976e-09,0.0,0.0,0.0,0,0.0,0,0,0,0
lhs_029,recovery_mpc,371,none,slsqp,True,True,1.4424781369370976e-09,0.0,0.0,0.0,0,0.0,0,0,0,0
lhs_029,original_mpc,376,none,slsqp,True,True,2.1875834477214084e-12,0.0,0.0,0.0,0,0.0,0,0,0,0
lhs_029,recovery_mpc,376,none,slsqp,True,True,2.1875834477214084e-12,0.0,0.0,0.0,0,0.0,0,0,0,0
lhs_029,original_mpc,381,none,slsqp,True,True,0.0,0.0,0.0,0.0,0,0.0,0,0,0,0
lhs_029,recovery_mpc,381,none,slsqp,True,True,0.0,0.0,0.0,0.0,0,0.0,0,0,0,0
lhs_029,original_mpc,386,none,slsqp,True,True,8.881784197001252e-16,0.0,0.0,0.0,0,0.0,0,0,0,0
lhs_029,recovery_mpc,386,none,slsqp,True,True,8.881784197001252e-16,0.0,0.0,0.0,0,0.0,0,0,0,0
lhs_029,original_mpc,391,none,slsqp,True,True,0.0,0.0,0.0,0.0,0,0.0,0,0,0,0
lhs_029,recovery_mpc,391,none,slsqp,True,True,0.0,0.0,0.0,0.0,0,0.0,0,0,0,0
lhs_029,original_mpc,396,none,slsqp,True,True,8.881784197001252e-16,0.0,0.0,0.0,0,0.0,0,0,0,0
lhs_029,recovery_mpc,396,none,slsqp,True,True,8.881784197001252e-16,0.0,0.0,0.0,0,0.0,0,0,0,0
lhs_029,original_mpc,401,none,slsqp,True,True,0.0,0.0,5.881628517556692e-12,0.0,0,0.0,0,0,0,0
lhs_029,recovery_mpc,401,none,slsqp,True,True,0.0,0.0,5.881628517556692e-12,0.0,0,0.0,0,0,0,0
lhs_029,original_mpc,406,none,slsqp,True,True,0.0,0.0,2.4628077355259848e-12,0.0,0,0.0,0,0,0,0
lhs_029,recovery_mpc,406,none,slsqp,True,True,0.0,0.0,2.4628077355259848e-12,0.0,0,0.0,0,0,0,0
lhs_029,original_mpc,411,none,slsqp,True,True,0.0,0.0,0.0,0.0,0,0.0,0,0,0,0
lhs_029,recovery_mpc,411,none,slsqp,True,True,0.0,0.0,0.0,0.0,0,0.0,0,0,0,0
lhs_029,original_mpc,416,none,slsqp,True,True,1.7763568394002505e-15,0.0,2.7089922527423482e-09,0.0,0,0.0,0,0,0,0
lhs_029,recovery_mpc,416,none,slsqp,True,True,1.7763568394002505e-15,0.0,2.7089922527423482e-09,0.0,0,0.0,0,0,0,0
lhs_029,original_mpc,421,none,slsqp,True,True,0.0,0.0,2.3290047668211855e-10,0.0,0,0.0,0,0,0,0
lhs_029,recovery_mpc,421,none,slsqp,True,True,0.0,0.0,2.3290047668211855e-10,0.0,0,0.0,0,0,0,0
lhs_029,original_mpc,426,none,slsqp,True,True,0.0,0.0,0.0,0.0,0,0.0,0,0,0,0
lhs_029,recovery_mpc,426,none,slsqp,True,True,0.0,0.0,0.0,0.0,0,0.0,0,0,0,0
lhs_029,original_mpc,431,none,slsqp,True,True,0.0,0.0,1.9541668283551417e-10,0.0,0,0.0,0,0,0,0
lhs_029,recovery_mpc,431,none,slsqp,True,True,0.0,0.0,1.9541668283551417e-10,0.0,0,0.0,0,0,0,0
lhs_029,original_mpc,436,none,slsqp,True,True,0.0,0.0,1.724176357242868e-13,0.0,0,0.0,0,0,0,0
lhs_029,recovery_mpc,436,none,slsqp,True,True,0.0,0.0,1.724176357242868e-13,0.0,0,0.0,0,0,0,0
lhs_029,original_mpc,441,none,slsqp,True,True,0.0,0.0,0.0,0.0,0,0.0,0,0,0,0
lhs_029,recovery_mpc,441,none,slsqp,True,True,0.0,0.0,0.0,0.0,0,0.0,0,0,0,0
lhs_029,original_mpc,446,none,slsqp,True,True,0.0,0.0,6.306066779870889e-14,0.0,0,0.0,0,0,0,0
lhs_029,recovery_mpc,446,none,slsqp,True,True,0.0,0.0,6.306066779870889e-14,0.0,0,0.0,0,0,0,0
lhs_029,original_mpc,451,none,slsqp,True,True,0.0,0.0,0.0,0.0,0,0.0,0,0,0,0
lhs_029,recovery_mpc,451,none,slsqp,True,True,0.0,0.0,0.0,0.0,0,0.0,0,0,0,0
lhs_056,original_mpc,1,none,slsqp,True,True,0.0,0.0,0.0,0.0,0,0.0,0,0,0,0
lhs_056,recovery_mpc,1,none,slsqp,True,True,0.0,0.0,0.0,0.0,0,0.0,0,0,0,0
lhs_056,original_mpc,2,none,slsqp,True,True,0.0,0.0,0.0,8.881784197001252e-16,0,0.0,0,0,0,0
lhs_056,recovery_mpc,2,none,slsqp,True,True,0.0,0.0,0.0,8.881784197001252e-16,0,0.0,0,0,0,0
lhs_056,original_mpc,3,none,slsqp,True,True,0.0,0.0,0.0,0.0,0,0.0,0,0,0,0
lhs_056,recovery_mpc,3,none,slsqp,True,True,0.0,0.0,0.0,0.0,0,0.0,0,0,0,0
lhs_056,original_mpc,4,none,slsqp,True,True,0.0,3.2811087180562026e-09,0.0,1.7763568394002505e-15,0,0.0,0,0,0,0
lhs_056,recovery_mpc,4,none,slsqp,True,True,0.0,3.2811087180562026e-09,0.0,1.7763568394002505e-15,0,0.0,0,0,0,0
lhs_056,original_mpc,5,none,slsqp,True,True,0.0,1.475193300848332e-09,0.0,0.0,0,0.0,0,0,0,0
lhs_056,recovery_mpc,5,none,slsqp,True,True,0.0,1.475193300848332e-09,0.0,0.0,0,0.0,0,0,0,0
lhs_056,original_mpc,6,none,slsqp,True,True,0.0,1.5710099887655815e-11,0.0,0.0,0,0.0,0,0,0,0
lhs_056,recovery_mpc,6,none,slsqp,True,True,0.0,1.5710099887655815e-11,0.0,0.0,0,0.0,0,0,0,0
lhs_056,original_mpc,11,none,slsqp,True,True,0.0,1.2748628819281294e-09,0.0,0.0,0,0.0,0,0,0,0
lhs_056,recovery_mpc,11,none,slsqp,True,True,0.0,1.2748628819281294e-09,0.0,0.0,0,0.0,0,0,0,0
lhs_056,original_mpc,16,none,slsqp,True,True,0.0,8.719204913631984e-09,0.0,0.0,0,0.0,0,0,0,0
lhs_056,recovery_mpc,16,none,slsqp,True,True,0.0,8.719204913631984e-09,0.0,0.0,0,0.0,0,0,0,0
lhs_056,original_mpc,21,none,slsqp,True,True,0.0,3.8119907230793615e-10,0.0,0.0,0,0.0,0,0,0,0
lhs_056,recovery_mpc,21,none,slsqp,True,True,0.0,3.8119907230793615e-10,0.0,0.0,0,0.0,0,0,0,0
lhs_056,original_mpc,26,none,slsqp,True,True,0.0,4.495724681419233e-09,0.0,0.0,0,0.0,0,0,0,0
lhs_056,recovery_mpc,26,none,slsqp,True,True,0.0,4.495724681419233e-09,0.0,0.0,0,0.0,0,0,0,0
lhs_056,original_mpc,31,none,slsqp,True,True,0.0,4.555992916266405e-09,0.0,0.0,0,0.0,0,0,0,0
lhs_056,recovery_mpc,31,none,slsqp,True,True,0.0,4.555992916266405e-09,0.0,0.0,0,0.0,0,0,0,0
lhs_056,original_mpc,36,none,slsqp,True,True,0.0,3.1187568083623773e-08,0.0,0.0,0,0.0,0,0,0,0
lhs_056,recovery_mpc,36,none,slsqp,True,True,0.0,3.1187568083623773e-08,0.0,0.0,0,0.0,0,0,0,0
lhs_056,original_mpc,41,none,slsqp,True,True,0.0,1.9629311509561376e-09,0.0,0.0,0,0.0,0,0,0,0
lhs_056,recovery_mpc,41,none,slsqp,True,True,0.0,1.9629311509561376e-09,0.0,0.0,0,0.0,0,0,0,0
lhs_056,original_mpc,46,none,slsqp,True,True,0.0,1.1356824813901767e-08,0.0,0.0,0,0.0,0,0,0,0
lhs_056,recovery_mpc,46,none,slsqp,True,True,0.0,1.1356824813901767e-08,0.0,0.0,0,0.0,0,0,0,0
lhs_056,original_mpc,51,none,slsqp,True,True,0.0,3.7689318332922994e-10,0.0,0.0,0,0.0,0,0,0,0
lhs_056,recovery_mpc,51,none,slsqp,True,True,0.0,3.7689318332922994e-10,0.0,0.0,0,0.0,0,0,0,0
lhs_056,original_mpc,56,none,slsqp,True,True,0.0,1.0182859000451572e-09,0.0,0.0,0,0.0,0,0,0,0
lhs_056,recovery_mpc,56,none,slsqp,True,True,0.0,1.0182859000451572e-09,0.0,0.0,0,0.0,0,0,0,0
lhs_056,original_mpc,61,none,slsqp,True,True,0.0,2.220730266344617e-09,0.0,0.0,0,0.0,0,0,0,0
lhs_056,recovery_mpc,61,none,slsqp,True,True,0.0,2.220730266344617e-09,0.0,0.0,0,0.0,0,0,0,0
lhs_056,original_mpc,66,none,slsqp,True,True,0.0,8.349587687916937e-11,0.0,0.0,0,0.0,0,0,0,0
lhs_056,recovery_mpc,66,none,slsqp,True,True,0.0,8.349587687916937e-11,0.0,0.0,0,0.0,0,0,0,0
lhs_056,original_mpc,71,none,slsqp,True,True,0.0,4.019540256194887e-11,0.0,0.0,0,0.0,0,0,0,0
lhs_056,recovery_mpc,71,none,slsqp,True,True,0.0,4.019540256194887e-11,0.0,0.0,0,0.0,0,0,0,0
lhs_056,original_mpc,76,none,slsqp,True,True,0.0,2.439222157590848e-10,0.0,0.0,0,0.0,0,0,0,0
lhs_056,recovery_mpc,76,none,slsqp,True,True,0.0,2.439222157590848e-10,0.0,0.0,0,0.0,0,0,0,0
lhs_056,original_mpc,81,none,slsqp,True,True,0.0,3.26587397125877e-08,0.0,0.0,0,0.0,0,0,0,0
lhs_056,recovery_mpc,81,none,slsqp,True,True,0.0,3.26587397125877e-08,0.0,0.0,0,0.0,0,0,0,0
lhs_056,original_mpc,86,none,slsqp,True,True,0.0,4.0093794950735173e-10,0.0,0.0,0,0.0,0,0,0,0
lhs_056,recovery_mpc,86,none,slsqp,True,True,0.0,4.0093794950735173e-10,0.0,0.0,0,0.0,0,0,0,0
lhs_056,original_mpc,91,none,slsqp,True,True,0.0,1.1866063687193673e-10,0.0,0.0,0,0.0,0,0,0,0
lhs_056,recovery_mpc,91,none,slsqp,True,True,0.0,1.1866063687193673e-10,0.0,0.0,0,0.0,0,0,0,0
lhs_056,original_mpc,96,none,slsqp,True,True,0.0,7.143277969134942e-09,0.0,0.0,0,0.0,0,0,0,0
lhs_056,recovery_mpc,96,none,slsqp,True,True,0.0,7.143277969134942e-09,0.0,0.0,0,0.0,0,0,0,0
lhs_056,original_mpc,101,none,slsqp,True,True,0.0,0.0,0.0,0.0,0,0.0,0,0,0,0
lhs_056,recovery_mpc,101,none,slsqp,True,True,0.0,0.0,0.0,0.0,0,0.0,0,0,0,0
lhs_056,original_mpc,106,none,slsqp,True,True,0.0,2.498722295740663e-08,0.0,0.0,0,0.0,0,0,0,0
lhs_056,recovery_mpc,106,none,slsqp,True,True,0.0,2.498722295740663e-08,0.0,0.0,0,0.0,0,0,0,0
lhs_056,original_mpc,111,none,slsqp,True,True,0.0,6.165024046822509e-10,0.0,0.0,0,0.0,0,0,0,0
lhs_056,recovery_mpc,111,none,slsqp,True,True,0.0,6.165024046822509e-10,0.0,0.0,0,0.0,0,0,0,0
lhs_056,original_mpc,116,none,slsqp,True,True,0.0,1.2022056239402445e-08,0.0,0.0,0,0.0,0,0,0,0
lhs_056,recovery_mpc,116,none,slsqp,True,True,0.0,1.2022056239402445e-08,0.0,0.0,0,0.0,0,0,0,0
lhs_056,original_mpc,121,none,slsqp,True,True,0.0,1.3977370372231235e-09,0.0,0.0,0,0.0,0,0,0,0
lhs_056,recovery_mpc,121,none,slsqp,True,True,0.0,1.3977370372231235e-09,0.0,0.0,0,0.0,0,0,0,0
lhs_056,original_mpc,126,none,slsqp,True,True,0.0,1.4230110423341102e-09,0.0,0.0,0,0.0,0,0,0,0
lhs_056,recovery_mpc,126,none,slsqp,True,True,0.0,1.4230110423341102e-09,0.0,0.0,0,0.0,0,0,0,0
lhs_056,original_mpc,131,none,slsqp,True,True,0.0,2.025042533659871e-08,0.0,0.0,0,0.0,0,0,0,0
lhs_056,recovery_mpc,131,none,slsqp,True,True,0.0,2.025042533659871e-08,0.0,0.0,0,0.0,0,0,0,0
lhs_056,original_mpc,136,none,slsqp,True,True,0.0,7.150475767048192e-10,0.0,0.0,0,0.0,0,0,0,0
lhs_056,recovery_mpc,136,none,slsqp,True,True,0.0,7.150475767048192e-10,0.0,0.0,0,0.0,0,0,0,0
lhs_056,original_mpc,141,none,slsqp,True,True,0.0,1.9736226875011198e-08,0.0,0.0,0,0.0,0,0,0,0
lhs_056,recovery_mpc,141,none,slsqp,True,True,0.0,1.9736226875011198e-08,0.0,0.0,0,0.0,0,0,0,0
lhs_056,original_mpc,146,none,slsqp,True,True,0.0,8.008456120478513e-10,0.0,0.0,0,0.0,0,0,0,0
lhs_056,recovery_mpc,146,none,slsqp,True,True,0.0,8.008456120478513e-10,0.0,0.0,0,0.0,0,0,0,0
lhs_056,original_mpc,151,none,slsqp,True,True,0.0,2.5276136739194044e-10,0.0,0.0,0,0.0,0,0,0,0
lhs_056,recovery_mpc,151,none,slsqp,True,True,0.0,2.5276136739194044e-10,0.0,0.0,0,0.0,0,0,0,0
lhs_056,original_mpc,156,none,slsqp,True,True,0.0,1.7886065961647546e-08,0.0,0.0,0,0.0,0,0,0,0
lhs_056,recovery_mpc,156,none,slsqp,True,True,0.0,1.7886065961647546e-08,0.0,0.0,0,0.0,0,0,0,0
lhs_056,original_mpc,161,none,slsqp,True,True,0.0,1.0220730928267585e-09,0.0,0.0,0,0.0,0,0,0,0
lhs_056,recovery_mpc,161,none,slsqp,True,True,0.0,1.0220730928267585e-09,0.0,0.0,0,0.0,0,0,0,0
lhs_056,original_mpc,166,none,slsqp,True,True,0.0,7.796785439495579e-10,0.0,0.0,0,0.0,0,0,0,0
lhs_056,recovery_mpc,166,none,slsqp,True,True,0.0,7.796785439495579e-10,0.0,0.0,0,0.0,0,0,0,0
lhs_056,original_mpc,171,none,slsqp,True,True,0.0,2.6528255148150492e-09,0.0,0.0,0,0.0,0,0,0,0
lhs_056,recovery_mpc,171,none,slsqp,True,True,0.0,2.6528255148150492e-09,0.0,0.0,0,0.0,0,0,0,0
lhs_056,original_mpc,176,none,slsqp,True,True,0.0,1.7225396220510447e-08,0.0,0.0,0,0.0,0,0,0,0
lhs_056,recovery_mpc,176,none,slsqp,True,True,0.0,1.7225396220510447e-08,0.0,0.0,0,0.0,0,0,0,0
lhs_056,original_mpc,181,none,slsqp,True,True,0.0,1.8868561824092467e-08,0.0,0.0,0,0.0,0,0,0,0
lhs_056,recovery_mpc,181,none,slsqp,True,True,0.0,1.8868561824092467e-08,0.0,0.0,0,0.0,0,0,0,0
lhs_056,original_mpc,186,none,slsqp,True,True,2.468514281872558e-11,1.0033808450771176e-08,0.0,0.0,0,0.0,0,0,0,0
lhs_056,recovery_mpc,186,none,slsqp,True,True,2.468514281872558e-11,1.0033808450771176e-08,0.0,0.0,0,0.0,0,0,0,0
lhs_056,original_mpc,191,none,slsqp,True,True,0.0,2.653469266533648e-08,0.0,0.0,0,0.0,0,0,0,0
lhs_056,recovery_mpc,191,none,slsqp,True,True,0.0,2.653469266533648e-08,0.0,0.0,0,0.0,0,0,0,0
lhs_056,original_mpc,196,none,slsqp,True,True,2.2740032079582306e-11,9.498464237367443e-10,0.0,0.0,0,0.0,0,0,0,0
lhs_056,recovery_mpc,196,none,slsqp,True,True,2.2740032079582306e-11,9.498464237367443e-10,0.0,0.0,0,0.0,0,0,0,0
lhs_056,original_mpc,201,none,slsqp,True,True,0.0,3.61808361049043e-11,0.0,0.0,0,0.0,0,0,0,0
lhs_056,recovery_mpc,201,none,slsqp,True,True,0.0,3.61808361049043e-11,0.0,0.0,0,0.0,0,0,0,0
lhs_056,original_mpc,206,none,slsqp,True,True,3.1448621484742034e-11,5.267068559078325e-09,0.0,0.0,0,0.0,0,0,0,0
lhs_056,recovery_mpc,206,none,slsqp,True,True,3.1448621484742034e-11,5.267068559078325e-09,0.0,0.0,0,0.0,0,0,0,0
lhs_056,original_mpc,211,none,slsqp,True,True,4.555467114641942e-12,1.2537881843854848e-09,0.0,0.0,0,0.0,0,0,0,0
lhs_056,recovery_mpc,211,none,slsqp,True,True,4.555467114641942e-12,1.2537881843854848e-09,0.0,0.0,0,0.0,0,0,0,0
lhs_056,original_mpc,216,none,slsqp,True,True,2.8475000135586015e-12,3.2036950869951397e-10,0.0,0.0,0,0.0,0,0,0,0
lhs_056,recovery_mpc,216,none,slsqp,True,True,2.8475000135586015e-12,3.2036950869951397e-10,0.0,0.0,0,0.0,0,0,0,0
lhs_056,original_mpc,221,none,slsqp,True,True,1.5827774646481885e-09,5.193641072764876e-10,0.0,0.0,0,0.0,0,0,0,0
lhs_056,recovery_mpc,221,none,slsqp,True,True,1.5827774646481885e-09,5.193641072764876e-10,0.0,0.0,0,0.0,0,0,0,0
lhs_056,original_mpc,226,none,slsqp,True,True,7.265175128168266e-10,0.0,0.0,0.0,0,0.0,0,0,0,0
lhs_056,recovery_mpc,226,none,slsqp,True,True,7.265175128168266e-10,0.0,0.0,0.0,0,0.0,0,0,0,0
lhs_056,original_mpc,231,none,slsqp,True,True,1.4440892925904336e-11,0.0,0.0,0.0,0,0.0,0,0,0,0
lhs_056,recovery_mpc,231,none,slsqp,True,True,1.4440892925904336e-11,0.0,0.0,0.0,0,0.0,0,0,0,0
lhs_056,original_mpc,236,none,slsqp,True,True,2.850963909395432e-11,0.0,0.0,0.0,0,0.0,0,0,0,0
lhs_056,recovery_mpc,236,none,slsqp,True,True,2.850963909395432e-11,0.0,0.0,0.0,0,0.0,0,0,0,0
lhs_056,original_mpc,241,none,slsqp,True,True,2.4006574506074685e-11,0.0,0.0,0.0,0,0.0,0,0,0,0
lhs_056,recovery_mpc,241,none,slsqp,True,True,2.4006574506074685e-11,0.0,0.0,0.0,0,0.0,0,0,0,0
lhs_056,original_mpc,246,none,slsqp,True,True,1.9203305612336408e-11,0.0,0.0,0.0,0,0.0,0,0,0,0
lhs_056,recovery_mpc,246,none,slsqp,True,True,1.9203305612336408e-11,0.0,0.0,0.0,0,0.0,0,0,0,0
lhs_056,original_mpc,251,none,slsqp,True,True,8.816947172363143e-12,0.0,0.0,0.0,0,0.0,0,0,0,0
lhs_056,recovery_mpc,251,none,slsqp,True,True,8.816947172363143e-12,0.0,0.0,0.0,0,0.0,0,0,0,0
lhs_056,original_mpc,256,none,slsqp,True,True,1.2932765969253524e-11,0.0,0.0,0.0,0,0.0,0,0,0,0
lhs_056,recovery_mpc,256,none,slsqp,True,True,1.2932765969253524e-11,0.0,0.0,0.0,0,0.0,0,0,0,0
lhs_056,original_mpc,261,none,slsqp,True,True,5.687894599759602e-12,0.0,0.0,0.0,0,0.0,0,0,0,0
lhs_056,recovery_mpc,261,none,slsqp,True,True,5.687894599759602e-12,0.0,0.0,0.0,0,0.0,0,0,0,0
lhs_056,original_mpc,266,none,slsqp,True,True,9.85522774499259e-12,0.0,0.0,0.0,0,0.0,0,0,0,0
lhs_056,recovery_mpc,266,none,slsqp,True,True,9.85522774499259e-12,0.0,0.0,0.0,0,0.0,0,0,0,0
lhs_056,original_mpc,271,none,slsqp,True,True,2.4294344314057525e-11,0.0,0.0,0.0,0,0.0,0,0,0,0
lhs_056,recovery_mpc,271,none,slsqp,True,True,2.4294344314057525e-11,0.0,0.0,0.0,0,0.0,0,0,0,0
lhs_056,original_mpc,276,none,slsqp,True,True,4.196643033083092e-12,0.0,0.0,0.0,0,0.0,0,0,0,0
lhs_056,recovery_mpc,276,none,slsqp,True,True,4.196643033083092e-12,0.0,0.0,0.0,0,0.0,0,0,0,0
lhs_056,original_mpc,281,none,slsqp,True,True,2.5689672611406422e-11,0.0,0.0,0.0,0,0.0,0,0,0,0
lhs_056,recovery_mpc,281,none,slsqp,True,True,2.5689672611406422e-11,0.0,0.0,0.0,0,0.0,0,0,0,0
lhs_056,original_mpc,286,none,slsqp,True,True,1.0007106254761311e-11,0.0,0.0,0.0,0,0.0,0,0,0,0
lhs_056,recovery_mpc,286,none,slsqp,True,True,1.0007106254761311e-11,0.0,0.0,0.0,0,0.0,0,0,0,0
lhs_056,original_mpc,291,none,slsqp,True,True,2.7480240305521875e-12,0.0,0.0,0.0,0,0.0,0,0,0,0
lhs_056,recovery_mpc,291,none,slsqp,True,True,2.7480240305521875e-12,0.0,0.0,0.0,0,0.0,0,0,0,0
lhs_056,original_mpc,296,none,slsqp,True,True,7.503331289626658e-12,0.0,0.0,0.0,0,0.0,0,0,0,0
lhs_056,recovery_mpc,296,none,slsqp,True,True,7.503331289626658e-12,0.0,0.0,0.0,0,0.0,0,0,0,0
lhs_056,original_mpc,301,none,slsqp,True,True,5.111466805374221e-12,0.0,0.0,0.0,0,0.0,0,0,0,0
lhs_056,recovery_mpc,301,none,slsqp,True,True,5.111466805374221e-12,0.0,0.0,0.0,0,0.0,0,0,0,0
lhs_056,original_mpc,306,none,slsqp,True,True,0.0,0.0,0.0,0.0,0,0.0,0,0,0,0
lhs_056,recovery_mpc,306,none,slsqp,True,True,0.0,0.0,0.0,0.0,0,0.0,0,0,0,0
lhs_056,original_mpc,311,none,slsqp,True,True,2.787814423754753e-11,0.0,0.0,0.0,0,0.0,0,0,0,0
lhs_056,recovery_mpc,311,none,slsqp,True,True,2.787814423754753e-11,0.0,0.0,0.0,0,0.0,0,0,0,0
lhs_056,original_mpc,316,none,slsqp,True,True,1.0022800367437412e-09,0.0,0.0,0.0,0,0.0,0,0,0,0
lhs_056,recovery_mpc,316,none,slsqp,True,True,1.0022800367437412e-09,0.0,0.0,0.0,0,0.0,0,0,0,0
lhs_056,original_mpc,321,none,slsqp,True,True,1.9948487306464813e-12,0.0,0.0,0.0,0,0.0,0,0,0,0
lhs_056,recovery_mpc,321,none,slsqp,True,True,1.9948487306464813e-12,0.0,0.0,0.0,0,0.0,0,0,0,0
lhs_056,original_mpc,326,none,slsqp,True,True,1.8633983245308627e-12,0.0,0.0,0.0,0,0.0,0,0,0,0
lhs_056,recovery_mpc,326,none,slsqp,True,True,1.8633983245308627e-12,0.0,0.0,0.0,0,0.0,0,0,0,0
lhs_056,original_mpc,331,none,slsqp,True,True,0.0,0.0,0.0,0.0,0,0.0,0,0,0,0
lhs_056,recovery_mpc,331,none,slsqp,True,True,0.0,0.0,0.0,0.0,0,0.0,0,0,0,0
lhs_056,original_mpc,336,none,slsqp,True,True,0.0,0.0,0.0,0.0,0,0.0,0,0,0,0
lhs_056,recovery_mpc,336,none,slsqp,True,True,0.0,0.0,0.0,0.0,0,0.0,0,0,0,0
lhs_056,original_mpc,341,none,slsqp,True,True,1.8264501022713375e-11,0.0,4.441351730832821e-10,0.0,0,0.0,0,0,0,0
lhs_056,recovery_mpc,341,none,slsqp,True,True,1.8264501022713375e-11,0.0,4.441351730832821e-10,0.0,0,0.0,0,0,0,0
lhs_056,original_mpc,346,none,slsqp,True,True,8.881784197001252e-16,0.0,0.0,0.0,0,0.0,0,0,0,0
lhs_056,recovery_mpc,346,none,slsqp,True,True,8.881784197001252e-16,0.0,0.0,0.0,0,0.0,0,0,0,0
lhs_056,original_mpc,351,none,slsqp,True,True,8.881784197001252e-16,0.0,4.2806624911406743e-10,0.0,0,0.0,0,0,0,0
lhs_056,recovery_mpc,351,none,slsqp,True,True,8.881784197001252e-16,0.0,4.2806624911406743e-10,0.0,0,0.0,0,0,0,0
lhs_056,original_mpc,356,none,slsqp,True,True,0.0,0.0,3.0952573837339514e-11,0.0,0,0.0,0,0,0,0
lhs_056,recovery_mpc,356,none,slsqp,True,True,0.0,0.0,3.0952573837339514e-11,0.0,0,0.0,0,0,0,0
lhs_056,original_mpc,361,none,slsqp,True,True,0.0,0.0,0.0,0.0,0,0.0,0,0,0,0
lhs_056,recovery_mpc,361,none,slsqp,True,True,0.0,0.0,0.0,0.0,0,0.0,0,0,0,0
lhs_056,original_mpc,366,none,slsqp,True,True,0.0,0.0,0.0,0.0,0,0.0,0,0,0,0
lhs_056,recovery_mpc,366,none,slsqp,True,True,0.0,0.0,0.0,0.0,0,0.0,0,0,0,0
lhs_056,original_mpc,371,none,slsqp,True,True,8.881784197001252e-16,0.0,0.0,0.0,0,0.0,0,0,0,0
lhs_056,recovery_mpc,371,none,slsqp,True,True,8.881784197001252e-16,0.0,0.0,0.0,0,0.0,0,0,0,0
lhs_056,original_mpc,376,none,slsqp,True,True,8.881784197001252e-16,0.0,0.0,0.0,0,0.0,0,0,0,0
lhs_056,recovery_mpc,376,none,slsqp,True,True,8.881784197001252e-16,0.0,0.0,0.0,0,0.0,0,0,0,0
lhs_056,original_mpc,381,none,slsqp,True,True,0.0,0.0,0.0,0.0,0,0.0,0,0,0,0
lhs_056,recovery_mpc,381,none,slsqp,True,True,0.0,0.0,0.0,0.0,0,0.0,0,0,0,0
lhs_056,original_mpc,386,none,slsqp,True,True,0.0,0.0,0.0,0.0,0,0.0,0,0,0,0
lhs_056,recovery_mpc,386,none,slsqp,True,True,0.0,0.0,0.0,0.0,0,0.0,0,0,0,0
lhs_056,original_mpc,391,none,slsqp,True,True,0.0,0.0,3.8968828164342995e-14,0.0,0,0.0,0,0,0,0
lhs_056,recovery_mpc,391,none,slsqp,True,True,0.0,0.0,3.8968828164342995e-14,0.0,0,0.0,0,0,0,0
lhs_056,original_mpc,396,none,slsqp,True,True,0.0,0.0,0.0,0.0,0,0.0,0,0,0,0
lhs_056,recovery_mpc,396,none,slsqp,True,True,0.0,0.0,0.0,0.0,0,0.0,0,0,0,0
lhs_056,original_mpc,401,none,slsqp,True,True,0.0,0.0,0.0,0.0,0,0.0,0,0,0,0
lhs_056,recovery_mpc,401,none,slsqp,True,True,0.0,0.0,0.0,0.0,0,0.0,0,0,0,0
lhs_056,original_mpc,406,none,slsqp,True,True,0.0,0.0,1.3389289676979388e-13,0.0,0,0.0,0,0,0,0
lhs_056,recovery_mpc,406,none,slsqp,True,True,0.0,0.0,1.3389289676979388e-13,0.0,0,0.0,0,0,0,0
nominal,original_mpc,1,none,slsqp,True,True,0.0,8.210889745896566e-10,0.0,8.881784197001252e-16,0,0.0,0,0,0,0
nominal,recovery_mpc,1,none,slsqp,True,True,0.0,8.210889745896566e-10,0.0,8.881784197001252e-16,0,0.0,0,0,0,0
nominal,original_mpc,2,none,slsqp,True,True,0.0,1.37774307518157e-08,0.0,1.7763568394002505e-15,0,0.0,0,0,0,0
nominal,recovery_mpc,2,none,slsqp,True,True,0.0,1.37774307518157e-08,0.0,1.7763568394002505e-15,0,0.0,0,0,0,0
nominal,original_mpc,3,none,slsqp,True,True,0.0,8.7972296114458e-10,0.0,0.0,0,0.0,0,0,0,0
nominal,recovery_mpc,3,none,slsqp,True,True,0.0,8.7972296114458e-10,0.0,0.0,0,0.0,0,0,0,0
nominal,original_mpc,4,none,slsqp,True,True,0.0,6.516020789604227e-08,0.0,0.0,0,0.0,0,0,0,0
nominal,recovery_mpc,4,none,slsqp,True,True,0.0,6.516020789604227e-08,0.0,0.0,0,0.0,0,0,0,0
nominal,original_mpc,5,none,slsqp,True,True,0.0,2.2692383083722234e-08,0.0,0.0,0,0.0,0,0,0,0
nominal,recovery_mpc,5,none,slsqp,True,True,0.0,2.2692383083722234e-08,0.0,0.0,0,0.0,0,0,0,0
nominal,original_mpc,10,none,slsqp,True,True,0.0,3.576161589080584e-10,0.0,0.0,0,0.0,0,0,0,0
nominal,recovery_mpc,10,none,slsqp,True,True,0.0,3.576161589080584e-10,0.0,0.0,0,0.0,0,0,0,0
nominal,original_mpc,15,none,slsqp,True,True,0.0,2.5575630502316926e-09,0.0,0.0,0,0.0,0,0,0,0
nominal,recovery_mpc,15,none,slsqp,True,True,0.0,2.5575630502316926e-09,0.0,0.0,0,0.0,0,0,0,0
nominal,original_mpc,20,none,slsqp,True,True,0.0,3.8960479287197813e-10,0.0,0.0,0,0.0,0,0,0,0
nominal,recovery_mpc,20,none,slsqp,True,True,0.0,3.8960479287197813e-10,0.0,0.0,0,0.0,0,0,0,0
nominal,original_mpc,25,none,slsqp,True,True,0.0,3.646718482741562e-10,0.0,0.0,0,0.0,0,0,0,0
nominal,recovery_mpc,25,none,slsqp,True,True,0.0,3.646718482741562e-10,0.0,0.0,0,0.0,0,0,0,0
nominal,original_mpc,30,none,slsqp,True,True,0.0,1.2227658885421988e-09,0.0,0.0,0,0.0,0,0,0,0
nominal,recovery_mpc,30,none,slsqp,True,True,0.0,1.2227658885421988e-09,0.0,0.0,0,0.0,0,0,0,0
nominal,original_mpc,35,none,slsqp,True,True,0.0,1.1739444971681223e-09,0.0,0.0,0,0.0,0,0,0,0
nominal,recovery_mpc,35,none,slsqp,True,True,0.0,1.1739444971681223e-09,0.0,0.0,0,0.0,0,0,0,0
nominal,original_mpc,40,none,slsqp,True,True,0.0,1.1096545904365485e-09,0.0,0.0,0,0.0,0,0,0,0
nominal,recovery_mpc,40,none,slsqp,True,True,0.0,1.1096545904365485e-09,0.0,0.0,0,0.0,0,0,0,0
nominal,original_mpc,45,none,slsqp,True,True,0.0,0.0,0.0,0.0,0,0.0,0,0,0,0
nominal,recovery_mpc,45,none,slsqp,True,True,0.0,0.0,0.0,0.0,0,0.0,0,0,0,0
nominal,original_mpc,50,none,slsqp,True,True,0.0,4.212097337585874e-11,0.0,0.0,0,0.0,0,0,0,0
nominal,recovery_mpc,50,none,slsqp,True,True,0.0,4.212097337585874e-11,0.0,0.0,0,0.0,0,0,0,0
nominal,original_mpc,55,none,slsqp,True,True,0.0,6.572875577148807e-10,0.0,0.0,0,0.0,0,0,0,0
nominal,recovery_mpc,55,none,slsqp,True,True,0.0,6.572875577148807e-10,0.0,0.0,0,0.0,0,0,0,0
nominal,original_mpc,60,none,slsqp,True,True,0.0,6.240554739633808e-10,0.0,0.0,0,0.0,0,0,0,0
nominal,recovery_mpc,60,none,slsqp,True,True,0.0,6.240554739633808e-10,0.0,0.0,0,0.0,0,0,0,0
nominal,original_mpc,65,none,slsqp,True,True,0.0,2.475530891388189e-10,0.0,0.0,0,0.0,0,0,0,0
nominal,recovery_mpc,65,none,slsqp,True,True,0.0,2.475530891388189e-10,0.0,0.0,0,0.0,0,0,0,0
nominal,original_mpc,70,none,slsqp,True,True,0.0,1.1208030059606244e-09,0.0,0.0,0,0.0,0,0,0,0
nominal,recovery_mpc,70,none,slsqp,True,True,0.0,1.1208030059606244e-09,0.0,0.0,0,0.0,0,0,0,0
nominal,original_mpc,75,none,slsqp,True,True,0.0,1.581526021254831e-10,0.0,0.0,0,0.0,0,0,0,0
nominal,recovery_mpc,75,none,slsqp,True,True,0.0,1.581526021254831e-10,0.0,0.0,0,0.0,0,0,0,0
nominal,original_mpc,80,none,slsqp,True,True,0.0,1.8671642010303913e-10,0.0,0.0,0,0.0,0,0,0,0
nominal,recovery_mpc,80,none,slsqp,True,True,0.0,1.8671642010303913e-10,0.0,0.0,0,0.0,0,0,0,0
nominal,original_mpc,85,none,slsqp,True,True,0.0,8.624709835203248e-10,0.0,0.0,0,0.0,0,0,0,0
nominal,recovery_mpc,85,none,slsqp,True,True,0.0,8.624709835203248e-10,0.0,0.0,0,0.0,0,0,0,0
nominal,original_mpc,90,none,slsqp,True,True,0.0,6.49114895168168e-09,0.0,0.0,0,0.0,0,0,0,0
nominal,recovery_mpc,90,none,slsqp,True,True,0.0,6.49114895168168e-09,0.0,0.0,0,0.0,0,0,0,0
nominal,original_mpc,95,none,slsqp,True,True,0.0,1.1089795748375764e-09,0.0,0.0,0,0.0,0,0,0,0
nominal,recovery_mpc,95,none,slsqp,True,True,0.0,1.1089795748375764e-09,0.0,0.0,0,0.0,0,0,0,0
nominal,original_mpc,100,none,slsqp,True,True,0.0,2.2958857925914344e-08,0.0,0.0,0,0.0,0,0,0,0
nominal,recovery_mpc,100,none,slsqp,True,True,0.0,2.2958857925914344e-08,0.0,0.0,0,0.0,0,0,0,0
nominal,original_mpc,105,none,slsqp,True,True,0.0,2.3087523004505783e-09,0.0,0.0,0,0.0,0,0,0,0
nominal,recovery_mpc,105,none,slsqp,True,True,0.0,2.3087523004505783e-09,0.0,0.0,0,0.0,0,0,0,0
nominal,original_mpc,110,none,slsqp,True,True,0.0,5.984219342280994e-09,0.0,0.0,0,0.0,0,0,0,0
nominal,recovery_mpc,110,none,slsqp,True,True,0.0,5.984219342280994e-09,0.0,0.0,0,0.0,0,0,0,0
nominal,original_mpc,115,none,slsqp,True,True,0.0,5.450083051528054e-09,0.0,0.0,0,0.0,0,0,0,0
nominal,recovery_mpc,115,none,slsqp,True,True,0.0,5.450083051528054e-09,0.0,0.0,0,0.0,0,0,0,0
nominal,original_mpc,120,none,slsqp,True,True,0.0,4.87837326090812e-10,0.0,0.0,0,0.0,0,0,0,0
nominal,recovery_mpc,120,none,slsqp,True,True,0.0,4.87837326090812e-10,0.0,0.0,0,0.0,0,0,0,0
nominal,original_mpc,125,none,slsqp,True,True,0.0,1.7255175066566153e-09,0.0,0.0,0,0.0,0,0,0,0
nominal,recovery_mpc,125,none,slsqp,True,True,0.0,1.7255175066566153e-09,0.0,0.0,0,0.0,0,0,0,0
nominal,original_mpc,130,none,slsqp,True,True,0.0,3.4867753129219636e-10,0.0,0.0,0,0.0,0,0,0,0
nominal,recovery_mpc,130,none,slsqp,True,True,0.0,3.4867753129219636e-10,0.0,0.0,0,0.0,0,0,0,0
nominal,original_mpc,135,none,slsqp,True,True,0.0,2.3762964929119335e-09,0.0,0.0,0,0.0,0,0,0,0
nominal,recovery_mpc,135,none,slsqp,True,True,0.0,2.3762964929119335e-09,0.0,0.0,0,0.0,0,0,0,0
nominal,original_mpc,140,none,slsqp,True,True,0.0,2.972981860693835e-10,0.0,0.0,0,0.0,0,0,0,0
nominal,recovery_mpc,140,none,slsqp,True,True,0.0,2.972981860693835e-10,0.0,0.0,0,0.0,0,0,0,0
nominal,original_mpc,145,none,slsqp,True,True,0.0,4.495532834880578e-10,0.0,0.0,0,0.0,0,0,0,0
nominal,recovery_mpc,145,none,slsqp,True,True,0.0,4.495532834880578e-10,0.0,0.0,0,0.0,0,0,0,0
nominal,original_mpc,150,none,slsqp,True,True,0.0,3.4041818253172096e-09,0.0,0.0,0,0.0,0,0,0,0
nominal,recovery_mpc,150,none,slsqp,True,True,0.0,3.4041818253172096e-09,0.0,0.0,0,0.0,0,0,0,0
nominal,original_mpc,155,none,slsqp,True,True,0.0,3.61808361049043e-10,0.0,0.0,0,0.0,0,0,0,0
nominal,recovery_mpc,155,none,slsqp,True,True,0.0,3.61808361049043e-10,0.0,0.0,0,0.0,0,0,0,0
nominal,original_mpc,160,none,slsqp,True,True,0.0,2.2988899672782281e-10,0.0,0.0,0,0.0,0,0,0,0
nominal,recovery_mpc,160,none,slsqp,True,True,0.0,2.2988899672782281e-10,0.0,0.0,0,0.0,0,0,0,0
nominal,original_mpc,165,none,slsqp,True,True,0.0,1.176871933239454e-10,0.0,0.0,0,0.0,0,0,0,0
nominal,recovery_mpc,165,none,slsqp,True,True,0.0,1.176871933239454e-10,0.0,0.0,0,0.0,0,0,0,0
nominal,original_mpc,170,none,slsqp,True,True,0.0,2.864126713575388e-10,0.0,0.0,0,0.0,0,0,0,0
nominal,recovery_mpc,170,none,slsqp,True,True,0.0,2.864126713575388e-10,0.0,0.0,0,0.0,0,0,0,0
nominal,original_mpc,175,none,slsqp,True,True,0.0,2.672209120646585e-10,0.0,0.0,0,0.0,0,0,0,0
nominal,recovery_mpc,175,none,slsqp,True,True,0.0,2.672209120646585e-10,0.0,0.0,0,0.0,0,0,0,0
nominal,original_mpc,180,none,slsqp,True,True,0.0,1.9180390609108144e-10,0.0,0.0,0,0.0,0,0,0,0
nominal,recovery_mpc,180,none,slsqp,True,True,0.0,1.9180390609108144e-10,0.0,0.0,0,0.0,0,0,0,0
nominal,original_mpc,185,none,slsqp,True,True,0.0,4.4558134959515883e-10,0.0,0.0,0,0.0,0,0,0,0
nominal,recovery_mpc,185,none,slsqp,True,True,0.0,4.4558134959515883e-10,0.0,0.0,0,0.0,0,0,0,0
nominal,original_mpc,190,none,slsqp,True,True,0.0,2.460680548210803e-10,0.0,0.0,0,0.0,0,0,0,0
nominal,recovery_mpc,190,none,slsqp,True,True,0.0,2.460680548210803e-10,0.0,0.0,0,0.0,0,0,0,0
nominal,original_mpc,195,none,slsqp,True,True,0.0,3.828830585916876e-10,0.0,0.0,0,0.0,0,0,0,0
nominal,recovery_mpc,195,none,slsqp,True,True,0.0,3.828830585916876e-10,0.0,0.0,0,0.0,0,0,0,0
nominal,original_mpc,200,none,slsqp,True,True,0.0,3.086739752689027e-10,0.0,0.0,0,0.0,0,0,0,0
nominal,recovery_mpc,200,none,slsqp,True,True,0.0,3.086739752689027e-10,0.0,0.0,0,0.0,0,0,0,0
nominal,original_mpc,205,none,slsqp,True,True,0.0,1.450776210276672e-08,0.0,0.0,0,0.0,0,0,0,0
nominal,recovery_mpc,205,none,slsqp,True,True,0.0,1.450776210276672e-08,0.0,0.0,0,0.0,0,0,0,0
nominal,original_mpc,210,none,slsqp,True,True,0.0,9.514387500075827e-09,0.0,0.0,0,0.0,0,0,0,0
nominal,recovery_mpc,210,none,slsqp,True,True,0.0,9.514387500075827e-09,0.0,0.0,0,0.0,0,0,0,0
nominal,original_mpc,215,none,slsqp,True,True,0.0,6.287038445407234e-09,0.0,0.0,0,0.0,0,0,0,0
nominal,recovery_mpc,215,none,slsqp,True,True,0.0,6.287038445407234e-09,0.0,0.0,0,0.0,0,0,0,0
nominal,original_mpc,220,none,slsqp,True,True,0.0,5.973454619834229e-09,0.0,0.0,0,0.0,0,0,0,0
nominal,recovery_mpc,220,none,slsqp,True,True,0.0,5.973454619834229e-09,0.0,0.0,0,0.0,0,0,0,0
nominal,original_mpc,225,none,slsqp,True,True,0.0,3.175784968334483e-09,0.0,0.0,0,0.0,0,0,0,0
nominal,recovery_mpc,225,none,slsqp,True,True,0.0,3.175784968334483e-09,0.0,0.0,0,0.0,0,0,0,0
nominal,original_mpc,230,none,slsqp,True,True,0.0,2.344371807794232e-09,0.0,0.0,0,0.0,0,0,0,0
nominal,recovery_mpc,230,none,slsqp,True,True,0.0,2.344371807794232e-09,0.0,0.0,0,0.0,0,0,0,0
nominal,original_mpc,235,none,slsqp,True,True,0.0,1.0469562994330772e-09,0.0,0.0,0,0.0,0,0,0,0
nominal,recovery_mpc,235,none,slsqp,True,True,0.0,1.0469562994330772e-09,0.0,0.0,0,0.0,0,0,0,0
nominal,original_mpc,240,none,slsqp,True,True,0.0,6.274802899497445e-10,0.0,0.0,0,0.0,0,0,0,0
nominal,recovery_mpc,240,none,slsqp,True,True,0.0,6.274802899497445e-10,0.0,0.0,0,0.0,0,0,0,0
nominal,original_mpc,245,none,slsqp,True,True,0.0,1.133400928665651e-09,0.0,0.0,0,0.0,0,0,0,0
nominal,recovery_mpc,245,none,slsqp,True,True,0.0,1.133400928665651e-09,0.0,0.0,0,0.0,0,0,0,0
nominal,original_mpc,250,none,slsqp,True,True,0.0,2.8896351977891754e-10,0.0,0.0,0,0.0,0,0,0,0
nominal,recovery_mpc,250,none,slsqp,True,True,0.0,2.8896351977891754e-10,0.0,0.0,0,0.0,0,0,0,0
nominal,original_mpc,255,none,slsqp,True,True,0.0,7.725304840278113e-10,0.0,0.0,0,0.0,0,0,0,0
nominal,recovery_mpc,255,none,slsqp,True,True,0.0,7.725304840278113e-10,0.0,0.0,0,0.0,0,0,0,0
nominal,original_mpc,260,none,slsqp,True,True,0.0,6.428706456063082e-10,0.0,0.0,0,0.0,0,0,0,0
nominal,recovery_mpc,260,none,slsqp,True,True,0.0,6.428706456063082e-10,0.0,0.0,0,0.0,0,0,0,0
nominal,original_mpc,265,none,slsqp,True,True,0.0,1.717026520964282e-10,0.0,0.0,0,0.0,0,0,0,0
nominal,recovery_mpc,265,none,slsqp,True,True,0.0,1.717026520964282e-10,0.0,0.0,0,0.0,0,0,0,0
nominal,original_mpc,270,none,slsqp,True,True,0.0,2.694164891181572e-10,0.0,0.0,0,0.0,0,0,0,0
nominal,recovery_mpc,270,none,slsqp,True,True,0.0,2.694164891181572e-10,0.0,0.0,0,0.0,0,0,0,0
nominal,original_mpc,275,none,slsqp,True,True,0.0,1.3300649470693315e-10,0.0,0.0,0,0.0,0,0,0,0
nominal,recovery_mpc,275,none,slsqp,True,True,0.0,1.3300649470693315e-10,0.0,0.0,0,0.0,0,0,0,0
nominal,original_mpc,280,none,slsqp,True,True,0.0,1.3509549035006785e-10,0.0,0.0,0,0.0,0,0,0,0
nominal,recovery_mpc,280,none,slsqp,True,True,0.0,1.3509549035006785e-10,0.0,0.0,0,0.0,0,0,0,0
nominal,original_mpc,285,none,slsqp,True,True,0.0,1.8309265215066262e-10,0.0,0.0,0,0.0,0,0,0,0
nominal,recovery_mpc,285,none,slsqp,True,True,0.0,1.8309265215066262e-10,0.0,0.0,0,0.0,0,0,0,0
nominal,original_mpc,290,none,slsqp,True,True,0.0,9.985967608372448e-11,0.0,0.0,0,0.0,0,0,0,0
nominal,recovery_mpc,290,none,slsqp,True,True,0.0,9.985967608372448e-11,0.0,0.0,0,0.0,0,0,0,0
nominal,original_mpc,295,none,slsqp,True,True,0.0,1.6200374375330284e-12,0.0,0.0,0,0.0,0,0,0,0
nominal,recovery_mpc,295,none,slsqp,True,True,0.0,1.6200374375330284e-12,0.0,0.0,0,0.0,0,0,0,0
nominal,original_mpc,300,none,slsqp,True,True,0.0,4.25686152993876e-11,0.0,0.0,0,0.0,0,0,0,0
nominal,recovery_mpc,300,none,slsqp,True,True,0.0,4.25686152993876e-11,0.0,0.0,0,0.0,0,0,0,0
nominal,original_mpc,305,none,slsqp,True,True,0.0,9.338663176094997e-11,0.0,0.0,0,0.0,0,0,0,0
nominal,recovery_mpc,305,none,slsqp,True,True,0.0,9.338663176094997e-11,0.0,0.0,0,0.0,0,0,0,0
nominal,original_mpc,310,none,slsqp,True,True,0.0,5.136513436809764e-11,0.0,0.0,0,0.0,0,0,0,0
nominal,recovery_mpc,310,none,slsqp,True,True,0.0,5.136513436809764e-11,0.0,0.0,0,0.0,0,0,0,0
nominal,original_mpc,315,none,slsqp,True,True,0.0,2.6972202249453403e-11,0.0,0.0,0,0.0,0,0,0,0
nominal,recovery_mpc,315,none,slsqp,True,True,0.0,2.6972202249453403e-11,0.0,0.0,0,0.0,0,0,0,0
nominal,original_mpc,320,none,slsqp,True,True,0.0,3.0468072509393096e-11,0.0,0.0,0,0.0,0,0,0,0
nominal,recovery_mpc,320,none,slsqp,True,True,0.0,3.0468072509393096e-11,0.0,0.0,0,0.0,0,0,0,0
nominal,original_mpc,325,none,slsqp,True,True,0.0,7.176481631177012e-11,0.0,0.0,0,0.0,0,0,0,0
nominal,recovery_mpc,325,none,slsqp,True,True,0.0,7.176481631177012e-11,0.0,0.0,0,0.0,0,0,0,0
nominal,original_mpc,330,none,slsqp,True,True,0.0,1.2468603927118238e-10,0.0,0.0,0,0.0,0,0,0,0
nominal,recovery_mpc,330,none,slsqp,True,True,0.0,1.2468603927118238e-10,0.0,0.0,0,0.0,0,0,0,0
nominal,original_mpc,335,none,slsqp,True,True,0.0,6.788525297451997e-11,0.0,0.0,0,0.0,0,0,0,0
nominal,recovery_mpc,335,none,slsqp,True,True,0.0,6.788525297451997e-11,0.0,0.0,0,0.0,0,0,0,0
nominal,original_mpc,340,none,slsqp,True,True,0.0,5.023537141823908e-11,0.0,0.0,0,0.0,0,0,0,0
nominal,recovery_mpc,340,none,slsqp,True,True,0.0,5.023537141823908e-11,0.0,0.0,0,0.0,0,0,0,0
nominal,original_mpc,345,none,slsqp,True,True,0.0,2.510347485440434e-11,0.0,0.0,0,0.0,0,0,0,0
nominal,recovery_mpc,345,none,slsqp,True,True,0.0,2.510347485440434e-11,0.0,0.0,0,0.0,0,0,0,0
nominal,original_mpc,350,none,slsqp,True,True,0.0,1.2379786085148226e-10,0.0,0.0,0,0.0,0,0,0,0
nominal,recovery_mpc,350,none,slsqp,True,True,0.0,1.2379786085148226e-10,0.0,0.0,0,0.0,0,0,0,0
nominal,original_mpc,355,none,slsqp,True,True,0.0,5.652367462971597e-11,0.0,0.0,0,0.0,0,0,0,0
nominal,recovery_mpc,355,none,slsqp,True,True,0.0,5.652367462971597e-11,0.0,0.0,0,0.0,0,0,0,0
nominal,original_mpc,360,none,slsqp,True,True,0.0,1.5556622656731633e-10,0.0,0.0,0,0.0,0,0,0,0
nominal,recovery_mpc,360,none,slsqp,True,True,0.0,1.5556622656731633e-10,0.0,0.0,0,0.0,0,0,0,0
nominal,original_mpc,365,none,slsqp,True,True,0.0,1.339728328275669e-10,0.0,0.0,0,0.0,0,0,0,0
nominal,recovery_mpc,365,none,slsqp,True,True,0.0,1.339728328275669e-10,0.0,0.0,0,0.0,0,0,0,0
nominal,original_mpc,370,none,slsqp,True,True,0.0,7.290168468898628e-11,0.0,0.0,0,0.0,0,0,0,0
nominal,recovery_mpc,370,none,slsqp,True,True,0.0,7.290168468898628e-11,0.0,0.0,0,0.0,0,0,0,0
nominal,original_mpc,375,none,slsqp,True,True,0.0,0.0,0.0,0.0,0,0.0,0,0,0,0
nominal,recovery_mpc,375,none,slsqp,True,True,0.0,0.0,0.0,0.0,0,0.0,0,0,0,0
nominal,original_mpc,380,none,slsqp,True,True,0.0,1.5691625776526053e-10,0.0,0.0,0,0.0,0,0,0,0
nominal,recovery_mpc,380,none,slsqp,True,True,0.0,1.5691625776526053e-10,0.0,0.0,0,0.0,0,0,0,0
nominal,original_mpc,385,none,slsqp,True,True,0.0,1.0834355634870008e-10,0.0,0.0,0,0.0,0,0,0,0
nominal,recovery_mpc,385,none,slsqp,True,True,0.0,1.0834355634870008e-10,0.0,0.0,0,0.0,0,0,0,0
nominal,original_mpc,390,none,slsqp,True,True,0.0,0.0,0.0,0.0,0,0.0,0,0,0,0
nominal,recovery_mpc,390,none,slsqp,True,True,0.0,0.0,0.0,0.0,0,0.0,0,0,0,0
nominal,original_mpc,395,none,slsqp,True,True,0.0,0.0,0.0,0.0,0,0.0,0,0,0,0
nominal,recovery_mpc,395,none,slsqp,True,True,0.0,0.0,0.0,0.0,0,0.0,0,0,0,0
nominal,original_mpc,400,none,slsqp,True,True,0.0,1.0786038728838321e-10,0.0,0.0,0,0.0,0,0,0,0
nominal,recovery_mpc,400,none,slsqp,True,True,0.0,1.0786038728838321e-10,0.0,0.0,0,0.0,0,0,0,0
nominal,original_mpc,405,none,slsqp,True,True,0.0,6.984635092521785e-11,0.0,0.0,0,0.0,0,0,0,0
nominal,recovery_mpc,405,none,slsqp,True,True,0.0,6.984635092521785e-11,0.0,0.0,0,0.0,0,0,0,0
nominal,original_mpc,410,none,slsqp,True,True,0.0,0.0,0.0,0.0,0,0.0,0,0,0,0
nominal,recovery_mpc,410,none,slsqp,True,True,0.0,0.0,0.0,0.0,0,0.0,0,0,0,0
nominal,original_mpc,415,none,slsqp,True,True,0.0,0.0,0.0,0.0,0,0.0,0,0,0,0
nominal,recovery_mpc,415,none,slsqp,True,True,0.0,0.0,0.0,0.0,0,0.0,0,0,0,0
nominal,original_mpc,420,none,slsqp,True,True,0.0,0.0,0.0,0.0,0,0.0,0,0,0,0
nominal,recovery_mpc,420,none,slsqp,True,True,0.0,0.0,0.0,0.0,0,0.0,0,0,0,0
nominal,original_mpc,425,none,slsqp,True,True,0.0,0.0,0.0,0.0,0,0.0,0,0,0,0
nominal,recovery_mpc,425,none,slsqp,True,True,0.0,0.0,0.0,0.0,0,0.0,0,0,0,0
nominal,original_mpc,430,none,slsqp,True,True,0.0,0.0,0.0,0.0,0,0.0,0,0,0,0
nominal,recovery_mpc,430,none,slsqp,True,True,0.0,0.0,0.0,0.0,0,0.0,0,0,0,0
nominal,original_mpc,435,none,slsqp,True,True,0.0,0.0,0.0,0.0,0,0.0,0,0,0,0
nominal,recovery_mpc,435,none,slsqp,True,True,0.0,0.0,0.0,0.0,0,0.0,0,0,0,0
nominal,original_mpc,440,none,slsqp,True,True,0.0,1.0680878403945826e-10,0.0,0.0,0,0.0,0,0,0,0
nominal,recovery_mpc,440,none,slsqp,True,True,0.0,1.0680878403945826e-10,0.0,0.0,0,0.0,0,0,0,0
nominal,original_mpc,445,none,slsqp,True,True,0.0,5.7838178690872155e-11,0.0,0.0,0,0.0,0,0,0,0
nominal,recovery_mpc,445,none,slsqp,True,True,0.0,5.7838178690872155e-11,0.0,0.0,0,0.0,0,0,0,0
nominal,original_mpc,450,none,slsqp,True,True,1.6084911180769268e-12,1.8841177507056273e-09,0.0,0.0,0,0.0,0,0,0,0
nominal,recovery_mpc,450,none,slsqp,True,True,1.6084911180769268e-12,1.8841177507056273e-09,0.0,0.0,0,0.0,0,0,0,0
nominal,original_mpc,455,none,slsqp,True,True,0.0,6.85201939631952e-09,0.0,0.0,0,0.0,0,0,0,0
nominal,recovery_mpc,455,none,slsqp,True,True,0.0,6.85201939631952e-09,0.0,0.0,0,0.0,0,0,0,0
nominal,original_mpc,460,none,slsqp,True,True,0.0,1.7839383303908107e-09,0.0,0.0,0,0.0,0,0,0,0
nominal,recovery_mpc,460,none,slsqp,True,True,0.0,1.7839383303908107e-09,0.0,0.0,0,0.0,0,0,0,0
nominal,original_mpc,465,none,slsqp,True,True,3.639932799615053e-11,6.66524613279762e-09,0.0,0.0,0,0.0,0,0,0,0
nominal,recovery_mpc,465,none,slsqp,True,True,3.639932799615053e-11,6.66524613279762e-09,0.0,0.0,0,0.0,0,0,0,0
nominal,original_mpc,470,none,slsqp,True,True,2.3597124254592927e-11,2.5727331376401708e-09,0.0,0.0,0,0.0,0,0,0,0
nominal,recovery_mpc,470,none,slsqp,True,True,2.3597124254592927e-11,2.5727331376401708e-09,0.0,0.0,0,0.0,0,0,0,0
nominal,original_mpc,475,none,slsqp,True,True,9.465317418744235e-12,1.0623750767990714e-09,0.0,0.0,0,0.0,0,0,0,0
nominal,recovery_mpc,475,none,slsqp,True,True,9.465317418744235e-12,1.0623750767990714e-09,0.0,0.0,0,0.0,0,0,0,0
nominal,original_mpc,480,none,slsqp,True,True,6.333689128723563e-11,1.2168136720447364e-08,0.0,0.0,0,0.0,0,0,0,0
nominal,recovery_mpc,480,none,slsqp,True,True,6.333689128723563e-11,1.2168136720447364e-08,0.0,0.0,0,0.0,0,0,0,0
nominal,original_mpc,485,none,slsqp,True,True,2.1445956122079224e-11,1.4295643779860256e-08,0.0,0.0,0,0.0,0,0,0,0
nominal,recovery_mpc,485,none,slsqp,True,True,2.1445956122079224e-11,1.4295643779860256e-08,0.0,0.0,0,0.0,0,0,0,0
nominal,original_mpc,490,none,slsqp,True,True,5.962341731446941e-12,1.1041478842344077e-09,0.0,0.0,0,0.0,0,0,0,0
nominal,recovery_mpc,490,none,slsqp,True,True,5.962341731446941e-12,1.1041478842344077e-09,0.0,0.0,0,0.0,0,0,0,0
nominal,original_mpc,495,none,slsqp,True,True,2.0332180383775267e-11,8.607088375356398e-10,0.0,0.0,0,0.0,0,0,0,0
nominal,recovery_mpc,495,none,slsqp,True,True,2.0332180383775267e-11,8.607088375356398e-10,0.0,0.0,0,0.0,0,0,0,0
nominal,original_mpc,500,none,slsqp,True,True,5.367084554563917e-11,6.9879177999609965e-09,0.0,0.0,0,0.0,0,0,0,0
nominal,recovery_mpc,500,none,slsqp,True,True,5.367084554563917e-11,6.9879177999609965e-09,0.0,0.0,0,0.0,0,0,0,0
nominal,original_mpc,505,none,slsqp,True,True,1.4484413668469642e-11,2.916422658927331e-10,0.0,0.0,0,0.0,0,0,0,0
nominal,recovery_mpc,505,none,slsqp,True,True,1.4484413668469642e-11,2.916422658927331e-10,0.0,0.0,0,0.0,0,0,0,0
nominal,original_mpc,510,none,slsqp,True,True,3.4363623058197845e-12,0.0,0.0,0.0,0,0.0,0,0,0,0
nominal,recovery_mpc,510,none,slsqp,True,True,3.4363623058197845e-12,0.0,0.0,0.0,0,0.0,0,0,0,0
nominal,original_mpc,515,none,slsqp,True,True,3.0029312370061234e-12,0.0,0.0,0.0,0,0.0,0,0,0,0
nominal,recovery_mpc,515,none,slsqp,True,True,3.0029312370061234e-12,0.0,0.0,0.0,0,0.0,0,0,0,0
nominal,original_mpc,520,none,slsqp,True,True,8.624212455288216e-13,0.0,0.0,0.0,0,0.0,0,0,0,0
nominal,recovery_mpc,520,none,slsqp,True,True,8.624212455288216e-13,0.0,0.0,0.0,0,0.0,0,0,0,0
nominal,original_mpc,525,none,slsqp,True,True,1.1392664589493506e-11,0.0,0.0,0.0,0,0.0,0,0,0,0
nominal,recovery_mpc,525,none,slsqp,True,True,1.1392664589493506e-11,0.0,0.0,0.0,0,0.0,0,0,0,0
nominal,original_mpc,530,none,slsqp,True,True,1.9833024111903796e-12,0.0,0.0,0.0,0,0.0,0,0,0,0
nominal,recovery_mpc,530,none,slsqp,True,True,1.9833024111903796e-12,0.0,0.0,0.0,0,0.0,0,0,0,0
nominal,original_mpc,535,none,slsqp,True,True,5.893951993130031e-12,0.0,0.0,0.0,0,0.0,0,0,0,0
nominal,recovery_mpc,535,none,slsqp,True,True,5.893951993130031e-12,0.0,0.0,0.0,0,0.0,0,0,0,0
nominal,original_mpc,540,none,slsqp,True,True,4.416023102749023e-12,0.0,0.0,0.0,0,0.0,0,0,0,0
nominal,recovery_mpc,540,none,slsqp,True,True,4.416023102749023e-12,0.0,0.0,0.0,0,0.0,0,0,0,0
nominal,original_mpc,545,none,slsqp,True,True,4.239275597228698e-12,0.0,0.0,0.0,0,0.0,0,0,0,0
nominal,recovery_mpc,545,none,slsqp,True,True,4.239275597228698e-12,0.0,0.0,0.0,0,0.0,0,0,0,0
nominal,original_mpc,550,none,slsqp,True,True,3.0331293032759277e-12,0.0,0.0,0.0,0,0.0,0,0,0,0
nominal,recovery_mpc,550,none,slsqp,True,True,3.0331293032759277e-12,0.0,0.0,0.0,0,0.0,0,0,0,0
nominal,original_mpc,555,none,slsqp,True,True,1.2150280781497713e-12,0.0,0.0,0.0,0,0.0,0,0,0,0
nominal,recovery_mpc,555,none,slsqp,True,True,1.2150280781497713e-12,0.0,0.0,0.0,0,0.0,0,0,0,0
nominal,original_mpc,560,none,slsqp,True,True,4.693134769695462e-12,0.0,0.0,0.0,0,0.0,0,0,0,0
nominal,recovery_mpc,560,none,slsqp,True,True,4.693134769695462e-12,0.0,0.0,0.0,0,0.0,0,0,0,0
nominal,original_mpc,565,none,slsqp,True,True,0.0,0.0,0.0,0.0,0,0.0,0,0,0,0
nominal,recovery_mpc,565,none,slsqp,True,True,0.0,0.0,0.0,0.0,0,0.0,0,0,0,0
nominal,original_mpc,570,none,slsqp,True,True,0.0,0.0,0.0,0.0,0,0.0,0,0,0,0
nominal,recovery_mpc,570,none,slsqp,True,True,0.0,0.0,0.0,0.0,0,0.0,0,0,0,0
nominal,original_mpc,575,none,slsqp,True,True,0.0,0.0,0.0,0.0,0,0.0,0,0,0,0
nominal,recovery_mpc,575,none,slsqp,True,True,0.0,0.0,0.0,0.0,0,0.0,0,0,0,0
nominal,original_mpc,580,none,slsqp,True,True,0.0,0.0,0.0,0.0,0,0.0,0,0,0,0
nominal,recovery_mpc,580,none,slsqp,True,True,0.0,0.0,0.0,0.0,0,0.0,0,0,0,0
nominal,original_mpc,585,none,slsqp,True,True,0.0,0.0,0.0,0.0,0,0.0,0,0,0,0
nominal,recovery_mpc,585,none,slsqp,True,True,0.0,0.0,0.0,0.0,0,0.0,0,0,0,0
nominal,original_mpc,590,none,slsqp,True,True,8.881784197001252e-16,0.0,0.0,0.0,0,0.0,0,0,0,0
nominal,recovery_mpc,590,none,slsqp,True,True,8.881784197001252e-16,0.0,0.0,0.0,0,0.0,0,0,0,0
nominal,original_mpc,595,none,slsqp,True,True,1.7763568394002505e-15,0.0,0.0,0.0,0,0.0,0,0,0,0
nominal,recovery_mpc,595,none,slsqp,True,True,1.7763568394002505e-15,0.0,0.0,0.0,0,0.0,0,0,0,0
nominal,original_mpc,600,none,slsqp,True,True,0.0,0.0,1.8677569491032386e-09,0.0,0,0.0,0,0,0,0
nominal,recovery_mpc,600,none,slsqp,True,True,0.0,0.0,1.8677569491032386e-09,0.0,0,0.0,0,0,0,0
nominal,original_mpc,605,none,slsqp,True,True,8.881784197001252e-16,0.0,0.0,0.0,0,0.0,0,0,0,0
nominal,recovery_mpc,605,none,slsqp,True,True,8.881784197001252e-16,0.0,0.0,0.0,0,0.0,0,0,0,0
nominal,original_mpc,610,none,slsqp,True,True,0.0,0.0,2.161704149017396e-11,0.0,0,0.0,0,0,0,0
nominal,recovery_mpc,610,none,slsqp,True,True,0.0,0.0,2.161704149017396e-11,0.0,0,0.0,0,0,0,0
nominal,original_mpc,615,none,slsqp,True,True,0.0,0.0,3.097522238704187e-14,0.0,0,0.0,0,0,0,0
nominal,recovery_mpc,615,none,slsqp,True,True,0.0,0.0,3.097522238704187e-14,0.0,0,0.0,0,0,0,0
nominal,original_mpc,620,none,slsqp,True,True,0.0,0.0,0.0,0.0,0,0.0,0,0,0,0
nominal,recovery_mpc,620,none,slsqp,True,True,0.0,0.0,0.0,0.0,0,0.0,0,0,0,0
nominal,original_mpc,625,none,slsqp,True,True,0.0,0.0,0.0,0.0,0,0.0,0,0,0,0
nominal,recovery_mpc,625,none,slsqp,True,True,0.0,0.0,0.0,0.0,0,0.0,0,0,0,0
nominal,original_mpc,630,none,slsqp,True,True,0.0,0.0,0.0,0.0,0,0.0,0,0,0,0
nominal,recovery_mpc,630,none,slsqp,True,True,0.0,0.0,0.0,0.0,0,0.0,0,0,0,0
nominal,original_mpc,635,none,slsqp,True,True,0.0,0.0,0.0,0.0,0,0.0,0,0,0,0
nominal,recovery_mpc,635,none,slsqp,True,True,0.0,0.0,0.0,0.0,0,0.0,0,0,0,0
corner_cold_resistive,original_mpc,1,none,slsqp,True,True,0.0,0.0,0.0,0.0,0,0.0,0,0,0,0
corner_cold_resistive,recovery_mpc,1,none,slsqp,True,True,0.0,0.0,0.0,0.0,0,0.0,0,0,0,0
corner_cold_resistive,original_mpc,2,none,slsqp,True,True,0.0,0.0,0.0,4.440892098500626e-16,0,0.0,0,0,0,0
corner_cold_resistive,recovery_mpc,2,none,slsqp,True,True,0.0,0.0,0.0,4.440892098500626e-16,0,0.0,0,0,0,0
corner_cold_resistive,original_mpc,3,none,slsqp,True,True,0.0,0.0,0.0,1.7763568394002505e-15,0,0.0,0,0,0,0
corner_cold_resistive,recovery_mpc,3,none,slsqp,True,True,0.0,0.0,0.0,1.7763568394002505e-15,0,0.0,0,0,0,0
corner_cold_resistive,original_mpc,4,none,slsqp,True,True,0.0,0.0,0.0,0.0,0,0.0,0,0,0,0
corner_cold_resistive,recovery_mpc,4,none,slsqp,True,True,0.0,0.0,0.0,0.0,0,0.0,0,0,0,0
corner_cold_resistive,original_mpc,5,none,slsqp,True,True,0.0,0.0,0.0,0.0,0,0.0,0,0,0,0
corner_cold_resistive,recovery_mpc,5,none,slsqp,True,True,0.0,0.0,0.0,0.0,0,0.0,0,0,0,0
corner_cold_resistive,original_mpc,6,none,slsqp,True,True,0.0,0.0,0.0,0.0,0,0.0,0,0,0,0
corner_cold_resistive,recovery_mpc,6,none,slsqp,True,True,0.0,0.0,0.0,0.0,0,0.0,0,0,0,0
corner_cold_resistive,original_mpc,11,none,slsqp,True,True,0.0,0.0,0.0,0.0,0,0.0,0,0,0,0
corner_cold_resistive,recovery_mpc,11,none,slsqp,True,True,0.0,0.0,0.0,0.0,0,0.0,0,0,0,0
corner_cold_resistive,original_mpc,16,none,slsqp,True,True,0.0,0.0,0.0,0.0,0,0.0,0,0,0,0
corner_cold_resistive,recovery_mpc,16,none,slsqp,True,True,0.0,0.0,0.0,0.0,0,0.0,0,0,0,0
corner_cold_resistive,original_mpc,21,none,slsqp,True,True,0.0,3.161289896524977e-09,0.0,0.0,0,0.0,0,0,0,0
corner_cold_resistive,recovery_mpc,21,none,slsqp,True,True,0.0,3.161289896524977e-09,0.0,0.0,0,0.0,0,0,0,0
corner_cold_resistive,original_mpc,26,none,slsqp,True,True,0.0,3.4066260923282243e-10,0.0,0.0,0,0.0,0,0,0,0
corner_cold_resistive,recovery_mpc,26,none,slsqp,True,True,0.0,3.4066260923282243e-10,0.0,0.0,0,0.0,0,0,0,0
corner_cold_resistive,original_mpc,31,none,slsqp,True,True,0.0,6.076561476220377e-11,0.0,0.0,0,0.0,0,0,0,0
corner_cold_resistive,recovery_mpc,31,none,slsqp,True,True,0.0,6.076561476220377e-11,0.0,0.0,0,0.0,0,0,0,0
corner_cold_resistive,original_mpc,36,none,slsqp,True,True,0.0,2.164307488783379e-08,0.0,0.0,0,0.0,0,0,0,0
corner_cold_resistive,recovery_mpc,36,none,slsqp,True,True,0.0,2.164307488783379e-08,0.0,0.0,0,0.0,0,0,0,0
corner_cold_resistive,original_mpc,41,none,slsqp,True,True,0.0,2.8497311177488882e-09,0.0,0.0,0,0.0,0,0,0,0
corner_cold_resistive,recovery_mpc,41,none,slsqp,True,True,0.0,2.8497311177488882e-09,0.0,0.0,0,0.0,0,0,0,0
corner_cold_resistive,original_mpc,46,none,slsqp,True,True,0.0,4.116166962830903e-09,0.0,0.0,0,0.0,0,0,0,0
corner_cold_resistive,recovery_mpc,46,none,slsqp,True,True,0.0,4.116166962830903e-09,0.0,0.0,0,0.0,0,0,0,0
corner_cold_resistive,original_mpc,51,none,slsqp,True,True,0.0,1.0527614335842372e-09,0.0,0.0,0,0.0,0,0,0,0
corner_cold_resistive,recovery_mpc,51,none,slsqp,True,True,0.0,1.0527614335842372e-09,0.0,0.0,0,0.0,0,0,0,0
corner_cold_resistive,original_mpc,56,none,slsqp,True,True,0.0,5.336886488294112e-10,0.0,0.0,0,0.0,0,0,0,0
corner_cold_resistive,recovery_mpc,56,none,slsqp,True,True,0.0,5.336886488294112e-10,0.0,0.0,0,0.0,0,0,0,0
corner_cold_resistive,original_mpc,61,none,slsqp,True,True,0.0,1.5366907746283687e-10,0.0,0.0,0,0.0,0,0,0,0
corner_cold_resistive,recovery_mpc,61,none,slsqp,True,True,0.0,1.5366907746283687e-10,0.0,0.0,0,0.0,0,0,0,0
corner_cold_resistive,original_mpc,66,none,slsqp,True,True,0.0,2.113132779868465e-09,0.0,0.0,0,0.0,0,0,0,0
corner_cold_resistive,recovery_mpc,66,none,slsqp,True,True,0.0,2.113132779868465e-09,0.0,0.0,0,0.0,0,0,0,0
corner_cold_resistive,original_mpc,71,none,slsqp,True,True,0.0,6.511697847599862e-10,0.0,0.0,0,0.0,0,0,0,0
corner_cold_resistive,recovery_mpc,71,none,slsqp,True,True,0.0,6.511697847599862e-10,0.0,0.0,0,0.0,0,0,0,0
corner_cold_resistive,original_mpc,76,none,slsqp,True,True,0.0,3.4421532291162293e-09,0.0,0.0,0,0.0,0,0,0,0
corner_cold_resistive,recovery_mpc,76,none,slsqp,True,True,0.0,3.4421532291162293e-09,0.0,0.0,0,0.0,0,0,0,0
corner_cold_resistive,original_mpc,81,none,slsqp,True,True,0.0,6.018723297529505e-10,0.0,0.0,0,0.0,0,0,0,0
corner_cold_resistive,recovery_mpc,81,none,slsqp,True,True,0.0,6.018723297529505e-10,0.0,0.0,0,0.0,0,0,0,0
corner_cold_resistive,original_mpc,86,none,slsqp,True,True,0.0,2.61734101059119e-09,0.0,0.0,0,0.0,0,0,0,0
corner_cold_resistive,recovery_mpc,86,none,slsqp,True,True,0.0,2.61734101059119e-09,0.0,0.0,0,0.0,0,0,0,0
corner_cold_resistive,original_mpc,91,none,slsqp,True,True,0.0,8.499441150888742e-10,0.0,0.0,0,0.0,0,0,0,0
corner_cold_resistive,recovery_mpc,91,none,slsqp,True,True,0.0,8.499441150888742e-10,0.0,0.0,0,0.0,0,0,0,0
corner_cold_resistive,original_mpc,96,none,slsqp,True,True,0.0,2.104300733662967e-09,0.0,0.0,0,0.0,0,0,0,0
corner_cold_resistive,recovery_mpc,96,none,slsqp,True,True,0.0,2.104300733662967e-09,0.0,0.0,0,0.0,0,0,0,0
corner_cold_resistive,original_mpc,101,none,slsqp,True,True,0.0,2.08178860816588e-08,0.0,0.0,0,0.0,0,0,0,0
corner_cold_resistive,recovery_mpc,101,none,slsqp,True,True,0.0,2.08178860816588e-08,0.0,0.0,0,0.0,0,0,0,0
corner_cold_resistive,original_mpc,106,none,slsqp,False,False,0.0,0.166380856997705,0.0,3.4283687000424834e-13,0,0.0,0,0,0,0
corner_cold_resistive,recovery_mpc,106,prediction_domain_infeasible_under_candidate_audit,slope_safe_emergency,False,False,0.0,0.166380856997705,0.0,3.4283687000424834e-13,0,0.0,0,0,0,1
corner_cold_resistive,original_mpc,107,none,slsqp,True,True,0.0,1.0110454695677618e-09,0.0,0.0,0,0.0,0,0,0,0
corner_cold_resistive,recovery_mpc,107,prediction_domain_infeasible_under_candidate_audit,slope_safe_emergency,False,False,0.0,0.48134364073829516,0.0,3.2809310823722626e-11,0,0.0,0,0,0,1
corner_cold_resistive,original_mpc,112,none,slsqp,True,True,0.0,5.7116437801596476e-08,0.0,2.6645352591003757e-15,0,0.0,0,0,0,0
corner_cold_resistive,recovery_mpc,112,hard_safety_slew_conflict,hard_safety_emergency,False,False,0.0,1.7733789325710632,0.0,1.9879731058060477,5,8.0,0,0,0,1
corner_cold_resistive,original_mpc,113,none,slsqp,True,True,0.0,1.4572748341379338e-08,0.0,0.0,0,0.0,0,0,0,0
corner_cold_resistive,recovery_mpc,113,prediction_domain_infeasible_under_candidate_audit,slope_safe_emergency,False,False,0.0,1.3585621225730975,0.0,1.2331469179116539e-11,0,0.0,0,0,0,1
corner_cold_resistive,original_mpc,114,none,slsqp,True,True,0.0,1.756525591645186e-09,0.0,0.0,0,0.0,0,0,0,0
corner_cold_resistive,recovery_mpc,114,prediction_domain_infeasible_under_candidate_audit,slope_safe_emergency,False,False,0.0,1.2703987963294807,0.0,2.6894042548519792e-12,0,0.0,0,0,0,1
corner_cold_resistive,original_mpc,115,none,slsqp,True,True,0.0,1.0947118767035136e-09,0.0,0.0,0,0.0,0,0,0,0
corner_cold_resistive,recovery_mpc,115,prediction_domain_infeasible_under_candidate_audit,slope_safe_emergency,False,False,0.0,1.1083506796392797,0.0,1.0123013538532177e-11,0,0.0,0,0,0,1
corner_cold_resistive,original_mpc,120,none,slsqp,True,True,0.0,6.222947490641673e-09,0.0,0.0,0,0.0,0,0,0,0
corner_cold_resistive,recovery_mpc,120,prediction_domain_infeasible_under_candidate_audit,slope_safe_emergency,False,False,0.0,1.2951926688452033,0.0,0.0,0,0.0,0,0,0,1
corner_cold_resistive,original_mpc,125,none,slsqp,True,True,0.0,8.350724556294153e-10,0.0,0.0,0,0.0,0,0,0,0
corner_cold_resistive,recovery_mpc,125,hard_safety_slew_conflict,hard_safety_emergency,False,False,0.0,2.0286027942760967,0.0,9.325873406851315e-13,4,6.0,0,0,0,1
corner_cold_resistive,original_mpc,130,none,slsqp,True,True,0.0,7.744915819785092e-13,0.0,0.0,0,0.0,0,0,0,0
corner_cold_resistive,recovery_mpc,130,prediction_domain_infeasible_under_candidate_audit,slope_safe_emergency,False,False,0.0,1.0785295906461627,0.0,1.1950440637065185e-11,0,0.0,0,0,0,1
corner_cold_resistive,original_mpc,135,none,slsqp,True,True,0.0,1.2907506174997252e-09,0.0,0.0,0,0.0,0,0,0,0
corner_cold_resistive,recovery_mpc,135,prediction_domain_infeasible_under_candidate_audit,slope_safe_emergency,False,False,0.0,0.5460980291107802,0.0,8.707257137530178e-12,0,0.0,0,0,0,1
corner_cold_resistive,original_mpc,140,none,slsqp,True,True,0.0,1.3353229633139563e-10,0.0,0.0,0,0.0,0,0,0,0
corner_cold_resistive,recovery_mpc,140,prediction_domain_infeasible_under_candidate_audit,slope_safe_emergency,False,False,0.0,0.5113991287634221,0.0,9.980460902170307e-12,0,0.0,0,0,0,1
corner_cold_resistive,original_mpc,145,none,slsqp,True,True,0.0,1.9760406644309114e-09,0.0,1.3322676295501878e-15,0,0.0,0,0,0,0
corner_cold_resistive,recovery_mpc,145,prediction_domain_infeasible_under_candidate_audit,slope_safe_emergency,False,False,0.0,0.5705598734858697,0.0,0.0,0,0.0,0,0,0,1
corner_cold_resistive,original_mpc,146,none,slsqp,True,True,0.0,9.150937785307178e-10,0.0,0.0,0,0.0,0,0,0,0
corner_cold_resistive,recovery_mpc,146,prediction_domain_infeasible_under_candidate_audit,slope_safe_emergency,False,False,0.0,0.7103659778942557,0.0,6.394884621840902e-14,0,0.0,0,0,0,1
corner_cold_resistive,original_mpc,151,none,slsqp,True,True,0.0,1.744453470564622e-09,0.0,0.0,0,0.0,0,0,0,0
corner_cold_resistive,recovery_mpc,151,hard_safety_slew_conflict,hard_safety_emergency,False,False,0.0,1.7474031883037782,0.0,1.9879731058057848,5,8.0,0,0,0,1
corner_cold_resistive,original_mpc,156,none,slsqp,False,False,0.0,0.031726987040400445,0.0,7.327471962526033e-12,0,0.0,0,0,0,0
corner_cold_resistive,recovery_mpc,156,prediction_domain_infeasible_under_candidate_audit,slope_safe_emergency,False,False,0.0,0.9597874952575509,0.0,3.218048050257494e-11,0,0.0,0,0,0,1
corner_cold_resistive,original_mpc,157,none,slsqp,True,True,0.0,4.708198275693576e-09,0.0,0.0,0,0.0,0,0,0,0
corner_cold_resistive,recovery_mpc,157,prediction_domain_infeasible_under_candidate_audit,slope_safe_emergency,False,False,0.0,0.8404891215480461,0.0,4.475975146078781e-12,0,0.0,0,0,0,1
corner_cold_resistive,original_mpc,158,none,slsqp,True,True,0.0,4.680003939938615e-09,0.0,0.0,0,0.0,0,0,0,0
corner_cold_resistive,recovery_mpc,158,prediction_domain_infeasible_under_candidate_audit,slope_safe_emergency,False,False,0.0,0.8818418124852201,0.0,7.477130026245504e-12,0,0.0,0,0,0,1
corner_cold_resistive,original_mpc,163,none,slsqp,True,True,0.0,3.3918965414159175e-09,0.0,0.0,0,0.0,0,0,0,0
corner_cold_resistive,recovery_mpc,163,prediction_domain_infeasible_under_candidate_audit,slope_safe_emergency,False,False,0.0,1.0563190487192102,0.0,1.1923795284474181e-12,0,0.0,0,0,0,1
corner_cold_resistive,original_mpc,164,none,slsqp,True,True,0.0,2.348272687413555e-10,0.0,0.0,0,0.0,0,0,0,0
corner_cold_resistive,recovery_mpc,164,prediction_domain_infeasible_under_candidate_audit,slope_safe_emergency,False,False,0.0,1.1696372011014304,0.0,1.8118839761882555e-13,0,0.0,0,0,0,1
corner_cold_resistive,original_mpc,169,none,slsqp,False,False,0.0,0.04678768765915464,0.0,1.531663684772866e-11,0,0.0,0,0,0,0
corner_cold_resistive,recovery_mpc,169,hard_safety_slew_conflict,hard_safety_emergency,False,False,0.0,2.2757541014395812,0.0,1.9879731057977734,5,8.0,0,0,0,1
corner_cold_resistive,original_mpc,170,none,slsqp,True,True,0.0,1.588418285791704e-10,0.0,1.7763568394002505e-15,0,0.0,0,0,0,0
corner_cold_resistive,recovery_mpc,170,hard_safety_slew_conflict,hard_safety_emergency,False,False,0.0,1.8275065419400676,0.0,0.0,0,0.0,0,0,0,1
corner_cold_resistive,original_mpc,171,none,slsqp,True,True,0.0,3.9406700125255156e-11,0.0,0.0,0,0.0,0,0,0,0
corner_cold_resistive,recovery_mpc,171,hard_safety_slew_conflict,hard_safety_emergency,False,False,0.0,1.7634770085012974,0.0,2.1316282072803006e-14,0,0.0,0,0,0,1
corner_cold_resistive,original_mpc,172,none,slsqp,True,True,0.0,2.16939355368595e-09,0.0,0.0,0,0.0,0,0,0,0
corner_cold_resistive,recovery_mpc,172,hard_safety_slew_conflict,hard_safety_emergency,False,False,0.0,1.6135280744178289,0.0,4.292122213200855e-12,0,0.0,0,0,0,1
corner_cold_resistive,original_mpc,177,none,slsqp,False,False,0.0,0.20498575858622559,0.0,1.3855583347321954e-13,0,0.0,0,0,0,0
corner_cold_resistive,recovery_mpc,177,prediction_domain_infeasible_under_candidate_audit,slope_safe_emergency,False,False,0.0,1.1573564534495233,0.0,6.297184995673888e-12,0,0.0,0,0,0,1
corner_cold_resistive,original_mpc,178,none,slsqp,False,False,0.0,0.029888618688261204,0.0,1.4617262955596289e-09,0,0.0,0,0,0,0
corner_cold_resistive,recovery_mpc,178,prediction_domain_infeasible_under_candidate_audit,slope_safe_emergency,False,False,0.0,1.0648492552837467,0.0,4.781508522455624e-12,0,0.0,0,0,0,1
corner_cold_resistive,original_mpc,183,none,slsqp,True,True,0.0,1.877658917237568e-09,0.0,2.220446049250313e-15,0,0.0,0,0,0,0
corner_cold_resistive,recovery_mpc,183,prediction_domain_infeasible_under_candidate_audit,slope_safe_emergency,False,False,0.0,0.814627221585468,0.0,1.0361489444221661e-11,0,0.0,0,0,0,1
corner_cold_resistive,original_mpc,184,none,slsqp,True,True,0.0,2.76842371249586e-08,0.0,0.0,0,0.0,0,0,0,0
corner_cold_resistive,recovery_mpc,184,prediction_domain_infeasible_under_candidate_audit,slope_safe_emergency,False,False,0.0,0.8320830206526821,0.0,0.0,0,0.0,0,0,0,1
corner_cold_resistive,original_mpc,185,none,slsqp,True,True,0.0,2.0821175894525368e-09,0.0,8.881784197001252e-16,0,0.0,0,0,0,0
corner_cold_resistive,recovery_mpc,185,prediction_domain_infeasible_under_candidate_audit,slope_safe_emergency,False,False,0.0,0.8418729815300097,0.0,0.0,0,0.0,0,0,0,1
corner_cold_resistive,original_mpc,186,none,slsqp,True,True,0.0,5.364668709262332e-09,0.0,0.0,0,0.0,0,0,0,0
corner_cold_resistive,recovery_mpc,186,prediction_domain_infeasible_under_candidate_audit,slope_safe_emergency,False,False,0.0,0.9958101197842808,0.0,1.9879731058040866,0,0.0,0,0,0,1
corner_cold_resistive,original_mpc,191,none,slsqp,True,True,0.0,1.082611333913519e-09,0.0,0.0,0,0.0,0,0,0,0
corner_cold_resistive,recovery_mpc,191,hard_safety_slew_conflict,hard_safety_emergency,False,False,0.0,2.0259978660626246,0.0,1.9879731058021717,5,8.0,0,0,0,1
corner_cold_resistive,original_mpc,196,none,slsqp,True,True,0.0,2.1181989495744347e-09,0.0,0.0,0,0.0,0,0,0,0
corner_cold_resistive,recovery_mpc,196,prediction_domain_infeasible_under_candidate_audit,slope_safe_emergency,False,False,0.0,1.1000760246134007,0.0,1.1501910535116622e-11,0,0.0,0,0,0,1
corner_cold_resistive,original_mpc,201,none,slsqp,True,True,0.0,6.776829764021386e-09,0.0,0.0,0,0.0,0,0,0,0
corner_cold_resistive,recovery_mpc,201,prediction_domain_infeasible_under_candidate_audit,slope_safe_emergency,False,False,0.0,0.5100452311527803,0.0,1.7413626096640655e-11,0,0.0,0,0,0,1
corner_cold_resistive,original_mpc,206,none,slsqp,False,False,0.0,0.32095629892904753,0.0,3.361755318564974e-13,0,0.0,0,0,0,0
corner_cold_resistive,recovery_mpc,206,prediction_domain_infeasible_under_candidate_audit,slope_safe_emergency,False,False,0.0,0.5325334169739833,0.0,9.50262091237164e-12,0,0.0,0,0,0,1
corner_cold_resistive,original_mpc,207,none,slsqp,False,False,0.0,0.0066401136679843376,0.0,1.3304171631034478e-07,0,0.0,0,0,0,0
corner_cold_resistive,recovery_mpc,207,prediction_domain_infeasible_under_candidate_audit,slope_safe_emergency,False,False,0.0,0.4479324479039448,0.0,0.0,0,0.0,0,0,0,1
corner_cold_resistive,original_mpc,212,none,slsqp,True,True,0.0,4.476419235288631e-10,0.0,2.6645352591003757e-15,0,0.0,0,0,0,0
corner_cold_resistive,recovery_mpc,212,prediction_domain_infeasible_under_candidate_audit,slope_safe_emergency,False,False,0.0,1.0736314049645586,0.0,1.9060308886764687e-12,0,0.0,0,0,0,1
corner_cold_resistive,original_mpc,213,none,slsqp,True,True,0.0,6.970424237806583e-11,0.0,4.440892098500626e-16,0,0.0,0,0,0,0
corner_cold_resistive,recovery_mpc,213,hard_safety_slew_conflict,hard_safety_emergency,False,False,0.0,1.4543869780901417,0.0,1.9879731058034817,2,0.4499999999999993,0,0,0,1
corner_cold_resistive,original_mpc,214,none,slsqp,True,True,0.0,1.1842331559819286e-09,0.0,0.0,0,0.0,0,0,0,0
corner_cold_resistive,recovery_mpc,214,hard_safety_slew_conflict,hard_safety_emergency,False,False,0.0,1.54174189672662,0.0,0.0,2,1.4699999999999998,0,0,0,1
corner_cold_resistive,original_mpc,215,none,slsqp,True,True,0.0,1.4852119534225494e-09,0.0,0.0,0,0.0,0,0,0,0
corner_cold_resistive,recovery_mpc,215,prediction_domain_infeasible_under_candidate_audit,slope_safe_emergency,False,False,0.0,1.362535167608641,0.0,0.0,0,0.0,0,0,0,1
corner_cold_resistive,original_mpc,220,none,slsqp,True,True,0.0,8.779039717410342e-10,0.0,0.0,0,0.0,0,0,0,0
corner_cold_resistive,recovery_mpc,220,hard_safety_slew_conflict,hard_safety_emergency,False,False,0.0,1.5193752549318944,0.0,2.0179413695586845e-12,2,0.7847999999999993,0,0,0,1
corner_cold_resistive,original_mpc,225,none,slsqp,False,False,0.0,0.012957770241619926,0.0,3.0267495176872217e-09,0,0.0,0,0,0,0
corner_cold_resistive,recovery_mpc,225,prediction_domain_infeasible_under_candidate_audit,slope_safe_emergency,False,False,0.0,1.083298332922631,0.0,2.1398882665835117e-11,0,0.0,0,0,0,1
corner_cold_resistive,original_mpc,226,none,slsqp,True,True,0.0,6.131912755336089e-10,0.0,1.7763568394002505e-15,0,0.0,0,0,0,0
corner_cold_resistive,recovery_mpc,226,prediction_domain_infeasible_under_candidate_audit,slope_safe_emergency,False,False,0.0,1.0209124279845696,0.0,0.0,0,0.0,0,0,0,1
corner_cold_resistive,original_mpc,227,none,slsqp,True,True,0.0,4.0736622963777336e-09,0.0,0.0,0,0.0,0,0,0,0
corner_cold_resistive,recovery_mpc,227,prediction_domain_infeasible_under_candidate_audit,slope_safe_emergency,False,False,0.0,1.220304676900092,0.0,0.0,0,0.0,0,0,0,1
corner_cold_resistive,original_mpc,232,none,slsqp,True,True,0.0,2.895767181598785e-09,0.0,0.0,0,0.0,0,0,0,0
corner_cold_resistive,recovery_mpc,232,hard_safety_slew_conflict,hard_safety_emergency,False,False,0.0,2.0509625029670246,0.0,1.296661105804338,5,7.308688,0,0,0,1
corner_cold_resistive,original_mpc,237,none,slsqp,False,False,0.0,0.15532597363360168,0.0,6.31494856406789e-13,0,0.0,0,0,0,0
corner_cold_resistive,recovery_mpc,237,prediction_domain_infeasible_under_candidate_audit,slope_safe_emergency,False,False,0.0,1.3521493229586525,0.0,4.510880557972996e-11,0,0.0,0,0,0,1
corner_cold_resistive,original_mpc,238,none,slsqp,True,True,0.0,3.2297151619786746e-09,0.0,0.0,0,0.0,0,0,0,0
corner_cold_resistive,recovery_mpc,238,prediction_domain_infeasible_under_candidate_audit,slope_safe_emergency,False,False,0.0,1.2638961177005683,0.0,0.0,0,0.0,0,0,0,1
corner_cold_resistive,original_mpc,239,none,slsqp,True,True,0.0,6.976819122428424e-11,0.0,4.440892098500626e-16,0,0.0,0,0,0,0
corner_cold_resistive,recovery_mpc,239,prediction_domain_infeasible_under_candidate_audit,slope_safe_emergency,False,False,0.0,1.1462433435096884,0.0,1.8200552176494966e-11,0,0.0,0,0,0,1
corner_cold_resistive,original_mpc,240,none,slsqp,True,True,0.0,4.452900270734972e-10,0.0,4.440892098500626e-16,0,0.0,0,0,0,0
corner_cold_resistive,recovery_mpc,240,prediction_domain_infeasible_under_candidate_audit,slope_safe_emergency,False,False,0.0,1.2050758658394756,0.0,0.0,0,0.0,0,0,0,1
corner_cold_resistive,original_mpc,241,none,slsqp,True,True,0.0,4.1993359900516225e-09,0.0,0.0,0,0.0,0,0,0,0
corner_cold_resistive,recovery_mpc,241,prediction_domain_infeasible_under_candidate_audit,slope_safe_emergency,False,False,0.0,1.292578108057974,0.0,6.714628852932947e-13,0,0.0,0,0,0,1
corner_cold_resistive,original_mpc,246,none,slsqp,False,False,0.0,0.07815797191157259,0.0,1.6511236822225328e-12,0,0.0,0,0,0,0
corner_cold_resistive,recovery_mpc,246,hard_safety_slew_conflict,hard_safety_emergency,False,False,0.002789756060853854,2.3807699925730788,0.0,1.9879731058026255,5,8.0,0,0,0,1
corner_cold_resistive,original_mpc,247,none,slsqp,True,True,0.0,1.0044857390312245e-08,0.0,8.881784197001252e-16,0,0.0,0,0,0,0
corner_cold_resistive,recovery_mpc,247,hard_safety_slew_conflict,hard_safety_emergency,False,False,0.0,2.090872889900268,0.0,0.0,0,0.0,0,0,0,1
corner_cold_resistive,original_mpc,248,none,slsqp,True,True,0.0,6.300766131062119e-09,0.0,0.0,0,0.0,0,0,0,0
corner_cold_resistive,recovery_mpc,248,hard_safety_slew_conflict,hard_safety_emergency,False,False,0.0,1.9446418156045837,0.0,0.0,0,0.0,0,0,0,1
corner_cold_resistive,original_mpc,249,none,slsqp,True,True,0.0,1.2290968243178213e-10,0.0,8.881784197001252e-16,0,0.0,0,0,0,0
corner_cold_resistive,recovery_mpc,249,hard_safety_slew_conflict,hard_safety_emergency,False,False,0.0,1.7692903078642317,0.0,2.788880237858393e-13,0,0.0,0,0,0,1
corner_cold_resistive,original_mpc,250,none,slsqp,True,True,2.6769697569761775e-11,3.1803679689801356e-09,0.0,0.0,0,0.0,0,0,0,0
corner_cold_resistive,recovery_mpc,250,hard_safety_slew_conflict,hard_safety_emergency,False,False,0.0,1.5331027774365538,0.0,4.6775916473507095e-12,0,0.0,0,0,0,1
corner_cold_resistive,original_mpc,255,none,slsqp,False,False,0.00559021296767348,0.16718103537959905,0.0,2.715161429023283e-12,0,0.0,0,0,0,0
corner_cold_resistive,recovery_mpc,255,prediction_domain_infeasible_under_candidate_audit,slope_safe_emergency,False,False,0.0,1.104178360482976,0.0,1.1014300582701253e-11,0,0.0,0,0,0,1
corner_cold_resistive,original_mpc,256,none,slsqp,False,False,2.309305169312381e-05,0.04851003796457576,0.0,4.18349799247153e-11,0,0.0,0,0,0,0
corner_cold_resistive,recovery_mpc,256,prediction_domain_infeasible_under_candidate_audit,slope_safe_emergency,False,False,0.0,1.0918533969836233,0.0,7.989164885202626e-12,0,0.0,0,0,0,1
corner_cold_resistive,original_mpc,261,none,slsqp,True,True,0.0,9.589339811100217e-08,0.0,1.7763568394002505e-15,0,0.0,0,0,0,0
corner_cold_resistive,recovery_mpc,261,prediction_domain_infeasible_under_candidate_audit,slope_safe_emergency,False,False,1.6019088278085292e-09,0.5045968570702115,0.0,4.480416038177282e-11,0,0.0,0,0,0,1
corner_cold_resistive,original_mpc,262,none,slsqp,True,True,0.0,2.189160852594796e-09,0.0,0.0,0,0.0,0,0,0,0
corner_cold_resistive,recovery_mpc,262,prediction_domain_infeasible_under_candidate_audit,slope_safe_emergency,False,False,0.002254912031042444,0.6061287362027343,0.0,4.627409566637652e-13,0,0.0,0,0,0,1
corner_cold_resistive,original_mpc,263,none,slsqp,True,True,0.0,6.983881917221879e-09,0.0,0.0,0,0.0,0,0,0,0
corner_cold_resistive,recovery_mpc,263,prediction_domain_infeasible_under_candidate_audit,slope_safe_emergency,False,False,0.009151408874397582,0.7698655804983119,0.0,1.0302869668521453e-13,0,0.0,0,0,0,1
corner_cold_resistive,original_mpc,264,none,slsqp,True,True,2.1032953156918666e-11,7.035851012915373e-09,0.0,0.0,0,0.0,0,0,0,0
corner_cold_resistive,recovery_mpc,264,prediction_domain_infeasible_under_candidate_audit,slope_safe_emergency,False,False,0.012072753086309618,0.8399204855085571,0.0,1.9879731058041141,0,0.0,0,0,0,1
corner_cold_resistive,original_mpc,265,none,slsqp,True,True,2.325251102774928e-12,5.824318805025541e-11,0.0,0.0,0,0.0,0,0,0,0
corner_cold_resistive,recovery_mpc,265,prediction_domain_infeasible_under_candidate_audit,slope_safe_emergency,False,False,0.014738183664184668,1.0528876336265043,0.0,1.9879731058041141,0,0.0,0,0,0,1
corner_cold_resistive,original_mpc,270,none,slsqp,True,True,2.446576274905965e-11,1.0098588631990424e-09,0.0,0.0,0,0.0,0,0,0,0
corner_cold_resistive,recovery_mpc,270,hard_safety_slew_conflict,hard_safety_emergency,False,False,0.03229467152547372,2.2802242414387734,0.0,1.9879731058041141,5,8.0,0,0,0,1
corner_cold_resistive,original_mpc,275,none,slsqp,True,True,4.049116597570901e-11,1.2797158888133708e-08,0.0,0.0,0,0.0,0,0,0,0
corner_cold_resistive,recovery_mpc,275,prediction_domain_infeasible_under_candidate_audit,slope_safe_emergency,False,False,0.006807562713458282,1.301088925884713,0.0,1.766720103546504e-11,0,0.0,0,0,0,1
corner_cold_resistive,original_mpc,280,none,slsqp,False,False,0.005503839747378336,0.09960475330353802,0.0,4.9034554194804514e-11,0,0.0,0,0,0,0
corner_cold_resistive,recovery_mpc,280,prediction_domain_infeasible_under_candidate_audit,slope_safe_emergency,False,False,0.008052829765791358,0.8416902324993458,0.0,2.423865552714233e-10,0,0.0,0,0,0,1
corner_cold_resistive,original_mpc,281,none,slsqp,True,True,1.8500680099009514e-08,0.0,0.0,1.7763568394002505e-15,0,0.0,0,0,0,0
corner_cold_resistive,recovery_mpc,281,prediction_domain_infeasible_under_candidate_audit,slope_safe_emergency,False,False,0.02293494232653881,0.7107985615005461,0.0,2.9607427620703675e-11,0,0.0,0,0,0,1
corner_cold_resistive,original_mpc,282,none,slsqp,True,True,2.958699951705057e-11,2.4086403982437332e-09,0.0,8.881784197001252e-16,0,0.0,0,0,0,0
corner_cold_resistive,recovery_mpc,282,prediction_domain_infeasible_under_candidate_audit,slope_safe_emergency,False,False,0.03381812425513875,0.7265869214095417,0.0,3.4940939031002927e-12,0,0.0,0,0,0,1
corner_cold_resistive,original_mpc,283,none,slsqp,True,True,1.8776091792460647e-12,2.3163693185779266e-11,0.0,0.0,0,0.0,0,0,0,0
corner_cold_resistive,recovery_mpc,283,prediction_domain_infeasible_under_candidate_audit,slope_safe_emergency,False,False,0.040200831760440536,0.8515519047627578,0.0,2.3421264927492302e-12,0,0.0,0,0,0,1
corner_cold_resistive,original_mpc,284,none,slsqp,True,True,1.9028334463655483e-11,1.1391811938210594e-08,0.0,0.0,0,0.0,0,0,0,0
corner_cold_resistive,recovery_mpc,284,prediction_domain_infeasible_under_candidate_audit,slope_safe_emergency,False,False,0.043724622447960826,1.058184693997788,0.0,1.9879731058009025,0,0.0,0,0,0,1
corner_cold_resistive,original_mpc,289,none,slsqp,False,False,0.00466606299827621,0.08288071286726506,0.0,1.5987211554602254e-13,0,0.0,0,0,0,0
corner_cold_resistive,recovery_mpc,289,hard_safety_slew_conflict,hard_safety_emergency,False,False,0.05844059871715945,2.1903447587368206,0.0,1.987973105803996,5,8.0,0,0,0,1
corner_cold_resistive,original_mpc,290,none,slsqp,True,True,1.523654624691062e-08,0.0,0.0,4.440892098500626e-16,0,0.0,0,0,0,0
corner_cold_resistive,recovery_mpc,290,hard_safety_slew_conflict,hard_safety_emergency,False,False,0.03669276688494438,1.8431095845419563,0.0,2.8066438062523957e-12,0,0.0,0,0,0,1
corner_cold_resistive,original_mpc,291,none,slsqp,True,True,1.4419576643831533e-11,1.6181900264200522e-10,0.0,0.0,0,0.0,0,0,0,0
corner_cold_resistive,recovery_mpc,291,hard_safety_slew_conflict,hard_safety_emergency,False,False,0.036345606763823035,1.7701630120032874,0.0,0.0,0,0.0,0,0,0,1
corner_cold_resistive,original_mpc,292,none,slsqp,True,True,3.197442310920451e-14,9.663381206337363e-13,0.0,8.881784197001252e-16,0,0.0,0,0,0,0
corner_cold_resistive,recovery_mpc,292,hard_safety_slew_conflict,hard_safety_emergency,False,False,0.036273343505977884,1.6736798190127047,0.0,0.0,0,0.0,0,0,0,1
corner_cold_resistive,original_mpc,293,none,slsqp,True,True,1.403765992336048e-11,6.132623298071849e-10,0.0,0.0,0,0.0,0,0,0,0
corner_cold_resistive,recovery_mpc,293,hard_safety_slew_conflict,hard_safety_emergency,False,False,0.03695755842772552,1.5452302594154403,0.0,0.0,0,0.0,0,0,0,1
corner_cold_resistive,original_mpc,298,none,slsqp,False,False,0.00797309193345086,0.26782457124049586,0.0,1.8562928971732617e-13,0,0.0,0,0,0,0
corner_cold_resistive,recovery_mpc,298,prediction_domain_infeasible_under_candidate_audit,slope_safe_emergency,False,False,0.03695688560113908,1.1704812456986744,0.0,2.355182715518822e-11,0,0.0,0,0,0,1
corner_cold_resistive,original_mpc,299,none,slsqp,False,False,1.61575170771755e-05,0.11912433694784852,0.0,3.1319242310701156e-08,0,0.0,0,0,0,0
corner_cold_resistive,recovery_mpc,299,prediction_domain_infeasible_under_candidate_audit,slope_safe_emergency,False,False,0.03750879993934664,1.1088475759898628,0.0,1.6064038987906315e-11,0,0.0,0,0,0,1
corner_cold_resistive,original_mpc,304,none,slsqp,True,True,3.1818490953128276e-08,0.0,0.0,3.9968028886505635e-15,0,0.0,0,0,0,0
corner_cold_resistive,recovery_mpc,304,prediction_domain_infeasible_under_candidate_audit,slope_safe_emergency,False,False,0.05381879702104886,0.9088400294582755,0.0,8.597567102697212e-13,0,0.0,0,0,0,1
corner_cold_resistive,original_mpc,305,none,slsqp,True,True,1.3833414413966238e-09,0.0,0.0,0.0,0,0.0,0,0,0,0
corner_cold_resistive,recovery_mpc,305,prediction_domain_infeasible_under_candidate_audit,slope_safe_emergency,False,False,0.061082630862163256,0.8953198655354484,0.0,4.332090242087361e-12,0,0.0,0,0,0,1
corner_cold_resistive,original_mpc,306,none,slsqp,True,True,5.850431250564725e-12,0.0,0.0,0.0,0,0.0,0,0,0,0
corner_cold_resistive,recovery_mpc,306,prediction_domain_infeasible_under_candidate_audit,slope_safe_emergency,False,False,0.0674622243051557,0.9894824874421317,0.0,1.0528555804967255e-10,0,0.0,0,0,0,1
corner_cold_resistive,original_mpc,307,none,slsqp,True,True,8.375522497772181e-12,0.0,0.0,0.0,0,0.0,0,0,0,0
corner_cold_resistive,recovery_mpc,307,prediction_domain_infeasible_under_candidate_audit,slope_safe_emergency,False,False,0.07115457853985685,1.2115691483790485,0.0,1.9879731058041141,1,0.0,0,0,0,1
corner_cold_resistive,original_mpc,312,none,slsqp,True,True,2.7641355870855477e-10,1.3093597317492822e-09,0.0,0.0,0,0.0,0,0,0,0
corner_cold_resistive,recovery_mpc,312,hard_safety_slew_conflict,hard_safety_emergency,False,False,0.0850847057162527,2.2669224852531187,0.0,1.9679731058041146,5,7.98,0,0,0,1
corner_cold_resistive,original_mpc,317,none,slsqp,True,True,3.0390054917006637e-09,7.105427357601002e-15,0.0,0.0,0,0.0,0,0,0,0
corner_cold_resistive,recovery_mpc,317,prediction_domain_infeasible_under_candidate_audit,slope_safe_emergency,False,False,0.06466725077817337,1.3479689485896387,0.0,3.483080490696011e-11,0,0.0,0,0,0,1
corner_cold_resistive,original_mpc,322,none,slsqp,True,True,1.1925660459155552e-10,1.3216094885137863e-12,0.0,0.0,0,0.0,0,0,0,0
corner_cold_resistive,recovery_mpc,322,prediction_domain_infeasible_under_candidate_audit,slope_safe_emergency,False,False,0.06613513617773492,0.7642122773788742,0.0,1.6184564799459622e-10,0,0.0,0,0,0,1
corner_cold_resistive,original_mpc,327,none,slsqp,False,False,0.00021522213931124412,0.022425797451262497,0.0,1.3367085216486885e-13,0,0.0,0,0,0,0
corner_cold_resistive,recovery_mpc,327,prediction_domain_infeasible_under_candidate_audit,slope_safe_emergency,False,False,0.07344850359987909,0.5801393811831161,0.0,2.2705393121214e-11,0,0.0,0,0,0,1
corner_cold_resistive,original_mpc,328,none,slsqp,True,True,1.4604726317202221e-09,0.0,0.0,1.7763568394002505e-15,0,0.0,0,0,0,0
corner_cold_resistive,recovery_mpc,328,prediction_domain_infeasible_under_candidate_audit,slope_safe_emergency,False,False,0.08233875283873004,0.5816953129972475,0.0,1.6049384043981263e-12,0,0.0,0,0,0,1
corner_cold_resistive,original_mpc,329,none,slsqp,True,True,4.859224134179385e-12,0.0,0.0,0.0,0,0.0,0,0,0,0
corner_cold_resistive,recovery_mpc,329,prediction_domain_infeasible_under_candidate_audit,slope_safe_emergency,False,False,0.09261141999777944,0.7116677829861189,0.0,3.2436275887448573e-12,0,0.0,0,0,0,1
corner_cold_resistive,original_mpc,334,none,slsqp,True,True,1.7116086326041113e-11,0.0,0.0,0.0,0,0.0,0,0,0,0
corner_cold_resistive,recovery_mpc,334,hard_safety_slew_conflict,hard_safety_emergency,False,False,0.10699045834613052,1.5981259103989345,0.0,1.5079731058011951,4,4.719999999999999,0,0,0,1
corner_cold_resistive,original_mpc,339,none,slsqp,True,True,3.943689819152496e-11,0.0,0.0,0.0,0,0.0,0,0,0,0
corner_cold_resistive,recovery_mpc,339,prediction_domain_infeasible_under_candidate_audit,slope_safe_emergency,False,False,0.0950766498253719,1.1294422339865875,0.0,2.2439383684513814e-11,0,0.0,0,0,0,1
corner_cold_resistive,original_mpc,344,none,slsqp,True,True,7.890550435263322e-10,0.0,0.0,0.0,0,0.0,0,0,0,0
corner_cold_resistive,recovery_mpc,344,prediction_domain_infeasible_under_candidate_audit,slope_safe_emergency,False,False,0.10471815485825253,0.8076993159751993,0.0,5.058620189402063e-12,0,0.0,0,0,0,1
corner_cold_resistive,original_mpc,349,none,slsqp,True,True,6.474820679613913e-12,0.0,0.0,0.0,0,0.0,0,0,0,0
corner_cold_resistive,recovery_mpc,349,prediction_domain_infeasible_under_candidate_audit,slope_safe_emergency,False,False,0.12273191313260323,0.9878564956865006,0.0,0.0,0,0.0,0,0,0,1
corner_cold_resistive,original_mpc,354,none,slsqp,True,True,1.7921664152709127e-11,0.0,0.0,0.0,0,0.0,0,0,0,0
corner_cold_resistive,recovery_mpc,354,prediction_domain_infeasible_under_candidate_audit,slope_safe_emergency,False,False,0.13537979145660728,1.218182005121065,0.0,3.941735826629156e-12,1,0.0,0,0,0,1
corner_cold_resistive,original_mpc,359,none,slsqp,True,True,1.63122848562125e-11,0.0,0.0,0.0,0,0.0,0,0,0,0
corner_cold_resistive,recovery_mpc,359,prediction_domain_infeasible_under_candidate_audit,slope_safe_emergency,False,False,0.14301658507617176,1.4100602852265212,0.0,1.9184653865522705e-12,1,0.0,0,0,0,1
corner_cold_resistive,original_mpc,364,none,slsqp,True,True,1.0178524689763435e-12,0.0,0.0,0.0,0,0.0,0,0,0,0
corner_cold_resistive,recovery_mpc,364,prediction_domain_infeasible_under_candidate_audit,slope_safe_emergency,False,False,0.14698015949466559,1.4554323089951922,0.0,1.3149481503660354e-12,1,0.0,0,0,0,1
corner_cold_resistive,original_mpc,369,none,slsqp,True,True,3.184474905992829e-11,0.0,0.0,0.0,0,0.0,0,0,0,0
corner_cold_resistive,recovery_mpc,369,prediction_domain_infeasible_under_candidate_audit,slope_safe_emergency,False,False,0.15354044534237055,1.4252470953137077,0.0,0.0,1,0.0,0,0,0,1
corner_cold_resistive,original_mpc,374,none,slsqp,True,True,1.2104335311846626e-09,0.0,0.0,0.0,0,0.0,0,0,0,0
corner_cold_resistive,recovery_mpc,374,prediction_domain_infeasible_under_candidate_audit,slope_safe_emergency,False,False,0.15813493744344598,1.2000490769060548,0.0,3.5442759838133497e-12,1,0.0,0,0,0,1
corner_cold_resistive,original_mpc,379,none,slsqp,True,True,9.058886973889457e-10,0.0,0.0,0.0,0,0.0,0,0,0,0
corner_cold_resistive,recovery_mpc,379,prediction_domain_infeasible_under_candidate_audit,slope_safe_emergency,False,False,0.15821481482550492,1.020643753451374,0.0,5.537792446830281e-13,0,0.0,0,0,0,1
corner_cold_resistive,original_mpc,384,none,slsqp,True,True,3.2667202276570606e-12,0.0,0.0,0.0,0,0.0,0,0,0,0
corner_cold_resistive,recovery_mpc,384,prediction_domain_infeasible_under_candidate_audit,slope_safe_emergency,False,False,0.16479330797046732,1.152126171762788,0.0,8.331557665997025e-12,1,0.0,0,0,0,1
corner_cold_resistive,original_mpc,389,none,slsqp,True,True,8.943956686380261e-13,0.0,0.0,0.0,0,0.0,0,0,0,0
corner_cold_resistive,recovery_mpc,389,prediction_domain_infeasible_under_candidate_audit,slope_safe_emergency,False,False,0.16649352997894873,1.071431088777878,0.0032153267165661026,2.1271873151818e-13,1,0.0,0,0,0,1
corner_cold_resistive,original_mpc,394,none,slsqp,True,True,7.719069827771818e-11,0.0,0.0,0.0,0,0.0,0,0,0,0
corner_cold_resistive,recovery_mpc,394,prediction_domain_infeasible_under_candidate_audit,slope_safe_emergency,False,False,0.16999905985403263,0.9041134630022682,0.01081405015152892,0.0,1,0.0,0,0,0,1
corner_cold_resistive,original_mpc,399,none,slsqp,True,True,1.5130119379591633e-11,0.0,0.0,0.0,0,0.0,0,0,0,0
corner_cold_resistive,recovery_mpc,399,prediction_domain_infeasible_under_candidate_audit,slope_safe_emergency,False,False,0.15767204368391852,0.6849927327856449,0.015458580468350913,1.5840662115351734e-12,1,0.0,0,0,0,1
corner_cold_resistive,original_mpc,404,none,slsqp,True,True,1.5187850976872141e-12,0.0,0.0,0.0,0,0.0,0,0,0,0
corner_cold_resistive,recovery_mpc,404,prediction_domain_infeasible_under_candidate_audit,slope_safe_emergency,False,False,0.14656642616013027,0.423053643712592,0.016052516720953647,1.234568003383174e-12,1,0.0,0,0,0,1
corner_cold_resistive,original_mpc,409,none,slsqp,True,True,8.926193117986259e-13,0.0,0.0,0.0,0,0.0,0,0,0,0
corner_cold_resistive,recovery_mpc,409,prediction_domain_infeasible_under_candidate_audit,slope_safe_emergency,False,False,0.10394016859818755,0.18450007117067457,0.0071371175286409905,6.281641873329136e-12,1,0.0,0,0,0,1
corner_cold_resistive,original_mpc,414,none,slsqp,True,True,1.106226221736506e-11,0.0,0.0,0.0,0,0.0,0,0,0,0
corner_cold_resistive,recovery_mpc,414,prediction_domain_infeasible_under_candidate_audit,slope_safe_emergency,False,False,0.11996038799753173,0.20724696131530607,0.018079545541964004,8.165024212303251e-12,1,0.0,0,0,0,1
corner_cold_resistive,original_mpc,419,none,slsqp,True,True,7.454481476543151e-12,0.0,0.0,0.0,0,0.0,0,0,0,0
corner_cold_resistive,recovery_mpc,419,prediction_domain_infeasible_under_candidate_audit,slope_safe_emergency,False,False,0.023860635241388373,0.0,0.0,2.2608581673466688e-12,1,0.0,0,0,0,1
corner_cold_resistive,original_mpc,424,none,slsqp,True,True,1.6428636229193216e-11,0.0,0.0,0.0,0,0.0,0,0,0,0
corner_cold_resistive,recovery_mpc,424,prediction_domain_infeasible_under_candidate_audit,slope_safe_emergency,False,False,0.01676841634321491,0.0,0.0,2.4868995751603507e-14,0,0.0,0,0,0,1
corner_cold_resistive,original_mpc,429,none,slsqp,True,True,4.321876190260809e-12,0.0,0.0,0.0,0,0.0,0,0,0,0
corner_cold_resistive,recovery_mpc,429,prediction_domain_infeasible_under_candidate_audit,slope_safe_emergency,False,False,0.028965607370591506,0.0,0.004001308039719653,6.981437650210864e-11,1,0.0,0,0,0,1
corner_cold_resistive,original_mpc,434,none,slsqp,True,True,5.453415496958769e-12,0.0,0.0,0.0,0,0.0,0,0,0,0
corner_cold_resistive,recovery_mpc,434,prediction_domain_infeasible_under_candidate_audit,slope_safe_emergency,False,False,0.02853271779420652,0.0,0.008774343205755875,4.501288231040235e-12,1,0.0,0,0,0,1
corner_cold_resistive,original_mpc,439,none,slsqp,True,True,1.2424727913185052e-11,0.0,0.0,0.0,0,0.0,0,0,0,0
corner_cold_resistive,recovery_mpc,439,prediction_domain_infeasible_under_candidate_audit,slope_safe_emergency,False,False,0.023986807622756068,0.0,0.008714920296548967,3.090860900556436e-13,1,0.0,0,0,0,1
corner_cold_resistive,original_mpc,444,none,slsqp,True,True,1.3807595067305556e-09,0.0,0.0,0.0,0,0.0,0,0,0,0
corner_cold_resistive,recovery_mpc,444,prediction_domain_infeasible_under_candidate_audit,slope_safe_emergency,False,False,0.018076304414311295,0.0,3.442913065754283e-08,3.6770586575585185e-12,1,0.0,0,0,0,1
corner_cold_resistive,original_mpc,449,none,slsqp,True,True,1.687983086640088e-10,0.0,0.0,0.0,0,0.0,0,0,0,0
corner_cold_resistive,recovery_mpc,449,prediction_domain_infeasible_under_candidate_audit,slope_safe_emergency,False,False,0.017942799935743103,0.0,0.004119645403821481,3.468336728928989e-13,1,0.0,0,0,0,1
corner_cold_resistive,original_mpc,454,none,slsqp,True,True,1.5654677554266527e-10,0.0,2.886579864025407e-15,0.0,0,0.0,0,0,0,0
corner_cold_resistive,recovery_mpc,454,prediction_domain_infeasible_under_candidate_audit,slope_safe_emergency,False,False,0.022312139669680597,0.0,0.004315568293609351,1.3855583347321954e-12,1,0.0,0,0,0,1
corner_cold_resistive,original_mpc,459,none,slsqp,True,True,0.0,0.0,4.440892098500626e-16,0.0,0,0.0,0,0,0,0
corner_cold_resistive,recovery_mpc,459,prediction_domain_infeasible_under_candidate_audit,slope_safe_emergency,False,False,0.016208523032572586,0.0,0.004931222757896814,2.5766055955500633e-12,0,0.0,0,0,0,1
corner_cold_resistive,original_mpc,464,none,slsqp,True,True,8.881784197001252e-16,0.0,1.3704950507786862e-09,0.0,0,0.0,0,0,0,0
corner_cold_resistive,recovery_mpc,464,prediction_domain_infeasible_under_candidate_audit,slope_safe_emergency,False,False,0.022000140289151204,0.0,0.007974976868873385,0.0,1,0.0,0,0,0,1
corner_cold_resistive,original_mpc,469,none,slsqp,True,True,0.0,0.0,1.6327813545657932e-09,0.0,0,0.0,0,0,0,0
corner_cold_resistive,recovery_mpc,469,none,slsqp,True,True,0.0,0.0,7.286131697981091e-10,0.0,0,0.0,0,0,0,0
corner_cold_resistive,original_mpc,474,none,slsqp,True,True,8.881784197001252e-16,0.0,1.7721739631326727e-09,0.0,0,0.0,0,0,0,0
corner_cold_resistive,recovery_mpc,474,none,slsqp,True,True,0.0,0.0,1.9984014443252818e-13,0.0,0,0.0,0,0,0,0
corner_cold_resistive,original_mpc,479,none,slsqp,True,True,8.881784197001252e-16,0.0,2.155839951001326e-10,0.0,0,0.0,0,0,0,0
corner_cold_resistive,recovery_mpc,479,none,slsqp,True,True,0.0,0.0,1.9984014443252818e-13,0.0,0,0.0,0,0,0,0
corner_cold_resistive,original_mpc,484,none,slsqp,True,True,0.0,0.0,5.075346809491066e-10,0.0,0,0.0,0,0,0,0
corner_cold_resistive,recovery_mpc,484,none,slsqp,True,True,0.0,0.0,1.9984014443252818e-13,0.0,0,0.0,0,0,0,0
corner_cold_resistive,original_mpc,489,none,slsqp,True,True,0.0,0.0,0.0,0.0,0,0.0,0,0,0,0
corner_cold_resistive,recovery_mpc,489,none,slsqp,True,True,0.0,0.0,6.666101004526581e-11,0.0,0,0.0,0,0,0,0
corner_cold_resistive,original_mpc,494,none,slsqp,True,True,1.0658141036401503e-14,0.0,0.0,0.0,0,0.0,0,0,0,0
corner_cold_resistive,recovery_mpc,494,none,slsqp,True,True,0.0,0.0,0.0,0.0,0,0.0,0,0,0,0
corner_cold_resistive,original_mpc,499,none,slsqp,True,True,0.0,0.0,3.352873534367973e-14,0.0,0,0.0,0,0,0,0
corner_cold_resistive,recovery_mpc,499,none,slsqp,True,True,0.0,0.0,0.0,0.0,0,0.0,0,0,0,0
corner_cold_resistive,original_mpc,504,none,slsqp,True,True,0.0,0.0,0.0,0.0,0,0.0,0,0,0,0
corner_cold_resistive,recovery_mpc,504,none,slsqp,True,True,0.0,0.0,9.2148511043888e-15,0.0,0,0.0,0,0,0,0
corner_cold_resistive,original_mpc,509,none,slsqp,True,True,0.0,0.0,0.0,0.0,0,0.0,0,0,0,0
corner_cold_resistive,recovery_mpc,509,none,slsqp,True,True,0.0,0.0,0.0,0.0,0,0.0,0,0,0,0
corner_cold_resistive,original_mpc,514,none,slsqp,True,True,0.0,0.0,0.0,0.0,0,0.0,0,0,0,0
corner_cold_resistive,recovery_mpc,514,none,slsqp,True,True,0.0,0.0,8.204548151979907e-14,0.0,0,0.0,0,0,0,0
corner_cold_resistive,original_mpc,519,none,slsqp,True,True,0.0,0.0,1.9563239916919883e-12,0.0,0,0.0,0,0,0,0
corner_cold_resistive,recovery_mpc,519,none,slsqp,True,True,0.0,0.0,3.6637359812630166e-14,0.0,0,0.0,0,0,0,0
corner_cold_resistive,original_mpc,524,none,slsqp,True,True,0.0,0.0,3.2277158723559296e-10,0.0,0,0.0,0,0,0,0
corner_cold_resistive,recovery_mpc,524,none,slsqp,True,True,0.0,0.0,0.0,0.0,0,0.0,0,0,0,0
corner_cold_resistive,original_mpc,529,none,slsqp,True,True,0.0,0.0,0.0,0.0,0,0.0,0,0,0,0
corner_cold_resistive,recovery_mpc,529,none,slsqp,True,True,0.0,0.0,6.306910549369604e-11,0.0,0,0.0,0,0,0,0
corner_observer_optimistic,original_mpc,1,none,slsqp,True,True,0.0,2.193662140825836e-08,0.0,1.3322676295501878e-15,0,0.0,0,0,0,0
corner_observer_optimistic,recovery_mpc,1,none,slsqp,True,True,0.0,2.193662140825836e-08,0.0,1.3322676295501878e-15,0,0.0,0,0,0,0
corner_observer_optimistic,original_mpc,2,none,slsqp,True,True,0.0,9.414603852064829e-08,0.0,1.7763568394002505e-15,0,0.0,0,0,0,0
corner_observer_optimistic,recovery_mpc,2,none,slsqp,True,True,0.0,9.414603852064829e-08,0.0,1.7763568394002505e-15,0,0.0,0,0,0,0
corner_observer_optimistic,original_mpc,3,none,slsqp,True,True,0.0,9.326043226565162e-08,0.0,1.7763568394002505e-15,0,0.0,0,0,0,0
corner_observer_optimistic,recovery_mpc,3,none,slsqp,True,True,0.0,9.326043226565162e-08,0.0,1.7763568394002505e-15,0,0.0,0,0,0,0
corner_observer_optimistic,original_mpc,4,none,slsqp,True,True,0.0,1.507062563632644e-08,0.0,0.0,0,0.0,0,0,0,0
corner_observer_optimistic,recovery_mpc,4,none,slsqp,True,True,0.0,1.507062563632644e-08,0.0,0.0,0,0.0,0,0,0,0
corner_observer_optimistic,original_mpc,5,none,slsqp,True,True,0.0,4.200579439839203e-09,0.0,0.0,0,0.0,0,0,0,0
corner_observer_optimistic,recovery_mpc,5,none,slsqp,True,True,0.0,4.200579439839203e-09,0.0,0.0,0,0.0,0,0,0,0
corner_observer_optimistic,original_mpc,6,none,slsqp,True,True,0.0,1.622058931616266e-08,0.0,0.0,0,0.0,0,0,0,0
corner_observer_optimistic,recovery_mpc,6,none,slsqp,True,True,0.0,1.622058931616266e-08,0.0,0.0,0,0.0,0,0,0,0
corner_observer_optimistic,original_mpc,11,none,slsqp,True,True,0.0,5.6569007256257464e-09,0.0,0.0,0,0.0,0,0,0,0
corner_observer_optimistic,recovery_mpc,11,none,slsqp,True,True,0.0,5.6569007256257464e-09,0.0,0.0,0,0.0,0,0,0,0
corner_observer_optimistic,original_mpc,16,none,slsqp,True,True,0.0,9.984205462387763e-09,0.0,0.0,0,0.0,0,0,0,0
corner_observer_optimistic,recovery_mpc,16,none,slsqp,True,True,0.0,9.984205462387763e-09,0.0,0.0,0,0.0,0,0,0,0
corner_observer_optimistic,original_mpc,21,none,slsqp,True,True,0.0,1.874489896636078e-09,0.0,0.0,0,0.0,0,0,0,0
corner_observer_optimistic,recovery_mpc,21,none,slsqp,True,True,0.0,1.874489896636078e-09,0.0,0.0,0,0.0,0,0,0,0
corner_observer_optimistic,original_mpc,26,none,slsqp,True,True,0.0,2.5421229565836256e-09,0.0,0.0,0,0.0,0,0,0,0
corner_observer_optimistic,recovery_mpc,26,none,slsqp,True,True,0.0,2.5421229565836256e-09,0.0,0.0,0,0.0,0,0,0,0
corner_observer_optimistic,original_mpc,31,none,slsqp,True,True,0.0,9.228671160599333e-10,0.0,0.0,0,0.0,0,0,0,0
corner_observer_optimistic,recovery_mpc,31,none,slsqp,True,True,0.0,9.228671160599333e-10,0.0,0.0,0,0.0,0,0,0,0
corner_observer_optimistic,original_mpc,36,none,slsqp,True,True,0.0,3.5530263176042354e-09,0.0,0.0,0,0.0,0,0,0,0
corner_observer_optimistic,recovery_mpc,36,none,slsqp,True,True,0.0,3.5530263176042354e-09,0.0,0.0,0,0.0,0,0,0,0
corner_observer_optimistic,original_mpc,41,none,slsqp,True,True,0.0,1.6225243371081888e-10,0.0,0.0,0,0.0,0,0,0,0
corner_observer_optimistic,recovery_mpc,41,none,slsqp,True,True,0.0,1.6225243371081888e-10,0.0,0.0,0,0.0,0,0,0,0
corner_observer_optimistic,original_mpc,46,none,slsqp,True,True,0.0,3.9100456206142553e-10,0.0,0.0,0,0.0,0,0,0,0
corner_observer_optimistic,recovery_mpc,46,none,slsqp,True,True,0.0,3.9100456206142553e-10,0.0,0.0,0,0.0,0,0,0,0
corner_observer_optimistic,original_mpc,51,none,slsqp,True,True,0.0,1.9619363911260734e-09,0.0,0.0,0,0.0,0,0,0,0
corner_observer_optimistic,recovery_mpc,51,none,slsqp,True,True,0.0,1.9619363911260734e-09,0.0,0.0,0,0.0,0,0,0,0
corner_observer_optimistic,original_mpc,56,none,slsqp,True,True,0.0,2.0983037529731519e-10,0.0,0.0,0,0.0,0,0,0,0
corner_observer_optimistic,recovery_mpc,56,none,slsqp,True,True,0.0,2.0983037529731519e-10,0.0,0.0,0,0.0,0,0,0,0
corner_observer_optimistic,original_mpc,61,none,slsqp,True,True,0.0,6.222876436368097e-09,0.0,0.0,0,0.0,0,0,0,0
corner_observer_optimistic,recovery_mpc,61,none,slsqp,True,True,0.0,6.222876436368097e-09,0.0,0.0,0,0.0,0,0,0,0
corner_observer_optimistic,original_mpc,66,none,slsqp,True,True,0.0,1.0287699581112975e-08,0.0,0.0,0,0.0,0,0,0,0
corner_observer_optimistic,recovery_mpc,66,none,slsqp,True,True,0.0,1.0287699581112975e-08,0.0,0.0,0,0.0,0,0,0,0
corner_observer_optimistic,original_mpc,71,none,slsqp,True,True,0.0,1.8140191571092146e-08,0.0,0.0,0,0.0,0,0,0,0
corner_observer_optimistic,recovery_mpc,71,none,slsqp,True,True,0.0,1.8140191571092146e-08,0.0,0.0,0,0.0,0,0,0,0
corner_observer_optimistic,original_mpc,76,none,slsqp,True,True,0.0,1.8989254613188677e-10,0.0,0.0,0,0.0,0,0,0,0
corner_observer_optimistic,recovery_mpc,76,none,slsqp,True,True,0.0,1.8989254613188677e-10,0.0,0.0,0,0.0,0,0,0,0
corner_observer_optimistic,original_mpc,81,none,slsqp,True,True,0.0,1.0521574722588412e-09,0.0,0.0,0,0.0,0,0,0,0
corner_observer_optimistic,recovery_mpc,81,none,slsqp,True,True,0.0,1.0521574722588412e-09,0.0,0.0,0,0.0,0,0,0,0
corner_observer_optimistic,original_mpc,86,none,slsqp,True,True,0.0,2.16992646073777e-09,0.0,0.0,0,0.0,0,0,0,0
corner_observer_optimistic,recovery_mpc,86,none,slsqp,True,True,0.0,2.16992646073777e-09,0.0,0.0,0,0.0,0,0,0,0
corner_observer_optimistic,original_mpc,91,none,slsqp,True,True,0.0,1.8523849121265812e-10,0.0,0.0,0,0.0,0,0,0,0
corner_observer_optimistic,recovery_mpc,91,none,slsqp,True,True,0.0,1.8523849121265812e-10,0.0,0.0,0,0.0,0,0,0,0
corner_observer_optimistic,original_mpc,96,none,slsqp,True,True,0.0,4.852580559600028e-10,0.0,0.0,0,0.0,0,0,0,0
corner_observer_optimistic,recovery_mpc,96,none,slsqp,True,True,0.0,4.852580559600028e-10,0.0,0.0,0,0.0,0,0,0,0
corner_observer_optimistic,original_mpc,101,none,slsqp,True,True,0.0,2.5458959385105118e-09,0.0,0.0,0,0.0,0,0,0,0
corner_observer_optimistic,recovery_mpc,101,none,slsqp,True,True,0.0,2.5458959385105118e-09,0.0,0.0,0,0.0,0,0,0,0
corner_observer_optimistic,original_mpc,106,none,slsqp,True,True,0.0,3.7558578469543136e-10,0.0,0.0,0,0.0,0,0,0,0
corner_observer_optimistic,recovery_mpc,106,none,slsqp,True,True,0.0,3.7558578469543136e-10,0.0,0.0,0,0.0,0,0,0,0
corner_observer_optimistic,original_mpc,111,none,slsqp,True,True,0.0,7.052690875752887e-09,0.0,0.0,0,0.0,0,0,0,0
corner_observer_optimistic,recovery_mpc,111,none,slsqp,True,True,0.0,7.052690875752887e-09,0.0,0.0,0,0.0,0,0,0,0
corner_observer_optimistic,original_mpc,116,none,slsqp,False,False,0.0,0.15884532796111728,0.0,1.2989609388114332e-12,0,0.0,0,0,0,0
corner_observer_optimistic,recovery_mpc,116,prediction_domain_infeasible_under_candidate_audit,slope_safe_emergency,False,False,0.0,0.15884532796111728,0.0,1.2989609388114332e-12,0,0.0,0,0,0,1
corner_observer_optimistic,original_mpc,117,none,slsqp,False,False,0.0,0.12298486448451484,0.0,5.870992580980783e-11,0,0.0,0,0,0,0
corner_observer_optimistic,recovery_mpc,117,prediction_domain_infeasible_under_candidate_audit,slope_safe_emergency,False,False,0.0,0.36662904683426945,0.0,2.05613304160579e-12,0,0.0,0,0,0,1
corner_observer_optimistic,original_mpc,122,none,slsqp,True,True,0.0,1.255102688446641e-10,0.0,0.0,0,0.0,0,0,0,0
corner_observer_optimistic,recovery_mpc,122,prediction_domain_infeasible_under_candidate_audit,slope_safe_emergency,False,False,0.0,1.0514148010203854,0.0,1.999999999995688,0,0.0,0,0,0,1
corner_observer_optimistic,original_mpc,123,none,slsqp,True,True,0.0,6.436311394963923e-08,0.0,0.0,0,0.0,0,0,0,0
corner_observer_optimistic,recovery_mpc,123,prediction_domain_infeasible_under_candidate_audit,slope_safe_emergency,False,False,0.0,1.2283296504164056,0.0,3.7064998729592418,0,0.0,0,0,0,1
corner_observer_optimistic,original_mpc,124,none,slsqp,True,True,0.0,1.4407746107281127e-09,0.0,0.0,0,0.0,0,0,0,0
corner_observer_optimistic,recovery_mpc,124,hard_safety_slew_conflict,hard_safety_emergency,False,False,0.0,1.4780632211111495,0.0,3.706499872969502,2,1.4499999999999993,0,0,0,1
corner_observer_optimistic,original_mpc,129,none,slsqp,True,True,0.0,3.839417672679701e-09,0.0,0.0,0,0.0,0,0,0,0
corner_observer_optimistic,recovery_mpc,129,hard_safety_slew_conflict,hard_safety_emergency,False,False,0.0,1.8613250576697524,0.0,0.2664998729692716,4,4.5600000000000005,0,0,0,1
corner_observer_optimistic,original_mpc,134,none,slsqp,False,False,0.0,0.0350610740162125,0.0,0.0,0,0.0,0,0,0,0
corner_observer_optimistic,recovery_mpc,134,hard_safety_slew_conflict,hard_safety_emergency,False,False,0.0,1.5239481222942715,0.0,0.0,0,0.0,0,0,0,1
corner_observer_optimistic,original_mpc,135,none,slsqp,True,True,0.0,1.3052243730271584e-09,0.0,3.9968028886505635e-15,0,0.0,0,0,0,0
corner_observer_optimistic,recovery_mpc,135,prediction_domain_infeasible_under_candidate_audit,slope_safe_emergency,False,False,0.0,1.3508186304289822,0.0,0.0,0,0.0,0,0,0,1
corner_observer_optimistic,original_mpc,136,none,slsqp,True,True,0.0,6.777248984235484e-09,0.0,4.440892098500626e-16,0,0.0,0,0,0,0
corner_observer_optimistic,recovery_mpc,136,prediction_domain_infeasible_under_candidate_audit,slope_safe_emergency,False,False,0.0,1.276646876312931,0.0,0.0,0,0.0,0,0,0,1
corner_observer_optimistic,original_mpc,137,none,slsqp,True,True,0.0,4.789121987869294e-09,0.0,0.0,0,0.0,0,0,0,0
corner_observer_optimistic,recovery_mpc,137,prediction_domain_infeasible_under_candidate_audit,slope_safe_emergency,False,False,0.0,1.2396753729592618,0.0,1.3704593015972932e-11,0,0.0,0,0,0,1
corner_observer_optimistic,original_mpc,142,none,slsqp,True,True,0.0,1.1729824223039031e-08,0.0,0.0,0,0.0,0,0,0,0
corner_observer_optimistic,recovery_mpc,142,prediction_domain_infeasible_under_candidate_audit,slope_safe_emergency,False,False,0.0,1.4901348245465513,0.0,0.0,1,0.0,0,0,0,1
corner_observer_optimistic,original_mpc,147,none,slsqp,True,True,0.0,8.874820878190803e-10,0.0,0.0,0,0.0,0,0,0,0
corner_observer_optimistic,recovery_mpc,147,hard_safety_slew_conflict,hard_safety_emergency,False,False,0.0,1.5105047619739338,0.0,3.713473972766224e-12,2,0.6399999999999997,0,0,0,1
corner_observer_optimistic,original_mpc,152,none,slsqp,True,True,0.0,5.873701525160868e-10,0.0,0.0,0,0.0,0,0,0,0
corner_observer_optimistic,recovery_mpc,152,prediction_domain_infeasible_under_candidate_audit,slope_safe_emergency,False,False,0.0,1.1427568634982919,0.0,0.0,0,0.0,0,0,0,1
corner_observer_optimistic,original_mpc,157,none,slsqp,True,True,0.0,3.5242422313785937e-09,0.0,0.0,0,0.0,0,0,0,0
corner_observer_optimistic,recovery_mpc,157,prediction_domain_infeasible_under_candidate_audit,slope_safe_emergency,False,False,0.0,0.8826476507871135,0.0,1.5716317136593716e-12,0,0.0,0,0,0,1
corner_observer_optimistic,original_mpc,162,none,slsqp,False,False,0.0,0.08782594547580658,0.0,1.0027534358414414e-12,0,0.0,0,0,0,0
corner_observer_optimistic,recovery_mpc,162,prediction_domain_infeasible_under_candidate_audit,slope_safe_emergency,False,False,0.0,1.3570888038250501,0.0,1.1191048088221578e-12,0,0.0,0,0,0,1
corner_observer_optimistic,original_mpc,163,none,slsqp,True,True,0.0,2.644142682584061e-10,0.0,0.0,0,0.0,0,0,0,0
corner_observer_optimistic,recovery_mpc,163,hard_safety_slew_conflict,hard_safety_emergency,False,False,0.0,1.5059024046013363,0.0,1.512099872965874,2,1.3056,0,0,0,1
corner_observer_optimistic,original_mpc,168,none,slsqp,True,True,0.0,9.289706781601126e-10,0.0,8.881784197001252e-16,0,0.0,0,0,0,0
corner_observer_optimistic,recovery_mpc,168,hard_safety_slew_conflict,hard_safety_emergency,False,False,0.0,1.5879712212437482,0.0,0.0,3,2.470312,0,0,0,1
corner_observer_optimistic,original_mpc,169,none,slsqp,True,True,0.0,1.6747065956224105e-09,0.0,0.0,0,0.0,0,0,0,0
corner_observer_optimistic,recovery_mpc,169,hard_safety_slew_conflict,hard_safety_emergency,False,False,0.0,1.5277733682208705,0.0,0.0,0,0.0,0,0,0,1
corner_observer_optimistic,original_mpc,174,none,slsqp,False,False,0.0,0.0019387629899938474,0.0,4.7191139884716904e-11,0,0.0,0,0,0,0
corner_observer_optimistic,recovery_mpc,174,prediction_domain_infeasible_under_candidate_audit,slope_safe_emergency,False,False,0.0,1.2435269051098743,0.0,0.0,0,0.0,0,0,0,1
corner_observer_optimistic,original_mpc,175,none,slsqp,False,False,0.0,0.0042206806672240305,0.0,8.388134631331923e-11,0,0.0,0,0,0,0
corner_observer_optimistic,recovery_mpc,175,prediction_domain_infeasible_under_candidate_audit,slope_safe_emergency,False,False,0.0,1.253241684162056,0.0,0.0,0,0.0,0,0,0,1
corner_observer_optimistic,original_mpc,176,none,slsqp,True,True,0.0,2.664890530468256e-10,0.0,0.0,0,0.0,0,0,0,0
corner_observer_optimistic,recovery_mpc,176,prediction_domain_infeasible_under_candidate_audit,slope_safe_emergency,False,False,0.0,1.2233933270238069,0.0,0.0,0,0.0,0,0,0,1
corner_observer_optimistic,original_mpc,177,none,slsqp,True,True,0.0,5.0252069172529445e-09,0.0,0.0,0,0.0,0,0,0,0
corner_observer_optimistic,recovery_mpc,177,prediction_domain_infeasible_under_candidate_audit,slope_safe_emergency,False,False,0.0,1.3293471628967097,0.0,3.4017233474514796e-12,0,0.0,0,0,0,1
corner_observer_optimistic,original_mpc,178,none,slsqp,True,True,0.0,1.1733547466974414e-09,0.0,0.0,0,0.0,0,0,0,0
corner_observer_optimistic,recovery_mpc,178,prediction_domain_infeasible_under_candidate_audit,slope_safe_emergency,False,False,0.0,1.4373868696870602,0.0,1.7064998729658916,1,0.0,0,0,0,1
corner_observer_optimistic,original_mpc,183,none,slsqp,True,True,0.0,1.9929942141061474e-09,0.0,0.0,0,0.0,0,0,0,0
corner_observer_optimistic,recovery_mpc,183,hard_safety_slew_conflict,hard_safety_emergency,False,False,0.0,1.786908589618207,0.0,0.42649987296618974,4,4.72,0,0,0,1
corner_observer_optimistic,original_mpc,188,none,slsqp,True,True,0.0,7.311200533877127e-10,0.0,0.0,0,0.0,0,0,0,0
corner_observer_optimistic,recovery_mpc,188,prediction_domain_infeasible_under_candidate_audit,slope_safe_emergency,False,False,0.0,1.419784985496392,0.0,4.342921577915604e-10,0,0.0,0,0,0,1
corner_observer_optimistic,original_mpc,193,none,slsqp,True,True,0.0,1.3446737057165592e-09,0.0,0.0,0,0.0,0,0,0,0
corner_observer_optimistic,recovery_mpc,193,prediction_domain_infeasible_under_candidate_audit,slope_safe_emergency,False,False,0.0,1.1816637683146212,0.0,0.0,0,0.0,0,0,0,1
corner_observer_optimistic,original_mpc,198,none,slsqp,True,True,0.0,1.5960637256284826e-09,0.0,0.0,0,0.0,0,0,0,0
corner_observer_optimistic,recovery_mpc,198,prediction_domain_infeasible_under_candidate_audit,slope_safe_emergency,False,False,0.0,1.1062670277945443,0.0,9.378720022823472e-12,0,0.0,0,0,0,1
corner_observer_optimistic,original_mpc,203,none,slsqp,False,False,0.0,0.006788640877090302,0.0,1.1761258633669058e-11,0,0.0,0,0,0,0
corner_observer_optimistic,recovery_mpc,203,prediction_domain_infeasible_under_candidate_audit,slope_safe_emergency,False,False,0.0,1.3958918531619204,0.0,1.474820265912058e-11,0,0.0,0,0,0,1
corner_observer_optimistic,original_mpc,204,none,slsqp,True,True,0.0,1.1204832617295324e-09,0.0,0.0,0,0.0,0,0,0,0
corner_observer_optimistic,recovery_mpc,204,hard_safety_slew_conflict,hard_safety_emergency,False,False,0.0,1.5550945293962712,0.0,1.4664998729747296,4,4.609999999999999,0,0,0,1
corner_observer_optimistic,original_mpc,209,none,slsqp,True,True,0.0,3.384172941878205e-10,0.0,4.440892098500626e-16,0,0.0,0,0,0,0
corner_observer_optimistic,recovery_mpc,209,prediction_domain_infeasible_under_candidate_audit,slope_safe_emergency,False,False,0.0,1.0437676264719897,0.0,0.0,0,0.0,0,0,0,1
corner_observer_optimistic,original_mpc,210,none,slsqp,True,True,0.0,1.3958825206827896e-09,0.0,4.440892098500626e-16,0,0.0,0,0,0,0
corner_observer_optimistic,recovery_mpc,210,prediction_domain_infeasible_under_candidate_audit,slope_safe_emergency,False,False,0.0,0.9664058605785257,0.0,5.827782700862372e-12,0,0.0,0,0,0,1
corner_observer_optimistic,original_mpc,211,none,slsqp,True,True,0.0,1.5002115105744451e-09,0.0,0.0,0,0.0,0,0,0,0
corner_observer_optimistic,recovery_mpc,211,prediction_domain_infeasible_under_candidate_audit,slope_safe_emergency,False,False,0.0,1.0449005606565436,0.0,3.3306690738754696e-13,0,0.0,0,0,0,1
corner_observer_optimistic,original_mpc,216,none,slsqp,True,True,0.0,1.4883951848787547e-09,0.0,0.0,0,0.0,0,0,0,0
corner_observer_optimistic,recovery_mpc,216,hard_safety_slew_conflict,hard_safety_emergency,False,False,0.0,1.5489026840612254,0.0,0.8584998729658553,3,3.3019999999999996,0,0,0,1
corner_observer_optimistic,original_mpc,221,none,slsqp,True,True,0.0,2.614420679947216e-09,0.0,0.0,0,0.0,0,0,0,0
corner_observer_optimistic,recovery_mpc,221,prediction_domain_infeasible_under_candidate_audit,slope_safe_emergency,False,False,0.0,1.112353293319508,0.0,0.0,0,0.0,0,0,0,1
corner_observer_optimistic,original_mpc,226,none,slsqp,True,True,0.0,2.165563728340203e-08,0.0,0.0,0,0.0,0,0,0,0
corner_observer_optimistic,recovery_mpc,226,prediction_domain_infeasible_under_candidate_audit,slope_safe_emergency,False,False,0.0,1.0033980877025854,0.0,1.2891909761947318e-12,0,0.0,0,0,0,1
corner_observer_optimistic,original_mpc,231,none,slsqp,False,False,0.0,0.01960116213678731,0.0,4.551914400963142e-13,0,0.0,0,0,0,0
corner_observer_optimistic,recovery_mpc,231,prediction_domain_infeasible_under_candidate_audit,slope_safe_emergency,False,False,0.0,1.3641522337825265,0.0,0.0,0,0.0,0,0,0,1
corner_observer_optimistic,original_mpc,232,none,slsqp,False,False,0.0,0.01884513052202408,0.0,1.0482281709300878e-10,0,0.0,0,0,0,0
corner_observer_optimistic,recovery_mpc,232,hard_safety_slew_conflict,hard_safety_emergency,False,False,0.0,1.5542021541879976,0.0,1.5612198729792057,4,4.504720000000001,0,0,0,1
corner_observer_optimistic,original_mpc,237,none,slsqp,True,True,0.0,7.498222487356543e-09,0.0,2.6645352591003757e-15,0,0.0,0,0,0,0
corner_observer_optimistic,recovery_mpc,237,prediction_domain_infeasible_under_candidate_audit,slope_safe_emergency,False,False,0.0,1.1285361188869203,0.0,0.0,0,0.0,0,0,0,1
corner_observer_optimistic,original_mpc,238,none,slsqp,True,True,0.0,3.562330874729014e-08,0.0,0.0,0,0.0,0,0,0,0
corner_observer_optimistic,recovery_mpc,238,prediction_domain_infeasible_under_candidate_audit,slope_safe_emergency,False,False,0.0,1.0881909563517382,0.0,3.730349362740526e-13,0,0.0,0,0,0,1
corner_observer_optimistic,original_mpc,239,none,slsqp,True,True,0.0,1.7564616427989677e-11,0.0,0.0,0,0.0,0,0,0,0
corner_observer_optimistic,recovery_mpc,239,prediction_domain_infeasible_under_candidate_audit,slope_safe_emergency,False,False,0.0,1.1396534196055939,0.0,0.0,0,0.0,0,0,0,1
corner_observer_optimistic,original_mpc,244,none,slsqp,True,True,0.0,9.243947829418175e-10,0.0,0.0,0,0.0,0,0,0,0
corner_observer_optimistic,recovery_mpc,244,prediction_domain_infeasible_under_candidate_audit,slope_safe_emergency,False,False,0.0018927569406264055,1.4029041905149384,0.0,1.0530854729658552,0,0.0,0,0,0,1
corner_observer_optimistic,original_mpc,249,none,slsqp,True,True,0.0,3.7614142911479576e-09,0.0,0.0,0,0.0,0,0,0,0
corner_observer_optimistic,recovery_mpc,249,hard_safety_slew_conflict,hard_safety_emergency,False,False,0.014594157192649782,1.994087645005422,0.0,1.5330854729658556,4,5.8265856000000005,0,0,0,1
corner_observer_optimistic,original_mpc,254,none,slsqp,False,False,0.0,0.12646890973531555,0.0,3.126388037344441e-13,0,0.0,0,0,0,0
corner_observer_optimistic,recovery_mpc,254,hard_safety_slew_conflict,hard_safety_emergency,False,False,0.0037299669399208923,1.8173132318737615,0.0,0.0,0,0.0,0,0,0,1
corner_observer_optimistic,original_mpc,255,none,slsqp,True,True,0.0,2.950883981611696e-11,0.0,4.440892098500626e-16,0,0.0,0,0,0,0
corner_observer_optimistic,recovery_mpc,255,hard_safety_slew_conflict,hard_safety_emergency,False,False,0.002943623607782442,1.657117055582681,0.0,1.1581846592889633e-12,0,0.0,0,0,0,1
corner_observer_optimistic,original_mpc,256,none,slsqp,True,True,0.0,1.7693153608888679e-09,0.0,8.881784197001252e-16,0,0.0,0,0,0,0
corner_observer_optimistic,recovery_mpc,256,hard_safety_slew_conflict,hard_safety_emergency,False,False,0.002469509892694788,1.6615239559803996,0.0,0.0,0,0.0,0,0,0,1
corner_observer_optimistic,original_mpc,261,none,slsqp,True,True,0.0,4.884981308350689e-11,0.0,0.0,0,0.0,0,0,0,0
corner_observer_optimistic,recovery_mpc,261,prediction_domain_infeasible_under_candidate_audit,slope_safe_emergency,False,False,0.0,1.2983418229591521,0.0,0.0,0,0.0,0,0,0,1
corner_observer_optimistic,original_mpc,262,none,slsqp,True,True,0.0,8.207258872516832e-09,0.0,0.0,0,0.0,0,0,0,0
corner_observer_optimistic,recovery_mpc,262,prediction_domain_infeasible_under_candidate_audit,slope_safe_emergency,False,False,0.000606294577166544,1.1719683566075787,0.0,0.0,0,0.0,0,0,0,1
corner_observer_optimistic,original_mpc,267,none,slsqp,True,True,6.646239114616037e-12,2.4451196622976568e-09,0.0,0.0,0,0.0,0,0,0,0
corner_observer_optimistic,recovery_mpc,267,prediction_domain_infeasible_under_candidate_audit,slope_safe_emergency,False,False,0.015401967160073582,1.1654722816261227,0.0,8.020695219101981e-12,0,0.0,0,0,0,1
corner_observer_optimistic,original_mpc,272,none,slsqp,False,False,0.0006567475181880056,0.014983028718248192,0.0,1.4934720127257606e-12,0,0.0,0,0,0,0
corner_observer_optimistic,recovery_mpc,272,prediction_domain_infeasible_under_candidate_audit,slope_safe_emergency,False,False,0.02589568680099763,1.4337823421726554,0.0,0.0,0,0.0,0,0,0,1
corner_observer_optimistic,original_mpc,273,none,slsqp,True,True,3.466649189931559e-11,3.8520227008120855e-09,0.0,0.0,0,0.0,0,0,0,0
corner_observer_optimistic,recovery_mpc,273,hard_safety_slew_conflict,hard_safety_emergency,False,False,0.02664721704545947,1.5241735473902551,0.0,0.30649987291985337,2,1.4999999999999996,0,0,0,1
corner_observer_optimistic,original_mpc,278,none,slsqp,True,True,9.743317264110374e-13,1.0764722446765518e-11,0.0,8.881784197001252e-16,0,0.0,0,0,0,0
corner_observer_optimistic,recovery_mpc,278,prediction_domain_infeasible_under_candidate_audit,slope_safe_emergency,False,False,0.024995062136159873,1.1944476974505847,0.0,0.0,0,0.0,0,0,0,1
corner_observer_optimistic,original_mpc,279,none,slsqp,True,True,1.4153389571447406e-10,2.0289682822749455e-08,0.0,0.0,0,0.0,0,0,0,0
corner_observer_optimistic,recovery_mpc,279,prediction_domain_infeasible_under_candidate_audit,slope_safe_emergency,False,False,0.03181248433977846,1.228839786873614,0.0,4.6282977450573526e-12,0,0.0,0,0,0,1
corner_observer_optimistic,original_mpc,284,none,slsqp,True,True,8.287592834221869e-12,5.166477023976768e-09,0.0,0.0,0,0.0,0,0,0,0
corner_observer_optimistic,recovery_mpc,284,hard_safety_slew_conflict,hard_safety_emergency,False,False,0.04554051702481576,1.5074275719587575,0.0,0.8344998729646615,2,0.8280000000000003,0,0,0,1
corner_observer_optimistic,original_mpc,289,none,slsqp,True,True,7.94297960737822e-12,3.8762237863920745e-10,0.0,0.0,0,0.0,0,0,0,0
corner_observer_optimistic,recovery_mpc,289,prediction_domain_infeasible_under_candidate_audit,slope_safe_emergency,False,False,0.0475445967109156,1.4212410167449647,0.0,0.0,0,0.0,0,0,0,1
corner_observer_optimistic,original_mpc,294,none,slsqp,False,False,0.0016807100862683555,0.09157838621396763,0.0,0.0,0,0.0,0,0,0,0
corner_observer_optimistic,recovery_mpc,294,hard_safety_slew_conflict,hard_safety_emergency,False,False,0.05688854329980053,1.852431441475325,0.0,2.5583979379462107e-12,3,3.94752,0,0,0,1
corner_observer_optimistic,original_mpc,295,none,slsqp,True,True,5.086260301823131e-10,0.0,0.0,0.0,0,0.0,0,0,0,0
corner_observer_optimistic,recovery_mpc,295,hard_safety_slew_conflict,hard_safety_emergency,False,False,0.04623642129179739,1.6946961581077318,0.0,0.0,0,0.0,0,0,0,1
corner_observer_optimistic,original_mpc,296,none,slsqp,False,False,6.470763569410565e-08,0.06563596282264683,0.0,0.0,0,0.0,0,0,0,0
corner_observer_optimistic,recovery_mpc,296,hard_safety_slew_conflict,hard_safety_emergency,False,False,0.04590158037920933,1.757264082572597,0.0,0.0,0,0.0,0,0,0,1
corner_observer_optimistic,original_mpc,297,none,slsqp,True,True,6.395080021093236e-10,0.0,0.0,0.0,0,0.0,0,0,0,0
corner_observer_optimistic,recovery_mpc,297,hard_safety_slew_conflict,hard_safety_emergency,False,False,0.04437202896678283,1.6064886408060914,0.0,0.0,0,0.0,0,0,0,1
corner_observer_optimistic,original_mpc,298,none,slsqp,True,True,1.4086065647234136e-10,3.078441324078085e-08,0.0,0.0,0,0.0,0,0,0,0
corner_observer_optimistic,recovery_mpc,298,hard_safety_slew_conflict,hard_safety_emergency,False,False,0.043766172756996014,1.599625624237298,0.0,0.0,0,0.0,0,0,0,1
corner_observer_optimistic,original_mpc,299,none,slsqp,True,True,1.3176837398987118e-10,1.9495637104682828e-08,0.0,0.0,0,0.0,0,0,0,0
corner_observer_optimistic,recovery_mpc,299,prediction_domain_infeasible_under_candidate_audit,slope_safe_emergency,False,False,0.043638248488297116,1.482004803022349,0.0,0.0,0,0.0,0,0,0,1
corner_observer_optimistic,original_mpc,304,none,slsqp,False,False,0.0019498909831838773,0.15602390006418432,0.0,4.154454558147336e-12,0,0.0,0,0,0,0
corner_observer_optimistic,recovery_mpc,304,prediction_domain_infeasible_under_candidate_audit,slope_safe_emergency,False,False,0.04458479905700763,1.4245450232817944,0.0,0.0,0,0.0,0,0,0,1
corner_observer_optimistic,original_mpc,305,none,slsqp,False,False,2.2599699889269687e-11,0.04689692825787262,0.0,1.581312858434103e-10,0,0.0,0,0,0,0
corner_observer_optimistic,recovery_mpc,305,prediction_domain_infeasible_under_candidate_audit,slope_safe_emergency,False,False,0.05255032397400772,1.4030786618198476,0.0,1.0134115768778429e-12,0,0.0,0,0,0,1
corner_observer_optimistic,original_mpc,310,none,slsqp,True,True,0.0,0.0,0.0,1.7763568394002505e-15,0,0.0,0,0,0,0
corner_observer_optimistic,recovery_mpc,310,hard_safety_slew_conflict,hard_safety_emergency,False,False,0.06383938873056483,1.6213017736431965,0.0,9.370282327836321e-13,3,4.0,0,0,0,1
corner_observer_optimistic,original_mpc,311,none,slsqp,True,True,8.180123245438153e-13,0.0,0.0,5.329070518200751e-15,0,0.0,0,0,0,0
corner_observer_optimistic,recovery_mpc,311,prediction_domain_infeasible_under_candidate_audit,slope_safe_emergency,False,False,0.054150191596812114,1.3878563297672528,0.0,0.0,0,0.0,0,0,0,1
corner_observer_optimistic,original_mpc,312,none,slsqp,True,True,4.530598118890339e-12,0.0,0.0,0.0,0,0.0,0,0,0,0
corner_observer_optimistic,recovery_mpc,312,prediction_domain_infeasible_under_candidate_audit,slope_safe_emergency,False,False,0.05350840048048422,1.3041480748450454,0.0,1.906919067096169e-12,0,0.0,0,0,0,1
corner_observer_optimistic,original_mpc,317,none,slsqp,True,True,2.6974866784712503e-11,0.0,0.0,0.0,0,0.0,0,0,0,0
corner_observer_optimistic,recovery_mpc,317,prediction_domain_infeasible_under_candidate_audit,slope_safe_emergency,False,False,0.06572838626334043,1.3362328043041103,0.0,0.0,0,0.0,0,0,0,1
corner_observer_optimistic,original_mpc,322,none,slsqp,True,True,1.7602808100036782e-11,0.0,0.0,0.0,0,0.0,0,0,0,0
corner_observer_optimistic,recovery_mpc,322,prediction_domain_infeasible_under_candidate_audit,slope_safe_emergency,False,False,0.0791303828547214,1.4936994055723858,0.0,6.727951529228449e-13,1,0.0,0,0,0,1
corner_observer_optimistic,original_mpc,327,none,slsqp,True,True,4.022560062821867e-12,0.0,0.0,0.0,0,0.0,0,0,0,0
corner_observer_optimistic,recovery_mpc,327,prediction_domain_infeasible_under_candidate_audit,slope_safe_emergency,False,False,0.08124338662701192,1.4300127855300317,0.0,1.2892797940367018e-11,0,0.0,0,0,0,1
corner_observer_optimistic,original_mpc,332,none,slsqp,True,True,2.2151169787321123e-12,0.0,0.0,0.0,0,0.0,0,0,0,0
corner_observer_optimistic,recovery_mpc,332,hard_safety_slew_conflict,hard_safety_emergency,False,False,0.08958310684404225,1.766756886220449,0.004320285808144808,5.100808664337819e-12,3,3.6000000000000005,0,0,0,1
corner_observer_optimistic,original_mpc,337,none,slsqp,True,True,1.2969181284461229e-11,0.0,0.0,0.0,0,0.0,0,0,0,0
corner_observer_optimistic,recovery_mpc,337,prediction_domain_infeasible_under_candidate_audit,slope_safe_emergency,False,False,0.08109174714994172,1.4077747931700202,0.0,0.0,0,0.0,0,0,0,1
corner_observer_optimistic,original_mpc,342,none,slsqp,True,True,6.715517031352647e-12,0.0,0.0,0.0,0,0.0,0,0,0,0
corner_observer_optimistic,recovery_mpc,342,prediction_domain_infeasible_under_candidate_audit,slope_safe_emergency,False,False,0.08245373466426109,1.2409480637724926,0.0008587924679811509,7.949196856316121e-14,0,0.0,0,0,0,1
corner_observer_optimistic,original_mpc,347,none,slsqp,True,True,1.616484723854228e-13,0.0,0.0,0.0,0,0.0,0,0,0,0
corner_observer_optimistic,recovery_mpc,347,prediction_domain_infeasible_under_candidate_audit,slope_safe_emergency,False,False,0.07541551192593499,0.9703099033767231,0.003911468881313107,1.1483258788302919e-11,0,0.0,0,0,0,1
corner_observer_optimistic,original_mpc,352,none,slsqp,True,True,9.316991622654314e-12,0.0,0.0,0.0,0,0.0,0,0,0,0
corner_observer_optimistic,recovery_mpc,352,prediction_domain_infeasible_under_candidate_audit,slope_safe_emergency,False,False,0.10176851925682762,1.3669396253135915,0.021587448833997547,6.912692640526075e-12,1,0.0,0,0,0,1
corner_observer_optimistic,original_mpc,357,none,slsqp,True,True,3.7749980918988513e-10,0.0,0.0,0.0,0,0.0,0,0,0,0
corner_observer_optimistic,recovery_mpc,357,prediction_domain_infeasible_under_candidate_audit,slope_safe_emergency,False,False,0.09823603930950231,1.2391388308134808,0.02478055713789218,3.552713678800501e-14,1,0.0,0,0,0,1
corner_observer_optimistic,original_mpc,362,none,slsqp,True,True,2.476241434123949e-12,0.0,0.0,0.0,0,0.0,0,0,0,0
corner_observer_optimistic,recovery_mpc,362,prediction_domain_infeasible_under_candidate_audit,slope_safe_emergency,False,False,0.09198204520185715,1.346517378064803,0.02879945604226719,5.413003378862413e-12,1,0.0,0,0,0,1
corner_observer_optimistic,original_mpc,367,none,slsqp,True,True,4.562572541999543e-12,0.0,0.0,0.0,0,0.0,0,0,0,0
corner_observer_optimistic,recovery_mpc,367,prediction_domain_infeasible_under_candidate_audit,slope_safe_emergency,False,False,0.108441267805377,1.1850389304195517,0.03682987201993981,0.0,1,0.0,0,0,0,1
corner_observer_optimistic,original_mpc,372,none,slsqp,True,True,8.876455126483052e-12,0.0,0.0,0.0,0,0.0,0,0,0,0
corner_observer_optimistic,recovery_mpc,372,prediction_domain_infeasible_under_candidate_audit,slope_safe_emergency,False,False,0.11155869610431424,1.3001046718148004,0.04231048641361934,6.318501277746691e-12,1,0.0,0,0,0,1
corner_observer_optimistic,original_mpc,377,none,slsqp,True,True,1.3091039363644086e-09,0.0,0.0,0.0,0,0.0,0,0,0,0
corner_observer_optimistic,recovery_mpc,377,prediction_domain_infeasible_under_candidate_audit,slope_safe_emergency,False,False,0.07344058550296317,1.2663716919829113,0.03597747406763285,8.383516103549482e-12,1,0.0,0,0,0,1
corner_observer_optimistic,original_mpc,382,none,slsqp,True,True,0.0,0.0,0.0,0.0,0,0.0,0,0,0,0
corner_observer_optimistic,recovery_mpc,382,prediction_domain_infeasible_under_candidate_audit,slope_safe_emergency,False,False,0.1195858518119195,1.191788997828759,0.05293561812727332,1.028244156486835e-11,1,0.0,0,0,0,1
corner_observer_optimistic,original_mpc,387,none,slsqp,True,True,8.881784197001252e-16,0.0,2.4718127544787194e-10,0.0,0,0.0,0,0,0,0
corner_observer_optimistic,recovery_mpc,387,prediction_domain_infeasible_under_candidate_audit,slope_safe_emergency,False,False,0.11422482617669338,1.1274553163223615,0.05218894118419393,1.3322676295501878e-14,1,0.0,0,0,0,1
corner_observer_optimistic,original_mpc,392,none,slsqp,True,True,1.3221423955656064e-11,0.0,0.0,0.0,0,0.0,0,0,0,0
corner_observer_optimistic,recovery_mpc,392,prediction_domain_infeasible_under_candidate_audit,slope_safe_emergency,False,False,0.11424701850092767,0.8042526075734031,0.05030150630683994,0.0,0,0.0,0,0,0,1
corner_observer_optimistic,original_mpc,397,none,slsqp,True,True,0.0,0.0,4.7525761104338926e-11,0.0,0,0.0,0,0,0,0
corner_observer_optimistic,recovery_mpc,397,prediction_domain_infeasible_under_candidate_audit,slope_safe_emergency,False,False,0.08404922477232635,0.349015099160809,0.03816455426648713,0.0,0,0.0,0,0,0,1
corner_observer_optimistic,original_mpc,402,none,slsqp,True,True,0.0,0.0,0.0,0.0,0,0.0,0,0,0,0
corner_observer_optimistic,recovery_mpc,402,prediction_domain_infeasible_under_candidate_audit,slope_safe_emergency,False,False,0.0,0.015649909934090545,0.0005468412862891237,0.0,0,0.0,0,0,0,1
corner_observer_optimistic,original_mpc,407,none,slsqp,True,True,8.881784197001252e-16,0.0,0.0,0.0,0,0.0,0,0,0,0
corner_observer_optimistic,recovery_mpc,407,none,slsqp,True,True,0.0,0.0,2.0718832205446347e-08,0.0,0,0.0,0,0,0,0
corner_observer_optimistic,original_mpc,412,none,slsqp,True,True,0.0,0.0,0.0,0.0,0,0.0,0,0,0,0
corner_observer_optimistic,recovery_mpc,412,none,slsqp,True,True,0.0,0.0,2.0718832205446347e-08,0.0,0,0.0,0,0,0,0
corner_observer_optimistic,original_mpc,417,none,slsqp,True,True,8.881784197001252e-16,0.0,4.643482265365151e-10,0.0,0,0.0,0,0,0,0
corner_observer_optimistic,recovery_mpc,417,none,slsqp,True,True,0.0,0.0,2.0718832205446347e-08,0.0,0,0.0,0,0,0,0
corner_observer_optimistic,original_mpc,422,none,slsqp,True,True,8.881784197001252e-16,0.0,9.863332373072353e-12,0.0,0,0.0,0,0,0,0
corner_observer_optimistic,recovery_mpc,422,none,slsqp,True,True,0.0,0.0,0.0,0.0,0,0.0,0,0,0,0
corner_observer_optimistic,original_mpc,427,none,slsqp,True,True,0.0,0.0,2.5304203177256568e-12,0.0,0,0.0,0,0,0,0
corner_observer_optimistic,recovery_mpc,427,none,slsqp,True,True,0.0,0.0,0.0,0.0,0,0.0,0,0,0,0
corner_observer_optimistic,original_mpc,432,none,slsqp,True,True,0.0,0.0,2.224959549934624e-09,0.0,0,0.0,0,0,0,0
corner_observer_optimistic,recovery_mpc,432,none,slsqp,True,True,0.0,0.0,0.0,0.0,0,0.0,0,0,0,0
corner_observer_optimistic,original_mpc,437,none,slsqp,True,True,0.0,0.0,0.0,0.0,0,0.0,0,0,0,0
corner_observer_optimistic,recovery_mpc,437,none,slsqp,True,True,0.0,0.0,0.0,0.0,0,0.0,0,0,0,0
corner_observer_optimistic,original_mpc,442,none,slsqp,True,True,0.0,0.0,4.223899008337639e-11,0.0,0,0.0,0,0,0,0
corner_observer_optimistic,recovery_mpc,442,none,slsqp,True,True,0.0,0.0,0.0,0.0,0,0.0,0,0,0,0
lhs_000,original_mpc,1,none,slsqp,True,True,0.0,0.0,0.0,0.0,0,0.0,0,0,0,0
lhs_000,recovery_mpc,1,none,slsqp,True,True,0.0,0.0,0.0,0.0,0,0.0,0,0,0,0
lhs_000,original_mpc,2,none,slsqp,True,True,0.0,0.0,0.0,8.881784197001252e-16,0,0.0,0,0,0,0
lhs_000,recovery_mpc,2,none,slsqp,True,True,0.0,0.0,0.0,8.881784197001252e-16,0,0.0,0,0,0,0
lhs_000,original_mpc,3,none,slsqp,True,True,0.0,0.0,0.0,8.881784197001252e-16,0,0.0,0,0,0,0
lhs_000,recovery_mpc,3,none,slsqp,True,True,0.0,0.0,0.0,8.881784197001252e-16,0,0.0,0,0,0,0
lhs_000,original_mpc,4,none,slsqp,True,True,0.0,0.0,0.0,0.0,0,0.0,0,0,0,0
lhs_000,recovery_mpc,4,none,slsqp,True,True,0.0,0.0,0.0,0.0,0,0.0,0,0,0,0
lhs_000,original_mpc,5,none,slsqp,True,True,0.0,0.0,0.0,0.0,0,0.0,0,0,0,0
lhs_000,recovery_mpc,5,none,slsqp,True,True,0.0,0.0,0.0,0.0,0,0.0,0,0,0,0
lhs_000,original_mpc,6,none,slsqp,True,True,0.0,0.0,0.0,0.0,0,0.0,0,0,0,0
lhs_000,recovery_mpc,6,none,slsqp,True,True,0.0,0.0,0.0,0.0,0,0.0,0,0,0,0
lhs_000,original_mpc,11,none,slsqp,True,True,0.0,1.3771739304502262e-10,0.0,0.0,0,0.0,0,0,0,0
lhs_000,recovery_mpc,11,none,slsqp,True,True,0.0,1.3771739304502262e-10,0.0,0.0,0,0.0,0,0,0,0
lhs_000,original_mpc,16,none,slsqp,True,True,0.0,6.359641702147201e-10,0.0,0.0,0,0.0,0,0,0,0
lhs_000,recovery_mpc,16,none,slsqp,True,True,0.0,6.359641702147201e-10,0.0,0.0,0,0.0,0,0,0,0
lhs_000,original_mpc,21,none,slsqp,True,True,0.0,7.528839773840446e-10,0.0,0.0,0,0.0,0,0,0,0
lhs_000,recovery_mpc,21,none,slsqp,True,True,0.0,7.528839773840446e-10,0.0,0.0,0,0.0,0,0,0,0
lhs_000,original_mpc,26,none,slsqp,True,True,0.0,4.987602153505577e-08,0.0,0.0,0,0.0,0,0,0,0
lhs_000,recovery_mpc,26,none,slsqp,True,True,0.0,4.987602153505577e-08,0.0,0.0,0,0.0,0,0,0,0
lhs_000,original_mpc,31,none,slsqp,True,True,0.0,7.719535233263741e-09,0.0,0.0,0,0.0,0,0,0,0
lhs_000,recovery_mpc,31,none,slsqp,True,True,0.0,7.719535233263741e-09,0.0,0.0,0,0.0,0,0,0,0
lhs_000,original_mpc,36,none,slsqp,True,True,0.0,5.091948196422891e-09,0.0,0.0,0,0.0,0,0,0,0
lhs_000,recovery_mpc,36,none,slsqp,True,True,0.0,5.091948196422891e-09,0.0,0.0,0,0.0,0,0,0,0
lhs_000,original_mpc,41,none,slsqp,True,True,0.0,0.0,0.0,0.0,0,0.0,0,0,0,0
lhs_000,recovery_mpc,41,none,slsqp,True,True,0.0,0.0,0.0,0.0,0,0.0,0,0,0,0
lhs_000,original_mpc,46,none,slsqp,True,True,0.0,6.633484872509143e-10,0.0,0.0,0,0.0,0,0,0,0
lhs_000,recovery_mpc,46,none,slsqp,True,True,0.0,6.633484872509143e-10,0.0,0.0,0,0.0,0,0,0,0
lhs_000,original_mpc,51,none,slsqp,True,True,0.0,3.0329871947287756e-09,0.0,0.0,0,0.0,0,0,0,0
lhs_000,recovery_mpc,51,none,slsqp,True,True,0.0,3.0329871947287756e-09,0.0,0.0,0,0.0,0,0,0,0
lhs_000,original_mpc,56,none,slsqp,True,True,0.0,2.304290092070005e-11,0.0,0.0,0,0.0,0,0,0,0
lhs_000,recovery_mpc,56,none,slsqp,True,True,0.0,2.304290092070005e-11,0.0,0.0,0,0.0,0,0,0,0
lhs_000,original_mpc,61,none,slsqp,True,True,0.0,6.936289764780668e-09,0.0,0.0,0,0.0,0,0,0,0
lhs_000,recovery_mpc,61,none,slsqp,True,True,0.0,6.936289764780668e-09,0.0,0.0,0,0.0,0,0,0,0
lhs_000,original_mpc,66,none,slsqp,True,True,0.0,3.701217110574362e-10,0.0,0.0,0,0.0,0,0,0,0
lhs_000,recovery_mpc,66,none,slsqp,True,True,0.0,3.701217110574362e-10,0.0,0.0,0,0.0,0,0,0,0
lhs_000,original_mpc,71,none,slsqp,True,True,0.0,1.213038558489643e-10,0.0,0.0,0,0.0,0,0,0,0
lhs_000,recovery_mpc,71,none,slsqp,True,True,0.0,1.213038558489643e-10,0.0,0.0,0,0.0,0,0,0,0
lhs_000,original_mpc,76,none,slsqp,True,True,0.0,6.11265704719699e-10,0.0,0.0,0,0.0,0,0,0,0
lhs_000,recovery_mpc,76,none,slsqp,True,True,0.0,6.11265704719699e-10,0.0,0.0,0,0.0,0,0,0,0
lhs_000,original_mpc,81,none,slsqp,True,True,0.0,3.174577045683691e-09,0.0,0.0,0,0.0,0,0,0,0
lhs_000,recovery_mpc,81,none,slsqp,True,True,0.0,3.174577045683691e-09,0.0,0.0,0,0.0,0,0,0,0
lhs_000,original_mpc,86,none,slsqp,True,True,0.0,3.149835947624524e-10,0.0,0.0,0,0.0,0,0,0,0
lhs_000,recovery_mpc,86,none,slsqp,True,True,0.0,3.149835947624524e-10,0.0,0.0,0,0.0,0,0,0,0
lhs_000,original_mpc,91,none,slsqp,True,True,0.0,2.9170905690989457e-09,0.0,0.0,0,0.0,0,0,0,0
lhs_000,recovery_mpc,91,none,slsqp,True,True,0.0,2.9170905690989457e-09,0.0,0.0,0,0.0,0,0,0,0
lhs_000,original_mpc,96,none,slsqp,True,True,0.0,1.3488012484685896e-08,0.0,0.0,0,0.0,0,0,0,0
lhs_000,recovery_mpc,96,none,slsqp,True,True,0.0,1.3488012484685896e-08,0.0,0.0,0,0.0,0,0,0,0
lhs_000,original_mpc,101,none,slsqp,True,True,0.0,1.6810901115604793e-08,0.0,0.0,0,0.0,0,0,0,0
lhs_000,recovery_mpc,101,none,slsqp,True,True,0.0,1.6810901115604793e-08,0.0,0.0,0,0.0,0,0,0,0
lhs_000,original_mpc,106,none,slsqp,True,True,0.0,4.0583501004221034e-09,0.0,0.0,0,0.0,0,0,0,0
lhs_000,recovery_mpc,106,none,slsqp,True,True,0.0,4.0583501004221034e-09,0.0,0.0,0,0.0,0,0,0,0
lhs_000,original_mpc,111,none,slsqp,True,True,0.0,1.0693618435198005e-08,0.0,4.440892098500626e-16,0,0.0,0,0,0,0
lhs_000,recovery_mpc,111,none,slsqp,True,True,0.0,1.0693618435198005e-08,0.0,4.440892098500626e-16,0,0.0,0,0,0,0
lhs_000,original_mpc,116,none,slsqp,True,True,0.0,1.879101318991161e-10,0.0,0.0,0,0.0,0,0,0,0
lhs_000,recovery_mpc,116,none,slsqp,True,True,0.0,1.879101318991161e-10,0.0,0.0,0,0.0,0,0,0,0
lhs_000,original_mpc,121,none,slsqp,True,True,0.0,1.531219595563016e-10,0.0,0.0,0,0.0,0,0,0,0
lhs_000,recovery_mpc,121,none,slsqp,True,True,0.0,1.531219595563016e-10,0.0,0.0,0,0.0,0,0,0,0
lhs_000,original_mpc,126,none,slsqp,True,True,0.0,2.1687185380869778e-10,0.0,0.0,0,0.0,0,0,0,0
lhs_000,recovery_mpc,126,none,slsqp,True,True,0.0,2.1687185380869778e-10,0.0,0.0,0,0.0,0,0,0,0
lhs_000,original_mpc,131,none,slsqp,True,True,0.0,3.4999914078071015e-10,0.0,0.0,0,0.0,0,0,0,0
lhs_000,recovery_mpc,131,none,slsqp,True,True,0.0,3.4999914078071015e-10,0.0,0.0,0,0.0,0,0,0,0
lhs_000,original_mpc,136,none,slsqp,False,False,0.0,0.0813028712608812,0.0,2.6186164348018792e-11,0,0.0,0,0,0,0
lhs_000,recovery_mpc,136,prediction_domain_infeasible_under_candidate_audit,slope_safe_emergency,False,False,0.0,0.0813028712608812,0.0,2.6186164348018792e-11,0,0.0,0,0,0,1
lhs_000,original_mpc,137,none,slsqp,True,True,0.0,4.897202643405763e-10,0.0,4.440892098500626e-16,0,0.0,0,0,0,0
lhs_000,recovery_mpc,137,prediction_domain_infeasible_under_candidate_audit,slope_safe_emergency,False,False,0.0,0.3106444369467809,0.0,2.1316282072803006e-14,0,0.0,0,0,0,1
lhs_000,original_mpc,138,none,slsqp,True,True,0.0,1.0153726748285408e-09,0.0,4.440892098500626e-16,0,0.0,0,0,0,0
lhs_000,recovery_mpc,138,prediction_domain_infeasible_under_candidate_audit,slope_safe_emergency,False,False,0.0,0.5190327444499729,0.0,2.0,0,0.0,0,0,0,1
lhs_000,original_mpc,139,none,slsqp,True,True,0.0,1.4754824917417864e-08,0.0,0.0,0,0.0,0,0,0,0
lhs_000,recovery_mpc,139,prediction_domain_infeasible_under_candidate_audit,slope_safe_emergency,False,False,0.0,0.8367464270284941,0.0,2.607415307806793,0,0.0,0,0,0,1
lhs_000,original_mpc,144,none,slsqp,True,True,0.0,4.18545198499487e-10,0.0,0.0,0,0.0,0,0,0,0
lhs_000,recovery_mpc,144,hard_safety_slew_conflict,hard_safety_emergency,False,False,0.0,1.8922064284830427,0.0,2.607415307806238,5,8.0,0,0,0,1
lhs_000,original_mpc,145,none,slsqp,True,True,0.0,1.1492744533825316e-09,0.0,0.0,0,0.0,0,0,0,0
lhs_000,recovery_mpc,145,hard_safety_slew_conflict,hard_safety_emergency,False,False,0.0,1.6525083372194231,0.0,6.612488334667432e-13,0,0.0,0,0,0,1
lhs_000,original_mpc,150,none,slsqp,True,True,0.0,0.0,0.0,0.0,0,0.0,0,0,0,0
lhs_000,recovery_mpc,150,prediction_domain_infeasible_under_candidate_audit,slope_safe_emergency,False,False,0.0,0.8546661442644492,0.0,4.931166586175095e-12,0,0.0,0,0,0,1
lhs_000,original_mpc,155,none,slsqp,True,True,0.0,9.793126309887157e-09,0.0,0.0,0,0.0,0,0,0,0
lhs_000,recovery_mpc,155,prediction_domain_infeasible_under_candidate_audit,slope_safe_emergency,False,False,0.0,0.3630423634742428,0.0,4.1175951537297806e-12,0,0.0,0,0,0,1
lhs_000,original_mpc,160,none,slsqp,True,True,0.0,1.252999481948791e-09,0.0,0.0,0,0.0,0,0,0,0
lhs_000,recovery_mpc,160,prediction_domain_infeasible_under_candidate_audit,slope_safe_emergency,False,False,0.0,0.13327664949667906,0.0,5.611067166455541e-12,0,0.0,0,0,0,1
lhs_000,original_mpc,165,none,slsqp,True,True,0.0,1.0516295390061714e-08,0.0,0.0,0,0.0,0,0,0,0
lhs_000,recovery_mpc,165,prediction_domain_infeasible_under_candidate_audit,slope_safe_emergency,False,False,0.0,0.023718501241283718,0.0,3.3661962106634746e-13,0,0.0,0,0,0,1
lhs_000,original_mpc,170,none,slsqp,True,True,0.0,3.126388037344441e-13,0.0,0.0,0,0.0,0,0,0,0
lhs_000,recovery_mpc,170,prediction_domain_infeasible_under_candidate_audit,slope_safe_emergency,False,False,0.0,0.6784273186032621,0.0,0.6074153078106246,0,0.0,0,0,0,1
lhs_000,original_mpc,175,none,slsqp,True,True,0.0,4.803339948011853e-10,0.0,0.0,0,0.0,0,0,0,0
lhs_000,recovery_mpc,175,hard_safety_slew_conflict,hard_safety_emergency,False,False,0.0,1.5931723591756892,0.0,2.6074153078105207,4,4.85,0,0,0,1
lhs_000,original_mpc,180,none,slsqp,True,True,0.0,8.715446142559813e-10,0.0,0.0,0,0.0,0,0,0,0
lhs_000,recovery_mpc,180,prediction_domain_infeasible_under_candidate_audit,slope_safe_emergency,False,False,0.0,1.0294148227223232,0.0,0.0,0,0.0,0,0,0,1
lhs_000,original_mpc,185,none,slsqp,True,True,0.0,2.0390444888107595e-10,0.0,0.0,0,0.0,0,0,0,0
lhs_000,recovery_mpc,185,prediction_domain_infeasible_under_candidate_audit,slope_safe_emergency,False,False,0.0,1.0488011380353086,0.0,0.0,0,0.0,0,0,0,1
lhs_000,original_mpc,190,none,slsqp,False,False,0.0,0.03920859582879643,0.0,1.06439301816863e-11,0,0.0,0,0,0,0
lhs_000,recovery_mpc,190,hard_safety_slew_conflict,hard_safety_emergency,False,False,0.0,1.5323248123860012,0.0,2.241762331323116e-12,2,1.12,0,0,0,1
lhs_000,original_mpc,191,none,slsqp,True,True,0.0,1.2260791493190482e-08,0.0,0.0,0,0.0,0,0,0,0
lhs_000,recovery_mpc,191,prediction_domain_infeasible_under_candidate_audit,slope_safe_emergency,False,False,0.0,1.43911906939978,0.0,2.0678569967458316e-11,0,0.0,0,0,0,1
lhs_000,original_mpc,192,none,slsqp,True,True,0.0,1.5631940186722204e-13,0.0,0.0,0,0.0,0,0,0,0
lhs_000,recovery_mpc,192,prediction_domain_infeasible_under_candidate_audit,slope_safe_emergency,False,False,0.0,1.467367993928974,0.0,1.9533707984464854e-11,1,0.0,0,0,0,1
lhs_000,original_mpc,193,none,slsqp,False,False,0.0,0.008220578544502644,0.0,1.7418066988739156e-11,0,0.0,0,0,0,0
lhs_000,recovery_mpc,193,prediction_domain_infeasible_under_candidate_audit,slope_safe_emergency,False,False,0.0,1.4771632435079525,0.0,0.0,1,0.0,0,0,0,1
lhs_000,original_mpc,194,none,slsqp,True,True,0.0,1.2104948154956219e-09,0.0,0.0,0,0.0,0,0,0,0
lhs_000,recovery_mpc,194,prediction_domain_infeasible_under_candidate_audit,slope_safe_emergency,False,False,0.0,1.4223567034689708,0.0,1.2474465904688259e-11,0,0.0,0,0,0,1
lhs_000,original_mpc,199,none,slsqp,True,True,0.0,5.162448246665008e-10,0.0,0.0,0,0.0,0,0,0,0
lhs_000,recovery_mpc,199,prediction_domain_infeasible_under_candidate_audit,slope_safe_emergency,False,False,0.0,1.147888404280252,0.0,1.1125766974373619e-11,0,0.0,0,0,0,1
lhs_000,original_mpc,204,none,slsqp,True,True,0.0,1.1933288135423936e-08,0.0,0.0,0,0.0,0,0,0,0
lhs_000,recovery_mpc,204,prediction_domain_infeasible_under_candidate_audit,slope_safe_emergency,False,False,0.0,1.2821302144171938,0.0,0.0,0,0.0,0,0,0,1
lhs_000,original_mpc,209,none,slsqp,True,True,0.0,7.76953612557918e-09,0.0,0.0,0,0.0,0,0,0,0
lhs_000,recovery_mpc,209,hard_safety_slew_conflict,hard_safety_emergency,False,False,0.0,2.0371956880774533,0.0,1.4410153078106047,5,6.833600000000001,0,0,0,1
lhs_000,original_mpc,214,none,slsqp,False,False,0.0,0.05728739284923989,0.0,2.354560990625032e-12,0,0.0,0,0,0,0
lhs_000,recovery_mpc,214,prediction_domain_infeasible_under_candidate_audit,slope_safe_emergency,False,False,0.0,1.3742885022605194,0.0,2.9589664052309672e-12,0,0.0,0,0,0,1
lhs_000,original_mpc,215,none,slsqp,True,True,0.0,5.061728813871014e-09,0.0,1.7763568394002505e-15,0,0.0,0,0,0,0
lhs_000,recovery_mpc,215,prediction_domain_infeasible_under_candidate_audit,slope_safe_emergency,False,False,0.0,1.2567234256006046,0.0,1.6576517936073287e-11,0,0.0,0,0,0,1
lhs_000,original_mpc,216,none,slsqp,True,True,0.0,2.48562770366334e-09,0.0,8.881784197001252e-16,0,0.0,0,0,0,0
lhs_000,recovery_mpc,216,prediction_domain_infeasible_under_candidate_audit,slope_safe_emergency,False,False,0.0,1.2049921848207532,0.0,1.1374456931889654e-11,0,0.0,0,0,0,1
lhs_000,original_mpc,217,none,slsqp,True,True,0.0,6.32967100955284e-09,0.0,0.0,0,0.0,0,0,0,0
lhs_000,recovery_mpc,217,prediction_domain_infeasible_under_candidate_audit,slope_safe_emergency,False,False,0.0,1.1567133147094495,0.0,0.0,0,0.0,0,0,0,1
lhs_000,original_mpc,222,none,slsqp,True,True,0.0,4.872305225944729e-09,0.0,0.0,0,0.0,0,0,0,0
lhs_000,recovery_mpc,222,hard_safety_slew_conflict,hard_safety_emergency,False,False,0.005991020726534124,1.7574651312019114,0.0,0.6074153078106246,4,6.0,0,0,0,1
lhs_000,original_mpc,227,none,slsqp,True,True,6.591083234752659e-11,1.0671513450688508e-08,0.0,0.0,0,0.0,0,0,0,0
lhs_000,recovery_mpc,227,prediction_domain_infeasible_under_candidate_audit,slope_safe_emergency,False,False,0.0,0.9841880358587929,0.0,2.3571367080421624e-11,0,0.0,0,0,0,1
lhs_000,original_mpc,232,none,slsqp,True,True,1.0766498803604918e-11,1.036916330576787e-09,0.0,0.0,0,0.0,0,0,0,0
lhs_000,recovery_mpc,232,prediction_domain_infeasible_under_candidate_audit,slope_safe_emergency,False,False,1.5787137819245345e-08,0.48290139284338096,0.0,1.6186163520615082e-11,0,0.0,0,0,0,1
lhs_000,original_mpc,237,none,slsqp,True,True,3.745448395875428e-12,5.991296347929165e-11,0.0,0.0,0,0.0,0,0,0,0
lhs_000,recovery_mpc,237,prediction_domain_infeasible_under_candidate_audit,slope_safe_emergency,False,False,0.004094442609549276,0.13164894395684712,0.0,1.389999226830696e-11,0,0.0,0,0,0,1
lhs_000,original_mpc,238,none,slsqp,True,True,1.2507328506217164e-11,7.399023616017075e-10,0.0,0.0,0,0.0,0,0,0,0
lhs_000,recovery_mpc,238,prediction_domain_infeasible_under_candidate_audit,slope_safe_emergency,False,False,0.011292297377721638,0.1874800756691073,0.0,7.343015084870785e-12,0,0.0,0,0,0,1
lhs_000,original_mpc,243,none,slsqp,True,True,0.0,1.8435812876305135e-09,0.0,0.0,0,0.0,0,0,0,0
lhs_000,recovery_mpc,243,prediction_domain_infeasible_under_candidate_audit,slope_safe_emergency,False,False,0.02931234217964729,0.7275223525851473,0.0,0.6066830593410106,0,0.0,0,0,0,1
lhs_000,original_mpc,248,none,slsqp,False,False,0.0054489370083281585,0.1254614296759442,0.0,7.325251516476783e-12,0,0.0,0,0,0,0
lhs_000,recovery_mpc,248,hard_safety_slew_conflict,hard_safety_emergency,False,False,0.04767600304633657,2.02127512532833,0.0,2.6074153078106246,5,8.0,0,0,0,1
lhs_000,original_mpc,249,none,slsqp,True,True,1.932938609172652e-08,0.0,0.0,4.440892098500626e-16,0,0.0,0,0,0,0
lhs_000,recovery_mpc,249,hard_safety_slew_conflict,hard_safety_emergency,False,False,0.02853691160013394,1.7673070622516676,0.0,1.4437340212225536e-12,0,0.0,0,0,0,1
lhs_000,original_mpc,250,none,slsqp,True,True,2.6266988584211504e-11,5.657980750584102e-10,0.0,0.0,0,0.0,0,0,0,0
lhs_000,recovery_mpc,250,hard_safety_slew_conflict,hard_safety_emergency,False,False,0.028489694905944773,1.595892344931471,0.0,4.3431924723336124e-13,0,0.0,0,0,0,1
lhs_000,original_mpc,251,none,slsqp,True,True,2.0154544699835242e-11,2.1161525864954456e-09,0.0,0.0,0,0.0,0,0,0,0
lhs_000,recovery_mpc,251,prediction_domain_infeasible_under_candidate_audit,slope_safe_emergency,False,False,0.028497587172793715,1.4400253432601744,0.0,1.0240697179142444e-12,0,0.0,0,0,0,1
lhs_000,original_mpc,252,none,slsqp,True,True,7.836398197014205e-12,7.809077828824229e-10,0.0,0.0,0,0.0,0,0,0,0
lhs_000,recovery_mpc,252,prediction_domain_infeasible_under_candidate_audit,slope_safe_emergency,False,False,0.028335448640941507,1.2369154396800823,0.0,7.505107646466058e-14,0,0.0,0,0,0,1
lhs_000,original_mpc,257,none,slsqp,False,False,0.005848628047067983,0.06873299656001564,0.0,2.8261837314857985e-12,0,0.0,0,0,0,0
lhs_000,recovery_mpc,257,prediction_domain_infeasible_under_candidate_audit,slope_safe_emergency,False,False,0.045431224457217034,1.1358775946267698,0.0,7.629452625224076e-13,0,0.0,0,0,0,1
lhs_000,original_mpc,258,none,slsqp,True,True,3.47707063141911e-08,0.0,0.0,4.440892098500626e-16,0,0.0,0,0,0,0
lhs_000,recovery_mpc,258,prediction_domain_infeasible_under_candidate_audit,slope_safe_emergency,False,False,0.05413654854871108,1.1632231904737367,0.0,0.0,0,0.0,0,0,0,1
lhs_000,original_mpc,259,none,slsqp,True,True,6.588678047592111e-09,0.0,0.0,0.0,0,0.0,0,0,0,0
lhs_000,recovery_mpc,259,prediction_domain_infeasible_under_candidate_audit,slope_safe_emergency,False,False,0.059628331363024145,1.1652298213794907,0.0,0.6074153078106246,0,0.0,0,0,0,1
lhs_000,original_mpc,260,none,slsqp,True,True,1.667110893777135e-12,4.8125059493031586e-11,0.0,0.0,0,0.0,0,0,0,0
lhs_000,recovery_mpc,260,prediction_domain_infeasible_under_candidate_audit,slope_safe_emergency,False,False,0.061754028930719684,1.406823378492625,0.0,1.9674153078069265,1,0.0,0,0,0,1
lhs_000,original_mpc,265,none,slsqp,False,False,0.008638612271695045,0.11736956439256829,0.0,0.0,0,0.0,0,0,0,0
lhs_000,recovery_mpc,265,hard_safety_slew_conflict,hard_safety_emergency,False,False,0.07673066451947008,2.1231373978456247,0.0,0.7066153078106243,5,6.0992,0,0,0,1
lhs_000,original_mpc,266,none,slsqp,True,True,4.71351668807074e-09,0.0,0.0,0.0,0,0.0,0,0,0,0
lhs_000,recovery_mpc,266,hard_safety_slew_conflict,hard_safety_emergency,False,False,0.058015119970458606,1.9161085074283122,0.0,1.0946799022804043e-12,0,0.0,0,0,0,1
lhs_000,original_mpc,267,none,slsqp,True,True,2.94308222237305e-09,0.0,0.0,5.773159728050814e-15,0,0.0,0,0,0,0
lhs_000,recovery_mpc,267,hard_safety_slew_conflict,hard_safety_emergency,False,False,0.05618299209078881,1.8109323517443343,0.0,1.511235581119763e-12,0,0.0,0,0,0,1
lhs_000,original_mpc,268,none,slsqp,True,True,1.0835776720341528e-11,2.284465949742298e-10,0.0,0.0,0,0.0,0,0,0,0
lhs_000,recovery_mpc,268,hard_safety_slew_conflict,hard_safety_emergency,False,False,0.05518656813567002,1.685197375741609,0.0,0.0,0,0.0,0,0,0,1
lhs_000,original_mpc,273,none,slsqp,False,False,0.004891465996862188,0.1300145495789522,0.0,1.7679191444130993e-12,0,0.0,0,0,0,0
lhs_000,recovery_mpc,273,prediction_domain_infeasible_under_candidate_audit,slope_safe_emergency,False,False,0.0519438037296025,1.1752438145491624,0.0,2.26894059096594e-11,0,0.0,0,0,0,1
lhs_000,original_mpc,274,none,slsqp,True,True,0.0,0.0,0.0,8.881784197001252e-16,0,0.0,0,0,0,0
lhs_000,recovery_mpc,274,prediction_domain_infeasible_under_candidate_audit,slope_safe_emergency,False,False,0.051204741357860684,1.0568937476498377,0.0,1.4050094421236281e-11,0,0.0,0,0,0,1
lhs_000,original_mpc,275,none,slsqp,True,True,4.020836996687649e-10,0.0,0.0,2.6645352591003757e-15,0,0.0,0,0,0,0
lhs_000,recovery_mpc,275,prediction_domain_infeasible_under_candidate_audit,slope_safe_emergency,False,False,0.06324722870172472,1.0130269880441034,0.0,0.0,0,0.0,0,0,0,1
lhs_000,original_mpc,276,none,slsqp,True,True,2.701838752727781e-12,0.0,0.0,0.0,0,0.0,0,0,0,0
lhs_000,recovery_mpc,276,prediction_domain_infeasible_under_candidate_audit,slope_safe_emergency,False,False,0.06892378248900055,0.9450015611650215,0.0,3.730349362740526e-13,0,0.0,0,0,0,1
lhs_000,original_mpc,277,none,slsqp,True,True,1.1294964963326493e-11,0.0,0.0,0.0,0,0.0,0,0,0,0
lhs_000,recovery_mpc,277,prediction_domain_infeasible_under_candidate_audit,slope_safe_emergency,False,False,0.07503822797432136,1.0427549576858155,0.0,0.6074153078109044,0,0.0,0,0,0,1
lhs_000,original_mpc,282,none,slsqp,True,True,5.362998933833296e-11,0.0,0.0,0.0,0,0.0,0,0,0,0
lhs_000,recovery_mpc,282,hard_safety_slew_conflict,hard_safety_emergency,False,False,0.09064201028293173,1.8285310584613725,0.0,1.8474153078106168,5,7.24,0,0,0,1
lhs_000,original_mpc,287,none,slsqp,True,True,4.404121511925041e-11,0.0,0.0,0.0,0,0.0,0,0,0,0
lhs_000,recovery_mpc,287,prediction_domain_infeasible_under_candidate_audit,slope_safe_emergency,False,False,0.07073877481973412,0.9035715166476095,0.0,1.6484591469634324e-11,0,0.0,0,0,0,1
lhs_000,original_mpc,292,none,slsqp,True,True,5.226929999935237e-11,0.0,0.0,0.0,0,0.0,0,0,0,0
lhs_000,recovery_mpc,292,prediction_domain_infeasible_under_candidate_audit,slope_safe_emergency,False,False,0.06303680585043381,0.3667656234949348,0.0,1.0333143229956931e-09,0,0.0,0,0,0,1
lhs_000,original_mpc,297,none,slsqp,True,True,2.5362822952956776e-11,0.0,0.0,0.0,0,0.0,0,0,0,0
lhs_000,recovery_mpc,297,prediction_domain_infeasible_under_candidate_audit,slope_safe_emergency,False,False,0.07298494341757245,0.2812197184970273,0.0,6.894929072132072e-12,0,0.0,0,0,0,1
lhs_000,original_mpc,302,none,slsqp,True,True,2.2596147175590886e-11,0.0,0.0,0.0,0,0.0,0,0,0,0
lhs_000,recovery_mpc,302,prediction_domain_infeasible_under_candidate_audit,slope_safe_emergency,False,False,0.08944825753598273,0.20383370722901617,0.0,2.1094237467877974e-12,0,0.0,0,0,0,1
lhs_000,original_mpc,307,none,slsqp,True,True,1.2585488207150775e-11,0.0,0.0,0.0,0,0.0,0,0,0,0
lhs_000,recovery_mpc,307,prediction_domain_infeasible_under_candidate_audit,slope_safe_emergency,False,False,0.1183151513509415,0.6725348115219276,0.0,1.509903313490213e-13,1,0.0,0,0,0,1
lhs_000,original_mpc,312,none,slsqp,True,True,3.849494945029619e-09,0.0,0.0,0.0,0,0.0,0,0,0,0
lhs_000,recovery_mpc,312,prediction_domain_infeasible_under_candidate_audit,slope_safe_emergency,False,False,0.11957166857082235,0.7440383624079416,0.0,1.0325074129013956e-12,1,0.0,0,0,0,1
lhs_000,original_mpc,317,none,slsqp,True,True,1.7275070263167436e-12,0.0,0.0,0.0,0,0.0,0,0,0,0
lhs_000,recovery_mpc,317,prediction_domain_infeasible_under_candidate_audit,slope_safe_emergency,False,False,0.12579742426081886,0.6445728448351247,0.0,0.0,1,0.0,0,0,0,1
lhs_000,original_mpc,322,none,slsqp,True,True,3.3155700407405675e-12,0.0,0.0,0.0,0,0.0,0,0,0,0
lhs_000,recovery_mpc,322,prediction_domain_infeasible_under_candidate_audit,slope_safe_emergency,False,False,0.13021849794434104,0.6954779057577412,0.0,1.1763034990508459e-11,1,0.0,0,0,0,1
lhs_000,original_mpc,327,none,slsqp,True,True,1.2288836614970933e-11,0.0,0.0,0.0,0,0.0,0,0,0,0
lhs_000,recovery_mpc,327,prediction_domain_infeasible_under_candidate_audit,slope_safe_emergency,False,False,0.13008288400135903,0.4420920567009361,0.0,9.443112958251731e-12,1,0.0,0,0,0,1
lhs_000,original_mpc,332,none,slsqp,True,True,8.490985692333197e-12,0.0,0.0,0.0,0,0.0,0,0,0,0
lhs_000,recovery_mpc,332,prediction_domain_infeasible_under_candidate_audit,slope_safe_emergency,False,False,0.12961562289349793,0.36017325838925274,0.0,1.5076828674409626e-12,1,0.0,0,0,0,1
lhs_000,original_mpc,337,none,slsqp,True,True,7.744915819785092e-13,0.0,0.0,0.0,0,0.0,0,0,0,0
lhs_000,recovery_mpc,337,prediction_domain_infeasible_under_candidate_audit,slope_safe_emergency,False,False,0.10448408969867806,0.16356790594527126,0.0,0.0,1,0.0,0,0,0,1
lhs_000,original_mpc,342,none,slsqp,True,True,5.622169396701793e-12,0.0,0.0,0.0,0,0.0,0,0,0,0
lhs_000,recovery_mpc,342,prediction_domain_infeasible_under_candidate_audit,slope_safe_emergency,False,False,0.11767771427239282,0.2127313483032367,0.0,4.1611158962950867e-13,1,0.0,0,0,0,1
lhs_000,original_mpc,347,none,slsqp,True,True,6.642686400937237e-12,0.0,0.0,0.0,0,0.0,0,0,0,0
lhs_000,recovery_mpc,347,prediction_domain_infeasible_under_candidate_audit,slope_safe_emergency,False,False,0.0370056059749988,0.0415782717253137,0.0,0.0,1,0.0,0,0,0,1
lhs_000,original_mpc,352,none,slsqp,True,True,4.845537304731806e-10,0.0,0.0,0.0,0,0.0,0,0,0,0
lhs_000,recovery_mpc,352,prediction_domain_infeasible_under_candidate_audit,slope_safe_emergency,False,False,0.023832560428536986,0.0,0.0,1.1191048088221578e-13,1,0.0,0,0,0,1
lhs_000,original_mpc,357,none,slsqp,True,True,3.4372504842394846e-12,0.0,0.0,0.0,0,0.0,0,0,0,0
lhs_000,recovery_mpc,357,prediction_domain_infeasible_under_candidate_audit,slope_safe_emergency,False,False,0.027506794588537886,0.0,0.0,3.6859404417555197e-13,1,0.0,0,0,0,1
lhs_000,original_mpc,362,none,slsqp,True,True,2.404298982128239e-12,0.0,0.0,0.0,0,0.0,0,0,0,0
lhs_000,recovery_mpc,362,prediction_domain_infeasible_under_candidate_audit,slope_safe_emergency,False,False,0.0270005420590973,0.0,0.0,1.4268586312482512e-12,1,0.0,0,0,0,1
lhs_000,original_mpc,367,none,slsqp,True,True,8.487432978654397e-12,0.0,0.0,0.0,0,0.0,0,0,0,0
lhs_000,recovery_mpc,367,prediction_domain_infeasible_under_candidate_audit,slope_safe_emergency,False,False,0.029252320608208926,0.0,0.0,2.220446049250313e-14,1,0.0,0,0,0,1
lhs_000,original_mpc,372,none,slsqp,True,True,4.884981308350689e-13,0.0,0.0,0.0,0,0.0,0,0,0,0
lhs_000,recovery_mpc,372,prediction_domain_infeasible_under_candidate_audit,slope_safe_emergency,False,False,0.024862066234293323,0.0,0.0012939090806260989,3.148592497836944e-13,1,0.0,0,0,0,1
lhs_000,original_mpc,377,none,slsqp,True,True,2.152084732642834e-09,0.0,0.0,0.0,0,0.0,0,0,0,0
lhs_000,recovery_mpc,377,prediction_domain_infeasible_under_candidate_audit,slope_safe_emergency,False,False,0.022766807976316805,0.0,0.004128856173559736,1.482547418163449e-11,1,0.0,0,0,0,1
lhs_000,original_mpc,382,none,slsqp,True,True,1.0219380897069641e-11,0.0,0.0,0.0,0,0.0,0,0,0,0
lhs_000,recovery_mpc,382,prediction_domain_infeasible_under_candidate_audit,slope_safe_emergency,False,False,0.0301492741752174,0.0,0.009128992687945203,0.0,1,0.0,0,0,0,1
lhs_000,original_mpc,387,none,slsqp,True,True,3.5814329280015045e-09,0.0,0.0,0.0,0,0.0,0,0,0,0
lhs_000,recovery_mpc,387,prediction_domain_infeasible_under_candidate_audit,slope_safe_emergency,False,False,0.01672648126082077,0.0,0.0026875518999066594,1.8359092024411439e-10,0,0.0,0,0,0,1
lhs_000,original_mpc,392,none,slsqp,True,True,3.5520786312304153e-09,0.0,0.0,0.0,0,0.0,0,0,0,0
lhs_000,recovery_mpc,392,prediction_domain_infeasible_under_candidate_audit,slope_safe_emergency,False,False,0.02044727458465978,0.0,0.006422473478141066,1.049826892085548e-12,1,0.0,0,0,0,1
lhs_000,original_mpc,397,none,slsqp,True,True,2.1227464230832993e-12,0.0,0.0,0.0,0,0.0,0,0,0,0
lhs_000,recovery_mpc,397,prediction_domain_infeasible_under_candidate_audit,slope_safe_emergency,False,False,0.02220776885808018,0.0,0.0070250404283224155,5.182521078950231e-13,1,0.0,0,0,0,1
lhs_000,original_mpc,402,none,slsqp,True,True,1.106987390642189e-09,0.0,0.0,0.0,0,0.0,0,0,0,0
lhs_000,recovery_mpc,402,prediction_domain_infeasible_under_candidate_audit,slope_safe_emergency,False,False,0.022455112913138287,0.0,0.006854893345644042,9.316991622654314e-13,1,0.0,0,0,0,1
lhs_000,original_mpc,407,none,slsqp,True,True,1.7763568394002505e-15,0.0,1.7763568394002505e-15,0.0,0,0.0,0,0,0,0
lhs_000,recovery_mpc,407,prediction_domain_infeasible_under_candidate_audit,slope_safe_emergency,False,False,0.02403467236337775,0.0,0.011924664311489197,2.114752817305998e-12,1,0.0,0,0,0,1
lhs_000,original_mpc,412,none,slsqp,True,True,0.0,0.0,0.0,0.0,0,0.0,0,0,0,0
lhs_000,recovery_mpc,412,none,slsqp,True,True,0.0,0.0,0.0,0.0,0,0.0,0,0,0,0
lhs_000,original_mpc,417,none,slsqp,True,True,1.0529621619070895e-09,0.0,0.0,0.0,0,0.0,0,0,0,0
lhs_000,recovery_mpc,417,none,slsqp,True,True,0.0,0.0,0.0,0.0,0,0.0,0,0,0,0
lhs_000,original_mpc,422,none,slsqp,True,True,1.7763568394002505e-15,0.0,2.5472002285198414e-10,0.0,0,0.0,0,0,0,0
lhs_000,recovery_mpc,422,none,slsqp,True,True,0.0,0.0,0.0,0.0,0,0.0,0,0,0,0
lhs_000,original_mpc,427,none,slsqp,True,True,8.881784197001252e-16,0.0,0.0,0.0,0,0.0,0,0,0,0
lhs_000,recovery_mpc,427,none,slsqp,True,True,0.0,0.0,0.0,0.0,0,0.0,0,0,0,0
lhs_000,original_mpc,432,none,slsqp,True,True,8.881784197001252e-16,0.0,0.0,0.0,0,0.0,0,0,0,0
lhs_000,recovery_mpc,432,none,slsqp,True,True,0.0,0.0,0.0,0.0,0,0.0,0,0,0,0
lhs_000,original_mpc,437,none,slsqp,True,True,0.0,0.0,0.0,0.0,0,0.0,0,0,0,0
lhs_000,recovery_mpc,437,none,slsqp,True,True,0.0,0.0,1.4630202604948295e-09,0.0,0,0.0,0,0,0,0
lhs_000,original_mpc,442,none,slsqp,True,True,4.072782111563811e-09,0.0,5.773159728050814e-14,0.0,0,0.0,0,0,0,0
lhs_000,recovery_mpc,442,none,slsqp,True,True,0.0,0.0,1.4630202604948295e-09,0.0,0,0.0,0,0,0,0
lhs_000,original_mpc,447,none,slsqp,True,True,0.0,0.0,3.6637359812630166e-15,0.0,0,0.0,0,0,0,0
lhs_000,recovery_mpc,447,none,slsqp,True,True,0.0,0.0,0.0,0.0,0,0.0,0,0,0,0
lhs_000,original_mpc,452,none,slsqp,True,True,0.0,0.0,0.0,0.0,0,0.0,0,0,0,0
lhs_000,recovery_mpc,452,none,slsqp,True,True,0.0,0.0,0.0,0.0,0,0.0,0,0,0,0
lhs_000,original_mpc,457,none,slsqp,True,True,0.0,0.0,1.1757261830780408e-13,0.0,0,0.0,0,0,0,0
lhs_000,recovery_mpc,457,none,slsqp,True,True,0.0,0.0,0.0,0.0,0,0.0,0,0,0,0
lhs_003,original_mpc,1,none,slsqp,True,True,0.0,0.0,0.0,0.0,0,0.0,0,0,0,0
lhs_003,recovery_mpc,1,none,slsqp,True,True,0.0,0.0,0.0,0.0,0,0.0,0,0,0,0
lhs_003,original_mpc,2,none,slsqp,True,True,0.0,0.0,0.0,0.0,0,0.0,0,0,0,0
lhs_003,recovery_mpc,2,none,slsqp,True,True,0.0,0.0,0.0,0.0,0,0.0,0,0,0,0
lhs_003,original_mpc,3,none,slsqp,True,True,0.0,0.0,0.0,0.0,0,0.0,0,0,0,0
lhs_003,recovery_mpc,3,none,slsqp,True,True,0.0,0.0,0.0,0.0,0,0.0,0,0,0,0
lhs_003,original_mpc,4,none,slsqp,True,True,0.0,0.0,0.0,0.0,0,0.0,0,0,0,0
lhs_003,recovery_mpc,4,none,slsqp,True,True,0.0,0.0,0.0,0.0,0,0.0,0,0,0,0
lhs_003,original_mpc,5,none,slsqp,True,True,0.0,0.0,0.0,0.0,0,0.0,0,0,0,0
lhs_003,recovery_mpc,5,none,slsqp,True,True,0.0,0.0,0.0,0.0,0,0.0,0,0,0,0
lhs_003,original_mpc,6,none,slsqp,True,True,0.0,0.0,0.0,0.0,0,0.0,0,0,0,0
lhs_003,recovery_mpc,6,none,slsqp,True,True,0.0,0.0,0.0,0.0,0,0.0,0,0,0,0
lhs_003,original_mpc,11,none,slsqp,True,True,0.0,0.0,0.0,0.0,0,0.0,0,0,0,0
lhs_003,recovery_mpc,11,none,slsqp,True,True,0.0,0.0,0.0,0.0,0,0.0,0,0,0,0
lhs_003,original_mpc,16,none,slsqp,True,True,0.0,3.7285232679096225e-08,0.0,0.0,0,0.0,0,0,0,0
lhs_003,recovery_mpc,16,none,slsqp,True,True,0.0,3.7285232679096225e-08,0.0,0.0,0,0.0,0,0,0,0
lhs_003,original_mpc,21,none,slsqp,True,True,0.0,5.596959340437024e-09,0.0,0.0,0,0.0,0,0,0,0
lhs_003,recovery_mpc,21,none,slsqp,True,True,0.0,5.596959340437024e-09,0.0,0.0,0,0.0,0,0,0,0
lhs_003,original_mpc,26,none,slsqp,True,True,0.0,1.7591545997674984e-09,0.0,0.0,0,0.0,0,0,0,0
lhs_003,recovery_mpc,26,none,slsqp,True,True,0.0,1.7591545997674984e-09,0.0,0.0,0,0.0,0,0,0,0
lhs_003,original_mpc,31,none,slsqp,True,True,0.0,6.9963590476618265e-09,0.0,0.0,0,0.0,0,0,0,0
lhs_003,recovery_mpc,31,none,slsqp,True,True,0.0,6.9963590476618265e-09,0.0,0.0,0,0.0,0,0,0,0
lhs_003,original_mpc,36,none,slsqp,True,True,0.0,1.849287656341403e-08,0.0,0.0,0,0.0,0,0,0,0
lhs_003,recovery_mpc,36,none,slsqp,True,True,0.0,1.849287656341403e-08,0.0,0.0,0,0.0,0,0,0,0
lhs_003,original_mpc,41,none,slsqp,True,True,0.0,9.8095256362285e-09,0.0,0.0,0,0.0,0,0,0,0
lhs_003,recovery_mpc,41,none,slsqp,True,True,0.0,9.8095256362285e-09,0.0,0.0,0,0.0,0,0,0,0
lhs_003,original_mpc,46,none,slsqp,True,True,0.0,2.6250361884194717e-09,0.0,0.0,0,0.0,0,0,0,0
lhs_003,recovery_mpc,46,none,slsqp,True,True,0.0,2.6250361884194717e-09,0.0,0.0,0,0.0,0,0,0,0
lhs_003,original_mpc,51,none,slsqp,True,True,0.0,2.276081545460329e-10,0.0,0.0,0,0.0,0,0,0,0
lhs_003,recovery_mpc,51,none,slsqp,True,True,0.0,2.276081545460329e-10,0.0,0.0,0,0.0,0,0,0,0
lhs_003,original_mpc,56,none,slsqp,True,True,0.0,3.992305153133202e-09,0.0,0.0,0,0.0,0,0,0,0
lhs_003,recovery_mpc,56,none,slsqp,True,True,0.0,3.992305153133202e-09,0.0,0.0,0,0.0,0,0,0,0
lhs_003,original_mpc,61,none,slsqp,True,True,0.0,7.989342520886566e-11,0.0,0.0,0,0.0,0,0,0,0
lhs_003,recovery_mpc,61,none,slsqp,True,True,0.0,7.989342520886566e-11,0.0,0.0,0,0.0,0,0,0,0
lhs_003,original_mpc,66,none,slsqp,True,True,0.0,1.9028334463655483e-10,0.0,0.0,0,0.0,0,0,0,0
lhs_003,recovery_mpc,66,none,slsqp,True,True,0.0,1.9028334463655483e-10,0.0,0.0,0,0.0,0,0,0,0
lhs_003,original_mpc,71,none,slsqp,True,True,0.0,6.538911634379474e-10,0.0,0.0,0,0.0,0,0,0,0
lhs_003,recovery_mpc,71,none,slsqp,True,True,0.0,6.538911634379474e-10,0.0,0.0,0,0.0,0,0,0,0
lhs_003,original_mpc,76,none,slsqp,True,True,0.0,2.3004531612969004e-10,0.0,0.0,0,0.0,0,0,0,0
lhs_003,recovery_mpc,76,none,slsqp,True,True,0.0,2.3004531612969004e-10,0.0,0.0,0,0.0,0,0,0,0
lhs_003,original_mpc,81,none,slsqp,True,True,0.0,2.124545517290244e-08,0.0,0.0,0,0.0,0,0,0,0
lhs_003,recovery_mpc,81,none,slsqp,True,True,0.0,2.124545517290244e-08,0.0,0.0,0,0.0,0,0,0,0
lhs_003,original_mpc,86,none,slsqp,True,True,0.0,9.646257126405544e-10,0.0,0.0,0,0.0,0,0,0,0
lhs_003,recovery_mpc,86,none,slsqp,True,True,0.0,9.646257126405544e-10,0.0,0.0,0,0.0,0,0,0,0
lhs_003,original_mpc,91,none,slsqp,True,True,0.0,4.628461169886577e-09,0.0,0.0,0,0.0,0,0,0,0
lhs_003,recovery_mpc,91,none,slsqp,True,True,0.0,4.628461169886577e-09,0.0,0.0,0,0.0,0,0,0,0
lhs_003,original_mpc,96,none,slsqp,True,True,0.0,1.1422670809224655e-08,0.0,0.0,0,0.0,0,0,0,0
lhs_003,recovery_mpc,96,none,slsqp,True,True,0.0,1.1422670809224655e-08,0.0,0.0,0,0.0,0,0,0,0
lhs_003,original_mpc,101,none,slsqp,False,False,0.0,0.10791460419240906,0.0,1.837774377122514e-11,0,0.0,0,0,0,0
lhs_003,recovery_mpc,101,prediction_domain_infeasible_under_candidate_audit,slope_safe_emergency,False,False,0.0,0.10791460419240906,0.0,1.837774377122514e-11,0,0.0,0,0,0,1
lhs_003,original_mpc,102,none,slsqp,True,True,0.0,8.730864919925807e-09,0.0,0.0,0,0.0,0,0,0,0
lhs_003,recovery_mpc,102,prediction_domain_infeasible_under_candidate_audit,slope_safe_emergency,False,False,0.0,0.2100408451499547,0.0,0.0,0,0.0,0,0,0,1
lhs_003,original_mpc,107,none,slsqp,True,True,0.0,6.080526304685918e-09,0.0,1.7763568394002505e-15,0,0.0,0,0,0,0
lhs_003,recovery_mpc,107,prediction_domain_infeasible_under_candidate_audit,slope_safe_emergency,False,False,0.0,0.9036305556653801,0.0,2.000000000005172,0,0.0,0,0,0,1
lhs_003,original_mpc,108,none,slsqp,True,True,0.0,1.8561081560619641e-09,0.0,0.0,0,0.0,0,0,0,0
lhs_003,recovery_mpc,108,prediction_domain_infeasible_under_candidate_audit,slope_safe_emergency,False,False,0.0,1.0934531900821653,0.0,3.753551738831323,0,0.0,0,0,0,1
lhs_003,original_mpc,109,none,slsqp,True,True,0.0,1.7538823726681585e-09,0.0,0.0,0,0.0,0,0,0,0
lhs_003,recovery_mpc,109,prediction_domain_infeasible_under_candidate_audit,slope_safe_emergency,False,False,0.0,1.2758303472592232,0.0,3.7535517388314936,1,0.0,0,0,0,1
lhs_003,original_mpc,114,none,slsqp,True,True,0.0,5.141913561601541e-09,0.0,0.0,0,0.0,0,0,0,0
lhs_003,recovery_mpc,114,hard_safety_slew_conflict,hard_safety_emergency,False,False,0.0,2.489298617406213,0.0,3.6935517388313297,5,7.9399999999999995,0,0,0,1
lhs_003,original_mpc,119,none,slsqp,False,False,0.0,0.1424385949273983,0.0,2.0103030351492635e-11,0,0.0,0,0,0,0
lhs_003,recovery_mpc,119,hard_safety_slew_conflict,hard_safety_emergency,False,False,0.0,1.9387563790492166,0.0,7.0921046813055e-13,0,0.0,0,0,0,1
lhs_003,original_mpc,120,none,slsqp,True,True,0.0,8.090594860732381e-10,0.0,1.7763568394002505e-15,0,0.0,0,0,0,0
lhs_003,recovery_mpc,120,hard_safety_slew_conflict,hard_safety_emergency,False,False,0.0,1.8045082690023975,0.0,3.1530333899354446e-13,0,0.0,0,0,0,1
lhs_003,original_mpc,121,none,slsqp,True,True,0.0,1.4276466231422091e-08,0.0,8.881784197001252e-16,0,0.0,0,0,0,0
lhs_003,recovery_mpc,121,hard_safety_slew_conflict,hard_safety_emergency,False,False,0.0,1.721110530102706,0.0,0.0,0,0.0,0,0,0,1
lhs_003,original_mpc,122,none,slsqp,True,True,0.0,4.50503279125769e-09,0.0,1.7763568394002505e-15,0,0.0,0,0,0,0
lhs_003,recovery_mpc,122,prediction_domain_infeasible_under_candidate_audit,slope_safe_emergency,False,False,0.0,1.495903398106961,0.0,2.7005064850982308e-12,0,0.0,0,0,0,1
lhs_003,original_mpc,123,none,slsqp,True,True,0.0,4.268166264864703e-09,0.0,0.0,0,0.0,0,0,0,0
lhs_003,recovery_mpc,123,prediction_domain_infeasible_under_candidate_audit,slope_safe_emergency,False,False,0.0,1.3921998715287458,0.0,7.283063041541027e-13,0,0.0,0,0,0,1
lhs_003,original_mpc,128,none,slsqp,False,False,0.0,0.11293284294411166,0.0,1.70263803056514e-12,0,0.0,0,0,0,0
lhs_003,recovery_mpc,128,prediction_domain_infeasible_under_candidate_audit,slope_safe_emergency,False,False,0.0,1.1134204420119715,0.0,3.3444358393808216e-12,0,0.0,0,0,0,1
lhs_003,original_mpc,129,none,slsqp,True,True,0.0,2.5508484213787597e-11,0.0,8.881784197001252e-16,0,0.0,0,0,0,0
lhs_003,recovery_mpc,129,prediction_domain_infeasible_under_candidate_audit,slope_safe_emergency,False,False,0.0,1.1600865674025798,0.0,3.2001068461795512e-12,0,0.0,0,0,0,1
lhs_003,original_mpc,134,none,slsqp,True,True,0.0,1.7504646621091524e-09,0.0,4.440892098500626e-16,0,0.0,0,0,0,0
lhs_003,recovery_mpc,134,prediction_domain_infeasible_under_candidate_audit,slope_safe_emergency,False,False,0.0,1.3346130796219313,0.0,0.2935517388311828,0,0.0,0,0,0,1
lhs_003,original_mpc,135,none,slsqp,True,True,0.0,6.6415140054232324e-09,0.0,0.0,0,0.0,0,0,0,0
lhs_003,recovery_mpc,135,hard_safety_slew_conflict,hard_safety_emergency,False,False,0.0,1.5536844407747736,0.0,2.2935517388313222,4,4.6899999999999995,0,0,0,1
lhs_003,original_mpc,136,none,slsqp,True,True,0.0,1.7052315115506644e-10,0.0,0.0,0,0.0,0,0,0,0
lhs_003,recovery_mpc,136,prediction_domain_infeasible_under_candidate_audit,slope_safe_emergency,False,False,0.0,1.2979652829944115,0.0,0.0,0,0.0,0,0,0,1
lhs_003,original_mpc,141,none,slsqp,True,True,0.0,2.7485427267492923e-09,0.0,0.0,0,0.0,0,0,0,0
lhs_003,recovery_mpc,141,prediction_domain_infeasible_under_candidate_audit,slope_safe_emergency,False,False,0.0,1.191118254809858,0.0,6.182609979532572e-12,0,0.0,0,0,0,1
lhs_003,original_mpc,146,none,slsqp,False,False,0.0,0.07520017275683699,0.0,6.301625887772389e-13,0,0.0,0,0,0,0
lhs_003,recovery_mpc,146,prediction_domain_infeasible_under_candidate_audit,slope_safe_emergency,False,False,0.0,1.339538768490229,0.0,5.2300386244041874e-12,0,0.0,0,0,0,1
lhs_003,original_mpc,147,none,slsqp,True,True,0.0,2.4933513032010524e-09,0.0,8.881784197001252e-16,0,0.0,0,0,0,0
lhs_003,recovery_mpc,147,prediction_domain_infeasible_under_candidate_audit,slope_safe_emergency,False,False,0.0,1.41445474776814,0.0,1.5847517388311783,1,0.0,0,0,0,1
lhs_003,original_mpc,148,none,slsqp,True,True,0.0,1.2477222810503008e-08,0.0,4.440892098500626e-16,0,0.0,0,0,0,0
lhs_003,recovery_mpc,148,hard_safety_slew_conflict,hard_safety_emergency,False,False,0.0,1.5782791130323162,0.0,0.7847517388313046,4,4.8812,0,0,0,1
lhs_003,original_mpc,149,none,slsqp,True,True,0.0,2.545732513681287e-09,0.0,0.0,0,0.0,0,0,0,0
lhs_003,recovery_mpc,149,prediction_domain_infeasible_under_candidate_audit,slope_safe_emergency,False,False,0.0,1.3831611601722784,0.0,7.810641022842901e-12,0,0.0,0,0,0,1
lhs_003,original_mpc,150,none,slsqp,True,True,0.0,0.0,0.0,8.881784197001252e-16,0,0.0,0,0,0,0
lhs_003,recovery_mpc,150,prediction_domain_infeasible_under_candidate_audit,slope_safe_emergency,False,False,0.0,1.3497841391938508,0.0,3.027800232757727e-12,0,0.0,0,0,0,1
lhs_003,original_mpc,155,none,slsqp,True,True,0.0,1.2713059049929143e-08,0.0,0.0,0,0.0,0,0,0,0
lhs_003,recovery_mpc,155,prediction_domain_infeasible_under_candidate_audit,slope_safe_emergency,False,False,0.0,1.1904477924361814,0.0,1.176836406102666e-13,0,0.0,0,0,0,1
lhs_003,original_mpc,160,none,slsqp,False,False,0.0,0.2125027123498171,0.0,2.296829393344524e-12,0,0.0,0,0,0,0
lhs_003,recovery_mpc,160,hard_safety_slew_conflict,hard_safety_emergency,False,False,0.0,1.5364606263023575,0.0,4.902744876744691e-12,2,1.6509359999999997,0,0,0,1
lhs_003,original_mpc,161,none,slsqp,False,False,0.0,0.10577396149327711,0.0,9.614575802174841e-11,0,0.0,0,0,0,0
lhs_003,recovery_mpc,161,prediction_domain_infeasible_under_candidate_audit,slope_safe_emergency,False,False,0.0,1.465580182618261,0.0,2.3705482021796342e-12,0,0.0,0,0,0,1
lhs_003,original_mpc,166,none,slsqp,True,True,0.0,3.845551788117518e-08,0.0,1.3322676295501878e-15,0,0.0,0,0,0,0
lhs_003,recovery_mpc,166,prediction_domain_infeasible_under_candidate_audit,slope_safe_emergency,False,False,0.0,1.0502806881773452,0.0,1.1524114995609125e-11,0,0.0,0,0,0,1
lhs_003,original_mpc,167,none,slsqp,True,True,0.0,1.6146124437455e-08,0.0,8.881784197001252e-16,0,0.0,0,0,0,0
lhs_003,recovery_mpc,167,prediction_domain_infeasible_under_candidate_audit,slope_safe_emergency,False,False,0.0017620849215482792,1.0500432366794072,0.0,7.118750033896504e-13,0,0.0,0,0,0,1
lhs_003,original_mpc,168,none,slsqp,True,True,5.808686864838819e-12,3.8604497376582003e-10,0.0,8.881784197001252e-16,0,0.0,0,0,0,0
lhs_003,recovery_mpc,168,prediction_domain_infeasible_under_candidate_audit,slope_safe_emergency,False,False,0.008578280416246642,1.100159003913447,0.0,0.5241133388313015,0,0.0,0,0,0,1
lhs_003,original_mpc,169,none,slsqp,True,True,0.0,7.2387820182484575e-09,0.0,0.0,0,0.0,0,0,0,0
lhs_003,recovery_mpc,169,prediction_domain_infeasible_under_candidate_audit,slope_safe_emergency,False,False,0.011114764342556427,1.1406380764207285,0.0,2.5241133388313237,0,0.0,0,0,0,1
lhs_003,original_mpc,174,none,slsqp,True,True,8.171241461241152e-14,1.4871659459458897e-11,0.0,0.0,0,0.0,0,0,0,0
lhs_003,recovery_mpc,174,hard_safety_slew_conflict,hard_safety_emergency,False,False,0.02924863243603859,2.2089082871307895,0.0,3.7535517388313533,5,8.0,0,0,0,1
lhs_003,original_mpc,179,none,slsqp,False,False,0.007010025332220948,0.2278936300999419,0.0,0.0,0,0.0,0,0,0,0
lhs_003,recovery_mpc,179,hard_safety_slew_conflict,hard_safety_emergency,False,False,0.007419031672789345,1.7667710591609378,0.0,2.842170943040401e-14,0,0.0,0,0,0,1
lhs_003,original_mpc,180,none,slsqp,False,False,3.969082072785568e-06,0.058510116681702584,0.0,8.075051738387629e-11,0,0.0,0,0,0,0
lhs_003,recovery_mpc,180,hard_safety_slew_conflict,hard_safety_emergency,False,False,0.007542171406670128,1.6654212189324582,0.0,2.795097486796294e-12,0,0.0,0,0,0,1
lhs_003,original_mpc,185,none,slsqp,True,True,5.750955267558311e-12,1.4608097842483403e-08,0.0,4.440892098500626e-16,0,0.0,0,0,0,0
lhs_003,recovery_mpc,185,prediction_domain_infeasible_under_candidate_audit,slope_safe_emergency,False,False,0.0041729064705195995,1.3908887541368173,0.0,2.434052959188193e-12,0,0.0,0,0,0,1
lhs_003,original_mpc,186,none,slsqp,True,True,4.296829558825266e-11,4.194532721157884e-09,0.0,8.881784197001252e-16,0,0.0,0,0,0,0
lhs_003,recovery_mpc,186,prediction_domain_infeasible_under_candidate_audit,slope_safe_emergency,False,False,0.0036045504377764104,1.3083760287369444,0.0,8.604406076528903e-11,0,0.0,0,0,0,1
lhs_003,original_mpc,187,none,slsqp,True,True,1.482369782479509e-11,1.0567760000412818e-09,0.0,0.0,0,0.0,0,0,0,0
lhs_003,recovery_mpc,187,prediction_domain_infeasible_under_candidate_audit,slope_safe_emergency,False,False,0.016668030356557395,1.2959042957105211,0.0,0.0,0,0.0,0,0,0,1
lhs_003,original_mpc,188,none,slsqp,True,True,0.0,1.6194263707802747e-09,0.0,0.0,0,0.0,0,0,0,0
lhs_003,recovery_mpc,188,prediction_domain_infeasible_under_candidate_audit,slope_safe_emergency,False,False,0.02583754941325278,1.337821875991402,0.0,6.203926261605375e-13,0,0.0,0,0,0,1
lhs_003,original_mpc,193,none,slsqp,False,False,0.007435230729217146,0.1013558149163174,0.0,6.618705583605333e-12,0,0.0,0,0,0,0
lhs_003,recovery_mpc,193,hard_safety_slew_conflict,hard_safety_emergency,False,False,0.040406436512675725,1.8088864219092002,0.0,1.7535517388313178,4,6.0,0,0,0,1
lhs_003,original_mpc,194,none,slsqp,True,True,1.0754952484148816e-11,6.022141008088511e-09,0.0,6.217248937900877e-15,0,0.0,0,0,0,0
lhs_003,recovery_mpc,194,hard_safety_slew_conflict,hard_safety_emergency,False,False,0.02052801416776706,1.5443581642845245,0.0,0.0,0,0.0,0,0,0,1
lhs_003,original_mpc,195,none,slsqp,True,True,7.323031070427533e-12,9.461800232202222e-10,0.0,8.881784197001252e-16,0,0.0,0,0,0,0
lhs_003,recovery_mpc,195,prediction_domain_infeasible_under_candidate_audit,slope_safe_emergency,False,False,0.019776801248774234,1.4455443667755503,0.0,3.3741898164407758e-12,0,0.0,0,0,0,1
lhs_003,original_mpc,196,none,slsqp,True,True,0.0,1.6145556003266393e-08,0.0,0.0,0,0.0,0,0,0,0
lhs_003,recovery_mpc,196,prediction_domain_infeasible_under_candidate_audit,slope_safe_emergency,False,False,0.018235385506625512,1.2711596538326901,0.0,2.4343194127141032e-11,0,0.0,0,0,0,1
lhs_003,original_mpc,197,none,slsqp,True,True,2.405187160547939e-11,2.5068800368899247e-09,0.0,0.0,0,0.0,0,0,0,0
lhs_003,recovery_mpc,197,prediction_domain_infeasible_under_candidate_audit,slope_safe_emergency,False,False,0.032981692597620516,1.321925496287193,0.0,0.0,0,0.0,0,0,0,1
lhs_003,original_mpc,202,none,slsqp,False,False,0.008266864952712893,0.15578024439975735,0.0,0.0,0,0.0,0,0,0,0
lhs_003,recovery_mpc,202,hard_safety_slew_conflict,hard_safety_emergency,False,False,0.05080501784463998,1.557302650047653,0.0,0.0,3,3.3,0,0,0,1
lhs_003,original_mpc,203,none,slsqp,True,True,2.9923157285338675e-08,0.0,0.0,4.440892098500626e-15,0,0.0,0,0,0,0
lhs_003,recovery_mpc,203,prediction_domain_infeasible_under_candidate_audit,slope_safe_emergency,False,False,0.031805300335412845,1.4042414376929884,0.0,9.028777725461623e-12,0,0.0,0,0,0,1
lhs_003,original_mpc,208,none,slsqp,True,True,4.89386309254769e-12,7.841549631848466e-11,0.0,1.3322676295501878e-15,0,0.0,0,0,0,0
lhs_003,recovery_mpc,208,prediction_domain_infeasible_under_candidate_audit,slope_safe_emergency,False,False,0.03917309555314663,1.2533630717366862,0.0,3.561595462997502e-13,0,0.0,0,0,0,1
lhs_003,original_mpc,209,none,slsqp,True,True,1.752109568542437e-11,1.2315268804741208e-09,0.0,0.0,0,0.0,0,0,0,0
lhs_003,recovery_mpc,209,prediction_domain_infeasible_under_candidate_audit,slope_safe_emergency,False,False,0.05102115585084377,1.3351506517824276,0.0,7.687184222504584e-12,0,0.0,0,0,0,1
lhs_003,original_mpc,210,none,slsqp,True,True,1.8487433806058107e-11,9.17459885840799e-10,0.0,0.0,0,0.0,0,0,0,0
lhs_003,recovery_mpc,210,prediction_domain_infeasible_under_candidate_audit,slope_safe_emergency,False,False,0.0572403349844528,1.337455467721938,0.0,0.4735517388289461,0,0.0,0,0,0,1
lhs_003,original_mpc,215,none,slsqp,False,False,0.00694202699234836,0.06939268082800965,0.0,3.730349362740526e-13,0,0.0,0,0,0,0
lhs_003,recovery_mpc,215,hard_safety_slew_conflict,hard_safety_emergency,False,False,0.07274263357099464,1.9649932206851375,0.0,2.473551738831322,5,6.719999999999999,0,0,0,1
lhs_003,original_mpc,216,none,slsqp,True,True,9.50350909079134e-14,0.0,0.0,4.440892098500626e-16,0,0.0,0,0,0,0
lhs_003,recovery_mpc,216,hard_safety_slew_conflict,hard_safety_emergency,False,False,0.05426607147121487,1.8091091910401502,0.0,1.4734879982825078e-12,0,0.0,0,0,0,1
lhs_003,original_mpc,217,none,slsqp,True,True,5.798916902222118e-12,7.739231477899011e-11,0.0,0.0,0,0.0,0,0,0,0
lhs_003,recovery_mpc,217,hard_safety_slew_conflict,hard_safety_emergency,False,False,0.053765500634626484,1.6345767596522194,0.0,7.922551503725117e-13,0,0.0,0,0,0,1
lhs_003,original_mpc,218,none,slsqp,False,False,6.608989906453644e-07,0.05233947325825028,0.0,8.020251129892131e-13,0,0.0,0,0,0,0
lhs_003,recovery_mpc,218,hard_safety_slew_conflict,hard_safety_emergency,False,False,0.05351242884952434,1.7017661644767088,0.0,1.053217957291963e-09,0,0.0,0,0,0,1
lhs_003,original_mpc,219,none,slsqp,False,False,1.0754094210696508e-06,0.0020081555947086827,0.0,8.234324120337533e-07,0,0.0,0,0,0,0
lhs_003,recovery_mpc,219,hard_safety_slew_conflict,hard_safety_emergency,False,False,0.05351275132438271,1.6951563832806968,0.0,1.906919067096169e-12,0,0.0,0,0,0,1
lhs_003,original_mpc,224,none,slsqp,True,True,2.2470914018413168e-13,0.0,0.0,0.0,0,0.0,0,0,0,0
lhs_003,recovery_mpc,224,prediction_domain_infeasible_under_candidate_audit,slope_safe_emergency,False,False,0.05057874783091876,1.050477108934949,0.0,1.510702674067943e-11,0,0.0,0,0,0,1
lhs_003,original_mpc,225,none,slsqp,True,True,1.545430450278218e-13,0.0,0.0,1.3322676295501878e-15,0,0.0,0,0,0,0
lhs_003,recovery_mpc,225,prediction_domain_infeasible_under_candidate_audit,slope_safe_emergency,False,False,0.05131150354404923,0.8950751883470787,0.0,1.0230927216525743e-11,0,0.0,0,0,0,1
lhs_003,original_mpc,226,none,slsqp,True,True,1.035616037370346e-12,0.0,0.0,0.0,0,0.0,0,0,0,0
lhs_003,recovery_mpc,226,prediction_domain_infeasible_under_candidate_audit,slope_safe_emergency,False,False,0.06421545964149633,0.8214424108820069,0.0,6.356248860583946e-12,0,0.0,0,0,0,1
lhs_003,original_mpc,227,none,slsqp,True,True,6.3584693066331965e-12,0.0,0.0,0.0,0,0.0,0,0,0,0
lhs_003,recovery_mpc,227,prediction_domain_infeasible_under_candidate_audit,slope_safe_emergency,False,False,0.0731071474066507,0.8973562302913507,0.0,9.090506125630782e-13,0,0.0,0,0,0,1
lhs_003,original_mpc,232,none,slsqp,True,True,3.807532067412467e-11,0.0,0.0,0.0,0,0.0,0,0,0,0
lhs_003,recovery_mpc,232,prediction_domain_infeasible_under_candidate_audit,slope_safe_emergency,False,False,0.0842591550350198,1.3409681412592391,0.0,1.7535517388312902,0,0.0,0,0,0,1
lhs_003,original_mpc,237,none,slsqp,False,False,1.073921396255173e-09,0.004359250769809364,0.0,8.5158546880848e-12,0,0.0,0,0,0,0
lhs_003,recovery_mpc,237,hard_safety_slew_conflict,hard_safety_emergency,False,False,0.10008258165349826,2.117870804368053,0.0,2.7535517388312076,5,7.0,0,0,0,1
lhs_003,original_mpc,238,none,slsqp,True,True,7.38014094281425e-11,2.7450056450106786e-08,0.0,0.0,0,0.0,0,0,0,0
lhs_003,recovery_mpc,238,hard_safety_slew_conflict,hard_safety_emergency,False,False,0.08176895633279191,1.8933188671285706,0.0,1.3673506771283428e-12,0,0.0,0,0,0,1
lhs_003,original_mpc,243,none,slsqp,False,False,0.005530572102257381,0.06860846848383773,0.0,1.2212453270876722e-13,0,0.0,0,0,0,0
lhs_003,recovery_mpc,243,prediction_domain_infeasible_under_candidate_audit,slope_safe_emergency,False,False,0.08112619719176983,1.3739018546087465,0.0,2.5229596190001757e-11,0,0.0,0,0,0,1
lhs_003,original_mpc,244,none,slsqp,True,True,4.85607110078945e-10,0.0,0.0,0.0,0,0.0,0,0,0,0
lhs_003,recovery_mpc,244,prediction_domain_infeasible_under_candidate_audit,slope_safe_emergency,False,False,0.08098739815195355,1.3138165760661096,0.0,1.9122481376143696e-12,0,0.0,0,0,0,1
lhs_003,original_mpc,245,none,slsqp,True,True,6.2652842913735185e-09,0.0,0.0,0.0,0,0.0,0,0,0,0
lhs_003,recovery_mpc,245,prediction_domain_infeasible_under_candidate_audit,slope_safe_emergency,False,False,0.09213286059292525,1.2596884262918522,0.0,8.859579736508749e-13,0,0.0,0,0,0,1
lhs_003,original_mpc,246,none,slsqp,True,True,1.4309442519788718e-11,0.0,0.0,3.1086244689504383e-15,0,0.0,0,0,0,0
lhs_003,recovery_mpc,246,prediction_domain_infeasible_under_candidate_audit,slope_safe_emergency,False,False,0.10063850063752433,1.3055640911070157,0.0,1.4215295607300504e-12,0,0.0,0,0,0,1
lhs_003,original_mpc,247,none,slsqp,True,True,3.608668919241609e-12,0.0,0.0,0.0,0,0.0,0,0,0,0
lhs_003,recovery_mpc,247,prediction_domain_infeasible_under_candidate_audit,slope_safe_emergency,False,False,0.1031543475752601,1.3458003055880354,0.0,1.7535517388311197,0,0.0,0,0,0,1
lhs_003,original_mpc,252,none,slsqp,False,False,0.004807710978763424,0.050548400212868216,0.0,2.6858515411731787e-12,0,0.0,0,0,0,0
lhs_003,recovery_mpc,252,hard_safety_slew_conflict,hard_safety_emergency,False,False,0.11729394360205081,2.1014165714345197,0.0,2.7535517388312645,5,7.0,0,0,0,1
lhs_003,original_mpc,253,none,slsqp,True,True,4.821194998783085e-09,0.0,0.0,2.6645352591003757e-15,0,0.0,0,0,0,0
lhs_003,recovery_mpc,253,hard_safety_slew_conflict,hard_safety_emergency,False,False,0.10005283955666755,1.9646503730255205,0.0,0.0,0,0.0,0,0,0,1
lhs_003,original_mpc,254,none,slsqp,True,True,0.0,0.0,0.0,0.0,0,0.0,0,0,0,0
lhs_003,recovery_mpc,254,hard_safety_slew_conflict,hard_safety_emergency,False,False,0.09964701010682298,1.9331727007669741,0.0,0.0,0,0.0,0,0,0,1
lhs_003,original_mpc,259,none,slsqp,True,True,1.815090300283373e-10,0.0,0.0,0.0,0,0.0,0,0,0,0
lhs_003,recovery_mpc,259,prediction_domain_infeasible_under_candidate_audit,slope_safe_emergency,False,False,0.10052363832737488,1.451458755816624,0.0,0.0,0,0.0,0,0,0,1
lhs_003,original_mpc,260,none,slsqp,True,True,1.545075178910338e-11,0.0,0.0,0.0,0,0.0,0,0,0,0
lhs_003,recovery_mpc,260,prediction_domain_infeasible_under_candidate_audit,slope_safe_emergency,False,False,0.10033064654966051,1.325065076410489,0.0,0.0,0,0.0,0,0,0,1
lhs_003,original_mpc,265,none,slsqp,True,True,3.949551796722517e-11,0.0,0.0,0.0,0,0.0,0,0,0,0
lhs_003,recovery_mpc,265,prediction_domain_infeasible_under_candidate_audit,slope_safe_emergency,False,False,0.11647558942838732,1.0573433353826047,0.0,6.326050794314142e-12,0,0.0,0,0,0,1
lhs_003,original_mpc,270,none,slsqp,True,True,1.1437073510478513e-11,0.0,0.0,0.0,0,0.0,0,0,0,0
lhs_003,recovery_mpc,270,prediction_domain_infeasible_under_candidate_audit,slope_safe_emergency,False,False,0.12931790237517227,1.058877439129553,0.0,4.4009240696141205e-13,0,0.0,0,0,0,1
lhs_003,original_mpc,275,none,slsqp,True,True,2.8208546609675977e-11,0.0,0.0,0.0,0,0.0,0,0,0,0
lhs_003,recovery_mpc,275,prediction_domain_infeasible_under_candidate_audit,slope_safe_emergency,False,False,0.1419455562377827,1.4443909685578973,0.0,1.1935517388313226,1,0.0,0,0,0,1
lhs_003,original_mpc,280,none,slsqp,True,True,5.203837361023034e-12,0.0,0.0,0.0,0,0.0,0,0,0,0
lhs_003,recovery_mpc,280,hard_safety_slew_conflict,hard_safety_emergency,False,False,0.1489369399985918,1.639775896727656,0.0,0.0,4,4.08,0,0,0,1
lhs_003,original_mpc,285,none,slsqp,True,True,1.1935341603930283e-11,0.0,0.0,0.0,0,0.0,0,0,0,0
lhs_003,recovery_mpc,285,prediction_domain_infeasible_under_candidate_audit,slope_safe_emergency,False,False,0.12987093082508938,1.152605301086055,0.0,0.0,0,0.0,0,0,0,1
lhs_003,original_mpc,290,none,slsqp,True,True,1.4220624677818705e-11,0.0,0.0,0.0,0,0.0,0,0,0,0
lhs_003,recovery_mpc,290,prediction_domain_infeasible_under_candidate_audit,slope_safe_emergency,False,False,0.13012695397517327,0.8717006317188591,0.0,3.6287861604478167e-11,0,0.0,0,0,0,1
lhs_003,original_mpc,295,none,slsqp,True,True,5.657696533489798e-12,0.0,0.0,0.0,0,0.0,0,0,0,0
lhs_003,recovery_mpc,295,prediction_domain_infeasible_under_candidate_audit,slope_safe_emergency,False,False,0.1423925133323225,0.8160071646431817,0.0,0.0,0,0.0,0,0,0,1
lhs_003,original_mpc,300,none,slsqp,True,True,2.608580018659268e-12,0.0,0.0,0.0,0,0.0,0,0,0,0
lhs_003,recovery_mpc,300,prediction_domain_infeasible_under_candidate_audit,slope_safe_emergency,False,False,0.15760546055140345,1.2379116839607818,0.0,6.687983500341943e-13,0,0.0,0,0,0,1
lhs_003,original_mpc,305,none,slsqp,True,True,1.0878409284487134e-11,0.0,0.0,0.0,0,0.0,0,0,0,0
lhs_003,recovery_mpc,305,prediction_domain_infeasible_under_candidate_audit,slope_safe_emergency,False,False,0.16813535617399822,1.4779973425253203,0.00359069668231482,4.858335955759685e-13,1,0.0,0,0,0,1
lhs_003,original_mpc,310,none,slsqp,True,True,4.3937919969039285e-10,0.0,0.0,0.0,0,0.0,0,0,0,0
lhs_003,recovery_mpc,310,prediction_domain_infeasible_under_candidate_audit,slope_safe_emergency,False,False,0.1675949912465029,1.270048418208745,0.0040459416532722114,9.047873561485176e-12,0,0.0,0,0,0,1
lhs_003,original_mpc,315,none,slsqp,True,True,1.581845765485923e-12,0.0,0.0,0.0,0,0.0,0,0,0,0
lhs_003,recovery_mpc,315,prediction_domain_infeasible_under_candidate_audit,slope_safe_emergency,False,False,0.16279937267005362,1.219296616912139,0.011232443188503916,3.753886090862579e-12,1,0.0,0,0,0,1
lhs_003,original_mpc,320,none,slsqp,True,True,8.566480858007708e-12,0.0,0.0,0.0,0,0.0,0,0,0,0
lhs_003,recovery_mpc,320,prediction_domain_infeasible_under_candidate_audit,slope_safe_emergency,False,False,0.16818558249811044,1.3658259734649008,0.0173777732812489,1.1115552922547067e-12,1,0.0,0,0,0,1
lhs_003,original_mpc,325,none,slsqp,True,True,5.702105454474804e-12,0.0,0.0,0.0,0,0.0,0,0,0,0
lhs_003,recovery_mpc,325,prediction_domain_infeasible_under_candidate_audit,slope_safe_emergency,False,False,0.17399277618204323,1.3179987147805505,0.024183829492205766,7.125855461254105e-12,1,0.0,0,0,0,1
lhs_003,original_mpc,330,none,slsqp,True,True,1.9033663534173684e-12,0.0,0.0,0.0,0,0.0,0,0,0,0
lhs_003,recovery_mpc,330,prediction_domain_infeasible_under_candidate_audit,slope_safe_emergency,False,False,0.17442505972604838,1.021052792345536,0.02683795387561816,1.0868195232660582e-11,1,0.0,0,0,0,1
lhs_003,original_mpc,335,none,slsqp,True,True,1.8974155580053775e-11,0.0,0.0,0.0,0,0.0,0,0,0,0
lhs_003,recovery_mpc,335,prediction_domain_infeasible_under_candidate_audit,slope_safe_emergency,False,False,0.1383651607991645,1.0675222475706008,0.009837165739391529,4.510170015237236e-12,1,0.0,0,0,0,1
lhs_003,original_mpc,340,none,slsqp,True,True,1.3576695323536114e-11,0.0,0.0,0.0,0,0.0,0,0,0,0
lhs_003,recovery_mpc,340,prediction_domain_infeasible_under_candidate_audit,slope_safe_emergency,False,False,0.1913372733998644,0.6680621697868503,0.041324233859033055,0.0,1,0.0,0,0,0,1
lhs_003,original_mpc,345,none,slsqp,True,True,2.730384807136943e-09,0.0,0.0,0.0,0,0.0,0,0,0,0
lhs_003,recovery_mpc,345,prediction_domain_infeasible_under_candidate_audit,slope_safe_emergency,False,False,0.1664011970809769,0.5159274416596986,0.04174707685164658,8.762768288761436e-12,0,0.0,0,0,0,1
lhs_003,original_mpc,350,none,slsqp,True,True,3.483435762063891e-12,0.0,0.0,0.0,0,0.0,0,0,0,0
lhs_003,recovery_mpc,350,prediction_domain_infeasible_under_candidate_audit,slope_safe_emergency,False,False,0.14498589374263293,0.5204211516604644,0.040587746812460024,8.79563089029034e-12,1,0.0,0,0,0,1
lhs_003,original_mpc,355,none,slsqp,True,True,2.319033853837027e-12,0.0,0.0,0.0,0,0.0,0,0,0,0
lhs_003,recovery_mpc,355,prediction_domain_infeasible_under_candidate_audit,slope_safe_emergency,False,False,0.1648603041311718,0.25300095155768076,0.047448555346112475,6.228795257356978e-12,1,0.0,0,0,0,1
lhs_003,original_mpc,360,none,slsqp,True,True,1.290878515192162e-11,0.0,0.0,0.0,0,0.0,0,0,0,0
lhs_003,recovery_mpc,360,prediction_domain_infeasible_under_candidate_audit,slope_safe_emergency,False,False,0.15549310968698205,0.18135610777191147,0.04949270713624898,3.864464304115245e-12,1,0.0,0,0,0,1
lhs_003,original_mpc,365,none,slsqp,True,True,2.3572255258841324e-12,0.0,0.0,0.0,0,0.0,0,0,0,0
lhs_003,recovery_mpc,365,prediction_domain_infeasible_under_candidate_audit,slope_safe_emergency,False,False,0.020508200730782633,0.0,0.012336587121954512,2.084554751036194e-12,1,0.0,0,0,0,1
lhs_003,original_mpc,370,none,slsqp,True,True,0.0,0.0,0.0,0.0,0,0.0,0,0,0,0
lhs_003,recovery_mpc,370,prediction_domain_infeasible_under_candidate_audit,slope_safe_emergency,False,False,0.10484399075503781,0.0,0.015570472109633804,3.6254465407586665,0,0.0,0,0,0,1
lhs_003,original_mpc,375,none,slsqp,True,True,0.0,0.0,0.0,0.0,0,0.0,0,0,0,0
lhs_003,recovery_mpc,375,prediction_domain_infeasible_under_candidate_audit,slope_safe_emergency,False,False,0.020913289480896324,0.0,0.011682619217629808,3.3661962106634746e-12,1,0.0,0,0,0,1
lhs_003,original_mpc,380,none,slsqp,True,True,8.881784197001252e-16,0.0,0.0,0.0,0,0.0,0,0,0,0
lhs_003,recovery_mpc,380,prediction_domain_infeasible_under_candidate_audit,slope_safe_emergency,False,False,0.022573698230997863,0.0,0.014180006756463692,7.638334409421077e-13,1,0.0,0,0,0,1
lhs_003,original_mpc,385,none,slsqp,True,True,1.7763568394002505e-15,0.0,0.0,0.0,0,0.0,0,0,0,0
lhs_003,recovery_mpc,385,none,slsqp,True,True,0.0,0.0,1.9872992140790302e-12,0.0,0,0.0,0,0,0,0
lhs_003,original_mpc,390,none,slsqp,True,True,0.0,0.0,0.0,0.0,0,0.0,0,0,0,0
lhs_003,recovery_mpc,390,none,slsqp,True,True,0.0,0.0,3.480549182199866e-13,0.0,0,0.0,0,0,0,0
lhs_003,original_mpc,395,none,slsqp,True,True,0.0,0.0,0.0,0.0,0,0.0,0,0,0,0
lhs_003,recovery_mpc,395,none,slsqp,True,True,0.0,0.0,4.5367209988711465e-10,0.0,0,0.0,0,0,0,0
lhs_003,original_mpc,400,none,slsqp,True,True,0.0,0.0,4.3480552491814706e-11,0.0,0,0.0,0,0,0,0
lhs_003,recovery_mpc,400,none,slsqp,True,True,0.0,0.0,4.5367209988711465e-10,0.0,0,0.0,0,0,0,0
lhs_003,original_mpc,405,none,slsqp,True,True,0.0,0.0,0.0,0.0,0,0.0,0,0,0,0
lhs_003,recovery_mpc,405,none,slsqp,True,True,0.0,0.0,0.0,0.0,0,0.0,0,0,0,0
lhs_003,original_mpc,410,none,slsqp,True,True,0.0,0.0,0.0,0.0,0,0.0,0,0,0,0
lhs_003,recovery_mpc,410,none,slsqp,True,True,0.0,0.0,1.0030647423775463e-09,0.0,0,0.0,0,0,0,0
lhs_003,original_mpc,415,none,slsqp,True,True,0.0,0.0,1.5800916131070153e-11,0.0,0,0.0,0,0,0,0
lhs_003,recovery_mpc,415,none,slsqp,True,True,0.0,0.0,9.989831184498144e-11,0.0,0,0.0,0,0,0,0
lhs_003,original_mpc,420,none,slsqp,True,True,0.0,0.0,0.0,0.0,0,0.0,0,0,0,0
lhs_003,recovery_mpc,420,none,slsqp,True,True,0.0,0.0,0.0,0.0,0,0.0,0,0,0,0
lhs_003,original_mpc,425,none,slsqp,True,True,3.410436377748738e-10,0.0,7.739608953727384e-11,0.0,0,0.0,0,0,0,0
lhs_003,recovery_mpc,425,none,slsqp,True,True,0.0,0.0,0.0,0.0,0,0.0,0,0,0,0
lhs_003,original_mpc,430,none,slsqp,True,True,0.0,0.0,0.0,0.0,0,0.0,0,0,0,0
lhs_003,recovery_mpc,430,none,slsqp,True,True,0.0,0.0,4.6629367034256575e-14,0.0,0,0.0,0,0,0,0
lhs_003,original_mpc,435,none,slsqp,True,True,0.0,0.0,4.917104501345193e-10,0.0,0,0.0,0,0,0,0
lhs_003,recovery_mpc,435,none,slsqp,True,True,0.0,0.0,4.6629367034256575e-14,0.0,0,0.0,0,0,0,0
lhs_004,original_mpc,1,none,slsqp,True,True,0.0,1.3241276519693201e-08,0.0,3.1086244689504383e-15,0,0.0,0,0,0,0
lhs_004,recovery_mpc,1,none,slsqp,True,True,0.0,1.3241276519693201e-08,0.0,3.1086244689504383e-15,0,0.0,0,0,0,0
lhs_004,original_mpc,2,none,slsqp,True,True,0.0,3.2732025090354e-08,0.0,8.881784197001252e-16,0,0.0,0,0,0,0
lhs_004,recovery_mpc,2,none,slsqp,True,True,0.0,3.2732025090354e-08,0.0,8.881784197001252e-16,0,0.0,0,0,0,0
lhs_004,original_mpc,3,none,slsqp,True,True,0.0,3.26915028381336e-09,0.0,0.0,0,0.0,0,0,0,0
lhs_004,recovery_mpc,3,none,slsqp,True,True,0.0,3.26915028381336e-09,0.0,0.0,0,0.0,0,0,0,0
lhs_004,original_mpc,4,none,slsqp,True,True,0.0,2.1581598730335827e-09,0.0,3.552713678800501e-15,0,0.0,0,0,0,0
lhs_004,recovery_mpc,4,none,slsqp,True,True,0.0,2.1581598730335827e-09,0.0,3.552713678800501e-15,0,0.0,0,0,0,0
lhs_004,original_mpc,5,none,slsqp,True,True,0.0,4.589452373693348e-09,0.0,8.881784197001252e-16,0,0.0,0,0,0,0
lhs_004,recovery_mpc,5,none,slsqp,True,True,0.0,4.589452373693348e-09,0.0,8.881784197001252e-16,0,0.0,0,0,0,0
lhs_004,original_mpc,6,none,slsqp,True,True,0.0,3.500054646110584e-08,0.0,0.0,0,0.0,0,0,0,0
lhs_004,recovery_mpc,6,none,slsqp,True,True,0.0,3.500054646110584e-08,0.0,0.0,0,0.0,0,0,0,0
lhs_004,original_mpc,11,none,slsqp,True,True,0.0,8.022406206009691e-08,0.0,0.0,0,0.0,0,0,0,0
lhs_004,recovery_mpc,11,none,slsqp,True,True,0.0,8.022406206009691e-08,0.0,0.0,0,0.0,0,0,0,0
lhs_004,original_mpc,16,none,slsqp,True,True,0.0,6.70377886535789e-09,0.0,0.0,0,0.0,0,0,0,0
lhs_004,recovery_mpc,16,none,slsqp,True,True,0.0,6.70377886535789e-09,0.0,0.0,0,0.0,0,0,0,0
lhs_004,original_mpc,21,none,slsqp,True,True,0.0,2.632262408042152e-09,0.0,0.0,0,0.0,0,0,0,0
lhs_004,recovery_mpc,21,none,slsqp,True,True,0.0,2.632262408042152e-09,0.0,0.0,0,0.0,0,0,0,0
lhs_004,original_mpc,26,none,slsqp,True,True,0.0,1.8319710193281935e-09,0.0,0.0,0,0.0,0,0,0,0
lhs_004,recovery_mpc,26,none,slsqp,True,True,0.0,1.8319710193281935e-09,0.0,0.0,0,0.0,0,0,0,0
lhs_004,original_mpc,31,none,slsqp,True,True,0.0,0.0,0.0,0.0,0,0.0,0,0,0,0
lhs_004,recovery_mpc,31,none,slsqp,True,True,0.0,0.0,0.0,0.0,0,0.0,0,0,0,0
lhs_004,original_mpc,36,none,slsqp,True,True,0.0,1.0647482895365101e-10,0.0,0.0,0,0.0,0,0,0,0
lhs_004,recovery_mpc,36,none,slsqp,True,True,0.0,1.0647482895365101e-10,0.0,0.0,0,0.0,0,0,0,0
lhs_004,original_mpc,41,none,slsqp,True,True,0.0,2.2344721628542175e-09,0.0,0.0,0,0.0,0,0,0,0
lhs_004,recovery_mpc,41,none,slsqp,True,True,0.0,2.2344721628542175e-09,0.0,0.0,0,0.0,0,0,0,0
lhs_004,original_mpc,46,none,slsqp,True,True,0.0,1.132242744006362e-09,0.0,0.0,0,0.0,0,0,0,0
lhs_004,recovery_mpc,46,none,slsqp,True,True,0.0,1.132242744006362e-09,0.0,0.0,0,0.0,0,0,0,0
lhs_004,original_mpc,51,none,slsqp,True,True,0.0,1.2354206546660862e-10,0.0,0.0,0,0.0,0,0,0,0
lhs_004,recovery_mpc,51,none,slsqp,True,True,0.0,1.2354206546660862e-10,0.0,0.0,0,0.0,0,0,0,0
lhs_004,original_mpc,56,none,slsqp,True,True,0.0,5.168504912944627e-08,0.0,0.0,0,0.0,0,0,0,0
lhs_004,recovery_mpc,56,none,slsqp,True,True,0.0,5.168504912944627e-08,0.0,0.0,0,0.0,0,0,0,0
lhs_004,original_mpc,61,none,slsqp,True,True,0.0,1.2921475445182296e-08,0.0,0.0,0,0.0,0,0,0,0
lhs_004,recovery_mpc,61,none,slsqp,True,True,0.0,1.2921475445182296e-08,0.0,0.0,0,0.0,0,0,0,0
lhs_004,original_mpc,66,none,slsqp,True,True,0.0,5.683205017703585e-10,0.0,0.0,0,0.0,0,0,0,0
lhs_004,recovery_mpc,66,none,slsqp,True,True,0.0,5.683205017703585e-10,0.0,0.0,0,0.0,0,0,0,0
lhs_004,original_mpc,71,none,slsqp,True,True,0.0,2.566125090197602e-09,0.0,0.0,0,0.0,0,0,0,0
lhs_004,recovery_mpc,71,none,slsqp,True,True,0.0,2.566125090197602e-09,0.0,0.0,0,0.0,0,0,0,0
lhs_004,original_mpc,76,none,slsqp,True,True,0.0,1.4667733694295748e-10,0.0,0.0,0,0.0,0,0,0,0
lhs_004,recovery_mpc,76,none,slsqp,True,True,0.0,1.4667733694295748e-10,0.0,0.0,0,0.0,0,0,0,0
lhs_004,original_mpc,81,none,slsqp,True,True,0.0,2.2151311895868275e-09,0.0,0.0,0,0.0,0,0,0,0
lhs_004,recovery_mpc,81,none,slsqp,True,True,0.0,2.2151311895868275e-09,0.0,0.0,0,0.0,0,0,0,0
lhs_004,original_mpc,86,none,slsqp,True,True,0.0,1.727082121760759e-08,0.0,0.0,0,0.0,0,0,0,0
lhs_004,recovery_mpc,86,none,slsqp,True,True,0.0,1.727082121760759e-08,0.0,0.0,0,0.0,0,0,0,0
lhs_004,original_mpc,91,none,slsqp,True,True,0.0,1.3421463052054605e-08,0.0,0.0,0,0.0,0,0,0,0
lhs_004,recovery_mpc,91,none,slsqp,True,True,0.0,1.3421463052054605e-08,0.0,0.0,0,0.0,0,0,0,0
lhs_004,original_mpc,96,none,slsqp,True,True,0.0,1.9688286556629464e-09,0.0,0.0,0,0.0,0,0,0,0
lhs_004,recovery_mpc,96,none,slsqp,True,True,0.0,1.9688286556629464e-09,0.0,0.0,0,0.0,0,0,0,0
lhs_004,original_mpc,101,none,slsqp,True,True,0.0,5.410996095633891e-10,0.0,0.0,0,0.0,0,0,0,0
lhs_004,recovery_mpc,101,none,slsqp,True,True,0.0,5.410996095633891e-10,0.0,0.0,0,0.0,0,0,0,0
lhs_004,original_mpc,106,none,slsqp,True,True,0.0,3.419842187213362e-11,0.0,0.0,0,0.0,0,0,0,0
lhs_004,recovery_mpc,106,none,slsqp,True,True,0.0,3.419842187213362e-11,0.0,0.0,0,0.0,0,0,0,0
lhs_004,original_mpc,111,none,slsqp,True,True,0.0,6.719531597809691e-10,0.0,0.0,0,0.0,0,0,0,0
lhs_004,recovery_mpc,111,none,slsqp,True,True,0.0,6.719531597809691e-10,0.0,0.0,0,0.0,0,0,0,0
lhs_004,original_mpc,116,none,slsqp,True,True,0.0,4.541192311080522e-09,0.0,0.0,0,0.0,0,0,0,0
lhs_004,recovery_mpc,116,none,slsqp,True,True,0.0,4.541192311080522e-09,0.0,0.0,0,0.0,0,0,0,0
lhs_004,original_mpc,121,none,slsqp,True,True,0.0,5.03597163969971e-10,0.0,0.0,0,0.0,0,0,0,0
lhs_004,recovery_mpc,121,none,slsqp,True,True,0.0,5.03597163969971e-10,0.0,0.0,0,0.0,0,0,0,0
lhs_004,original_mpc,126,none,slsqp,True,True,0.0,1.0789591442517121e-10,0.0,0.0,0,0.0,0,0,0,0
lhs_004,recovery_mpc,126,none,slsqp,True,True,0.0,1.0789591442517121e-10,0.0,0.0,0,0.0,0,0,0,0
lhs_004,original_mpc,131,none,slsqp,False,False,0.0,0.07056174154650563,0.0,1.248334768888526e-12,0,0.0,0,0,0,0
lhs_004,recovery_mpc,131,prediction_domain_infeasible_under_candidate_audit,slope_safe_emergency,False,False,0.0,0.07056174154650563,0.0,1.248334768888526e-12,0,0.0,0,0,0,1
lhs_004,original_mpc,132,none,slsqp,True,True,0.0,1.1854588422011147e-08,0.0,2.6645352591003757e-15,0,0.0,0,0,0,0
lhs_004,recovery_mpc,132,prediction_domain_infeasible_under_candidate_audit,slope_safe_emergency,False,False,0.0,0.284893198813549,0.0,1.4059864383852982e-12,0,0.0,0,0,0,1
lhs_004,original_mpc,133,none,slsqp,True,True,0.0,4.059572233927611e-09,0.0,0.0,0,0.0,0,0,0,0
lhs_004,recovery_mpc,133,prediction_domain_infeasible_under_candidate_audit,slope_safe_emergency,False,False,0.0,0.3578758372555839,0.0,1.9999999996020454,0,0.0,0,0,0,1
lhs_004,original_mpc,134,none,slsqp,True,True,0.0,1.6335519603671855e-09,0.0,0.0,0,0.0,0,0,0,0
lhs_004,recovery_mpc,134,prediction_domain_infeasible_under_candidate_audit,slope_safe_emergency,False,False,0.0,0.48792392578175736,0.0,3.1459220187919694,0,0.0,0,0,0,1
lhs_004,original_mpc,139,none,slsqp,True,True,0.0,5.9878999536522315e-09,0.0,0.0,0,0.0,0,0,0,0
lhs_004,recovery_mpc,139,prediction_domain_infeasible_under_candidate_audit,slope_safe_emergency,False,False,0.0,1.3823631435572565,0.0,3.145922018797239,0,0.0,0,0,0,1
lhs_004,original_mpc,144,none,slsqp,True,True,0.0,2.6219026949547697e-12,0.0,0.0,0,0.0,0,0,0,0
lhs_004,recovery_mpc,144,hard_safety_slew_conflict,hard_safety_emergency,False,False,0.0,2.465912979726234,0.0,3.1459220187997445,5,8.0,0,0,0,1
lhs_004,original_mpc,149,none,slsqp,False,False,0.0,0.0317058610308365,0.0,5.8615334808109765e-12,0,0.0,0,0,0,0
lhs_004,recovery_mpc,149,hard_safety_slew_conflict,hard_safety_emergency,False,False,0.0,1.9783159941321529,0.0,0.0,0,0.0,0,0,0,1
lhs_004,original_mpc,150,none,slsqp,False,False,0.0,0.03637439076106119,0.0,1.2637180191177322e-10,0,0.0,0,0,0,0
lhs_004,recovery_mpc,150,hard_safety_slew_conflict,hard_safety_emergency,False,False,0.0,1.988696718310912,0.0,1.435833674179321e-10,0,0.0,0,0,0,1
lhs_004,original_mpc,155,none,slsqp,True,True,0.0,1.9548920704437478e-08,0.0,0.0,0,0.0,0,0,0,0
lhs_004,recovery_mpc,155,hard_safety_slew_conflict,hard_safety_emergency,False,False,0.0,1.649995500003655,0.0,6.779465877571056e-12,0,0.0,0,0,0,1
lhs_004,original_mpc,156,none,slsqp,True,True,0.0,5.957808468792791e-09,0.0,0.0,0,0.0,0,0,0,0
lhs_004,recovery_mpc,156,hard_safety_slew_conflict,hard_safety_emergency,False,False,0.0,1.5595802552685072,0.0,0.0,0,0.0,0,0,0,1
lhs_004,original_mpc,157,none,slsqp,True,True,0.0,2.261622000787611e-09,0.0,0.0,0,0.0,0,0,0,0
lhs_004,recovery_mpc,157,prediction_domain_infeasible_under_candidate_audit,slope_safe_emergency,False,False,0.0,1.4832366440666007,0.0,3.2511771053123084e-12,0,0.0,0,0,0,1
lhs_004,original_mpc,162,none,slsqp,True,True,0.0,0.0,0.0,0.0,0,0.0,0,0,0,0
lhs_004,recovery_mpc,162,prediction_domain_infeasible_under_candidate_audit,slope_safe_emergency,False,False,0.0,1.0227948564268985,0.0,0.0,0,0.0,0,0,0,1
lhs_004,original_mpc,167,none,slsqp,True,True,0.0,1.4222365507521317e-09,0.0,0.0,0,0.0,0,0,0,0
lhs_004,recovery_mpc,167,prediction_domain_infeasible_under_candidate_audit,slope_safe_emergency,False,False,0.0,0.8401070258555947,0.0,5.808686864838819e-13,0,0.0,0,0,0,1
lhs_004,original_mpc,172,none,slsqp,True,True,0.0,4.685034582507797e-10,0.0,0.0,0,0.0,0,0,0,0
lhs_004,recovery_mpc,172,prediction_domain_infeasible_under_candidate_audit,slope_safe_emergency,False,False,0.0,0.8220382704226097,0.0,1.8459012096627703e-11,0,0.0,0,0,0,1
lhs_004,original_mpc,177,none,slsqp,True,True,0.0,3.948924387486841e-08,0.0,0.0,0,0.0,0,0,0,0
lhs_004,recovery_mpc,177,prediction_domain_infeasible_under_candidate_audit,slope_safe_emergency,False,False,0.0,1.342511209452745,0.0,1.1459220188060923,0,0.0,0,0,0,1
lhs_004,original_mpc,182,none,slsqp,True,True,0.0,1.0342731115997594e-09,0.0,0.0,0,0.0,0,0,0,0
lhs_004,recovery_mpc,182,hard_safety_slew_conflict,hard_safety_emergency,False,False,0.0,2.355524612529493,0.0,3.1459220187985792,5,8.0,0,0,0,1
lhs_004,original_mpc,187,none,slsqp,True,True,0.0,6.474962788161065e-10,0.0,0.0,0,0.0,0,0,0,0
lhs_004,recovery_mpc,187,hard_safety_slew_conflict,hard_safety_emergency,False,False,0.0,1.5422358844740245,0.0,1.184385922670117e-12,0,0.0,0,0,0,1
lhs_004,original_mpc,192,none,slsqp,True,True,0.0,1.3250037511625123e-08,0.0,0.0,0,0.0,0,0,0,0
lhs_004,recovery_mpc,192,prediction_domain_infeasible_under_candidate_audit,slope_safe_emergency,False,False,0.0,1.0851449755454894,0.0,1.0649259252204502e-12,0,0.0,0,0,0,1
lhs_004,original_mpc,197,none,slsqp,True,True,0.0,1.4616361454500293e-09,0.0,0.0,0,0.0,0,0,0,0
lhs_004,recovery_mpc,197,prediction_domain_infeasible_under_candidate_audit,slope_safe_emergency,False,False,0.0,0.8312784237592652,0.0,1.056044141023449e-12,0,0.0,0,0,0,1
lhs_004,original_mpc,202,none,slsqp,True,True,0.0,2.024906109454605e-08,0.0,0.0,0,0.0,0,0,0,0
lhs_004,recovery_mpc,202,prediction_domain_infeasible_under_candidate_audit,slope_safe_emergency,False,False,0.0,0.8694406451748691,0.0,0.0,0,0.0,0,0,0,1
lhs_004,original_mpc,207,none,slsqp,False,False,0.0,0.028163998424986403,0.0,2.175988722541433e-09,0,0.0,0,0,0,0
lhs_004,recovery_mpc,207,prediction_domain_infeasible_under_candidate_audit,slope_safe_emergency,False,False,0.0,1.124641670470048,0.0,0.0,0,0.0,0,0,0,1
lhs_004,original_mpc,208,none,slsqp,True,True,0.0,2.97190183573548e-09,0.0,2.220446049250313e-15,0,0.0,0,0,0,0
lhs_004,recovery_mpc,208,prediction_domain_infeasible_under_candidate_audit,slope_safe_emergency,False,False,0.0,1.21372872543607,0.0,1.1459220187969539,0,0.0,0,0,0,1
lhs_004,original_mpc,209,none,slsqp,True,True,0.0,7.476479879642284e-09,0.0,0.0,0,0.0,0,0,0,0
lhs_004,recovery_mpc,209,prediction_domain_infeasible_under_candidate_audit,slope_safe_emergency,False,False,0.0,1.4099705710340587,0.0,3.1459220187971217,1,0.0,0,0,0,1
lhs_004,original_mpc,210,none,slsqp,True,True,0.0,2.639666263348772e-10,0.0,0.0,0,0.0,0,0,0,0
lhs_004,recovery_mpc,210,hard_safety_slew_conflict,hard_safety_emergency,False,False,0.0,1.5716532365041118,0.0,2.625922018799124,3,3.08,0,0,0,1
lhs_004,original_mpc,215,none,slsqp,True,True,0.0,5.26462429206731e-10,0.0,0.0,0,0.0,0,0,0,0
lhs_004,recovery_mpc,215,prediction_domain_infeasible_under_candidate_audit,slope_safe_emergency,False,False,0.0,1.4167281996028365,0.0,2.348343741687131e-12,0,0.0,0,0,0,1
lhs_004,original_mpc,220,none,slsqp,True,True,0.0,2.6248443418808165e-09,0.0,0.0,0,0.0,0,0,0,0
lhs_004,recovery_mpc,220,hard_safety_slew_conflict,hard_safety_emergency,False,False,0.0,1.601985125990467,0.0,1.1546319456101628e-14,4,4.2184,0,0,0,1
lhs_004,original_mpc,225,none,slsqp,True,True,0.0,7.320437589442008e-10,0.0,0.0,0,0.0,0,0,0,0
lhs_004,recovery_mpc,225,prediction_domain_infeasible_under_candidate_audit,slope_safe_emergency,False,False,0.0,1.19878619993775,0.0,0.0,0,0.0,0,0,0,1
lhs_004,original_mpc,230,none,slsqp,False,False,0.0,0.03108935735660623,0.0,1.8340884366807586e-13,0,0.0,0,0,0,0
lhs_004,recovery_mpc,230,prediction_domain_infeasible_under_candidate_audit,slope_safe_emergency,False,False,0.0,1.023139911369725,0.0,7.669420654110581e-13,0,0.0,0,0,0,1
lhs_004,original_mpc,231,none,slsqp,True,True,0.0,8.96934437832897e-09,0.0,8.881784197001252e-16,0,0.0,0,0,0,0
lhs_004,recovery_mpc,231,prediction_domain_infeasible_under_candidate_audit,slope_safe_emergency,False,False,0.0,1.0123696845754537,0.0,0.0,0,0.0,0,0,0,1
lhs_004,original_mpc,232,none,slsqp,True,True,0.0,4.40596181761066e-09,0.0,0.0,0,0.0,0,0,0,0
lhs_004,recovery_mpc,232,prediction_domain_infeasible_under_candidate_audit,slope_safe_emergency,False,False,0.0,1.036337621144547,0.0,6.329159418783092e-11,0,0.0,0,0,0,1
lhs_004,original_mpc,233,none,slsqp,True,True,0.0,5.876032105334161e-09,0.0,0.0,0,0.0,0,0,0,0
lhs_004,recovery_mpc,233,prediction_domain_infeasible_under_candidate_audit,slope_safe_emergency,False,False,0.0,1.2045795823683463,0.0,1.1459220187971217,0,0.0,0,0,0,1
lhs_004,original_mpc,238,none,slsqp,True,True,0.0,1.028972462790989e-09,0.0,0.0,0,0.0,0,0,0,0
lhs_004,recovery_mpc,238,hard_safety_slew_conflict,hard_safety_emergency,False,False,0.0,2.0501473948428384,0.0,3.1459220187996406,5,8.0,0,0,0,1
lhs_004,original_mpc,243,none,slsqp,True,True,0.0,1.1964331747549295e-09,0.0,0.0,0,0.0,0,0,0,0
lhs_004,recovery_mpc,243,prediction_domain_infeasible_under_candidate_audit,slope_safe_emergency,False,False,0.0,1.4932838315976795,0.0,7.149836278586008e-14,0,0.0,0,0,0,1
lhs_004,original_mpc,248,none,slsqp,True,True,0.0,1.727286758068658e-09,0.0,0.0,0,0.0,0,0,0,0
lhs_004,recovery_mpc,248,prediction_domain_infeasible_under_candidate_audit,slope_safe_emergency,False,False,0.0,1.1029427370956455,0.0,2.5490720645393594e-12,0,0.0,0,0,0,1
lhs_004,original_mpc,253,none,slsqp,True,True,0.0,9.873275530480896e-10,0.0,0.0,0,0.0,0,0,0,0
lhs_004,recovery_mpc,253,prediction_domain_infeasible_under_candidate_audit,slope_safe_emergency,False,False,0.0,1.0257469364139808,0.0,0.0,0,0.0,0,0,0,1
lhs_004,original_mpc,258,none,slsqp,True,True,0.0,7.577654059787164e-10,0.0,0.0,0,0.0,0,0,0,0
lhs_004,recovery_mpc,258,prediction_domain_infeasible_under_candidate_audit,slope_safe_emergency,False,False,0.0,0.9928208289457316,0.0,3.3439917501709715e-12,0,0.0,0,0,0,1
lhs_004,original_mpc,263,none,slsqp,True,True,0.0,1.296026397312744e-08,0.0,0.0,0,0.0,0,0,0,0
lhs_004,recovery_mpc,263,prediction_domain_infeasible_under_candidate_audit,slope_safe_emergency,False,False,0.0,1.4063223188293108,0.0,0.38592201879712196,0,0.0,0,0,0,1
lhs_004,original_mpc,268,none,slsqp,True,True,0.0,1.4015881788509432e-09,0.0,0.0,0,0.0,0,0,0,0
lhs_004,recovery_mpc,268,hard_safety_slew_conflict,hard_safety_emergency,False,False,0.0,2.2056883745248967,0.0,2.385922018797122,5,7.24,0,0,0,1
lhs_004,original_mpc,273,none,slsqp,True,True,0.0,2.360991402383661e-10,0.0,0.0,0,0.0,0,0,0,0
lhs_004,recovery_mpc,273,hard_safety_slew_conflict,hard_safety_emergency,False,False,0.0,1.6503998015592742,0.0,1.7825740883381513e-12,0,0.0,0,0,0,1
lhs_004,original_mpc,278,none,slsqp,True,True,0.0,1.5091352167928562e-08,0.0,0.0,0,0.0,0,0,0,0
lhs_004,recovery_mpc,278,prediction_domain_infeasible_under_candidate_audit,slope_safe_emergency,False,False,0.0,1.2803966436757435,0.0,0.0,0,0.0,0,0,0,1
lhs_004,original_mpc,283,none,slsqp,True,True,0.0,6.883453806949547e-10,0.0,0.0,0,0.0,0,0,0,0
lhs_004,recovery_mpc,283,prediction_domain_infeasible_under_candidate_audit,slope_safe_emergency,False,False,0.0,0.9548025272738272,0.0,0.0,0,0.0,0,0,0,1
lhs_004,original_mpc,288,none,slsqp,True,True,0.0,9.376037723995978e-10,0.0,0.0,0,0.0,0,0,0,0
lhs_004,recovery_mpc,288,prediction_domain_infeasible_under_candidate_audit,slope_safe_emergency,False,False,0.0,0.771942909099586,0.0,0.0,0,0.0,0,0,0,1
lhs_004,original_mpc,293,none,slsqp,True,True,0.0,2.4780177909633494e-10,0.0,0.0,0,0.0,0,0,0,0
lhs_004,recovery_mpc,293,prediction_domain_infeasible_under_candidate_audit,slope_safe_emergency,False,False,0.0,0.7301011460288365,0.0,3.268496584496461e-13,0,0.0,0,0,0,1
lhs_004,original_mpc,298,none,slsqp,True,True,4.582112467232946e-12,9.551115454087267e-10,0.0,0.0,0,0.0,0,0,0,0
lhs_004,recovery_mpc,298,prediction_domain_infeasible_under_candidate_audit,slope_safe_emergency,False,False,0.01173441360134131,1.2912016375887418,0.0,1.145922018795928,0,0.0,0,0,0,1
lhs_004,original_mpc,303,none,slsqp,True,True,7.981171279425325e-12,1.2952838801538746e-09,0.0,0.0,0,0.0,0,0,0,0
lhs_004,recovery_mpc,303,hard_safety_slew_conflict,hard_safety_emergency,False,False,0.023692821397815145,2.040692774524544,0.0,2.0659220187971217,5,6.92,0,0,0,1
lhs_004,original_mpc,308,none,slsqp,True,True,3.383071600637777e-12,1.7437429278288619e-09,0.0,0.0,0,0.0,0,0,0,0
lhs_004,recovery_mpc,308,hard_safety_slew_conflict,hard_safety_emergency,False,False,0.00974895083334637,1.5053198108872294,0.0,3.5083047578154947e-12,0,0.0,0,0,0,1
lhs_004,original_mpc,313,none,slsqp,False,False,0.000315034343569387,0.009559724727431274,0.0,3.802202996894266e-10,0,0.0,0,0,0,0
lhs_004,recovery_mpc,313,prediction_domain_infeasible_under_candidate_audit,slope_safe_emergency,False,False,0.008436467565390515,1.2212777370731231,0.0,6.52811138479592e-14,0,0.0,0,0,0,1
lhs_004,original_mpc,314,none,slsqp,True,True,5.739408948102209e-12,2.3362645151792094e-10,0.0,0.0,0,0.0,0,0,0,0
lhs_004,recovery_mpc,314,prediction_domain_infeasible_under_candidate_audit,slope_safe_emergency,False,False,0.007967547260353314,1.1338203123413564,0.0,1.2461143228392757e-12,0,0.0,0,0,0,1
lhs_004,original_mpc,315,none,slsqp,True,True,0.0,3.771560841414612e-11,0.0,0.0,0,0.0,0,0,0,0
lhs_004,recovery_mpc,315,prediction_domain_infeasible_under_candidate_audit,slope_safe_emergency,False,False,0.015853135282271502,1.0983581376008829,0.0,3.683275906496419e-12,0,0.0,0,0,0,1
lhs_004,original_mpc,320,none,slsqp,True,True,4.4648729158325295e-11,1.0117240378804127e-08,0.0,0.0,0,0.0,0,0,0,0
lhs_004,recovery_mpc,320,prediction_domain_infeasible_under_candidate_audit,slope_safe_emergency,False,False,0.027356490616756268,1.233881512277982,0.0,1.4157564010019996e-12,0,0.0,0,0,0,1
lhs_004,original_mpc,325,none,slsqp,False,False,0.0007830801400992016,0.06252777526530195,0.0,1.5510259743223287e-11,0,0.0,0,0,0,0
lhs_004,recovery_mpc,325,hard_safety_slew_conflict,hard_safety_emergency,False,False,0.038101820665503716,1.8817486325955954,0.0,1.1459220187973873,4,6.0,0,0,0,1
lhs_004,original_mpc,326,none,slsqp,True,True,0.0,0.0,0.0,0.0,0,0.0,0,0,0,0
lhs_004,recovery_mpc,326,hard_safety_slew_conflict,hard_safety_emergency,False,False,0.024595096744429057,1.655363010899201,0.0,0.0,0,0.0,0,0,0,1
lhs_004,original_mpc,327,none,slsqp,True,True,4.25650625857088e-11,9.354238272862858e-09,0.0,0.0,0,0.0,0,0,0,0
lhs_004,recovery_mpc,327,hard_safety_slew_conflict,hard_safety_emergency,False,False,0.024447275713614047,1.5099983785735986,0.0,1.9455548283531243e-12,0,0.0,0,0,0,1
lhs_004,original_mpc,328,none,slsqp,True,True,2.5271340575727663e-11,2.352066985622514e-09,0.0,0.0,0,0.0,0,0,0,0
lhs_004,recovery_mpc,328,prediction_domain_infeasible_under_candidate_audit,slope_safe_emergency,False,False,0.024399051811379024,1.3135516144621349,0.0,3.361755318564974e-13,0,0.0,0,0,0,1
lhs_004,original_mpc,333,none,slsqp,True,True,1.87960758069039e-10,0.0,0.0,0.0,0,0.0,0,0,0,0
lhs_004,recovery_mpc,333,prediction_domain_infeasible_under_candidate_audit,slope_safe_emergency,False,False,0.026714884018465668,0.9989564801916515,0.0,0.0,0,0.0,0,0,0,1
lhs_004,original_mpc,338,none,slsqp,True,True,2.9807267765136203e-12,0.0,0.0,0.0,0,0.0,0,0,0,0
lhs_004,recovery_mpc,338,prediction_domain_infeasible_under_candidate_audit,slope_safe_emergency,False,False,0.039491953084436204,0.9844814136415465,0.0,0.0,0,0.0,0,0,0,1
lhs_004,original_mpc,343,none,slsqp,True,True,1.1249667863921786e-11,0.0,0.0,0.0,0,0.0,0,0,0,0
lhs_004,recovery_mpc,343,prediction_domain_infeasible_under_candidate_audit,slope_safe_emergency,False,False,0.05213027886633803,1.0367355145846133,0.0,0.0,0,0.0,0,0,0,1
lhs_004,original_mpc,348,none,slsqp,True,True,1.5724310742371017e-11,0.0,0.0,0.0,0,0.0,0,0,0,0
lhs_004,recovery_mpc,348,prediction_domain_infeasible_under_candidate_audit,slope_safe_emergency,False,False,0.06401569703973653,1.4811240803745278,0.0,0.7459220187971214,1,0.0,0,0,0,1
lhs_004,original_mpc,353,none,slsqp,True,True,1.2310152897043736e-12,0.0,0.0,0.0,0,0.0,0,0,0,0
lhs_004,recovery_mpc,353,hard_safety_slew_conflict,hard_safety_emergency,False,False,0.07075404115008244,1.6811879650097907,0.0,1.5720758028692217e-12,4,4.4399999999999995,0,0,0,1
lhs_004,original_mpc,358,none,slsqp,True,True,2.9132252166164108e-12,0.0,0.0,0.0,0,0.0,0,0,0,0
lhs_004,recovery_mpc,358,prediction_domain_infeasible_under_candidate_audit,slope_safe_emergency,False,False,0.054707610223985625,1.2659056187019644,0.0,0.0,0,0.0,0,0,0,1
lhs_004,original_mpc,363,none,slsqp,True,True,4.282796339794004e-12,0.0,0.0,0.0,0,0.0,0,0,0,0
lhs_004,recovery_mpc,363,prediction_domain_infeasible_under_candidate_audit,slope_safe_emergency,False,False,0.05730482918499291,1.0361668392765466,0.0,0.0,0,0.0,0,0,0,1
lhs_004,original_mpc,368,none,slsqp,True,True,9.894307595459395e-12,0.0,0.0,0.0,0,0.0,0,0,0,0
lhs_004,recovery_mpc,368,prediction_domain_infeasible_under_candidate_audit,slope_safe_emergency,False,False,0.06997006639959036,0.8489963408310786,0.0,3.959499395023158e-12,0,0.0,0,0,0,1
lhs_004,original_mpc,373,none,slsqp,True,True,1.461764043142466e-11,0.0,0.0,0.0,0,0.0,0,0,0,0
lhs_004,recovery_mpc,373,prediction_domain_infeasible_under_candidate_audit,slope_safe_emergency,False,False,0.08374827803882212,1.0561865365556429,0.0,0.0,0,0.0,0,0,0,1
lhs_004,original_mpc,378,none,slsqp,True,True,1.1385559162135905e-11,0.0,0.0,0.0,0,0.0,0,0,0,0
lhs_004,recovery_mpc,378,prediction_domain_infeasible_under_candidate_audit,slope_safe_emergency,False,False,0.09146363347742348,1.4682892244722865,0.001184780309422151,0.0,1,0.0,0,0,0,1
lhs_004,original_mpc,383,none,slsqp,True,True,1.3510081942058605e-11,0.0,0.0,0.0,0,0.0,0,0,0,0
lhs_004,recovery_mpc,383,hard_safety_slew_conflict,hard_safety_emergency,False,False,0.08824386002406914,1.614219686149191,0.007219274507019202,4.261924146931051e-12,3,3.5600000000000005,0,0,0,1
lhs_004,original_mpc,388,none,slsqp,True,True,6.501466032204917e-13,0.0,0.0,0.0,0,0.0,0,0,0,0
lhs_004,recovery_mpc,388,prediction_domain_infeasible_under_candidate_audit,slope_safe_emergency,False,False,0.08340817843146642,0.9619145861337159,0.0,9.769962616701378e-15,0,0.0,0,0,0,1
lhs_004,original_mpc,393,none,slsqp,True,True,1.0042633391549316e-11,0.0,0.0,0.0,0,0.0,0,0,0,0
lhs_004,recovery_mpc,393,prediction_domain_infeasible_under_candidate_audit,slope_safe_emergency,False,False,0.07987667005959231,0.47233491009446027,0.000348804742120401,0.0,0,0.0,0,0,0,1
lhs_004,original_mpc,398,none,slsqp,True,True,2.0179413695586845e-12,0.0,0.0,0.0,0,0.0,0,0,0,0
lhs_004,recovery_mpc,398,prediction_domain_infeasible_under_candidate_audit,slope_safe_emergency,False,False,0.07389754662540415,0.3962617484058768,0.005910565237668641,8.617551117140465e-12,0,0.0,0,0,0,1
lhs_004,original_mpc,403,none,slsqp,True,True,1.0765610625185218e-11,0.0,0.0,0.0,0,0.0,0,0,0,0
lhs_004,recovery_mpc,403,prediction_domain_infeasible_under_candidate_audit,slope_safe_emergency,False,False,0.09760189931166519,0.4257491874971251,0.0221332110635597,1.3805845355818747e-11,1,0.0,0,0,0,1
lhs_004,original_mpc,408,none,slsqp,True,True,4.995115432393504e-12,0.0,0.0,0.0,0,0.0,0,0,0,0
lhs_004,recovery_mpc,408,prediction_domain_infeasible_under_candidate_audit,slope_safe_emergency,False,False,0.07273022385396821,0.17401077214805838,0.016735034940313365,1.9120260930094446e-11,1,0.0,0,0,0,1
lhs_004,original_mpc,413,none,slsqp,True,True,0.0,0.0,5.551115123125783e-16,0.0,0,0.0,0,0,0,0
lhs_004,recovery_mpc,413,prediction_domain_infeasible_under_candidate_audit,slope_safe_emergency,False,False,0.07044788714053851,0.20092595566225668,0.02036656712334539,7.635225784952127e-12,1,0.0,0,0,0,1
lhs_004,original_mpc,418,none,slsqp,True,True,8.881784197001252e-16,0.0,0.0,0.0,0,0.0,0,0,0,0
lhs_004,recovery_mpc,418,prediction_domain_infeasible_under_candidate_audit,slope_safe_emergency,False,False,0.07900617167817447,0.37927865861138343,0.028940243754331463,9.258371846954105e-12,1,0.0,0,0,0,1
lhs_004,original_mpc,423,none,slsqp,True,True,2.8262814311119655e-10,0.0,1.049123565799448e-09,0.0,0,0.0,0,0,0,0
lhs_004,recovery_mpc,423,prediction_domain_infeasible_under_candidate_audit,slope_safe_emergency,False,False,0.1027173272188735,0.43134362243824853,0.041332460851003394,2.390088127413037e-12,1,0.0,0,0,0,1
lhs_004,original_mpc,428,none,slsqp,True,True,8.881784197001252e-16,0.0,1.6521546353231997e-09,0.0,0,0.0,0,0,0,0
lhs_004,recovery_mpc,428,prediction_domain_infeasible_under_candidate_audit,slope_safe_emergency,False,False,0.08001232842027672,0.387800234468898,0.03779678484835014,1.255884285455977e-12,1,0.0,0,0,0,1
lhs_004,original_mpc,433,none,slsqp,True,True,2.4324080527549086e-09,0.0,6.027346399761768e-10,0.0,0,0.0,0,0,0,0
lhs_004,recovery_mpc,433,prediction_domain_infeasible_under_candidate_audit,slope_safe_emergency,False,False,0.08710484225002357,0.2054242069282779,0.045531196356868864,5.121733703816744e-09,1,0.0,0,0,0,1
lhs_004,original_mpc,438,none,slsqp,True,True,0.0,0.0,0.0,0.0,0,0.0,0,0,0,0
lhs_004,recovery_mpc,438,prediction_domain_infeasible_under_candidate_audit,slope_safe_emergency,False,False,0.04347473469539409,0.1092937694959204,0.03450334178860193,1.1364944541014665e-09,1,0.0,0,0,0,1
lhs_004,original_mpc,443,none,slsqp,True,True,8.881784197001252e-16,0.0,3.5571545708990016e-13,0.0,0,0.0,0,0,0,0
lhs_004,recovery_mpc,443,prediction_domain_infeasible_under_candidate_audit,slope_safe_emergency,False,False,0.01643767444250077,0.0,0.017745364377267703,1.0680345496894006e-12,1,0.0,0,0,0,1
lhs_004,original_mpc,448,none,slsqp,True,True,0.0,0.0,0.0,0.0,0,0.0,0,0,0,0
lhs_004,recovery_mpc,448,none,slsqp,True,True,0.0,0.0,9.378053889008697e-12,0.0,0,0.0,0,0,0,0
lhs_004,original_mpc,453,none,slsqp,True,True,0.0,0.0,0.0,0.0,0,0.0,0,0,0,0
lhs_004,recovery_mpc,453,none,slsqp,True,True,0.0,0.0,3.812682392023703e-10,0.0,0,0.0,0,0,0,0
lhs_004,original_mpc,458,none,slsqp,True,True,0.0,0.0,0.0,0.0,0,0.0,0,0,0,0
lhs_004,recovery_mpc,458,none,slsqp,True,True,0.0,0.0,8.30002733209767e-13,0.0,0,0.0,0,0,0,0
lhs_004,original_mpc,463,none,slsqp,True,True,0.0,0.0,0.0,0.0,0,0.0,0,0,0,0
lhs_004,recovery_mpc,463,none,slsqp,True,True,0.0,0.0,0.0,0.0,0,0.0,0,0,0,0
lhs_004,original_mpc,468,none,slsqp,True,True,0.0,0.0,0.0,0.0,0,0.0,0,0,0,0
lhs_004,recovery_mpc,468,none,slsqp,True,True,0.0,0.0,0.0,0.0,0,0.0,0,0,0,0
corner_hot_resistive_optimistic,original_mpc,1,none,slsqp,True,True,0.0,1.311661890213145e-11,0.0,2.220446049250313e-15,0,0.0,0,0,0,0
corner_hot_resistive_optimistic,recovery_mpc,1,none,slsqp,True,True,0.0,1.311661890213145e-11,0.0,2.220446049250313e-15,0,0.0,0,0,0,0
corner_hot_resistive_optimistic,original_mpc,2,none,slsqp,True,True,0.0,5.097469113479747e-09,0.0,4.440892098500626e-15,0,0.0,0,0,0,0
corner_hot_resistive_optimistic,recovery_mpc,2,none,slsqp,True,True,0.0,5.097469113479747e-09,0.0,4.440892098500626e-15,0,0.0,0,0,0,0
corner_hot_resistive_optimistic,original_mpc,3,none,slsqp,True,True,0.0,5.176090667191602e-10,0.0,0.0,0,0.0,0,0,0,0
corner_hot_resistive_optimistic,recovery_mpc,3,none,slsqp,True,True,0.0,5.176090667191602e-10,0.0,0.0,0,0.0,0,0,0,0
corner_hot_resistive_optimistic,original_mpc,4,none,slsqp,True,True,0.0,1.353313905383402e-08,0.0,0.0,0,0.0,0,0,0,0
corner_hot_resistive_optimistic,recovery_mpc,4,none,slsqp,True,True,0.0,1.353313905383402e-08,0.0,0.0,0,0.0,0,0,0,0
corner_hot_resistive_optimistic,original_mpc,9,none,slsqp,True,True,0.0,1.2469314469853998e-10,0.0,0.0,0,0.0,0,0,0,0
corner_hot_resistive_optimistic,recovery_mpc,9,none,slsqp,True,True,0.0,1.2469314469853998e-10,0.0,0.0,0,0.0,0,0,0,0
corner_hot_resistive_optimistic,original_mpc,14,none,slsqp,True,True,0.0,9.394796052220045e-11,0.0,0.0,0,0.0,0,0,0,0
corner_hot_resistive_optimistic,recovery_mpc,14,none,slsqp,True,True,0.0,9.394796052220045e-11,0.0,0.0,0,0.0,0,0,0,0
corner_hot_resistive_optimistic,original_mpc,19,none,slsqp,True,True,0.0,0.0,0.0,0.0,0,0.0,0,0,0,0
corner_hot_resistive_optimistic,recovery_mpc,19,none,slsqp,True,True,0.0,0.0,0.0,0.0,0,0.0,0,0,0,0
corner_hot_resistive_optimistic,original_mpc,24,none,slsqp,True,True,0.0,6.977567323929179e-08,0.0,0.0,0,0.0,0,0,0,0
corner_hot_resistive_optimistic,recovery_mpc,24,none,slsqp,True,True,0.0,6.977567323929179e-08,0.0,0.0,0,0.0,0,0,0,0
corner_hot_resistive_optimistic,original_mpc,29,none,slsqp,True,True,0.0,6.399469043572026e-08,0.0,0.0,0,0.0,0,0,0,0
corner_hot_resistive_optimistic,recovery_mpc,29,none,slsqp,True,True,0.0,6.399469043572026e-08,0.0,0.0,0,0.0,0,0,0,0
corner_hot_resistive_optimistic,original_mpc,34,none,slsqp,True,True,0.0,4.064801828462805e-09,0.0,0.0,0,0.0,0,0,0,0
corner_hot_resistive_optimistic,recovery_mpc,34,none,slsqp,True,True,0.0,4.064801828462805e-09,0.0,0.0,0,0.0,0,0,0,0
corner_hot_resistive_optimistic,original_mpc,39,none,slsqp,True,True,0.0,2.11365147606557e-09,0.0,0.0,0,0.0,0,0,0,0
corner_hot_resistive_optimistic,recovery_mpc,39,none,slsqp,True,True,0.0,2.11365147606557e-09,0.0,0.0,0,0.0,0,0,0,0
corner_hot_resistive_optimistic,original_mpc,44,none,slsqp,True,True,0.0,1.7935946061697905e-09,0.0,0.0,0,0.0,0,0,0,0
corner_hot_resistive_optimistic,recovery_mpc,44,none,slsqp,True,True,0.0,1.7935946061697905e-09,0.0,0.0,0,0.0,0,0,0,0
corner_hot_resistive_optimistic,original_mpc,49,none,slsqp,True,True,0.0,6.759229620456608e-09,0.0,0.0,0,0.0,0,0,0,0
corner_hot_resistive_optimistic,recovery_mpc,49,none,slsqp,True,True,0.0,6.759229620456608e-09,0.0,0.0,0,0.0,0,0,0,0
corner_hot_resistive_optimistic,original_mpc,54,none,slsqp,True,True,0.0,1.518770886832499e-09,0.0,0.0,0,0.0,0,0,0,0
corner_hot_resistive_optimistic,recovery_mpc,54,none,slsqp,True,True,0.0,1.518770886832499e-09,0.0,0.0,0,0.0,0,0,0,0
corner_hot_resistive_optimistic,original_mpc,59,none,slsqp,True,True,0.0,1.4554046856574132e-10,0.0,0.0,0,0.0,0,0,0,0
corner_hot_resistive_optimistic,recovery_mpc,59,none,slsqp,True,True,0.0,1.4554046856574132e-10,0.0,0.0,0,0.0,0,0,0,0
corner_hot_resistive_optimistic,original_mpc,64,none,slsqp,False,False,0.0,0.16161342583522043,0.0,4.988010005035903e-12,0,0.0,0,0,0,0
corner_hot_resistive_optimistic,recovery_mpc,64,prediction_domain_infeasible_under_candidate_audit,slope_safe_emergency,False,False,0.0,0.16161342583522043,0.0,4.988010005035903e-12,0,0.0,0,0,0,1
corner_hot_resistive_optimistic,original_mpc,65,none,slsqp,False,False,0.0,0.07383124170243605,0.0,2.5730528818712628e-11,0,0.0,0,0,0,0
corner_hot_resistive_optimistic,recovery_mpc,65,prediction_domain_infeasible_under_candidate_audit,slope_safe_emergency,False,False,0.0,0.21677389960686355,0.0,1.3322676295501878e-13,0,0.0,0,0,0,1
corner_hot_resistive_optimistic,original_mpc,70,none,slsqp,True,True,0.0,1.1044676284654997e-09,0.0,0.0,0,0.0,0,0,0,0
corner_hot_resistive_optimistic,recovery_mpc,70,prediction_domain_infeasible_under_candidate_audit,slope_safe_emergency,False,False,0.0,0.8469497833361785,0.0,1.9999999999923035,0,0.0,0,0,0,1
corner_hot_resistive_optimistic,original_mpc,71,none,slsqp,True,True,0.0,1.7594658174857614e-08,0.0,0.0,0,0.0,0,0,0,0
corner_hot_resistive_optimistic,recovery_mpc,71,prediction_domain_infeasible_under_candidate_audit,slope_safe_emergency,False,False,0.0,1.1850483877239526,0.0,4.000000000005377,0,0.0,0,0,0,1
corner_hot_resistive_optimistic,original_mpc,76,none,slsqp,True,True,0.0,9.321610150436754e-11,0.0,0.0,0,0.0,0,0,0,0
corner_hot_resistive_optimistic,recovery_mpc,76,hard_safety_slew_conflict,hard_safety_emergency,False,False,0.0,3.0742999989338102,0.0,5.413476729333773,5,8.0,0,0,0,1
corner_hot_resistive_optimistic,original_mpc,81,none,slsqp,False,False,0.0,0.20721347607989316,0.0,2.1653789872289053e-12,0,0.0,0,0,0,0
corner_hot_resistive_optimistic,recovery_mpc,81,hard_safety_slew_conflict,hard_safety_emergency,False,False,0.0,3.0052481171031573,0.0,0.0,0,0.0,0,0,0,1
corner_hot_resistive_optimistic,original_mpc,82,none,slsqp,False,False,0.0,0.215360013888116,0.0,6.3722360721385485e-12,0,0.0,0,0,0,0
corner_hot_resistive_optimistic,recovery_mpc,82,hard_safety_slew_conflict,hard_safety_emergency,False,False,0.0,3.0004917236228223,0.0,7.061018436615996e-14,0,0.0,0,0,0,1
corner_hot_resistive_optimistic,original_mpc,87,none,slsqp,False,False,0.0,0.14738178291101178,0.0,4.362732397567015e-11,0,0.0,0,0,0,0
corner_hot_resistive_optimistic,recovery_mpc,87,hard_safety_slew_conflict,hard_safety_emergency,False,False,0.0,2.8461505672701435,0.0,5.17808018685173e-13,0,0.0,0,0,0,1
corner_hot_resistive_optimistic,original_mpc,92,none,slsqp,True,True,0.0,1.9235102399761672e-10,0.0,1.7763568394002505e-15,0,0.0,0,0,0,0
corner_hot_resistive_optimistic,recovery_mpc,92,hard_safety_slew_conflict,hard_safety_emergency,False,False,0.0,2.458163520672443,0.0,0.0,0,0.0,0,0,0,1
corner_hot_resistive_optimistic,original_mpc,93,none,slsqp,True,True,0.0,2.2527856913256983e-08,0.0,0.0,0,0.0,0,0,0,0
corner_hot_resistive_optimistic,recovery_mpc,93,hard_safety_slew_conflict,hard_safety_emergency,False,False,0.0,2.360695751986185,0.0,0.0,0,0.0,0,0,0,1
corner_hot_resistive_optimistic,original_mpc,98,none,slsqp,True,True,0.0,2.8052227207808755e-11,0.0,0.0,0,0.0,0,0,0,0
corner_hot_resistive_optimistic,recovery_mpc,98,hard_safety_slew_conflict,hard_safety_emergency,False,False,0.0,2.2157437924030674,0.0,3.1645797093915462e-12,0,0.0,0,0,0,1
corner_hot_resistive_optimistic,original_mpc,103,none,slsqp,True,True,0.0,1.9106494164589094e-10,0.0,0.0,0,0.0,0,0,0,0
corner_hot_resistive_optimistic,recovery_mpc,103,hard_safety_slew_conflict,hard_safety_emergency,False,False,0.0,1.8517900083324221,0.0,0.0,0,0.0,0,0,0,1
corner_hot_resistive_optimistic,original_mpc,108,none,slsqp,True,True,0.0,6.152589548946708e-11,0.0,0.0,0,0.0,0,0,0,0
corner_hot_resistive_optimistic,recovery_mpc,108,prediction_domain_infeasible_under_candidate_audit,slope_safe_emergency,False,False,0.0,1.4629248442771114,0.0,0.0,0,0.0,0,0,0,1
corner_hot_resistive_optimistic,original_mpc,113,none,slsqp,True,True,0.0,6.367073979163251e-09,0.0,0.0,0,0.0,0,0,0,0
corner_hot_resistive_optimistic,recovery_mpc,113,prediction_domain_infeasible_under_candidate_audit,slope_safe_emergency,False,False,0.0,1.2757592700097717,0.0,0.0,0,0.0,0,0,0,1
corner_hot_resistive_optimistic,original_mpc,118,none,slsqp,True,True,0.0,3.955001659505797e-09,0.0,0.0,0,0.0,0,0,0,0
corner_hot_resistive_optimistic,recovery_mpc,118,prediction_domain_infeasible_under_candidate_audit,slope_safe_emergency,False,False,0.0,1.4989232819046237,0.0,0.0,1,0.0,0,0,0,1
corner_hot_resistive_optimistic,original_mpc,123,none,slsqp,False,False,0.0,0.044403074059012226,0.0,0.0,0,0.0,0,0,0,0
corner_hot_resistive_optimistic,recovery_mpc,123,prediction_domain_infeasible_under_candidate_audit,slope_safe_emergency,False,False,0.0,1.4680963843461257,0.0,0.0,0,0.0,0,0,0,1
corner_hot_resistive_optimistic,original_mpc,124,none,slsqp,False,False,0.0,0.04576660866086968,0.0,0.0,0,0.0,0,0,0,0
corner_hot_resistive_optimistic,recovery_mpc,124,hard_safety_slew_conflict,hard_safety_emergency,False,False,0.0,1.5251135958928472,0.0,8.030021092508832e-12,2,1.4000000000000004,0,0,0,1
corner_hot_resistive_optimistic,original_mpc,129,none,slsqp,True,True,0.0,2.216696515233707e-08,0.0,0.0,0,0.0,0,0,0,0
corner_hot_resistive_optimistic,recovery_mpc,129,prediction_domain_infeasible_under_candidate_audit,slope_safe_emergency,False,False,0.0,1.3910774564752018,0.0,0.0,0,0.0,0,0,0,1
corner_hot_resistive_optimistic,original_mpc,130,none,slsqp,False,False,0.0,0.09156285388093721,0.0,0.0,0,0.0,0,0,0,0
corner_hot_resistive_optimistic,recovery_mpc,130,hard_safety_slew_conflict,hard_safety_emergency,False,False,0.0,1.5062402710019498,0.0,0.0,1,0.0,0,0,0,1
corner_hot_resistive_optimistic,original_mpc,131,none,slsqp,False,False,0.0,0.09451728687834304,0.0,2.652456032592454e-11,0,0.0,0,0,0,0
corner_hot_resistive_optimistic,recovery_mpc,131,prediction_domain_infeasible_under_candidate_audit,slope_safe_emergency,False,False,0.0,1.500310391813933,0.0,0.0,0,0.0,0,0,0,1
corner_hot_resistive_optimistic,original_mpc,136,none,slsqp,False,False,0.0,0.042850171467065934,0.0,1.028332974328805e-11,0,0.0,0,0,0,0
corner_hot_resistive_optimistic,recovery_mpc,136,prediction_domain_infeasible_under_candidate_audit,slope_safe_emergency,False,False,0.0,1.3933242577966567,0.0,0.0,0,0.0,0,0,0,1
corner_hot_resistive_optimistic,original_mpc,141,none,slsqp,False,False,0.0,0.12516555250008565,0.0,0.0,0,0.0,0,0,0,0
corner_hot_resistive_optimistic,recovery_mpc,141,hard_safety_slew_conflict,hard_safety_emergency,False,False,0.0,1.5604241449650615,0.0,0.0,2,0.2400000000000002,0,0,0,1
corner_hot_resistive_optimistic,original_mpc,146,none,slsqp,False,False,0.0,0.02841303974520315,0.0,1.6678596281849423e-09,0,0.0,0,0,0,0
corner_hot_resistive_optimistic,recovery_mpc,146,prediction_domain_infeasible_under_candidate_audit,slope_safe_emergency,False,False,0.0,1.3935118331288692,0.0,0.0,0,0.0,0,0,0,1
corner_hot_resistive_optimistic,original_mpc,151,none,slsqp,True,True,0.0,4.332909497861692e-08,0.0,1.3322676295501878e-15,0,0.0,0,0,0,0
corner_hot_resistive_optimistic,recovery_mpc,151,prediction_domain_infeasible_under_candidate_audit,slope_safe_emergency,False,False,0.0,1.2539064914756608,0.0,0.0,0,0.0,0,0,0,1
corner_hot_resistive_optimistic,original_mpc,152,none,slsqp,True,True,0.0,1.0840771835773921e-08,0.0,0.0,0,0.0,0,0,0,0
corner_hot_resistive_optimistic,recovery_mpc,152,prediction_domain_infeasible_under_candidate_audit,slope_safe_emergency,False,False,0.0,1.412224730204315,0.0,0.0,0,0.0,0,0,0,1
corner_hot_resistive_optimistic,original_mpc,157,none,slsqp,True,True,0.0,2.510205376893282e-10,0.0,0.0,0,0.0,0,0,0,0
corner_hot_resistive_optimistic,recovery_mpc,157,hard_safety_slew_conflict,hard_safety_emergency,False,False,0.0,1.872941961841235,0.0,1.4134767293325141,3,4.0,0,0,0,1
corner_hot_resistive_optimistic,original_mpc,162,none,slsqp,True,True,0.0,7.81197684318613e-09,0.0,0.0,0,0.0,0,0,0,0
corner_hot_resistive_optimistic,recovery_mpc,162,hard_safety_slew_conflict,hard_safety_emergency,False,False,0.0,1.5763063197657132,0.0,0.0,0,0.0,0,0,0,1
corner_hot_resistive_optimistic,original_mpc,167,none,slsqp,False,False,0.0,0.025595899648976683,0.0,1.2604139953964477e-11,0,0.0,0,0,0,0
corner_hot_resistive_optimistic,recovery_mpc,167,prediction_domain_infeasible_under_candidate_audit,slope_safe_emergency,False,False,0.0,1.401590018484903,0.0,0.0,0,0.0,0,0,0,1
corner_hot_resistive_optimistic,original_mpc,168,none,slsqp,True,True,0.0,1.2468930776776688e-08,0.0,0.0,0,0.0,0,0,0,0
corner_hot_resistive_optimistic,recovery_mpc,168,prediction_domain_infeasible_under_candidate_audit,slope_safe_emergency,False,False,0.0,1.293150867842165,0.0,0.0,0,0.0,0,0,0,1
corner_hot_resistive_optimistic,original_mpc,169,none,slsqp,True,True,0.0,1.0221228308182617e-08,0.0,0.0,0,0.0,0,0,0,0
corner_hot_resistive_optimistic,recovery_mpc,169,prediction_domain_infeasible_under_candidate_audit,slope_safe_emergency,False,False,0.0,1.3035417400193197,0.0,0.0,0,0.0,0,0,0,1
corner_hot_resistive_optimistic,original_mpc,174,none,slsqp,True,True,0.0,9.618617013984476e-11,0.0,0.0,0,0.0,0,0,0,0
corner_hot_resistive_optimistic,recovery_mpc,174,hard_safety_slew_conflict,hard_safety_emergency,False,False,0.0,1.6650028769062146,0.0,1.4134767293343407,3,4.0,0,0,0,1
corner_hot_resistive_optimistic,original_mpc,179,none,slsqp,False,False,0.0,0.030208998413471022,0.0,0.0,0,0.0,0,0,0,0
corner_hot_resistive_optimistic,recovery_mpc,179,hard_safety_slew_conflict,hard_safety_emergency,False,False,0.0,1.515064705900997,0.0,0.0,0,0.0,0,0,0,1
corner_hot_resistive_optimistic,original_mpc,180,none,slsqp,True,True,0.0,1.312372432948905e-10,0.0,0.0,0,0.0,0,0,0,0
corner_hot_resistive_optimistic,recovery_mpc,180,prediction_domain_infeasible_under_candidate_audit,slope_safe_emergency,False,False,0.0,1.4932377836665083,0.0,0.0,0,0.0,0,0,0,1
corner_hot_resistive_optimistic,original_mpc,185,none,slsqp,False,False,0.0,0.12169565169944718,0.0,3.411493310068181e-12,0,0.0,0,0,0,0
corner_hot_resistive_optimistic,recovery_mpc,185,hard_safety_slew_conflict,hard_safety_emergency,False,False,0.0,1.5578906731607347,0.0,0.0,1,0.0,0,0,0,1
corner_hot_resistive_optimistic,original_mpc,190,none,slsqp,False,False,0.0,0.019824873325696046,0.0,6.936096141885173e-11,0,0.0,0,0,0,0
corner_hot_resistive_optimistic,recovery_mpc,190,prediction_domain_infeasible_under_candidate_audit,slope_safe_emergency,False,False,0.0,1.411485554443317,0.0,0.0,0,0.0,0,0,0,1
corner_hot_resistive_optimistic,original_mpc,195,none,slsqp,True,True,0.0,2.4113404606396216e-09,0.0,1.7763568394002505e-15,0,0.0,0,0,0,0
corner_hot_resistive_optimistic,recovery_mpc,195,prediction_domain_infeasible_under_candidate_audit,slope_safe_emergency,False,False,0.0,1.4365311409587278,0.0,0.0,0,0.0,0,0,0,1
corner_hot_resistive_optimistic,original_mpc,200,none,slsqp,True,True,0.0,4.4321240011413465e-09,0.0,0.0,0,0.0,0,0,0,0
corner_hot_resistive_optimistic,recovery_mpc,200,prediction_domain_infeasible_under_candidate_audit,slope_safe_emergency,False,False,0.0,1.4009109445578858,0.0,2.4371615836571436e-12,0,0.0,0,0,0,1
corner_hot_resistive_optimistic,original_mpc,201,none,slsqp,True,True,0.0,7.178930871987177e-08,0.0,0.0,0,0.0,0,0,0,0
corner_hot_resistive_optimistic,recovery_mpc,201,hard_safety_slew_conflict,hard_safety_emergency,False,False,0.0,1.480640608847608,0.0,1.4134767293339898,2,0.19999999999999973,0,0,0,1
corner_hot_resistive_optimistic,original_mpc,206,none,slsqp,False,False,0.0,0.11031684210989567,0.0,1.437305385820764e-09,0,0.0,0,0,0,0
corner_hot_resistive_optimistic,recovery_mpc,206,hard_safety_slew_conflict,hard_safety_emergency,False,False,0.0,1.8054783626349717,0.0,0.0,2,1.7999999999999998,0,0,0,1
corner_hot_resistive_optimistic,original_mpc,207,none,slsqp,True,True,0.0,4.442981094143761e-09,0.0,8.881784197001252e-16,0,0.0,0,0,0,0
corner_hot_resistive_optimistic,recovery_mpc,207,hard_safety_slew_conflict,hard_safety_emergency,False,False,0.0,1.5813801396955753,0.0,0.0,0,0.0,0,0,0,1
corner_hot_resistive_optimistic,original_mpc,208,none,slsqp,True,True,0.0,8.286392016998434e-09,0.0,0.0,0,0.0,0,0,0,0
corner_hot_resistive_optimistic,recovery_mpc,208,hard_safety_slew_conflict,hard_safety_emergency,False,False,0.0,1.6142216344929352,0.0,0.0,0,0.0,0,0,0,1
corner_hot_resistive_optimistic,original_mpc,213,none,slsqp,False,False,0.0,0.06745626657050963,0.0,1.6617818232589343e-12,0,0.0,0,0,0,0
corner_hot_resistive_optimistic,recovery_mpc,213,hard_safety_slew_conflict,hard_safety_emergency,False,False,0.0,1.5156008541039725,0.0,0.0,0,0.0,0,0,0,1
corner_hot_resistive_optimistic,original_mpc,214,none,slsqp,False,False,0.0,0.11565911367630122,0.0,3.552713678800501e-14,0,0.0,0,0,0,0
corner_hot_resistive_optimistic,recovery_mpc,214,hard_safety_slew_conflict,hard_safety_emergency,False,False,0.0,1.5623015831271871,0.0,0.0,0,0.0,0,0,0,1
corner_hot_resistive_optimistic,original_mpc,219,none,slsqp,True,True,0.0,2.6641515660230652e-09,0.0,8.881784197001252e-16,0,0.0,0,0,0,0
corner_hot_resistive_optimistic,recovery_mpc,219,prediction_domain_infeasible_under_candidate_audit,slope_safe_emergency,False,False,0.0,1.3780028192408125,0.0,0.0,0,0.0,0,0,0,1
corner_hot_resistive_optimistic,original_mpc,220,none,slsqp,False,False,0.0,0.012397753927203325,0.0,1.2882583888540466e-11,0,0.0,0,0,0,0
corner_hot_resistive_optimistic,recovery_mpc,220,prediction_domain_infeasible_under_candidate_audit,slope_safe_emergency,False,False,0.0,1.4042610168369904,0.0,0.0,0,0.0,0,0,0,1
corner_hot_resistive_optimistic,original_mpc,221,none,slsqp,False,False,0.0,0.09815420542324205,0.0,3.1801228317362984e-12,0,0.0,0,0,0,0
corner_hot_resistive_optimistic,recovery_mpc,221,hard_safety_slew_conflict,hard_safety_emergency,False,False,0.0,1.5499631964069422,0.0,2.319033853837027e-12,2,2.0,0,0,0,1
corner_hot_resistive_optimistic,original_mpc,226,none,slsqp,True,True,0.0,1.9131363160340698e-10,0.0,0.0,0,0.0,0,0,0,0
corner_hot_resistive_optimistic,recovery_mpc,226,prediction_domain_infeasible_under_candidate_audit,slope_safe_emergency,False,False,0.0,1.0984525506785445,0.0,0.0,0,0.0,0,0,0,1
corner_hot_resistive_optimistic,original_mpc,227,none,slsqp,True,True,0.0,3.023957617642736e-08,0.0,0.0,0,0.0,0,0,0,0
corner_hot_resistive_optimistic,recovery_mpc,227,prediction_domain_infeasible_under_candidate_audit,slope_safe_emergency,False,False,0.0,1.1195288396499308,0.0,0.0,0,0.0,0,0,0,1
corner_hot_resistive_optimistic,original_mpc,232,none,slsqp,True,True,0.0,1.2730794196613715e-09,0.0,0.0,0,0.0,0,0,0,0
corner_hot_resistive_optimistic,recovery_mpc,232,prediction_domain_infeasible_under_candidate_audit,slope_safe_emergency,False,False,0.0,1.284244356025681,0.0,1.0803802297232323e-11,0,0.0,0,0,0,1
corner_hot_resistive_optimistic,original_mpc,237,none,slsqp,False,False,0.0,0.22341819075057145,0.0,0.0,0,0.0,0,0,0,0
corner_hot_resistive_optimistic,recovery_mpc,237,hard_safety_slew_conflict,hard_safety_emergency,False,False,0.0,2.059398196449422,0.0,1.413476729333445,3,4.0,0,0,0,1
corner_hot_resistive_optimistic,original_mpc,238,none,slsqp,False,False,0.0,0.2683609299737526,0.0,9.193534822315996e-12,0,0.0,0,0,0,0
corner_hot_resistive_optimistic,recovery_mpc,238,hard_safety_slew_conflict,hard_safety_emergency,False,False,0.0,2.07117784719253,0.0,0.0,0,0.0,0,0,0,1
corner_hot_resistive_optimistic,original_mpc,243,none,slsqp,True,True,0.0,1.187252962608909e-09,0.0,0.0,0,0.0,0,0,0,0
corner_hot_resistive_optimistic,recovery_mpc,243,hard_safety_slew_conflict,hard_safety_emergency,False,False,0.0,1.745678673168129,0.0,0.0,0,0.0,0,0,0,1
corner_hot_resistive_optimistic,original_mpc,248,none,slsqp,True,True,0.0,7.774758614687016e-11,0.0,0.0,0,0.0,0,0,0,0
corner_hot_resistive_optimistic,recovery_mpc,248,hard_safety_slew_conflict,hard_safety_emergency,False,False,0.0,1.6201478632537984,0.0,0.0,0,0.0,0,0,0,1
corner_hot_resistive_optimistic,original_mpc,249,none,slsqp,True,True,0.0,3.446288587838353e-09,0.0,0.0,0,0.0,0,0,0,0
corner_hot_resistive_optimistic,recovery_mpc,249,hard_safety_slew_conflict,hard_safety_emergency,False,False,0.0,1.5486805801389991,0.0,0.0,0,0.0,0,0,0,1
corner_hot_resistive_optimistic,original_mpc,254,none,slsqp,True,True,0.0,2.4726176661715726e-10,0.0,0.0,0,0.0,0,0,0,0
corner_hot_resistive_optimistic,recovery_mpc,254,prediction_domain_infeasible_under_candidate_audit,slope_safe_emergency,False,False,0.0,1.2917560645337787,0.0,0.0,0,0.0,0,0,0,1
corner_hot_resistive_optimistic,original_mpc,259,none,slsqp,False,False,0.0,0.18561827028722178,0.0,3.7125857943465235e-12,0,0.0,0,0,0,0
corner_hot_resistive_optimistic,recovery_mpc,259,prediction_domain_infeasible_under_candidate_audit,slope_safe_emergency,False,False,0.0,1.378284767447255,0.0,0.0,0,0.0,0,0,0,1
corner_hot_resistive_optimistic,original_mpc,260,none,slsqp,False,False,0.0,0.058056143349212164,0.0,9.345413332084718e-12,0,0.0,0,0,0,0
corner_hot_resistive_optimistic,recovery_mpc,260,prediction_domain_infeasible_under_candidate_audit,slope_safe_emergency,False,False,0.0,1.321820552191383,0.0,3.114841717888339e-12,0,0.0,0,0,0,1
corner_hot_resistive_optimistic,original_mpc,265,none,slsqp,True,True,0.0,4.6059511760176974e-09,0.0,0.0,0,0.0,0,0,0,0
corner_hot_resistive_optimistic,recovery_mpc,265,hard_safety_slew_conflict,hard_safety_emergency,False,False,0.0,1.8450264564277887,0.0,1.4134767293301316,3,4.0,0,0,0,1
corner_hot_resistive_optimistic,original_mpc,266,none,slsqp,True,True,0.0,1.121058801345498e-09,0.0,0.0,0,0.0,0,0,0,0
corner_hot_resistive_optimistic,recovery_mpc,266,hard_safety_slew_conflict,hard_safety_emergency,False,False,0.0,1.8209996237886727,0.0,0.0,0,0.0,0,0,0,1
corner_hot_resistive_optimistic,original_mpc,271,none,slsqp,False,False,0.0,0.07859804266453807,0.0,2.544631172440859e-13,0,0.0,0,0,0,0
corner_hot_resistive_optimistic,recovery_mpc,271,hard_safety_slew_conflict,hard_safety_emergency,False,False,0.0,1.6780963862927294,0.0,0.0,0,0.0,0,0,0,1
corner_hot_resistive_optimistic,original_mpc,272,none,slsqp,False,False,0.0,0.006758591225064947,0.0,1.7247581141077717e-09,0,0.0,0,0,0,0
corner_hot_resistive_optimistic,recovery_mpc,272,hard_safety_slew_conflict,hard_safety_emergency,False,False,0.0,1.5962590616787153,0.0,0.0,0,0.0,0,0,0,1
corner_hot_resistive_optimistic,original_mpc,277,none,slsqp,True,True,0.0,3.2168642860597174e-08,0.0,0.0,0,0.0,0,0,0,0
corner_hot_resistive_optimistic,recovery_mpc,277,prediction_domain_infeasible_under_candidate_audit,slope_safe_emergency,False,False,0.0,1.3817451345108154,0.0,0.0,0,0.0,0,0,0,1
corner_hot_resistive_optimistic,original_mpc,278,none,slsqp,True,True,0.0,1.1863932058986393e-09,0.0,0.0,0,0.0,0,0,0,0
corner_hot_resistive_optimistic,recovery_mpc,278,prediction_domain_infeasible_under_candidate_audit,slope_safe_emergency,False,False,0.0,1.3146268404277563,0.0,0.0,0,0.0,0,0,0,1
corner_hot_resistive_optimistic,original_mpc,283,none,slsqp,True,True,0.0,1.4269339487782418e-08,0.0,0.0,0,0.0,0,0,0,0
corner_hot_resistive_optimistic,recovery_mpc,283,prediction_domain_infeasible_under_candidate_audit,slope_safe_emergency,False,False,0.0,1.4254323125147437,0.0,4.657740859670412e-11,0,0.0,0,0,0,1
corner_hot_resistive_optimistic,original_mpc,288,none,slsqp,True,True,0.0,5.294538141242811e-10,0.0,0.0,0,0.0,0,0,0,0
corner_hot_resistive_optimistic,recovery_mpc,288,hard_safety_slew_conflict,hard_safety_emergency,False,False,0.0,1.8581478429862344,0.0,1.413476729335677,3,4.0,0,0,0,1
corner_hot_resistive_optimistic,original_mpc,293,none,slsqp,False,False,0.0,0.09416289067666384,0.0,0.0,0,0.0,0,0,0,0
corner_hot_resistive_optimistic,recovery_mpc,293,hard_safety_slew_conflict,hard_safety_emergency,False,False,0.0,1.744178908341084,0.0,0.0,0,0.0,0,0,0,1
corner_hot_resistive_optimistic,original_mpc,294,none,slsqp,False,False,0.0,0.15442337173948317,0.0,1.0658141036401503e-13,0,0.0,0,0,0,0
corner_hot_resistive_optimistic,recovery_mpc,294,hard_safety_slew_conflict,hard_safety_emergency,False,False,0.0,1.8005600050801576,0.0,0.0,0,0.0,0,0,0,1
corner_hot_resistive_optimistic,original_mpc,299,none,slsqp,True,True,0.0,2.0194839578380197e-08,0.0,0.0,0,0.0,0,0,0,0
corner_hot_resistive_optimistic,recovery_mpc,299,prediction_domain_infeasible_under_candidate_audit,slope_safe_emergency,False,False,0.0,1.4893710431769307,0.0,0.0,0,0.0,0,0,0,1
corner_hot_resistive_optimistic,original_mpc,300,none,slsqp,True,True,0.0,4.3641534830385353e-11,0.0,0.0,0,0.0,0,0,0,0
corner_hot_resistive_optimistic,recovery_mpc,300,prediction_domain_infeasible_under_candidate_audit,slope_safe_emergency,False,False,0.0,1.4025751274705982,0.0,0.0,0,0.0,0,0,0,1
corner_hot_resistive_optimistic,original_mpc,305,none,slsqp,True,True,0.0,1.7660056528256973e-08,0.0,0.0,0,0.0,0,0,0,0
corner_hot_resistive_optimistic,recovery_mpc,305,prediction_domain_infeasible_under_candidate_audit,slope_safe_emergency,False,False,0.0,1.386794948893872,0.0,0.0,0,0.0,0,0,0,1
corner_hot_resistive_optimistic,original_mpc,310,none,slsqp,True,True,0.0,5.245347267646139e-09,0.0,0.0,0,0.0,0,0,0,0
corner_hot_resistive_optimistic,recovery_mpc,310,hard_safety_slew_conflict,hard_safety_emergency,False,False,0.0,1.842804529099027,0.0,1.4134767293372867,3,4.0,0,0,0,1
corner_hot_resistive_optimistic,original_mpc,315,none,slsqp,False,False,0.0,0.06514854203575027,0.0,1.376676550535194e-13,0,0.0,0,0,0,0
corner_hot_resistive_optimistic,recovery_mpc,315,hard_safety_slew_conflict,hard_safety_emergency,False,False,0.0,1.716617755911443,0.0,0.0,0,0.0,0,0,0,1
corner_hot_resistive_optimistic,original_mpc,316,none,slsqp,True,True,0.0,7.602380946991616e-10,0.0,4.440892098500626e-16,0,0.0,0,0,0,0
corner_hot_resistive_optimistic,recovery_mpc,316,hard_safety_slew_conflict,hard_safety_emergency,False,False,0.0,1.6615402002482398,0.0,0.0,0,0.0,0,0,0,1
corner_hot_resistive_optimistic,original_mpc,317,none,slsqp,False,False,0.0,0.10300401166837503,0.0,4.440892098500626e-16,0,0.0,0,0,0,0
corner_hot_resistive_optimistic,recovery_mpc,317,hard_safety_slew_conflict,hard_safety_emergency,False,False,0.0,1.7671853401674653,0.0,0.0,0,0.0,0,0,0,1
corner_hot_resistive_optimistic,original_mpc,318,none,slsqp,False,False,0.0,0.10309562824124896,0.0,2.4725110847612086e-11,0,0.0,0,0,0,0
corner_hot_resistive_optimistic,recovery_mpc,318,hard_safety_slew_conflict,hard_safety_emergency,False,False,0.0,1.7568257356516455,0.0,0.0,0,0.0,0,0,0,1
corner_hot_resistive_optimistic,original_mpc,323,none,slsqp,True,True,0.0,1.3653078667630325e-09,0.0,4.440892098500626e-16,0,0.0,0,0,0,0
corner_hot_resistive_optimistic,recovery_mpc,323,prediction_domain_infeasible_under_candidate_audit,slope_safe_emergency,False,False,0.0,1.4530054305167823,0.0,0.0,0,0.0,0,0,0,1
corner_hot_resistive_optimistic,original_mpc,324,none,slsqp,True,True,0.0,1.4889849353494355e-08,0.0,0.0,0,0.0,0,0,0,0
corner_hot_resistive_optimistic,recovery_mpc,324,prediction_domain_infeasible_under_candidate_audit,slope_safe_emergency,False,False,0.0,1.357527520064302,0.0,0.0,0,0.0,0,0,0,1
corner_hot_resistive_optimistic,original_mpc,329,none,slsqp,True,True,0.0,9.493561492490699e-11,0.0,0.0,0,0.0,0,0,0,0
corner_hot_resistive_optimistic,recovery_mpc,329,prediction_domain_infeasible_under_candidate_audit,slope_safe_emergency,False,False,0.0,1.409748205016406,0.0,0.0,0,0.0,0,0,0,1
corner_hot_resistive_optimistic,original_mpc,334,none,slsqp,False,False,0.0,0.22262358425307838,0.0,2.4700241851860483e-12,0,0.0,0,0,0,0
corner_hot_resistive_optimistic,recovery_mpc,334,hard_safety_slew_conflict,hard_safety_emergency,False,False,0.0,2.258759784024541,0.0,1.4134767293270896,3,4.0,0,0,0,1
corner_hot_resistive_optimistic,original_mpc,335,none,slsqp,False,False,0.0,0.25991125160710027,0.0,1.5489831639570184e-12,0,0.0,0,0,0,0
corner_hot_resistive_optimistic,recovery_mpc,335,hard_safety_slew_conflict,hard_safety_emergency,False,False,0.0,2.2716055728078146,0.0,0.0,0,0.0,0,0,0,1
corner_hot_resistive_optimistic,original_mpc,340,none,slsqp,False,False,0.0,0.21268752782712852,0.0,2.3284041361648633e-11,0,0.0,0,0,0,0
corner_hot_resistive_optimistic,recovery_mpc,340,hard_safety_slew_conflict,hard_safety_emergency,False,False,0.0,2.1620021037780646,0.0,0.0,0,0.0,0,0,0,1
corner_hot_resistive_optimistic,original_mpc,345,none,slsqp,False,False,0.0,0.14733356496063266,0.0,1.4942269643825057e-11,0,0.0,0,0,0,0
corner_hot_resistive_optimistic,recovery_mpc,345,hard_safety_slew_conflict,hard_safety_emergency,False,False,0.0,2.0362027017720266,0.0,0.0,0,0.0,0,0,0,1
corner_hot_resistive_optimistic,original_mpc,350,none,slsqp,False,False,0.0,0.03273322510396781,0.0,0.0,0,0.0,0,0,0,0
corner_hot_resistive_optimistic,recovery_mpc,350,hard_safety_slew_conflict,hard_safety_emergency,False,False,0.0,1.8630312488378422,0.0,0.0,0,0.0,0,0,0,1
corner_hot_resistive_optimistic,original_mpc,355,none,slsqp,True,True,0.0,1.064567811681627e-08,0.0,0.0,0,0.0,0,0,0,0
corner_hot_resistive_optimistic,recovery_mpc,355,hard_safety_slew_conflict,hard_safety_emergency,False,False,0.0,1.6379360166315564,0.0,0.0,0,0.0,0,0,0,1
corner_hot_resistive_optimistic,original_mpc,356,none,slsqp,True,True,0.0,3.2531488614040427e-10,0.0,0.0,0,0.0,0,0,0,0
corner_hot_resistive_optimistic,recovery_mpc,356,hard_safety_slew_conflict,hard_safety_emergency,False,False,0.0,1.6404241928948196,0.0,0.0,0,0.0,0,0,0,1
corner_hot_resistive_optimistic,original_mpc,361,none,slsqp,False,False,0.0,0.14473264673107877,0.0,2.1227464230832993e-13,0,0.0,0,0,0,0
corner_hot_resistive_optimistic,recovery_mpc,361,hard_safety_slew_conflict,hard_safety_emergency,False,False,0.0,1.5882726423586746,0.0,0.0,0,0.0,0,0,0,1
corner_hot_resistive_optimistic,original_mpc,362,none,slsqp,False,False,0.0,0.019635158449368362,0.0,8.596590106435542e-11,0,0.0,0,0,0,0
corner_hot_resistive_optimistic,recovery_mpc,362,prediction_domain_infeasible_under_candidate_audit,slope_safe_emergency,False,False,0.0,1.4636994938984813,0.0,0.0,0,0.0,0,0,0,1
corner_hot_resistive_optimistic,original_mpc,367,none,slsqp,True,True,0.0,5.080380560684716e-10,0.0,1.3322676295501878e-15,0,0.0,0,0,0,0
corner_hot_resistive_optimistic,recovery_mpc,367,prediction_domain_infeasible_under_candidate_audit,slope_safe_emergency,False,False,0.0,1.3460455356079208,0.0,0.0,0,0.0,0,0,0,1
corner_hot_resistive_optimistic,original_mpc,368,none,slsqp,True,True,0.0,3.4028104778371926e-08,0.0,0.0,0,0.0,0,0,0,0
corner_hot_resistive_optimistic,recovery_mpc,368,prediction_domain_infeasible_under_candidate_audit,slope_safe_emergency,False,False,0.0,1.2303985634745302,0.0,0.0,0,0.0,0,0,0,1
corner_hot_resistive_optimistic,original_mpc,373,none,slsqp,True,True,0.0,2.4786572794255335e-10,0.0,0.0,0,0.0,0,0,0,0
corner_hot_resistive_optimistic,recovery_mpc,373,hard_safety_slew_conflict,hard_safety_emergency,False,False,0.0,1.6800704826619537,0.0,1.41347672933402,3,4.0,0,0,0,1
corner_hot_resistive_optimistic,original_mpc,378,none,slsqp,True,True,0.0,1.208036337629892e-09,0.0,0.0,0,0.0,0,0,0,0
corner_hot_resistive_optimistic,recovery_mpc,378,prediction_domain_infeasible_under_candidate_audit,slope_safe_emergency,False,False,0.0,1.3982660617340201,0.0,0.0,0,0.0,0,0,0,1
corner_hot_resistive_optimistic,original_mpc,383,none,slsqp,True,True,0.0,1.416694317413203e-09,0.0,0.0,0,0.0,0,0,0,0
corner_hot_resistive_optimistic,recovery_mpc,383,prediction_domain_infeasible_under_candidate_audit,slope_safe_emergency,False,False,0.0,1.3378661458884835,0.0,0.0,0,0.0,0,0,0,1
corner_hot_resistive_optimistic,original_mpc,388,none,slsqp,False,False,0.0,0.17684103572173626,0.0,0.0,0,0.0,0,0,0,0
corner_hot_resistive_optimistic,recovery_mpc,388,hard_safety_slew_conflict,hard_safety_emergency,False,False,0.0,1.6720943606122134,0.0,0.0,2,2.0,0,0,0,1
corner_hot_resistive_optimistic,original_mpc,389,none,slsqp,False,False,0.0,0.017442327810229585,0.0,1.2136069926782511e-11,0,0.0,0,0,0,0
corner_hot_resistive_optimistic,recovery_mpc,389,prediction_domain_infeasible_under_candidate_audit,slope_safe_emergency,False,False,0.0,1.4893374423961703,0.0,0.0,0,0.0,0,0,0,1
corner_hot_resistive_optimistic,original_mpc,394,none,slsqp,False,False,0.0,0.07409377233429382,0.0,3.419309280161542e-11,0,0.0,0,0,0,0
corner_hot_resistive_optimistic,recovery_mpc,394,hard_safety_slew_conflict,hard_safety_emergency,False,False,0.0,1.5828464099479689,0.0,0.0,1,0.0,0,0,0,1
corner_hot_resistive_optimistic,original_mpc,399,none,slsqp,False,False,0.0,0.05061859581290662,0.0,4.440892098500626e-15,0,0.0,0,0,0,0
corner_hot_resistive_optimistic,recovery_mpc,399,hard_safety_slew_conflict,hard_safety_emergency,False,False,0.0,1.5125869858461414,0.0,0.0,0,0.0,0,0,0,1
corner_hot_resistive_optimistic,original_mpc,404,none,slsqp,True,True,0.0,0.0,0.0,4.440892098500626e-16,0,0.0,0,0,0,0
corner_hot_resistive_optimistic,recovery_mpc,404,prediction_domain_infeasible_under_candidate_audit,slope_safe_emergency,False,False,0.0,1.4046342548431454,0.0,0.0,0,0.0,0,0,0,1
corner_hot_resistive_optimistic,original_mpc,405,none,slsqp,True,True,0.0,7.352696229645517e-11,0.0,0.0,0,0.0,0,0,0,0
corner_hot_resistive_optimistic,recovery_mpc,405,prediction_domain_infeasible_under_candidate_audit,slope_safe_emergency,False,False,0.0,1.3712602805555605,0.0,0.0,0,0.0,0,0,0,1
corner_hot_resistive_optimistic,original_mpc,410,none,slsqp,False,False,0.0,0.2526971109591898,0.0,5.293543381412746e-13,0,0.0,0,0,0,0
corner_hot_resistive_optimistic,recovery_mpc,410,hard_safety_slew_conflict,hard_safety_emergency,False,False,0.0,1.7371387477306968,0.0,6.794564910705958e-13,2,2.0,0,0,0,1
corner_hot_resistive_optimistic,original_mpc,411,none,slsqp,False,False,0.0,0.12686428088901636,0.0,1.1430856261540612e-11,0,0.0,0,0,0,0
corner_hot_resistive_optimistic,recovery_mpc,411,hard_safety_slew_conflict,hard_safety_emergency,False,False,0.0,1.592591541746657,0.0,0.0,0,0.0,0,0,0,1
corner_hot_resistive_optimistic,original_mpc,416,none,slsqp,True,True,0.0,1.752965772539028e-09,0.0,0.0,0,0.0,0,0,0,0
corner_hot_resistive_optimistic,recovery_mpc,416,prediction_domain_infeasible_under_candidate_audit,slope_safe_emergency,False,False,0.0,1.4130551936765272,0.0,0.0,0,0.0,0,0,0,1
corner_hot_resistive_optimistic,original_mpc,421,none,slsqp,True,True,0.0,3.614225363435253e-09,0.0,0.0,0,0.0,0,0,0,0
corner_hot_resistive_optimistic,recovery_mpc,421,prediction_domain_infeasible_under_candidate_audit,slope_safe_emergency,False,False,0.0,1.2185629327144127,0.0,0.0,0,0.0,0,0,0,1
corner_hot_resistive_optimistic,original_mpc,422,none,slsqp,True,True,0.0,2.262133591557358e-09,0.0,0.0,0,0.0,0,0,0,0
corner_hot_resistive_optimistic,recovery_mpc,422,prediction_domain_infeasible_under_candidate_audit,slope_safe_emergency,False,False,0.0,1.3202448463272916,0.0,0.0,0,0.0,0,0,0,1
corner_hot_resistive_optimistic,original_mpc,427,none,slsqp,True,True,0.0,6.027924825957598e-09,0.0,0.0,0,0.0,0,0,0,0
corner_hot_resistive_optimistic,recovery_mpc,427,hard_safety_slew_conflict,hard_safety_emergency,False,False,0.0,1.7300350164625513,0.0,1.4134767293429271,3,4.0,0,0,0,1
corner_hot_resistive_optimistic,original_mpc,432,none,slsqp,True,True,0.0,1.425455309345125e-09,0.0,0.0,0,0.0,0,0,0,0
corner_hot_resistive_optimistic,recovery_mpc,432,prediction_domain_infeasible_under_candidate_audit,slope_safe_emergency,False,False,0.0,1.4812469420280792,0.0,0.0,0,0.0,0,0,0,1
corner_hot_resistive_optimistic,original_mpc,437,none,slsqp,False,False,0.0,0.3186979287037204,0.0,9.623413177450857e-13,0,0.0,0,0,0,0
corner_hot_resistive_optimistic,recovery_mpc,437,hard_safety_slew_conflict,hard_safety_emergency,False,False,0.0,1.7074568275581257,0.0,0.0,1,0.0,0,0,0,1
corner_hot_resistive_optimistic,original_mpc,438,none,slsqp,False,False,0.0,0.3160059872483103,0.0,1.575406471943097e-11,0,0.0,0,0,0,0
corner_hot_resistive_optimistic,recovery_mpc,438,hard_safety_slew_conflict,hard_safety_emergency,False,False,0.0,1.7011111589318872,0.0,0.0,0,0.0,0,0,0,1
corner_hot_resistive_optimistic,original_mpc,443,none,slsqp,False,False,0.0,0.055110555556069585,0.0,9.776623954849128e-12,0,0.0,0,0,0,0
corner_hot_resistive_optimistic,recovery_mpc,443,prediction_domain_infeasible_under_candidate_audit,slope_safe_emergency,False,False,0.0,1.3972656095984135,0.0,0.0,0,0.0,0,0,0,1
corner_hot_resistive_optimistic,original_mpc,448,none,slsqp,True,True,0.0,1.644906433284632e-10,0.0,4.440892098500626e-16,0,0.0,0,0,0,0
corner_hot_resistive_optimistic,recovery_mpc,448,prediction_domain_infeasible_under_candidate_audit,slope_safe_emergency,False,False,0.0,1.1425597781253956,0.0,0.0,0,0.0,0,0,0,1
corner_hot_resistive_optimistic,original_mpc,449,none,slsqp,True,True,0.0,1.6534329461137531e-10,0.0,0.0,0,0.0,0,0,0,0
corner_hot_resistive_optimistic,recovery_mpc,449,prediction_domain_infeasible_under_candidate_audit,slope_safe_emergency,False,False,0.0,1.1986709760162455,0.0,0.0,0,0.0,0,0,0,1
corner_hot_resistive_optimistic,original_mpc,454,none,slsqp,True,True,0.0,4.565762878883106e-09,0.0,0.0,0,0.0,0,0,0,0
corner_hot_resistive_optimistic,recovery_mpc,454,hard_safety_slew_conflict,hard_safety_emergency,False,False,0.0,1.561603264086024,0.0,1.4134767293326207,3,4.0,0,0,0,1
corner_hot_resistive_optimistic,original_mpc,459,none,slsqp,True,True,0.0,9.642207032811712e-10,0.0,0.0,0,0.0,0,0,0,0
corner_hot_resistive_optimistic,recovery_mpc,459,prediction_domain_infeasible_under_candidate_audit,slope_safe_emergency,False,False,0.0,1.4219853670266644,0.0,0.0,0,0.0,0,0,0,1
corner_hot_resistive_optimistic,original_mpc,464,none,slsqp,True,True,0.0,8.027903675156267e-09,0.0,0.0,0,0.0,0,0,0,0
corner_hot_resistive_optimistic,recovery_mpc,464,prediction_domain_infeasible_under_candidate_audit,slope_safe_emergency,False,False,0.0,1.1737076765871137,0.0,0.0,0,0.0,0,0,0,1
corner_hot_resistive_optimistic,original_mpc,469,none,slsqp,True,True,0.0,3.8326675166899804e-11,0.0,0.0,0,0.0,0,0,0,0
corner_hot_resistive_optimistic,recovery_mpc,469,prediction_domain_infeasible_under_candidate_audit,slope_safe_emergency,False,False,0.0,1.0345814691677475,0.0,6.696865284538944e-13,0,0.0,0,0,0,1
corner_hot_resistive_optimistic,original_mpc,474,none,slsqp,True,True,0.0,8.160945696999988e-09,0.0,0.0,0,0.0,0,0,0,0
corner_hot_resistive_optimistic,recovery_mpc,474,hard_safety_slew_conflict,hard_safety_emergency,False,False,0.0,1.5313555205877876,0.0,1.4134767293257733,3,4.0,0,0,0,1
corner_hot_resistive_optimistic,original_mpc,479,none,slsqp,True,True,0.0,3.965467954003543e-10,0.0,0.0,0,0.0,0,0,0,0
corner_hot_resistive_optimistic,recovery_mpc,479,prediction_domain_infeasible_under_candidate_audit,slope_safe_emergency,False,False,0.0,1.349890098617898,0.0,0.0,0,0.0,0,0,0,1
corner_hot_resistive_optimistic,original_mpc,484,none,slsqp,False,False,0.0,0.11569366400055259,0.0,0.0,0,0.0,0,0,0,0
corner_hot_resistive_optimistic,recovery_mpc,484,prediction_domain_infeasible_under_candidate_audit,slope_safe_emergency,False,False,0.0,1.425419921682824,0.0,0.0,0,0.0,0,0,0,1
corner_hot_resistive_optimistic,original_mpc,485,none,slsqp,False,False,0.0,0.06317316916165794,0.0,0.0,0,0.0,0,0,0,0
corner_hot_resistive_optimistic,recovery_mpc,485,prediction_domain_infeasible_under_candidate_audit,slope_safe_emergency,False,False,0.0,1.4538105502197567,0.0,1.695532603207539e-12,0,0.0,0,0,0,1
corner_hot_resistive_optimistic,original_mpc,490,none,slsqp,True,True,0.0,1.2656755643547513e-09,0.0,4.440892098500626e-16,0,0.0,0,0,0,0
corner_hot_resistive_optimistic,recovery_mpc,490,hard_safety_slew_conflict,hard_safety_emergency,False,False,0.0,1.8561533832845427,0.0,0.29347672933904034,3,2.88,0,0,0,1
corner_hot_resistive_optimistic,original_mpc,491,none,slsqp,False,False,0.0,0.07621710421104666,0.0,2.829292355954749e-12,0,0.0,0,0,0,0
corner_hot_resistive_optimistic,recovery_mpc,491,hard_safety_slew_conflict,hard_safety_emergency,False,False,0.0,1.8853515144775201,0.0,0.0,0,0.0,0,0,0,1
corner_hot_resistive_optimistic,original_mpc,492,none,slsqp,False,False,0.0,0.12785500537330563,0.0,5.346834086594754e-13,0,0.0,0,0,0,0
corner_hot_resistive_optimistic,recovery_mpc,492,hard_safety_slew_conflict,hard_safety_emergency,False,False,0.0,1.9256278750570317,0.0,0.0,0,0.0,0,0,0,1
corner_hot_resistive_optimistic,original_mpc,497,none,slsqp,True,True,0.0,8.705114851181861e-09,0.0,0.0,0,0.0,0,0,0,0
corner_hot_resistive_optimistic,recovery_mpc,497,hard_safety_slew_conflict,hard_safety_emergency,False,False,0.0,1.7021441351501352,0.0,0.0,0,0.0,0,0,0,1
corner_hot_resistive_optimistic,original_mpc,498,none,slsqp,False,False,0.0,0.04679426602666581,0.0,0.0,0,0.0,0,0,0,0
corner_hot_resistive_optimistic,recovery_mpc,498,hard_safety_slew_conflict,hard_safety_emergency,False,False,0.0,1.7602661966854427,0.0,0.0,0,0.0,0,0,0,1
corner_hot_resistive_optimistic,original_mpc,499,none,slsqp,True,True,0.0,4.047429058573471e-09,0.0,0.0,0,0.0,0,0,0,0
corner_hot_resistive_optimistic,recovery_mpc,499,hard_safety_slew_conflict,hard_safety_emergency,False,False,0.0,1.6893766549954705,0.0,0.0,0,0.0,0,0,0,1
corner_hot_resistive_optimistic,original_mpc,500,none,slsqp,True,True,0.0,1.3365223594519193e-08,0.0,0.0,0,0.0,0,0,0,0
corner_hot_resistive_optimistic,recovery_mpc,500,hard_safety_slew_conflict,hard_safety_emergency,False,False,0.0,1.6400412436696286,0.0,0.0,0,0.0,0,0,0,1
corner_hot_resistive_optimistic,original_mpc,505,none,slsqp,False,False,0.0,0.12746186876871946,0.0,0.0,0,0.0,0,0,0,0
corner_hot_resistive_optimistic,recovery_mpc,505,hard_safety_slew_conflict,hard_safety_emergency,False,False,0.0,1.5576903647546487,0.0,0.0,0,0.0,0,0,0,1
corner_hot_resistive_optimistic,original_mpc,506,none,slsqp,False,False,0.0,0.08890763259263679,0.0,7.546541169745069e-11,0,0.0,0,0,0,0
corner_hot_resistive_optimistic,recovery_mpc,506,hard_safety_slew_conflict,hard_safety_emergency,False,False,0.0,1.5153383951050188,0.0,0.0,0,0.0,0,0,0,1
corner_hot_resistive_optimistic,original_mpc,511,none,slsqp,True,True,0.0,1.2925625014759135e-09,0.0,0.0,0,0.0,0,0,0,0
corner_hot_resistive_optimistic,recovery_mpc,511,prediction_domain_infeasible_under_candidate_audit,slope_safe_emergency,False,False,0.0,1.190912896399574,0.0,0.0,0,0.0,0,0,0,1
corner_hot_resistive_optimistic,original_mpc,512,none,slsqp,True,True,0.0,1.2403781113334844e-08,0.0,0.0,0,0.0,0,0,0,0
corner_hot_resistive_optimistic,recovery_mpc,512,prediction_domain_infeasible_under_candidate_audit,slope_safe_emergency,False,False,0.0,1.2161627575970897,0.0,0.0,0,0.0,0,0,0,1
corner_hot_resistive_optimistic,original_mpc,517,none,slsqp,False,False,0.0,0.07679880951620532,0.0,1.199040866595169e-12,0,0.0,0,0,0,0
corner_hot_resistive_optimistic,recovery_mpc,517,prediction_domain_infeasible_under_candidate_audit,slope_safe_emergency,False,False,0.0,1.4577939658629049,0.0,0.0,0,0.0,0,0,0,1
corner_hot_resistive_optimistic,original_mpc,518,none,slsqp,False,False,0.0,0.03321008471514375,0.0,2.027515799696289e-08,0,0.0,0,0,0,0
corner_hot_resistive_optimistic,recovery_mpc,518,hard_safety_slew_conflict,hard_safety_emergency,False,False,0.0,1.5047336550467278,0.0,0.09347672933401974,2,0.37999999999999945,0,0,0,1
corner_hot_resistive_optimistic,original_mpc,523,none,slsqp,True,True,0.0,6.673985808447469e-10,0.0,0.0,0,0.0,0,0,0,0
corner_hot_resistive_optimistic,recovery_mpc,523,hard_safety_slew_conflict,hard_safety_emergency,False,False,0.0,1.5674429135990522,0.0,1.099564883588755e-12,2,0.2779999999999996,0,0,0,1
corner_hot_resistive_optimistic,original_mpc,528,none,slsqp,True,True,0.0,1.061043519712257e-08,0.0,0.0,0,0.0,0,0,0,0
corner_hot_resistive_optimistic,recovery_mpc,528,prediction_domain_infeasible_under_candidate_audit,slope_safe_emergency,False,False,0.0,1.435995922980311,0.0,0.0,0,0.0,0,0,0,1
corner_hot_resistive_optimistic,original_mpc,529,none,slsqp,True,True,0.0,3.157154537802853e-10,0.0,0.0,0,0.0,0,0,0,0
corner_hot_resistive_optimistic,recovery_mpc,529,prediction_domain_infeasible_under_candidate_audit,slope_safe_emergency,False,False,0.0,1.4541567289531088,0.0,0.0,0,0.0,0,0,0,1
corner_hot_resistive_optimistic,original_mpc,534,none,slsqp,False,False,0.0,0.24972203258137426,0.0,3.820943561549939e-12,0,0.0,0,0,0,0
corner_hot_resistive_optimistic,recovery_mpc,534,hard_safety_slew_conflict,hard_safety_emergency,False,False,0.0,1.8249006412445894,0.0,0.0,2,2.0,0,0,0,1
corner_hot_resistive_optimistic,original_mpc,535,none,slsqp,False,False,0.0,0.05764164742848976,0.0,1.1759482276829658e-11,0,0.0,0,0,0,0
corner_hot_resistive_optimistic,recovery_mpc,535,hard_safety_slew_conflict,hard_safety_emergency,False,False,0.0,1.6141149320399748,0.0,0.0,0,0.0,0,0,0,1
corner_hot_resistive_optimistic,original_mpc,540,none,slsqp,False,False,0.0,0.2997944261614549,0.0,7.602363183423222e-11,0,0.0,0,0,0,0
corner_hot_resistive_optimistic,recovery_mpc,540,hard_safety_slew_conflict,hard_safety_emergency,False,False,0.0,1.808003714618593,0.0,0.0,0,0.0,0,0,0,1
corner_hot_resistive_optimistic,original_mpc,545,none,slsqp,False,False,0.0,0.07059404982640416,0.0,3.7068126346184727e-11,0,0.0,0,0,0,0
corner_hot_resistive_optimistic,recovery_mpc,545,hard_safety_slew_conflict,hard_safety_emergency,False,False,0.0,1.5320359391783,0.0,5.6914029045174175e-11,0,0.0,0,0,0,1
corner_hot_resistive_optimistic,original_mpc,550,none,slsqp,True,True,0.0,6.271605457186524e-10,0.0,0.0,0,0.0,0,0,0,0
corner_hot_resistive_optimistic,recovery_mpc,550,prediction_domain_infeasible_under_candidate_audit,slope_safe_emergency,False,False,0.0,1.278527957911308,0.0,0.0,0,0.0,0,0,0,1
corner_hot_resistive_optimistic,original_mpc,551,none,slsqp,True,True,0.0,4.952148913162091e-09,0.0,0.0,0,0.0,0,0,0,0
corner_hot_resistive_optimistic,recovery_mpc,551,prediction_domain_infeasible_under_candidate_audit,slope_safe_emergency,False,False,0.0,1.2982300308464474,0.0,0.0,0,0.0,0,0,0,1
corner_hot_resistive_optimistic,original_mpc,556,none,slsqp,False,False,0.0,0.09930451798923201,0.0,6.874945057688819e-12,0,0.0,0,0,0,0
corner_hot_resistive_optimistic,recovery_mpc,556,hard_safety_slew_conflict,hard_safety_emergency,False,False,0.0,1.5317614530284516,0.0,2.948752353404416e-13,2,2.0,0,0,0,1
corner_hot_resistive_optimistic,original_mpc,557,none,slsqp,False,False,0.0,0.04124507395921029,0.0,9.627854069549358e-13,0,0.0,0,0,0,0
corner_hot_resistive_optimistic,recovery_mpc,557,prediction_domain_infeasible_under_candidate_audit,slope_safe_emergency,False,False,0.0,1.4394030855437663,0.0,2.8910207561239076e-13,0,0.0,0,0,0,1
corner_hot_resistive_optimistic,original_mpc,562,none,slsqp,True,True,0.0,7.818063352260651e-08,0.0,0.0,0,0.0,0,0,0,0
corner_hot_resistive_optimistic,recovery_mpc,562,prediction_domain_infeasible_under_candidate_audit,slope_safe_emergency,False,False,0.0,1.2581183876957027,0.0,0.0,0,0.0,0,0,0,1
corner_hot_resistive_optimistic,original_mpc,563,none,slsqp,True,True,0.0,2.4271571419376414e-09,0.0,0.0,0,0.0,0,0,0,0
corner_hot_resistive_optimistic,recovery_mpc,563,prediction_domain_infeasible_under_candidate_audit,slope_safe_emergency,False,False,0.0,1.3240079492424996,0.0,5.342393194496253e-13,0,0.0,0,0,0,1
corner_hot_resistive_optimistic,original_mpc,568,none,slsqp,True,True,0.0,2.2363622065313393e-09,0.0,0.0,0,0.0,0,0,0,0
corner_hot_resistive_optimistic,recovery_mpc,568,hard_safety_slew_conflict,hard_safety_emergency,False,False,0.0,1.6980900100926348,0.0,1.413476729332324,3,4.0,0,0,0,1
corner_hot_resistive_optimistic,original_mpc,573,none,slsqp,False,False,0.0,0.17726758863508252,0.0,1.4841461393189093e-12,0,0.0,0,0,0,0
corner_hot_resistive_optimistic,recovery_mpc,573,hard_safety_slew_conflict,hard_safety_emergency,False,False,0.0,1.70556605293379,0.0,0.0,0,0.0,0,0,0,1
corner_hot_resistive_optimistic,original_mpc,574,none,slsqp,True,True,0.0,1.8556534087110776e-10,0.0,0.0,0,0.0,0,0,0,0
corner_hot_resistive_optimistic,recovery_mpc,574,hard_safety_slew_conflict,hard_safety_emergency,False,False,0.0,1.581300212196922,0.0,0.0,0,0.0,0,0,0,1
corner_hot_resistive_optimistic,original_mpc,579,none,slsqp,True,True,0.0,9.461587069381494e-11,0.0,0.0,0,0.0,0,0,0,0
corner_hot_resistive_optimistic,recovery_mpc,579,prediction_domain_infeasible_under_candidate_audit,slope_safe_emergency,False,False,0.0,1.3819366790938616,0.0,0.0,0,0.0,0,0,0,1
corner_hot_resistive_optimistic,original_mpc,580,none,slsqp,True,True,0.0,4.3934988980254275e-09,0.0,0.0,0,0.0,0,0,0,0
corner_hot_resistive_optimistic,recovery_mpc,580,prediction_domain_infeasible_under_candidate_audit,slope_safe_emergency,False,False,0.0,1.3031786400612262,0.0,0.0,0,0.0,0,0,0,1
corner_hot_resistive_optimistic,original_mpc,585,none,slsqp,True,True,0.0,4.301540457163355e-09,0.0,0.0,0,0.0,0,0,0,0
corner_hot_resistive_optimistic,recovery_mpc,585,prediction_domain_infeasible_under_candidate_audit,slope_safe_emergency,False,False,0.0,1.4389180175296232,0.0,1.3946177546131366e-11,0,0.0,0,0,0,1
corner_hot_resistive_optimistic,original_mpc,590,none,slsqp,False,False,0.0,0.023701191602867766,0.0,7.367439991412539e-13,0,0.0,0,0,0,0
corner_hot_resistive_optimistic,recovery_mpc,590,hard_safety_slew_conflict,hard_safety_emergency,False,False,0.0,1.9065740762315855,0.0,0.8134767293386069,3,3.4000000000000004,0,0,0,1
corner_hot_resistive_optimistic,original_mpc,591,none,slsqp,False,False,0.0,0.038811689801470095,0.0,5.856204410292776e-12,0,0.0,0,0,0,0
corner_hot_resistive_optimistic,recovery_mpc,591,hard_safety_slew_conflict,hard_safety_emergency,False,False,0.0,1.8617397638764146,0.0,0.0,0,0.0,0,0,0,1
corner_hot_resistive_optimistic,original_mpc,596,none,slsqp,True,True,0.0,1.5411615095217712e-08,0.0,0.0,0,0.0,0,0,0,0
corner_hot_resistive_optimistic,recovery_mpc,596,hard_safety_slew_conflict,hard_safety_emergency,False,False,0.0,1.5068655274714189,0.0,0.0,0,0.0,0,0,0,1
corner_hot_resistive_optimistic,original_mpc,597,none,slsqp,True,True,0.0,2.570401846924142e-08,0.0,0.0,0,0.0,0,0,0,0
corner_hot_resistive_optimistic,recovery_mpc,597,prediction_domain_infeasible_under_candidate_audit,slope_safe_emergency,False,False,0.0,1.4611818701863655,0.0,0.003910571071272351,0,0.0,0,0,0,1
corner_hot_resistive_optimistic,original_mpc,602,none,slsqp,False,False,0.0,0.1519189639799734,0.0,1.2256862191861728e-12,0,0.0,0,0,0,0
corner_hot_resistive_optimistic,recovery_mpc,602,hard_safety_slew_conflict,hard_safety_emergency,False,False,0.0,1.5475390446760429,0.0,0.0,1,0.0,0,0,0,1
corner_hot_resistive_optimistic,original_mpc,603,none,slsqp,True,True,0.0,9.583374094290775e-10,0.0,0.0,0,0.0,0,0,0,0
corner_hot_resistive_optimistic,recovery_mpc,603,hard_safety_slew_conflict,hard_safety_emergency,False,False,0.0,1.5136550795743346,0.0,0.0,0,0.0,0,0,0,1
corner_hot_resistive_optimistic,original_mpc,608,none,slsqp,True,True,0.0,2.5829727690052096e-08,0.0,0.0,0,0.0,0,0,0,0
corner_hot_resistive_optimistic,recovery_mpc,608,prediction_domain_infeasible_under_candidate_audit,slope_safe_emergency,False,False,0.0,1.2393923749587117,0.0,0.0,0,0.0,0,0,0,1
corner_hot_resistive_optimistic,original_mpc,609,none,slsqp,True,True,0.0,5.713545192520542e-10,0.0,0.0,0,0.0,0,0,0,0
corner_hot_resistive_optimistic,recovery_mpc,609,prediction_domain_infeasible_under_candidate_audit,slope_safe_emergency,False,False,0.0,1.2401091676839044,0.0,0.0,0,0.0,0,0,0,1
corner_hot_resistive_optimistic,original_mpc,614,none,slsqp,True,True,0.0,3.83808895776383e-09,0.0,0.0,0,0.0,0,0,0,0
corner_hot_resistive_optimistic,recovery_mpc,614,prediction_domain_infeasible_under_candidate_audit,slope_safe_emergency,False,False,0.0,1.3638666299005138,0.0,0.0,0,0.0,0,0,0,1
corner_hot_resistive_optimistic,original_mpc,619,none,slsqp,False,False,0.0,0.1508549613536374,0.0,0.0,0,0.0,0,0,0,0
corner_hot_resistive_optimistic,recovery_mpc,619,hard_safety_slew_conflict,hard_safety_emergency,False,False,0.0,2.0733814055224116,0.0,1.4134767293356076,3,4.0,0,0,0,1
corner_hot_resistive_optimistic,original_mpc,620,none,slsqp,False,False,0.0,0.044675252760697504,0.0,5.7615689996737274e-11,0,0.0,0,0,0,0
corner_hot_resistive_optimistic,recovery_mpc,620,hard_safety_slew_conflict,hard_safety_emergency,False,False,0.0,1.9323842199526666,0.0,1.5970655908859044e-09,0,0.0,0,0,0,1
corner_hot_resistive_optimistic,original_mpc,625,none,slsqp,True,True,0.0,1.051180475997171e-08,0.0,0.0,0,0.0,0,0,0,0
corner_hot_resistive_optimistic,recovery_mpc,625,hard_safety_slew_conflict,hard_safety_emergency,False,False,0.0,1.7996484353399822,0.0,0.0,0,0.0,0,0,0,1
corner_hot_resistive_optimistic,original_mpc,626,none,slsqp,False,False,0.0,0.029116879684309538,0.0,0.0,0,0.0,0,0,0,0
corner_hot_resistive_optimistic,recovery_mpc,626,hard_safety_slew_conflict,hard_safety_emergency,False,False,0.0,1.8284509053090972,0.0,0.0,0,0.0,0,0,0,1
corner_hot_resistive_optimistic,original_mpc,627,none,slsqp,True,True,0.0,1.9380081539566163e-08,0.0,0.0,0,0.0,0,0,0,0
corner_hot_resistive_optimistic,recovery_mpc,627,hard_safety_slew_conflict,hard_safety_emergency,False,False,0.0,1.7494385314627294,0.0,0.0,0,0.0,0,0,0,1
corner_hot_resistive_optimistic,original_mpc,628,none,slsqp,True,True,0.0,1.0689404916774947e-09,0.0,0.0,0,0.0,0,0,0,0
corner_hot_resistive_optimistic,recovery_mpc,628,hard_safety_slew_conflict,hard_safety_emergency,False,False,0.0,1.6439741900569729,0.0,0.0,0,0.0,0,0,0,1
corner_hot_resistive_optimistic,original_mpc,633,none,slsqp,False,False,0.0,0.04166972695833948,0.0,7.549516567451064e-14,0,0.0,0,0,0,0
corner_hot_resistive_optimistic,recovery_mpc,633,prediction_domain_infeasible_under_candidate_audit,slope_safe_emergency,False,False,0.0,1.4997775809650662,0.0,0.0,0,0.0,0,0,0,1
corner_hot_resistive_optimistic,original_mpc,634,none,slsqp,False,False,0.0,0.05315805435247256,0.0,1.4881429422075598e-11,0,0.0,0,0,0,0
corner_hot_resistive_optimistic,recovery_mpc,634,hard_safety_slew_conflict,hard_safety_emergency,False,False,0.0,1.5130070400896116,0.0,0.0,1,0.0,0,0,0,1
corner_hot_resistive_optimistic,original_mpc,639,none,slsqp,False,False,0.0,0.05606853529060629,0.0,1.5236256700745798e-11,0,0.0,0,0,0,0
corner_hot_resistive_optimistic,recovery_mpc,639,prediction_domain_infeasible_under_candidate_audit,slope_safe_emergency,False,False,0.0,1.4324349943547503,0.0,6.439293542825908e-14,0,0.0,0,0,0,1
corner_hot_resistive_optimistic,original_mpc,644,none,slsqp,True,True,0.0,9.566136327521235e-09,0.0,8.881784197001252e-16,0,0.0,0,0,0,0
corner_hot_resistive_optimistic,recovery_mpc,644,prediction_domain_infeasible_under_candidate_audit,slope_safe_emergency,False,False,0.0,1.322385139225048,0.0,0.0,0,0.0,0,0,0,1
corner_hot_resistive_optimistic,original_mpc,645,none,slsqp,True,True,0.0,6.658282813987171e-09,0.0,0.0,0,0.0,0,0,0,0
corner_hot_resistive_optimistic,recovery_mpc,645,prediction_domain_infeasible_under_candidate_audit,slope_safe_emergency,False,False,0.0,1.456338522973681,0.0,0.0,0,0.0,0,0,0,1
corner_hot_resistive_optimistic,original_mpc,650,none,slsqp,True,True,0.0,1.204170985147357e-09,0.0,0.0,0,0.0,0,0,0,0
corner_hot_resistive_optimistic,recovery_mpc,650,hard_safety_slew_conflict,hard_safety_emergency,False,False,0.0,1.6691039062970248,0.0,0.33347672933401995,3,2.92,0,0,0,1
corner_hot_resistive_optimistic,original_mpc,655,none,slsqp,False,False,0.0,0.010983939082024108,0.0,1.0964562591198046e-12,0,0.0,0,0,0,0
corner_hot_resistive_optimistic,recovery_mpc,655,prediction_domain_infeasible_under_candidate_audit,slope_safe_emergency,False,False,0.0,1.4583564473978967,0.0,0.0,0,0.0,0,0,0,1
corner_hot_resistive_optimistic,original_mpc,656,none,slsqp,False,False,0.0,0.05350259129345858,0.0,3.063771458755582e-12,0,0.0,0,0,0,0
corner_hot_resistive_optimistic,recovery_mpc,656,prediction_domain_infeasible_under_candidate_audit,slope_safe_emergency,False,False,0.0,1.4958685326198093,0.0,3.4638958368304884e-14,1,0.0,0,0,0,1
corner_hot_resistive_optimistic,original_mpc,661,none,slsqp,True,True,0.0,2.2968293933445239e-10,0.0,4.440892098500626e-16,0,0.0,0,0,0,0
corner_hot_resistive_optimistic,recovery_mpc,661,prediction_domain_infeasible_under_candidate_audit,slope_safe_emergency,False,False,0.0,1.0690440270032937,0.0,0.0,0,0.0,0,0,0,1
corner_hot_resistive_optimistic,original_mpc,662,none,slsqp,True,True,0.0,5.544720238503942e-10,0.0,1.3322676295501878e-15,0,0.0,0,0,0,0
corner_hot_resistive_optimistic,recovery_mpc,662,prediction_domain_infeasible_under_candidate_audit,slope_safe_emergency,False,False,0.0,1.011844128076703,0.0,2.6063595726100175e-12,0,0.0,0,0,0,1
corner_hot_resistive_optimistic,original_mpc,663,none,slsqp,True,True,0.0,1.101433610983804e-09,0.0,0.0,0,0.0,0,0,0,0
corner_hot_resistive_optimistic,recovery_mpc,663,prediction_domain_infeasible_under_candidate_audit,slope_safe_emergency,False,False,0.0,1.18167474189827,0.0,0.5334767293323366,0,0.0,0,0,0,1
corner_hot_resistive_optimistic,original_mpc,668,none,slsqp,True,True,0.0,2.03504413320843e-08,0.0,0.0,0,0.0,0,0,0,0
corner_hot_resistive_optimistic,recovery_mpc,668,hard_safety_slew_conflict,hard_safety_emergency,False,False,0.0,1.9669144924968478,0.0,2.5334767293331613,4,5.12,0,0,0,1
corner_hot_resistive_optimistic,original_mpc,673,none,slsqp,True,True,0.0,6.316369649539411e-10,0.0,0.0,0,0.0,0,0,0,0
corner_hot_resistive_optimistic,recovery_mpc,673,hard_safety_slew_conflict,hard_safety_emergency,False,False,0.0,1.6848254632233974,0.0,0.0,0,0.0,0,0,0,1
corner_hot_resistive_optimistic,original_mpc,678,none,slsqp,True,True,0.0,3.5402720754973416e-09,0.0,0.0,0,0.0,0,0,0,0
corner_hot_resistive_optimistic,recovery_mpc,678,prediction_domain_infeasible_under_candidate_audit,slope_safe_emergency,False,False,0.0,1.4054469316268623,0.0,0.0,0,0.0,0,0,0,1
corner_hot_resistive_optimistic,original_mpc,683,none,slsqp,False,False,0.0,0.18829527656568956,0.0,0.0,0,0.0,0,0,0,0
corner_hot_resistive_optimistic,recovery_mpc,683,hard_safety_slew_conflict,hard_safety_emergency,False,False,0.0,1.5239899427322499,0.0,0.0,1,0.0,0,0,0,1
corner_hot_resistive_optimistic,original_mpc,684,none,slsqp,False,False,0.0,0.13741271332025207,0.0,1.021405182655144e-13,0,0.0,0,0,0,0
corner_hot_resistive_optimistic,recovery_mpc,684,prediction_domain_infeasible_under_candidate_audit,slope_safe_emergency,False,False,0.0,1.4712298053269848,0.0,0.0,0,0.0,0,0,0,1
corner_hot_resistive_optimistic,original_mpc,689,none,slsqp,False,False,0.0,0.3492581918491311,0.0,0.0,0,0.0,0,0,0,0
corner_hot_resistive_optimistic,recovery_mpc,689,hard_safety_slew_conflict,hard_safety_emergency,False,False,0.0,1.7425309903274027,0.0,0.0,1,0.0,0,0,0,1
corner_hot_resistive_optimistic,original_mpc,694,none,slsqp,False,False,0.0,0.2722698511944941,0.0,2.4350743643708483e-11,0,0.0,0,0,0,0
corner_hot_resistive_optimistic,recovery_mpc,694,hard_safety_slew_conflict,hard_safety_emergency,False,False,0.0,1.6223392656811768,0.0,0.0,0,0.0,0,0,0,1
corner_hot_resistive_optimistic,original_mpc,699,none,slsqp,False,False,0.0,0.09400417826671514,0.0,9.194200956130771e-11,0,0.0,0,0,0,0
corner_hot_resistive_optimistic,recovery_mpc,699,prediction_domain_infeasible_under_candidate_audit,slope_safe_emergency,False,False,0.0,1.4022098835120644,0.0,0.0,0,0.0,0,0,0,1
corner_hot_resistive_optimistic,original_mpc,704,none,slsqp,True,True,0.0,1.3560139677792904e-09,0.0,0.0,0,0.0,0,0,0,0
corner_hot_resistive_optimistic,recovery_mpc,704,prediction_domain_infeasible_under_candidate_audit,slope_safe_emergency,False,False,0.0,1.3080836943353233,0.0,0.0,0,0.0,0,0,0,1
corner_hot_resistive_optimistic,original_mpc,705,none,slsqp,True,True,0.0,2.1030643893027445e-10,0.0,0.0,0,0.0,0,0,0,0
corner_hot_resistive_optimistic,recovery_mpc,705,prediction_domain_infeasible_under_candidate_audit,slope_safe_emergency,False,False,0.0,1.3566658127117037,0.0,3.5083047578154947e-14,0,0.0,0,0,0,1
corner_hot_resistive_optimistic,original_mpc,710,none,slsqp,False,False,0.0,0.12202542620507018,0.0,4.263256414560601e-14,0,0.0,0,0,0,0
corner_hot_resistive_optimistic,recovery_mpc,710,hard_safety_slew_conflict,hard_safety_emergency,False,False,0.0,1.9549653747231304,0.0,1.41347672933402,3,4.0,0,0,0,1
corner_hot_resistive_optimistic,original_mpc,711,none,slsqp,False,False,0.0,0.1555456076109465,0.0,1.0761169733086717e-11,0,0.0,0,0,0,0
corner_hot_resistive_optimistic,recovery_mpc,711,hard_safety_slew_conflict,hard_safety_emergency,False,False,0.0,1.9578563233692208,0.0,0.0,0,0.0,0,0,0,1
corner_hot_resistive_optimistic,original_mpc,716,none,slsqp,True,True,0.0,4.4377657104632817e-10,0.0,4.440892098500626e-16,0,0.0,0,0,0,0
corner_hot_resistive_optimistic,recovery_mpc,716,hard_safety_slew_conflict,hard_safety_emergency,False,False,0.0,1.6392441477732618,0.0,0.0,0,0.0,0,0,0,1
corner_hot_resistive_optimistic,original_mpc,717,none,slsqp,True,True,0.0,1.0937050376469415e-08,0.0,0.0,0,0.0,0,0,0,0
corner_hot_resistive_optimistic,recovery_mpc,717,hard_safety_slew_conflict,hard_safety_emergency,False,False,0.0,1.6420891400311461,0.0,0.0,0,0.0,0,0,0,1
corner_observer_pessimistic,original_mpc,1,none,slsqp,True,True,0.0,3.278998406130995e-09,0.0,2.6645352591003757e-15,0,0.0,0,0,0,0
corner_observer_pessimistic,recovery_mpc,1,none,slsqp,True,True,0.0,3.278998406130995e-09,0.0,2.6645352591003757e-15,0,0.0,0,0,0,0
corner_observer_pessimistic,original_mpc,2,none,slsqp,True,True,0.0,7.200458185252501e-08,0.0,3.9968028886505635e-15,0,0.0,0,0,0,0
corner_observer_pessimistic,recovery_mpc,2,none,slsqp,True,True,0.0,7.200458185252501e-08,0.0,3.9968028886505635e-15,0,0.0,0,0,0,0
corner_observer_pessimistic,original_mpc,3,none,slsqp,True,True,0.0,4.072331449833655e-08,0.0,8.881784197001252e-16,0,0.0,0,0,0,0
corner_observer_pessimistic,recovery_mpc,3,none,slsqp,True,True,0.0,4.072331449833655e-08,0.0,8.881784197001252e-16,0,0.0,0,0,0,0
corner_observer_pessimistic,original_mpc,4,none,slsqp,True,True,0.0,4.992697455463713e-08,0.0,8.881784197001252e-16,0,0.0,0,0,0,0
corner_observer_pessimistic,recovery_mpc,4,none,slsqp,True,True,0.0,4.992697455463713e-08,0.0,8.881784197001252e-16,0,0.0,0,0,0,0
corner_observer_pessimistic,original_mpc,5,none,slsqp,True,True,0.0,1.61370081741552e-08,0.0,0.0,0,0.0,0,0,0,0
corner_observer_pessimistic,recovery_mpc,5,none,slsqp,True,True,0.0,1.61370081741552e-08,0.0,0.0,0,0.0,0,0,0,0
corner_observer_pessimistic,original_mpc,10,none,slsqp,True,True,0.0,4.777042761361372e-09,0.0,0.0,0,0.0,0,0,0,0
corner_observer_pessimistic,recovery_mpc,10,none,slsqp,True,True,0.0,4.777042761361372e-09,0.0,0.0,0,0.0,0,0,0,0
corner_observer_pessimistic,original_mpc,15,none,slsqp,True,True,0.0,7.741569163499662e-09,0.0,0.0,0,0.0,0,0,0,0
corner_observer_pessimistic,recovery_mpc,15,none,slsqp,True,True,0.0,7.741569163499662e-09,0.0,0.0,0,0.0,0,0,0,0
corner_observer_pessimistic,original_mpc,20,none,slsqp,True,True,0.0,1.8520225353313435e-09,0.0,0.0,0,0.0,0,0,0,0
corner_observer_pessimistic,recovery_mpc,20,none,slsqp,True,True,0.0,1.8520225353313435e-09,0.0,0.0,0,0.0,0,0,0,0
corner_observer_pessimistic,original_mpc,25,none,slsqp,True,True,0.0,3.5527776276467193e-09,0.0,0.0,0,0.0,0,0,0,0
corner_observer_pessimistic,recovery_mpc,25,none,slsqp,True,True,0.0,3.5527776276467193e-09,0.0,0.0,0,0.0,0,0,0,0
corner_observer_pessimistic,original_mpc,30,none,slsqp,True,True,0.0,3.7777425632157247e-10,0.0,0.0,0,0.0,0,0,0,0
corner_observer_pessimistic,recovery_mpc,30,none,slsqp,True,True,0.0,3.7777425632157247e-10,0.0,0.0,0,0.0,0,0,0,0
corner_observer_pessimistic,original_mpc,35,none,slsqp,True,True,0.0,8.5967144514143e-10,0.0,0.0,0,0.0,0,0,0,0
corner_observer_pessimistic,recovery_mpc,35,none,slsqp,True,True,0.0,8.5967144514143e-10,0.0,0.0,0,0.0,0,0,0,0
corner_observer_pessimistic,original_mpc,40,none,slsqp,True,True,0.0,3.710866280925984e-09,0.0,0.0,0,0.0,0,0,0,0
corner_observer_pessimistic,recovery_mpc,40,none,slsqp,True,True,0.0,3.710866280925984e-09,0.0,0.0,0,0.0,0,0,0,0
corner_observer_pessimistic,original_mpc,45,none,slsqp,True,True,0.0,5.1224233743596415e-09,0.0,0.0,0,0.0,0,0,0,0
corner_observer_pessimistic,recovery_mpc,45,none,slsqp,True,True,0.0,5.1224233743596415e-09,0.0,0.0,0,0.0,0,0,0,0
corner_observer_pessimistic,original_mpc,50,none,slsqp,True,True,0.0,8.590942712771721e-08,0.0,0.0,0,0.0,0,0,0,0
corner_observer_pessimistic,recovery_mpc,50,none,slsqp,True,True,0.0,8.590942712771721e-08,0.0,0.0,0,0.0,0,0,0,0
corner_observer_pessimistic,original_mpc,55,none,slsqp,True,True,0.0,1.6286350046357256e-10,0.0,0.0,0,0.0,0,0,0,0
corner_observer_pessimistic,recovery_mpc,55,none,slsqp,True,True,0.0,1.6286350046357256e-10,0.0,0.0,0,0.0,0,0,0,0
corner_observer_pessimistic,original_mpc,60,none,slsqp,True,True,0.0,3.770864509533567e-09,0.0,0.0,0,0.0,0,0,0,0
corner_observer_pessimistic,recovery_mpc,60,none,slsqp,True,True,0.0,3.770864509533567e-09,0.0,0.0,0,0.0,0,0,0,0
corner_observer_pessimistic,original_mpc,65,none,slsqp,True,True,0.0,1.3684484656550921e-09,0.0,0.0,0,0.0,0,0,0,0
corner_observer_pessimistic,recovery_mpc,65,none,slsqp,True,True,0.0,1.3684484656550921e-09,0.0,0.0,0,0.0,0,0,0,0
corner_observer_pessimistic,original_mpc,70,none,slsqp,True,True,0.0,1.6301981986543979e-10,0.0,0.0,0,0.0,0,0,0,0
corner_observer_pessimistic,recovery_mpc,70,none,slsqp,True,True,0.0,1.6301981986543979e-10,0.0,0.0,0,0.0,0,0,0,0
corner_observer_pessimistic,original_mpc,75,none,slsqp,True,True,0.0,1.7465850987719023e-10,0.0,0.0,0,0.0,0,0,0,0
corner_observer_pessimistic,recovery_mpc,75,none,slsqp,True,True,0.0,1.7465850987719023e-10,0.0,0.0,0,0.0,0,0,0,0
corner_observer_pessimistic,original_mpc,80,none,slsqp,True,True,0.0,4.695515087860258e-09,0.0,0.0,0,0.0,0,0,0,0
corner_observer_pessimistic,recovery_mpc,80,none,slsqp,True,True,0.0,4.695515087860258e-09,0.0,0.0,0,0.0,0,0,0,0
corner_observer_pessimistic,original_mpc,85,none,slsqp,True,True,0.0,2.2974191438152047e-09,0.0,0.0,0,0.0,0,0,0,0
corner_observer_pessimistic,recovery_mpc,85,none,slsqp,True,True,0.0,2.2974191438152047e-09,0.0,0.0,0,0.0,0,0,0,0
corner_observer_pessimistic,original_mpc,90,none,slsqp,True,True,0.0,3.6906300238115364e-10,0.0,0.0,0,0.0,0,0,0,0
corner_observer_pessimistic,recovery_mpc,90,none,slsqp,True,True,0.0,3.6906300238115364e-10,0.0,0.0,0,0.0,0,0,0,0
corner_observer_pessimistic,original_mpc,95,none,slsqp,True,True,0.0,8.537739404346212e-10,0.0,0.0,0,0.0,0,0,0,0
corner_observer_pessimistic,recovery_mpc,95,none,slsqp,True,True,0.0,8.537739404346212e-10,0.0,0.0,0,0.0,0,0,0,0
corner_observer_pessimistic,original_mpc,100,none,slsqp,True,True,0.0,9.281748702960613e-10,0.0,0.0,0,0.0,0,0,0,0
corner_observer_pessimistic,recovery_mpc,100,none,slsqp,True,True,0.0,9.281748702960613e-10,0.0,0.0,0,0.0,0,0,0,0
corner_observer_pessimistic,original_mpc,105,none,slsqp,True,True,0.0,1.4331803299683088e-08,0.0,0.0,0,0.0,0,0,0,0
corner_observer_pessimistic,recovery_mpc,105,none,slsqp,True,True,0.0,1.4331803299683088e-08,0.0,0.0,0,0.0,0,0,0,0
corner_observer_pessimistic,original_mpc,110,none,slsqp,True,True,0.0,2.8255442430236144e-09,0.0,0.0,0,0.0,0,0,0,0
corner_observer_pessimistic,recovery_mpc,110,none,slsqp,True,True,0.0,2.8255442430236144e-09,0.0,0.0,0,0.0,0,0,0,0
corner_observer_pessimistic,original_mpc,115,none,slsqp,False,False,0.0,0.026736632162069895,0.0,1.177458130996456e-11,0,0.0,0,0,0,0
corner_observer_pessimistic,recovery_mpc,115,prediction_domain_infeasible_under_candidate_audit,slope_safe_emergency,False,False,0.0,0.026736632162069895,0.0,1.177458130996456e-11,0,0.0,0,0,0,1
corner_observer_pessimistic,original_mpc,116,none,slsqp,True,True,0.0,9.857018312686705e-09,0.0,4.884981308350689e-15,0,0.0,0,0,0,0
corner_observer_pessimistic,recovery_mpc,116,prediction_domain_infeasible_under_candidate_audit,slope_safe_emergency,False,False,0.0,0.18439396544965803,0.0,0.0,0,0.0,0,0,0,1
corner_observer_pessimistic,original_mpc,117,none,slsqp,False,False,0.0,0.03132310824479134,0.0,1.2918999203748172e-11,0,0.0,0,0,0,0
corner_observer_pessimistic,recovery_mpc,117,prediction_domain_infeasible_under_candidate_audit,slope_safe_emergency,False,False,0.0,0.3956749938334667,0.0,2.0,0,0.0,0,0,0,1
corner_observer_pessimistic,original_mpc,118,none,slsqp,True,True,0.0,1.9249313254476874e-09,0.0,0.0,0,0.0,0,0,0,0
corner_observer_pessimistic,recovery_mpc,118,prediction_domain_infeasible_under_candidate_audit,slope_safe_emergency,False,False,0.0,0.5839570245996555,0.0,3.942967771496315,0,0.0,0,0,0,1
corner_observer_pessimistic,original_mpc,119,none,slsqp,True,True,0.0,1.7585612965831388e-08,0.0,0.0,0,0.0,0,0,0,0
corner_observer_pessimistic,recovery_mpc,119,prediction_domain_infeasible_under_candidate_audit,slope_safe_emergency,False,False,0.0,0.7381049700705944,0.0,3.942967771498024,0,0.0,0,0,0,1
corner_observer_pessimistic,original_mpc,120,none,slsqp,True,True,0.0,2.3074164801073493e-10,0.0,0.0,0,0.0,0,0,0,0
corner_observer_pessimistic,recovery_mpc,120,prediction_domain_infeasible_under_candidate_audit,slope_safe_emergency,False,False,0.0,0.9953916555975937,0.0,3.942967771502505,0,0.0,0,0,0,1
corner_observer_pessimistic,original_mpc,125,none,slsqp,True,True,0.0,8.421984887263534e-09,0.0,0.0,0,0.0,0,0,0,0
corner_observer_pessimistic,recovery_mpc,125,hard_safety_slew_conflict,hard_safety_emergency,False,False,0.0,2.1612006875552154,0.0,3.942967771505467,5,8.0,0,0,0,1
corner_observer_pessimistic,original_mpc,130,none,slsqp,True,True,0.0,4.121005758861429e-09,0.0,0.0,0,0.0,0,0,0,0
corner_observer_pessimistic,recovery_mpc,130,hard_safety_slew_conflict,hard_safety_emergency,False,False,0.0,1.6783711447649736,0.0,0.0,0,0.0,0,0,0,1
corner_observer_pessimistic,original_mpc,135,none,slsqp,True,True,0.0,1.0603102396089525e-08,0.0,0.0,0,0.0,0,0,0,0
corner_observer_pessimistic,recovery_mpc,135,prediction_domain_infeasible_under_candidate_audit,slope_safe_emergency,False,False,0.0,1.3436302186292792,0.0,0.0,0,0.0,0,0,0,1
corner_observer_pessimistic,original_mpc,140,none,slsqp,False,False,0.0,0.049795021443053145,0.0,4.807709785836778e-12,0,0.0,0,0,0,0
corner_observer_pessimistic,recovery_mpc,140,prediction_domain_infeasible_under_candidate_audit,slope_safe_emergency,False,False,0.0,1.2246213929200565,0.0,0.0,0,0.0,0,0,0,1
corner_observer_pessimistic,original_mpc,141,none,slsqp,True,True,0.0,1.6700028027116787e-09,0.0,3.552713678800501e-15,0,0.0,0,0,0,0
corner_observer_pessimistic,recovery_mpc,141,prediction_domain_infeasible_under_candidate_audit,slope_safe_emergency,False,False,0.0,1.2217627347254947,0.0,0.0,0,0.0,0,0,0,1
corner_observer_pessimistic,original_mpc,142,none,slsqp,True,True,0.0,8.752465419092914e-11,0.0,0.0,0,0.0,0,0,0,0
corner_observer_pessimistic,recovery_mpc,142,prediction_domain_infeasible_under_candidate_audit,slope_safe_emergency,False,False,0.0,1.183884811604365,0.0,5.311306949806749e-13,0,0.0,0,0,0,1
corner_observer_pessimistic,original_mpc,143,none,slsqp,True,True,0.0,1.2216759159855428e-08,0.0,0.0,0,0.0,0,0,0,0
corner_observer_pessimistic,recovery_mpc,143,prediction_domain_infeasible_under_candidate_audit,slope_safe_emergency,False,False,0.0,1.3050150491006463,0.0,1.942967771504362,0,0.0,0,0,0,1
corner_observer_pessimistic,original_mpc,148,none,slsqp,False,False,0.0,0.11710499985025535,0.0,0.0,0,0.0,0,0,0,0
corner_observer_pessimistic,recovery_mpc,148,hard_safety_slew_conflict,hard_safety_emergency,False,False,0.0,2.531282807230525,0.0,3.9429677715039233,5,8.0,0,0,0,1
corner_observer_pessimistic,original_mpc,149,none,slsqp,False,False,0.0,0.07994458742155075,0.0,1.3272050125578971e-11,0,0.0,0,0,0,0
corner_observer_pessimistic,recovery_mpc,149,hard_safety_slew_conflict,hard_safety_emergency,False,False,0.0,2.43010901831407,0.0,7.061018436615996e-14,0,0.0,0,0,0,1
corner_observer_pessimistic,original_mpc,154,none,slsqp,True,True,0.0,7.470681850918481e-09,0.0,0.0,0,0.0,0,0,0,0
corner_observer_pessimistic,recovery_mpc,154,hard_safety_slew_conflict,hard_safety_emergency,False,False,0.0,1.9825087092855966,0.0,0.0,0,0.0,0,0,0,1
corner_observer_pessimistic,original_mpc,155,none,slsqp,True,True,0.0,6.261657858885883e-10,0.0,0.0,0,0.0,0,0,0,0
corner_observer_pessimistic,recovery_mpc,155,hard_safety_slew_conflict,hard_safety_emergency,False,False,0.0,1.9863605234671695,0.0,4.118039242939631e-12,0,0.0,0,0,0,1
corner_observer_pessimistic,original_mpc,156,none,slsqp,True,True,0.0,2.1474377831509628e-09,0.0,0.0,0,0.0,0,0,0,0
corner_observer_pessimistic,recovery_mpc,156,hard_safety_slew_conflict,hard_safety_emergency,False,False,0.0,1.856589976954254,0.0,8.498091119690798e-12,0,0.0,0,0,0,1
corner_observer_pessimistic,original_mpc,161,none,slsqp,True,True,0.0,3.1995313065635855e-09,0.0,0.0,0,0.0,0,0,0,0
corner_observer_pessimistic,recovery_mpc,161,hard_safety_slew_conflict,hard_safety_emergency,False,False,0.0,1.6087352305876195,0.0,0.0,0,0.0,0,0,0,1
corner_observer_pessimistic,original_mpc,166,none,slsqp,True,True,0.0,6.919378847669577e-09,0.0,0.0,0,0.0,0,0,0,0
corner_observer_pessimistic,recovery_mpc,166,prediction_domain_infeasible_under_candidate_audit,slope_safe_emergency,False,False,0.0,1.1178905720872123,0.0,0.0,0,0.0,0,0,0,1
corner_observer_pessimistic,original_mpc,171,none,slsqp,False,False,0.0,0.10586395576751784,0.0,0.0,0,0.0,0,0,0,0
corner_observer_pessimistic,recovery_mpc,171,prediction_domain_infeasible_under_candidate_audit,slope_safe_emergency,False,False,0.0,1.1437219854739737,0.0,0.0,0,0.0,0,0,0,1
corner_observer_pessimistic,original_mpc,172,none,slsqp,False,False,0.0,0.09465101593313108,0.0,5.913758371889344e-11,0,0.0,0,0,0,0
corner_observer_pessimistic,recovery_mpc,172,prediction_domain_infeasible_under_candidate_audit,slope_safe_emergency,False,False,0.0,1.2189151869827555,0.0,9.104716980345984e-12,0,0.0,0,0,0,1
corner_observer_pessimistic,original_mpc,177,none,slsqp,True,True,0.0,6.697504773001128e-10,0.0,1.3322676295501878e-15,0,0.0,0,0,0,0
corner_observer_pessimistic,recovery_mpc,177,hard_safety_slew_conflict,hard_safety_emergency,False,False,0.0,1.5626316011241528,0.0,4.04032363121587e-12,3,4.0,0,0,0,1
corner_observer_pessimistic,original_mpc,178,none,slsqp,True,True,0.0,1.8498980125514208e-09,0.0,4.440892098500626e-16,0,0.0,0,0,0,0
corner_observer_pessimistic,recovery_mpc,178,prediction_domain_infeasible_under_candidate_audit,slope_safe_emergency,False,False,0.0,1.4283613497292365,0.0,0.0,0,0.0,0,0,0,1
corner_observer_pessimistic,original_mpc,179,none,slsqp,True,True,0.0,1.5711734135948063e-09,0.0,0.0,0,0.0,0,0,0,0
corner_observer_pessimistic,recovery_mpc,179,prediction_domain_infeasible_under_candidate_audit,slope_safe_emergency,False,False,0.0,1.1623222997716454,0.0,0.0,0,0.0,0,0,0,1
corner_observer_pessimistic,original_mpc,184,none,slsqp,True,True,0.0,1.794830950530013e-11,0.0,0.0,0,0.0,0,0,0,0
corner_observer_pessimistic,recovery_mpc,184,prediction_domain_infeasible_under_candidate_audit,slope_safe_emergency,False,False,0.0,1.0625007823528136,0.0,3.6148861681795097e-13,0,0.0,0,0,0,1
corner_observer_pessimistic,original_mpc,189,none,slsqp,False,False,0.0,0.04115627470204686,0.0,2.7360336218862358e-12,0,0.0,0,0,0,0
corner_observer_pessimistic,recovery_mpc,189,prediction_domain_infeasible_under_candidate_audit,slope_safe_emergency,False,False,0.0,1.490986238304636,0.0,1.47691681107176e-09,1,0.0,0,0,0,1
corner_observer_pessimistic,original_mpc,190,none,slsqp,True,True,0.0,9.430394243281626e-09,0.0,0.0,0,0.0,0,0,0,0
corner_observer_pessimistic,recovery_mpc,190,prediction_domain_infeasible_under_candidate_audit,slope_safe_emergency,False,False,0.0,1.4165274480373569,0.0,0.0,0,0.0,0,0,0,1
corner_observer_pessimistic,original_mpc,191,none,slsqp,True,True,0.0,1.2952199313076562e-09,0.0,0.0,0,0.0,0,0,0,0
corner_observer_pessimistic,recovery_mpc,191,prediction_domain_infeasible_under_candidate_audit,slope_safe_emergency,False,False,0.0,1.4927996581315526,0.0,0.02296777150537732,1,0.0,0,0,0,1
corner_observer_pessimistic,original_mpc,196,none,slsqp,False,False,0.0,0.01653424343961518,0.0,1.382538528105215e-11,0,0.0,0,0,0,0
corner_observer_pessimistic,recovery_mpc,196,hard_safety_slew_conflict,hard_safety_emergency,False,False,0.0,1.544620522616789,0.0,1.2101430968414206e-12,3,2.4000000000000004,0,0,0,1
corner_observer_pessimistic,original_mpc,197,none,slsqp,True,True,0.0,3.4464378018128627e-09,0.0,0.0,0,0.0,0,0,0,0
corner_observer_pessimistic,recovery_mpc,197,prediction_domain_infeasible_under_candidate_audit,slope_safe_emergency,False,False,0.0,1.4724457017671995,0.0,0.0,0,0.0,0,0,0,1
corner_observer_pessimistic,original_mpc,198,none,slsqp,True,True,0.0,2.7797355528491607e-09,0.0,0.0,0,0.0,0,0,0,0
corner_observer_pessimistic,recovery_mpc,198,prediction_domain_infeasible_under_candidate_audit,slope_safe_emergency,False,False,0.0,1.370628788547819,0.0,0.0,0,0.0,0,0,0,1
corner_observer_pessimistic,original_mpc,203,none,slsqp,False,False,0.0,0.19987344605203816,0.0,3.015365734881925e-13,0,0.0,0,0,0,0
corner_observer_pessimistic,recovery_mpc,203,hard_safety_slew_conflict,hard_safety_emergency,False,False,0.0,1.597125664049969,0.0,7.65698615623478e-12,2,2.0,0,0,0,1
corner_observer_pessimistic,original_mpc,204,none,slsqp,False,False,0.0,0.14502013993363505,0.0,4.2934544808304054e-11,0,0.0,0,0,0,0
corner_observer_pessimistic,recovery_mpc,204,hard_safety_slew_conflict,hard_safety_emergency,False,False,0.0,1.538519526973893,0.0,0.0,0,0.0,0,0,0,1
corner_observer_pessimistic,original_mpc,209,none,slsqp,True,True,0.0,6.8907013428543e-10,0.0,8.881784197001252e-16,0,0.0,0,0,0,0
corner_observer_pessimistic,recovery_mpc,209,prediction_domain_infeasible_under_candidate_audit,slope_safe_emergency,False,False,0.0,1.257944692890014,0.0,0.0,0,0.0,0,0,0,1
corner_observer_pessimistic,original_mpc,210,none,slsqp,True,True,0.0,3.2896778634494694e-09,0.0,0.0,0,0.0,0,0,0,0
corner_observer_pessimistic,recovery_mpc,210,prediction_domain_infeasible_under_candidate_audit,slope_safe_emergency,False,False,0.0,1.3102091889206093,0.0,0.0,0,0.0,0,0,0,1
corner_observer_pessimistic,original_mpc,215,none,slsqp,True,True,0.0,1.0617284829095297e-09,0.0,0.0,0,0.0,0,0,0,0
corner_observer_pessimistic,recovery_mpc,215,prediction_domain_infeasible_under_candidate_audit,slope_safe_emergency,False,False,0.0,1.1463891379011173,0.0,0.0,0,0.0,0,0,0,1
corner_observer_pessimistic,original_mpc,220,none,slsqp,True,True,0.0,5.487287069172453e-09,0.0,0.0,0,0.0,0,0,0,0
corner_observer_pessimistic,recovery_mpc,220,prediction_domain_infeasible_under_candidate_audit,slope_safe_emergency,False,False,0.0,1.2947588013307296,0.0,0.0,0,0.0,0,0,0,1
corner_observer_pessimistic,original_mpc,225,none,slsqp,True,True,0.0,8.771060322487756e-09,0.0,0.0,0,0.0,0,0,0,0
corner_observer_pessimistic,recovery_mpc,225,hard_safety_slew_conflict,hard_safety_emergency,False,False,0.0,1.824772331621162,0.0,1.9429677715015785,4,6.0,0,0,0,1
corner_observer_pessimistic,original_mpc,230,none,slsqp,True,True,0.0,2.016494704548677e-08,0.0,0.0,0,0.0,0,0,0,0
corner_observer_pessimistic,recovery_mpc,230,prediction_domain_infeasible_under_candidate_audit,slope_safe_emergency,False,False,0.0,1.3415800804213092,0.0,8.43769498715119e-15,0,0.0,0,0,0,1
corner_observer_pessimistic,original_mpc,235,none,slsqp,True,True,0.0,8.000213824743696e-10,0.0,0.0,0,0.0,0,0,0,0
corner_observer_pessimistic,recovery_mpc,235,prediction_domain_infeasible_under_candidate_audit,slope_safe_emergency,False,False,0.0,1.2480532016607526,0.0,0.0,0,0.0,0,0,0,1
corner_observer_pessimistic,original_mpc,240,none,slsqp,True,True,0.0,7.479385999431543e-10,0.0,0.0,0,0.0,0,0,0,0
corner_observer_pessimistic,recovery_mpc,240,prediction_domain_infeasible_under_candidate_audit,slope_safe_emergency,False,False,0.0,1.1042418767670057,0.0,0.0,0,0.0,0,0,0,1
corner_observer_pessimistic,original_mpc,245,none,slsqp,False,False,0.0,0.042579151860095976,0.0,5.351656473528976e-07,0,0.0,0,0,0,0
corner_observer_pessimistic,recovery_mpc,245,hard_safety_slew_conflict,hard_safety_emergency,False,False,0.0,1.5333438332166764,0.0,1.609823385706477e-12,2,1.65,0,0,0,1
corner_observer_pessimistic,original_mpc,246,none,slsqp,True,True,0.0,8.015263119887095e-09,0.0,0.0,0,0.0,0,0,0,0
corner_observer_pessimistic,recovery_mpc,246,prediction_domain_infeasible_under_candidate_audit,slope_safe_emergency,False,False,0.0,1.341224616540643,0.0,9.5776719888363e-12,0,0.0,0,0,0,1
corner_observer_pessimistic,original_mpc,247,none,slsqp,True,True,0.0,1.8197354734184046e-09,0.0,0.0,0,0.0,0,0,0,0
corner_observer_pessimistic,recovery_mpc,247,prediction_domain_infeasible_under_candidate_audit,slope_safe_emergency,False,False,0.0,1.4417350546887135,0.0,7.406963931089194e-12,0,0.0,0,0,0,1
corner_observer_pessimistic,original_mpc,248,none,slsqp,True,True,0.0,9.295227698657982e-09,0.0,0.0,0,0.0,0,0,0,0
corner_observer_pessimistic,recovery_mpc,248,prediction_domain_infeasible_under_candidate_audit,slope_safe_emergency,False,False,0.0,1.386638948034424,0.0,2.4804704956693513e-09,0,0.0,0,0,0,1
corner_observer_pessimistic,original_mpc,253,none,slsqp,True,True,0.0,2.270667209813837e-09,0.0,0.0,0,0.0,0,0,0,0
corner_observer_pessimistic,recovery_mpc,253,hard_safety_slew_conflict,hard_safety_emergency,False,False,0.0,1.6933954494684187,0.0,1.1029677715045656,4,5.159999999999999,0,0,0,1
corner_observer_pessimistic,original_mpc,258,none,slsqp,True,True,0.0,2.0592594296431344e-09,0.0,0.0,0,0.0,0,0,0,0
corner_observer_pessimistic,recovery_mpc,258,prediction_domain_infeasible_under_candidate_audit,slope_safe_emergency,False,False,0.0,1.1360813141971775,0.0,0.0,0,0.0,0,0,0,1
corner_observer_pessimistic,original_mpc,263,none,slsqp,True,True,0.0,4.58115323453967e-10,0.0,0.0,0,0.0,0,0,0,0
corner_observer_pessimistic,recovery_mpc,263,prediction_domain_infeasible_under_candidate_audit,slope_safe_emergency,False,False,0.0,0.9893083725166179,0.0,0.0,0,0.0,0,0,0,1
corner_observer_pessimistic,original_mpc,268,none,slsqp,True,True,0.0,5.944400527368998e-11,0.0,0.0,0,0.0,0,0,0,0
corner_observer_pessimistic,recovery_mpc,268,prediction_domain_infeasible_under_candidate_audit,slope_safe_emergency,False,False,0.0,0.8004602024710934,0.0,1.2494005829921662e-11,0,0.0,0,0,0,1
corner_observer_pessimistic,original_mpc,273,none,slsqp,True,True,0.0,2.003950783091568e-08,0.0,0.0,0,0.0,0,0,0,0
corner_observer_pessimistic,recovery_mpc,273,prediction_domain_infeasible_under_candidate_audit,slope_safe_emergency,False,False,0.0,1.1930452825377813,0.0,1.1244338793403585e-12,0,0.0,0,0,0,1
corner_observer_pessimistic,original_mpc,278,none,slsqp,False,False,0.0,0.06666609037886673,0.0,0.00019763617766388464,0,0.0,0,0,0,0
corner_observer_pessimistic,recovery_mpc,278,hard_safety_slew_conflict,hard_safety_emergency,False,False,0.0002768666225838601,1.9126473933301185,0.0,1.9429677762670101,4,6.0,0,0,0,1
corner_observer_pessimistic,original_mpc,279,none,slsqp,True,True,0.0,2.1150420081994525e-08,0.0,8.881784197001252e-16,0,0.0,0,0,0,0
corner_observer_pessimistic,recovery_mpc,279,hard_safety_slew_conflict,hard_safety_emergency,False,False,0.0,1.7367041327339336,0.0,4.263256414560601e-14,0,0.0,0,0,0,1
corner_observer_pessimistic,original_mpc,280,none,slsqp,True,True,0.0,3.090860900556436e-11,0.0,0.0,0,0.0,0,0,0,0
corner_observer_pessimistic,recovery_mpc,280,hard_safety_slew_conflict,hard_safety_emergency,False,False,0.0,1.6180934314973854,0.0,0.0,0,0.0,0,0,0,1
corner_observer_pessimistic,original_mpc,281,none,slsqp,True,True,0.0,5.64184432505499e-09,0.0,0.0,0,0.0,0,0,0,0
corner_observer_pessimistic,recovery_mpc,281,hard_safety_slew_conflict,hard_safety_emergency,False,False,0.0,1.5273130969902127,0.0,2.0813306633726825e-10,0,0.0,0,0,0,1
corner_observer_pessimistic,original_mpc,286,none,slsqp,True,True,0.0,4.475353421184991e-10,0.0,0.0,0,0.0,0,0,0,0
corner_observer_pessimistic,recovery_mpc,286,prediction_domain_infeasible_under_candidate_audit,slope_safe_emergency,False,False,0.0,1.0975530116130514,0.0,0.0,0,0.0,0,0,0,1
corner_observer_pessimistic,original_mpc,291,none,slsqp,False,False,0.0036297041273600783,0.15640368348417155,0.0,3.3661962106634746e-12,0,0.0,0,0,0,0
corner_observer_pessimistic,recovery_mpc,291,prediction_domain_infeasible_under_candidate_audit,slope_safe_emergency,False,False,0.0,1.1441577978510793,0.0,0.0,0,0.0,0,0,0,1
corner_observer_pessimistic,original_mpc,292,none,slsqp,True,True,0.0,8.309086751978612e-11,0.0,0.0,0,0.0,0,0,0,0
corner_observer_pessimistic,recovery_mpc,292,prediction_domain_infeasible_under_candidate_audit,slope_safe_emergency,False,False,0.0005323775251824259,1.0056117160980875,0.0,2.1889157153509586e-12,0,0.0,0,0,0,1
corner_observer_pessimistic,original_mpc,293,none,slsqp,True,True,3.2440716779547074e-11,1.8971846316162555e-09,0.0,0.0,0,0.0,0,0,0,0
corner_observer_pessimistic,recovery_mpc,293,prediction_domain_infeasible_under_candidate_audit,slope_safe_emergency,False,False,0.004844173093706772,1.1737445019571595,0.0,0.0,0,0.0,0,0,0,1
corner_observer_pessimistic,original_mpc,298,none,slsqp,True,True,0.0,9.046630111697596e-11,0.0,0.0,0,0.0,0,0,0,0
corner_observer_pessimistic,recovery_mpc,298,hard_safety_slew_conflict,hard_safety_emergency,False,False,0.018766158678581668,1.893547302182057,0.0,1.9429677715045157,4,6.0,0,0,0,1
corner_observer_pessimistic,original_mpc,299,none,slsqp,True,True,1.836752971939859e-12,1.4869527831251617e-10,0.0,0.0,0,0.0,0,0,0,0
corner_observer_pessimistic,recovery_mpc,299,hard_safety_slew_conflict,hard_safety_emergency,False,False,0.008168687238534922,1.6444329302104066,0.0,0.0,0,0.0,0,0,0,1
corner_observer_pessimistic,original_mpc,304,none,slsqp,True,True,3.056221942188131e-11,4.87383999825397e-09,0.0,0.0,0,0.0,0,0,0,0
corner_observer_pessimistic,recovery_mpc,304,prediction_domain_infeasible_under_candidate_audit,slope_safe_emergency,False,False,0.009033140744528545,1.3924350948558555,0.0,2.262243725681401e-10,0,0.0,0,0,0,1
corner_observer_pessimistic,original_mpc,309,none,slsqp,True,True,5.542233338928781e-13,1.3181988833821379e-10,0.0,0.0,0,0.0,0,0,0,0
corner_observer_pessimistic,recovery_mpc,309,prediction_domain_infeasible_under_candidate_audit,slope_safe_emergency,False,False,0.010885559399635092,1.1899987310137874,0.0,2.032491508430212e-09,0,0.0,0,0,0,1
corner_observer_pessimistic,original_mpc,314,none,slsqp,True,True,1.7985612998927536e-12,3.1801050681679044e-10,0.0,0.0,0,0.0,0,0,0,0
corner_observer_pessimistic,recovery_mpc,314,prediction_domain_infeasible_under_candidate_audit,slope_safe_emergency,False,False,0.0242231951791414,1.26351116110731,0.0,5.137223979545524e-12,0,0.0,0,0,0,1
corner_observer_pessimistic,original_mpc,319,none,slsqp,True,True,6.73772149184515e-12,1.0876277656279854e-10,0.0,8.881784197001252e-16,0,0.0,0,0,0,0
corner_observer_pessimistic,recovery_mpc,319,hard_safety_slew_conflict,hard_safety_emergency,False,False,0.03644010442489254,1.5230018123017146,0.0,4.238387418808998e-12,2,1.0999999999999996,0,0,0,1
corner_observer_pessimistic,original_mpc,320,none,slsqp,True,True,1.2716938613266393e-11,1.5532251040895062e-09,0.0,0.0,0,0.0,0,0,0,0
corner_observer_pessimistic,recovery_mpc,320,prediction_domain_infeasible_under_candidate_audit,slope_safe_emergency,False,False,0.029416311784114413,1.4478257627705204,0.0,1.4019896354966477e-12,0,0.0,0,0,0,1
corner_observer_pessimistic,original_mpc,325,none,slsqp,True,True,0.0,5.987033091514604e-11,0.0,0.0,0,0.0,0,0,0,0
corner_observer_pessimistic,recovery_mpc,325,prediction_domain_infeasible_under_candidate_audit,slope_safe_emergency,False,False,0.035963903833684974,1.2982978368434104,0.0,8.139711127341798e-12,0,0.0,0,0,0,1
corner_observer_pessimistic,original_mpc,330,none,slsqp,True,True,3.234212897496036e-11,3.3825102718765265e-09,0.0,0.0,0,0.0,0,0,0,0
corner_observer_pessimistic,recovery_mpc,330,hard_safety_slew_conflict,hard_safety_emergency,False,False,0.04797492068924658,1.642103891681849,0.0,0.022967771505653545,4,4.08,0,0,0,1
corner_observer_pessimistic,original_mpc,335,none,slsqp,False,False,5.595524044110789e-14,0.0019823120174962128,0.0,1.1217693440812582e-12,0,0.0,0,0,0,0
corner_observer_pessimistic,recovery_mpc,335,prediction_domain_infeasible_under_candidate_audit,slope_safe_emergency,False,False,0.03686286889093182,1.3154066778977622,0.0,0.0,0,0.0,0,0,0,1
corner_observer_pessimistic,original_mpc,336,none,slsqp,True,True,8.102638560103514e-10,0.0,0.0,0.0,0,0.0,0,0,0,0
corner_observer_pessimistic,recovery_mpc,336,prediction_domain_infeasible_under_candidate_audit,slope_safe_emergency,False,False,0.036542773954844066,1.2362770250073396,0.0,0.0,0,0.0,0,0,0,1
corner_observer_pessimistic,original_mpc,337,none,slsqp,True,True,2.930988785010413e-14,0.0,0.0,0.0,0,0.0,0,0,0,0
corner_observer_pessimistic,recovery_mpc,337,prediction_domain_infeasible_under_candidate_audit,slope_safe_emergency,False,False,0.04445190230740703,1.254402391147309,0.0,3.4772185131259903e-12,0,0.0,0,0,0,1
corner_observer_pessimistic,original_mpc,342,none,slsqp,False,False,0.0037899854461480587,0.05559697517103501,0.0,9.663381206337363e-13,0,0.0,0,0,0,0
corner_observer_pessimistic,recovery_mpc,342,hard_safety_slew_conflict,hard_safety_emergency,False,False,0.05776005076078761,1.5771963683793544,0.0,0.0,3,4.0,0,0,0,1
corner_observer_pessimistic,original_mpc,343,none,slsqp,True,True,0.0,0.0,0.0,4.440892098500626e-16,0,0.0,0,0,0,0
corner_observer_pessimistic,recovery_mpc,343,prediction_domain_infeasible_under_candidate_audit,slope_safe_emergency,False,False,0.04707367073685198,1.4728141298933934,0.0,0.0,0,0.0,0,0,0,1
corner_observer_pessimistic,original_mpc,348,none,slsqp,True,True,2.6599211722100335e-09,0.0,0.0,2.220446049250313e-15,0,0.0,0,0,0,0
corner_observer_pessimistic,recovery_mpc,348,prediction_domain_infeasible_under_candidate_audit,slope_safe_emergency,False,False,0.04961446375020451,1.1654878835014415,0.0,0.0,0,0.0,0,0,0,1
corner_observer_pessimistic,original_mpc,349,none,slsqp,True,True,1.8278711877428577e-12,0.0,0.0,0.0,0,0.0,0,0,0,0
corner_observer_pessimistic,recovery_mpc,349,prediction_domain_infeasible_under_candidate_audit,slope_safe_emergency,False,False,0.057403557586224174,1.1113804975424557,0.0,0.0,0,0.0,0,0,0,1
corner_observer_pessimistic,original_mpc,350,none,slsqp,True,True,4.3431924723336124e-13,0.0,0.0,0.0,0,0.0,0,0,0,0
corner_observer_pessimistic,recovery_mpc,350,prediction_domain_infeasible_under_candidate_audit,slope_safe_emergency,False,False,0.06277491160376591,1.1649943309878594,0.0,1.3322676295501878e-15,0,0.0,0,0,0,1
corner_observer_pessimistic,original_mpc,355,none,slsqp,True,True,1.7820411812863313e-11,0.0,0.0,0.0,0,0.0,0,0,0,0
corner_observer_pessimistic,recovery_mpc,355,hard_safety_slew_conflict,hard_safety_emergency,False,False,0.07142702623603103,1.730950685968736,0.0,0.5029677715045668,4,4.5600000000000005,0,0,0,1
corner_observer_pessimistic,original_mpc,360,none,slsqp,False,False,0.002277246686502643,0.05762939633869024,0.0,1.3100631690576847e-13,0,0.0,0,0,0,0
corner_observer_pessimistic,recovery_mpc,360,hard_safety_slew_conflict,hard_safety_emergency,False,False,0.060461294397549104,1.5397525432505361,0.0,0.0,0,0.0,0,0,0,1
corner_observer_pessimistic,original_mpc,361,none,slsqp,True,True,1.6818280101915661e-10,0.0,0.0,0.0,0,0.0,0,0,0,0
corner_observer_pessimistic,recovery_mpc,361,prediction_domain_infeasible_under_candidate_audit,slope_safe_emergency,False,False,0.060227551862658046,1.4304514358951224,0.0,0.0,0,0.0,0,0,0,1
corner_observer_pessimistic,original_mpc,362,none,slsqp,True,True,2.8157129960959537e-09,0.0,0.0,0.0,0,0.0,0,0,0,0
corner_observer_pessimistic,recovery_mpc,362,prediction_domain_infeasible_under_candidate_audit,slope_safe_emergency,False,False,0.06058694146837773,1.2932868731034617,0.0,0.0,0,0.0,0,0,0,1
corner_observer_pessimistic,original_mpc,367,none,slsqp,True,True,1.8831158854482055e-11,0.0,0.0,0.0,0,0.0,0,0,0,0
corner_observer_pessimistic,recovery_mpc,367,prediction_domain_infeasible_under_candidate_audit,slope_safe_emergency,False,False,0.07555043020849972,1.1190485171473554,0.0,0.0,0,0.0,0,0,0,1
corner_observer_pessimistic,original_mpc,372,none,slsqp,True,True,8.925304939566558e-12,0.0,0.0,0.0,0,0.0,0,0,0,0
corner_observer_pessimistic,recovery_mpc,372,prediction_domain_infeasible_under_candidate_audit,slope_safe_emergency,False,False,0.08535936025105961,1.1857549259848739,0.0,0.0,1,0.0,0,0,0,1
corner_observer_pessimistic,original_mpc,377,none,slsqp,True,True,3.880451515669847e-12,0.0,0.0,0.0,0,0.0,0,0,0,0
corner_observer_pessimistic,recovery_mpc,377,prediction_domain_infeasible_under_candidate_audit,slope_safe_emergency,False,False,0.08906121430085889,1.280566071426307,0.004060953240492049,0.0,1,0.0,0,0,0,1
corner_observer_pessimistic,original_mpc,382,none,slsqp,True,True,1.9459100997210044e-11,0.0,0.0,0.0,0,0.0,0,0,0,0
corner_observer_pessimistic,recovery_mpc,382,hard_safety_slew_conflict,hard_safety_emergency,False,False,0.08675482359152831,1.51779226709845,0.010007782183813152,8.498091119690798e-12,2,1.0799999999999996,0,0,0,1
corner_observer_pessimistic,original_mpc,387,none,slsqp,True,True,1.2940759575030825e-12,0.0,0.0,0.0,0,0.0,0,0,0,0
corner_observer_pessimistic,recovery_mpc,387,prediction_domain_infeasible_under_candidate_audit,slope_safe_emergency,False,False,0.08005456180464154,1.0983151467506147,0.0051044561676405475,0.0,0,0.0,0,0,0,1
corner_observer_pessimistic,original_mpc,392,none,slsqp,True,True,4.740208225939568e-12,0.0,0.0,0.0,0,0.0,0,0,0,0
corner_observer_pessimistic,recovery_mpc,392,prediction_domain_infeasible_under_candidate_audit,slope_safe_emergency,False,False,0.0905759105090409,1.119142909429705,0.015742311098232098,0.0,0,0.0,0,0,0,1
corner_observer_pessimistic,original_mpc,397,none,slsqp,True,True,6.410871833395504e-12,0.0,0.0,0.0,0,0.0,0,0,0,0
corner_observer_pessimistic,recovery_mpc,397,prediction_domain_infeasible_under_candidate_audit,slope_safe_emergency,False,False,0.1065833895100674,0.9945913719072266,0.02586911421732163,0.0,1,0.0,0,0,0,1
corner_observer_pessimistic,original_mpc,402,none,slsqp,True,True,1.5072387782311125e-12,0.0,0.0,0.0,0,0.0,0,0,0,0
corner_observer_pessimistic,recovery_mpc,402,prediction_domain_infeasible_under_candidate_audit,slope_safe_emergency,False,False,0.10148989881542825,0.9475526813752921,0.029842044470974716,3.623767952376511e-12,1,0.0,0,0,0,1
corner_observer_pessimistic,original_mpc,407,none,slsqp,True,True,0.0,0.0,0.0,0.0,0,0.0,0,0,0,0
corner_observer_pessimistic,recovery_mpc,407,prediction_domain_infeasible_under_candidate_audit,slope_safe_emergency,False,False,0.08083098829815505,1.142657961110146,0.027279256163079357,1.5587531265737198e-12,1,0.0,0,0,0,1
corner_observer_pessimistic,original_mpc,412,none,slsqp,True,True,1.9965362696439115e-10,0.0,8.43769498715119e-15,0.0,0,0.0,0,0,0,0
corner_observer_pessimistic,recovery_mpc,412,prediction_domain_infeasible_under_candidate_audit,slope_safe_emergency,False,False,0.07787283262592304,1.234484149763972,0.034240623297691286,1.9480417279282847e-11,1,0.0,0,0,0,1
corner_observer_pessimistic,original_mpc,417,none,slsqp,True,True,8.881784197001252e-16,0.0,0.0,0.0,0,0.0,0,0,0,0
corner_observer_pessimistic,recovery_mpc,417,prediction_domain_infeasible_under_candidate_audit,slope_safe_emergency,False,False,0.11570223178343486,1.0384733303239244,0.04569989818789433,4.646949491871055e-12,1,0.0,0,0,0,1
corner_observer_pessimistic,original_mpc,422,none,slsqp,True,True,1.7763568394002505e-15,0.0,1.257728476922182e-09,0.0,0,0.0,0,0,0,0
corner_observer_pessimistic,recovery_mpc,422,prediction_domain_infeasible_under_candidate_audit,slope_safe_emergency,False,False,0.0742212551378012,1.273940376685303,0.019921031101511555,3.0464519795714295e-13,1,0.0,0,0,0,1
corner_observer_pessimistic,original_mpc,427,none,slsqp,True,True,8.881784197001252e-16,0.0,4.773959005888173e-15,0.0,0,0.0,0,0,0,0
corner_observer_pessimistic,recovery_mpc,427,prediction_domain_infeasible_under_candidate_audit,slope_safe_emergency,False,False,0.05407670833677525,1.0059662158519274,0.01417216871212812,1.1148415524075972e-11,0,0.0,0,0,0,1
corner_observer_pessimistic,original_mpc,432,none,slsqp,True,True,0.0,0.0,0.0,0.0,0,0.0,0,0,0,0
corner_observer_pessimistic,recovery_mpc,432,prediction_domain_infeasible_under_candidate_audit,slope_safe_emergency,False,False,0.11267018770034287,0.7503396344266093,0.049049662362107616,1.1019629653219454e-11,1,0.0,0,0,0,1
corner_observer_pessimistic,original_mpc,437,none,slsqp,True,True,0.0,0.0,8.89144535776154e-10,0.0,0,0.0,0,0,0,0
corner_observer_pessimistic,recovery_mpc,437,prediction_domain_infeasible_under_candidate_audit,slope_safe_emergency,False,False,0.099957399284758,0.686127163426093,0.04077233957207138,0.0,0,0.0,0,0,0,1
corner_observer_pessimistic,original_mpc,442,none,slsqp,True,True,1.7763568394002505e-15,0.0,0.0,0.0,0,0.0,0,0,0,0
corner_observer_pessimistic,recovery_mpc,442,prediction_domain_infeasible_under_candidate_audit,slope_safe_emergency,False,False,0.09267120453710209,0.4873070667645365,0.04439418586313992,6.9118044621063746e-12,0,0.0,0,0,0,1
corner_observer_pessimistic,original_mpc,447,none,slsqp,True,True,8.881784197001252e-16,0.0,0.0,0.0,0,0.0,0,0,0,0
corner_observer_pessimistic,recovery_mpc,447,prediction_domain_infeasible_under_candidate_audit,slope_safe_emergency,False,False,0.05082973217377784,0.15037817674487286,0.03587121463038945,8.881784197001252e-15,0,0.0,0,0,0,1
corner_observer_pessimistic,original_mpc,452,none,slsqp,True,True,0.0,0.0,7.929445988708039e-11,0.0,0,0.0,0,0,0,0
corner_observer_pessimistic,recovery_mpc,452,prediction_domain_infeasible_under_candidate_audit,slope_safe_emergency,False,False,0.0,0.07054412162476353,0.0036789124092068137,0.0,0,0.0,0,0,0,1
corner_observer_pessimistic,original_mpc,457,none,slsqp,True,True,0.0,0.0,0.0,0.0,0,0.0,0,0,0,0
corner_observer_pessimistic,recovery_mpc,457,none,slsqp,True,True,0.0,0.0,8.685451802215027e-09,0.0,0,0.0,0,0,0,0
corner_observer_pessimistic,original_mpc,462,none,slsqp,True,True,0.0,0.0,4.2118974974414414e-11,0.0,0,0.0,0,0,0,0
corner_observer_pessimistic,recovery_mpc,462,none,slsqp,True,True,0.0,0.0,8.685451802215027e-09,0.0,0,0.0,0,0,0,0
corner_observer_pessimistic,original_mpc,467,none,slsqp,True,True,0.0,0.0,0.0,0.0,0,0.0,0,0,0,0
corner_observer_pessimistic,recovery_mpc,467,none,slsqp,True,True,0.0,0.0,8.685451802215027e-09,0.0,0,0.0,0,0,0,0
corner_observer_pessimistic,original_mpc,472,none,slsqp,True,True,0.0,0.0,0.0,0.0,0,0.0,0,0,0,0
corner_observer_pessimistic,recovery_mpc,472,none,slsqp,True,True,0.0,0.0,8.685451802215027e-09,0.0,0,0.0,0,0,0,0
corner_observer_pessimistic,original_mpc,477,none,slsqp,True,True,0.0,0.0,0.0,0.0,0,0.0,0,0,0,0
corner_observer_pessimistic,recovery_mpc,477,none,slsqp,True,True,0.0,0.0,8.685451802215027e-09,0.0,0,0.0,0,0,0,0
lhs_001,original_mpc,1,none,slsqp,True,True,0.0,1.257433268619934e-09,0.0,0.0,0,0.0,0,0,0,0
lhs_001,recovery_mpc,1,none,slsqp,True,True,0.0,1.257433268619934e-09,0.0,0.0,0,0.0,0,0,0,0
lhs_001,original_mpc,2,none,slsqp,True,True,0.0,6.194937895998009e-10,0.0,2.6645352591003757e-15,0,0.0,0,0,0,0
lhs_001,recovery_mpc,2,none,slsqp,True,True,0.0,6.194937895998009e-10,0.0,2.6645352591003757e-15,0,0.0,0,0,0,0
lhs_001,original_mpc,3,none,slsqp,True,True,0.0,8.243489446613239e-09,0.0,1.7763568394002505e-15,0,0.0,0,0,0,0
lhs_001,recovery_mpc,3,none,slsqp,True,True,0.0,8.243489446613239e-09,0.0,1.7763568394002505e-15,0,0.0,0,0,0,0
lhs_001,original_mpc,4,none,slsqp,True,True,0.0,1.1671801303236862e-09,0.0,1.7763568394002505e-15,0,0.0,0,0,0,0
lhs_001,recovery_mpc,4,none,slsqp,True,True,0.0,1.1671801303236862e-09,0.0,1.7763568394002505e-15,0,0.0,0,0,0,0
lhs_001,original_mpc,5,none,slsqp,True,True,0.0,1.9897328229490086e-10,0.0,0.0,0,0.0,0,0,0,0
lhs_001,recovery_mpc,5,none,slsqp,True,True,0.0,1.9897328229490086e-10,0.0,0.0,0,0.0,0,0,0,0
lhs_001,original_mpc,6,none,slsqp,True,True,0.0,2.5838886585916043e-09,0.0,0.0,0,0.0,0,0,0,0
lhs_001,recovery_mpc,6,none,slsqp,True,True,0.0,2.5838886585916043e-09,0.0,0.0,0,0.0,0,0,0,0
lhs_001,original_mpc,11,none,slsqp,True,True,0.0,2.4602115900052013e-09,0.0,0.0,0,0.0,0,0,0,0
lhs_001,recovery_mpc,11,none,slsqp,True,True,0.0,2.4602115900052013e-09,0.0,0.0,0,0.0,0,0,0,0
lhs_001,original_mpc,16,none,slsqp,True,True,0.0,8.461924494440609e-09,0.0,0.0,0,0.0,0,0,0,0
lhs_001,recovery_mpc,16,none,slsqp,True,True,0.0,8.461924494440609e-09,0.0,0.0,0,0.0,0,0,0,0
lhs_001,original_mpc,21,none,slsqp,True,True,0.0,5.7057292224271805e-09,0.0,0.0,0,0.0,0,0,0,0
lhs_001,recovery_mpc,21,none,slsqp,True,True,0.0,5.7057292224271805e-09,0.0,0.0,0,0.0,0,0,0,0
lhs_001,original_mpc,26,none,slsqp,True,True,0.0,1.460591647628462e-09,0.0,0.0,0,0.0,0,0,0,0
lhs_001,recovery_mpc,26,none,slsqp,True,True,0.0,1.460591647628462e-09,0.0,0.0,0,0.0,0,0,0,0
lhs_001,original_mpc,31,none,slsqp,True,True,0.0,1.5670877928641858e-09,0.0,0.0,0,0.0,0,0,0,0
lhs_001,recovery_mpc,31,none,slsqp,True,True,0.0,1.5670877928641858e-09,0.0,0.0,0,0.0,0,0,0,0
lhs_001,original_mpc,36,none,slsqp,True,True,0.0,9.251266419596504e-11,0.0,0.0,0,0.0,0,0,0,0
lhs_001,recovery_mpc,36,none,slsqp,True,True,0.0,9.251266419596504e-11,0.0,0.0,0,0.0,0,0,0,0
lhs_001,original_mpc,41,none,slsqp,True,True,0.0,9.459739658268518e-10,0.0,0.0,0,0.0,0,0,0,0
lhs_001,recovery_mpc,41,none,slsqp,True,True,0.0,9.459739658268518e-10,0.0,0.0,0,0.0,0,0,0,0
lhs_001,original_mpc,46,none,slsqp,True,True,0.0,1.1134275723634346e-09,0.0,0.0,0,0.0,0,0,0,0
lhs_001,recovery_mpc,46,none,slsqp,True,True,0.0,1.1134275723634346e-09,0.0,0.0,0,0.0,0,0,0,0
lhs_001,original_mpc,51,none,slsqp,True,True,0.0,0.0,0.0,0.0,0,0.0,0,0,0,0
lhs_001,recovery_mpc,51,none,slsqp,True,True,0.0,0.0,0.0,0.0,0,0.0,0,0,0,0
lhs_001,original_mpc,56,none,slsqp,True,True,0.0,7.574385563202668e-12,0.0,0.0,0,0.0,0,0,0,0
lhs_001,recovery_mpc,56,none,slsqp,True,True,0.0,7.574385563202668e-12,0.0,0.0,0,0.0,0,0,0,0
lhs_001,original_mpc,61,none,slsqp,True,True,0.0,9.85203030268167e-10,0.0,0.0,0,0.0,0,0,0,0
lhs_001,recovery_mpc,61,none,slsqp,True,True,0.0,9.85203030268167e-10,0.0,0.0,0,0.0,0,0,0,0
lhs_001,original_mpc,66,none,slsqp,True,True,0.0,1.144940142694395e-09,0.0,0.0,0,0.0,0,0,0,0
lhs_001,recovery_mpc,66,none,slsqp,True,True,0.0,1.144940142694395e-09,0.0,0.0,0,0.0,0,0,0,0
lhs_001,original_mpc,71,none,slsqp,True,True,0.0,4.417678667323344e-09,0.0,0.0,0,0.0,0,0,0,0
lhs_001,recovery_mpc,71,none,slsqp,True,True,0.0,4.417678667323344e-09,0.0,0.0,0,0.0,0,0,0,0
lhs_001,original_mpc,76,none,slsqp,True,True,0.0,2.0775985376531025e-09,0.0,0.0,0,0.0,0,0,0,0
lhs_001,recovery_mpc,76,none,slsqp,True,True,0.0,2.0775985376531025e-09,0.0,0.0,0,0.0,0,0,0,0
lhs_001,original_mpc,81,none,slsqp,True,True,0.0,1.2240164437571366e-09,0.0,0.0,0,0.0,0,0,0,0
lhs_001,recovery_mpc,81,none,slsqp,True,True,0.0,1.2240164437571366e-09,0.0,0.0,0,0.0,0,0,0,0
lhs_001,original_mpc,86,none,slsqp,False,False,0.0,0.079531215902648,0.0,4.105160655853979e-12,0,0.0,0,0,0,0
lhs_001,recovery_mpc,86,prediction_domain_infeasible_under_candidate_audit,slope_safe_emergency,False,False,0.0,0.079531215902648,0.0,4.105160655853979e-12,0,0.0,0,0,0,1
lhs_001,original_mpc,87,none,slsqp,True,True,0.0,7.136335966606566e-10,0.0,1.7763568394002505e-15,0,0.0,0,0,0,0
lhs_001,recovery_mpc,87,prediction_domain_infeasible_under_candidate_audit,slope_safe_emergency,False,False,0.0,0.29393868350310726,0.0,0.0,0,0.0,0,0,0,1
lhs_001,original_mpc,92,none,slsqp,True,True,0.0,5.471633812703658e-09,0.0,0.0,0,0.0,0,0,0,0
lhs_001,recovery_mpc,92,prediction_domain_infeasible_under_candidate_audit,slope_safe_emergency,False,False,0.0,1.156029453497709,0.0,1.997514118451961,0,0.0,0,0,0,1
lhs_001,original_mpc,93,none,slsqp,True,True,0.0,8.422418318332348e-10,0.0,0.0,0,0.0,0,0,0,0
lhs_001,recovery_mpc,93,hard_safety_slew_conflict,hard_safety_emergency,False,False,0.0,1.467141808012066,0.0,3.4200721159381358,2,1.25,0,0,0,1
lhs_001,original_mpc,94,none,slsqp,True,True,0.0,5.325588858795527e-10,0.0,0.0,0,0.0,0,0,0,0
lhs_001,recovery_mpc,94,hard_safety_slew_conflict,hard_safety_emergency,False,False,0.0,1.6839411062926501,0.0,0.1400721159399705,4,4.72,0,0,0,1
lhs_001,original_mpc,99,none,slsqp,True,True,0.0,2.2272601540862524e-08,0.0,0.0,0,0.0,0,0,0,0
lhs_001,recovery_mpc,99,prediction_domain_infeasible_under_candidate_audit,slope_safe_emergency,False,False,0.0,1.1673700409159977,0.0,9.887202168101794e-12,0,0.0,0,0,0,1
lhs_001,original_mpc,104,none,slsqp,True,True,0.0,1.4172726992001117e-08,0.0,0.0,0,0.0,0,0,0,0
lhs_001,recovery_mpc,104,prediction_domain_infeasible_under_candidate_audit,slope_safe_emergency,False,False,0.0,0.7751911615773253,0.0,5.329070518200751e-15,0,0.0,0,0,0,1
lhs_001,original_mpc,109,none,slsqp,False,False,0.0,0.11128743292364618,0.0,3.0948577034450864e-12,0,0.0,0,0,0,0
lhs_001,recovery_mpc,109,prediction_domain_infeasible_under_candidate_audit,slope_safe_emergency,False,False,0.0,0.8454715888020772,0.0,5.5502269447060826e-12,0,0.0,0,0,0,1
lhs_001,original_mpc,110,none,slsqp,False,False,0.0,0.09282067881397893,0.0,2.156008704901069e-11,0,0.0,0,0,0,0
lhs_001,recovery_mpc,110,prediction_domain_infeasible_under_candidate_audit,slope_safe_emergency,False,False,0.0,1.0261267865466195,0.0,5.1953996660358825e-12,0,0.0,0,0,0,1
lhs_001,original_mpc,115,none,slsqp,False,False,0.0,0.08120225939791936,0.0,3.977129736654206e-11,0,0.0,0,0,0,0
lhs_001,recovery_mpc,115,hard_safety_slew_conflict,hard_safety_emergency,False,False,0.0,2.0595404555083334,0.0,1.420072115940786,4,6.0,0,0,0,1
lhs_001,original_mpc,120,none,slsqp,True,True,0.0,5.252545065559389e-10,0.0,1.7763568394002505e-15,0,0.0,0,0,0,0
lhs_001,recovery_mpc,120,prediction_domain_infeasible_under_candidate_audit,slope_safe_emergency,False,False,0.0,1.3776798596897066,0.0,3.965716643961059e-12,0,0.0,0,0,0,1
lhs_001,original_mpc,121,none,slsqp,True,True,0.0,1.6324008811352542e-10,0.0,8.881784197001252e-16,0,0.0,0,0,0,0
lhs_001,recovery_mpc,121,prediction_domain_infeasible_under_candidate_audit,slope_safe_emergency,False,False,0.0,1.2759930208794756,0.0,1.3322676295501878e-15,0,0.0,0,0,0,1
lhs_001,original_mpc,122,none,slsqp,True,True,0.0,1.2726530940199154e-10,0.0,8.881784197001252e-16,0,0.0,0,0,0,0
lhs_001,recovery_mpc,122,prediction_domain_infeasible_under_candidate_audit,slope_safe_emergency,False,False,0.0,1.1629826079048584,0.0,0.0,0,0.0,0,0,0,1
lhs_001,original_mpc,123,none,slsqp,True,True,0.0,6.81197320773208e-11,0.0,0.0,0,0.0,0,0,0,0
lhs_001,recovery_mpc,123,prediction_domain_infeasible_under_candidate_audit,slope_safe_emergency,False,False,0.0,1.2628684373999306,0.0,4.574118861455645e-14,0,0.0,0,0,0,1
lhs_001,original_mpc,128,none,slsqp,True,True,0.0,2.3116371039577643e-09,0.0,0.0,0,0.0,0,0,0,0
lhs_001,recovery_mpc,128,hard_safety_slew_conflict,hard_safety_emergency,False,False,0.0,2.0437166552832196,0.0,1.42007211594247,4,6.0,0,0,0,1
lhs_001,original_mpc,133,none,slsqp,True,True,0.0,3.372420565028733e-09,0.0,0.0,0,0.0,0,0,0,0
lhs_001,recovery_mpc,133,prediction_domain_infeasible_under_candidate_audit,slope_safe_emergency,False,False,0.0,1.436425545731062,0.0,2.731148640577885e-12,0,0.0,0,0,0,1
lhs_001,original_mpc,138,none,slsqp,False,False,0.0,0.06675855033082456,0.0,2.4638069362481474e-12,0,0.0,0,0,0,0
lhs_001,recovery_mpc,138,prediction_domain_infeasible_under_candidate_audit,slope_safe_emergency,False,False,0.0,1.2278308625043337,0.0,0.0,0,0.0,0,0,0,1
lhs_001,original_mpc,139,none,slsqp,True,True,0.0,1.8019086667209194e-08,0.0,8.881784197001252e-16,0,0.0,0,0,0,0
lhs_001,recovery_mpc,139,prediction_domain_infeasible_under_candidate_audit,slope_safe_emergency,False,False,0.0,1.2638036247320912,0.0,1.4559908834144153e-11,0,0.0,0,0,0,1
lhs_001,original_mpc,144,none,slsqp,True,True,0.0,1.8336621110393025e-09,0.0,2.6645352591003757e-15,0,0.0,0,0,0,0
lhs_001,recovery_mpc,144,prediction_domain_infeasible_under_candidate_audit,slope_safe_emergency,False,False,0.0,1.3839621392555017,0.0,4.46709336188178e-12,0,0.0,0,0,0,1
lhs_001,original_mpc,145,none,slsqp,True,True,0.0,8.764587278164981e-09,0.0,0.0,0,0.0,0,0,0,0
lhs_001,recovery_mpc,145,hard_safety_slew_conflict,hard_safety_emergency,False,False,0.0,1.5484981656783745,0.0,1.3400721159382503,3,3.5700000000000003,0,0,0,1
lhs_001,original_mpc,146,none,slsqp,True,True,0.0,2.8331825774330355e-09,0.0,0.0,0,0.0,0,0,0,0
lhs_001,recovery_mpc,146,prediction_domain_infeasible_under_candidate_audit,slope_safe_emergency,False,False,0.0,1.4550853751666253,0.0,0.0,0,0.0,0,0,0,1
lhs_001,original_mpc,151,none,slsqp,True,True,0.0,3.721446262261452e-09,0.0,0.0,0,0.0,0,0,0,0
lhs_001,recovery_mpc,151,prediction_domain_infeasible_under_candidate_audit,slope_safe_emergency,False,False,0.0,1.246151084622177,0.0,3.3293368062459194e-12,0,0.0,0,0,0,1
lhs_001,original_mpc,156,none,slsqp,False,False,0.0,0.01797679621305548,0.0,2.994182679572077e-11,0,0.0,0,0,0,0
lhs_001,recovery_mpc,156,prediction_domain_infeasible_under_candidate_audit,slope_safe_emergency,False,False,0.0,1.4703757700671005,0.0,6.6417982225175365e-12,1,0.0,0,0,0,1
lhs_001,original_mpc,157,none,slsqp,True,True,0.0,2.7255708801021683e-10,0.0,0.0,0,0.0,0,0,0,0
lhs_001,recovery_mpc,157,hard_safety_slew_conflict,hard_safety_emergency,False,False,0.0,1.5166880046868911,0.0,0.0,2,0.968799999999999,0,0,0,1
lhs_001,original_mpc,162,none,slsqp,True,True,0.0,1.5976048928223463e-08,0.0,8.881784197001252e-16,0,0.0,0,0,0,0
lhs_001,recovery_mpc,162,prediction_domain_infeasible_under_candidate_audit,slope_safe_emergency,False,False,0.0,1.3200120211893704,0.0,0.0,0,0.0,0,0,0,1
lhs_001,original_mpc,163,none,slsqp,True,True,0.0,7.792380074533867e-10,0.0,0.0,0,0.0,0,0,0,0
lhs_001,recovery_mpc,163,prediction_domain_infeasible_under_candidate_audit,slope_safe_emergency,False,False,0.0,1.2704948128886286,0.0,1.06403774680075e-12,0,0.0,0,0,0,1
lhs_001,original_mpc,168,none,slsqp,True,True,0.0,4.272095566193457e-09,0.0,0.0,0,0.0,0,0,0,0
lhs_001,recovery_mpc,168,prediction_domain_infeasible_under_candidate_audit,slope_safe_emergency,False,False,0.0,1.224673033375069,0.0,0.0,0,0.0,0,0,0,1
lhs_001,original_mpc,173,none,slsqp,True,True,0.0,3.3473881444479048e-09,0.0,0.0,0,0.0,0,0,0,0
lhs_001,recovery_mpc,173,hard_safety_slew_conflict,hard_safety_emergency,False,False,0.0,1.8599746059411046,0.0,1.128104115938262,4,5.708031999999999,0,0,0,1
lhs_001,original_mpc,178,none,slsqp,True,True,0.0,4.671818487622659e-11,0.0,0.0,0,0.0,0,0,0,0
lhs_001,recovery_mpc,178,prediction_domain_infeasible_under_candidate_audit,slope_safe_emergency,False,False,0.0,1.3076125611982903,0.0,4.529709940470639e-14,0,0.0,0,0,0,1
lhs_001,original_mpc,183,none,slsqp,False,False,0.0,0.061717308931456216,0.0,4.4260674680884904e-07,0,0.0,0,0,0,0
lhs_001,recovery_mpc,183,prediction_domain_infeasible_under_candidate_audit,slope_safe_emergency,False,False,0.0,1.0536875467504174,0.0,3.306244167333716e-12,0,0.0,0,0,0,1
lhs_001,original_mpc,184,none,slsqp,True,True,0.0,1.8202470641881519e-09,0.0,0.0,0,0.0,0,0,0,0
lhs_001,recovery_mpc,184,prediction_domain_infeasible_under_candidate_audit,slope_safe_emergency,False,False,0.0,1.0349009090870922,0.0,6.600053836791631e-12,0,0.0,0,0,0,1
lhs_001,original_mpc,185,none,slsqp,True,True,0.0,3.0110669513305766e-10,0.0,0.0,0,0.0,0,0,0,0
lhs_001,recovery_mpc,185,prediction_domain_infeasible_under_candidate_audit,slope_safe_emergency,False,False,0.0,1.1078359730938772,0.0,5.0182080713057076e-14,0,0.0,0,0,0,1
lhs_001,original_mpc,186,none,slsqp,True,True,0.0,6.942556751710072e-09,0.0,0.0,0,0.0,0,0,0,0
lhs_001,recovery_mpc,186,prediction_domain_infeasible_under_candidate_audit,slope_safe_emergency,False,False,0.0,1.1498474743059788,0.0,1.4200721159382628,0,0.0,0,0,0,1
lhs_001,original_mpc,191,none,slsqp,False,False,0.0,0.14031763308877743,0.0,5.284661597215745e-13,0,0.0,0,0,0,0
lhs_001,recovery_mpc,191,hard_safety_slew_conflict,hard_safety_emergency,False,False,0.0,2.5100392447823694,0.0,3.420072115936745,5,8.0,0,0,0,1
lhs_001,original_mpc,192,none,slsqp,False,False,0.0,0.08948951061921662,0.0,3.2862157439694784e-11,0,0.0,0,0,0,0
lhs_001,recovery_mpc,192,hard_safety_slew_conflict,hard_safety_emergency,False,False,0.0,2.3976397912229928,0.0,1.929123527588672e-12,0,0.0,0,0,0,1
lhs_001,original_mpc,197,none,slsqp,True,True,0.0,3.6994052265981736e-09,0.0,1.7763568394002505e-15,0,0.0,0,0,0,0
lhs_001,recovery_mpc,197,hard_safety_slew_conflict,hard_safety_emergency,False,False,0.0,1.809698718474138,0.0,1.5870016412122823e-10,0,0.0,0,0,0,1
lhs_001,original_mpc,198,none,slsqp,True,True,0.0,1.4869883102619497e-09,0.0,8.881784197001252e-16,0,0.0,0,0,0,0
lhs_001,recovery_mpc,198,hard_safety_slew_conflict,hard_safety_emergency,False,False,0.0,1.7662663728611037,0.0,5.404232616967874e-10,0,0.0,0,0,0,1
lhs_001,original_mpc,199,none,slsqp,True,True,0.0,2.7867770313605433e-09,0.0,0.0,0,0.0,0,0,0,0
lhs_001,recovery_mpc,199,hard_safety_slew_conflict,hard_safety_emergency,False,False,0.0,1.7377435753900272,0.0,1.0258460747536446e-12,0,0.0,0,0,0,1
lhs_001,original_mpc,204,none,slsqp,True,True,0.0,5.117613000038546e-10,0.0,0.0,0,0.0,0,0,0,0
lhs_001,recovery_mpc,204,prediction_domain_infeasible_under_candidate_audit,slope_safe_emergency,False,False,0.0,1.3619930233568098,0.0,0.0,0,0.0,0,0,0,1
lhs_001,original_mpc,209,none,slsqp,True,True,0.0,2.206235194535111e-10,0.0,0.0,0,0.0,0,0,0,0
lhs_001,recovery_mpc,209,prediction_domain_infeasible_under_candidate_audit,slope_safe_emergency,False,False,0.0,0.7696389271872022,0.0,5.32018873400375e-12,0,0.0,0,0,0,1
lhs_001,original_mpc,214,none,slsqp,True,True,0.0,2.594596537619509e-09,0.0,0.0,0,0.0,0,0,0,0
lhs_001,recovery_mpc,214,prediction_domain_infeasible_under_candidate_audit,slope_safe_emergency,False,False,0.0,0.6220323380590784,0.0,3.774758283725532e-13,0,0.0,0,0,0,1
lhs_001,original_mpc,219,none,slsqp,True,True,0.0,7.649553879218729e-09,0.0,0.0,0,0.0,0,0,0,0
lhs_001,recovery_mpc,219,prediction_domain_infeasible_under_candidate_audit,slope_safe_emergency,False,False,0.0,0.8503335848650693,0.0,0.0,0,0.0,0,0,0,1
lhs_001,original_mpc,224,none,slsqp,True,True,0.0,6.023483933859097e-09,0.0,0.0,0,0.0,0,0,0,0
lhs_001,recovery_mpc,224,prediction_domain_infeasible_under_candidate_audit,slope_safe_emergency,False,False,0.0,1.4511340441897005,0.0,1.4200721159382628,1,0.0,0,0,0,1
lhs_001,original_mpc,229,none,slsqp,False,False,0.0,0.00889854742223406,0.0,2.935429677108914e-11,0,0.0,0,0,0,0
lhs_001,recovery_mpc,229,hard_safety_slew_conflict,hard_safety_emergency,False,False,0.0,1.8000367521248961,0.0,7.354117315117037e-13,4,4.279999999999999,0,0,0,1
lhs_001,original_mpc,230,none,slsqp,True,True,0.0,1.6259136259577645e-09,0.0,0.0,0,0.0,0,0,0,0
lhs_001,recovery_mpc,230,hard_safety_slew_conflict,hard_safety_emergency,False,False,0.0,1.6131246010608393,0.0,0.0,0,0.0,0,0,0,1
lhs_001,original_mpc,231,none,slsqp,True,True,0.0,4.3219472445343854e-10,0.0,4.440892098500626e-16,0,0.0,0,0,0,0
lhs_001,recovery_mpc,231,hard_safety_slew_conflict,hard_safety_emergency,False,False,0.0,1.5875226502996753,0.0,9.947598300641403e-13,0,0.0,0,0,0,1
lhs_001,original_mpc,236,none,slsqp,True,True,0.0,3.1339837391897163e-09,0.0,0.0,0,0.0,0,0,0,0
lhs_001,recovery_mpc,236,prediction_domain_infeasible_under_candidate_audit,slope_safe_emergency,False,False,0.0,1.2332767566523657,0.0,0.0,0,0.0,0,0,0,1
lhs_001,original_mpc,237,none,slsqp,True,True,0.0,4.827640509574849e-10,0.0,0.0,0,0.0,0,0,0,0
lhs_001,recovery_mpc,237,prediction_domain_infeasible_under_candidate_audit,slope_safe_emergency,False,False,0.0,1.2474676142669807,0.0,5.075939668586216e-12,0,0.0,0,0,0,1
lhs_001,original_mpc,242,none,slsqp,True,True,0.0,1.5070611425471725e-11,0.0,4.440892098500626e-16,0,0.0,0,0,0,0
lhs_001,recovery_mpc,242,prediction_domain_infeasible_under_candidate_audit,slope_safe_emergency,False,False,0.0,1.032328670866839,0.0,3.099742684753437e-13,0,0.0,0,0,0,1
lhs_001,original_mpc,243,none,slsqp,True,True,0.0,1.071498445526231e-11,0.0,0.0,0,0.0,0,0,0,0
lhs_001,recovery_mpc,243,prediction_domain_infeasible_under_candidate_audit,slope_safe_emergency,False,False,0.0,1.0654139736572503,0.0,4.696687483374262e-12,0,0.0,0,0,0,1
lhs_001,original_mpc,248,none,slsqp,True,True,0.0,5.537955871659506e-09,0.0,0.0,0,0.0,0,0,0,0
lhs_001,recovery_mpc,248,hard_safety_slew_conflict,hard_safety_emergency,False,False,0.0,1.812824995748059,0.0,1.4200721159373968,4,6.0,0,0,0,1
lhs_001,original_mpc,253,none,slsqp,False,False,0.0,0.19912857941096718,0.0,1.780797731498751e-12,0,0.0,0,0,0,0
lhs_001,recovery_mpc,253,prediction_domain_infeasible_under_candidate_audit,slope_safe_emergency,False,False,0.0,1.4944417729090773,0.0,0.0,0,0.0,0,0,0,1
lhs_001,original_mpc,254,none,slsqp,False,False,0.0,0.14324762214320685,0.0,2.7697844018348405e-12,0,0.0,0,0,0,0
lhs_001,recovery_mpc,254,prediction_domain_infeasible_under_candidate_audit,slope_safe_emergency,False,False,0.0,1.4690349728814454,0.0,5.9037219557467324e-12,0,0.0,0,0,0,1
lhs_001,original_mpc,259,none,slsqp,True,True,0.0,6.324611945274228e-10,0.0,1.3322676295501878e-15,0,0.0,0,0,0,0
lhs_001,recovery_mpc,259,prediction_domain_infeasible_under_candidate_audit,slope_safe_emergency,False,False,0.0,1.220038397398902,0.0,0.0,0,0.0,0,0,0,1
lhs_001,original_mpc,260,none,slsqp,True,True,0.0,2.545874622228439e-11,0.0,4.440892098500626e-16,0,0.0,0,0,0,0
lhs_001,recovery_mpc,260,prediction_domain_infeasible_under_candidate_audit,slope_safe_emergency,False,False,0.0,1.1685542354556375,0.0,1.5640821970919205e-12,0,0.0,0,0,0,1
lhs_001,original_mpc,261,none,slsqp,True,True,0.0,9.291930780364055e-09,0.0,0.0,0,0.0,0,0,0,0
lhs_001,recovery_mpc,261,prediction_domain_infeasible_under_candidate_audit,slope_safe_emergency,False,False,0.0,1.2231037521492354,0.0,0.32007211593823115,0,0.0,0,0,0,1
lhs_001,original_mpc,262,none,slsqp,True,True,0.0,2.5131186021098983e-10,0.0,0.0,0,0.0,0,0,0,0
lhs_001,recovery_mpc,262,prediction_domain_infeasible_under_candidate_audit,slope_safe_emergency,False,False,0.0,1.385980160589007,0.0,2.320072115938263,1,0.0,0,0,0,1
lhs_001,original_mpc,267,none,slsqp,True,True,0.0,1.2853050179728598e-08,0.0,0.0,0,0.0,0,0,0,0
lhs_001,recovery_mpc,267,hard_safety_slew_conflict,hard_safety_emergency,False,False,0.0,1.9153832440673497,0.0,1.7460721159382633,5,6.3260000000000005,0,0,0,1
lhs_001,original_mpc,272,none,slsqp,True,True,0.0,4.791601782017096e-09,0.0,0.0,0,0.0,0,0,0,0
lhs_001,recovery_mpc,272,prediction_domain_infeasible_under_candidate_audit,slope_safe_emergency,False,False,0.0,1.3338243359819941,0.0,0.0,0,0.0,0,0,0,1
lhs_001,original_mpc,277,none,slsqp,False,False,0.0,0.05326304048303854,0.0,0.0,0,0.0,0,0,0,0
lhs_001,recovery_mpc,277,prediction_domain_infeasible_under_candidate_audit,slope_safe_emergency,False,False,0.0,1.132891402412291,0.0,9.681144774731365e-13,0,0.0,0,0,0,1
lhs_001,original_mpc,278,none,slsqp,True,True,0.0,3.0779148119108868e-09,0.0,3.9968028886505635e-15,0,0.0,0,0,0,0
lhs_001,recovery_mpc,278,prediction_domain_infeasible_under_candidate_audit,slope_safe_emergency,False,False,0.0,1.0511251141069025,0.0,2.3234747459355276e-12,0,0.0,0,0,0,1
lhs_001,original_mpc,279,none,slsqp,True,True,0.0,2.22516405301576e-09,0.0,4.440892098500626e-16,0,0.0,0,0,0,0
lhs_001,recovery_mpc,279,prediction_domain_infeasible_under_candidate_audit,slope_safe_emergency,False,False,0.0,1.2127838339015682,0.0,1.9322321520576224e-12,0,0.0,0,0,0,1
lhs_001,original_mpc,280,none,slsqp,True,True,0.0,2.160078338420135e-09,0.0,0.0,0,0.0,0,0,0,0
lhs_001,recovery_mpc,280,prediction_domain_infeasible_under_candidate_audit,slope_safe_emergency,False,False,0.0,1.212954103126151,0.0,1.4200721159385647,0,0.0,0,0,0,1
lhs_001,original_mpc,285,none,slsqp,False,False,0.0,0.31300417809979564,0.0,3.652633751016765e-12,0,0.0,0,0,0,0
lhs_001,recovery_mpc,285,hard_safety_slew_conflict,hard_safety_emergency,False,False,0.0,2.752846299734607,0.0,3.4200721159407186,5,8.0,0,0,0,1
lhs_001,original_mpc,286,none,slsqp,False,False,0.0,0.30833125092649283,0.0,4.6713743984128087e-11,0,0.0,0,0,0,0
lhs_001,recovery_mpc,286,hard_safety_slew_conflict,hard_safety_emergency,False,False,0.0,2.6881997048557906,0.0,4.758415883543421e-12,0,0.0,0,0,0,1
lhs_001,original_mpc,291,none,slsqp,False,False,0.0,0.18456176338766284,0.0,4.845013279464183e-12,0,0.0,0,0,0,0
lhs_001,recovery_mpc,291,hard_safety_slew_conflict,hard_safety_emergency,False,False,0.0,2.4856915491663116,0.0,1.0333955913210957e-12,0,0.0,0,0,0,1
lhs_001,original_mpc,296,none,slsqp,True,True,0.0,7.37401251171832e-11,0.0,4.440892098500626e-15,0,0.0,0,0,0,0
lhs_001,recovery_mpc,296,hard_safety_slew_conflict,hard_safety_emergency,False,False,0.0,1.9881699520752534,0.0,1.5223378113660146e-12,0,0.0,0,0,0,1
lhs_001,original_mpc,297,none,slsqp,True,True,0.0,1.3977114576846361e-08,0.0,0.0,0,0.0,0,0,0,0
lhs_001,recovery_mpc,297,hard_safety_slew_conflict,hard_safety_emergency,False,False,0.0,1.8624184488792181,0.0,4.600764214046649e-13,0,0.0,0,0,0,1
lhs_001,original_mpc,298,none,slsqp,True,True,0.0,5.657227575284196e-09,0.0,0.0,0,0.0,0,0,0,0
lhs_001,recovery_mpc,298,hard_safety_slew_conflict,hard_safety_emergency,False,False,0.0,1.719159833979944,0.0,5.10720354895966e-11,0,0.0,0,0,0,1
lhs_001,original_mpc,299,none,slsqp,True,True,0.0,3.0171065645845374e-09,0.0,0.0,0,0.0,0,0,0,0
lhs_001,recovery_mpc,299,hard_safety_slew_conflict,hard_safety_emergency,False,False,0.0,1.5313204403343335,0.0,3.228084466400105e-12,0,0.0,0,0,0,1
lhs_001,original_mpc,304,none,slsqp,True,True,0.0,1.8990675698660198e-10,0.0,0.0,0,0.0,0,0,0,0
lhs_001,recovery_mpc,304,prediction_domain_infeasible_under_candidate_audit,slope_safe_emergency,False,False,0.0,1.039490149519409,0.0,2.930988785010413e-14,0,0.0,0,0,0,1
lhs_001,original_mpc,309,none,slsqp,True,True,0.0,1.2725955400583189e-08,0.0,0.0,0,0.0,0,0,0,0
lhs_001,recovery_mpc,309,prediction_domain_infeasible_under_candidate_audit,slope_safe_emergency,False,False,0.0,0.7013310677617497,0.0,1.5073720049940675e-11,0,0.0,0,0,0,1
lhs_001,original_mpc,314,none,slsqp,False,False,0.0,0.007238840067650187,0.0,4.3788022097146495e-09,0,0.0,0,0,0,0
lhs_001,recovery_mpc,314,prediction_domain_infeasible_under_candidate_audit,slope_safe_emergency,False,False,0.0,0.5998230489149208,0.0,5.337952302397753e-12,0,0.0,0,0,0,1
lhs_001,original_mpc,315,none,slsqp,True,True,0.0,5.677662784364657e-10,0.0,0.0,0,0.0,0,0,0,0
lhs_001,recovery_mpc,315,prediction_domain_infeasible_under_candidate_audit,slope_safe_emergency,False,False,0.0,0.684390084079098,0.0,0.0,0,0.0,0,0,0,1
lhs_001,original_mpc,320,none,slsqp,True,True,0.0,5.3813522526979796e-09,0.0,0.0,0,0.0,0,0,0,0
lhs_001,recovery_mpc,320,prediction_domain_infeasible_under_candidate_audit,slope_safe_emergency,False,False,0.0,0.989063466555173,0.0,1.4200721157151301,0,0.0,0,0,0,1
lhs_001,original_mpc,325,none,slsqp,True,True,0.0,2.1298859564922168e-08,0.0,0.0,0,0.0,0,0,0,0
lhs_001,recovery_mpc,325,hard_safety_slew_conflict,hard_safety_emergency,False,False,0.0,1.9366271556279102,0.0,3.4200721159372893,5,8.0,0,0,0,1
lhs_001,original_mpc,330,none,slsqp,False,False,0.0,0.27425520943585013,0.0,2.398081733190338e-14,0,0.0,0,0,0,0
lhs_001,recovery_mpc,330,hard_safety_slew_conflict,hard_safety_emergency,False,False,0.0,1.7551798808349588,0.0,3.233413536918306e-12,0,0.0,0,0,0,1
lhs_001,original_mpc,331,none,slsqp,False,False,0.0,0.1389635171676673,0.0,5.182743123555156e-11,0,0.0,0,0,0,0
lhs_001,recovery_mpc,331,hard_safety_slew_conflict,hard_safety_emergency,False,False,0.0,1.7916315871509454,0.0,1.8669510382096632e-12,0,0.0,0,0,0,1
lhs_001,original_mpc,336,none,slsqp,True,True,0.0,2.114219910254178e-10,0.0,8.881784197001252e-16,0,0.0,0,0,0,0
lhs_001,recovery_mpc,336,prediction_domain_infeasible_under_candidate_audit,slope_safe_emergency,False,False,0.0,1.3738119252007621,0.0,9.090506125630782e-13,0,0.0,0,0,0,1
lhs_001,original_mpc,337,none,slsqp,True,True,0.0,3.510635337988788e-09,0.0,0.0,0,0.0,0,0,0,0
lhs_001,recovery_mpc,337,prediction_domain_infeasible_under_candidate_audit,slope_safe_emergency,False,False,0.0,1.2762762278785615,0.0,6.653535500333874e-10,0,0.0,0,0,0,1
lhs_001,original_mpc,338,none,slsqp,True,True,0.0,1.0165024377783993e-10,0.0,0.0,0,0.0,0,0,0,0
lhs_001,recovery_mpc,338,prediction_domain_infeasible_under_candidate_audit,slope_safe_emergency,False,False,0.0,1.2278380860145717,0.0,8.056666445099836e-12,0,0.0,0,0,0,1
lhs_001,original_mpc,343,none,slsqp,True,True,0.0,7.826130854482471e-10,0.0,0.0,0,0.0,0,0,0,0
lhs_001,recovery_mpc,343,prediction_domain_infeasible_under_candidate_audit,slope_safe_emergency,False,False,0.0,1.4774845385013151,0.0,2.7857716133894428e-12,1,0.0,0,0,0,1
lhs_001,original_mpc,348,none,slsqp,False,False,0.0,0.007417863105935396,0.0,9.213073277614114e-07,0,0.0,0,0,0,0
lhs_001,recovery_mpc,348,hard_safety_slew_conflict,hard_safety_emergency,False,False,0.0,1.5074804076814985,0.0,0.0,2,0.3999999999999999,0,0,0,1
lhs_001,original_mpc,349,none,slsqp,True,True,0.0,4.666965480737417e-09,0.0,0.0,0,0.0,0,0,0,0
lhs_001,recovery_mpc,349,prediction_domain_infeasible_under_candidate_audit,slope_safe_emergency,False,False,0.0,1.434677555959155,0.0,0.0,0,0.0,0,0,0,1
lhs_001,original_mpc,354,none,slsqp,False,False,0.0,0.06392524511024078,0.0,7.057465722937195e-12,0,0.0,0,0,0,0
lhs_001,recovery_mpc,354,hard_safety_slew_conflict,hard_safety_emergency,False,False,0.0,1.574020677230763,0.0,0.0,3,2.5699999999999994,0,0,0,1
lhs_001,original_mpc,355,none,slsqp,True,True,0.0,1.0653522508619062e-09,0.0,2.6645352591003757e-15,0,0.0,0,0,0,0
lhs_001,recovery_mpc,355,prediction_domain_infeasible_under_candidate_audit,slope_safe_emergency,False,False,0.0,1.355737775920538,0.0,0.0,0,0.0,0,0,0,1
lhs_001,original_mpc,356,none,slsqp,True,True,0.0,1.80165216079331e-10,0.0,8.881784197001252e-16,0,0.0,0,0,0,0
lhs_001,recovery_mpc,356,prediction_domain_infeasible_under_candidate_audit,slope_safe_emergency,False,False,0.0,1.220994736975939,0.0,3.5988989566249074e-12,0,0.0,0,0,0,1
lhs_001,original_mpc,357,none,slsqp,True,True,0.0,9.002107503874868e-09,0.0,0.0,0,0.0,0,0,0,0
lhs_001,recovery_mpc,357,prediction_domain_infeasible_under_candidate_audit,slope_safe_emergency,False,False,0.0,1.303108227042749,0.0,8.357758929378178e-12,0,0.0,0,0,0,1
lhs_001,original_mpc,362,none,slsqp,True,True,0.0,6.845937150501413e-10,0.0,0.0,0,0.0,0,0,0,0
lhs_001,recovery_mpc,362,hard_safety_slew_conflict,hard_safety_emergency,False,False,0.0,1.5780652499324574,0.0,0.0,3,4.0,0,0,0,1
lhs_001,original_mpc,363,none,slsqp,True,True,0.0,4.266809128239402e-09,0.0,0.0,0,0.0,0,0,0,0
lhs_001,recovery_mpc,363,prediction_domain_infeasible_under_candidate_audit,slope_safe_emergency,False,False,0.0,1.3837175121706835,0.0,0.0,0,0.0,0,0,0,1
lhs_001,original_mpc,368,none,slsqp,False,False,0.0,0.04153266330070693,0.0,4.5208281562736374e-13,0,0.0,0,0,0,0
lhs_001,recovery_mpc,368,prediction_domain_infeasible_under_candidate_audit,slope_safe_emergency,False,False,0.0,1.1206491887160084,0.0,0.0,0,0.0,0,0,0,1
lhs_001,original_mpc,369,none,slsqp,True,True,0.0,8.92420359832613e-10,0.0,8.881784197001252e-16,0,0.0,0,0,0,0
lhs_001,recovery_mpc,369,prediction_domain_infeasible_under_candidate_audit,slope_safe_emergency,False,False,0.0,1.1464136435390273,0.0,5.440092820663267e-12,0,0.0,0,0,0,1
lhs_001,original_mpc,370,none,slsqp,True,True,0.0,6.635190175074968e-10,0.0,0.0,0,0.0,0,0,0,0
lhs_001,recovery_mpc,370,prediction_domain_infeasible_under_candidate_audit,slope_safe_emergency,False,False,0.0,1.2524887318578095,0.0,2.8896884884943574e-12,0,0.0,0,0,0,1
lhs_001,original_mpc,371,none,slsqp,False,False,0.0,0.016672507575442808,0.0,2.8628655002194137e-11,0,0.0,0,0,0,0
lhs_001,recovery_mpc,371,prediction_domain_infeasible_under_candidate_audit,slope_safe_emergency,False,False,0.0,1.4519645741599305,0.0,1.4200721159382628,1,0.0,0,0,0,1
lhs_001,original_mpc,372,none,slsqp,True,True,0.0,1.6771480204624822e-08,0.0,0.0,0,0.0,0,0,0,0
lhs_001,recovery_mpc,372,hard_safety_slew_conflict,hard_safety_emergency,False,False,0.0,1.5180984005559495,0.0,0.0,2,0.7599999999999993,0,0,0,1
lhs_001,original_mpc,373,none,slsqp,True,True,0.0,2.1741897171523306e-09,0.0,4.440892098500626e-16,0,0.0,0,0,0,0
lhs_001,recovery_mpc,373,prediction_domain_infeasible_under_candidate_audit,slope_safe_emergency,False,False,0.0,1.418077257861178,0.0,0.0,0,0.0,0,0,0,1
lhs_001,original_mpc,374,none,slsqp,True,True,0.0,8.840572718327167e-10,0.0,0.0,0,0.0,0,0,0,0
lhs_001,recovery_mpc,374,prediction_domain_infeasible_under_candidate_audit,slope_safe_emergency,False,False,0.0,1.4267914652826406,0.0,8.237854842718662e-12,0,0.0,0,0,0,1
lhs_001,original_mpc,379,none,slsqp,False,False,0.0,0.06491027269374428,0.0,2.1045387654794467e-12,0,0.0,0,0,0,0
lhs_001,recovery_mpc,379,hard_safety_slew_conflict,hard_safety_emergency,False,False,0.0,1.8515819487934735,0.0,1.3518075547835906e-12,4,4.3751999999999995,0,0,0,1
lhs_001,original_mpc,380,none,slsqp,True,True,0.0,1.0922647675215558e-08,0.0,0.0,0,0.0,0,0,0,0
lhs_001,recovery_mpc,380,hard_safety_slew_conflict,hard_safety_emergency,False,False,0.0,1.6419392703623217,0.0,0.0,0,0.0,0,0,0,1
lhs_001,original_mpc,381,none,slsqp,True,True,0.0,2.2358648266163073e-10,0.0,0.0,0,0.0,0,0,0,0
lhs_001,recovery_mpc,381,hard_safety_slew_conflict,hard_safety_emergency,False,False,0.0,1.5788118372310578,0.0,5.329070518200751e-15,0,0.0,0,0,0,1
lhs_001,original_mpc,382,none,slsqp,True,True,0.0,3.110962154551089e-09,0.0,0.0,0,0.0,0,0,0,0
lhs_001,recovery_mpc,382,prediction_domain_infeasible_under_candidate_audit,slope_safe_emergency,False,False,0.0,1.4795643166437387,0.0,2.0383694732117874e-13,0,0.0,0,0,0,1
lhs_001,original_mpc,387,none,slsqp,True,True,0.0,3.521314795307262e-09,0.0,0.0,0,0.0,0,0,0,0
lhs_001,recovery_mpc,387,prediction_domain_infeasible_under_candidate_audit,slope_safe_emergency,False,False,0.0,0.9239278063354988,0.0,5.844214001626824e-13,0,0.0,0,0,0,1
lhs_001,original_mpc,392,none,slsqp,False,False,0.0,0.02201366111373204,0.0,1.2887468869848817e-12,0,0.0,0,0,0,0
lhs_001,recovery_mpc,392,prediction_domain_infeasible_under_candidate_audit,slope_safe_emergency,False,False,0.0,0.9515731562037217,0.0,3.746336574295128e-12,0,0.0,0,0,0,1
lhs_001,original_mpc,393,none,slsqp,True,True,0.0,1.169070174000808e-09,0.0,8.881784197001252e-16,0,0.0,0,0,0,0
lhs_001,recovery_mpc,393,prediction_domain_infeasible_under_candidate_audit,slope_safe_emergency,False,False,0.0,0.8898000342239811,0.0,4.82280881897168e-13,0,0.0,0,0,0,1
lhs_001,original_mpc,394,none,slsqp,True,True,0.0,3.3372913321727538e-09,0.0,0.0,0,0.0,0,0,0,0
lhs_001,recovery_mpc,394,prediction_domain_infeasible_under_candidate_audit,slope_safe_emergency,False,False,0.0,1.0048241326359033,0.0,1.4200721159382041,0,0.0,0,0,0,1
lhs_001,original_mpc,399,none,slsqp,True,True,0.0,1.6771792843428557e-09,0.0,0.0,0,0.0,0,0,0,0
lhs_001,recovery_mpc,399,hard_safety_slew_conflict,hard_safety_emergency,False,False,0.0033063457908175664,2.1142424447422314,0.0,3.420072115938198,5,8.0,0,0,0,1
lhs_001,original_mpc,404,none,slsqp,False,False,0.0011753438466381994,0.019214666956514748,0.0,5.666818125860118e-10,0,0.0,0,0,0,0
lhs_001,recovery_mpc,404,hard_safety_slew_conflict,hard_safety_emergency,False,False,0.0,1.6062990028912765,0.0,1.7763568394002505e-15,0,0.0,0,0,0,1
lhs_001,original_mpc,405,none,slsqp,True,True,0.0,1.1615952644206118e-10,0.0,0.0,0,0.0,0,0,0,0
lhs_001,recovery_mpc,405,hard_safety_slew_conflict,hard_safety_emergency,False,False,0.0,1.542392052511552,0.0,2.62456723021387e-13,0,0.0,0,0,0,1
lhs_001,original_mpc,410,none,slsqp,False,False,1.5551488985465767e-09,0.034080962609877474,0.0,9.765521724602877e-12,0,0.0,0,0,0,0
lhs_001,recovery_mpc,410,prediction_domain_infeasible_under_candidate_audit,slope_safe_emergency,False,False,0.0,1.2691260706869585,0.0,9.85433956657289e-13,0,0.0,0,0,0,1
lhs_001,original_mpc,411,none,slsqp,True,True,4.5070613907682855e-11,6.208964009601914e-09,0.0,0.0,0,0.0,0,0,0,0
lhs_001,recovery_mpc,411,prediction_domain_infeasible_under_candidate_audit,slope_safe_emergency,False,False,0.0,1.1420913835242175,0.0,5.111466805374221e-12,0,0.0,0,0,0,1
lhs_001,original_mpc,412,none,slsqp,True,True,0.0,2.851407998605282e-11,0.0,0.0,0,0.0,0,0,0,0
lhs_001,recovery_mpc,412,prediction_domain_infeasible_under_candidate_audit,slope_safe_emergency,False,False,0.0,1.1375379558899184,0.0,9.795719790872681e-12,0,0.0,0,0,0,1
lhs_001,original_mpc,413,none,slsqp,True,True,2.204458837695711e-12,9.376321941090282e-11,0.0,0.0,0,0.0,0,0,0,0
lhs_001,recovery_mpc,413,prediction_domain_infeasible_under_candidate_audit,slope_safe_emergency,False,False,0.0030205374171989874,1.258921214311357,0.0,1.334043986389588e-12,0,0.0,0,0,0,1
lhs_001,original_mpc,418,none,slsqp,True,True,0.0,9.402398859492678e-10,0.0,0.0,0,0.0,0,0,0,0
lhs_001,recovery_mpc,418,hard_safety_slew_conflict,hard_safety_emergency,False,False,0.015033320475646761,1.8053402876557172,0.0,1.4200721159372787,4,6.0,0,0,0,1
lhs_001,original_mpc,423,none,slsqp,False,False,8.972990350741838e-09,0.00511142117946406,0.0,8.125944361836446e-12,0,0.0,0,0,0,0
lhs_001,recovery_mpc,423,prediction_domain_infeasible_under_candidate_audit,slope_safe_emergency,False,False,0.0003815029690219518,1.2829459396784983,0.0,1.4299672557172016e-12,0,0.0,0,0,0,1
lhs_001,original_mpc,424,none,slsqp,True,True,1.0901501923399337e-11,2.2127295551399584e-09,0.0,0.0,0,0.0,0,0,0,0
lhs_001,recovery_mpc,424,prediction_domain_infeasible_under_candidate_audit,slope_safe_emergency,False,False,0.0,1.1902359667209979,0.0,0.0,0,0.0,0,0,0,1
lhs_001,original_mpc,425,none,slsqp,False,False,2.067657600690609e-08,0.024512892901597638,0.0,1.0236256287043943e-12,0,0.0,0,0,0,0
lhs_001,recovery_mpc,425,prediction_domain_infeasible_under_candidate_audit,slope_safe_emergency,False,False,0.0088382805513465,1.270799160373194,0.0,0.0,0,0.0,0,0,0,1
lhs_001,original_mpc,426,none,slsqp,True,True,1.3170797785733157e-11,7.741142837858206e-09,0.0,0.0,0,0.0,0,0,0,0
lhs_001,recovery_mpc,426,prediction_domain_infeasible_under_candidate_audit,slope_safe_emergency,False,False,0.015387627233073076,1.3608181627877727,0.0,2.440714297335944e-12,0,0.0,0,0,0,1
lhs_001,original_mpc,427,none,slsqp,True,True,2.744204863347477e-11,4.345224624557886e-09,0.0,0.0,0,0.0,0,0,0,0
lhs_001,recovery_mpc,427,prediction_domain_infeasible_under_candidate_audit,slope_safe_emergency,False,False,0.019107341369723585,1.4530148568751784,0.0,1.4200721159382628,1,0.0,0,0,0,1
lhs_001,original_mpc,428,none,slsqp,True,True,0.0,1.2211458511046658e-09,0.0,0.0,0,0.0,0,0,0,0
lhs_001,recovery_mpc,428,hard_safety_slew_conflict,hard_safety_emergency,False,False,0.02089056362843067,1.5042979868208874,0.0,3.5429437161837996e-12,2,0.15000000000000036,0,0,0,1
lhs_001,original_mpc,433,none,slsqp,True,True,2.0161650127192843e-13,0.0,0.0,0.0,0,0.0,0,0,0,0
lhs_001,recovery_mpc,433,prediction_domain_infeasible_under_candidate_audit,slope_safe_emergency,False,False,0.022915161357725644,1.344256003042375,0.0,0.0,0,0.0,0,0,0,1
lhs_001,original_mpc,438,none,slsqp,True,True,5.647926570873096e-12,5.180496032153314e-10,0.0,0.0,0,0.0,0,0,0,0
lhs_001,recovery_mpc,438,hard_safety_slew_conflict,hard_safety_emergency,False,False,0.03540964092169396,1.62849822926961,0.0,2.2035706592760107e-12,4,4.224,0,0,0,1
lhs_001,original_mpc,443,none,slsqp,True,True,7.30260296677443e-12,1.9047163846153126e-09,0.0,0.0,0,0.0,0,0,0,0
lhs_001,recovery_mpc,443,prediction_domain_infeasible_under_candidate_audit,slope_safe_emergency,False,False,0.018025179477326958,0.9155940102722582,0.0,0.0,0,0.0,0,0,0,1
lhs_001,original_mpc,444,none,slsqp,True,True,3.433697770560684e-12,6.937028729225858e-11,0.0,0.0,0,0.0,0,0,0,0
lhs_001,recovery_mpc,444,prediction_domain_infeasible_under_candidate_audit,slope_safe_emergency,False,False,0.018414699597492756,0.8827686615681785,0.0,4.430766864516045e-11,0,0.0,0,0,0,1
lhs_001,original_mpc,449,none,slsqp,False,False,0.006438598421901531,0.14943517455464672,0.0,0.0,0,0.0,0,0,0,0
lhs_001,recovery_mpc,449,prediction_domain_infeasible_under_candidate_audit,slope_safe_emergency,False,False,0.03428040889594275,0.9883944424317974,0.0,0.0,0,0.0,0,0,0,1
lhs_001,original_mpc,450,none,slsqp,False,False,1.8030021919912542e-13,0.16165186803403486,0.0,3.4296565587510486e-11,0,0.0,0,0,0,0
lhs_001,recovery_mpc,450,prediction_domain_infeasible_under_candidate_audit,slope_safe_emergency,False,False,0.040383254011747916,1.2004747077083024,0.0,1.056488230233299e-12,0,0.0,0,0,0,1
lhs_001,original_mpc,455,none,slsqp,True,True,0.0,0.0,0.0,0.0,0,0.0,0,0,0,0
lhs_001,recovery_mpc,455,hard_safety_slew_conflict,hard_safety_emergency,False,False,0.051119273178644065,1.9351855655079788,0.0,1.4200721159283667,4,6.0,0,0,0,1
lhs_001,original_mpc,456,none,slsqp,True,True,0.0,0.0,0.0,0.0,0,0.0,0,0,0,0
lhs_001,recovery_mpc,456,hard_safety_slew_conflict,hard_safety_emergency,False,False,0.03776519904679443,1.7174581120467707,0.0,0.0,0,0.0,0,0,0,1
lhs_001,original_mpc,457,none,slsqp,True,True,8.494538406011998e-12,0.0,0.0,0.0,0,0.0,0,0,0,0
lhs_001,recovery_mpc,457,hard_safety_slew_conflict,hard_safety_emergency,False,False,0.03695156565049196,1.6035948516792047,0.0,6.217248937900877e-15,0,0.0,0,0,0,1
lhs_001,original_mpc,462,none,slsqp,False,False,0.00450551190726145,0.06312293491445331,0.0,2.2182256032010628e-12,0,0.0,0,0,0,0
lhs_001,recovery_mpc,462,prediction_domain_infeasible_under_candidate_audit,slope_safe_emergency,False,False,0.034573490874763024,1.2842478096539338,0.0,1.4024337247064977e-12,0,0.0,0,0,0,1
lhs_001,original_mpc,463,none,slsqp,True,True,4.28233448701576e-09,0.0,0.0,0.0,0,0.0,0,0,0,0
lhs_001,recovery_mpc,463,prediction_domain_infeasible_under_candidate_audit,slope_safe_emergency,False,False,0.037251570274839274,1.2721416319494594,0.0,8.899547765395255e-13,0,0.0,0,0,0,1
lhs_001,original_mpc,468,none,slsqp,True,True,0.0,0.0,0.0,0.0,0,0.0,0,0,0,0
lhs_001,recovery_mpc,468,prediction_domain_infeasible_under_candidate_audit,slope_safe_emergency,False,False,0.04932596721991089,1.3277132573952812,0.0,0.0,0,0.0,0,0,0,1
lhs_001,original_mpc,469,none,slsqp,True,True,5.980993478260643e-12,0.0,0.0,0.0,0,0.0,0,0,0,0
lhs_001,recovery_mpc,469,prediction_domain_infeasible_under_candidate_audit,slope_safe_emergency,False,False,0.05498055117586986,1.3551541125590916,0.0,3.728573005901126e-12,0,0.0,0,0,0,1
lhs_001,original_mpc,474,none,slsqp,True,True,1.6218315579408227e-10,0.0,0.0,0.0,0,0.0,0,0,0,0
lhs_001,recovery_mpc,474,hard_safety_slew_conflict,hard_safety_emergency,False,False,0.06719282560432571,2.0029278516587112,0.0,1.4200721159382628,4,6.0,0,0,0,1
lhs_001,original_mpc,479,none,slsqp,False,False,0.0036997044024085213,0.04368829385803963,0.0,2.828848266744899e-13,0,0.0,0,0,0,0
lhs_001,recovery_mpc,479,hard_safety_slew_conflict,hard_safety_emergency,False,False,0.0556787446608924,1.5310724068725676,0.0,4.637179529254354e-12,0,0.0,0,0,0,1
lhs_001,original_mpc,480,none,slsqp,True,True,1.6245751410792764e-09,0.0,0.0,0.0,0,0.0,0,0,0,0
lhs_001,recovery_mpc,480,prediction_domain_infeasible_under_candidate_audit,slope_safe_emergency,False,False,0.053932212590676265,1.4301290775860664,0.0,1.2021494910641195e-12,0,0.0,0,0,0,1
lhs_001,original_mpc,481,none,slsqp,True,True,5.176916673121923e-10,1.4210854715202004e-14,0.0,4.440892098500626e-16,0,0.0,0,0,0,0
lhs_001,recovery_mpc,481,prediction_domain_infeasible_under_candidate_audit,slope_safe_emergency,False,False,0.05404854904306333,1.4718645078369832,0.0,2.0610180229141406e-12,0,0.0,0,0,0,1
lhs_001,original_mpc,486,none,slsqp,True,True,8.943956686380261e-12,0.0,0.0,3.1086244689504383e-15,0,0.0,0,0,0,0
lhs_001,recovery_mpc,486,prediction_domain_infeasible_under_candidate_audit,slope_safe_emergency,False,False,0.0593277445680247,1.2435208110164453,0.0,4.82236472976183e-12,0,0.0,0,0,0,1
lhs_001,original_mpc,487,none,slsqp,True,True,5.103957256835656e-09,0.0,0.0,0.0,0,0.0,0,0,0,0
lhs_001,recovery_mpc,487,prediction_domain_infeasible_under_candidate_audit,slope_safe_emergency,False,False,0.06591726025454925,1.2219178715302021,0.0,0.0,0,0.0,0,0,0,1
lhs_001,original_mpc,492,none,slsqp,True,True,2.4087398742267396e-12,0.0,0.0,0.0,0,0.0,0,0,0,0
lhs_001,recovery_mpc,492,prediction_domain_infeasible_under_candidate_audit,slope_safe_emergency,False,False,0.07591221888339383,1.4921098226677643,0.0,0.2600721159382626,1,0.0,0,0,0,1
lhs_001,original_mpc,497,none,slsqp,True,True,2.1681323403299757e-11,0.0,0.0,0.0,0,0.0,0,0,0,0
lhs_001,recovery_mpc,497,prediction_domain_infeasible_under_candidate_audit,slope_safe_emergency,False,False,0.08164093934646743,1.4145997522154659,0.0,0.0,0,0.0,0,0,0,1
lhs_001,original_mpc,502,none,slsqp,True,True,2.6352253712502716e-12,0.0,0.0,0.0,0,0.0,0,0,0,0
lhs_001,recovery_mpc,502,hard_safety_slew_conflict,hard_safety_emergency,False,False,0.09118885290963608,1.9295228769966073,0.0,3.2596148002994596e-13,4,4.4,0,0,0,1
lhs_001,original_mpc,507,none,slsqp,True,True,3.561595462997502e-12,0.0,0.0,0.0,0,0.0,0,0,0,0
lhs_001,recovery_mpc,507,prediction_domain_infeasible_under_candidate_audit,slope_safe_emergency,False,False,0.07634491755388506,1.3736713357606334,0.0,2.462030579408747e-12,0,0.0,0,0,0,1
lhs_001,original_mpc,512,none,slsqp,True,True,2.2355450823852152e-12,0.0,0.0,0.0,0,0.0,0,0,0,0
lhs_001,recovery_mpc,512,prediction_domain_infeasible_under_candidate_audit,slope_safe_emergency,False,False,0.07877526742894947,1.082501331552244,0.0,9.316103444234614e-12,0,0.0,0,0,0,1
lhs_001,original_mpc,517,none,slsqp,True,True,3.26227933555856e-12,0.0,0.0,0.0,0,0.0,0,0,0,0
lhs_001,recovery_mpc,517,prediction_domain_infeasible_under_candidate_audit,slope_safe_emergency,False,False,0.09111341376560578,0.9455475999533647,0.0,9.668266187645713e-12,0,0.0,0,0,0,1
lhs_001,original_mpc,522,none,slsqp,True,True,8.117062577639444e-12,0.0,0.0,0.0,0,0.0,0,0,0,0
lhs_001,recovery_mpc,522,prediction_domain_infeasible_under_candidate_audit,slope_safe_emergency,False,False,0.10360309730857153,1.2606371880364406,0.0,1.4366285938649526e-11,1,0.0,0,0,0,1
lhs_001,original_mpc,527,none,slsqp,True,True,4.661160346586257e-12,0.0,0.0,0.0,0,0.0,0,0,0,0
lhs_001,recovery_mpc,527,prediction_domain_infeasible_under_candidate_audit,slope_safe_emergency,False,False,0.10993579959942679,1.440837251980156,0.0,1.461497589616556e-12,1,0.0,0,0,0,1
lhs_001,original_mpc,532,none,slsqp,True,True,2.0374812947920873e-12,0.0,0.0,0.0,0,0.0,0,0,0,0
lhs_001,recovery_mpc,532,hard_safety_slew_conflict,hard_safety_emergency,False,False,0.10615204622025765,1.6219452724437815,0.005247521623638729,3.4434677331773855e-12,3,3.0,0,0,0,1
lhs_001,original_mpc,537,none,slsqp,True,True,3.9532821460852574e-12,0.0,0.0,0.0,0,0.0,0,0,0,0
lhs_001,recovery_mpc,537,prediction_domain_infeasible_under_candidate_audit,slope_safe_emergency,False,False,0.10439114798622473,0.8539078308750376,0.0,0.0,0,0.0,0,0,0,1
lhs_001,original_mpc,542,none,slsqp,True,True,0.0,0.0,0.0,0.0,0,0.0,0,0,0,0
lhs_001,recovery_mpc,542,prediction_domain_infeasible_under_candidate_audit,slope_safe_emergency,False,False,0.10093108090874026,0.6517244747008846,0.0,4.025668687290818e-12,0,0.0,0,0,0,1
lhs_001,original_mpc,547,none,slsqp,True,True,2.4451551894344448e-12,0.0,0.0,0.0,0,0.0,0,0,0,0
lhs_001,recovery_mpc,547,prediction_domain_infeasible_under_candidate_audit,slope_safe_emergency,False,False,0.09950022396554559,0.6989817195596828,0.008975924603287,0.0,0,0.0,0,0,0,1
lhs_001,original_mpc,552,none,slsqp,True,True,1.5756285165480222e-12,0.0,0.0,0.0,0,0.0,0,0,0,0
lhs_001,recovery_mpc,552,prediction_domain_infeasible_under_candidate_audit,slope_safe_emergency,False,False,0.11593114752165246,0.9150229861008796,0.019788045923765596,1.2878587085651816e-14,1,0.0,0,0,0,1
lhs_001,original_mpc,557,none,slsqp,True,True,1.7957129117007753e-09,0.0,0.0,0.0,0,0.0,0,0,0,0
lhs_001,recovery_mpc,557,prediction_domain_infeasible_under_candidate_audit,slope_safe_emergency,False,False,0.12658733412923429,1.0857066590716258,0.02472362727577626,1.9806378759312793e-12,1,0.0,0,0,0,1
lhs_001,original_mpc,562,none,slsqp,True,True,1.4246381851990009e-11,0.0,0.0,0.0,0,0.0,0,0,0,0
lhs_001,recovery_mpc,562,prediction_domain_infeasible_under_candidate_audit,slope_safe_emergency,False,False,0.13365782772170842,1.142619979157395,0.030602165782323554,0.0,1,0.0,0,0,0,1
lhs_001,original_mpc,567,none,slsqp,True,True,0.0,0.0,1.1102230246251565e-15,0.0,0,0.0,0,0,0,0
lhs_001,recovery_mpc,567,prediction_domain_infeasible_under_candidate_audit,slope_safe_emergency,False,False,0.12725973871112473,1.011277856593054,0.035620764892615564,5.359268584470556e-12,1,0.0,0,0,0,1
lhs_001,original_mpc,572,none,slsqp,True,True,0.0,0.0,0.0,0.0,0,0.0,0,0,0,0
lhs_001,recovery_mpc,572,prediction_domain_infeasible_under_candidate_audit,slope_safe_emergency,False,False,0.12999539904481505,0.7216077029523689,0.0401581013566048,5.5564441936439835e-12,1,0.0,0,0,0,1
lhs_001,original_mpc,577,none,slsqp,True,True,8.881784197001252e-16,0.0,0.0,0.0,0,0.0,0,0,0,0
lhs_001,recovery_mpc,577,prediction_domain_infeasible_under_candidate_audit,slope_safe_emergency,False,False,0.11037097017580155,0.43649684376024567,0.040171969297520205,3.1463720517876936e-12,1,0.0,0,0,0,1
lhs_001,original_mpc,582,none,slsqp,True,True,8.881784197001252e-16,0.0,0.0,0.0,0,0.0,0,0,0,0
lhs_001,recovery_mpc,582,prediction_domain_infeasible_under_candidate_audit,slope_safe_emergency,False,False,0.10424692932641744,0.45208301648094107,0.044697895632969775,1.5010215292932116e-12,1,0.0,0,0,0,1
lhs_001,original_mpc,587,none,slsqp,True,True,0.0,0.0,0.0,0.0,0,0.0,0,0,0,0
lhs_001,recovery_mpc,587,prediction_domain_infeasible_under_candidate_audit,slope_safe_emergency,False,False,0.08688110729135357,0.1658523083826111,0.040828071289566004,8.852030219941298e-12,0,0.0,0,0,0,1
lhs_001,original_mpc,592,none,slsqp,True,True,5.387859047800703e-10,0.0,0.0,0.0,0,0.0,0,0,0,0
lhs_001,recovery_mpc,592,prediction_domain_infeasible_under_candidate_audit,slope_safe_emergency,False,False,0.020210498356055595,0.0,0.004899053602953174,3.0868640976677852e-12,1,0.0,0,0,0,1
lhs_001,original_mpc,597,none,slsqp,True,True,0.0,0.0,1.1079581696549212e-11,0.0,0,0.0,0,0,0,0
lhs_001,recovery_mpc,597,prediction_domain_infeasible_under_candidate_audit,slope_safe_emergency,False,False,0.018580413396174222,0.0,0.00372598221208853,5.050182494414912e-12,1,0.0,0,0,0,1
lhs_001,original_mpc,602,none,slsqp,True,True,8.881784197001252e-16,0.0,0.0,0.0,0,0.0,0,0,0,0
lhs_001,recovery_mpc,602,prediction_domain_infeasible_under_candidate_audit,slope_safe_emergency,False,False,0.022503498610365824,0.0,0.009912638859426393,1.0524914273446484e-13,1,0.0,0,0,0,1
lhs_001,original_mpc,607,none,slsqp,True,True,0.0,0.0,0.0,0.0,0,0.0,0,0,0,0
lhs_001,recovery_mpc,607,none,slsqp,True,True,0.0,0.0,2.6504132222271437e-11,0.0,0,0.0,0,0,0,0
lhs_001,original_mpc,612,none,slsqp,True,True,8.881784197001252e-16,0.0,0.0,0.0,0,0.0,0,0,0,0
lhs_001,recovery_mpc,612,none,slsqp,True,True,0.0,0.0,5.2476134548840037e-11,0.0,0,0.0,0,0,0,0
lhs_001,original_mpc,617,none,slsqp,True,True,8.881784197001252e-16,0.0,5.147438031372076e-12,0.0,0,0.0,0,0,0,0
lhs_001,recovery_mpc,617,none,slsqp,True,True,0.0,0.0,4.3298697960381105e-15,0.0,0,0.0,0,0,0,0
lhs_001,original_mpc,622,none,slsqp,True,True,0.0,0.0,8.90110207762973e-12,0.0,0,0.0,0,0,0,0
lhs_001,recovery_mpc,622,none,slsqp,True,True,0.0,0.0,0.0,0.0,0,0.0,0,0,0,0
lhs_001,original_mpc,627,none,slsqp,True,True,0.0,0.0,4.292122213200855e-12,0.0,0,0.0,0,0,0,0
lhs_001,recovery_mpc,627,none,slsqp,True,True,0.0,0.0,0.0,0.0,0,0.0,0,0,0,0
lhs_001,original_mpc,632,none,slsqp,True,True,0.0,0.0,0.0,0.0,0,0.0,0,0,0,0
lhs_001,recovery_mpc,632,none,slsqp,True,True,0.0,0.0,1.9539925233402755e-13,0.0,0,0.0,0,0,0,0
lhs_001,original_mpc,637,none,slsqp,True,True,0.0,0.0,1.829647544582258e-13,0.0,0,0.0,0,0,0,0
lhs_001,recovery_mpc,637,none,slsqp,True,True,0.0,0.0,1.9539925233402755e-13,0.0,0,0.0,0,0,0,0
lhs_002,original_mpc,1,none,slsqp,True,True,0.0,2.832562273624717e-08,0.0,2.6645352591003757e-15,0,0.0,0,0,0,0
lhs_002,recovery_mpc,1,none,slsqp,True,True,0.0,2.832562273624717e-08,0.0,2.6645352591003757e-15,0,0.0,0,0,0,0
lhs_002,original_mpc,2,none,slsqp,True,True,0.0,1.6148931081261253e-09,0.0,8.881784197001252e-16,0,0.0,0,0,0,0
lhs_002,recovery_mpc,2,none,slsqp,True,True,0.0,1.6148931081261253e-09,0.0,8.881784197001252e-16,0,0.0,0,0,0,0
lhs_002,original_mpc,3,none,slsqp,True,True,0.0,1.242867142536852e-08,0.0,8.881784197001252e-16,0,0.0,0,0,0,0
lhs_002,recovery_mpc,3,none,slsqp,True,True,0.0,1.242867142536852e-08,0.0,8.881784197001252e-16,0,0.0,0,0,0,0
lhs_002,original_mpc,4,none,slsqp,True,True,0.0,5.1206967555117444e-08,0.0,0.0,0,0.0,0,0,0,0
lhs_002,recovery_mpc,4,none,slsqp,True,True,0.0,5.1206967555117444e-08,0.0,0.0,0,0.0,0,0,0,0
lhs_002,original_mpc,9,none,slsqp,True,True,0.0,9.153851010523795e-10,0.0,0.0,0,0.0,0,0,0,0
lhs_002,recovery_mpc,9,none,slsqp,True,True,0.0,9.153851010523795e-10,0.0,0.0,0,0.0,0,0,0,0
lhs_002,original_mpc,14,none,slsqp,True,True,0.0,1.1300258506707905e-09,0.0,0.0,0,0.0,0,0,0,0
lhs_002,recovery_mpc,14,none,slsqp,True,True,0.0,1.1300258506707905e-09,0.0,0.0,0,0.0,0,0,0,0
lhs_002,original_mpc,19,none,slsqp,True,True,0.0,3.8850345163155e-10,0.0,0.0,0,0.0,0,0,0,0
lhs_002,recovery_mpc,19,none,slsqp,True,True,0.0,3.8850345163155e-10,0.0,0.0,0,0.0,0,0,0,0
lhs_002,original_mpc,24,none,slsqp,True,True,0.0,7.1193539952219e-10,0.0,0.0,0,0.0,0,0,0,0
lhs_002,recovery_mpc,24,none,slsqp,True,True,0.0,7.1193539952219e-10,0.0,0.0,0,0.0,0,0,0,0
lhs_002,original_mpc,29,none,slsqp,True,True,0.0,4.2179237880191067e-10,0.0,0.0,0,0.0,0,0,0,0
lhs_002,recovery_mpc,29,none,slsqp,True,True,0.0,4.2179237880191067e-10,0.0,0.0,0,0.0,0,0,0,0
lhs_002,original_mpc,34,none,slsqp,True,True,0.0,0.0,0.0,0.0,0,0.0,0,0,0,0
lhs_002,recovery_mpc,34,none,slsqp,True,True,0.0,0.0,0.0,0.0,0,0.0,0,0,0,0
lhs_002,original_mpc,39,none,slsqp,True,True,0.0,7.189692752263e-08,0.0,0.0,0,0.0,0,0,0,0
lhs_002,recovery_mpc,39,none,slsqp,True,True,0.0,7.189692752263e-08,0.0,0.0,0,0.0,0,0,0,0
lhs_002,original_mpc,44,none,slsqp,True,True,0.0,1.6834320604175446e-09,0.0,0.0,0,0.0,0,0,0,0
lhs_002,recovery_mpc,44,none,slsqp,True,True,0.0,1.6834320604175446e-09,0.0,0.0,0,0.0,0,0,0,0
lhs_002,original_mpc,49,none,slsqp,True,True,0.0,1.6395063084928552e-10,0.0,0.0,0,0.0,0,0,0,0
lhs_002,recovery_mpc,49,none,slsqp,True,True,0.0,1.6395063084928552e-10,0.0,0.0,0,0.0,0,0,0,0
lhs_002,original_mpc,54,none,slsqp,True,True,0.0,1.1074519079556921e-09,0.0,0.0,0,0.0,0,0,0,0
lhs_002,recovery_mpc,54,none,slsqp,True,True,0.0,1.1074519079556921e-09,0.0,0.0,0,0.0,0,0,0,0
lhs_002,original_mpc,59,none,slsqp,True,True,0.0,0.0,0.0,0.0,0,0.0,0,0,0,0
lhs_002,recovery_mpc,59,none,slsqp,True,True,0.0,0.0,0.0,0.0,0,0.0,0,0,0,0
lhs_002,original_mpc,64,none,slsqp,True,True,0.0,1.828937001846498e-11,0.0,0.0,0,0.0,0,0,0,0
lhs_002,recovery_mpc,64,none,slsqp,True,True,0.0,1.828937001846498e-11,0.0,0.0,0,0.0,0,0,0,0
lhs_002,original_mpc,69,none,slsqp,True,True,0.0,7.214211450445873e-10,0.0,0.0,0,0.0,0,0,0,0
lhs_002,recovery_mpc,69,none,slsqp,True,True,0.0,7.214211450445873e-10,0.0,0.0,0,0.0,0,0,0,0
lhs_002,original_mpc,74,none,slsqp,True,True,0.0,4.3662851112458156e-10,0.0,0.0,0,0.0,0,0,0,0
lhs_002,recovery_mpc,74,none,slsqp,True,True,0.0,4.3662851112458156e-10,0.0,0.0,0,0.0,0,0,0,0
lhs_002,original_mpc,79,none,slsqp,True,True,0.0,1.447730824111204e-10,0.0,0.0,0,0.0,0,0,0,0
lhs_002,recovery_mpc,79,none,slsqp,True,True,0.0,1.447730824111204e-10,0.0,0.0,0,0.0,0,0,0,0
lhs_002,original_mpc,84,none,slsqp,True,True,0.0,4.6071590986684896e-11,0.0,0.0,0,0.0,0,0,0,0
lhs_002,recovery_mpc,84,none,slsqp,True,True,0.0,4.6071590986684896e-11,0.0,0.0,0,0.0,0,0,0,0
lhs_002,original_mpc,89,none,slsqp,True,True,0.0,2.438227397760784e-10,0.0,0.0,0,0.0,0,0,0,0
lhs_002,recovery_mpc,89,none,slsqp,True,True,0.0,2.438227397760784e-10,0.0,0.0,0,0.0,0,0,0,0
lhs_002,original_mpc,94,none,slsqp,True,True,0.0,1.9179680066372384e-10,0.0,0.0,0,0.0,0,0,0,0
lhs_002,recovery_mpc,94,none,slsqp,True,True,0.0,1.9179680066372384e-10,0.0,0.0,0,0.0,0,0,0,0
lhs_002,original_mpc,99,none,slsqp,True,True,0.0,2.644853225319821e-10,0.0,0.0,0,0.0,0,0,0,0
lhs_002,recovery_mpc,99,none,slsqp,True,True,0.0,2.644853225319821e-10,0.0,0.0,0,0.0,0,0,0,0
lhs_002,original_mpc,104,none,slsqp,True,True,0.0,4.686597776526469e-10,0.0,0.0,0,0.0,0,0,0,0
lhs_002,recovery_mpc,104,none,slsqp,True,True,0.0,4.686597776526469e-10,0.0,0.0,0,0.0,0,0,0,0
lhs_002,original_mpc,109,none,slsqp,True,True,0.0,4.814764054117404e-08,0.0,0.0,0,0.0,0,0,0,0
lhs_002,recovery_mpc,109,none,slsqp,True,True,0.0,4.814764054117404e-08,0.0,0.0,0,0.0,0,0,0,0
lhs_002,original_mpc,114,none,slsqp,True,True,0.0,8.213426383463229e-08,0.0,0.0,0,0.0,0,0,0,0
lhs_002,recovery_mpc,114,none,slsqp,True,True,0.0,8.213426383463229e-08,0.0,0.0,0,0.0,0,0,0,0
lhs_002,original_mpc,119,none,slsqp,True,True,0.0,2.802380549837835e-11,0.0,0.0,0,0.0,0,0,0,0
lhs_002,recovery_mpc,119,none,slsqp,True,True,0.0,2.802380549837835e-11,0.0,0.0,0,0.0,0,0,0,0
lhs_002,original_mpc,124,none,slsqp,True,True,0.0,5.612008635580423e-10,0.0,0.0,0,0.0,0,0,0,0
lhs_002,recovery_mpc,124,none,slsqp,True,True,0.0,5.612008635580423e-10,0.0,0.0,0,0.0,0,0,0,0
lhs_002,original_mpc,129,none,slsqp,True,True,0.0,2.8242048699667066e-08,0.0,0.0,0,0.0,0,0,0,0
lhs_002,recovery_mpc,129,none,slsqp,True,True,0.0,2.8242048699667066e-08,0.0,0.0,0,0.0,0,0,0,0
lhs_002,original_mpc,134,none,slsqp,True,True,0.0,1.5849366263864795e-10,0.0,0.0,0,0.0,0,0,0,0
lhs_002,recovery_mpc,134,none,slsqp,True,True,0.0,1.5849366263864795e-10,0.0,0.0,0,0.0,0,0,0,0
lhs_002,original_mpc,139,none,slsqp,True,True,0.0,9.556096358664945e-09,0.0,0.0,0,0.0,0,0,0,0
lhs_002,recovery_mpc,139,none,slsqp,True,True,0.0,9.556096358664945e-09,0.0,0.0,0,0.0,0,0,0,0
lhs_002,original_mpc,144,none,slsqp,True,True,0.0,9.822116453506169e-10,0.0,0.0,0,0.0,0,0,0,0
lhs_002,recovery_mpc,144,none,slsqp,True,True,0.0,9.822116453506169e-10,0.0,0.0,0,0.0,0,0,0,0
lhs_002,original_mpc,149,none,slsqp,True,True,0.0,2.812782895489363e-09,0.0,0.0,0,0.0,0,0,0,0
lhs_002,recovery_mpc,149,none,slsqp,True,True,0.0,2.812782895489363e-09,0.0,0.0,0,0.0,0,0,0,0
lhs_002,original_mpc,154,none,slsqp,True,True,0.0,4.9790287448558956e-08,0.0,0.0,0,0.0,0,0,0,0
lhs_002,recovery_mpc,154,none,slsqp,True,True,0.0,4.9790287448558956e-08,0.0,0.0,0,0.0,0,0,0,0
lhs_002,original_mpc,159,none,slsqp,True,True,0.0,4.238010831159045e-09,0.0,0.0,0,0.0,0,0,0,0
lhs_002,recovery_mpc,159,none,slsqp,True,True,0.0,4.238010831159045e-09,0.0,0.0,0,0.0,0,0,0,0
lhs_002,original_mpc,164,none,slsqp,True,True,0.0,2.9189095585024916e-11,0.0,0.0,0,0.0,0,0,0,0
lhs_002,recovery_mpc,164,none,slsqp,True,True,0.0,2.9189095585024916e-11,0.0,0.0,0,0.0,0,0,0,0
lhs_002,original_mpc,169,none,slsqp,True,True,0.0,1.3912121232806385e-08,0.0,0.0,0,0.0,0,0,0,0
lhs_002,recovery_mpc,169,none,slsqp,True,True,0.0,1.3912121232806385e-08,0.0,0.0,0,0.0,0,0,0,0
lhs_002,original_mpc,174,none,slsqp,True,True,0.0,3.276596771684126e-10,0.0,0.0,0,0.0,0,0,0,0
lhs_002,recovery_mpc,174,none,slsqp,True,True,0.0,3.276596771684126e-10,0.0,0.0,0,0.0,0,0,0,0
lhs_002,original_mpc,179,none,slsqp,True,True,0.0,5.132932301421533e-09,0.0,0.0,0,0.0,0,0,0,0
lhs_002,recovery_mpc,179,none,slsqp,True,True,0.0,5.132932301421533e-09,0.0,0.0,0,0.0,0,0,0,0
lhs_002,original_mpc,184,none,slsqp,False,False,0.0,0.11966621736264926,0.0,9.059419880941277e-14,0,0.0,0,0,0,0
lhs_002,recovery_mpc,184,prediction_domain_infeasible_under_candidate_audit,slope_safe_emergency,False,False,0.0,0.11966621736264926,0.0,9.059419880941277e-14,0,0.0,0,0,0,1
lhs_002,original_mpc,185,none,slsqp,False,False,0.0,0.1162004082707,0.0,0.0,0,0.0,0,0,0,0
lhs_002,recovery_mpc,185,prediction_domain_infeasible_under_candidate_audit,slope_safe_emergency,False,False,0.0,0.13009426692930504,0.0,0.0,0,0.0,0,0,0,1
lhs_002,original_mpc,190,none,slsqp,True,True,0.0,7.212506147880049e-10,0.0,0.0,0,0.0,0,0,0,0
lhs_002,recovery_mpc,190,prediction_domain_infeasible_under_candidate_audit,slope_safe_emergency,False,False,0.0,0.2830427853413653,0.0,2.000000000000062,0,0.0,0,0,0,1
lhs_002,original_mpc,191,none,slsqp,True,True,0.0,1.847637776108968e-08,0.0,8.881784197001252e-16,0,0.0,0,0,0,0
lhs_002,recovery_mpc,191,prediction_domain_infeasible_under_candidate_audit,slope_safe_emergency,False,False,0.0,0.44933613169490627,0.0,4.000000000001389,0,0.0,0,0,0,1
lhs_002,original_mpc,192,none,slsqp,True,True,0.0,7.168665661083651e-10,0.0,0.0,0,0.0,0,0,0,0
lhs_002,recovery_mpc,192,prediction_domain_infeasible_under_candidate_audit,slope_safe_emergency,False,False,0.0,0.5005458905929459,0.0,5.021805366425152,0,0.0,0,0,0,1
lhs_002,original_mpc,197,none,slsqp,True,True,0.0,1.0810055073307012e-09,0.0,0.0,0,0.0,0,0,0,0
lhs_002,recovery_mpc,197,prediction_domain_infeasible_under_candidate_audit,slope_safe_emergency,False,False,0.0,1.2212308194360588,0.0,5.021805366424008,0,0.0,0,0,0,1
lhs_002,original_mpc,202,none,slsqp,True,True,0.0,3.0109248427834245e-10,0.0,0.0,0,0.0,0,0,0,0
lhs_002,recovery_mpc,202,hard_safety_slew_conflict,hard_safety_emergency,False,False,0.0,1.981839127122008,0.0,5.021805366423463,5,8.0,0,0,0,1
lhs_002,original_mpc,207,none,slsqp,True,True,0.0,1.2023804174532415e-10,0.0,0.0,0,0.0,0,0,0,0
lhs_002,recovery_mpc,207,hard_safety_slew_conflict,hard_safety_emergency,False,False,0.0,1.662119409156844,0.0,0.0,0,0.0,0,0,0,1
lhs_002,original_mpc,212,none,slsqp,True,True,0.0,1.7607248992135283e-11,0.0,0.0,0,0.0,0,0,0,0
lhs_002,recovery_mpc,212,prediction_domain_infeasible_under_candidate_audit,slope_safe_emergency,False,False,0.0,1.340540418632358,0.0,0.0,0,0.0,0,0,0,1
lhs_002,original_mpc,217,none,slsqp,True,True,0.0,6.296687615758856e-10,0.0,0.0,0,0.0,0,0,0,0
lhs_002,recovery_mpc,217,prediction_domain_infeasible_under_candidate_audit,slope_safe_emergency,False,False,0.0,1.0895540582420082,0.0,0.0,0,0.0,0,0,0,1
lhs_002,original_mpc,222,none,slsqp,True,True,0.0,1.1598189075812115e-10,0.0,0.0,0,0.0,0,0,0,0
lhs_002,recovery_mpc,222,prediction_domain_infeasible_under_candidate_audit,slope_safe_emergency,False,False,0.0,1.0166491464398888,0.0,0.0,0,0.0,0,0,0,1
lhs_002,original_mpc,227,none,slsqp,True,True,0.0,2.6274570075202064e-08,0.0,0.0,0,0.0,0,0,0,0
lhs_002,recovery_mpc,227,prediction_domain_infeasible_under_candidate_audit,slope_safe_emergency,False,False,0.0,1.363952811920882,0.0,1.0218053664248012,0,0.0,0,0,0,1
lhs_002,original_mpc,232,none,slsqp,True,True,0.0,4.723041513443604e-09,0.0,0.0,0,0.0,0,0,0,0
lhs_002,recovery_mpc,232,hard_safety_slew_conflict,hard_safety_emergency,False,False,0.0,1.652805173399564,0.0,3.0218053664254096,4,6.0,0,0,0,1
lhs_002,original_mpc,237,none,slsqp,True,True,0.0,3.4293776707272627e-09,0.0,0.0,0,0.0,0,0,0,0
lhs_002,recovery_mpc,237,prediction_domain_infeasible_under_candidate_audit,slope_safe_emergency,False,False,0.0,1.408557656047961,0.0,0.0,0,0.0,0,0,0,1
lhs_002,original_mpc,242,none,slsqp,True,True,0.0,1.3236707729902264e-08,0.0,0.0,0,0.0,0,0,0,0
lhs_002,recovery_mpc,242,hard_safety_slew_conflict,hard_safety_emergency,False,False,0.0,1.557612128636272,0.0,0.0,1,0.0,0,0,0,1
lhs_002,original_mpc,247,none,slsqp,True,True,0.0,2.7865922902492457e-09,0.0,0.0,0,0.0,0,0,0,0
lhs_002,recovery_mpc,247,prediction_domain_infeasible_under_candidate_audit,slope_safe_emergency,False,False,0.0,1.2866188698630623,0.0,0.0,0,0.0,0,0,0,1
lhs_002,original_mpc,252,none,slsqp,False,False,0.0,0.019513375946388578,0.0,2.8630431359033537e-12,0,0.0,0,0,0,0
lhs_002,recovery_mpc,252,prediction_domain_infeasible_under_candidate_audit,slope_safe_emergency,False,False,0.0,1.338455684115381,0.0,0.0,0,0.0,0,0,0,1
lhs_002,original_mpc,253,none,slsqp,True,True,0.0,2.626030948249536e-09,0.0,4.440892098500626e-16,0,0.0,0,0,0,0
lhs_002,recovery_mpc,253,prediction_domain_infeasible_under_candidate_audit,slope_safe_emergency,False,False,0.0,1.2698481947828668,0.0,6.1097793491171615e-12,0,0.0,0,0,0,1
lhs_002,original_mpc,254,none,slsqp,True,True,0.0,1.1085369067131978e-08,0.0,0.0,0,0.0,0,0,0,0
lhs_002,recovery_mpc,254,prediction_domain_infeasible_under_candidate_audit,slope_safe_emergency,False,False,0.0,1.2971046836883389,0.0,1.0218053664254234,0,0.0,0,0,0,1
lhs_002,original_mpc,259,none,slsqp,True,True,0.0,2.4905659756768728e-09,0.0,0.0,0,0.0,0,0,0,0
lhs_002,recovery_mpc,259,hard_safety_slew_conflict,hard_safety_emergency,False,False,0.0,1.7580816716533292,0.0,3.021805366425424,4,6.0,0,0,0,1
lhs_002,original_mpc,264,none,slsqp,True,True,0.0,7.036021543171955e-09,0.0,0.0,0,0.0,0,0,0,0
lhs_002,recovery_mpc,264,hard_safety_slew_conflict,hard_safety_emergency,False,False,0.0,1.5529525024869102,0.0,0.0,0,0.0,0,0,0,1
lhs_002,original_mpc,269,none,slsqp,True,True,0.0,3.2221123547060415e-09,0.0,0.0,0,0.0,0,0,0,0
lhs_002,recovery_mpc,269,prediction_domain_infeasible_under_candidate_audit,slope_safe_emergency,False,False,0.0,1.2947921667570554,0.0,0.0,0,0.0,0,0,0,1
lhs_002,original_mpc,274,none,slsqp,True,True,0.0,1.2967689144716132e-09,0.0,0.0,0,0.0,0,0,0,0
lhs_002,recovery_mpc,274,prediction_domain_infeasible_under_candidate_audit,slope_safe_emergency,False,False,0.0,1.013605808078509,0.0,8.175682353339653e-13,0,0.0,0,0,0,1
lhs_002,original_mpc,279,none,slsqp,True,True,0.0,1.859589104924453e-08,0.0,0.0,0,0.0,0,0,0,0
lhs_002,recovery_mpc,279,prediction_domain_infeasible_under_candidate_audit,slope_safe_emergency,False,False,0.0,0.9383579209790227,0.0,0.0,0,0.0,0,0,0,1
lhs_002,original_mpc,284,none,slsqp,True,True,0.0,2.0507684439508012e-10,0.0,0.0,0,0.0,0,0,0,0
lhs_002,recovery_mpc,284,prediction_domain_infeasible_under_candidate_audit,slope_safe_emergency,False,False,0.0,1.1418808380467027,0.0,1.021805366420029,0,0.0,0,0,0,1
lhs_002,original_mpc,289,none,slsqp,True,True,0.0,3.462847786295242e-08,0.0,0.0,0,0.0,0,0,0,0
lhs_002,recovery_mpc,289,hard_safety_slew_conflict,hard_safety_emergency,False,False,0.0,1.6091879388416288,0.0,3.0218053664254247,4,6.0,0,0,0,1
lhs_002,original_mpc,294,none,slsqp,True,True,0.0,1.5259971064551792e-09,0.0,0.0,0,0.0,0,0,0,0
lhs_002,recovery_mpc,294,prediction_domain_infeasible_under_candidate_audit,slope_safe_emergency,False,False,0.0,1.3571574046951937,0.0,0.0,0,0.0,0,0,0,1
lhs_002,original_mpc,299,none,slsqp,True,True,0.0,1.1154320134210138e-08,0.0,0.0,0,0.0,0,0,0,0
lhs_002,recovery_mpc,299,prediction_domain_infeasible_under_candidate_audit,slope_safe_emergency,False,False,0.0,1.0851779270164599,0.0,0.0,0,0.0,0,0,0,1
lhs_002,original_mpc,304,none,slsqp,True,True,0.0,1.5447199075424578e-10,0.0,0.0,0,0.0,0,0,0,0
lhs_002,recovery_mpc,304,prediction_domain_infeasible_under_candidate_audit,slope_safe_emergency,False,False,0.0,1.0779179791761067,0.0,0.0,0,0.0,0,0,0,1
lhs_002,original_mpc,309,none,slsqp,True,True,0.0,1.7818280184656032e-10,0.0,0.0,0,0.0,0,0,0,0
lhs_002,recovery_mpc,309,prediction_domain_infeasible_under_candidate_audit,slope_safe_emergency,False,False,0.0,1.2997291369837072,0.0,1.0218053664254234,0,0.0,0,0,0,1
lhs_002,original_mpc,314,none,slsqp,True,True,0.0,7.526644196786947e-09,0.0,0.0,0,0.0,0,0,0,0
lhs_002,recovery_mpc,314,hard_safety_slew_conflict,hard_safety_emergency,False,False,0.0,1.5072140140917227,0.0,3.0218053664254,3,3.4000000000000004,0,0,0,1
lhs_002,original_mpc,319,none,slsqp,True,True,0.0,1.445400243937911e-08,0.0,0.0,0,0.0,0,0,0,0
lhs_002,recovery_mpc,319,prediction_domain_infeasible_under_candidate_audit,slope_safe_emergency,False,False,0.0,1.3716051211699494,0.0,0.0,0,0.0,0,0,0,1
lhs_002,original_mpc,324,none,slsqp,True,True,0.0,2.559659151302185e-10,0.0,0.0,0,0.0,0,0,0,0
lhs_002,recovery_mpc,324,prediction_domain_infeasible_under_candidate_audit,slope_safe_emergency,False,False,0.0,1.4698462701032255,0.0,0.0,1,0.0,0,0,0,1
lhs_002,original_mpc,329,none,slsqp,True,True,0.0,8.549392305212677e-10,0.0,0.0,0,0.0,0,0,0,0
lhs_002,recovery_mpc,329,prediction_domain_infeasible_under_candidate_audit,slope_safe_emergency,False,False,0.0,1.4524232132270782,0.0,1.3362644324388384e-12,0,0.0,0,0,0,1
lhs_002,original_mpc,334,none,slsqp,True,True,0.0,2.886082484110375e-10,0.0,0.0,0,0.0,0,0,0,0
lhs_002,recovery_mpc,334,hard_safety_slew_conflict,hard_safety_emergency,False,False,0.0,1.5102609657602528,0.0,3.3066882565435662e-12,2,0.6200000000000001,0,0,0,1
lhs_002,original_mpc,339,none,slsqp,True,True,0.0,5.23080245784513e-10,0.0,0.0,0,0.0,0,0,0,0
lhs_002,recovery_mpc,339,prediction_domain_infeasible_under_candidate_audit,slope_safe_emergency,False,False,0.0,1.4934159510993368,0.0,4.840572387365683e-13,1,0.0,0,0,0,1
lhs_002,original_mpc,344,none,slsqp,True,True,0.0,9.247848709037498e-09,0.0,0.0,0,0.0,0,0,0,0
lhs_002,recovery_mpc,344,prediction_domain_infeasible_under_candidate_audit,slope_safe_emergency,False,False,0.0,1.3924611308056853,0.0,0.0,0,0.0,0,0,0,1
lhs_002,original_mpc,349,none,slsqp,False,False,0.0,0.0867884980065341,0.0,2.3512303215511565e-11,0,0.0,0,0,0,0
lhs_002,recovery_mpc,349,prediction_domain_infeasible_under_candidate_audit,slope_safe_emergency,False,False,0.0,1.4741482468772986,0.0,6.179945444273471e-12,0,0.0,0,0,0,1
lhs_002,original_mpc,350,none,slsqp,False,False,0.0,0.094473707628417,0.0,9.138911849504439e-12,0,0.0,0,0,0,0
lhs_002,recovery_mpc,350,hard_safety_slew_conflict,hard_safety_emergency,False,False,0.0,1.5077498099331308,0.0,0.0,2,0.8696000000000002,0,0,0,1
lhs_002,original_mpc,355,none,slsqp,True,True,0.0,0.0,0.0,0.0,0,0.0,0,0,0,0
lhs_002,recovery_mpc,355,prediction_domain_infeasible_under_candidate_audit,slope_safe_emergency,False,False,0.0,1.018114776367959,0.0,0.0,0,0.0,0,0,0,1
lhs_002,original_mpc,356,none,slsqp,True,True,0.0,4.361382366369071e-10,0.0,0.0,0,0.0,0,0,0,0
lhs_002,recovery_mpc,356,prediction_domain_infeasible_under_candidate_audit,slope_safe_emergency,False,False,0.0,1.0508806367875536,0.0,0.0,0,0.0,0,0,0,1
lhs_002,original_mpc,357,none,slsqp,True,True,0.0,3.0171065645845374e-10,0.0,0.0,0,0.0,0,0,0,0
lhs_002,recovery_mpc,357,prediction_domain_infeasible_under_candidate_audit,slope_safe_emergency,False,False,0.0,1.011043899448353,0.0,2.298605750183924e-12,0,0.0,0,0,0,1
lhs_002,original_mpc,362,none,slsqp,True,True,0.0,5.001510317015345e-11,0.0,0.0,0,0.0,0,0,0,0
lhs_002,recovery_mpc,362,prediction_domain_infeasible_under_candidate_audit,slope_safe_emergency,False,False,0.0,1.286932992714533,0.0,1.4836653664254231,0,0.0,0,0,0,1
lhs_002,original_mpc,367,none,slsqp,True,True,0.0,7.402561408298425e-08,0.0,0.0,0,0.0,0,0,0,0
lhs_002,recovery_mpc,367,hard_safety_slew_conflict,hard_safety_emergency,False,False,0.0,1.912557711777687,0.0,3.4836653664243524,5,6.46186,0,0,0,1
lhs_002,original_mpc,372,none,slsqp,True,True,0.0,4.760778438139823e-10,0.0,0.0,0,0.0,0,0,0,0
lhs_002,recovery_mpc,372,hard_safety_slew_conflict,hard_safety_emergency,False,False,0.0,1.6485191230413534,0.0,0.0,0,0.0,0,0,0,1
lhs_002,original_mpc,377,none,slsqp,True,True,0.0,9.795115829547285e-10,0.0,0.0,0,0.0,0,0,0,0
lhs_002,recovery_mpc,377,prediction_domain_infeasible_under_candidate_audit,slope_safe_emergency,False,False,0.0,1.3619250938593126,0.0,0.0,0,0.0,0,0,0,1
lhs_002,original_mpc,382,none,slsqp,True,True,0.0,8.022013275876816e-09,0.0,0.0,0,0.0,0,0,0,0
lhs_002,recovery_mpc,382,prediction_domain_infeasible_under_candidate_audit,slope_safe_emergency,False,False,0.0,1.306172354997429,0.0,0.0,0,0.0,0,0,0,1
lhs_002,original_mpc,387,none,slsqp,False,False,0.0,0.05896968872066566,0.0,8.615330671091215e-14,0,0.0,0,0,0,0
lhs_002,recovery_mpc,387,prediction_domain_infeasible_under_candidate_audit,slope_safe_emergency,False,False,0.0,1.452320654664348,0.0,7.993605777301127e-15,0,0.0,0,0,0,1
lhs_002,original_mpc,388,none,slsqp,False,False,0.0,0.11343328524089458,0.0,1.1830536550405668e-11,0,0.0,0,0,0,0
lhs_002,recovery_mpc,388,hard_safety_slew_conflict,hard_safety_emergency,False,False,0.0,1.5674741587234564,0.0,5.582201367815287e-13,3,2.84,0,0,0,1
lhs_002,original_mpc,393,none,slsqp,False,False,0.0,0.15633456753207753,0.0,2.0083046337049382e-11,0,0.0,0,0,0,0
lhs_002,recovery_mpc,393,hard_safety_slew_conflict,hard_safety_emergency,False,False,0.0,1.5335370658393046,0.0,0.0,0,0.0,0,0,0,1
lhs_002,original_mpc,398,none,slsqp,True,True,0.0,3.093254008490476e-08,0.0,1.7763568394002505e-15,0,0.0,0,0,0,0
lhs_002,recovery_mpc,398,prediction_domain_infeasible_under_candidate_audit,slope_safe_emergency,False,False,0.0,1.1204552493914548,0.0,0.0,0,0.0,0,0,0,1
lhs_002,original_mpc,399,none,slsqp,True,True,0.0,1.0672351891116705e-11,0.0,0.0,0,0.0,0,0,0,0
lhs_002,recovery_mpc,399,prediction_domain_infeasible_under_candidate_audit,slope_safe_emergency,False,False,0.0,0.999294449234128,0.0,1.7763568394002505e-15,0,0.0,0,0,0,1
lhs_002,original_mpc,400,none,slsqp,True,True,0.0,1.574622388034186e-08,0.0,0.0,0,0.0,0,0,0,0
lhs_002,recovery_mpc,400,prediction_domain_infeasible_under_candidate_audit,slope_safe_emergency,False,False,0.0,0.9018479733531137,0.0,2.405187160547939e-12,0,0.0,0,0,0,1
lhs_002,original_mpc,405,none,slsqp,True,True,0.0,8.412065710672323e-09,0.0,0.0,0,0.0,0,0,0,0
lhs_002,recovery_mpc,405,prediction_domain_infeasible_under_candidate_audit,slope_safe_emergency,False,False,0.0,1.0137848110307743,0.0,1.0218053664254119,0,0.0,0,0,0,1
lhs_002,original_mpc,410,none,slsqp,True,True,0.0,1.4228618283596006e-10,0.0,0.0,0,0.0,0,0,0,0
lhs_002,recovery_mpc,410,prediction_domain_infeasible_under_candidate_audit,slope_safe_emergency,False,False,0.0,1.3076987670792661,0.0,3.0218053664242124,0,0.0,0,0,0,1
lhs_002,original_mpc,415,none,slsqp,True,True,0.0,6.988329914747737e-10,0.0,0.0,0,0.0,0,0,0,0
lhs_002,recovery_mpc,415,hard_safety_slew_conflict,hard_safety_emergency,False,False,0.0,1.9557238832544002,0.0,4.261805366425424,5,7.24,0,0,0,1
lhs_002,original_mpc,420,none,slsqp,True,True,0.0,1.938687432812003e-09,0.0,0.0,0,0.0,0,0,0,0
lhs_002,recovery_mpc,420,hard_safety_slew_conflict,hard_safety_emergency,False,False,0.0,1.7803191177273447,0.0,0.0,0,0.0,0,0,0,1
lhs_002,original_mpc,425,none,slsqp,True,True,0.0,8.444942523055943e-10,0.0,0.0,0,0.0,0,0,0,0
lhs_002,recovery_mpc,425,hard_safety_slew_conflict,hard_safety_emergency,False,False,0.0,1.5881836605969966,0.0,0.0,0,0.0,0,0,0,1
lhs_002,original_mpc,430,none,slsqp,True,True,0.0,1.958632367404789e-09,0.0,0.0,0,0.0,0,0,0,0
lhs_002,recovery_mpc,430,prediction_domain_infeasible_under_candidate_audit,slope_safe_emergency,False,False,0.0,1.4734013977878035,0.0,0.0,0,0.0,0,0,0,1
lhs_002,original_mpc,435,none,slsqp,True,True,0.0,2.057447545666946e-10,0.0,0.0,0,0.0,0,0,0,0
lhs_002,recovery_mpc,435,prediction_domain_infeasible_under_candidate_audit,slope_safe_emergency,False,False,0.0,1.167395412828192,0.0,0.0,0,0.0,0,0,0,1
lhs_002,original_mpc,440,none,slsqp,True,True,0.0,1.5725021285106777e-09,0.0,0.0,0,0.0,0,0,0,0
lhs_002,recovery_mpc,440,prediction_domain_infeasible_under_candidate_audit,slope_safe_emergency,False,False,0.0,1.0800364958369997,0.0,1.0047740417462592e-10,0,0.0,0,0,0,1
lhs_002,original_mpc,445,none,slsqp,True,True,0.0,1.0763478996977938e-08,0.0,0.0,0,0.0,0,0,0,0
lhs_002,recovery_mpc,445,prediction_domain_infeasible_under_candidate_audit,slope_safe_emergency,False,False,0.0,1.3268926090422255,0.0,1.0218053664254234,0,0.0,0,0,0,1
lhs_002,original_mpc,450,none,slsqp,True,True,0.0,3.251906122159198e-08,0.0,0.0,0,0.0,0,0,0,0
lhs_002,recovery_mpc,450,hard_safety_slew_conflict,hard_safety_emergency,False,False,0.0,1.754667739625475,0.0,3.021805366424389,4,6.0,0,0,0,1
lhs_002,original_mpc,455,none,slsqp,True,True,0.0,1.6503072686191445e-08,0.0,0.0,0,0.0,0,0,0,0
lhs_002,recovery_mpc,455,prediction_domain_infeasible_under_candidate_audit,slope_safe_emergency,False,False,0.0,1.4218166908570566,0.0,0.0,0,0.0,0,0,0,1
lhs_002,original_mpc,460,none,slsqp,True,True,0.0,2.2023044721208862e-08,0.0,0.0,0,0.0,0,0,0,0
lhs_002,recovery_mpc,460,prediction_domain_infeasible_under_candidate_audit,slope_safe_emergency,False,False,0.0,1.2235253890097937,0.0,0.0,0,0.0,0,0,0,1
lhs_002,original_mpc,465,none,slsqp,True,True,0.0,2.611816540820655e-08,0.0,0.0,0,0.0,0,0,0,0
lhs_002,recovery_mpc,465,prediction_domain_infeasible_under_candidate_audit,slope_safe_emergency,False,False,0.0,1.2103477729298433,0.0,6.481926106971514e-12,0,0.0,0,0,0,1
lhs_002,original_mpc,470,none,slsqp,True,True,0.0,3.549769900246247e-08,0.0,0.0,0,0.0,0,0,0,0
lhs_002,recovery_mpc,470,prediction_domain_infeasible_under_candidate_audit,slope_safe_emergency,False,False,0.0,1.2527385974545737,0.0,1.0218053664251618,0,0.0,0,0,0,1
lhs_002,original_mpc,475,none,slsqp,True,True,0.0,3.034695339465543e-08,0.0,0.0,0,0.0,0,0,0,0
lhs_002,recovery_mpc,475,hard_safety_slew_conflict,hard_safety_emergency,False,False,0.001973155792189374,1.6388408432925203,0.0,2.3418053664233396,4,5.32,0,0,0,1
lhs_002,original_mpc,480,none,slsqp,True,True,0.0,5.0641020266084524e-09,0.0,0.0,0,0.0,0,0,0,0
lhs_002,recovery_mpc,480,prediction_domain_infeasible_under_candidate_audit,slope_safe_emergency,False,False,0.0,1.402237002787686,0.0,0.0,0,0.0,0,0,0,1
lhs_002,original_mpc,485,none,slsqp,True,True,0.0,4.713811563306081e-10,0.0,0.0,0,0.0,0,0,0,0
lhs_002,recovery_mpc,485,prediction_domain_infeasible_under_candidate_audit,slope_safe_emergency,False,False,0.0,1.3980147751362324,0.0,0.0,0,0.0,0,0,0,1
lhs_002,original_mpc,490,none,slsqp,False,False,0.0,0.01321715389057232,0.0,1.6485035558844174e-11,0,0.0,0,0,0,0
lhs_002,recovery_mpc,490,prediction_domain_infeasible_under_candidate_audit,slope_safe_emergency,False,False,0.00876842851599946,1.471588296502837,0.0,3.772537837676282e-12,1,0.0,0,0,0,1
lhs_002,original_mpc,491,none,slsqp,True,True,0.0,1.3509577456716215e-08,0.0,0.0,0,0.0,0,0,0,0
lhs_002,recovery_mpc,491,prediction_domain_infeasible_under_candidate_audit,slope_safe_emergency,False,False,0.010249912376516512,1.4584387461762347,0.0,0.0,0,0.0,0,0,0,1
lhs_002,original_mpc,492,none,slsqp,True,True,0.0,1.5072885162226157e-09,0.0,0.0,0,0.0,0,0,0,0
lhs_002,recovery_mpc,492,prediction_domain_infeasible_under_candidate_audit,slope_safe_emergency,False,False,0.011682181766849986,1.4468988720483793,0.0,4.3209880118411093e-13,0,0.0,0,0,0,1
lhs_002,original_mpc,497,none,slsqp,True,True,0.0,8.893152880773414e-10,0.0,0.0,0,0.0,0,0,0,0
lhs_002,recovery_mpc,497,prediction_domain_infeasible_under_candidate_audit,slope_safe_emergency,False,False,0.018070265886650283,1.4850933399712218,0.0,0.30180536642542277,1,0.0,0,0,0,1
lhs_002,original_mpc,502,none,slsqp,True,True,4.859046498495445e-11,3.7159324506319535e-09,0.0,0.0,0,0.0,0,0,0,0
lhs_002,recovery_mpc,502,prediction_domain_infeasible_under_candidate_audit,slope_safe_emergency,False,False,0.021705135538642395,1.2635899526504346,0.0,0.0,0,0.0,0,0,0,1
lhs_002,original_mpc,507,none,slsqp,True,True,7.099210108663101e-12,3.830606942756276e-10,0.0,0.0,0,0.0,0,0,0,0
lhs_002,recovery_mpc,507,prediction_domain_infeasible_under_candidate_audit,slope_safe_emergency,False,False,0.030882138295660333,1.395983170761717,0.0,0.8618053664254153,1,0.0,0,0,0,1
lhs_002,original_mpc,512,none,slsqp,True,True,5.1533000089420966e-11,1.6899335264497495e-09,0.0,0.0,0,0.0,0,0,0,0
lhs_002,recovery_mpc,512,hard_safety_slew_conflict,hard_safety_emergency,False,False,0.037503603563759036,1.618092190016121,0.0,0.34180536642403236,3,3.3200000000000003,0,0,0,1
lhs_002,original_mpc,517,none,slsqp,True,True,3.587441455010776e-11,3.8546943414985435e-09,0.0,0.0,0,0.0,0,0,0,0
lhs_002,recovery_mpc,517,prediction_domain_infeasible_under_candidate_audit,slope_safe_emergency,False,False,0.029750404400145314,1.4957099580250173,0.0,1.0658141036401503e-14,0,0.0,0,0,0,1
lhs_002,original_mpc,522,none,slsqp,True,True,2.9345414986892138e-12,1.255742176908825e-10,0.0,0.0,0,0.0,0,0,0,0
lhs_002,recovery_mpc,522,prediction_domain_infeasible_under_candidate_audit,slope_safe_emergency,False,False,0.0292776784244273,1.2649237282355372,0.0,0.0,0,0.0,0,0,0,1
lhs_002,original_mpc,527,none,slsqp,True,True,1.1208216577074381e-09,0.0,0.0,0.0,0,0.0,0,0,0,0
lhs_002,recovery_mpc,527,prediction_domain_infeasible_under_candidate_audit,slope_safe_emergency,False,False,0.03378063029291578,1.1068259353971328,0.0,0.0,0,0.0,0,0,0,1
lhs_002,original_mpc,532,none,slsqp,True,True,1.3872458737296256e-11,0.0,0.0,0.0,0,0.0,0,0,0,0
lhs_002,recovery_mpc,532,prediction_domain_infeasible_under_candidate_audit,slope_safe_emergency,False,False,0.038898603521140274,1.1396442169158547,0.004827223459275665,7.682743330406083e-14,0,0.0,0,0,0,1
lhs_002,original_mpc,537,none,slsqp,True,True,3.461231301571388e-12,0.0,0.0,0.0,0,0.0,0,0,0,0
lhs_002,recovery_mpc,537,prediction_domain_infeasible_under_candidate_audit,slope_safe_emergency,False,False,0.0516553495624672,1.1721459742826283,0.012306958940775714,0.2818053664254232,1,0.0,0,0,0,1
lhs_002,original_mpc,542,none,slsqp,True,True,2.4140689447449404e-12,0.0,0.0,0.0,0,0.0,0,0,0,0
lhs_002,recovery_mpc,542,prediction_domain_infeasible_under_candidate_audit,slope_safe_emergency,False,False,0.051012861349657435,1.033172340764601,0.017749519337587172,4.162448163924637e-12,1,0.0,0,0,0,1
lhs_002,original_mpc,547,none,slsqp,True,True,5.092815058560518e-12,0.0,0.0,0.0,0,0.0,0,0,0,0
lhs_002,recovery_mpc,547,prediction_domain_infeasible_under_candidate_audit,slope_safe_emergency,False,False,0.06042106970963701,1.2875038653986337,0.02299204789255449,3.511413382284445e-12,1,0.0,0,0,0,1
lhs_002,original_mpc,552,none,slsqp,True,True,6.353166881467587e-10,0.0,0.0,0.0,0,0.0,0,0,0,0
lhs_002,recovery_mpc,552,prediction_domain_infeasible_under_candidate_audit,slope_safe_emergency,False,False,0.056534198043523,1.3840582258433969,0.025142682749407896,1.5836221223253233e-12,1,0.0,0,0,0,1
lhs_002,original_mpc,557,none,slsqp,True,True,6.2021499047659745e-12,0.0,0.0,0.0,0,0.0,0,0,0,0
lhs_002,recovery_mpc,557,prediction_domain_infeasible_under_candidate_audit,slope_safe_emergency,False,False,0.06064238712475234,1.4303409497279702,0.031643830685710306,4.53859172466764e-13,1,0.0,0,0,0,1
lhs_002,original_mpc,562,none,slsqp,True,True,8.881784197001252e-16,0.0,2.123826337019352e-09,0.0,0,0.0,0,0,0,0
lhs_002,recovery_mpc,562,prediction_domain_infeasible_under_candidate_audit,slope_safe_emergency,False,False,0.06540073837935889,1.2691670360369116,0.035675120695011,2.5290880500961066e-12,1,0.0,0,0,0,1
lhs_002,original_mpc,567,none,slsqp,True,True,8.881784197001252e-16,0.0,0.0,0.0,0,0.0,0,0,0,0
lhs_002,recovery_mpc,567,prediction_domain_infeasible_under_candidate_audit,slope_safe_emergency,False,False,0.06921327186544524,1.2476737743938315,0.04056446922100576,1.212363542890671e-13,0,0.0,0,0,0,1
lhs_002,original_mpc,572,none,slsqp,True,True,8.881784197001252e-16,0.0,0.0,0.0,0,0.0,0,0,0,0
lhs_002,recovery_mpc,572,prediction_domain_infeasible_under_candidate_audit,slope_safe_emergency,False,False,0.0695589779325223,1.3391379033634294,0.042520119802037515,5.231370892033738e-13,1,0.0,0,0,0,1
lhs_002,original_mpc,577,none,slsqp,True,True,0.0,0.0,0.0,0.0,0,0.0,0,0,0,0
lhs_002,recovery_mpc,577,prediction_domain_infeasible_under_candidate_audit,slope_safe_emergency,False,False,0.05637995255015582,1.0252982012798029,0.0342356614609407,0.0,0,0.0,0,0,0,1
lhs_002,original_mpc,582,none,slsqp,True,True,8.881784197001252e-16,0.0,8.451550570498512e-11,0.0,0,0.0,0,0,0,0
lhs_002,recovery_mpc,582,prediction_domain_infeasible_under_candidate_audit,slope_safe_emergency,False,False,0.05039675010225331,0.7302491802522866,0.030924581331028267,0.0,0,0.0,0,0,0,1
lhs_002,original_mpc,587,none,slsqp,True,True,0.0,0.0,0.0,0.0,0,0.0,0,0,0,0
lhs_002,recovery_mpc,587,prediction_domain_infeasible_under_candidate_audit,slope_safe_emergency,False,False,0.05464796227939139,0.6643324462685527,0.033249934747902055,0.0,0,0.0,0,0,0,1
lhs_002,original_mpc,592,none,slsqp,True,True,0.0,0.0,0.0,0.0,0,0.0,0,0,0,0
lhs_002,recovery_mpc,592,prediction_domain_infeasible_under_candidate_audit,slope_safe_emergency,False,False,0.04503625724260463,0.34413250741619805,0.02708966448108252,0.0,0,0.0,0,0,0,1
lhs_002,original_mpc,597,none,slsqp,True,True,8.881784197001252e-16,0.0,0.0,0.0,0,0.0,0,0,0,0
lhs_002,recovery_mpc,597,prediction_domain_infeasible_under_candidate_audit,slope_safe_emergency,False,False,0.04801951306115004,0.2635970352559269,0.030275013545890683,0.0,0,0.0,0,0,0,1
lhs_002,original_mpc,602,none,slsqp,True,True,0.0,0.0,1.583415842887348e-09,0.0,0,0.0,0,0,0,0
lhs_002,recovery_mpc,602,prediction_domain_infeasible_under_candidate_audit,slope_safe_emergency,False,False,0.0,0.012626106814067839,0.0002964531307880769,0.0,0,0.0,0,0,0,1
lhs_002,original_mpc,607,none,slsqp,True,True,0.0,0.0,0.0,0.0,0,0.0,0,0,0,0
lhs_002,recovery_mpc,607,none,slsqp,True,True,0.0,0.0,9.794388633466156e-09,0.0,0,0.0,0,0,0,0
lhs_002,original_mpc,612,none,slsqp,True,True,0.0,0.0,5.833437066726788e-10,0.0,0,0.0,0,0,0,0
lhs_002,recovery_mpc,612,none,slsqp,True,True,0.0,0.0,9.794388633466156e-09,0.0,0,0.0,0,0,0,0
lhs_002,original_mpc,617,none,slsqp,True,True,0.0,0.0,0.0,0.0,0,0.0,0,0,0,0
lhs_002,recovery_mpc,617,none,slsqp,True,True,0.0,0.0,9.794388633466156e-09,0.0,0,0.0,0,0,0,0
lhs_005,original_mpc,1,none,slsqp,True,True,0.0,1.3969412293590722e-09,0.0,3.552713678800501e-15,0,0.0,0,0,0,0
lhs_005,recovery_mpc,1,none,slsqp,True,True,0.0,1.3969412293590722e-09,0.0,3.552713678800501e-15,0,0.0,0,0,0,0
lhs_005,original_mpc,2,none,slsqp,True,True,0.0,1.488515977143834e-10,0.0,1.3322676295501878e-15,0,0.0,0,0,0,0
lhs_005,recovery_mpc,2,none,slsqp,True,True,0.0,1.488515977143834e-10,0.0,1.3322676295501878e-15,0,0.0,0,0,0,0
lhs_005,original_mpc,3,none,slsqp,True,True,0.0,1.4612098198085732e-09,0.0,4.440892098500626e-15,0,0.0,0,0,0,0
lhs_005,recovery_mpc,3,none,slsqp,True,True,0.0,1.4612098198085732e-09,0.0,4.440892098500626e-15,0,0.0,0,0,0,0
lhs_005,original_mpc,4,none,slsqp,True,True,0.0,7.441727234436257e-10,0.0,2.6645352591003757e-15,0,0.0,0,0,0,0
lhs_005,recovery_mpc,4,none,slsqp,True,True,0.0,7.441727234436257e-10,0.0,2.6645352591003757e-15,0,0.0,0,0,0,0
lhs_005,original_mpc,5,none,slsqp,True,True,0.0,6.692957299492264e-10,0.0,8.881784197001252e-16,0,0.0,0,0,0,0
lhs_005,recovery_mpc,5,none,slsqp,True,True,0.0,6.692957299492264e-10,0.0,8.881784197001252e-16,0,0.0,0,0,0,0
lhs_005,original_mpc,6,none,slsqp,True,True,0.0,3.016253913301625e-11,0.0,0.0,0,0.0,0,0,0,0
lhs_005,recovery_mpc,6,none,slsqp,True,True,0.0,3.016253913301625e-11,0.0,0.0,0,0.0,0,0,0,0
lhs_005,original_mpc,11,none,slsqp,True,True,0.0,9.441095016882173e-09,0.0,0.0,0,0.0,0,0,0,0
lhs_005,recovery_mpc,11,none,slsqp,True,True,0.0,9.441095016882173e-09,0.0,0.0,0,0.0,0,0,0,0
lhs_005,original_mpc,16,none,slsqp,True,True,0.0,8.377021742944635e-09,0.0,0.0,0,0.0,0,0,0,0
lhs_005,recovery_mpc,16,none,slsqp,True,True,0.0,8.377021742944635e-09,0.0,0.0,0,0.0,0,0,0,0
lhs_005,original_mpc,21,none,slsqp,True,True,0.0,1.3058780723440577e-09,0.0,0.0,0,0.0,0,0,0,0
lhs_005,recovery_mpc,21,none,slsqp,True,True,0.0,1.3058780723440577e-09,0.0,0.0,0,0.0,0,0,0,0
lhs_005,original_mpc,26,none,slsqp,True,True,0.0,1.78793868599314e-09,0.0,0.0,0,0.0,0,0,0,0
lhs_005,recovery_mpc,26,none,slsqp,True,True,0.0,1.78793868599314e-09,0.0,0.0,0,0.0,0,0,0,0
lhs_005,original_mpc,31,none,slsqp,True,True,0.0,2.0268231537556858e-09,0.0,0.0,0,0.0,0,0,0,0
lhs_005,recovery_mpc,31,none,slsqp,True,True,0.0,2.0268231537556858e-09,0.0,0.0,0,0.0,0,0,0,0
lhs_005,original_mpc,36,none,slsqp,True,True,0.0,4.147224785810977e-10,0.0,0.0,0,0.0,0,0,0,0
lhs_005,recovery_mpc,36,none,slsqp,True,True,0.0,4.147224785810977e-10,0.0,0.0,0,0.0,0,0,0,0
lhs_005,original_mpc,41,none,slsqp,True,True,0.0,3.3952645139834203e-09,0.0,0.0,0,0.0,0,0,0,0
lhs_005,recovery_mpc,41,none,slsqp,True,True,0.0,3.3952645139834203e-09,0.0,0.0,0,0.0,0,0,0,0
lhs_005,original_mpc,46,none,slsqp,True,True,0.0,7.535305712735862e-11,0.0,0.0,0,0.0,0,0,0,0
lhs_005,recovery_mpc,46,none,slsqp,True,True,0.0,7.535305712735862e-11,0.0,0.0,0,0.0,0,0,0,0
lhs_005,original_mpc,51,none,slsqp,True,True,0.0,3.832120398783445e-09,0.0,0.0,0,0.0,0,0,0,0
lhs_005,recovery_mpc,51,none,slsqp,True,True,0.0,3.832120398783445e-09,0.0,0.0,0,0.0,0,0,0,0
lhs_005,original_mpc,56,none,slsqp,True,True,0.0,1.9521451122272993e-10,0.0,0.0,0,0.0,0,0,0,0
lhs_005,recovery_mpc,56,none,slsqp,True,True,0.0,1.9521451122272993e-10,0.0,0.0,0,0.0,0,0,0,0
lhs_005,original_mpc,61,none,slsqp,True,True,0.0,2.1153567786313943e-10,0.0,0.0,0,0.0,0,0,0,0
lhs_005,recovery_mpc,61,none,slsqp,True,True,0.0,2.1153567786313943e-10,0.0,0.0,0,0.0,0,0,0,0
lhs_005,original_mpc,66,none,slsqp,True,True,0.0,1.7604406821192242e-10,0.0,0.0,0,0.0,0,0,0,0
lhs_005,recovery_mpc,66,none,slsqp,True,True,0.0,1.7604406821192242e-10,0.0,0.0,0,0.0,0,0,0,0
lhs_005,original_mpc,71,none,slsqp,True,True,0.0,4.390585672808811e-10,0.0,0.0,0,0.0,0,0,0,0
lhs_005,recovery_mpc,71,none,slsqp,True,True,0.0,4.390585672808811e-10,0.0,0.0,0,0.0,0,0,0,0
lhs_005,original_mpc,76,none,slsqp,True,True,0.0,5.558504767577688e-10,0.0,0.0,0,0.0,0,0,0,0
lhs_005,recovery_mpc,76,none,slsqp,True,True,0.0,5.558504767577688e-10,0.0,0.0,0,0.0,0,0,0,0
lhs_005,original_mpc,81,none,slsqp,True,True,0.0,2.096599871492799e-08,0.0,0.0,0,0.0,0,0,0,0
lhs_005,recovery_mpc,81,none,slsqp,True,True,0.0,2.096599871492799e-08,0.0,0.0,0,0.0,0,0,0,0
lhs_005,original_mpc,86,none,slsqp,True,True,0.0,5.819337900447863e-09,0.0,0.0,0,0.0,0,0,0,0
lhs_005,recovery_mpc,86,none,slsqp,True,True,0.0,5.819337900447863e-09,0.0,0.0,0,0.0,0,0,0,0
lhs_005,original_mpc,91,none,slsqp,True,True,0.0,2.716639357913664e-09,0.0,0.0,0,0.0,0,0,0,0
lhs_005,recovery_mpc,91,none,slsqp,True,True,0.0,2.716639357913664e-09,0.0,0.0,0,0.0,0,0,0,0
lhs_005,original_mpc,96,none,slsqp,True,True,0.0,1.3423004929791205e-09,0.0,0.0,0,0.0,0,0,0,0
lhs_005,recovery_mpc,96,none,slsqp,True,True,0.0,1.3423004929791205e-09,0.0,0.0,0,0.0,0,0,0,0
lhs_005,original_mpc,101,none,slsqp,True,True,0.0,4.363307937182981e-09,0.0,0.0,0,0.0,0,0,0,0
lhs_005,recovery_mpc,101,none,slsqp,True,True,0.0,4.363307937182981e-09,0.0,0.0,0,0.0,0,0,0,0
lhs_005,original_mpc,106,none,slsqp,True,True,0.0,9.706013770482969e-10,0.0,0.0,0,0.0,0,0,0,0
lhs_005,recovery_mpc,106,none,slsqp,True,True,0.0,9.706013770482969e-10,0.0,0.0,0,0.0,0,0,0,0
lhs_005,original_mpc,111,none,slsqp,True,True,0.0,7.582201533296029e-11,0.0,0.0,0,0.0,0,0,0,0
lhs_005,recovery_mpc,111,none,slsqp,True,True,0.0,7.582201533296029e-11,0.0,0.0,0,0.0,0,0,0,0
lhs_005,original_mpc,116,none,slsqp,True,True,0.0,8.178844268513785e-10,0.0,0.0,0,0.0,0,0,0,0
lhs_005,recovery_mpc,116,none,slsqp,True,True,0.0,8.178844268513785e-10,0.0,0.0,0,0.0,0,0,0,0
lhs_005,original_mpc,121,none,slsqp,True,True,0.0,2.717470692914503e-09,0.0,0.0,0,0.0,0,0,0,0
lhs_005,recovery_mpc,121,none,slsqp,True,True,0.0,2.717470692914503e-09,0.0,0.0,0,0.0,0,0,0,0
lhs_005,original_mpc,126,none,slsqp,True,True,0.0,4.8975309141496837e-08,0.0,0.0,0,0.0,0,0,0,0
lhs_005,recovery_mpc,126,none,slsqp,True,True,0.0,4.8975309141496837e-08,0.0,0.0,0,0.0,0,0,0,0
lhs_005,original_mpc,131,none,slsqp,True,True,0.0,2.8750683611633576e-08,0.0,0.0,0,0.0,0,0,0,0
lhs_005,recovery_mpc,131,none,slsqp,True,True,0.0,2.8750683611633576e-08,0.0,0.0,0,0.0,0,0,0,0
lhs_005,original_mpc,136,none,slsqp,True,True,0.0,1.8841220139620418e-08,0.0,0.0,0,0.0,0,0,0,0
lhs_005,recovery_mpc,136,none,slsqp,True,True,0.0,1.8841220139620418e-08,0.0,0.0,0,0.0,0,0,0,0
lhs_005,original_mpc,141,none,slsqp,True,True,0.0,1.1010705236458307e-08,0.0,0.0,0,0.0,0,0,0,0
lhs_005,recovery_mpc,141,none,slsqp,True,True,0.0,1.1010705236458307e-08,0.0,0.0,0,0.0,0,0,0,0
lhs_005,original_mpc,146,none,slsqp,True,True,0.0,2.5937652026186697e-10,0.0,0.0,0,0.0,0,0,0,0
lhs_005,recovery_mpc,146,none,slsqp,True,True,0.0,2.5937652026186697e-10,0.0,0.0,0,0.0,0,0,0,0
lhs_005,original_mpc,151,none,slsqp,False,False,0.0,0.172794821800899,0.0,0.0,0,0.0,0,0,0,0
lhs_005,recovery_mpc,151,prediction_domain_infeasible_under_candidate_audit,slope_safe_emergency,False,False,0.0,0.172794821800899,0.0,0.0,0,0.0,0,0,0,1
lhs_005,original_mpc,152,none,slsqp,False,False,0.0,0.1459269382416366,0.0,5.1251891619585876e-11,0,0.0,0,0,0,0
lhs_005,recovery_mpc,152,prediction_domain_infeasible_under_candidate_audit,slope_safe_emergency,False,False,0.0,0.4717609213002447,0.0,2.099653784171096e-12,0,0.0,0,0,0,1
lhs_005,original_mpc,157,none,slsqp,True,True,0.0,5.381082246458391e-10,0.0,1.7763568394002505e-15,0,0.0,0,0,0,0
lhs_005,recovery_mpc,157,prediction_domain_infeasible_under_candidate_audit,slope_safe_emergency,False,False,0.0,1.118977976373067,0.0,2.000000000013478,0,0.0,0,0,0,1
lhs_005,original_mpc,158,none,slsqp,True,True,0.0,1.5851682633183373e-08,0.0,0.0,0,0.0,0,0,0,0
lhs_005,recovery_mpc,158,prediction_domain_infeasible_under_candidate_audit,slope_safe_emergency,False,False,0.0,1.3962768020565122,0.0,3.2809316681614877,1,0.0,0,0,0,1
lhs_005,original_mpc,159,none,slsqp,True,True,0.0,2.574132906829618e-09,0.0,0.0,0,0.0,0,0,0,0
lhs_005,recovery_mpc,159,hard_safety_slew_conflict,hard_safety_emergency,False,False,0.0,1.4825184669032083,0.0,2.8609316681576127,2,0.08000000000000007,0,0,0,1
lhs_005,original_mpc,164,none,slsqp,True,True,0.0,6.190958856677753e-11,0.0,0.0,0,0.0,0,0,0,0
lhs_005,recovery_mpc,164,hard_safety_slew_conflict,hard_safety_emergency,False,False,0.0,1.982562090995387,0.0,0.7851316609240842,4,5.5042,0,0,0,1
lhs_005,original_mpc,169,none,slsqp,True,True,0.0,1.3460784487051569e-08,0.0,0.0,0,0.0,0,0,0,0
lhs_005,recovery_mpc,169,prediction_domain_infeasible_under_candidate_audit,slope_safe_emergency,False,False,0.0,1.3184037996747264,0.0,9.769962616701378e-15,0,0.0,0,0,0,1
lhs_005,original_mpc,174,none,slsqp,True,True,0.0,7.745768471068004e-10,0.0,0.0,0,0.0,0,0,0,0
lhs_005,recovery_mpc,174,prediction_domain_infeasible_under_candidate_audit,slope_safe_emergency,False,False,0.0,1.1011597925349008,0.0,0.0,0,0.0,0,0,0,1
lhs_005,original_mpc,179,none,slsqp,False,False,0.0,0.0051140676585390565,0.0,2.5428548156014585e-12,0,0.0,0,0,0,0
lhs_005,recovery_mpc,179,prediction_domain_infeasible_under_candidate_audit,slope_safe_emergency,False,False,0.0,1.080273786115285,0.0,0.0,0,0.0,0,0,0,1
lhs_005,original_mpc,180,none,slsqp,True,True,0.0,9.156053693004651e-11,0.0,0.0,0,0.0,0,0,0,0
lhs_005,recovery_mpc,180,prediction_domain_infeasible_under_candidate_audit,slope_safe_emergency,False,False,0.0,1.1482349623100419,0.0,1.993516463016931e-12,0,0.0,0,0,0,1
lhs_005,original_mpc,181,none,slsqp,True,True,0.0,5.432504224245349e-09,0.0,0.0,0,0.0,0,0,0,0
lhs_005,recovery_mpc,181,prediction_domain_infeasible_under_candidate_audit,slope_safe_emergency,False,False,0.0,1.265598534281331,0.0,1.2809316681626468,0,0.0,0,0,0,1
lhs_005,original_mpc,186,none,slsqp,True,True,0.0,4.077662651980063e-10,0.0,0.0,0,0.0,0,0,0,0
lhs_005,recovery_mpc,186,hard_safety_slew_conflict,hard_safety_emergency,False,False,0.0,2.09306614661471,0.0,3.2809316681641505,5,8.0,0,0,0,1
lhs_005,original_mpc,191,none,slsqp,True,True,0.0,1.8834711568160856e-09,0.0,0.0,0,0.0,0,0,0,0
lhs_005,recovery_mpc,191,prediction_domain_infeasible_under_candidate_audit,slope_safe_emergency,False,False,0.0,1.4659221258493673,0.0,0.0,0,0.0,0,0,0,1
lhs_005,original_mpc,196,none,slsqp,True,True,0.0,7.956984404700052e-09,0.0,0.0,0,0.0,0,0,0,0
lhs_005,recovery_mpc,196,prediction_domain_infeasible_under_candidate_audit,slope_safe_emergency,False,False,0.0,1.1681086442611956,0.0,4.336087044976011e-12,0,0.0,0,0,0,1
lhs_005,original_mpc,201,none,slsqp,True,True,0.0,0.0,0.0,0.0,0,0.0,0,0,0,0
lhs_005,recovery_mpc,201,prediction_domain_infeasible_under_candidate_audit,slope_safe_emergency,False,False,0.0,0.7365671669568101,0.0,0.0,0,0.0,0,0,0,1
lhs_005,original_mpc,206,none,slsqp,True,True,0.0,1.2918093261760077e-09,0.0,0.0,0,0.0,0,0,0,0
lhs_005,recovery_mpc,206,prediction_domain_infeasible_under_candidate_audit,slope_safe_emergency,False,False,0.0,0.85619590580513,0.0,0.0,0,0.0,0,0,0,1
lhs_005,original_mpc,211,none,slsqp,True,True,0.0,5.3218727202875016e-09,0.0,0.0,0,0.0,0,0,0,0
lhs_005,recovery_mpc,211,prediction_domain_infeasible_under_candidate_audit,slope_safe_emergency,False,False,0.0,1.3877373353103764,0.0,1.2809316681648184,0,0.0,0,0,0,1
lhs_005,original_mpc,216,none,slsqp,True,True,0.0,5.155023075076315e-09,0.0,0.0,0,0.0,0,0,0,0
lhs_005,recovery_mpc,216,hard_safety_slew_conflict,hard_safety_emergency,False,False,0.0,2.21676076747908,0.0,2.760931668168304,5,7.48,0,0,0,1
lhs_005,original_mpc,221,none,slsqp,True,True,0.0,4.366920336451585e-08,0.0,0.0,0,0.0,0,0,0,0
lhs_005,recovery_mpc,221,hard_safety_slew_conflict,hard_safety_emergency,False,False,0.0,1.6125429237579851,0.0,1.9833912290323497e-11,0,0.0,0,0,0,1
lhs_005,original_mpc,226,none,slsqp,True,True,0.0,1.358449708277476e-08,0.0,0.0,0,0.0,0,0,0,0
lhs_005,recovery_mpc,226,prediction_domain_infeasible_under_candidate_audit,slope_safe_emergency,False,False,0.0,1.3133106487747384,0.0,0.0,0,0.0,0,0,0,1
lhs_005,original_mpc,231,none,slsqp,False,False,0.0,0.11821123205688622,0.0,6.607443481243536e-10,0,0.0,0,0,0,0
lhs_005,recovery_mpc,231,prediction_domain_infeasible_under_candidate_audit,slope_safe_emergency,False,False,0.0,1.166448859936871,0.0,4.811262499515578e-12,0,0.0,0,0,0,1
lhs_005,original_mpc,232,none,slsqp,False,False,0.0,0.09795745440895587,0.0,4.020250798930647e-11,0,0.0,0,0,0,0
lhs_005,recovery_mpc,232,prediction_domain_infeasible_under_candidate_audit,slope_safe_emergency,False,False,0.0,1.2387698838296117,0.0,3.078426402680634e-12,0,0.0,0,0,0,1
lhs_005,original_mpc,237,none,slsqp,True,True,0.0,1.3078874872007873e-08,0.0,8.881784197001252e-16,0,0.0,0,0,0,0
lhs_005,recovery_mpc,237,prediction_domain_infeasible_under_candidate_audit,slope_safe_emergency,False,False,0.0,1.2705061235021375,0.0,1.943778471513724e-12,0,0.0,0,0,0,1
lhs_005,original_mpc,238,none,slsqp,True,True,0.0,5.524711355064937e-09,0.0,0.0,0,0.0,0,0,0,0
lhs_005,recovery_mpc,238,prediction_domain_infeasible_under_candidate_audit,slope_safe_emergency,False,False,0.0,1.3530914296788552,0.0,1.2809316681600915,0,0.0,0,0,0,1
lhs_005,original_mpc,239,none,slsqp,True,True,0.0,1.1678835676320887e-09,0.0,0.0,0,0.0,0,0,0,0
lhs_005,recovery_mpc,239,hard_safety_slew_conflict,hard_safety_emergency,False,False,0.0,1.522646277884661,0.0,2.880931668162674,3,2.999999999999999,0,0,0,1
lhs_005,original_mpc,244,none,slsqp,True,True,0.0,2.37236719158318e-09,0.0,0.0,0,0.0,0,0,0,0
lhs_005,recovery_mpc,244,prediction_domain_infeasible_under_candidate_audit,slope_safe_emergency,False,False,0.0,1.3807250978118262,0.0,0.0,0,0.0,0,0,0,1
lhs_005,original_mpc,249,none,slsqp,True,True,0.0,7.939902957332379e-09,0.0,0.0,0,0.0,0,0,0,0
lhs_005,recovery_mpc,249,hard_safety_slew_conflict,hard_safety_emergency,False,False,0.0,1.8794387561140127,0.0,0.0,4,4.635999999999999,0,0,0,1
lhs_005,original_mpc,254,none,slsqp,True,True,0.0,6.406892794075247e-10,0.0,0.0,0,0.0,0,0,0,0
lhs_005,recovery_mpc,254,prediction_domain_infeasible_under_candidate_audit,slope_safe_emergency,False,False,0.0,1.3610108535417496,0.0,2.8261837314857985e-12,0,0.0,0,0,0,1
lhs_005,original_mpc,259,none,slsqp,True,True,0.0,8.071765478234738e-12,0.0,0.0,0,0.0,0,0,0,0
lhs_005,recovery_mpc,259,prediction_domain_infeasible_under_candidate_audit,slope_safe_emergency,False,False,0.0,0.9715565599045419,0.0,1.7470469515501463e-12,0,0.0,0,0,0,1
lhs_005,original_mpc,264,none,slsqp,True,True,0.0,2.0855424054389005e-09,0.0,0.0,0,0.0,0,0,0,0
lhs_005,recovery_mpc,264,prediction_domain_infeasible_under_candidate_audit,slope_safe_emergency,False,False,0.0,0.7893431142964715,0.0,2.2675195054944197e-12,0,0.0,0,0,0,1
lhs_005,original_mpc,269,none,slsqp,True,True,0.0,7.147292535591987e-09,0.0,0.0,0,0.0,0,0,0,0
lhs_005,recovery_mpc,269,prediction_domain_infeasible_under_candidate_audit,slope_safe_emergency,False,False,0.0,0.7250924084073418,0.0,3.135269821541442e-13,0,0.0,0,0,0,1
lhs_005,original_mpc,274,none,slsqp,True,True,0.0,2.3118857939152804e-09,0.0,0.0,0,0.0,0,0,0,0
lhs_005,recovery_mpc,274,prediction_domain_infeasible_under_candidate_audit,slope_safe_emergency,False,False,0.0,1.399718336192528,0.0,1.2809316681644516,0,0.0,0,0,0,1
lhs_005,original_mpc,279,none,slsqp,True,True,0.0,5.507082789790729e-09,0.0,0.0,0,0.0,0,0,0,0
lhs_005,recovery_mpc,279,hard_safety_slew_conflict,hard_safety_emergency,False,False,0.0,2.166628561155612,0.0,2.200931668162693,5,6.92,0,0,0,1
lhs_005,original_mpc,284,none,slsqp,True,True,0.0,3.786851721088169e-09,0.0,0.0,0,0.0,0,0,0,0
lhs_005,recovery_mpc,284,prediction_domain_infeasible_under_candidate_audit,slope_safe_emergency,False,False,0.0,1.4753878704152328,0.0,6.328271240363392e-13,0,0.0,0,0,0,1
lhs_005,original_mpc,289,none,slsqp,True,True,0.0,1.3224905615061289e-09,0.0,0.0,0,0.0,0,0,0,0
lhs_005,recovery_mpc,289,prediction_domain_infeasible_under_candidate_audit,slope_safe_emergency,False,False,0.0,0.9732983255460042,0.0,1.1954881529163686e-12,0,0.0,0,0,0,1
lhs_005,original_mpc,294,none,slsqp,True,True,0.0,4.476063963920751e-09,0.0,0.0,0,0.0,0,0,0,0
lhs_005,recovery_mpc,294,prediction_domain_infeasible_under_candidate_audit,slope_safe_emergency,False,False,0.0,0.85833016569309,0.0,1.6129320101754274e-12,0,0.0,0,0,0,1
lhs_005,original_mpc,299,none,slsqp,False,False,0.0,0.04912387967426213,0.0,7.576161920042068e-12,0,0.0,0,0,0,0
lhs_005,recovery_mpc,299,prediction_domain_infeasible_under_candidate_audit,slope_safe_emergency,False,False,0.0,1.2666801141487198,0.0,0.0,0,0.0,0,0,0,1
lhs_005,original_mpc,300,none,slsqp,True,True,0.0,3.3578118063815054e-09,0.0,0.0,0,0.0,0,0,0,0
lhs_005,recovery_mpc,300,prediction_domain_infeasible_under_candidate_audit,slope_safe_emergency,False,False,0.0,1.3555742312247645,0.0,1.2809316681626468,0,0.0,0,0,0,1
lhs_005,original_mpc,301,none,slsqp,True,True,0.0,0.0,0.0,0.0,0,0.0,0,0,0,0
lhs_005,recovery_mpc,301,hard_safety_slew_conflict,hard_safety_emergency,False,False,0.0,1.5595040272371534,0.0,3.0809316681626955,4,4.25,0,0,0,1
lhs_005,original_mpc,302,none,slsqp,True,True,0.0,7.108042154868599e-09,0.0,0.0,0,0.0,0,0,0,0
lhs_005,recovery_mpc,302,hard_safety_slew_conflict,hard_safety_emergency,False,False,0.0,1.513939654506622,0.0,0.0,2,1.0599999999999996,0,0,0,1
lhs_005,original_mpc,307,none,slsqp,True,True,0.0,3.992099095739832e-09,0.0,0.0,0,0.0,0,0,0,0
lhs_005,recovery_mpc,307,prediction_domain_infeasible_under_candidate_audit,slope_safe_emergency,False,False,0.0,1.121620421685357,0.0,5.098144129078719e-13,0,0.0,0,0,0,1
lhs_005,original_mpc,312,none,slsqp,True,True,0.0,5.110713630074315e-09,0.0,0.0,0,0.0,0,0,0,0
lhs_005,recovery_mpc,312,prediction_domain_infeasible_under_candidate_audit,slope_safe_emergency,False,False,0.0,0.8695088313811041,0.0,3.2143177008947532e-12,0,0.0,0,0,0,1
lhs_005,original_mpc,317,none,slsqp,True,True,0.0,1.0095583036218159e-08,0.0,0.0,0,0.0,0,0,0,0
lhs_005,recovery_mpc,317,prediction_domain_infeasible_under_candidate_audit,slope_safe_emergency,False,False,0.0,0.7291668757228393,0.0,8.171241461241152e-12,0,0.0,0,0,0,1
lhs_005,original_mpc,322,none,slsqp,True,True,0.0,1.0623622870298277e-08,0.0,0.0,0,0.0,0,0,0,0
lhs_005,recovery_mpc,322,prediction_domain_infeasible_under_candidate_audit,slope_safe_emergency,False,False,0.0,1.1028394048823742,0.0,7.043254868221993e-13,0,0.0,0,0,0,1
lhs_005,original_mpc,327,none,slsqp,True,True,0.0,7.847617666811857e-09,0.0,0.0,0,0.0,0,0,0,0
lhs_005,recovery_mpc,327,hard_safety_slew_conflict,hard_safety_emergency,False,False,0.0,1.7865101667171928,0.0,1.7641316681625616,5,6.4832,0,0,0,1
lhs_005,original_mpc,332,none,slsqp,True,True,0.0,1.9960211261604854e-09,0.0,0.0,0,0.0,0,0,0,0
lhs_005,recovery_mpc,332,prediction_domain_infeasible_under_candidate_audit,slope_safe_emergency,False,False,0.0,1.2617175695526583,0.0,0.0,0,0.0,0,0,0,1
lhs_005,original_mpc,337,none,slsqp,True,True,0.0,2.412363642179116e-10,0.0,0.0,0,0.0,0,0,0,0
lhs_005,recovery_mpc,337,prediction_domain_infeasible_under_candidate_audit,slope_safe_emergency,False,False,0.0,0.9853654408791073,0.0,0.0,0,0.0,0,0,0,1
lhs_005,original_mpc,342,none,slsqp,True,True,0.0,5.894662535865791e-11,0.0,0.0,0,0.0,0,0,0,0
lhs_005,recovery_mpc,342,prediction_domain_infeasible_under_candidate_audit,slope_safe_emergency,False,False,0.0,0.8851064606916026,0.0,1.887379141862766e-13,0,0.0,0,0,0,1
lhs_005,original_mpc,347,none,slsqp,True,True,0.0,7.295284376596101e-10,0.0,0.0,0,0.0,0,0,0,0
lhs_005,recovery_mpc,347,prediction_domain_infeasible_under_candidate_audit,slope_safe_emergency,False,False,0.003495462790749748,0.9658162331471658,0.0,1.7763568394002505e-13,0,0.0,0,0,0,1
lhs_005,original_mpc,352,none,slsqp,True,True,1.1411316336307209e-11,1.2668834870055434e-09,0.0,0.0,0,0.0,0,0,0,0
lhs_005,recovery_mpc,352,hard_safety_slew_conflict,hard_safety_emergency,False,False,0.01752389670443577,1.5252643774373809,0.0,1.280931668093074,2,1.0499999999999998,0,0,0,1
lhs_005,original_mpc,357,none,slsqp,True,True,2.0908608178160648e-11,5.463043351028318e-09,0.0,0.0,0,0.0,0,0,0,0
lhs_005,recovery_mpc,357,prediction_domain_infeasible_under_candidate_audit,slope_safe_emergency,False,False,0.02060594470245114,1.4411361571732257,0.0,2.842170943040401e-14,0,0.0,0,0,0,1
lhs_005,original_mpc,362,none,slsqp,True,True,1.3941736654032866e-11,1.122877790749044e-09,0.0,0.0,0,0.0,0,0,0,0
lhs_005,recovery_mpc,362,hard_safety_slew_conflict,hard_safety_emergency,False,False,0.02891826952698473,1.5384410705989353,0.0,4.3653969328261155e-13,3,2.2399999999999993,0,0,0,1
lhs_005,original_mpc,367,none,slsqp,False,False,0.0017010829620458523,0.05798802050136942,0.0,6.467626434414342e-11,0,0.0,0,0,0,0
lhs_005,recovery_mpc,367,prediction_domain_infeasible_under_candidate_audit,slope_safe_emergency,False,False,0.016814116412649405,1.2417104212419687,0.0,0.0,0,0.0,0,0,0,1
lhs_005,original_mpc,368,none,slsqp,True,True,1.028102047939683e-10,2.1504888536583167e-08,0.0,8.881784197001252e-16,0,0.0,0,0,0,0
lhs_005,recovery_mpc,368,prediction_domain_infeasible_under_candidate_audit,slope_safe_emergency,False,False,0.02256574721538307,1.215506453404366,0.0,0.0,0,0.0,0,0,0,1
lhs_005,original_mpc,369,none,slsqp,False,False,1.807529930175633e-07,0.007033414838723218,0.0,3.03534397616545e-09,0,0.0,0,0,0,0
lhs_005,recovery_mpc,369,prediction_domain_infeasible_under_candidate_audit,slope_safe_emergency,False,False,0.0295646180754785,1.3534750385935368,0.0,1.2350120925930241e-12,0,0.0,0,0,0,1
lhs_005,original_mpc,370,none,slsqp,True,True,0.0,0.0,0.0,4.440892098500626e-16,0,0.0,0,0,0,0
lhs_005,recovery_mpc,370,prediction_domain_infeasible_under_candidate_audit,slope_safe_emergency,False,False,0.03388896836406019,1.34281282605658,0.0,0.5193316681626472,0,0.0,0,0,0,1
lhs_005,original_mpc,371,none,slsqp,True,True,2.347455563267431e-11,3.94202004372346e-10,0.0,8.881784197001252e-16,0,0.0,0,0,0,0
lhs_005,recovery_mpc,371,prediction_domain_infeasible_under_candidate_audit,slope_safe_emergency,False,False,0.036366375049858846,1.411657973292911,0.0,1.879331668162644,1,0.0,0,0,0,1
lhs_005,original_mpc,372,none,slsqp,True,True,4.048317236993171e-12,3.100808498857077e-11,0.0,0.0,0,0.0,0,0,0,0
lhs_005,recovery_mpc,372,prediction_domain_infeasible_under_candidate_audit,slope_safe_emergency,False,False,0.03929412339954119,1.4528457939169002,0.0,1.4440676681625328,1,0.0,0,0,0,1
lhs_005,original_mpc,377,none,slsqp,False,False,0.005003576963056311,0.13671333520072437,0.0,1.815436689867056e-12,0,0.0,0,0,0,0
lhs_005,recovery_mpc,377,hard_safety_slew_conflict,hard_safety_emergency,False,False,0.050805939882688556,2.090269999098851,0.0,0.36491502816079,4,5.0839833599999995,0,0,0,1
lhs_005,original_mpc,378,none,slsqp,True,True,0.0,0.0,0.0,4.440892098500626e-16,0,0.0,0,0,0,0
lhs_005,recovery_mpc,378,hard_safety_slew_conflict,hard_safety_emergency,False,False,0.038176531890824705,1.7922086169213287,0.0,0.0,0,0.0,0,0,0,1
lhs_005,original_mpc,379,none,slsqp,True,True,2.141398169897002e-12,0.0,0.0,0.0,0,0.0,0,0,0,0
lhs_005,recovery_mpc,379,hard_safety_slew_conflict,hard_safety_emergency,False,False,0.03815467824734764,1.668784350673377,0.0,1.1404210908949608e-12,0,0.0,0,0,0,1
lhs_005,original_mpc,380,none,slsqp,True,True,6.3575811282134964e-12,0.0,0.0,0.0,0,0.0,0,0,0,0
lhs_005,recovery_mpc,380,prediction_domain_infeasible_under_candidate_audit,slope_safe_emergency,False,False,0.03661291150013746,1.493023855182365,0.0,0.0,0,0.0,0,0,0,1
lhs_005,original_mpc,385,none,slsqp,True,True,2.8880009494969272e-11,9.455902727495413e-11,0.0,0.0,0,0.0,0,0,0,0
lhs_005,recovery_mpc,385,prediction_domain_infeasible_under_candidate_audit,slope_safe_emergency,False,False,0.03571000494119936,1.2528594165169693,0.0,2.042810365310288e-13,0,0.0,0,0,0,1
lhs_005,original_mpc,390,none,slsqp,True,True,1.7618617675907444e-10,0.0,0.0,0.0,0,0.0,0,0,0,0
lhs_005,recovery_mpc,390,prediction_domain_infeasible_under_candidate_audit,slope_safe_emergency,False,False,0.04320709123513211,0.7621382110771933,0.0,1.3322676295501878e-14,0,0.0,0,0,0,1
lhs_005,original_mpc,395,none,slsqp,True,True,6.410871833395504e-12,0.0,0.0,0.0,0,0.0,0,0,0,0
lhs_005,recovery_mpc,395,prediction_domain_infeasible_under_candidate_audit,slope_safe_emergency,False,False,0.05597404034729969,0.7269659705266349,0.0,1.0023093466315913e-12,0,0.0,0,0,0,1
lhs_005,original_mpc,400,none,slsqp,True,True,9.876544027065393e-12,0.0,0.0,0.0,0,0.0,0,0,0,0
lhs_005,recovery_mpc,400,prediction_domain_infeasible_under_candidate_audit,slope_safe_emergency,False,False,0.06996293167853018,1.0890679309020612,0.0,0.20093166816264674,1,0.0,0,0,0,1
lhs_005,original_mpc,405,none,slsqp,True,True,7.453593298123451e-12,0.0,0.0,0.0,0,0.0,0,0,0,0
lhs_005,recovery_mpc,405,prediction_domain_infeasible_under_candidate_audit,slope_safe_emergency,False,False,0.07875030126336213,1.1830134332087994,0.0,5.897504706808832e-13,1,0.0,0,0,0,1
lhs_005,original_mpc,410,none,slsqp,True,True,1.4150458582662395e-11,0.0,0.0,0.0,0,0.0,0,0,0,0
lhs_005,recovery_mpc,410,prediction_domain_infeasible_under_candidate_audit,slope_safe_emergency,False,False,0.086468352897624,1.3656825590504482,0.0,5.089262344881718e-13,1,0.0,0,0,0,1
lhs_005,original_mpc,415,none,slsqp,True,True,1.723954312637943e-12,0.0,0.0,0.0,0,0.0,0,0,0,0
lhs_005,recovery_mpc,415,hard_safety_slew_conflict,hard_safety_emergency,False,False,0.09264346833470327,1.6920671713195645,0.0,0.0,3,3.4399999999999995,0,0,0,1
lhs_005,original_mpc,420,none,slsqp,True,True,2.659206188582175e-12,0.0,0.0,0.0,0,0.0,0,0,0,0
lhs_005,recovery_mpc,420,prediction_domain_infeasible_under_candidate_audit,slope_safe_emergency,False,False,0.08084208893825551,1.1487003755743572,0.0,6.150635556423367e-13,0,0.0,0,0,0,1
lhs_005,original_mpc,425,none,slsqp,True,True,8.208544954868557e-12,0.0,0.0,0.0,0,0.0,0,0,0,0
lhs_005,recovery_mpc,425,prediction_domain_infeasible_under_candidate_audit,slope_safe_emergency,False,False,0.08249636359968981,0.9274521832263787,0.0,3.1579183712437953e-12,0,0.0,0,0,0,1
lhs_005,original_mpc,430,none,slsqp,True,True,8.259171124791465e-12,0.0,0.0,0.0,0,0.0,0,0,0,0
lhs_005,recovery_mpc,430,prediction_domain_infeasible_under_candidate_audit,slope_safe_emergency,False,False,0.08800768569498363,0.4026094464079293,0.0,7.1678432078670085e-09,0,0.0,0,0,0,1
lhs_005,original_mpc,435,none,slsqp,True,True,2.9043434324194095e-12,0.0,0.0,0.0,0,0.0,0,0,0,0
lhs_005,recovery_mpc,435,prediction_domain_infeasible_under_candidate_audit,slope_safe_emergency,False,False,0.09851591120282421,0.7019471431514788,0.00701654367149307,7.216449660063518e-13,1,0.0,0,0,0,1
lhs_005,original_mpc,440,none,slsqp,True,True,2.0543566847663897e-12,0.0,0.0,0.0,0,0.0,0,0,0,0
lhs_005,recovery_mpc,440,prediction_domain_infeasible_under_candidate_audit,slope_safe_emergency,False,False,0.10159328153454439,0.7381901773276951,0.012345412355863616,6.8398620101106644e-12,1,0.0,0,0,0,1
lhs_005,original_mpc,445,none,slsqp,True,True,8.348877145181177e-13,0.0,0.0,0.0,0,0.0,0,0,0,0
lhs_005,recovery_mpc,445,prediction_domain_infeasible_under_candidate_audit,slope_safe_emergency,False,False,0.09364193167449564,0.6348773123061946,0.013093067335445463,0.0,1,0.0,0,0,0,1
lhs_005,original_mpc,450,none,slsqp,True,True,1.3637562190638164e-09,0.0,0.0,0.0,0,0.0,0,0,0,0
lhs_005,recovery_mpc,450,prediction_domain_infeasible_under_candidate_audit,slope_safe_emergency,False,False,0.11028333006650648,0.7044758668002018,0.023280599186577988,1.6284751325201796e-12,1,0.0,0,0,0,1
lhs_005,original_mpc,455,none,slsqp,True,True,1.2354561818028742e-12,0.0,0.0,0.0,0,0.0,0,0,0,0
lhs_005,recovery_mpc,455,prediction_domain_infeasible_under_candidate_audit,slope_safe_emergency,False,False,0.09299500769377644,0.7613283634987127,0.014500161256399524,3.3000269183958153e-12,1,0.0,0,0,0,1
lhs_005,original_mpc,460,none,slsqp,True,True,0.0,0.0,0.0,0.0,0,0.0,0,0,0,0
lhs_005,recovery_mpc,460,prediction_domain_infeasible_under_candidate_audit,slope_safe_emergency,False,False,0.09659102394160612,0.8187939011321603,0.021254928864440692,1.9451107391432743e-11,1,0.0,0,0,0,1
lhs_005,original_mpc,465,none,slsqp,True,True,3.062439191126032e-12,0.0,0.0,0.0,0,0.0,0,0,0,0
lhs_005,recovery_mpc,465,prediction_domain_infeasible_under_candidate_audit,slope_safe_emergency,False,False,0.12826815124575663,0.739108878967528,0.03802785474989134,0.0,1,0.0,0,0,0,1
lhs_005,original_mpc,470,none,slsqp,True,True,3.203748377700322e-11,0.0,0.0,0.0,0,0.0,0,0,0,0
lhs_005,recovery_mpc,470,prediction_domain_infeasible_under_candidate_audit,slope_safe_emergency,False,False,0.11137818298436386,0.3089679255158302,0.040328537454932145,8.617995206350315e-12,1,0.0,0,0,0,1
lhs_005,original_mpc,475,none,slsqp,True,True,2.3719479713690816e-09,0.0,1.3077201543865158e-09,0.0,0,0.0,0,0,0,0
lhs_005,recovery_mpc,475,prediction_domain_infeasible_under_candidate_audit,slope_safe_emergency,False,False,0.03350481378829251,0.0790941811317154,0.021425587347447705,7.687628311714434e-12,1,0.0,0,0,0,1
lhs_005,original_mpc,480,none,slsqp,True,True,0.0,0.0,3.3306690738754696e-16,0.0,0,0.0,0,0,0,0
lhs_005,recovery_mpc,480,prediction_domain_infeasible_under_candidate_audit,slope_safe_emergency,False,False,0.018262431532511947,0.0,0.0033403012146039357,3.538502824085299e-12,0,0.0,0,0,0,1
lhs_005,original_mpc,485,none,slsqp,True,True,1.7763568394002505e-15,0.0,3.229831957440865e-10,0.0,0,0.0,0,0,0,0
lhs_005,recovery_mpc,485,prediction_domain_infeasible_under_candidate_audit,slope_safe_emergency,False,False,0.017199908064116975,0.0,0.005617208487329273,6.9748651299050834e-12,0,0.0,0,0,0,1
lhs_005,original_mpc,490,none,slsqp,True,True,8.881784197001252e-16,0.0,4.527378472118926e-12,0.0,0,0.0,0,0,0,0
lhs_005,recovery_mpc,490,prediction_domain_infeasible_under_candidate_audit,slope_safe_emergency,False,False,0.01607605308476856,0.0,0.007616595407715865,2.4944490917278017e-12,0,0.0,0,0,0,1
lhs_005,original_mpc,495,none,slsqp,True,True,8.881784197001252e-16,0.0,0.0,0.0,0,0.0,0,0,0,0
lhs_005,recovery_mpc,495,none,slsqp,True,True,0.0,0.0,5.179190409876355e-13,0.0,0,0.0,0,0,0,0
lhs_005,original_mpc,500,none,slsqp,True,True,2.6645352591003757e-15,0.0,0.0,0.0,0,0.0,0,0,0,0
lhs_005,recovery_mpc,500,none,slsqp,True,True,0.0,0.0,5.179190409876355e-13,0.0,0,0.0,0,0,0,0
lhs_005,original_mpc,505,none,slsqp,True,True,0.0,0.0,2.433001577983873e-10,0.0,0,0.0,0,0,0,0
lhs_005,recovery_mpc,505,none,slsqp,True,True,0.0,0.0,1.0906886505068769e-10,0.0,0,0.0,0,0,0,0
lhs_005,original_mpc,510,none,slsqp,True,True,0.0,0.0,2.708244739579868e-11,0.0,0,0.0,0,0,0,0
lhs_005,recovery_mpc,510,none,slsqp,True,True,0.0,0.0,9.555732871646683e-10,0.0,0,0.0,0,0,0,0
lhs_005,original_mpc,515,none,slsqp,True,True,6.500604499137808e-10,0.0,3.0892688407391233e-10,0.0,0,0.0,0,0,0,0
lhs_005,recovery_mpc,515,none,slsqp,True,True,0.0,0.0,0.0,0.0,0,0.0,0,0,0,0
lhs_005,original_mpc,520,none,slsqp,True,True,8.881784197001252e-16,0.0,0.0,0.0,0,0.0,0,0,0,0
lhs_005,recovery_mpc,520,none,slsqp,True,True,0.0,0.0,0.0,0.0,0,0.0,0,0,0,0
lhs_005,original_mpc,525,none,slsqp,True,True,0.0,0.0,0.0,0.0,0,0.0,0,0,0,0
lhs_005,recovery_mpc,525,none,slsqp,True,True,0.0,0.0,2.2973367652667775e-10,0.0,0,0.0,0,0,0,0
lhs_005,original_mpc,530,none,slsqp,True,True,0.0,0.0,0.0,0.0,0,0.0,0,0,0,0
lhs_005,recovery_mpc,530,none,slsqp,True,True,0.0,0.0,0.0,0.0,0,0.0,0,0,0,0
lhs_005,original_mpc,535,none,slsqp,True,True,0.0,0.0,2.361435269548906e-09,0.0,0,0.0,0,0,0,0
lhs_005,recovery_mpc,535,none,slsqp,True,True,0.0,0.0,3.5055292002539318e-12,0.0,0,0.0,0,0,0,0
