scenario_id,controller,step,time_s,current_a,current_change_a,soc,voltage_v,temperature_c,control_update
nominal,original_mpc,1,5.0,2.000000000000001,2.000000000000001,0.10055555555555556,3.3455056002961303,25.007004458575764,True
nominal,recovery_mpc,1,5.0,2.000000000000001,2.000000000000001,0.10055555555555556,3.3455056002961303,25.007004458575764,True
nominal,original_mpc,2,10.0,4.000000000000003,2.0000000000000018,0.10166666666666668,3.4008262851352056,25.036521470261313,True
nominal,recovery_mpc,2,10.0,4.000000000000003,2.0000000000000018,0.10166666666666668,3.4008262851352056,25.036521470261313,True
nominal,original_mpc,3,15.0,5.999999999999992,1.9999999999999893,0.10333333333333335,3.4609603507892244,25.105794149108576,True
nominal,recovery_mpc,3,15.0,5.999999999999992,1.9999999999999893,0.10333333333333335,3.4609603507892244,25.105794149108576,True
nominal,original_mpc,4,20.0,7.999999999999992,2.0,0.10555555555555557,3.5252111828954265,25.233304474203038,True
nominal,recovery_mpc,4,20.0,7.999999999999992,2.0,0.10555555555555557,3.5252111828954265,25.233304474203038,True
nominal,original_mpc,5,25.0,9.894715516470807,1.8947155164708152,0.10830408764346412,3.590429343420518,25.434428005150025,True
nominal,recovery_mpc,5,25.0,9.894715516470807,1.8947155164708152,0.10830408764346412,3.590429343420518,25.434428005150025,True
nominal,original_mpc,6,30.0,9.894715516470807,0.0,0.11105261973137268,3.6115528612764547,25.646928985371346,False
nominal,recovery_mpc,6,30.0,9.894715516470807,0.0,0.11105261973137268,3.6115528612764547,25.646928985371346,False
nominal,original_mpc,7,35.0,9.894715516470807,0.0,0.11380115181928123,3.6298889925891005,25.868319676169556,False
nominal,recovery_mpc,7,35.0,9.894715516470807,0.0,0.11380115181928123,3.6298889925891005,25.868319676169556,False
nominal,original_mpc,8,40.0,9.894715516470807,0.0,0.11654968390718978,3.646091004001449,26.096710990695943,False
nominal,recovery_mpc,8,40.0,9.894715516470807,0.0,0.11654968390718978,3.646091004001449,26.096710990695943,False
nominal,original_mpc,9,45.0,9.894715516470807,0.0,0.11929821599509834,3.660648320037039,26.33066266489891,False
nominal,recovery_mpc,9,45.0,9.894715516470807,0.0,0.11929821599509834,3.660648320037039,26.33066266489891,False
nominal,original_mpc,10,50.0,8.70866169509748,1.1860538213733278,0.12171728868818096,3.6445662439331366,26.521385107517872,True
nominal,recovery_mpc,10,50.0,8.70866169509748,1.1860538213733278,0.12171728868818096,3.6445662439331366,26.521385107517872,True
nominal,original_mpc,11,55.0,8.70866169509748,0.0,0.12413636138126359,3.653511969066787,26.713410432716252,False
nominal,recovery_mpc,11,55.0,8.70866169509748,0.0,0.12413636138126359,3.653511969066787,26.713410432716252,False
nominal,original_mpc,12,60.0,8.70866169509748,0.0,0.12655543407434622,3.662207693619142,26.90658428333372,False
nominal,recovery_mpc,12,60.0,8.70866169509748,0.0,0.12655543407434622,3.662207693619142,26.90658428333372,False
nominal,original_mpc,13,65.0,8.70866169509748,0.0,0.12897450676742886,3.6706791383165362,27.10077394421233,False
nominal,recovery_mpc,13,65.0,8.70866169509748,0.0,0.12897450676742886,3.6706791383165362,27.10077394421233,False
nominal,original_mpc,14,70.0,8.70866169509748,0.0,0.1313935794605115,3.678945992002375,27.29586363767633,False
nominal,recovery_mpc,14,70.0,8.70866169509748,0.0,0.1313935794605115,3.678945992002375,27.29586363767633,False
nominal,original_mpc,15,75.0,8.071770475229897,0.6368912198675822,0.13363573792585315,3.6712752104728663,27.467347413795498,True
nominal,recovery_mpc,15,75.0,8.071770475229897,0.6368912198675822,0.13363573792585315,3.6712752104728663,27.467347413795498,True
nominal,original_mpc,16,80.0,8.071770475229897,0.0,0.1358778963911948,3.6774049111333342,27.638557442494132,False
nominal,recovery_mpc,16,80.0,8.071770475229897,0.0,0.1358778963911948,3.6774049111333342,27.638557442494132,False
nominal,original_mpc,17,85.0,8.071770475229897,0.0,0.13812005485653644,3.6836596623942395,27.809628704618856,False
nominal,recovery_mpc,17,85.0,8.071770475229897,0.0,0.13812005485653644,3.6836596623942395,27.809628704618856,False
nominal,original_mpc,18,90.0,8.071770475229897,0.0,0.1403622133218781,3.6899772817113643,27.980650590893248,False
nominal,recovery_mpc,18,90.0,8.071770475229897,0.0,0.1403622133218781,3.6899772817113643,27.980650590893248,False
nominal,original_mpc,19,95.0,8.071770475229897,0.0,0.14260437178721974,3.696311556110714,28.151678872595163,False
nominal,recovery_mpc,19,95.0,8.071770475229897,0.0,0.14260437178721974,3.696311556110714,28.151678872595163,False
nominal,original_mpc,20,100.0,7.527050182055455,0.5447202931744419,0.14469521906001293,3.689175536430737,28.302658175036157,True
nominal,recovery_mpc,20,100.0,7.527050182055455,0.5447202931744419,0.14469521906001293,3.689175536430737,28.302658175036157,True
nominal,original_mpc,21,105.0,7.527050182055455,0.0,0.1467860663328061,3.6939519708001436,28.452947760691924,False
nominal,recovery_mpc,21,105.0,7.527050182055455,0.0,0.1467860663328061,3.6939519708001436,28.452947760691924,False
nominal,original_mpc,22,110.0,7.527050182055455,0.0,0.1488769136055993,3.698917960447985,28.602716803699327,False
nominal,recovery_mpc,22,110.0,7.527050182055455,0.0,0.1488769136055993,3.698917960447985,28.602716803699327,False
nominal,original_mpc,23,115.0,7.527050182055455,0.0,0.15096776087839248,3.704000376787784,28.75208421376497,False
nominal,recovery_mpc,23,115.0,7.527050182055455,0.0,0.15096776087839248,3.704000376787784,28.75208421376497,False
nominal,original_mpc,24,120.0,7.527050182055455,0.0,0.15305860815118566,3.7091447140127203,28.901131634906314,False
nominal,recovery_mpc,24,120.0,7.527050182055455,0.0,0.15305860815118566,3.7091447140127203,28.901131634906314,False
nominal,original_mpc,25,125.0,7.07337557838937,0.4536746036660855,0.15502343470073826,3.7031202817890363,29.03382027733005,True
nominal,recovery_mpc,25,125.0,7.07337557838937,0.4536746036660855,0.15502343470073826,3.7031202817890363,29.03382027733005,True
nominal,original_mpc,26,130.0,7.07337557838937,0.0,0.15698826125029086,3.707044310217329,29.16571689451669,False
nominal,recovery_mpc,26,130.0,7.07337557838937,0.0,0.15698826125029086,3.707044310217329,29.16571689451669,False
nominal,original_mpc,27,135.0,7.07337557838937,0.0,0.15895308779984346,3.711146455181106,29.2969716053451,False
nominal,recovery_mpc,27,135.0,7.07337557838937,0.0,0.15895308779984346,3.711146455181106,29.2969716053451,False
nominal,original_mpc,28,140.0,7.07337557838937,0.0,0.16091791434939606,3.7153606491074562,29.42769180571491,False
nominal,recovery_mpc,28,140.0,7.07337557838937,0.0,0.16091791434939606,3.7153606491074562,29.42769180571491,False
nominal,original_mpc,29,145.0,7.07337557838937,0.0,0.16288274089894866,3.719637588246795,29.557953162161173,False
nominal,recovery_mpc,29,145.0,7.07337557838937,0.0,0.16288274089894866,3.719637588246795,29.557953162161173,False
nominal,original_mpc,30,150.0,6.684877299584351,0.3884982788050184,0.16473965125994433,3.7143702820096154,29.674524417925497,True
nominal,recovery_mpc,30,150.0,6.684877299584351,0.3884982788050184,0.16473965125994433,3.7143702820096154,29.674524417925497,True
nominal,original_mpc,31,155.0,6.684877299584351,0.0,0.16659656162094,3.7176284329783265,29.7902821853154,False
nominal,recovery_mpc,31,155.0,6.684877299584351,0.0,0.16659656162094,3.7176284329783265,29.7902821853154,False
nominal,original_mpc,32,160.0,6.684877299584351,0.0,0.16845347198193567,3.7210441127665312,29.905354341431153,False
nominal,recovery_mpc,32,160.0,6.684877299584351,0.0,0.16845347198193567,3.7210441127665312,29.905354341431153,False
nominal,original_mpc,33,165.0,6.684877299584351,0.0,0.17031038234293133,3.7245597832427255,30.019833579125887,False
nominal,recovery_mpc,33,165.0,6.684877299584351,0.0,0.17031038234293133,3.7245597832427255,30.019833579125887,False
nominal,original_mpc,34,170.0,6.684877299584351,0.0,0.172167292703927,3.7281324584388624,30.13378642667528,False
nominal,recovery_mpc,34,170.0,6.684877299584351,0.0,0.172167292703927,3.7281324584388624,30.13378642667528,False
nominal,original_mpc,35,175.0,6.348916742235473,0.3359605573488782,0.1739308806878813,3.7234648037784037,30.236169450363217,True
nominal,recovery_mpc,35,175.0,6.348916742235473,0.3359605573488782,0.1739308806878813,3.7234648037784037,30.236169450363217,True
nominal,original_mpc,36,180.0,6.348916742235473,0.0,0.17569446867183558,3.7261719003960674,30.337751055331022,False
nominal,recovery_mpc,36,180.0,6.348916742235473,0.0,0.17569446867183558,3.7261719003960674,30.337751055331022,False
nominal,original_mpc,37,185.0,6.348916742235473,0.0,0.17745805665578987,3.729017183007567,30.438640175692147,False
nominal,recovery_mpc,37,185.0,6.348916742235473,0.0,0.17745805665578987,3.729017183007567,30.438640175692147,False
nominal,original_mpc,38,190.0,6.348916742235473,0.0,0.17922164463974416,3.731950660560667,30.538916700903737,False
nominal,recovery_mpc,38,190.0,6.348916742235473,0.0,0.17922164463974416,3.731950660560667,30.538916700903737,False
nominal,original_mpc,39,195.0,6.348916742235473,0.0,0.18098523262369845,3.7349349438087502,30.63863889481528,False
nominal,recovery_mpc,39,195.0,6.348916742235473,0.0,0.18098523262369845,3.7349349438087502,30.63863889481528,False
nominal,original_mpc,40,200.0,6.057681490473167,0.29123525176230647,0.18266792192660766,3.730786621166416,30.72855192383177,True
nominal,recovery_mpc,40,200.0,6.057681490473167,0.29123525176230647,0.18266792192660766,3.730786621166416,30.72855192383177,True
nominal,original_mpc,41,205.0,6.057681490473167,0.0,0.18435061122951688,3.7330324261038332,30.81769495072995,False
nominal,recovery_mpc,41,205.0,6.057681490473167,0.0,0.18435061122951688,3.7330324261038332,30.81769495072995,False
nominal,original_mpc,42,210.0,6.057681490473167,0.0,0.1860333005324261,3.735399024762774,30.90616113437333,False
nominal,recovery_mpc,42,210.0,6.057681490473167,0.0,0.1860333005324261,3.735399024762774,30.90616113437333,False
nominal,original_mpc,43,215.0,6.057681490473167,0.0,0.1877159898353353,3.7378429324223794,30.99401952163798,False
nominal,recovery_mpc,43,215.0,6.057681490473167,0.0,0.1877159898353353,3.7378429324223794,30.99401952163798,False
nominal,original_mpc,44,220.0,6.057681490473167,0.0,0.1893986791382445,3.7403315893873583,31.081321184849543,False
nominal,recovery_mpc,44,220.0,6.057681490473167,0.0,0.1893986791382445,3.7403315893873583,31.081321184849543,False
nominal,original_mpc,45,225.0,5.804523446035322,0.2531580444378445,0.19101104676214323,3.7366289998588442,31.16027597857499,True
nominal,recovery_mpc,45,225.0,5.804523446035322,0.2531580444378445,0.19101104676214323,3.7366289998588442,31.16027597857499,True
nominal,original_mpc,46,230.0,5.804523446035322,0.0,0.19262341438604194,3.738484985534438,31.238503201498396,False
nominal,recovery_mpc,46,230.0,5.804523446035322,0.0,0.19262341438604194,3.738484985534438,31.238503201498396,False
nominal,original_mpc,47,235.0,5.804523446035322,0.0,0.19423578200994066,3.740446303929085,31.31608290912094,False
nominal,recovery_mpc,47,235.0,5.804523446035322,0.0,0.19423578200994066,3.740446303929085,31.31608290912094,False
nominal,original_mpc,48,240.0,5.804523446035322,0.0,0.19584814963383937,3.742475041396862,31.39307500964071,False
nominal,recovery_mpc,48,240.0,5.804523446035322,0.0,0.19584814963383937,3.742475041396862,31.39307500964071,False
nominal,original_mpc,49,245.0,5.804523446035322,0.0,0.19746051725773808,3.744542777448798,31.46952437456347,False
nominal,recovery_mpc,49,245.0,5.804523446035322,0.0,0.19746051725773808,3.744542777448798,31.46952437456347,False
nominal,original_mpc,50,250.0,5.584592807206327,0.21993063882899477,0.19901179303751762,3.741239154177403,31.538866445655643,True
nominal,recovery_mpc,50,250.0,5.584592807206327,0.21993063882899477,0.19901179303751762,3.741239154177403,31.538866445655643,True
nominal,original_mpc,51,255.0,5.584592807206327,0.0,0.20056306881729716,3.74276505253899,31.607529768438866,False
nominal,recovery_mpc,51,255.0,5.584592807206327,0.0,0.20056306881729716,3.74276505253899,31.607529768438866,False
nominal,original_mpc,52,260.0,5.584592807206327,0.0,0.2021143445970767,3.7443901671377144,31.675583310858524,False
nominal,recovery_mpc,52,260.0,5.584592807206327,0.0,0.2021143445970767,3.7443901671377144,31.675583310858524,False
nominal,original_mpc,53,265.0,5.584592807206327,0.0,0.20366562037685623,3.746084240018823,31.743079136434943,False
nominal,recovery_mpc,53,265.0,5.584592807206327,0.0,0.20366562037685623,3.746084240018823,31.743079136434943,False
nominal,original_mpc,54,270.0,5.584592807206327,0.0,0.20521689615663577,3.7478233731839614,31.81005667789279,False
nominal,recovery_mpc,54,270.0,5.584592807206327,0.0,0.20521689615663577,3.7478233731839614,31.81005667789279,False
nominal,original_mpc,55,275.0,5.431475496246315,0.15311731096001235,0.20672563935003752,3.7458417027381175,31.872070643335732,True
nominal,recovery_mpc,55,275.0,5.431475496246315,0.15311731096001235,0.20672563935003752,3.7458417027381175,31.872070643335732,True
nominal,original_mpc,56,280.0,5.431475496246315,0.0,0.20823438254343926,3.7472342720972973,31.933488447085637,False
nominal,recovery_mpc,56,280.0,5.431475496246315,0.0,0.20823438254343926,3.7472342720972973,31.933488447085637,False
nominal,original_mpc,57,285.0,5.431475496246315,0.0,0.209743125736841,3.7487013637000715,31.994361553085042,False
nominal,recovery_mpc,57,285.0,5.431475496246315,0.0,0.209743125736841,3.7487013637000715,31.994361553085042,False
nominal,original_mpc,58,290.0,5.431475496246315,0.0,0.21125186893024275,3.750219125971236,32.05472917205844,False
nominal,recovery_mpc,58,290.0,5.431475496246315,0.0,0.21125186893024275,3.750219125971236,32.05472917205844,False
nominal,original_mpc,59,295.0,5.431475496246315,0.0,0.2127606121236445,3.751769838130632,32.11462134925945,False
nominal,recovery_mpc,59,295.0,5.431475496246315,0.0,0.2127606121236445,3.751769838130632,32.11462134925945,False
nominal,original_mpc,60,300.0,5.225245082541935,0.20623041370437978,0.21421206909101725,3.7482962832400553,32.16818704690504,True
nominal,recovery_mpc,60,300.0,5.225245082541935,0.20623041370437978,0.21421206909101725,3.7482962832400553,32.16818704690504,True
nominal,original_mpc,61,305.0,5.225245082541935,0.0,0.21566352605839,3.749358116654682,32.22115017556407,False
nominal,recovery_mpc,61,305.0,5.225245082541935,0.0,0.21566352605839,3.749358116654682,32.22115017556407,False
nominal,original_mpc,62,310.0,5.225245082541935,0.0,0.21711498302576276,3.7505168901953776,32.273568836089616,False
nominal,recovery_mpc,62,310.0,5.225245082541935,0.0,0.21711498302576276,3.7505168901953776,32.273568836089616,False
nominal,original_mpc,63,315.0,5.225245082541935,0.0,0.21856643999313552,3.751744789287888,32.32548745239799,False
nominal,recovery_mpc,63,315.0,5.225245082541935,0.0,0.21856643999313552,3.751744789287888,32.32548745239799,False
nominal,original_mpc,64,320.0,5.225245082541935,0.0,0.22001789696050827,3.7530210902679166,32.37694021009485,False
nominal,recovery_mpc,64,320.0,5.225245082541935,0.0,0.22001789696050827,3.7530210902679166,32.37694021009485,False
nominal,original_mpc,65,325.0,5.10496151872235,0.12028356381958538,0.22143594182682003,3.7513905091083344,32.4246163357432,True
nominal,recovery_mpc,65,325.0,5.10496151872235,0.12028356381958538,0.22143594182682003,3.7513905091083344,32.4246163357432,True
nominal,original_mpc,66,330.0,5.10496151872235,0.0,0.22285398669313178,3.752420692034955,32.4717788213795,False
nominal,recovery_mpc,66,330.0,5.10496151872235,0.0,0.22285398669313178,3.752420692034955,32.4717788213795,False
nominal,original_mpc,67,335.0,5.10496151872235,0.0,0.22427203155944353,3.7535186106720126,32.51846903424803,False
nominal,recovery_mpc,67,335.0,5.10496151872235,0.0,0.22427203155944353,3.7535186106720126,32.51846903424803,False
nominal,original_mpc,68,340.0,5.10496151872235,0.0,0.22569007642575528,3.754664835979321,32.56471895329569,False
nominal,recovery_mpc,68,340.0,5.10496151872235,0.0,0.22569007642575528,3.754664835979321,32.56471895329569,False
nominal,original_mpc,69,345.0,5.10496151872235,0.0,0.22710812129206703,3.7558449016941595,32.61055351831639,False
nominal,recovery_mpc,69,345.0,5.10496151872235,0.0,0.22710812129206703,3.7558449016941595,32.61055351831639,False
nominal,original_mpc,70,350.0,4.99551265898985,0.10944885973249985,0.22849576369734198,3.75437462373906,32.65301562453068,True
nominal,recovery_mpc,70,350.0,4.99551265898985,0.10944885973249985,0.22849576369734198,3.75437462373906,32.65301562453068,True
nominal,original_mpc,71,355.0,4.99551265898985,0.0,0.22988340610261693,3.7553208480551197,32.69501314105633,False
nominal,recovery_mpc,71,355.0,4.99551265898985,0.0,0.22988340610261693,3.7553208480551197,32.69501314105633,False
nominal,original_mpc,72,360.0,4.99551265898985,0.0,0.23127104850789187,3.7563259381400838,32.7365810234542,False
nominal,recovery_mpc,72,360.0,4.99551265898985,0.0,0.23127104850789187,3.7563259381400838,32.7365810234542,False
nominal,original_mpc,73,365.0,4.99551265898985,0.0,0.23265869091316682,3.7573735704281175,32.77774648617396,False
nominal,recovery_mpc,73,365.0,4.99551265898985,0.0,0.23265869091316682,3.7573735704281175,32.77774648617396,False
nominal,original_mpc,74,370.0,4.99551265898985,0.0,0.23404633331844177,3.75845158876355,32.81853093371721,False
nominal,recovery_mpc,74,370.0,4.99551265898985,0.0,0.23404633331844177,3.75845158876355,32.81853093371721,False
nominal,original_mpc,75,375.0,4.834401496502434,0.16111116248741641,0.23538922262302578,3.755617606615752,32.85466876099784,True
nominal,recovery_mpc,75,375.0,4.834401496502434,0.16111116248741641,0.23538922262302578,3.755617606615752,32.85466876099784,True
nominal,original_mpc,76,380.0,4.834401496502434,0.0,0.2367321119276098,3.7563330114743523,32.89033638373373,False
nominal,recovery_mpc,76,380.0,4.834401496502434,0.0,0.2367321119276098,3.7563330114743523,32.89033638373373,False
nominal,original_mpc,77,385.0,4.834401496502434,0.0,0.2380750012321938,3.757131028759727,32.92557681128711,False
nominal,recovery_mpc,77,385.0,4.834401496502434,0.0,0.2380750012321938,3.757131028759727,32.92557681128711,False
nominal,original_mpc,78,390.0,4.834401496502434,0.0,0.2394178905367778,3.7579903639599666,32.96042335653156,False
nominal,recovery_mpc,78,390.0,4.834401496502434,0.0,0.2394178905367778,3.7579903639599666,32.96042335653156,False
nominal,original_mpc,79,395.0,4.834401496502434,0.0,0.24076077984136182,3.7588951198475904,32.99490205800382,False
nominal,recovery_mpc,79,395.0,4.834401496502434,0.0,0.24076077984136182,3.7588951198475904,32.99490205800382,False
nominal,original_mpc,80,400.0,4.705328916199378,0.12907258030305524,0.24206781565141722,3.7566835769526534,33.02569148434991,True
nominal,recovery_mpc,80,400.0,4.705328916199378,0.12907258030305524,0.24206781565141722,3.7566835769526534,33.02569148434991,True
nominal,original_mpc,81,405.0,4.705328916199378,0.0,0.2433748514614726,3.7573284716306086,33.056057255748534,False
nominal,recovery_mpc,81,405.0,4.705328916199378,0.0,0.2433748514614726,3.7573284716306086,33.056057255748534,False
nominal,original_mpc,82,410.0,4.705328916199378,0.0,0.244681887271528,3.7580498348096634,33.08603739371958,False
nominal,recovery_mpc,82,410.0,4.705328916199378,0.0,0.244681887271528,3.7580498348096634,33.08603739371958,False
nominal,original_mpc,83,415.0,4.705328916199378,0.0,0.2459889230815834,3.758828656136974,33.115661489975274,False
nominal,recovery_mpc,83,415.0,4.705328916199378,0.0,0.2459889230815834,3.758828656136974,33.115661489975274,False
nominal,original_mpc,84,420.0,4.705328916199378,0.0,0.2472959588916388,3.7596507340997483,33.14495280573484,False
nominal,recovery_mpc,84,420.0,4.705328916199378,0.0,0.2472959588916388,3.7596507340997483,33.14495280573484,False
nominal,original_mpc,85,425.0,4.557691949084272,0.14763696711510654,0.2485619844330511,3.7569037410917847,33.170205407611014,True
nominal,recovery_mpc,85,425.0,4.557691949084272,0.14763696711510654,0.2485619844330511,3.7569037410917847,33.170205407611014,True
nominal,original_mpc,86,430.0,4.557691949084272,0.0,0.24982800997446342,3.7574203644729347,33.19505616820029,False
nominal,recovery_mpc,86,430.0,4.557691949084272,0.0,0.24982800997446342,3.7574203644729347,33.19505616820029,False
nominal,original_mpc,87,435.0,4.557691949084272,0.0,0.2510940355158757,3.758022421433571,33.219544625503275,False
nominal,recovery_mpc,87,435.0,4.557691949084272,0.0,0.2510940355158757,3.758022421433571,33.219544625503275,False
nominal,original_mpc,88,440.0,4.557691949084272,0.0,0.25236006105728803,3.7586893659026988,33.24370151839921,False
nominal,recovery_mpc,88,440.0,4.557691949084272,0.0,0.25236006105728803,3.7586893659026988,33.24370151839921,False
nominal,original_mpc,89,445.0,4.557691949084272,0.0,0.25362608659870034,3.75940583193412,33.26755097784978,False
nominal,recovery_mpc,89,445.0,4.557691949084272,0.0,0.25362608659870034,3.75940583193412,33.26755097784978,False
nominal,original_mpc,90,450.0,4.405273065413276,0.15241888367099587,0.25484977356131516,3.7564428615415486,33.287377486245006,True
nominal,recovery_mpc,90,450.0,4.405273065413276,0.15241888367099587,0.25484977356131516,3.7564428615415486,33.287377486245006,True
nominal,original_mpc,91,455.0,4.405273065413276,0.0,0.25607346052393,3.7568529985758965,33.306829513813966,False
nominal,recovery_mpc,91,455.0,4.405273065413276,0.0,0.25607346052393,3.7568529985758965,33.306829513813966,False
nominal,original_mpc,92,460.0,4.405273065413276,0.0,0.2572971474865448,3.7573547905914704,33.32594687699781,False
nominal,recovery_mpc,92,460.0,4.405273065413276,0.0,0.2572971474865448,3.7573547905914704,33.32594687699781,False
nominal,original_mpc,93,465.0,4.405273065413276,0.0,0.25852083444915963,3.7579267647986865,33.34476052310731,False
nominal,recovery_mpc,93,465.0,4.405273065413276,0.0,0.25852083444915963,3.7579267647986865,33.34476052310731,False
nominal,original_mpc,94,470.0,4.405273065413276,0.0,0.25974452141177445,3.758552847368075,33.363294737672646,False
nominal,recovery_mpc,94,470.0,4.405273065413276,0.0,0.25974452141177445,3.758552847368075,33.363294737672646,False
nominal,original_mpc,95,475.0,4.249831528439613,0.1554415369736626,0.26092503016967433,3.755430465750545,33.37787699023729,True
nominal,recovery_mpc,95,475.0,4.249831528439613,0.1554415369736626,0.26092503016967433,3.755430465750545,33.37787699023729,True
nominal,original_mpc,96,480.0,4.249831528439613,0.0,0.2621055389275742,3.7557510148158193,33.392115200689595,False
nominal,recovery_mpc,96,480.0,4.249831528439613,0.0,0.2621055389275742,3.7557510148158193,33.392115200689595,False
nominal,original_mpc,97,485.0,4.249831528439613,0.0,0.2632860476854741,3.7561677672391256,33.406048761778166,False
nominal,recovery_mpc,97,485.0,4.249831528439613,0.0,0.2632860476854741,3.7561677672391256,33.406048761778166,False
nominal,original_mpc,98,490.0,4.249831528439613,0.0,0.26446655644337397,3.7566586616003215,33.41970829090272,False
nominal,recovery_mpc,98,490.0,4.249831528439613,0.0,0.26446655644337397,3.7566586616003215,33.41970829090272,False
nominal,original_mpc,99,495.0,4.249831528439613,0.0,0.26564706520127385,3.757207170240592,33.43311781275071,False
nominal,recovery_mpc,99,495.0,4.249831528439613,0.0,0.26564706520127385,3.757207170240592,33.43311781275071,False
nominal,original_mpc,100,500.0,4.088532279281441,0.16129924915817195,0.26678276861218536,3.7538679340373142,33.44259122880004,True
nominal,recovery_mpc,100,500.0,4.088532279281441,0.16129924915817195,0.26678276861218536,3.7538679340373142,33.44259122880004,True
nominal,original_mpc,101,505.0,4.088532279281441,0.0,0.2679184720230969,3.754102902014486,33.45175042323089,False
nominal,recovery_mpc,101,505.0,4.088532279281441,0.0,0.2679184720230969,3.754102902014486,33.45175042323089,False
nominal,original_mpc,102,510.0,4.088532279281441,0.0,0.2690541754340084,3.7544392636130164,33.460634561482394,False
nominal,recovery_mpc,102,510.0,4.088532279281441,0.0,0.2690541754340084,3.7544392636130164,33.460634561482394,False
nominal,original_mpc,103,515.0,4.088532279281441,0.0,0.2701898788449199,3.754854140770706,33.46927406926741,False
nominal,recovery_mpc,103,515.0,4.088532279281441,0.0,0.2701898788449199,3.754854140770706,33.46927406926741,False
nominal,original_mpc,104,520.0,4.088532279281441,0.0,0.2713255822558314,3.755330381907185,33.47769280559711,False
nominal,recovery_mpc,104,520.0,4.088532279281441,0.0,0.2713255822558314,3.755330381907185,33.47769280559711,False
nominal,original_mpc,105,525.0,3.9240690753502103,0.16446320393123104,0.2724156014434287,3.75184517558589,33.482264723759606,True
nominal,recovery_mpc,105,525.0,3.9240690753502103,0.16446320393123104,0.2724156014434287,3.75184517558589,33.482264723759606,True
nominal,original_mpc,106,530.0,3.9240690753502103,0.0,0.27350562063102596,3.7520063845660867,33.48655412586881,False
nominal,recovery_mpc,106,530.0,3.9240690753502103,0.0,0.27350562063102596,3.7520063845660867,33.48655412586881,False
nominal,original_mpc,107,535.0,3.9240690753502103,0.0,0.2745956398186232,3.7522729261143666,33.49059944148148,False
nominal,recovery_mpc,107,535.0,3.9240690753502103,0.0,0.2745956398186232,3.7522729261143666,33.49059944148148,False
nominal,original_mpc,108,540.0,3.9240690753502103,0.0,0.2756856590062205,3.75262134866125,33.49443051424651,False
nominal,recovery_mpc,108,540.0,3.9240690753502103,0.0,0.2756856590062205,3.75262134866125,33.49443051424651,False
nominal,original_mpc,109,545.0,3.9240690753502103,0.0,0.27677567819381776,3.753034059579123,33.49807073578811,False
nominal,recovery_mpc,109,545.0,3.9240690753502103,0.0,0.27677567819381776,3.753034059579123,33.49807073578811,False
nominal,original_mpc,110,550.0,3.795758473565013,0.12831060178519715,0.27783005554758583,3.750369346135086,33.49879253218714,True
nominal,recovery_mpc,110,550.0,3.795758473565013,0.12831060178519715,0.27783005554758583,3.750369346135086,33.49879253218714,True
nominal,original_mpc,111,555.0,3.795758473565013,0.0,0.2788844329013539,3.750560277402322,33.49928486640909,False
nominal,recovery_mpc,111,555.0,3.795758473565013,0.0,0.2788844329013539,3.750560277402322,33.49928486640909,False
nominal,original_mpc,112,560.0,3.795758473565013,0.0,0.27993881025512196,3.7508423751003956,33.499579472885564,False
nominal,recovery_mpc,112,560.0,3.795758473565013,0.0,0.27993881025512196,3.7508423751003956,33.499579472885564,False
nominal,original_mpc,113,565.0,3.795758473565013,0.0,0.28099318760889,3.751195978292361,33.49970111891514,False
nominal,recovery_mpc,113,565.0,3.795758473565013,0.0,0.28099318760889,3.751195978292361,33.49970111891514,False
nominal,original_mpc,114,570.0,3.795758473565013,0.0,0.2820475649626581,3.7516063257419097,33.499669330223334,False
nominal,recovery_mpc,114,570.0,3.795758473565013,0.0,0.2820475649626581,3.7516063257419097,33.499669330223334,False
nominal,original_mpc,115,575.0,3.8144478288591284,0.018689355294115195,0.28310713380400787,3.752518042342278,33.499891739830105,True
nominal,recovery_mpc,115,575.0,3.8144478288591284,0.018689355294115195,0.28310713380400787,3.752518042342278,33.499891739830105,True
nominal,original_mpc,116,580.0,3.8144478288591284,0.0,0.28416670264535765,3.753057128070187,33.499999488922086,False
nominal,recovery_mpc,116,580.0,3.8144478288591284,0.0,0.28416670264535765,3.753057128070187,33.499999488922086,False
nominal,original_mpc,117,585.0,3.8144478288591284,0.0,0.28522627148670743,3.7536188795149004,33.5,False
nominal,recovery_mpc,117,585.0,3.8144478288591284,0.0,0.28522627148670743,3.7536188795149004,33.5,False
nominal,original_mpc,118,590.0,3.8144478288591284,0.0,0.2862858403280572,3.754200603891785,33.49989967827754,False
nominal,recovery_mpc,118,590.0,3.8144478288591284,0.0,0.2862858403280572,3.754200603891785,33.49989967827754,False
nominal,original_mpc,119,595.0,3.8144478288591284,0.0,0.287345409169407,3.7548002543950436,33.499704138068765,False
nominal,recovery_mpc,119,595.0,3.8144478288591284,0.0,0.287345409169407,3.7548002543950436,33.499704138068765,False
nominal,original_mpc,120,600.0,3.8358019895492097,0.021354160690081336,0.2884109097220595,3.7559370216976933,33.49986499287047,True
nominal,recovery_mpc,120,600.0,3.8358019895492097,0.021354160690081336,0.2884109097220595,3.7559370216976933,33.49986499287047,True
nominal,original_mpc,121,605.0,3.8358019895492097,0.0,0.28947641027471205,3.7566205783638593,33.499952587587956,False
nominal,recovery_mpc,121,605.0,3.8358019895492097,0.0,0.28947641027471205,3.7566205783638593,33.499952587587956,False
nominal,original_mpc,122,610.0,3.8358019895492097,0.0,0.2905419108273646,3.757308844491328,33.49996768400009,False
nominal,recovery_mpc,122,610.0,3.8358019895492097,0.0,0.2905419108273646,3.757308844491328,33.49996768400009,False
nominal,original_mpc,123,615.0,3.8358019895492097,0.0,0.2916074113800171,3.758003448588674,33.49991155091208,False
nominal,recovery_mpc,123,615.0,3.8358019895492097,0.0,0.2916074113800171,3.758003448588674,33.49991155091208,False
nominal,original_mpc,124,620.0,3.8358019895492097,0.0,0.29267291193266964,3.7587055926088624,33.499785811898924,False
nominal,recovery_mpc,124,620.0,3.8358019895492097,0.0,0.29267291193266964,3.7587055926088624,33.499785811898924,False
nominal,original_mpc,125,625.0,3.850885799369859,0.015083809820649385,0.2937426024324946,3.759784060303837,33.49990737978076,True
nominal,recovery_mpc,125,625.0,3.850885799369859,0.015083809820649385,0.2937426024324946,3.759784060303837,33.49990737978076,True
nominal,original_mpc,126,630.0,3.850885799369859,0.0,0.2948122929323196,3.760540762254865,33.49997216433928,False
nominal,recovery_mpc,126,630.0,3.850885799369859,0.0,0.2948122929323196,3.760540762254865,33.49997216433928,False
nominal,original_mpc,127,635.0,3.850885799369859,0.0,0.29588198343214456,3.761300280969424,33.49997990624793,False
nominal,recovery_mpc,127,635.0,3.850885799369859,0.0,0.29588198343214456,3.761300280969424,33.49997990624793,False
nominal,original_mpc,128,640.0,3.850885799369859,0.0,0.29695167393196953,3.7620646149244314,33.49993098636999,False
nominal,recovery_mpc,128,640.0,3.850885799369859,0.0,0.29695167393196953,3.7620646149244314,33.49993098636999,False
nominal,original_mpc,129,645.0,3.850885799369859,0.0,0.2980213644317945,3.7628352549408555,33.49982624447219,False
nominal,recovery_mpc,129,645.0,3.850885799369859,0.0,0.2980213644317945,3.7628352549408555,33.49982624447219,False
nominal,original_mpc,130,650.0,3.8632566459589603,0.012370846589101259,0.2990944912778942,3.763915106073555,33.49992492045263,True
nominal,recovery_mpc,130,650.0,3.8632566459589603,0.012370846589101259,0.2990944912778942,3.763915106073555,33.49992492045263,True
nominal,original_mpc,131,655.0,3.8632566459589603,0.0,0.30016761812399395,3.7647317957098263,33.4999777253385,False
nominal,recovery_mpc,131,655.0,3.8632566459589603,0.0,0.30016761812399395,3.7647317957098263,33.4999777253385,False
nominal,original_mpc,132,660.0,3.8632566459589603,0.0,0.3012407449700937,3.765547463174332,33.499984236166455,False
nominal,recovery_mpc,132,660.0,3.8632566459589603,0.0,0.3012407449700937,3.765547463174332,33.499984236166455,False
nominal,original_mpc,133,665.0,3.8632566459589603,0.0,0.3023138718161934,3.766361388939396,33.49994460919436,False
nominal,recovery_mpc,133,665.0,3.8632566459589603,0.0,0.3023138718161934,3.766361388939396,33.49994460919436,False
nominal,original_mpc,134,670.0,3.8632566459589603,0.0,0.30338699866229313,3.767174782086875,33.499859417543995,False
nominal,recovery_mpc,134,670.0,3.8632566459589603,0.0,0.30338699866229313,3.767174782086875,33.499859417543995,False
nominal,original_mpc,135,675.0,3.8733419116407646,0.010085265681804234,0.30446292697108224,3.7682345361357106,33.49993972596167,True
nominal,recovery_mpc,135,675.0,3.8733419116407646,0.010085265681804234,0.30446292697108224,3.7682345361357106,33.49993972596167,True
nominal,original_mpc,136,680.0,3.8733419116407646,0.0,0.30553885527987135,3.7690740147831323,33.499982493616926,False
nominal,recovery_mpc,136,680.0,3.8733419116407646,0.0,0.30553885527987135,3.7690740147831323,33.499982493616926,False
nominal,original_mpc,137,685.0,3.8733419116407646,0.0,0.30661478358866046,3.7699103526083357,33.49998733230222,False
nominal,recovery_mpc,137,685.0,3.8733419116407646,0.0,0.30661478358866046,3.7699103526083357,33.49998733230222,False
nominal,original_mpc,138,690.0,3.8733419116407646,0.0,0.30769071189744956,3.7707449468675374,33.499954340093346,False
nominal,recovery_mpc,138,690.0,3.8733419116407646,0.0,0.30769071189744956,3.7707449468675374,33.499954340093346,False
nominal,original_mpc,139,695.0,3.8733419116407646,0.0,0.3087666402062387,3.7715788159523145,33.499883965339336,False
nominal,recovery_mpc,139,695.0,3.8733419116407646,0.0,0.3087666402062387,3.7715788159523145,33.499883965339336,False
nominal,original_mpc,140,700.0,3.8816658455835693,0.008323933942804729,0.30984488071890076,3.7726157311683277,33.49995025761698,True
nominal,recovery_mpc,140,700.0,3.8816658455835693,0.008323933942804729,0.30984488071890076,3.7726157311683277,33.49995025761698,True
nominal,original_mpc,141,705.0,3.8816658455835693,0.0,0.31092312123156285,3.7734705871634153,33.499985785115996,False
nominal,recovery_mpc,141,705.0,3.8816658455835693,0.0,0.31092312123156285,3.7734705871634153,33.499985785115996,False
nominal,original_mpc,142,710.0,3.8816658455835693,0.0,0.31200136174422494,3.774322609625161,33.49999021036999,False
nominal,recovery_mpc,142,710.0,3.8816658455835693,0.0,0.31200136174422494,3.774322609625161,33.49999021036999,False
nominal,original_mpc,143,715.0,3.8816658455835693,0.0,0.313079602256887,3.7751729626772716,33.49996360002122,False
nominal,recovery_mpc,143,715.0,3.8816658455835693,0.0,0.313079602256887,3.7751729626772716,33.49996360002122,False
nominal,original_mpc,144,720.0,3.8816658455835693,0.0,0.3141578427695491,3.776022496628942,33.49990631192382,False
nominal,recovery_mpc,144,720.0,3.8816658455835693,0.0,0.3141578427695491,3.776022496628942,33.49990631192382,False
nominal,original_mpc,145,725.0,3.888506977982993,0.006841132399423522,0.31523798359676664,3.7770386793963957,33.49996129389282,True
nominal,recovery_mpc,145,725.0,3.888506977982993,0.006841132399423522,0.31523798359676664,3.7770386793963957,33.49996129389282,True
nominal,original_mpc,146,730.0,3.888506977982993,0.0,0.31631812442398416,3.7779050335170257,33.499991043898376,False
nominal,recovery_mpc,146,730.0,3.888506977982993,0.0,0.31631812442398416,3.7779050335170257,33.499991043898376,False
nominal,original_mpc,147,735.0,3.888506977982993,0.0,0.3173982652512017,3.778768867037131,33.4999952774891,False
nominal,recovery_mpc,147,735.0,3.888506977982993,0.0,0.3173982652512017,3.778768867037131,33.4999952774891,False
nominal,original_mpc,148,740.0,3.888506977982993,0.0,0.3184784060784192,3.779631145040115,33.499974043846514,False
nominal,recovery_mpc,148,740.0,3.888506977982993,0.0,0.3184784060784192,3.779631145040115,33.499974043846514,False
nominal,original_mpc,149,745.0,3.888506977982993,0.0,0.31955854690563673,3.7804925741172695,33.49992763262891,False
nominal,recovery_mpc,149,745.0,3.888506977982993,0.0,0.31955854690563673,3.7804925741172695,33.49992763262891,False
nominal,original_mpc,150,750.0,3.894074726206642,0.00556774822364936,0.320640234329583,3.781489450911932,33.4999723253965,True
nominal,recovery_mpc,150,750.0,3.894074726206642,0.00556774822364936,0.320640234329583,3.781489450911932,33.4999723253965,True
nominal,original_mpc,151,755.0,3.894074726206642,0.0,0.32172192175352926,3.782364228565768,33.4999962905323,False
nominal,recovery_mpc,151,755.0,3.894074726206642,0.0,0.32172192175352926,3.782364228565768,33.4999962905323,False
nominal,original_mpc,152,760.0,3.894074726206642,0.0,0.3228036091774755,3.783236804971928,33.499999299075526,False
nominal,recovery_mpc,152,760.0,3.894074726206642,0.0,0.3228036091774755,3.783236804971928,33.499999299075526,False
nominal,original_mpc,153,765.0,3.894074726206642,0.0,0.3238852966014218,3.7841079738667545,33.49998139479151,False
nominal,recovery_mpc,153,765.0,3.894074726206642,0.0,0.3238852966014218,3.7841079738667545,33.49998139479151,False
nominal,original_mpc,154,770.0,3.894074726206642,0.0,0.32496698402536806,3.7849783178992102,33.49994281799277,False
nominal,recovery_mpc,154,770.0,3.894074726206642,0.0,0.32496698402536806,3.7849783178992102,33.49994281799277,False
nominal,original_mpc,155,775.0,3.898643526868227,0.0045688006615849375,0.3260499405606092,3.7859596747737925,33.499978949114336,True
nominal,recovery_mpc,155,775.0,3.898643526868227,0.0045688006615849375,0.3260499405606092,3.7859596747737925,33.499978949114336,True
nominal,original_mpc,156,780.0,3.898643526868227,0.0,0.32713289709585036,3.786840719037795,33.49999807238586,False
nominal,recovery_mpc,156,780.0,3.898643526868227,0.0,0.32713289709585036,3.786840719037795,33.49999807238586,False
nominal,original_mpc,157,785.0,3.898643526868227,0.0,0.3282158536310915,3.7877198414909503,33.50000000017752,False
nominal,recovery_mpc,157,785.0,3.898643526868227,0.0,0.3282158536310915,3.7877198414909503,33.50000000017752,False
nominal,original_mpc,158,790.0,3.898643526868227,0.0,0.32929881016633267,3.788597698382974,33.49998476860037,False
nominal,recovery_mpc,158,790.0,3.898643526868227,0.0,0.32929881016633267,3.788597698382974,33.49998476860037,False
nominal,original_mpc,159,795.0,3.898643526868227,0.0,0.3303817667015738,3.7894747729878975,33.49995257500819,False
nominal,recovery_mpc,159,795.0,3.898643526868227,0.0,0.3303817667015738,3.7894747729878975,33.49995257500819,False
nominal,original_mpc,160,800.0,3.902426464452626,0.003782937584398738,0.33146577405281064,3.790443662012541,33.499982364029044,True
nominal,recovery_mpc,160,800.0,3.902426464452626,0.003782937584398738,0.33146577405281064,3.790443662012541,33.499982364029044,True
nominal,original_mpc,161,805.0,3.902426464452626,0.0,0.33254978140404745,3.791329399218301,33.49999822569131,False
nominal,recovery_mpc,161,805.0,3.902426464452626,0.0,0.33254978140404745,3.791329399218301,33.49999822569131,False
nominal,original_mpc,162,810.0,3.902426464452626,0.0,0.33363378875528427,3.792213455488554,33.499999999994905,False
nominal,recovery_mpc,162,810.0,3.902426464452626,0.0,0.33363378875528427,3.792213455488554,33.499999999994905,False
nominal,original_mpc,163,815.0,3.902426464452626,0.0,0.3347177961065211,3.793096378679378,33.49998771199521,False
nominal,recovery_mpc,163,815.0,3.902426464452626,0.0,0.3347177961065211,3.793096378679378,33.49998771199521,False
nominal,original_mpc,164,820.0,3.902426464452626,0.0,0.3358018034577579,3.793978573832553,33.49996152015194,False
nominal,recovery_mpc,164,820.0,3.902426464452626,0.0,0.3358018034577579,3.793978573832553,33.49996152015194,False
nominal,original_mpc,165,825.0,3.905512913703494,0.003086449250868206,0.3368866681560089,3.79493559429343,33.499985815254114,True
nominal,recovery_mpc,165,825.0,3.905512913703494,0.003086449250868206,0.3368866681560089,3.79493559429343,33.499985815254114,True
nominal,original_mpc,166,830.0,3.905512913703494,0.0,0.33797153285425985,3.7958247007747916,33.49999868536718,False
nominal,recovery_mpc,166,830.0,3.905512913703494,0.0,0.33797153285425985,3.7958247007747916,33.49999868536718,False
nominal,original_mpc,167,835.0,3.905512913703494,0.0,0.3390563975525108,3.7967123721461773,33.500000000000085,False
nominal,recovery_mpc,167,835.0,3.905512913703494,0.0,0.3390563975525108,3.7967123721461773,33.500000000000085,False
nominal,original_mpc,168,840.0,3.905512913703494,0.0,0.3401412622507618,3.7975990627147103,33.499989780253,False
nominal,recovery_mpc,168,840.0,3.905512913703494,0.0,0.3401412622507618,3.7975990627147103,33.499989780253,False
nominal,original_mpc,169,845.0,3.905512913703494,0.0,0.3412261269490128,3.7984851098768044,33.49996815650215,False
nominal,recovery_mpc,169,845.0,3.905512913703494,0.0,0.3412261269490128,3.7984851098768044,33.49996815650215,False
nominal,original_mpc,170,850.0,3.908055844067815,0.002542930364320739,0.3423116980168094,3.7994327631402616,33.49998816768904,True
nominal,recovery_mpc,170,850.0,3.908055844067815,0.002542930364320739,0.3423116980168094,3.7994327631402616,33.49998816768904,True
nominal,original_mpc,171,855.0,3.908055844067815,0.0,0.343397269084606,3.80032442751016,33.499998818526265,False
nominal,recovery_mpc,171,855.0,3.908055844067815,0.0,0.343397269084606,3.80032442751016,33.499998818526265,False
nominal,original_mpc,172,860.0,3.908055844067815,0.0,0.3444828401524026,3.8012148800066052,33.50000000000021,False
nominal,recovery_mpc,172,860.0,3.908055844067815,0.0,0.3444828401524026,3.8012148800066052,33.50000000000021,False
nominal,original_mpc,173,865.0,3.908055844067815,0.0,0.3455684112201992,3.802104500141209,33.49999172790086,False
nominal,recovery_mpc,173,865.0,3.908055844067815,0.0,0.3455684112201992,3.802104500141209,33.49999172790086,False
nominal,original_mpc,174,870.0,3.908055844067815,0.0,0.3466539822879958,3.8029935712744503,33.49997410799759,False
nominal,recovery_mpc,174,870.0,3.908055844067815,0.0,0.3466539822879958,3.8029935712744503,33.49997410799759,False
nominal,original_mpc,175,875.0,3.9101324693014665,0.0020766252336517077,0.34774013019613514,3.8039329331183476,33.49999044510325,True
nominal,recovery_mpc,175,875.0,3.9101324693014665,0.0020766252336517077,0.34774013019613514,3.8039329331183476,33.49999044510325,True
nominal,original_mpc,176,880.0,3.9101324693014665,0.0,0.34882627810427447,3.8048265637943532,33.49999910534168,False
nominal,recovery_mpc,176,880.0,3.9101324693014665,0.0,0.34882627810427447,3.8048265637943532,33.49999910534168,False
nominal,original_mpc,177,885.0,3.9101324693014665,0.0,0.3499124260124138,3.8057192023543,33.50000000000001,False
nominal,recovery_mpc,177,885.0,3.9101324693014665,0.0,0.3499124260124138,3.8057192023543,33.50000000000001,False
nominal,original_mpc,178,890.0,3.9101324693014665,0.0,0.3509985739205531,3.8066111651732353,33.49999314252432,False
nominal,recovery_mpc,178,890.0,3.9101324693014665,0.0,0.3509985739205531,3.8066111651732353,33.49999314252432,False
nominal,original_mpc,179,895.0,3.9101324693014665,0.0,0.35208472182869244,3.8075026899500535,33.49997862000979,False
nominal,recovery_mpc,179,895.0,3.9101324693014665,0.0,0.35208472182869244,3.8075026899500535,33.49997862000979,False
nominal,original_mpc,180,900.0,3.9118412441097834,0.0017087748083168819,0.3531713443965007,3.808435614097085,33.49999206065957,True
nominal,recovery_mpc,180,900.0,3.9118412441097834,0.0017087748083168819,0.3531713443965007,3.808435614097085,33.49999206065957,True
nominal,original_mpc,181,905.0,3.9118412441097834,0.0,0.354257966964309,3.809330931652227,33.499999211892046,False
nominal,recovery_mpc,181,905.0,3.9118412441097834,0.0,0.354257966964309,3.809330931652227,33.499999211892046,False
nominal,original_mpc,182,910.0,3.9118412441097834,0.0,0.3553445895321173,3.810225461948411,33.500000000000114,False
nominal,recovery_mpc,182,910.0,3.9118412441097834,0.0,0.3553445895321173,3.810225461948411,33.500000000000114,False
nominal,original_mpc,183,915.0,3.9118412441097834,0.0,0.35643121209992557,3.8111194707476472,33.49999443526844,False
nominal,recovery_mpc,183,915.0,3.9118412441097834,0.0,0.35643121209992557,3.8111194707476472,33.49999443526844,False
nominal,original_mpc,184,920.0,3.9118412441097834,0.0,0.35751783466773385,3.8120131591736013,33.499982588540135,False
nominal,recovery_mpc,184,920.0,3.9118412441097834,0.0,0.35751783466773385,3.8120131591736013,33.499982588540135,False
nominal,original_mpc,185,925.0,3.9132375496740885,0.0013963055643051447,0.3586048450981989,3.812940719883824,33.49999356931223,True
nominal,recovery_mpc,185,925.0,3.9132375496740885,0.0013963055643051447,0.3586048450981989,3.812940719883824,33.49999356931223,True
nominal,original_mpc,186,930.0,3.9132375496740885,0.0,0.35969185552866395,3.8138376015506914,33.499999393142474,False
nominal,recovery_mpc,186,930.0,3.9132375496740885,0.0,0.35969185552866395,3.8138376015506914,33.499999393142474,False
nominal,original_mpc,187,935.0,3.9132375496740885,0.0,0.360778865959129,3.8147338969566027,33.50000000000001,False
nominal,recovery_mpc,187,935.0,3.9132375496740885,0.0,0.360778865959129,3.8147338969566027,33.50000000000001,False
nominal,original_mpc,188,940.0,3.9132375496740885,0.0,0.36186587638959405,3.8156298294482967,33.49999539860638,False
nominal,recovery_mpc,188,940.0,3.9132375496740885,0.0,0.36186587638959405,3.8156298294482967,33.49999539860638,False
nominal,original_mpc,189,945.0,3.9132375496740885,0.0,0.3629528868200591,3.8165255694736,33.49998564725146,False
nominal,recovery_mpc,189,945.0,3.9132375496740885,0.0,0.3629528868200591,3.8165255694736,33.49998564725146,False
nominal,original_mpc,190,950.0,3.9143853848918635,0.0011478352177749507,0.3640402160936402,3.8174492299233354,33.499994672897,True
nominal,recovery_mpc,190,950.0,3.9143853848918635,0.0011478352177749507,0.3640402160936402,3.8174492299233354,33.499994672897,True
nominal,original_mpc,191,955.0,3.9143853848918635,0.0,0.36512754536722125,3.8183477523213165,33.49999947371439,False
nominal,recovery_mpc,191,955.0,3.9143853848918635,0.0,0.36512754536722125,3.8183477523213165,33.49999947371439,False
nominal,original_mpc,192,960.0,3.9143853848918635,0.0,0.3662148746408023,3.8192458800083013,33.50000000000003,False
nominal,recovery_mpc,192,960.0,3.9143853848918635,0.0,0.3662148746408023,3.8192458800083013,33.50000000000003,False
nominal,original_mpc,193,965.0,3.9143853848918635,0.0,0.3673022039143834,3.8201438021808696,33.499996258526565,False
nominal,recovery_mpc,193,965.0,3.9143853848918635,0.0,0.3673022039143834,3.8201438021808696,33.499996258526565,False
nominal,original_mpc,194,970.0,3.9143853848918635,0.0,0.36838953318796447,3.821041664604207,33.499988296787556,False
nominal,recovery_mpc,194,970.0,3.9143853848918635,0.0,0.36838953318796447,3.821041664604207,33.499988296787556,False
nominal,original_mpc,195,975.0,3.9153238070388463,0.0009384221469828091,0.36947712313436415,3.8219624572420186,33.49999567481555,True
nominal,recovery_mpc,195,975.0,3.9153238070388463,0.0009384221469828091,0.36947712313436415,3.8219624572420186,33.49999567481555,True
nominal,original_mpc,196,980.0,3.9153238070388463,0.0,0.37056471308076383,3.822862808190941,33.499999589392736,False
nominal,recovery_mpc,196,980.0,3.9153238070388463,0.0,0.37056471308076383,3.822862808190941,33.499999589392736,False
nominal,original_mpc,197,985.0,3.9153238070388463,0.0,0.3716523030271635,3.8237629526719408,33.50000000000005,False
nominal,recovery_mpc,197,985.0,3.9153238070388463,0.0,0.3716523030271635,3.8237629526719408,33.50000000000005,False
nominal,original_mpc,198,990.0,3.9153238070388463,0.0,0.3727398929735632,3.824663051406149,33.49999691235173,False
nominal,recovery_mpc,198,990.0,3.9153238070388463,0.0,0.3727398929735632,3.824663051406149,33.49999691235173,False
nominal,original_mpc,199,995.0,3.9153238070388463,0.0,0.3738274829199629,3.825563229564754,33.49999036549607,False
nominal,recovery_mpc,199,995.0,3.9153238070388463,0.0,0.3738274829199629,3.825563229564754,33.49999036549607,False
nominal,original_mpc,200,1000.0,3.9160946595554877,0.0007708525166414404,0.3749152869920616,3.8264823773926855,33.49999642557386,True
nominal,recovery_mpc,200,1000.0,3.9160946595554877,0.0007708525166414404,0.3749152869920616,3.8264823773926855,33.49999642557386,True
nominal,original_mpc,201,1005.0,3.9160946595554877,0.0,0.37600309106416036,3.8273848734035694,33.49999964822966,False
nominal,recovery_mpc,201,1005.0,3.9160946595554877,0.0,0.37600309106416036,3.8273848734035694,33.49999964822966,False
nominal,original_mpc,202,1010.0,3.9160946595554877,0.0,0.3770908951362591,3.828287345161264,33.50000000000001,False
nominal,recovery_mpc,202,1010.0,3.9160946595554877,0.0,0.3770908951362591,3.828287345161264,33.50000000000001,False
nominal,original_mpc,203,1015.0,3.9160946595554877,0.0,0.37817869920835784,3.8291899303777095,33.49999748537522,False
nominal,recovery_mpc,203,1015.0,3.9160946595554877,0.0,0.37817869920835784,3.8291899303777095,33.49999748537522,False
nominal,original_mpc,204,1020.0,3.9160946595554877,0.0,0.3792665032804566,3.830092737591755,33.49999213621187,False
nominal,recovery_mpc,204,1020.0,3.9160946595554877,0.0,0.3792665032804566,3.830092737591755,33.49999213621187,False
nominal,original_mpc,205,1025.0,3.916725180357522,0.0006305208020340736,0.38035448249722253,3.831011224310772,33.499997093105605,True
nominal,recovery_mpc,205,1025.0,3.916725180357522,0.0006305208020340736,0.38035448249722253,3.831011224310772,33.499997093105605,True
nominal,original_mpc,206,1030.0,3.916725180357522,0.0,0.3814424617139885,3.8319162598321426,33.499999724265436,False
nominal,recovery_mpc,206,1030.0,3.916725180357522,0.0,0.3814424617139885,3.8319162598321426,33.499999724265436,False
nominal,original_mpc,207,1035.0,3.916725180357522,0.0,0.38253044093075445,3.8328214507060876,33.50000000238229,False
nominal,recovery_mpc,207,1035.0,3.916725180357522,0.0,0.38253044093075445,3.8328214507060876,33.50000000238229,False
nominal,original_mpc,208,1040.0,3.916725180357522,0.0,0.3836184201475204,3.83372691553658,33.49999793122213,False
nominal,recovery_mpc,208,1040.0,3.916725180357522,0.0,0.3836184201475204,3.83372691553658,33.49999793122213,False
nominal,original_mpc,209,1045.0,3.916725180357522,0.0,0.38470639936428636,3.834632749043526,33.499993536956595,False
nominal,recovery_mpc,209,1045.0,3.916725180357522,0.0,0.38470639936428636,3.834632749043526,33.499993536956595,False
nominal,original_mpc,210,1050.0,3.917242709640853,0.0005175292833312639,0.3857945223391866,3.8355516445603843,33.49999760482833,True
nominal,recovery_mpc,210,1050.0,3.917242709640853,0.0005175292833312639,0.3857945223391866,3.8355516445603843,33.49999760482833,True
nominal,original_mpc,211,1055.0,3.917242709640853,0.0,0.38688264531408684,3.8364596972736376,33.49999976727683,False
nominal,recovery_mpc,211,1055.0,3.917242709640853,0.0,0.38688264531408684,3.8364596972736376,33.49999976727683,False
nominal,original_mpc,212,1060.0,3.917242709640853,0.0,0.3879707682889871,3.8373680811289756,33.50000000180637,False
nominal,recovery_mpc,212,1060.0,3.917242709640853,0.0,0.3879707682889871,3.8373680811289756,33.50000000180637,False
nominal,original_mpc,213,1065.0,3.917242709640853,0.0,0.3890588912638873,3.8382768992315257,33.499998311415474,False
nominal,recovery_mpc,213,1065.0,3.917242709640853,0.0,0.3890588912638873,3.8382768992315257,33.499998311415474,False
nominal,original_mpc,214,1070.0,3.917242709640853,0.0,0.39014701423878756,3.8391862350964576,33.499994717485265,False
nominal,recovery_mpc,214,1070.0,3.917242709640853,0.0,0.39014701423878756,3.8391862350964576,33.499994717485265,False
nominal,original_mpc,215,1075.0,3.9176662641066087,0.0004235544657555934,0.39123525486770605,3.840106483360328,33.49999804649876,True
nominal,recovery_mpc,215,1075.0,3.9176662641066087,0.0004235544657555934,0.39123525486770605,3.840106483360328,33.49999804649876,True
nominal,original_mpc,216,1080.0,3.9176662641066087,0.0,0.39232349549662454,3.841018085663902,33.49999981390604,False
nominal,recovery_mpc,216,1080.0,3.9176662641066087,0.0,0.39232349549662454,3.841018085663902,33.49999981390604,False
nominal,original_mpc,217,1085.0,3.9176662641066087,0.0,0.39341173612554303,3.841930192869025,33.50000000132382,False
nominal,recovery_mpc,217,1085.0,3.9176662641066087,0.0,0.39341173612554303,3.841930192869025,33.50000000132382,False
nominal,original_mpc,218,1090.0,3.9176662641066087,0.0,0.3944999767544615,3.842842895266525,33.4999986112476,False
nominal,recovery_mpc,218,1090.0,3.9176662641066087,0.0,0.3944999767544615,3.842842895266525,33.4999986112476,False
nominal,original_mpc,219,1095.0,3.9176662641066087,0.0,0.39558821738338,3.8437562671046157,33.499995661227175,False
nominal,recovery_mpc,219,1095.0,3.9176662641066087,0.0,0.39558821738338,3.8437562671046157,33.499995661227175,False
nominal,original_mpc,220,1100.0,3.9180137435064886,0.00034747939987989085,0.396676554534354,3.844678842052422,33.49999839217814,True
nominal,recovery_mpc,220,1100.0,3.9180137435064886,0.00034747939987989085,0.396676554534354,3.844678842052422,33.49999839217814,True
nominal,original_mpc,221,1105.0,3.9180137435064886,0.0,0.397764891685328,3.845594580178283,33.49999984372295,False
nominal,recovery_mpc,221,1105.0,3.9180137435064886,0.0,0.397764891685328,3.845594580178283,33.49999984372295,False
nominal,original_mpc,222,1110.0,3.9180137435064886,0.0,0.39885322883630203,3.846510994530765,33.500000000740286,False
nominal,recovery_mpc,222,1110.0,3.9180137435064886,0.0,0.39885322883630203,3.846510994530765,33.500000000740286,False
nominal,original_mpc,223,1115.0,3.9180137435064886,0.0,0.39994156598727604,3.8474281649750424,33.4999988652319,False
nominal,recovery_mpc,223,1115.0,3.9180137435064886,0.0,0.39994156598727604,3.8474281649750424,33.4999988652319,False
nominal,original_mpc,224,1120.0,3.9180137435064886,0.0,0.40102990313825004,3.8483453282196063,33.49999645154619,False
nominal,recovery_mpc,224,1120.0,3.9180137435064886,0.0,0.40102990313825004,3.8483453282196063,33.49999645154619,False
nominal,original_mpc,225,1125.0,3.9182981973341726,0.00028445382768405025,0.4021183193041762,3.8492684524504144,33.49999868709557,True
nominal,recovery_mpc,225,1125.0,3.9182981973341726,0.00028445382768405025,0.4021183193041762,3.8492684524504144,33.49999868709557,True
nominal,original_mpc,226,1130.0,3.9182981973341726,0.0,0.40320673547010233,3.8501844059919255,33.499999874167585,False
nominal,recovery_mpc,226,1130.0,3.9182981973341726,0.0,0.40320673547010233,3.8501844059919255,33.499999874167585,False
nominal,original_mpc,227,1135.0,3.9182981973341726,0.0,0.40429515163602847,3.8510993410495677,33.50000000039903,False
nominal,recovery_mpc,227,1135.0,3.9182981973341726,0.0,0.40429515163602847,3.8510993410495677,33.50000000039903,False
nominal,original_mpc,228,1140.0,3.9182981973341726,0.0,0.4053835678019546,3.8520133248642767,33.49999906745082,False
nominal,recovery_mpc,228,1140.0,3.9182981973341726,0.0,0.4053835678019546,3.8520133248642767,33.49999906745082,False
nominal,original_mpc,229,1145.0,3.9182981973341726,0.0,0.40647198396788076,3.852926413903348,33.4999970870959,False
nominal,recovery_mpc,229,1145.0,3.9182981973341726,0.0,0.40647198396788076,3.852926413903348,33.4999970870959,False
nominal,original_mpc,230,1150.0,3.918531490852997,0.00023329351882450666,0.40756046493756215,3.853844343920334,33.49999892056918,True
nominal,recovery_mpc,230,1150.0,3.918531490852997,0.00023329351882450666,0.40756046493756215,3.853844343920334,33.49999892056918,True
nominal,original_mpc,231,1155.0,3.918531490852997,0.0,0.40864894590724354,3.854756352591043,33.49999989503029,False
nominal,recovery_mpc,231,1155.0,3.918531490852997,0.0,0.40864894590724354,3.854756352591043,33.49999989503029,False
nominal,original_mpc,232,1160.0,3.918531490852997,0.0,0.40973742687692494,3.855667490698887,33.5000000003194,False
nominal,recovery_mpc,232,1160.0,3.918531490852997,0.0,0.40973742687692494,3.855667490698887,33.5000000003194,False
nominal,original_mpc,233,1165.0,3.918531490852997,0.0,0.41082590784660633,3.856577818475839,33.49999923777545,False
nominal,recovery_mpc,233,1165.0,3.918531490852997,0.0,0.41082590784660633,3.856577818475839,33.49999923777545,False
nominal,original_mpc,234,1170.0,3.918531490852997,0.0,0.4119143888162877,3.857487387321369,33.49999761702863,False
nominal,recovery_mpc,234,1170.0,3.918531490852997,0.0,0.4119143888162877,3.857487387321369,33.49999761702863,False
nominal,original_mpc,235,1175.0,3.9187224972212884,0.00019100636829127993,0.41300292284329365,3.858400898281564,33.499999118091544,True
nominal,recovery_mpc,235,1175.0,3.9187224972212884,0.00019100636829127993,0.41300292284329365,3.858400898281564,33.499999118091544,True
nominal,original_mpc,236,1180.0,3.9187224972212884,0.0,0.4140914568702996,3.859309545188628,33.499999915220656,False
nominal,recovery_mpc,236,1180.0,3.9187224972212884,0.0,0.4140914568702996,3.859309545188628,33.499999915220656,False
nominal,original_mpc,237,1185.0,3.9187224972212884,0.0,0.4151799908973055,3.8602174684604087,33.50000000010713,False
nominal,recovery_mpc,237,1185.0,3.9187224972212884,0.0,0.4151799908973055,3.8602174684604087,33.50000000010713,False
nominal,original_mpc,238,1190.0,3.9187224972212884,0.0,0.41626852492431143,3.8611247225548997,33.49999937386016,False
nominal,recovery_mpc,238,1190.0,3.9187224972212884,0.0,0.41626852492431143,3.8611247225548997,33.49999937386016,False
nominal,original_mpc,239,1195.0,3.9187224972212884,0.0,0.41735705895131736,3.862031354695892,33.49999804437984,False
nominal,recovery_mpc,239,1195.0,3.9187224972212884,0.0,0.41735705895131736,3.862031354695892,33.49999804437984,False
nominal,original_mpc,240,1200.0,3.9188791247700205,0.00015662754873213558,0.4184456364859757,3.862941224749199,33.499999275277005,True
nominal,recovery_mpc,240,1200.0,3.9188791247700205,0.00015662754873213558,0.4184456364859757,3.862941224749199,33.499999275277005,True
nominal,original_mpc,241,1205.0,3.9188791247700205,0.0,0.41953421402063407,3.8638471167792465,33.49999992944479,False
nominal,recovery_mpc,241,1205.0,3.9188791247700205,0.0,0.41953421402063407,3.8638471167792465,33.49999992944479,False
nominal,original_mpc,242,1210.0,3.9188791247700205,0.0,0.4206227915552924,3.8647524310693986,33.50000000005876,False
nominal,recovery_mpc,242,1210.0,3.9188791247700205,0.0,0.4206227915552924,3.8647524310693986,33.50000000005876,False
nominal,original_mpc,243,1215.0,3.9188791247700205,0.0,0.42171136908995077,3.865657217368812,33.49999948801554,False
nominal,recovery_mpc,243,1215.0,3.9188791247700205,0.0,0.42171136908995077,3.865657217368812,33.49999948801554,False
nominal,original_mpc,244,1220.0,3.9188791247700205,0.0,0.4227999466246091,3.866561519496464,33.499998399779116,False
nominal,recovery_mpc,244,1220.0,3.9188791247700205,0.0,0.4227999466246091,3.866561519496464,33.499998399779116,False
nominal,original_mpc,245,1225.0,3.9190073758753323,0.00012825110531178296,0.4238885597845745,3.867468503082168,33.49999940765696,True
nominal,recovery_mpc,245,1225.0,3.9190073758753323,0.00012825110531178296,0.4238885597845745,3.867468503082168,33.49999940765696,True
nominal,original_mpc,246,1230.0,3.9190073758753323,0.0,0.4249771729445399,3.868372264747758,33.499999942938,False
nominal,recovery_mpc,246,1230.0,3.9190073758753323,0.0,0.4249771729445399,3.868372264747758,33.499999942938,False
nominal,original_mpc,247,1235.0,3.9190073758753323,0.0,0.4260657861045053,3.8692755938816994,33.500000000039705,False
nominal,recovery_mpc,247,1235.0,3.9190073758753323,0.0,0.4260657861045053,3.8692755938816994,33.500000000039705,False
nominal,original_mpc,248,1240.0,3.9190073758753323,0.0,0.4271543992644707,3.8701785363574213,33.49999957970373,False
nominal,recovery_mpc,248,1240.0,3.9190073758753323,0.0,0.4271543992644707,3.8701785363574213,33.49999957970373,False
nominal,original_mpc,249,1245.0,3.9190073758753323,0.0,0.4282430124244361,3.8710811331910344,33.4999986872318,False
nominal,recovery_mpc,249,1245.0,3.9190073758753323,0.0,0.4282430124244361,3.8710811331910344,33.4999986872318,False
nominal,original_mpc,250,1250.0,3.9191125273147813,0.00010515143944900274,0.4293316547931346,3.8719859848848253,33.49999951359288,True
nominal,recovery_mpc,250,1250.0,3.9191125273147813,0.00010515143944900274,0.4293316547931346,3.8719859848848253,33.49999951359288,True
nominal,original_mpc,251,1255.0,3.9191125273147813,0.0,0.43042029716183317,3.8728882564880163,33.49999995275534,False
nominal,recovery_mpc,251,1255.0,3.9191125273147813,0.0,0.43042029716183317,3.8728882564880163,33.49999995275534,False
nominal,original_mpc,252,1260.0,3.9191125273147813,0.0,0.4315089395305317,3.8737902400821707,33.50000000013621,False
nominal,recovery_mpc,252,1260.0,3.9191125273147813,0.0,0.4315089395305317,3.8737902400821707,33.50000000013621,False
nominal,original_mpc,253,1265.0,3.9191125273147813,0.0,0.43259758189923025,3.8746919783774625,33.49999965633659,False
nominal,recovery_mpc,253,1265.0,3.9191125273147813,0.0,0.43259758189923025,3.8746919783774625,33.49999965633659,False
nominal,original_mpc,254,1270.0,3.9191125273147813,0.0,0.4336862242679288,3.875593510102705,33.4999989256956,False
nominal,recovery_mpc,254,1270.0,3.9191125273147813,0.0,0.4336862242679288,3.875593510102705,33.4999989256956,False
nominal,original_mpc,255,1275.0,3.9191986331190645,8.610580428314307e-05,0.4347748905549063,3.8764969698556397,33.499999602328096,True
nominal,recovery_mpc,255,1275.0,3.9191986331190645,8.610580428314307e-05,0.4347748905549063,3.8764969698556397,33.499999602328096,True
nominal,original_mpc,256,1280.0,3.9191986331190645,0.0,0.4358635568418838,3.8773984035881535,33.49999996167865,False
nominal,recovery_mpc,256,1280.0,3.9191986331190645,0.0,0.4358635568418838,3.8773984035881535,33.49999996167865,False
nominal,original_mpc,257,1285.0,3.9191986331190645,0.0,0.43695222312886134,3.8782996933619747,33.49999999999807,False
nominal,recovery_mpc,257,1285.0,3.9191986331190645,0.0,0.43695222312886134,3.8782996933619747,33.49999999999807,False
nominal,original_mpc,258,1290.0,3.9191986331190645,0.0,0.43804088941583885,3.879200879285373,33.49999971778335,False
nominal,recovery_mpc,258,1290.0,3.9191986331190645,0.0,0.43804088941583885,3.879200879285373,33.49999971778335,False
nominal,original_mpc,259,1295.0,3.9191986331190645,0.0,0.43912955570281637,3.880101998205509,33.499999118593195,False
nominal,recovery_mpc,259,1295.0,3.9191986331190645,0.0,0.43912955570281637,3.880101998205509,33.499999118593195,False
nominal,original_mpc,260,1300.0,3.919269229848638,7.059672957332452e-05,0.44021824159999656,3.8810048053321284,33.499999673382554,True
nominal,recovery_mpc,260,1300.0,3.919269229848638,7.059672957332452e-05,0.44021824159999656,3.8810048053321284,33.499999673382554,True
nominal,original_mpc,261,1305.0,3.919269229848638,0.0,0.44130692749717676,3.8819060639177385,33.49999996822568,False
nominal,recovery_mpc,261,1305.0,3.919269229848638,0.0,0.44130692749717676,3.8819060639177385,33.49999996822568,False
nominal,original_mpc,262,1310.0,3.919269229848638,0.0,0.44239561339435696,3.8828073221331607,33.50000000004468,False
nominal,recovery_mpc,262,1310.0,3.919269229848638,0.0,0.44239561339435696,3.8828073221331607,33.50000000004468,False
nominal,original_mpc,263,1315.0,3.919269229848638,0.0,0.44348429929153715,3.883708617962908,33.499999769242294,False
nominal,recovery_mpc,263,1315.0,3.919269229848638,0.0,0.44348429929153715,3.883708617962908,33.499999769242294,False
nominal,original_mpc,264,1320.0,3.919269229848638,0.0,0.44457298518871735,3.8846099867184813,33.49999927873105,False
nominal,recovery_mpc,264,1320.0,3.919269229848638,0.0,0.44457298518871735,3.8846099867184813,33.49999927873105,False
nominal,original_mpc,265,1325.0,3.9193270384888645,5.780864022675303e-05,0.4456616871438531,3.8855128708067697,33.49999973300721,True
nominal,recovery_mpc,265,1325.0,3.9193270384888645,5.780864022675303e-05,0.4456616871438531,3.8855128708067697,33.49999973300721,True
nominal,original_mpc,266,1330.0,3.9193270384888645,0.0,0.4467503890989889,3.886414624929704,33.499999974276925,False
nominal,recovery_mpc,266,1330.0,3.9193270384888645,0.0,0.4467503890989889,3.886414624929704,33.499999974276925,False
nominal,original_mpc,267,1335.0,3.9193270384888645,0.0,0.44783909105412467,3.8873165219525285,33.50000000002245,False
nominal,recovery_mpc,267,1335.0,3.9193270384888645,0.0,0.44783909105412467,3.8873165219525285,33.50000000002245,False
nominal,original_mpc,268,1340.0,3.9193270384888645,0.0,0.44892779300926045,3.8882185981127484,33.499999810576924,False
nominal,recovery_mpc,268,1340.0,3.9193270384888645,0.0,0.44892779300926045,3.8882185981127484,33.499999810576924,False
nominal,original_mpc,269,1345.0,3.9193270384888645,0.0,0.4500164949643962,3.8891208874584478,33.499999408329096,False
nominal,recovery_mpc,269,1345.0,3.9193270384888645,0.0,0.4500164949643962,3.8891208874584478,33.499999408329096,False
nominal,original_mpc,270,1350.0,3.919374431887836,4.7393398971529166e-05,0.45110521008436505,3.890024577633319,33.49999978075952,True
nominal,recovery_mpc,270,1350.0,3.919374431887836,4.7393398971529166e-05,0.45110521008436505,3.890024577633319,33.49999978075952,True
nominal,original_mpc,271,1355.0,3.919374431887836,0.0,0.4521939252043339,3.890927505029121,33.499999978674936,False
nominal,recovery_mpc,271,1355.0,3.919374431887836,0.0,0.4521939252043339,3.890927505029121,33.499999978674936,False
nominal,original_mpc,272,1360.0,3.919374431887836,0.0,0.4532826403243027,3.891830718284096,33.500000000008924,False
nominal,recovery_mpc,272,1360.0,3.919374431887836,0.0,0.4532826403243027,3.891830718284096,33.500000000008924,False
nominal,original_mpc,273,1365.0,3.919374431887836,0.0,0.45437135544427154,3.892734252209556,33.499999845031816,False
nominal,recovery_mpc,273,1365.0,3.919374431887836,0.0,0.45437135544427154,3.892734252209556,33.499999845031816,False
nominal,original_mpc,274,1370.0,3.919374431887836,0.0,0.45546007056424037,3.893638139822314,33.499999515698896,False
nominal,recovery_mpc,274,1370.0,3.919374431887836,0.0,0.45546007056424037,3.893638139822314,33.499999515698896,False
nominal,original_mpc,275,1375.0,3.9194132442749776,3.881238714154023e-05,0.45654879646542784,3.894543358881119,33.49999982069559,True
nominal,recovery_mpc,275,1375.0,3.9194132442749776,3.881238714154023e-05,0.45654879646542784,3.894543358881119,33.49999982069559,True
nominal,original_mpc,276,1380.0,3.9194132442749776,0.0,0.4576375223666153,3.8954481426366994,33.49999998269323,False
nominal,recovery_mpc,276,1380.0,3.9194132442749776,0.0,0.4576375223666153,3.8954481426366994,33.49999998269323,False
nominal,original_mpc,277,1385.0,3.9194132442749776,0.0,0.4587262482678028,3.896353354992558,33.50000000000094,False
nominal,recovery_mpc,277,1385.0,3.9194132442749776,0.0,0.4587262482678028,3.896353354992558,33.50000000000094,False
nominal,original_mpc,278,1390.0,3.9194132442749776,0.0,0.45981497416899025,3.8972590295875227,33.49999987284191,False
nominal,recovery_mpc,278,1390.0,3.9194132442749776,0.0,0.45981497416899025,3.8972590295875227,33.49999987284191,False
nominal,original_mpc,279,1395.0,3.9194132442749776,0.0,0.4609037000701777,3.898165198590489,33.499999602819514,False
nominal,recovery_mpc,279,1395.0,3.9194132442749776,0.0,0.4609037000701777,3.898165198590489,33.499999602819514,False
nominal,original_mpc,280,1400.0,3.919445059945181,3.181567020327236e-05,0.4619924348090514,3.8990726686235884,33.49999985283524,True
nominal,recovery_mpc,280,1400.0,3.919445059945181,3.181567020327236e-05,0.4619924348090514,3.8990726686235884,33.49999985283524,True
nominal,original_mpc,281,1405.0,3.919445059945181,0.0,0.46308116954792505,3.899979996518205,33.49999998569115,False
nominal,recovery_mpc,281,1405.0,3.919445059945181,0.0,0.46308116954792505,3.899979996518205,33.49999998569115,False
nominal,original_mpc,282,1410.0,3.919445059945181,0.0,0.4641699042867987,3.900887895547656,33.5,False
nominal,recovery_mpc,282,1410.0,3.919445059945181,0.0,0.4641699042867987,3.900887895547656,33.5,False
nominal,original_mpc,283,1415.0,3.919445059945181,0.0,0.4652586390256724,3.901796398392892,33.499999895943304,False
nominal,recovery_mpc,283,1415.0,3.919445059945181,0.0,0.4652586390256724,3.901796398392892,33.499999895943304,False
nominal,original_mpc,284,1420.0,3.919445059945181,0.0,0.46634737376454605,3.9027055365301666,33.49999967483375,False
nominal,recovery_mpc,284,1420.0,3.919445059945181,0.0,0.46634737376454605,3.9027055365301666,33.49999967483375,False
nominal,original_mpc,285,1425.0,3.9194711179830044,2.6058037823517566e-05,0.4674361157417635,3.9036159757573214,33.49999987960736,True
nominal,recovery_mpc,285,1425.0,3.9194711179830044,2.6058037823517566e-05,0.4674361157417635,3.9036159757573214,33.49999987960736,True
nominal,original_mpc,286,1430.0,3.9194711179830044,0.0,0.468524857718981,3.9045265391829673,33.499999988380964,False
nominal,recovery_mpc,286,1430.0,3.9194711179830044,0.0,0.468524857718981,3.9045265391829673,33.499999988380964,False
nominal,original_mpc,287,1435.0,3.9194711179830044,0.0,0.4696135996961985,3.9054378161280265,33.5000000000191,False
nominal,recovery_mpc,287,1435.0,3.9194711179830044,0.0,0.4696135996961985,3.9054378161280265,33.5000000000191,False
nominal,original_mpc,288,1440.0,3.9194711179830044,0.0,0.47070234167341596,3.906349838486561,33.49999991467137,False
nominal,recovery_mpc,288,1440.0,3.9194711179830044,0.0,0.47070234167341596,3.906349838486561,33.49999991467137,False
nominal,original_mpc,289,1445.0,3.9194711179830044,0.0,0.47179108365063344,3.907262637165766,33.499999733414,False
nominal,recovery_mpc,289,1445.0,3.9194711179830044,0.0,0.47179108365063344,3.907262637165766,33.499999733414,False
nominal,original_mpc,290,1450.0,3.919492475426074,2.135744306963616e-05,0.47287983156047403,3.908176762990587,33.499999901242205,True
nominal,recovery_mpc,290,1450.0,3.919492475426074,2.135744306963616e-05,0.47287983156047403,3.908176762990587,33.499999901242205,True
nominal,original_mpc,291,1455.0,3.919492475426074,0.0,0.4739685794703146,3.909091256458863,33.49999999041577,False
nominal,recovery_mpc,291,1455.0,3.919492475426074,0.0,0.4739685794703146,3.909091256458863,33.49999999041577,False
nominal,original_mpc,292,1460.0,3.919492475426074,0.0,0.4750573273801552,3.910006605694066,33.50000000000354,False
nominal,recovery_mpc,292,1460.0,3.919492475426074,0.0,0.4750573273801552,3.910006605694066,33.50000000000354,False
nominal,original_mpc,293,1465.0,3.919492475426074,0.0,0.4761460752899958,3.9109228419468827,33.49999993012749,False
nominal,recovery_mpc,293,1465.0,3.919492475426074,0.0,0.4761460752899958,3.9109228419468827,33.49999993012749,False
nominal,original_mpc,294,1470.0,3.919492475426074,0.0,0.4772348231998364,3.9118399956592693,33.49999978166894,False
nominal,recovery_mpc,294,1470.0,3.919492475426074,0.0,0.4772348231998364,3.9118399956592693,33.49999978166894,False
nominal,original_mpc,295,1475.0,3.9195099705251266,1.7495099052577956e-05,0.4783235759694267,3.912758523187317,33.49999991914829,True
nominal,recovery_mpc,295,1475.0,3.9195099705251266,1.7495099052577956e-05,0.4783235759694267,3.912758523187317,33.49999991914829,True
nominal,original_mpc,296,1480.0,3.9195099705251266,0.0,0.479412328739017,3.9136776436529526,33.499999992180015,False
nominal,recovery_mpc,296,1480.0,3.9195099705251266,0.0,0.479412328739017,3.9136776436529526,33.499999992180015,False
nominal,original_mpc,297,1485.0,3.9195099705251266,0.0,0.4805010815086073,3.914597762029485,33.50000000000162,False
nominal,recovery_mpc,297,1485.0,3.9195099705251266,0.0,0.4805010815086073,3.914597762029485,33.50000000000162,False
nominal,original_mpc,298,1490.0,3.9195099705251266,0.0,0.4815898342781976,3.9155189090395783,33.49999994271339,False
nominal,recovery_mpc,298,1490.0,3.9195099705251266,0.0,0.4815898342781976,3.9155189090395783,33.49999994271339,False
nominal,original_mpc,299,1495.0,3.9195099705251266,0.0,0.48267858704778793,3.9164411147433476,33.49999982103771,False
nominal,recovery_mpc,299,1495.0,3.9195099705251266,0.0,0.48267858704778793,3.9164411147433476,33.49999982103771,False
nominal,original_mpc,300,1500.0,3.9195243081296867,1.433760456004407e-05,0.48376734380004616,3.9173647582658035,33.49999993370635,True
nominal,recovery_mpc,300,1500.0,3.9195243081296867,1.433760456004407e-05,0.48376734380004616,3.9173647582658035,33.49999993370635,True
nominal,original_mpc,301,1505.0,3.9195243081296867,0.0,0.4848561005523044,3.9182892047553453,33.49999999357125,False
nominal,recovery_mpc,301,1505.0,3.9195243081296867,0.0,0.4848561005523044,3.9182892047553453,33.49999999357125,False
nominal,original_mpc,302,1510.0,3.9195243081296867,0.0,0.4859448573045626,3.919214791208846,33.50000000000729,False
nominal,recovery_mpc,302,1510.0,3.9195243081296867,0.0,0.4859448573045626,3.919214791208846,33.50000000000729,False
nominal,original_mpc,303,1515.0,3.9195243081296867,0.0,0.48703361405682083,3.9201415479169106,33.49999995309635,False
nominal,recovery_mpc,303,1515.0,3.9195243081296867,0.0,0.48703361405682083,3.9201415479169106,33.49999995309635,False
nominal,original_mpc,304,1520.0,3.9195243081296867,0.0,0.48812237080907905,3.9210695046272206,33.49999985343012,False
nominal,recovery_mpc,304,1520.0,3.9195243081296867,0.0,0.48812237080907905,3.9210695046272206,33.49999985343012,False
nominal,original_mpc,305,1525.0,3.9195360531981938,1.1745068507096335e-05,0.4892111308238563,3.9219989770517922,33.49999994572323,True
nominal,recovery_mpc,305,1525.0,3.9195360531981938,1.1745068507096335e-05,0.4892111308238563,3.9219989770517922,33.49999994572323,True
nominal,original_mpc,306,1530.0,3.9195360531981938,0.0,0.49029989083863357,3.922929450239288,33.499999994750425,False
nominal,recovery_mpc,306,1530.0,3.9195360531981938,0.0,0.49029989083863357,3.922929450239288,33.499999994750425,False
nominal,original_mpc,307,1535.0,3.9195360531981938,0.0,0.4913886508534108,3.9238612053733153,33.49999999999979,False
nominal,recovery_mpc,307,1535.0,3.9195360531981938,0.0,0.4913886508534108,3.9238612053733153,33.49999999999979,False
nominal,original_mpc,308,1540.0,3.9195360531981938,0.0,0.4924774108681881,3.9247942723900096,33.49999996153864,False
nominal,recovery_mpc,308,1540.0,3.9195360531981938,0.0,0.4924774108681881,3.9247942723900096,33.49999996153864,False
nominal,original_mpc,309,1545.0,3.9195360531981938,0.0,0.49356617088296534,3.9257286807807135,33.49999987985194,False
nominal,recovery_mpc,309,1545.0,3.9195360531981938,0.0,0.49356617088296534,3.9257286807807135,33.49999987985194,False
nominal,original_mpc,310,1550.0,3.9195456786770073,9.625478813557464e-06,0.4946549335714867,3.9266646944105608,33.49999995549136,True
nominal,recovery_mpc,310,1550.0,3.9195456786770073,9.625478813557464e-06,0.4946549335714867,3.9266646944105608,33.49999995549136,True
nominal,original_mpc,311,1555.0,3.9195456786770073,0.0,0.4957436962600081,3.9276018963563337,33.499999995681954,False
nominal,recovery_mpc,311,1555.0,3.9195456786770073,0.0,0.4957436962600081,3.9276018963563337,33.499999995681954,False
nominal,original_mpc,312,1560.0,3.9195456786770073,0.0,0.49683245894852945,3.928540522169839,33.50000000000402,False
nominal,recovery_mpc,312,1560.0,3.9195456786770073,0.0,0.49683245894852945,3.928540522169839,33.50000000000402,False
nominal,original_mpc,313,1565.0,3.9195456786770073,0.0,0.4979212216370508,3.9294806014971697,33.499999968512505,False
nominal,recovery_mpc,313,1565.0,3.9195456786770073,0.0,0.4979212216370508,3.9294806014971697,33.499999968512505,False
nominal,original_mpc,314,1570.0,3.9195456786770073,0.0,0.4990099843255722,3.930422163619937,33.49999990160459,False
nominal,recovery_mpc,314,1570.0,3.9195456786770073,0.0,0.4990099843255722,3.930422163619937,33.49999990160459,False
nominal,original_mpc,315,1575.0,3.9195535635010863,7.884824078985275e-06,0.5000987492043225,3.9313654215655607,33.49999996356447,True
nominal,recovery_mpc,315,1575.0,3.9195535635010863,7.884824078985275e-06,0.5000987492043225,3.9313654215655607,33.49999996356447,True
nominal,original_mpc,316,1580.0,3.9195535635010863,0.0,0.5011875140830728,3.932308871413878,33.49999999647851,False
nominal,recovery_mpc,316,1580.0,3.9195535635010863,0.0,0.5011875140830728,3.932308871413878,33.49999999647851,False
nominal,original_mpc,317,1585.0,3.9195535635010863,0.0,0.5022762789618231,3.9332518901436493,33.500000000003034,False
nominal,recovery_mpc,317,1585.0,3.9195535635010863,0.0,0.5022762789618231,3.9332518901436493,33.500000000003034,False
nominal,original_mpc,318,1590.0,3.9195535635010863,0.0,0.5033650438405735,3.9341945176208646,33.49999997418325,False
nominal,recovery_mpc,318,1590.0,3.9195535635010863,0.0,0.5033650438405735,3.9341945176208646,33.49999997418325,False
nominal,original_mpc,319,1595.0,3.9195535635010863,0.0,0.5044538087193238,3.935136793412906,33.49999991934471,False
nominal,recovery_mpc,319,1595.0,3.9195535635010863,0.0,0.5044538087193238,3.935136793412906,33.49999991934471,False
nominal,original_mpc,320,1600.0,3.919560025272086,6.46177099961065e-06,0.5055425753930105,3.936078914435566,33.49999997012149,True
nominal,recovery_mpc,320,1600.0,3.919560025272086,6.46177099961065e-06,0.5055425753930105,3.936078914435566,33.49999997012149,True
nominal,original_mpc,321,1605.0,3.919560025272086,0.0,0.5066313420666972,3.937020620555223,33.49999999710025,False
nominal,recovery_mpc,321,1605.0,3.919560025272086,0.0,0.5066313420666972,3.937020620555223,33.49999999710025,False
nominal,original_mpc,322,1610.0,3.919560025272086,0.0,0.507720108740384,3.937962089671696,33.49999999999923,False
nominal,recovery_mpc,322,1610.0,3.919560025272086,0.0,0.507720108740384,3.937962089671696,33.49999999999923,False
nominal,original_mpc,323,1615.0,3.919560025272086,0.0,0.5088088754140707,3.9389033614562954,33.49999997885534,False
nominal,recovery_mpc,323,1615.0,3.919560025272086,0.0,0.5088088754140707,3.9389033614562954,33.49999997885534,False
nominal,original_mpc,324,1620.0,3.919560025272086,0.0,0.5098976420877575,3.9398444753356454,33.49999993393525,False
nominal,recovery_mpc,324,1620.0,3.919560025272086,0.0,0.5098976420877575,3.9398444753356454,33.49999993393525,False
nominal,original_mpc,325,1625.0,3.9195653187950867,5.293523000826639e-06,0.5109864102318672,3.9407855996359076,33.499999975531956,True
nominal,recovery_mpc,325,1625.0,3.9195653187950867,5.293523000826639e-06,0.5109864102318672,3.9407855996359076,33.499999975531956,True
nominal,original_mpc,326,1630.0,3.9195653187950867,0.0,0.5120751783759769,3.9417265282684077,33.49999999762937,False
nominal,recovery_mpc,326,1630.0,3.9195653187950867,0.0,0.5120751783759769,3.9417265282684077,33.49999999762937,False
nominal,original_mpc,327,1635.0,3.9195653187950867,0.0,0.5131639465200867,3.94266741398244,33.49999999999673,False
nominal,recovery_mpc,327,1635.0,3.9195653187950867,0.0,0.5131639465200867,3.94266741398244,33.49999999999673,False
nominal,original_mpc,328,1640.0,3.9195653187950867,0.0,0.5142527146641964,3.9436082962896206,33.49999998266436,False
nominal,recovery_mpc,328,1640.0,3.9195653187950867,0.0,0.5142527146641964,3.9436082962896206,33.49999998266436,False
nominal,original_mpc,329,1645.0,3.9195653187950867,0.0,0.5153414828083062,3.9445492145011007,33.499999945850824,False
nominal,recovery_mpc,329,1645.0,3.9195653187950867,0.0,0.5153414828083062,3.9445492145011007,33.499999945850824,False
nominal,original_mpc,330,1650.0,3.9195696567673664,4.33797227961108e-06,0.5164302521574082,3.9454903135596293,33.49999997993972,True
nominal,recovery_mpc,330,1650.0,3.9195696567673664,4.33797227961108e-06,0.5164302521574082,3.9454903135596293,33.49999997993972,True
nominal,original_mpc,331,1655.0,3.9195696567673664,0.0,0.5175190215065103,3.9464314315802222,33.499999998052274,False
nominal,recovery_mpc,331,1655.0,3.9195696567673664,0.0,0.5175190215065103,3.9464314315802222,33.499999998052274,False
nominal,original_mpc,332,1660.0,3.9195696567673664,0.0,0.5186077908556124,3.9473727007405497,33.49999999999931,False
nominal,recovery_mpc,332,1660.0,3.9195696567673664,0.0,0.5186077908556124,3.9473727007405497,33.49999999999931,False
nominal,original_mpc,333,1665.0,3.9195696567673664,0.0,0.5196965602047144,3.9483141604215226,33.49999998580561,False
nominal,recovery_mpc,333,1665.0,3.9195696567673664,0.0,0.5196965602047144,3.9483141604215226,33.49999998580561,False
nominal,original_mpc,334,1670.0,3.9195696567673664,0.0,0.5207853295538165,3.9492558498397807,33.49999995565019,False
nominal,recovery_mpc,334,1670.0,3.9195696567673664,0.0,0.5207853295538165,3.9492558498397807,33.49999995565019,False
nominal,original_mpc,335,1675.0,3.919573210439126,3.5536717595263667e-06,0.5218740998900496,3.950197894746408,33.49999998357539,True
nominal,recovery_mpc,335,1675.0,3.919573210439126,3.5536717595263667e-06,0.5218740998900496,3.950197894746408,33.49999998357539,True
nominal,original_mpc,336,1680.0,3.919573210439126,0.0,0.5229628702262827,3.9511401695372848,33.49999999841009,False
nominal,recovery_mpc,336,1680.0,3.919573210439126,0.0,0.5229628702262827,3.9511401695372848,33.49999999841009,False
nominal,original_mpc,337,1685.0,3.919573210439126,0.0,0.5240516405625159,3.952082789505334,33.499999999999375,False
nominal,recovery_mpc,337,1685.0,3.919573210439126,0.0,0.5240516405625159,3.952082789505334,33.499999999999375,False
nominal,original_mpc,338,1690.0,3.919573210439126,0.0,0.525140410898749,3.9530257939242515,33.499999988363605,False
nominal,recovery_mpc,338,1690.0,3.919573210439126,0.0,0.525140410898749,3.9530257939242515,33.499999988363605,False
nominal,original_mpc,339,1695.0,3.919573210439126,0.0,0.5262291812349821,3.9539692219331517,33.499999963649486,False
nominal,recovery_mpc,339,1695.0,3.919573210439126,0.0,0.5262291812349821,3.9539692219331517,33.499999963649486,False
nominal,original_mpc,340,1700.0,3.9195761226559243,2.9122167983786085e-06,0.5273179523801643,3.9549131835872373,33.49999998653436,True
nominal,recovery_mpc,340,1700.0,3.9195761226559243,2.9122167983786085e-06,0.5273179523801643,3.9549131835872373,33.49999998653436,True
nominal,original_mpc,341,1705.0,3.9195761226559243,0.0,0.5284067235253466,3.9558575829546463,33.4999999986938,False
nominal,recovery_mpc,341,1705.0,3.9195761226559243,0.0,0.5284067235253466,3.9558575829546463,33.4999999986938,False
nominal,original_mpc,342,1710.0,3.9195761226559243,0.0,0.5294954946705288,3.956802521518706,33.50000000000084,False
nominal,recovery_mpc,342,1710.0,3.9195761226559243,0.0,0.5294954946705288,3.956802521518706,33.50000000000084,False
nominal,original_mpc,343,1715.0,3.9195761226559243,0.0,0.530584265815711,3.9577480384653643,33.499999990472084,False
nominal,recovery_mpc,343,1715.0,3.9195761226559243,0.0,0.530584265815711,3.9577480384653643,33.499999990472084,False
nominal,original_mpc,344,1720.0,3.9195761226559243,0.0,0.5316730369608933,3.9586941728702927,33.49999997022773,False
nominal,recovery_mpc,344,1720.0,3.9195761226559243,0.0,0.5316730369608933,3.9586941728702927,33.49999997022773,False
nominal,original_mpc,345,1725.0,3.9195785083507357,2.385694811479766e-06,0.5327618087687686,3.9596410219055795,33.49999998897477,True
nominal,recovery_mpc,345,1725.0,3.9195785083507357,2.385694811479766e-06,0.5327618087687686,3.9596410219055795,33.49999998897477,True
nominal,original_mpc,346,1730.0,3.9195785083507357,0.0,0.5338505805766438,3.9605885139948134,33.499999998933745,False
nominal,recovery_mpc,346,1730.0,3.9195785083507357,0.0,0.5338505805766438,3.9605885139948134,33.499999998933745,False
nominal,original_mpc,347,1735.0,3.9195785083507357,0.0,0.5349393523845191,3.9615367392861343,33.500000000000675,False
nominal,recovery_mpc,347,1735.0,3.9195785083507357,0.0,0.5349393523845191,3.9615367392861343,33.500000000000675,False
nominal,original_mpc,348,1740.0,3.9195785083507357,0.0,0.5360281241923943,3.962485736893516,33.4999999921892,False
nominal,recovery_mpc,348,1740.0,3.9195785083507357,0.0,0.5360281241923943,3.962485736893516,33.4999999921892,False
nominal,original_mpc,349,1745.0,3.9195785083507357,0.0,0.5371168960002696,3.9634355458405857,33.49999997559784,False
nominal,recovery_mpc,349,1745.0,3.9195785083507357,0.0,0.5371168960002696,3.9634355458405857,33.49999997559784,False
nominal,original_mpc,350,1750.0,3.9195804633815516,1.9550308159033136e-06,0.5382056683512089,3.964386252761855,33.499999990960504,True
nominal,recovery_mpc,350,1750.0,3.9195804633815516,1.9550308159033136e-06,0.5382056683512089,3.964386252761855,33.499999990960504,True
nominal,original_mpc,351,1755.0,3.9195804633815516,0.0,0.5392944407021482,3.965337806001956,33.499999999122835,False
nominal,recovery_mpc,351,1755.0,3.9195804633815516,0.0,0.5392944407021482,3.965337806001956,33.499999999122835,False
nominal,original_mpc,352,1760.0,3.9195804633815516,0.0,0.5403832130530875,3.9662902864374585,33.499999999999595,False
nominal,recovery_mpc,352,1760.0,3.9195804633815516,0.0,0.5403832130530875,3.9662902864374585,33.499999999999595,False
nominal,original_mpc,353,1765.0,3.9195804633815516,0.0,0.5414719854040267,3.967243733123425,33.499999993601946,False
nominal,recovery_mpc,353,1765.0,3.9195804633815516,0.0,0.5414719854040267,3.967243733123425,33.499999993601946,False
nominal,original_mpc,354,1770.0,3.9195804633815516,0.0,0.542560757754966,3.968198185040888,33.49999998001058,False
nominal,recovery_mpc,354,1770.0,3.9195804633815516,0.0,0.542560757754966,3.968198185040888,33.49999998001058,False
nominal,original_mpc,355,1775.0,3.9195820650308506,1.6016492989656683e-06,0.5436495305508079,3.969153720177862,33.49999999259654,True
nominal,recovery_mpc,355,1775.0,3.9195820650308506,1.6016492989656683e-06,0.5436495305508079,3.969153720177862,33.49999999259654,True
nominal,original_mpc,356,1780.0,3.9195820650308506,0.0,0.5447383033466497,3.970110303225185,33.49999999928285,False
nominal,recovery_mpc,356,1780.0,3.9195820650308506,0.0,0.5447383033466497,3.970110303225185,33.49999999928285,False
nominal,original_mpc,357,1785.0,3.9195820650308506,0.0,0.5458270761424916,3.9710680074516764,33.499999999999666,False
nominal,recovery_mpc,357,1785.0,3.9195820650308506,0.0,0.5458270761424916,3.9710680074516764,33.499999999999666,False
nominal,original_mpc,358,1790.0,3.9195820650308506,0.0,0.5469158489383334,3.9720268718640903,33.499999994756166,False
nominal,recovery_mpc,358,1790.0,3.9195820650308506,0.0,0.5469158489383334,3.9720268718640903,33.499999994756166,False
nominal,original_mpc,359,1795.0,3.9195820650308506,0.0,0.5480046217341753,3.972986935408525,33.49999998361847,False
nominal,recovery_mpc,359,1795.0,3.9195820650308506,0.0,0.5480046217341753,3.972986935408525,33.49999998361847,False
nominal,original_mpc,360,1800.0,3.9195833774685136,1.3124376629924939e-06,0.5490933948945832,3.9739482689965104,33.49999999393177,True
nominal,recovery_mpc,360,1800.0,3.9195833774685136,1.3124376629924939e-06,0.5490933948945832,3.9739482689965104,33.49999999393177,True
nominal,original_mpc,361,1805.0,3.9195833774685136,0.0,0.5501821680549911,3.9749108506967863,33.499999999411266,False
nominal,recovery_mpc,361,1805.0,3.9195833774685136,0.0,0.5501821680549911,3.9749108506967863,33.499999999411266,False
nominal,original_mpc,362,1810.0,3.9195833774685136,0.0,0.551270941215399,3.975874747551871,33.499999999999716,False
nominal,recovery_mpc,362,1810.0,3.9195833774685136,0.0,0.551270941215399,3.975874747551871,33.499999999999716,False
nominal,original_mpc,363,1815.0,3.9195833774685136,0.0,0.5523597143758069,3.976839998528962,33.49999999570463,False
nominal,recovery_mpc,363,1815.0,3.9195833774685136,0.0,0.5523597143758069,3.976839998528962,33.49999999570463,False
nominal,original_mpc,364,1820.0,3.9195833774685136,0.0,0.5534484875362148,3.9778066425455574,33.49999998658017,False
nominal,recovery_mpc,364,1820.0,3.9195833774685136,0.0,0.5534484875362148,3.9778066425455574,33.49999998658017,False
nominal,original_mpc,365,1825.0,3.919584452725389,1.0752568755378888e-06,0.5545372609953052,3.978774744709742,33.499999995029775,True
nominal,recovery_mpc,365,1825.0,3.919584452725389,1.0752568755378888e-06,0.5545372609953052,3.978774744709742,33.499999995029775,True
nominal,original_mpc,366,1830.0,3.919584452725389,0.0,0.5556260344543956,3.9797442940614864,33.499999999518764,False
nominal,recovery_mpc,366,1830.0,3.919584452725389,0.0,0.5556260344543956,3.9797442940614864,33.499999999518764,False
nominal,original_mpc,367,1835.0,3.919584452725389,0.0,0.556714807913486,3.9807153525371763,33.50000000000027,False
nominal,recovery_mpc,367,1835.0,3.919584452725389,0.0,0.556714807913486,3.9807153525371763,33.50000000000027,False
nominal,original_mpc,368,1840.0,3.919584452725389,0.0,0.5578035813725765,3.9816879590715795,33.49999999648043,False
nominal,recovery_mpc,368,1840.0,3.919584452725389,0.0,0.5578035813725765,3.9816879590715795,33.49999999648043,False
nominal,original_mpc,369,1845.0,3.919584452725389,0.0,0.5588923548316669,3.982662152558746,33.499999989003655,False
nominal,recovery_mpc,369,1845.0,3.919584452725389,0.0,0.5588923548316669,3.982662152558746,33.499999989003655,False
nominal,original_mpc,370,1850.0,3.919585333774108,8.81048718870403e-07,0.559981128535493,3.983637993354649,33.49999999592694,True
nominal,recovery_mpc,370,1850.0,3.919585333774108,8.81048718870403e-07,0.559981128535493,3.983637993354649,33.49999999592694,True
nominal,original_mpc,371,1855.0,3.919585333774108,0.0,0.5610699022393191,3.9846154794828004,33.49999999960512,False
nominal,recovery_mpc,371,1855.0,3.919585333774108,0.0,0.5610699022393191,3.9846154794828004,33.49999999960512,False
nominal,original_mpc,372,1860.0,3.919585333774108,0.0,0.5621586759431452,3.985594668698573,33.4999999999998,False
nominal,recovery_mpc,372,1860.0,3.919585333774108,0.0,0.5621586759431452,3.985594668698573,33.4999999999998,False
nominal,original_mpc,373,1865.0,3.919585333774108,0.0,0.5632474496469713,3.9865755999101764,33.499999997116,False
nominal,recovery_mpc,373,1865.0,3.919585333774108,0.0,0.5632474496469713,3.9865755999101764,33.499999997116,False
nominal,original_mpc,374,1870.0,3.919585333774108,0.0,0.5643362233507974,3.9875583119924545,33.499999990990084,False
nominal,recovery_mpc,374,1870.0,3.919585333774108,0.0,0.5643362233507974,3.9875583119924545,33.499999990990084,False
nominal,original_mpc,375,1875.0,3.919585333774108,0.0,0.5654249970546235,3.988542843795383,33.49999998168076,True
nominal,recovery_mpc,375,1875.0,3.919585333774108,0.0,0.5654249970546235,3.988542843795383,33.49999998168076,True
nominal,original_mpc,376,1880.0,3.919585333774108,0.0,0.5665137707584496,3.989529234150427,33.49999996926239,False
nominal,recovery_mpc,376,1880.0,3.919585333774108,0.0,0.5665137707584496,3.989529234150427,33.49999996926239,False
nominal,original_mpc,377,1885.0,3.919585333774108,0.0,0.5676025444622756,3.9905175218752884,33.499999953820016,False
nominal,recovery_mpc,377,1885.0,3.919585333774108,0.0,0.5676025444622756,3.9905175218752884,33.499999953820016,False
nominal,original_mpc,378,1890.0,3.919585333774108,0.0,0.5686913181661017,3.991507745777461,33.49999993544567,False
nominal,recovery_mpc,378,1890.0,3.919585333774108,0.0,0.5686913181661017,3.991507745777461,33.49999993544567,False
nominal,original_mpc,379,1895.0,3.919585333774108,0.0,0.5697800918699278,3.992499944656885,33.49999991423566,False
nominal,recovery_mpc,379,1895.0,3.919585333774108,0.0,0.5697800918699278,3.992499944656885,33.49999991423566,False
nominal,original_mpc,380,1900.0,3.9195874034204965,2.0696463884917193e-06,0.5708688661486557,3.9934942078046354,33.4999999332422,True
nominal,recovery_mpc,380,1900.0,3.9195874034204965,2.0696463884917193e-06,0.5708688661486557,3.9934942078046354,33.4999999332422,True
nominal,original_mpc,381,1905.0,3.9195874034204965,0.0,0.5719576404273836,3.9944904781181525,33.499999950901696,False
nominal,recovery_mpc,381,1905.0,3.9195874034204965,0.0,0.5719576404273836,3.9944904781181525,33.499999950901696,False
nominal,original_mpc,382,1910.0,3.9195874034204965,0.0,0.5730464147061115,3.9954888388551635,33.499999966979175,False
nominal,recovery_mpc,382,1910.0,3.9195874034204965,0.0,0.5730464147061115,3.9954888388551635,33.499999966979175,False
nominal,original_mpc,383,1915.0,3.9195874034204965,0.0,0.5741351889848394,3.996489329027172,33.49999998132064,False
nominal,recovery_mpc,383,1915.0,3.9195874034204965,0.0,0.5741351889848394,3.996489329027172,33.49999998132064,False
nominal,original_mpc,384,1920.0,3.9195874034204965,0.0,0.5752239632635673,3.9974919875874204,33.499999993831835,False
nominal,recovery_mpc,384,1920.0,3.9195874034204965,0.0,0.5752239632635673,3.9974919875874204,33.499999993831835,False
nominal,original_mpc,385,1925.0,3.919587090246345,3.131741515005615e-07,0.5763127374553024,3.9984968458037184,33.49999999796285,True
nominal,recovery_mpc,385,1925.0,3.919587090246345,3.131741515005615e-07,0.5763127374553024,3.9984968458037184,33.49999999796285,True
nominal,original_mpc,386,1930.0,3.919587090246345,0.0,0.5774015116470376,3.999503957064373,33.50000000000002,False
nominal,recovery_mpc,386,1930.0,3.919587090246345,0.0,0.5774015116470376,3.999503957064373,33.50000000000002,False
nominal,original_mpc,387,1935.0,3.919587090246345,0.0,0.5784902858387727,4.0005133534931465,33.49999999999936,False
nominal,recovery_mpc,387,1935.0,3.919587090246345,0.0,0.5784902858387727,4.0005133534931465,33.49999999999936,False
nominal,original_mpc,388,1940.0,3.919587090246345,0.0,0.5795790600305079,4.001525073890608,33.49999999802139,False
nominal,recovery_mpc,388,1940.0,3.919587090246345,0.0,0.5795790600305079,4.001525073890608,33.49999999802139,False
nominal,original_mpc,389,1945.0,3.919587090246345,0.0,0.580667834222243,4.002539157052413,33.499999994129396,False
nominal,recovery_mpc,389,1945.0,3.919587090246345,0.0,0.580667834222243,4.002539157052413,33.499999994129396,False
nominal,original_mpc,390,1950.0,3.919587090246345,0.0,0.5817566084139781,4.003555641770601,33.499999988388126,True
nominal,recovery_mpc,390,1950.0,3.919587090246345,0.0,0.5817566084139781,4.003555641770601,33.499999988388126,True
nominal,original_mpc,391,1955.0,3.919587090246345,0.0,0.5828453826057133,4.004574566834552,33.49999998086284,False
nominal,recovery_mpc,391,1955.0,3.919587090246345,0.0,0.5828453826057133,4.004574566834552,33.49999998086284,False
nominal,original_mpc,392,1960.0,3.919587090246345,0.0,0.5839341567974484,4.005595971031709,33.49999997161859,False
nominal,recovery_mpc,392,1960.0,3.919587090246345,0.0,0.5839341567974484,4.005595971031709,33.49999997161859,False
nominal,original_mpc,393,1965.0,3.919587090246345,0.0,0.5850229309891836,4.006619893148116,33.49999996071976,False
nominal,recovery_mpc,393,1965.0,3.919587090246345,0.0,0.5850229309891836,4.006619893148116,33.49999996071976,False
nominal,original_mpc,394,1970.0,3.919587090246345,0.0,0.5861117051809187,4.00764637196882,33.499999948229664,False
nominal,recovery_mpc,394,1970.0,3.919587090246345,0.0,0.5861117051809187,4.00764637196882,33.499999948229664,False
nominal,original_mpc,395,1975.0,3.919587090246345,0.0,0.5872004793726538,4.008675446278158,33.49999993421031,True
nominal,recovery_mpc,395,1975.0,3.919587090246345,0.0,0.5872004793726538,4.008675446278158,33.49999993421031,True
nominal,original_mpc,396,1980.0,3.919587090246345,0.0,0.588289253564389,4.009707154859993,33.49999991872224,False
nominal,recovery_mpc,396,1980.0,3.919587090246345,0.0,0.588289253564389,4.009707154859993,33.49999991872224,False
nominal,original_mpc,397,1985.0,3.919587090246345,0.0,0.5893780277561241,4.010741536497867,33.49999990182441,False
nominal,recovery_mpc,397,1985.0,3.919587090246345,0.0,0.5893780277561241,4.010741536497867,33.49999990182441,False
nominal,original_mpc,398,1990.0,3.919587090246345,0.0,0.5904668019478593,4.011778629975128,33.499999883574134,False
nominal,recovery_mpc,398,1990.0,3.919587090246345,0.0,0.5904668019478593,4.011778629975128,33.499999883574134,False
nominal,original_mpc,399,1995.0,3.919587090246345,0.0,0.5915555761395944,4.012818474075018,33.49999986402703,False
nominal,recovery_mpc,399,1995.0,3.919587090246345,0.0,0.5915555761395944,4.012818474075018,33.49999986402703,False
nominal,original_mpc,400,2000.0,3.9195893699848963,2.2797385512696167e-06,0.5926443509645902,4.0138611632318,33.49999989055094,True
nominal,recovery_mpc,400,2000.0,3.9195893699848963,2.2797385512696167e-06,0.5926443509645902,4.0138611632318,33.49999989055094,True
nominal,original_mpc,401,2005.0,3.9195893699848963,0.0,0.593733125789586,4.014906630574165,33.49999991730587,False
nominal,recovery_mpc,401,2005.0,3.9195893699848963,0.0,0.593733125789586,4.014906630574165,33.49999991730587,False
nominal,original_mpc,402,2010.0,3.9195893699848963,0.0,0.5948219006145818,4.015954963870027,33.499999943974444,False
nominal,recovery_mpc,402,2010.0,3.9195893699848963,0.0,0.5948219006145818,4.015954963870027,33.499999943974444,False
nominal,original_mpc,403,2015.0,3.9195893699848963,0.0,0.5959106754395777,4.017006202152032,33.49999997032795,False
nominal,recovery_mpc,403,2015.0,3.9195893699848963,0.0,0.5959106754395777,4.017006202152032,33.49999997032795,False
nominal,original_mpc,404,2020.0,3.9195893699848963,0.0,0.5969994502645735,4.018060384390432,33.499999996203634,False
nominal,recovery_mpc,404,2020.0,3.9195893699848963,0.0,0.5969994502645735,4.018060384390432,33.499999996203634,False
nominal,original_mpc,405,2025.0,3.9195882756966083,1.0942882879838578e-06,0.5980882247856003,4.019117522791881,33.49999999877688,True
nominal,recovery_mpc,405,2025.0,3.9195882756966083,1.0942882879838578e-06,0.5980882247856003,4.019117522791881,33.49999999877688,True
nominal,original_mpc,406,2030.0,3.9195882756966083,0.0,0.5991769993066272,4.020177706963856,33.499999999999034,False
nominal,recovery_mpc,406,2030.0,3.9195882756966083,0.0,0.5991769993066272,4.020177706963856,33.499999999999034,False
nominal,original_mpc,407,2035.0,3.9195882756966083,0.0,0.600265773827654,4.021241044930227,33.49999999999655,False
nominal,recovery_mpc,407,2035.0,3.9195882756966083,0.0,0.600265773827654,4.021241044930227,33.49999999999655,False
nominal,original_mpc,408,2040.0,3.9195882756966083,0.0,0.6013545483486809,4.022309661468293,33.499999998872475,False
nominal,recovery_mpc,408,2040.0,3.9195882756966083,0.0,0.6013545483486809,4.022309661468293,33.499999998872475,False
nominal,original_mpc,409,2045.0,3.9195882756966083,0.0,0.6024433228697077,4.023384332507496,33.49999999671217,False
nominal,recovery_mpc,409,2045.0,3.9195882756966083,0.0,0.6024433228697077,4.023384332507496,33.49999999671217,False
nominal,original_mpc,410,2050.0,3.9195882756966083,0.0,0.6035320973907345,4.024464929387996,33.49999999358741,True
nominal,recovery_mpc,410,2050.0,3.9195882756966083,0.0,0.6035320973907345,4.024464929387996,33.49999999358741,True
nominal,original_mpc,411,2055.0,3.9195882756966083,0.0,0.6046208719117614,4.025551323458626,33.49999998955957,False
nominal,recovery_mpc,411,2055.0,3.9195882756966083,0.0,0.6046208719117614,4.025551323458626,33.49999998955957,False
nominal,original_mpc,412,2060.0,3.9195882756966083,0.0,0.6057096464327882,4.026643386074738,33.49999998468199,False
nominal,recovery_mpc,412,2060.0,3.9195882756966083,0.0,0.6057096464327882,4.026643386074738,33.49999998468199,False
nominal,original_mpc,413,2065.0,3.9195882756966083,0.0,0.6067984209538151,4.027740988596582,33.49999997900174,False
nominal,recovery_mpc,413,2065.0,3.9195882756966083,0.0,0.6067984209538151,4.027740988596582,33.49999997900174,False
nominal,original_mpc,414,2070.0,3.9195882756966083,0.0,0.6078871954748419,4.0288440023880945,33.49999997256095,False
nominal,recovery_mpc,414,2070.0,3.9195882756966083,0.0,0.6078871954748419,4.0288440023880945,33.49999997256095,False
nominal,original_mpc,415,2075.0,3.9195882756966083,0.0,0.6089759699958688,4.02995229881599,33.4999999653978,True
nominal,recovery_mpc,415,2075.0,3.9195882756966083,0.0,0.6089759699958688,4.02995229881599,33.4999999653978,True
nominal,original_mpc,416,2080.0,3.9195882756966083,0.0,0.6100647445168956,4.031065749249088,33.49999995754733,False
nominal,recovery_mpc,416,2080.0,3.9195882756966083,0.0,0.6100647445168956,4.031065749249088,33.49999995754733,False
nominal,original_mpc,417,2085.0,3.9195882756966083,0.0,0.6111535190379225,4.032184225057795,33.499999949041985,False
nominal,recovery_mpc,417,2085.0,3.9195882756966083,0.0,0.6111535190379225,4.032184225057795,33.499999949041985,False
nominal,original_mpc,418,2090.0,3.9195882756966083,0.0,0.6122422935589493,4.03330759761373,33.49999993991205,False
nominal,recovery_mpc,418,2090.0,3.9195882756966083,0.0,0.6122422935589493,4.03330759761373,33.49999993991205,False
nominal,original_mpc,419,2095.0,3.9195882756966083,0.0,0.6133310680799762,4.034435738289435,33.499999930186,False
nominal,recovery_mpc,419,2095.0,3.9195882756966083,0.0,0.6133310680799762,4.034435738289435,33.499999930186,False
nominal,original_mpc,420,2100.0,3.9195882756966083,0.0,0.614419842601003,4.035568518458163,33.499999919890755,True
nominal,recovery_mpc,420,2100.0,3.9195882756966083,0.0,0.614419842601003,4.035568518458163,33.499999919890755,True
nominal,original_mpc,421,2105.0,3.9195882756966083,0.0,0.6155086171220299,4.036705809493711,33.49999990905186,False
nominal,recovery_mpc,421,2105.0,3.9195882756966083,0.0,0.6155086171220299,4.036705809493711,33.49999990905186,False
nominal,original_mpc,422,2110.0,3.9195882756966083,0.0,0.6165973916430567,4.037847482770304,33.49999989769369,False
nominal,recovery_mpc,422,2110.0,3.9195882756966083,0.0,0.6165973916430567,4.037847482770304,33.49999989769369,False
nominal,original_mpc,423,2115.0,3.9195882756966083,0.0,0.6176861661640836,4.038993409662504,33.49999988583951,False
nominal,recovery_mpc,423,2115.0,3.9195882756966083,0.0,0.6176861661640836,4.038993409662504,33.49999988583951,False
nominal,original_mpc,424,2120.0,3.9195882756966083,0.0,0.6187749406851104,4.0401434615451395,33.499999873511626,False
nominal,recovery_mpc,424,2120.0,3.9195882756966083,0.0,0.6187749406851104,4.0401434615451395,33.499999873511626,False
nominal,original_mpc,425,2125.0,3.9195882756966083,0.0,0.6198637152061373,4.04129750979325,33.499999860731435,True
nominal,recovery_mpc,425,2125.0,3.9195882756966083,0.0,0.6198637152061373,4.04129750979325,33.499999860731435,True
nominal,original_mpc,426,2130.0,3.9195882756966083,0.0,0.6209524897271641,4.0424554257820535,33.49999984751949,False
nominal,recovery_mpc,426,2130.0,3.9195882756966083,0.0,0.6209524897271641,4.0424554257820535,33.49999984751949,False
nominal,original_mpc,427,2135.0,3.9195882756966083,0.0,0.622041264248191,4.0436170808869125,33.499999833895565,False
nominal,recovery_mpc,427,2135.0,3.9195882756966083,0.0,0.622041264248191,4.0436170808869125,33.499999833895565,False
nominal,original_mpc,428,2140.0,3.9195882756966083,0.0,0.6231300387692178,4.044782346483308,33.499999819878695,False
nominal,recovery_mpc,428,2140.0,3.9195882756966083,0.0,0.6231300387692178,4.044782346483308,33.499999819878695,False
nominal,original_mpc,429,2145.0,3.9195882756966083,0.0,0.6242188132902446,4.045951093946834,33.499999805487214,False
nominal,recovery_mpc,429,2145.0,3.9195882756966083,0.0,0.6242188132902446,4.045951093946834,33.499999805487214,False
nominal,original_mpc,430,2150.0,3.9195882756966083,0.0,0.6253075878112715,4.0471231946531665,33.499999790738784,True
nominal,recovery_mpc,430,2150.0,3.9195882756966083,0.0,0.6253075878112715,4.0471231946531665,33.499999790738784,True
nominal,original_mpc,431,2155.0,3.9195882756966083,0.0,0.6263963623322983,4.048298519978065,33.49999977565044,False
nominal,recovery_mpc,431,2155.0,3.9195882756966083,0.0,0.6263963623322983,4.048298519978065,33.49999977565044,False
nominal,original_mpc,432,2160.0,3.9195882756966083,0.0,0.6274851368533252,4.049476941297367,33.49999976023861,False
nominal,recovery_mpc,432,2160.0,3.9195882756966083,0.0,0.6274851368533252,4.049476941297367,33.49999976023861,False
nominal,original_mpc,433,2165.0,3.9195882756966083,0.0,0.628573911374352,4.050658329986964,33.49999974451913,False
nominal,recovery_mpc,433,2165.0,3.9195882756966083,0.0,0.628573911374352,4.050658329986964,33.49999974451913,False
nominal,original_mpc,434,2170.0,3.9195882756966083,0.0,0.6296626858953789,4.05184255742282,33.49999972850728,False
nominal,recovery_mpc,434,2170.0,3.9195882756966083,0.0,0.6296626858953789,4.05184255742282,33.49999972850728,False
nominal,original_mpc,435,2175.0,3.9195882756966083,0.0,0.6307514604164057,4.053029494980946,33.49999971221779,True
nominal,recovery_mpc,435,2175.0,3.9195882756966083,0.0,0.6307514604164057,4.053029494980946,33.49999971221779,True
nominal,original_mpc,436,2180.0,3.9195882756966083,0.0,0.6318402349374326,4.054219014037409,33.49999969566489,False
nominal,recovery_mpc,436,2180.0,3.9195882756966083,0.0,0.6318402349374326,4.054219014037409,33.49999969566489,False
nominal,original_mpc,437,2185.0,3.9195882756966083,0.0,0.6329290094584594,4.055410985968326,33.49999967886229,False
nominal,recovery_mpc,437,2185.0,3.9195882756966083,0.0,0.6329290094584594,4.055410985968326,33.49999967886229,False
nominal,original_mpc,438,2190.0,3.9195882756966083,0.0,0.6340177839794863,4.0566052821498575,33.49999966182322,False
nominal,recovery_mpc,438,2190.0,3.9195882756966083,0.0,0.6340177839794863,4.0566052821498575,33.49999966182322,False
nominal,original_mpc,439,2195.0,3.9195882756966083,0.0,0.6351065585005131,4.057801773958212,33.499999644560454,False
nominal,recovery_mpc,439,2195.0,3.9195882756966083,0.0,0.6351065585005131,4.057801773958212,33.499999644560454,False
nominal,original_mpc,440,2200.0,3.9195923300807674,4.054384159069002e-06,0.6361953341477578,4.059000431902711,33.49999971123139,True
nominal,recovery_mpc,440,2200.0,3.9195923300807674,4.054384159069002e-06,0.6361953341477578,4.059000431902711,33.49999971123139,True
nominal,original_mpc,441,2205.0,3.9195923300807674,0.0,0.6372841097950024,4.060200939296283,33.49999978023122,False
nominal,recovery_mpc,441,2205.0,3.9195923300807674,0.0,0.6372841097950024,4.060200939296283,33.49999978023122,False
nominal,original_mpc,442,2210.0,3.9195923300807674,0.0,0.638372885442247,4.061403254631146,33.49999985091703,False
nominal,recovery_mpc,442,2210.0,3.9195923300807674,0.0,0.638372885442247,4.061403254631146,33.49999985091703,False
nominal,original_mpc,443,2215.0,3.9195923300807674,0.0,0.6394616610894917,4.062607249726564,33.499999922806126,False
nominal,recovery_mpc,443,2215.0,3.9195923300807674,0.0,0.6394616610894917,4.062607249726564,33.499999922806126,False
nominal,original_mpc,444,2220.0,3.9195923300807674,0.0,0.6405504367367363,4.063812796290722,33.49999999553561,False
nominal,recovery_mpc,444,2220.0,3.9195923300807674,0.0,0.6405504367367363,4.063812796290722,33.49999999553561,False
nominal,original_mpc,445,2225.0,3.9195889480734194,3.3820073479517987e-06,0.6416392114445345,4.065019683248801,33.499999998641776,True
nominal,recovery_mpc,445,2225.0,3.9195889480734194,3.3820073479517987e-06,0.6416392114445345,4.065019683248801,33.499999998641776,True
nominal,original_mpc,446,2230.0,3.9195889480734194,0.0,0.6427279861523327,4.066227939046775,33.50000000000008,False
nominal,recovery_mpc,446,2230.0,3.9195889480734194,0.0,0.6427279861523327,4.066227939046775,33.50000000000008,False
nominal,original_mpc,447,2235.0,3.9195889480734194,0.0,0.643816760860131,4.067437362532289,33.50000000000075,False
nominal,recovery_mpc,447,2235.0,3.9195889480734194,0.0,0.643816760860131,4.067437362532289,33.50000000000075,False
nominal,original_mpc,448,2240.0,3.9195889480734194,0.0,0.6449055355679292,4.068647824817338,33.49999999893782,False
nominal,recovery_mpc,448,2240.0,3.9195889480734194,0.0,0.6449055355679292,4.068647824817338,33.49999999893782,False
nominal,original_mpc,449,2245.0,3.9195889480734194,0.0,0.6459943102757274,4.069859197080527,33.49999999703335,False
nominal,recovery_mpc,449,2245.0,3.9195889480734194,0.0,0.6459943102757274,4.069859197080527,33.49999999703335,False
nominal,original_mpc,450,2250.0,3.9195891313791846,1.8330576523339914e-07,0.6470830850344439,4.071071355032883,33.499999998259874,True
nominal,recovery_mpc,450,2250.0,3.9195891313791846,1.8330576523339914e-07,0.6470830850344439,4.071071355032883,33.499999998259874,True
nominal,original_mpc,451,2255.0,3.9195891313791846,0.0,0.6481718597931604,4.072284161436764,33.49999999905516,False
nominal,recovery_mpc,451,2255.0,3.9195891313791846,0.0,0.6481718597931604,4.072284161436764,33.49999999905516,False
nominal,original_mpc,452,2260.0,3.9195891313791846,0.0,0.6492606345518769,4.073497491524509,33.49999999948711,False
nominal,recovery_mpc,452,2260.0,3.9195891313791846,0.0,0.6492606345518769,4.073497491524509,33.49999999948711,False
nominal,original_mpc,453,2265.0,3.9195891313791846,0.0,0.6503494093105934,4.074711216630715,33.49999999960816,False
nominal,recovery_mpc,453,2265.0,3.9195891313791846,0.0,0.6503494093105934,4.074711216630715,33.49999999960816,False
nominal,original_mpc,454,2270.0,3.9195891313791846,0.0,0.6514381840693099,4.075925208100606,33.49999999945911,False
nominal,recovery_mpc,454,2270.0,3.9195891313791846,0.0,0.6514381840693099,4.075925208100606,33.49999999945911,False
nominal,original_mpc,455,2275.0,3.919589167640803,3.626161815262208e-08,0.652526958838099,4.077139338174114,33.49999999982457,True
nominal,recovery_mpc,455,2275.0,3.919589167640803,3.626161815262208e-08,0.652526958838099,4.077139338174114,33.49999999982457,True
nominal,original_mpc,456,2280.0,3.919589167640803,0.0,0.6536157336068881,4.078353476528196,33.5,False
nominal,recovery_mpc,456,2280.0,3.919589167640803,0.0,0.6536157336068881,4.078353476528196,33.5,False
nominal,original_mpc,457,2285.0,3.919589167640803,0.0,0.6547045083756772,4.07956749530559,33.49999999999999,False
nominal,recovery_mpc,457,2285.0,3.919589167640803,0.0,0.6547045083756772,4.07956749530559,33.49999999999999,False
nominal,original_mpc,458,2290.0,3.919589167640803,0.0,0.6557932831444663,4.080781265877185,33.49999999983677,False
nominal,recovery_mpc,458,2290.0,3.919589167640803,0.0,0.6557932831444663,4.080781265877185,33.49999999983677,False
nominal,original_mpc,459,2295.0,3.919589167640803,0.0,0.6568820579132554,4.081994659615385,33.49999999952076,False
nominal,recovery_mpc,459,2295.0,3.919589167640803,0.0,0.6568820579132554,4.081994659615385,33.49999999952076,False
nominal,original_mpc,460,2300.0,3.919589202679462,3.5038659085273594e-08,0.6579708326917775,4.083207548750571,33.4999999997882,True
nominal,recovery_mpc,460,2300.0,3.919589202679462,3.5038659085273594e-08,0.6579708326917775,4.083207548750571,33.4999999997882,True
nominal,original_mpc,461,2305.0,3.919589202679462,0.0,0.6590596074702996,4.084419803031692,33.4999999999417,False
nominal,recovery_mpc,461,2305.0,3.919589202679462,0.0,0.6590596074702996,4.084419803031692,33.4999999999417,False
nominal,original_mpc,462,2310.0,3.919589202679462,0.0,0.6601483822488217,4.085631294586656,33.49999999998269,False
nominal,recovery_mpc,462,2310.0,3.919589202679462,0.0,0.6601483822488217,4.085631294586656,33.49999999998269,False
nominal,original_mpc,463,2315.0,3.919589202679462,0.0,0.6612371570273438,4.086841894794801,33.499999999913335,False
nominal,recovery_mpc,463,2315.0,3.919589202679462,0.0,0.6612371570273438,4.086841894794801,33.499999999913335,False
nominal,original_mpc,464,2320.0,3.919589202679462,0.0,0.6623259318058659,4.088051475034878,33.49999999973629,False
nominal,recovery_mpc,464,2320.0,3.919589202679462,0.0,0.6623259318058659,4.088051475034878,33.49999999973629,False
nominal,original_mpc,465,2325.0,3.919589223336023,2.0656561350307356e-08,0.6634147065901259,4.089259907190309,33.49999999988324,True
nominal,recovery_mpc,465,2325.0,3.919589223336023,2.0656561350307356e-08,0.6634147065901259,4.089259907190309,33.49999999988324,True
nominal,original_mpc,466,2330.0,3.919589223336023,0.0,0.664503481374386,4.090467061680833,33.49999999994158,False
nominal,recovery_mpc,466,2330.0,3.919589223336023,0.0,0.664503481374386,4.090467061680833,33.49999999994158,False
nominal,original_mpc,467,2335.0,3.919589223336023,0.0,0.665592256158646,4.091672810328035,33.499999999911296,False
nominal,recovery_mpc,467,2335.0,3.919589223336023,0.0,0.665592256158646,4.091672810328035,33.499999999911296,False
nominal,original_mpc,468,2340.0,3.919589223336023,0.0,0.6666810309429061,4.092877024511726,33.499999999793275,False
nominal,recovery_mpc,468,2340.0,3.919589223336023,0.0,0.6666810309429061,4.092877024511726,33.499999999793275,False
nominal,original_mpc,469,2345.0,3.919589223336023,0.0,0.6677698057271662,4.094079575611024,33.49999999958903,False
nominal,recovery_mpc,469,2345.0,3.919589223336023,0.0,0.6677698057271662,4.094079575611024,33.49999999958903,False
nominal,original_mpc,470,2350.0,3.9195892469759657,2.363994244802825e-08,0.6688585805179929,4.095280335582547,33.49999999979114,True
nominal,recovery_mpc,470,2350.0,3.9195892469759657,2.363994244802825e-08,0.6688585805179929,4.095280335582547,33.49999999979114,True
nominal,original_mpc,471,2355.0,3.9195892469759657,0.0,0.6699473553088195,4.096479174707916,33.49999999992599,False
nominal,recovery_mpc,471,2355.0,3.9195892469759657,0.0,0.6699473553088195,4.096479174707916,33.49999999992599,False
nominal,original_mpc,472,2360.0,3.9195892469759657,0.0,0.6710361300996462,4.097675964873004,33.49999999999222,False
nominal,recovery_mpc,472,2360.0,3.9195892469759657,0.0,0.6710361300996462,4.097675964873004,33.49999999999222,False
nominal,original_mpc,473,2365.0,3.9195892469759657,0.0,0.6721249048904729,4.098870577458109,33.499999999989534,False
nominal,recovery_mpc,473,2365.0,3.9195892469759657,0.0,0.6721249048904729,4.098870577458109,33.499999999989534,False
nominal,original_mpc,474,2370.0,3.9195892469759657,0.0,0.6732136796812996,4.100062883842722,33.49999999991841,False
nominal,recovery_mpc,474,2370.0,3.9195892469759657,0.0,0.6732136796812996,4.100062883842722,33.49999999991841,False
nominal,original_mpc,475,2375.0,3.919589257055721,1.0079755252689893e-08,0.6743024544749262,4.101252755652168,33.49999999998906,True
nominal,recovery_mpc,475,2375.0,3.919589257055721,1.0079755252689893e-08,0.6743024544749262,4.101252755652168,33.49999999998906,True
nominal,original_mpc,476,2380.0,3.919589257055721,0.0,0.6753912292685528,4.102440063797347,33.49999999999999,False
nominal,recovery_mpc,476,2380.0,3.919589257055721,0.0,0.6753912292685528,4.102440063797347,33.49999999999999,False
nominal,original_mpc,477,2385.0,3.919589257055721,0.0,0.6764800040621793,4.103624679872954,33.49999999995127,False
nominal,recovery_mpc,477,2385.0,3.919589257055721,0.0,0.6764800040621793,4.103624679872954,33.49999999995127,False
nominal,original_mpc,478,2390.0,3.919589257055721,0.0,0.6775687788558059,4.1048064752579565,33.499999999843524,False
nominal,recovery_mpc,478,2390.0,3.919589257055721,0.0,0.6775687788558059,4.1048064752579565,33.499999999843524,False
nominal,original_mpc,479,2395.0,3.919589257055721,0.0,0.6786575536494325,4.1059853213308655,33.499999999677804,False
nominal,recovery_mpc,479,2395.0,3.919589257055721,0.0,0.6786575536494325,4.1059853213308655,33.499999999677804,False
nominal,original_mpc,480,2400.0,3.9195892717838667,1.4728145814046911e-08,0.6797463284471502,4.107161089829868,33.49999999976112,True
nominal,recovery_mpc,480,2400.0,3.9195892717838667,1.4728145814046911e-08,0.6797463284471502,4.107161089829868,33.49999999976112,True
nominal,original_mpc,481,2405.0,3.9195892717838667,0.0,0.680835103244868,4.108333651449766,33.49999999979854,False
nominal,recovery_mpc,481,2405.0,3.9195892717838667,0.0,0.680835103244868,4.108333651449766,33.49999999979854,False
nominal,original_mpc,482,2410.0,3.9195892717838667,0.0,0.6819238780425857,4.109502877884745,33.49999999978934,False
nominal,recovery_mpc,482,2410.0,3.9195892717838667,0.0,0.6819238780425857,4.109502877884745,33.49999999978934,False
nominal,original_mpc,483,2415.0,3.9195892717838667,0.0,0.6830126528403034,4.110668640514,33.49999999973347,False
nominal,recovery_mpc,483,2415.0,3.9195892717838667,0.0,0.6830126528403034,4.110668640514,33.49999999973347,False
nominal,original_mpc,484,2420.0,3.9195892717838667,0.0,0.6841014276380212,4.111830810716218,33.49999999963138,False
nominal,recovery_mpc,484,2420.0,3.9195892717838667,0.0,0.6841014276380212,4.111830810716218,33.49999999963138,False
nominal,original_mpc,485,2425.0,3.9195892859506496,1.4166782857927274e-08,0.6851902024396741,4.112989260215945,33.499999999777856,True
nominal,recovery_mpc,485,2425.0,3.9195892859506496,1.4166782857927274e-08,0.6851902024396741,4.112989260215945,33.499999999777856,True
nominal,original_mpc,486,2430.0,3.9195892859506496,0.0,0.686278977241327,4.1141438597341935,33.499999999888736,False
nominal,recovery_mpc,486,2430.0,3.9195892859506496,0.0,0.686278977241327,4.1141438597341935,33.499999999888736,False
nominal,original_mpc,487,2435.0,3.9195892859506496,0.0,0.68736775204298,4.115294480953183,33.499999999962924,False
nominal,recovery_mpc,487,2435.0,3.9195892859506496,0.0,0.68736775204298,4.115294480953183,33.499999999962924,False
nominal,original_mpc,488,2440.0,3.9195892859506496,0.0,0.6884565268446329,4.116440995252124,33.499999999999986,False
nominal,recovery_mpc,488,2440.0,3.9195892859506496,0.0,0.6884565268446329,4.116440995252124,33.499999999999986,False
nominal,original_mpc,489,2445.0,3.9195892859506496,0.0,0.6895453016462858,4.1175832740097285,33.49999999999998,False
nominal,recovery_mpc,489,2445.0,3.9195892859506496,0.0,0.6895453016462858,4.1175832740097285,33.49999999999998,False
nominal,original_mpc,490,2450.0,3.919589287712359,1.7617094449917658e-09,0.6906340764484281,4.118721188647374,33.49999999999987,True
nominal,recovery_mpc,490,2450.0,3.919589287712359,1.7617094449917658e-09,0.6906340764484281,4.118721188647374,33.49999999999987,True
nominal,original_mpc,491,2455.0,3.919589287712359,0.0,0.6917228512505704,4.119854610461422,33.499999999964864,False
nominal,recovery_mpc,491,2455.0,3.919589287712359,0.0,0.6917228512505704,4.119854610461422,33.499999999964864,False
nominal,original_mpc,492,2460.0,3.919589287712359,0.0,0.6928116260527127,4.120983410867571,33.4999999998955,False
nominal,recovery_mpc,492,2460.0,3.919589287712359,0.0,0.6928116260527127,4.120983410867571,33.4999999998955,False
nominal,original_mpc,493,2465.0,3.919589287712359,0.0,0.693900400854855,4.122107461243704,33.499999999792536,False
nominal,recovery_mpc,493,2465.0,3.919589287712359,0.0,0.693900400854855,4.122107461243704,33.499999999792536,False
nominal,original_mpc,494,2470.0,3.919589287712359,0.0,0.6949891756569974,4.123226632967543,33.499999999656836,False
nominal,recovery_mpc,494,2470.0,3.919589287712359,0.0,0.6949891756569974,4.123226632967543,33.499999999656836,False
nominal,original_mpc,495,2475.0,3.91275910898771,0.006830178724649194,0.6960760531872717,4.124173947070521,33.499858327003196,True
nominal,recovery_mpc,495,2475.0,3.91275910898771,0.006830178724649194,0.6960760531872717,4.124173947070521,33.499858327003196,True
nominal,original_mpc,496,2480.0,3.91275910898771,0.0,0.6971629307175461,4.125265965459736,33.499712403342244,False
nominal,recovery_mpc,496,2480.0,3.91275910898771,0.0,0.6971629307175461,4.125265965459736,33.499712403342244,False
nominal,original_mpc,497,2485.0,3.91275910898771,0.0,0.6982498082478205,4.126355800573127,33.49956332914653,False
nominal,recovery_mpc,497,2485.0,3.91275910898771,0.0,0.6982498082478205,4.126355800573127,33.49956332914653,False
nominal,original_mpc,498,2490.0,3.91275910898771,0.0,0.6993366857780948,4.127442577663781,33.49941193472899,False
nominal,recovery_mpc,498,2490.0,3.91275910898771,0.0,0.6993366857780948,4.127442577663781,33.49941193472899,False
nominal,original_mpc,499,2495.0,3.91275910898771,0.0,0.7004235633083692,4.1285259314995635,33.49925884829511,False
nominal,recovery_mpc,499,2495.0,3.91275910898771,0.0,0.7004235633083692,4.1285259314995635,33.49925884829511,False
nominal,original_mpc,500,2500.0,3.926600762388549,0.013841653400838982,0.701514285742366,4.129946541153725,33.499391760453406,True
nominal,recovery_mpc,500,2500.0,3.926600762388549,0.013841653400838982,0.701514285742366,4.129946541153725,33.499391760453406,True
nominal,original_mpc,501,2505.0,3.926600762388549,0.0,0.7026050081763627,4.131063186361721,33.49953246489886,False
nominal,recovery_mpc,501,2505.0,3.926600762388549,0.0,0.7026050081763627,4.131063186361721,33.49953246489886,False
nominal,original_mpc,502,2510.0,3.926600762388549,0.0,0.7036957306103595,4.132173042333835,33.499679002313,False
nominal,recovery_mpc,502,2510.0,3.926600762388549,0.0,0.7036957306103595,4.132173042333835,33.499679002313,False
nominal,original_mpc,503,2515.0,3.926600762388549,0.0,0.7047864530443563,4.1332774417337514,33.49982989849813,False
nominal,recovery_mpc,503,2515.0,3.926600762388549,0.0,0.7047864530443563,4.1332774417337514,33.49982989849813,False
nominal,original_mpc,504,2520.0,3.926600762388549,0.0,0.705877175478353,4.134377381867836,33.49998404192527,False
nominal,recovery_mpc,504,2520.0,3.926600762388549,0.0,0.705877175478353,4.134377381867836,33.49998404192527,False
nominal,original_mpc,505,2525.0,3.919420350541832,0.007180411846716694,0.7069659033535035,4.135298254534107,33.499991463958736,True
nominal,recovery_mpc,505,2525.0,3.919420350541832,0.007180411846716694,0.7069659033535035,4.135298254534107,33.499991463958736,True
nominal,original_mpc,506,2530.0,3.919420350541832,0.0,0.708054631228654,4.136373482368768,33.499996175205276,False
nominal,recovery_mpc,506,2530.0,3.919420350541832,0.0,0.708054631228654,4.136373482368768,33.499996175205276,False
nominal,original_mpc,507,2535.0,3.919420350541832,0.0,0.7091433591038044,4.1374491982603905,33.49999885194169,False
nominal,recovery_mpc,507,2535.0,3.919420350541832,0.0,0.7091433591038044,4.1374491982603905,33.49999885194169,False
nominal,original_mpc,508,2540.0,3.919420350541832,0.0,0.7102320869789549,4.138524929832304,33.50000000029164,False
nominal,recovery_mpc,508,2540.0,3.919420350541832,0.0,0.7102320869789549,4.138524929832304,33.50000000029164,False
nominal,original_mpc,509,2545.0,3.919420350541832,0.0,0.7113208148541054,4.13960032273094,33.4999999993945,False
nominal,recovery_mpc,509,2545.0,3.919420350541832,0.0,0.7113208148541054,4.13960032273094,33.4999999993945,False
nominal,original_mpc,510,2550.0,3.7646007173556195,0.1548196331862126,0.7123665372755931,4.136894496587198,33.49682795196578,True
nominal,recovery_mpc,510,2550.0,3.7646007173556195,0.1548196331862126,0.7123665372755931,4.136894496587198,33.49682795196578,True
nominal,original_mpc,511,2555.0,3.7646007173556195,0.0,0.7134122596970808,4.137583990226153,33.49356309176316,False
nominal,recovery_mpc,511,2555.0,3.7646007173556195,0.0,0.7134122596970808,4.137583990226153,33.49356309176316,False
nominal,original_mpc,512,2560.0,3.7646007173556195,0.0,0.7144579821185685,4.1383420540369915,33.4902295689924,False
nominal,recovery_mpc,512,2560.0,3.7646007173556195,0.0,0.7144579821185685,4.1383420540369915,33.4902295689924,False
nominal,original_mpc,513,2565.0,3.7646007173556195,0.0,0.7155037045400562,4.1391516473007055,33.4868456035007,False
nominal,recovery_mpc,513,2565.0,3.7646007173556195,0.0,0.7155037045400562,4.1391516473007055,33.4868456035007,False
nominal,original_mpc,514,2570.0,3.7646007173556195,0.0,0.7165494269615439,4.1400000000000015,33.483424978800414,False
nominal,recovery_mpc,514,2570.0,3.7646007173556195,0.0,0.7165494269615439,4.1400000000000015,33.483424978800414,False
nominal,original_mpc,515,2575.0,3.6223636714411542,0.1422370459144653,0.7175556390924998,4.137404426630282,33.47715308300036,True
nominal,recovery_mpc,515,2575.0,3.6223636714411542,0.1422370459144653,0.7175556390924998,4.137404426630282,33.47715308300036,True
nominal,original_mpc,516,2580.0,3.6223636714411542,0.0,0.7185618512234556,4.137950967595833,33.470783116911306,False
nominal,recovery_mpc,516,2580.0,3.6223636714411542,0.0,0.7185618512234556,4.137950967595833,33.470783116911306,False
nominal,original_mpc,517,2585.0,3.6223636714411542,0.0,0.7195680633544115,4.138577994312013,33.4643421488802,False
nominal,recovery_mpc,517,2585.0,3.6223636714411542,0.0,0.7195680633544115,4.138577994312013,33.4643421488802,False
nominal,original_mpc,518,2590.0,3.6223636714411542,0.0,0.7205742754853673,4.139265905088375,33.45785068524199,False
nominal,recovery_mpc,518,2590.0,3.6223636714411542,0.0,0.7205742754853673,4.139265905088375,33.45785068524199,False
nominal,original_mpc,519,2595.0,3.6223636714411542,0.0,0.7215804876163232,4.13999999999997,33.45132431819515,False
nominal,recovery_mpc,519,2595.0,3.6223636714411542,0.0,0.7215804876163232,4.13999999999997,33.45132431819515,False
nominal,original_mpc,520,2600.0,3.4956975601392464,0.12666611130190786,0.7225515147163619,4.137676553897568,33.44233568465496,True
nominal,recovery_mpc,520,2600.0,3.4956975601392464,0.12666611130190786,0.7225515147163619,4.137676553897568,33.44233568465496,True
nominal,original_mpc,521,2605.0,3.4956975601392464,0.0,0.7235225418164006,4.138158520413848,33.43326529703827,False
nominal,recovery_mpc,521,2605.0,3.4956975601392464,0.0,0.7235225418164006,4.138158520413848,33.43326529703827,False
nominal,original_mpc,522,2610.0,3.4956975601392464,0.0,0.7244935689164393,4.138718004862161,33.42413818277034,False
nominal,recovery_mpc,522,2610.0,3.4956975601392464,0.0,0.7244935689164393,4.138718004862161,33.42413818277034,False
nominal,original_mpc,523,2615.0,3.4956975601392464,0.0,0.7254645960164781,4.139336469271674,33.414973380830396,False
nominal,recovery_mpc,523,2615.0,3.4956975601392464,0.0,0.7254645960164781,4.139336469271674,33.414973380830396,False
nominal,original_mpc,524,2620.0,3.4956975601392464,0.0,0.7264356231165168,4.139999999999944,33.40578544160208,False
nominal,recovery_mpc,524,2620.0,3.4956975601392464,0.0,0.7264356231165168,4.139999999999944,33.40578544160208,False
nominal,original_mpc,525,2625.0,3.3800467318737537,0.11565082826549267,0.7273745249864817,4.137874588438703,33.394424115174495,True
nominal,recovery_mpc,525,2625.0,3.3800467318737537,0.11565082826549267,0.7273745249864817,4.137874588438703,33.394424115174495,True
nominal,original_mpc,526,2630.0,3.3800467318737537,0.0,0.7283134268564466,4.138312842121827,33.38299992452953,False
nominal,recovery_mpc,526,2630.0,3.3800467318737537,0.0,0.7283134268564466,4.138312842121827,33.38299992452953,False
nominal,original_mpc,527,2635.0,3.3800467318737537,0.0,0.7292523287264115,4.138823859659179,33.37153546179874,False
nominal,recovery_mpc,527,2635.0,3.3800467318737537,0.0,0.7292523287264115,4.138823859659179,33.37153546179874,False
nominal,original_mpc,528,2640.0,3.3800467318737537,0.0,0.7301912305963765,4.139390529915936,33.36004797468612,False
nominal,recovery_mpc,528,2640.0,3.3800467318737537,0.0,0.7301912305963765,4.139390529915936,33.36004797468612,False
nominal,original_mpc,529,2645.0,3.3800467318737537,0.0,0.7311301324663414,4.13999999999994,33.34855070187914,False
nominal,recovery_mpc,529,2645.0,3.3800467318737537,0.0,0.7311301324663414,4.13999999999994,33.34855070187914,False
nominal,original_mpc,530,2650.0,3.2731989209940315,0.10684781087972217,0.7320393543888397,4.138034138497807,33.33511446322735,True
nominal,recovery_mpc,530,2650.0,3.2731989209940315,0.10684781087972217,0.7320393543888397,4.138034138497807,33.33511446322735,True
nominal,original_mpc,531,2655.0,3.2731989209940315,0.0,0.732948576311338,4.138437941083717,33.32163359687213,False
nominal,recovery_mpc,531,2655.0,3.2731989209940315,0.0,0.732948576311338,4.138437941083717,33.32163359687213,False
nominal,original_mpc,532,2660.0,3.2731989209940315,0.0,0.7338577982338363,4.138910085769138,33.308128531474445,False
nominal,recovery_mpc,532,2660.0,3.2731989209940315,0.0,0.7338577982338363,4.138910085769138,33.308128531474445,False
nominal,original_mpc,533,2665.0,3.2731989209940315,0.0,0.7347670201563347,4.139434739260402,33.294614906991534,False
nominal,recovery_mpc,533,2665.0,3.2731989209940315,0.0,0.7347670201563347,4.139434739260402,33.294614906991534,False
nominal,original_mpc,534,2670.0,3.2731989209940315,0.0,0.735676242078833,4.140000000000007,33.281104768754744,False
nominal,recovery_mpc,534,2670.0,3.2731989209940315,0.0,0.735676242078833,4.140000000000007,33.281104768754744,False
nominal,original_mpc,535,2675.0,3.1736529794740314,0.09954594152000018,0.7365578123509091,4.138166857587396,33.2658515628129,True
nominal,recovery_mpc,535,2675.0,3.1736529794740314,0.09954594152000018,0.7365578123509091,4.138166857587396,33.2658515628129,True
nominal,original_mpc,536,2680.0,3.1736529794740314,0.0,0.7374393826229853,4.1385422437523385,33.250570768461486,False
nominal,recovery_mpc,536,2680.0,3.1736529794740314,0.0,0.7374393826229853,4.1385422437523385,33.250570768461486,False
nominal,original_mpc,537,2685.0,3.1736529794740314,0.0,0.7383209528950614,4.13898211945373,33.23528096053249,False
nominal,recovery_mpc,537,2685.0,3.1736529794740314,0.0,0.7383209528950614,4.13898211945373,33.23528096053249,False
nominal,original_mpc,538,2690.0,3.1736529794740314,0.0,0.7392025231671375,4.1394717359586455,33.21999638918811,False
nominal,recovery_mpc,538,2690.0,3.1736529794740314,0.0,0.7392025231671375,4.1394717359586455,33.21999638918811,False
nominal,original_mpc,539,2695.0,3.1736529794740314,0.0,0.7400840934392137,4.139999999999996,33.204728056368175,False
nominal,recovery_mpc,539,2695.0,3.1736529794740314,0.0,0.7400840934392137,4.139999999999996,33.204728056368175,False
nominal,original_mpc,540,2700.0,3.080266477532615,0.09338650194141618,0.7409397230163061,4.138279004539148,33.18788293120845,True
nominal,recovery_mpc,540,2700.0,3.080266477532615,0.09338650194141618,0.7409397230163061,4.138279004539148,33.18788293120845,True
nominal,original_mpc,541,2705.0,3.080266477532615,0.0,0.7417953525933985,4.138630512552751,33.17102599114665,False
nominal,recovery_mpc,541,2705.0,3.080266477532615,0.0,0.7417953525933985,4.138630512552751,33.17102599114665,False
nominal,original_mpc,542,2710.0,3.080266477532615,0.0,0.7426509821704909,4.139043164104863,33.1541742174871,False
nominal,recovery_mpc,542,2710.0,3.080266477532615,0.0,0.7426509821704909,4.139043164104863,33.1541742174871,False
nominal,original_mpc,543,2715.0,3.080266477532615,0.0,0.7435066117475833,4.1395031292028825,33.13734065599918,False
nominal,recovery_mpc,543,2715.0,3.080266477532615,0.0,0.7435066117475833,4.1395031292028825,33.13734065599918,False
nominal,original_mpc,544,2720.0,3.080266477532615,0.0,0.7443622413246757,4.139999999999999,33.12053539503251,False
nominal,recovery_mpc,544,2720.0,3.080266477532615,0.0,0.7443622413246757,4.139999999999999,33.12053539503251,False
nominal,original_mpc,545,2725.0,2.9921421344113583,0.08812434312125683,0.7451933919175677,4.138374959526311,33.10229621739947,True
nominal,recovery_mpc,545,2725.0,2.9921421344113583,0.08812434312125683,0.7451933919175677,4.138374959526311,33.10229621739947,True
nominal,original_mpc,546,2730.0,2.9921421344113583,0.0,0.7460245425104598,4.1387061406138494,33.084059758604695,False
nominal,recovery_mpc,546,2730.0,2.9921421344113583,0.0,0.7460245425104598,4.1387061406138494,33.084059758604695,False
nominal,original_mpc,547,2735.0,2.9921421344113583,0.0,0.7468556931033519,4.139095533739934,33.06584161635857,False
nominal,recovery_mpc,547,2735.0,2.9921421344113583,0.0,0.7468556931033519,4.139095533739934,33.06584161635857,False
nominal,original_mpc,548,2740.0,2.9921421344113583,0.0,0.7476868436962439,4.139530094032055,33.04765378290375,False
nominal,recovery_mpc,548,2740.0,2.9921421344113583,0.0,0.7476868436962439,4.139530094032055,33.04765378290375,False
nominal,original_mpc,549,2745.0,2.9921421344113583,0.0,0.748517994289136,4.1400000000000095,33.02950553998288,False
nominal,recovery_mpc,549,2745.0,2.9921421344113583,0.0,0.748517994289136,4.1400000000000095,33.02950553998288,False
nominal,original_mpc,550,2750.0,2.908567656836251,0.0835744775751075,0.7493259297493683,4.138458048552393,33.01004751475038,True
nominal,recovery_mpc,550,2750.0,2.908567656836251,0.0835744775751075,0.7493259297493683,4.138458048552393,33.01004751475038,True
nominal,original_mpc,551,2755.0,2.908567656836251,0.0,0.7501338652096006,4.138771716351634,32.990605552759746,False
nominal,recovery_mpc,551,2755.0,2.908567656836251,0.0,0.7501338652096006,4.138771716351634,32.990605552759746,False
nominal,original_mpc,552,2760.0,2.908567656836251,0.0,0.7509418006698328,4.139140999765145,32.97119403760598,False
nominal,recovery_mpc,552,2760.0,2.908567656836251,0.0,0.7509418006698328,4.139140999765145,32.97119403760598,False
nominal,original_mpc,553,2765.0,2.908567656836251,0.0,0.7517497361300651,4.13955353239348,32.95182403087804,False
nominal,recovery_mpc,553,2765.0,2.908567656836251,0.0,0.7517497361300651,4.13955353239348,32.95182403087804,False
nominal,original_mpc,554,2770.0,2.908567656836251,0.0,0.7525576715902974,4.1399999999999775,32.93250409593275,False
nominal,recovery_mpc,554,2770.0,2.908567656836251,0.0,0.7525576715902974,4.1399999999999775,32.93250409593275,False
nominal,original_mpc,555,2775.0,2.828973940801826,0.07959371603442467,0.7533434976849646,4.138530850106365,32.91198333058074,True
nominal,recovery_mpc,555,2775.0,2.828973940801826,0.07959371603442467,0.7533434976849646,4.138530850106365,32.91198333058074,True
nominal,original_mpc,556,2780.0,2.828973940801826,0.0,0.7541293237796317,4.138829248761221,32.89149084262823,False
nominal,recovery_mpc,556,2780.0,2.828973940801826,0.0,0.7541293237796317,4.138829248761221,32.89149084262823,False
nominal,original_mpc,557,2785.0,2.828973940801826,0.0,0.7549151498742989,4.139180938281174,32.87103993973585,False
nominal,recovery_mpc,557,2785.0,2.828973940801826,0.0,0.7549151498742989,4.139180938281174,32.87103993973585,False
nominal,original_mpc,558,2790.0,2.828973940801826,0.0,0.755700975968966,4.1395741454526025,32.85064085393594,False
nominal,recovery_mpc,558,2790.0,2.828973940801826,0.0,0.755700975968966,4.1395741454526025,32.85064085393594,False
nominal,original_mpc,559,2795.0,2.828973940801826,0.0,0.7564868020636332,4.140000000000001,32.83030150370072,False
nominal,recovery_mpc,559,2795.0,2.828973940801826,0.0,0.7564868020636332,4.140000000000001,32.83030150370072,False
nominal,original_mpc,560,2800.0,2.7529034794347065,0.0760704613671197,0.7572514974745872,4.138595374729735,32.80885783628782,True
nominal,recovery_mpc,560,2800.0,2.7529034794347065,0.0760704613671197,0.7572514974745872,4.138595374729735,32.80885783628782,True
nominal,original_mpc,561,2805.0,2.7529034794347065,0.0,0.7580161928855412,4.138880304916748,32.787453592712595,False
nominal,recovery_mpc,561,2805.0,2.7529034794347065,0.0,0.7580161928855412,4.138880304916748,32.787453592712595,False
nominal,original_mpc,562,2810.0,2.7529034794347065,0.0,0.7587808882964953,4.139216423020107,32.76610111871562,False
nominal,recovery_mpc,562,2810.0,2.7529034794347065,0.0,0.7587808882964953,4.139216423020107,32.76610111871562,False
nominal,original_mpc,563,2815.0,2.7529034794347065,0.0,0.7595455837074493,4.1395924804548905,32.74480990096572,False
nominal,recovery_mpc,563,2815.0,2.7529034794347065,0.0,0.7595455837074493,4.1395924804548905,32.74480990096572,False
nominal,original_mpc,564,2820.0,2.7529034794347065,0.0,0.7603102791184033,4.139999999999993,32.7235872750317,False
nominal,recovery_mpc,564,2820.0,2.7529034794347065,0.0,0.7603102791184033,4.139999999999993,32.7235872750317,False
nominal,original_mpc,565,2825.0,2.679985701261295,0.07291777817341139,0.7610547195909759,4.138653187286578,32.7013465325792,True
nominal,recovery_mpc,565,2825.0,2.679985701261295,0.07291777817341139,0.7610547195909759,4.138653187286578,32.7013465325792,True
nominal,original_mpc,566,2830.0,2.679985701261295,0.0,0.7617991600635485,4.138926102615378,32.67915535596954,False
nominal,recovery_mpc,566,2830.0,2.679985701261295,0.0,0.7617991600635485,4.138926102615378,32.67915535596954,False
nominal,original_mpc,567,2835.0,2.679985701261295,0.0,0.7625436005361211,4.139248285659338,32.657025224294344,False
nominal,recovery_mpc,567,2835.0,2.679985701261295,0.0,0.7625436005361211,4.139248285659338,32.657025224294344,False
nominal,original_mpc,568,2840.0,2.679985701261295,0.0,0.7632880410086937,4.1396089569624035,32.63496494986638,False
nominal,recovery_mpc,568,2840.0,2.679985701261295,0.0,0.7632880410086937,4.1396089569624035,32.63496494986638,False
nominal,original_mpc,569,2845.0,2.679985701261295,0.0,0.7640324814812663,4.139999991118772,32.61298133826806,False
nominal,recovery_mpc,569,2845.0,2.679985701261295,0.0,0.7640324814812663,4.139999991118772,32.61298133826806,False
nominal,original_mpc,570,2850.0,2.6099194833930284,0.07006621786826672,0.7647574591155422,4.13870553772738,32.590057180903784,True
nominal,recovery_mpc,570,2850.0,2.6099194833930284,0.07006621786826672,0.7647574591155422,4.13870553772738,32.590057180903784,True
nominal,original_mpc,571,2855.0,2.6099194833930284,0.0,0.765482436749818,4.138967623257348,32.56719179011192,False
nominal,recovery_mpc,571,2855.0,2.6099194833930284,0.0,0.765482436749818,4.138967623257348,32.56719179011192,False
nominal,original_mpc,572,2860.0,2.6099194833930284,0.0,0.7662074143840938,4.13927720773363,32.54439585878989,False
nominal,recovery_mpc,572,2860.0,2.6099194833930284,0.0,0.7662074143840938,4.13927720773363,32.54439585878989,False
nominal,original_mpc,573,2865.0,2.6099194833930284,0.0,0.7669323920183696,4.139623935697873,32.52167758540419,False
nominal,recovery_mpc,573,2865.0,2.6099194833930284,0.0,0.7669323920183696,4.139623935697873,32.52167758540419,False
nominal,original_mpc,574,2870.0,2.6099194833930284,0.0,0.7676573696526454,4.14,32.499043291174864,False
nominal,recovery_mpc,574,2870.0,2.6099194833930284,0.0,0.7676573696526454,4.14,32.499043291174864,False
nominal,original_mpc,575,2875.0,2.542455483662615,0.06746399973041317,0.7683636072869962,4.138753375952641,32.475538677633196,True
nominal,recovery_mpc,575,2875.0,2.542455483662615,0.06746399973041317,0.7683636072869962,4.138753375952641,32.475538677633196,True
nominal,original_mpc,576,2880.0,2.542455483662615,0.0,0.7690698449213469,4.139005600704232,32.452101150578876,False
nominal,recovery_mpc,576,2880.0,2.542455483662615,0.0,0.7690698449213469,4.139005600704232,32.452101150578876,False
nominal,original_mpc,577,2885.0,2.542455483662615,0.0,0.7697760825556976,4.139303683426322,32.42874068571565,False
nominal,recovery_mpc,577,2885.0,2.542455483662615,0.0,0.7697760825556976,4.139303683426322,32.42874068571565,False
nominal,original_mpc,578,2890.0,2.542455483662615,0.0,0.7704823201900484,4.139637655399625,32.405464920009294,False
nominal,recovery_mpc,578,2890.0,2.542455483662615,0.0,0.7704823201900484,4.139637655399625,32.405464920009294,False
nominal,original_mpc,579,2895.0,2.542455483662615,0.0,0.7711885578243991,4.140000000000001,32.38227973021957,False
nominal,recovery_mpc,579,2895.0,2.542455483662615,0.0,0.7711885578243991,4.140000000000001,32.38227973021957,False
nominal,original_mpc,580,2900.0,2.477387817463294,0.06506766619932103,0.7718767211070278,4.138797465836258,32.35828816482374,True
nominal,recovery_mpc,580,2900.0,2.477387817463294,0.06506766619932103,0.7718767211070278,4.138797465836258,32.35828816482374,True
nominal,original_mpc,581,2905.0,2.477387817463294,0.0,0.7725648843896564,4.139040633588064,32.33437118424606,False
nominal,recovery_mpc,581,2905.0,2.477387817463294,0.0,0.7725648843896564,4.139040633588064,32.33437118424606,False
nominal,original_mpc,582,2910.0,2.477387817463294,0.0,0.7732530476722851,4.1393281264491835,32.310538106627824,False
nominal,recovery_mpc,582,2910.0,2.477387817463294,0.0,0.7732530476722851,4.1393281264491835,32.310538106627824,False
nominal,original_mpc,583,2915.0,2.477387817463294,0.0,0.7739412109549137,4.139650331608227,32.286796053040206,False
nominal,recovery_mpc,583,2915.0,2.477387817463294,0.0,0.7739412109549137,4.139650331608227,32.286796053040206,False
nominal,original_mpc,584,2920.0,2.477387817463294,0.0,0.7746293742375424,4.140000000000001,32.26315049089918,False
nominal,recovery_mpc,584,2920.0,2.477387817463294,0.0,0.7746293742375424,4.140000000000001,32.26315049089918,False
nominal,original_mpc,585,2925.0,2.414543503094244,0.06284431436905002,0.7753000807661797,4.138838408390316,32.238757044883755,True
nominal,recovery_mpc,585,2925.0,2.414543503094244,0.06284431436905002,0.7753000807661797,4.138838408390316,32.238757044883755,True
nominal,original_mpc,586,2930.0,2.414543503094244,0.0,0.775970787294817,4.13907319091061,32.214444916616614,False
nominal,recovery_mpc,586,2930.0,2.414543503094244,0.0,0.775970787294817,4.13907319091061,32.214444916616614,False
nominal,original_mpc,587,2935.0,2.414543503094244,0.0,0.7766414938234544,4.13935085853015,32.190222818847225,False
nominal,recovery_mpc,587,2935.0,2.414543503094244,0.0,0.7766414938234544,4.13935085853015,32.190222818847225,False
nominal,original_mpc,588,2940.0,2.414543503094244,0.0,0.7773122003520917,4.1396621284888315,32.166097396948906,False
nominal,recovery_mpc,588,2940.0,2.414543503094244,0.0,0.7773122003520917,4.1396621284888315,32.166097396948906,False
nominal,original_mpc,589,2945.0,2.414543503094244,0.0,0.777982906880729,4.140000000000001,32.14207374022567,False
nominal,recovery_mpc,589,2945.0,2.414543503094244,0.0,0.777982906880729,4.140000000000001,32.14207374022567,False
nominal,original_mpc,590,2950.0,2.353775908551295,0.06076759454294933,0.7786367335219933,4.138876679256056,32.117355916471695,True
nominal,recovery_mpc,590,2950.0,2.353775908551295,0.06076759454294933,0.7786367335219933,4.138876679256056,32.117355916471695,True
nominal,original_mpc,591,2955.0,2.353775908551295,0.0,0.7792905601632575,4.139103644071601,32.09272543143033,False
nominal,recovery_mpc,591,2955.0,2.353775908551295,0.0,0.7792905601632575,4.139103644071601,32.09272543143033,False
nominal,original_mpc,592,2960.0,2.353775908551295,0.0,0.7799443868045217,4.139372134586528,32.068190438538224,False
nominal,recovery_mpc,592,2960.0,2.353775908551295,0.0,0.7799443868045217,4.139372134586528,32.068190438538224,False
nominal,original_mpc,593,2965.0,2.353775908551295,0.0,0.780598213445786,4.139673176183242,32.043757143210556,False
nominal,recovery_mpc,593,2965.0,2.353775908551295,0.0,0.780598213445786,4.139673176183242,32.043757143210556,False
nominal,original_mpc,594,2970.0,2.353775908551295,0.0,0.7812520400870502,4.1400000000000015,32.01943028463065,False
nominal,recovery_mpc,594,2970.0,2.353775908551295,0.0,0.7812520400870502,4.1400000000000015,32.01943028463065,False
nominal,original_mpc,595,2975.0,2.294959344376794,0.05881656417450065,0.7818895287938216,4.138912656706834,31.99445875493604,True
nominal,recovery_mpc,595,2975.0,2.294959344376794,0.05881656417450065,0.7818895287938216,4.138912656706834,31.99445875493604,True
nominal,original_mpc,596,2980.0,2.294959344376794,0.0,0.782527017500593,4.139132288611105,31.96957992351357,False
nominal,recovery_mpc,596,2980.0,2.294959344376794,0.0,0.782527017500593,4.139132288611105,31.96957992351357,False
nominal,original_mpc,597,2985.0,2.294959344376794,0.0,0.7831645062073643,4.139392157577191,31.94480142554216,False
nominal,recovery_mpc,597,2985.0,2.294959344376794,0.0,0.7831645062073643,4.139392157577191,31.94480142554216,False
nominal,original_mpc,598,2990.0,2.294959344376794,0.0,0.7838019949141357,4.139683578360786,31.920129058508795,False
nominal,recovery_mpc,598,2990.0,2.294959344376794,0.0,0.7838019949141357,4.139683578360786,31.920129058508795,False
nominal,original_mpc,599,2995.0,2.294959344376794,0.0,0.7844394836209071,4.1400000000000015,31.895567236735967,False
nominal,recovery_mpc,599,2995.0,2.294959344376794,0.0,0.7844394836209071,4.1400000000000015,31.895567236735967,False
nominal,original_mpc,600,3000.0,2.2379848490151777,0.05697449536161647,0.7850611460789668,4.1389466430964355,31.87040647707463,True
nominal,recovery_mpc,600,3000.0,2.2379848490151777,0.05697449536161647,0.7850611460789668,4.1389466430964355,31.87040647707463,True
nominal,original_mpc,601,3005.0,2.2379848490151777,0.0,0.7856828085370265,4.139159360903976,31.84534316151499,False
nominal,recovery_mpc,601,3005.0,2.2379848490151777,0.0,0.7856828085370265,4.139159360903976,31.84534316151499,False
nominal,original_mpc,602,3010.0,2.2379848490151777,0.0,0.7863044709950863,4.139411089927814,31.820384443843412,False
nominal,recovery_mpc,602,3010.0,2.2379848490151777,0.0,0.7863044709950863,4.139411089927814,31.820384443843412,False
nominal,original_mpc,603,3015.0,2.2379848490151777,0.0,0.786926133453146,4.139693418035266,31.79553574252544,False
nominal,recovery_mpc,603,3015.0,2.2379848490151777,0.0,0.786926133453146,4.139693418035266,31.79553574252544,False
nominal,original_mpc,604,3020.0,2.2379848490151777,0.0,0.7875477959112057,4.139999999999999,31.77080116995472,False
nominal,recovery_mpc,604,3020.0,2.2379848490151777,0.0,0.7875477959112057,4.139999999999999,31.77080116995472,False
nominal,original_mpc,605,3025.0,2.1827568969394475,0.05522795207573017,0.7881541172714667,4.13897888146904,31.745510013348582,True
nominal,recovery_mpc,605,3025.0,2.1827568969394475,0.05522795207573017,0.7881541172714667,4.13897888146904,31.745510013348582,True
nominal,original_mpc,606,3030.0,2.1827568969394475,0.0,0.7887604386317276,4.139185051095822,31.72032047777881,False
nominal,recovery_mpc,606,3030.0,2.1827568969394475,0.0,0.7887604386317276,4.139185051095822,31.72032047777881,False
nominal,original_mpc,607,3035.0,2.1827568969394475,0.0,0.7893667599919886,4.139429062387774,31.695239268969644,False
nominal,recovery_mpc,607,3035.0,2.1827568969394475,0.0,0.7893667599919886,4.139429062387774,31.695239268969644,False
nominal,original_mpc,608,3040.0,2.1827568969394475,0.0,0.7899730813522495,4.139702762075834,31.67027145261275,False
nominal,recovery_mpc,608,3040.0,2.1827568969394475,0.0,0.7899730813522495,4.139702762075834,31.67027145261275,False
nominal,original_mpc,609,3045.0,2.1827568969394475,0.0,0.7905794027125105,4.1400000000000015,31.645420860098938,False
nominal,recovery_mpc,609,3045.0,2.1827568969394475,0.0,0.7905794027125105,4.1400000000000015,31.645420860098938,False
nominal,original_mpc,610,3050.0,2.1291908232547674,0.05356607368468014,0.791170844607859,4.139009568458434,31.620052982286193,True
nominal,recovery_mpc,610,3050.0,2.1291908232547674,0.05356607368468014,0.791170844607859,4.139009568458434,31.620052982286193,True
nominal,original_mpc,611,3055.0,2.1291908232547674,0.0,0.7917622865032076,4.139209513150446,31.594790375627298,False
nominal,recovery_mpc,611,3055.0,2.1291908232547674,0.0,0.7917622865032076,4.139209513150446,31.594790375627298,False
nominal,original_mpc,612,3060.0,2.1291908232547674,0.0,0.7923537283985561,4.139446180910171,31.56963932809894,False
nominal,recovery_mpc,612,3060.0,2.1291908232547674,0.0,0.7923537283985561,4.139446180910171,31.56963932809894,False
nominal,original_mpc,613,3065.0,2.1291908232547674,0.0,0.7929451702939047,4.139711664711327,31.544604576577214,False
nominal,recovery_mpc,613,3065.0,2.1291908232547674,0.0,0.7929451702939047,4.139711664711327,31.544604576577214,False
nominal,original_mpc,614,3070.0,2.1291908232547674,0.0,0.7935366121892532,4.140000000000001,31.519689690629583,False
nominal,recovery_mpc,614,3070.0,2.1291908232547674,0.0,0.7935366121892532,4.140000000000001,31.519689690629583,False
nominal,original_mpc,615,3075.0,1.597195190534847,0.5319956327199205,0.7939802775199574,4.127331081797876,31.489169803094157,True
nominal,recovery_mpc,615,3075.0,1.597195190534847,0.5319956327199205,0.7939802775199574,4.127331081797876,31.489169803094157,True
nominal,original_mpc,616,3080.0,1.597195190534847,0.0,0.7944239428506615,4.126346786877464,31.458655715809407,False
nominal,recovery_mpc,616,3080.0,1.597195190534847,0.0,0.7944239428506615,4.126346786877464,31.458655715809407,False
nominal,original_mpc,617,3085.0,1.597195190534847,0.0,0.7948676081813657,4.125613557849001,31.42818325372538,False
nominal,recovery_mpc,617,3085.0,1.597195190534847,0.0,0.7948676081813657,4.125613557849001,31.42818325372538,False
nominal,original_mpc,618,3090.0,1.597195190534847,0.0,0.7953112735120699,4.125071239133881,31.39777936057917,False
nominal,recovery_mpc,618,3090.0,1.597195190534847,0.0,0.7953112735120699,4.125071239133881,31.39777936057917,False
nominal,original_mpc,619,3095.0,1.597195190534847,0.0,0.795754938842774,4.1246747151837875,31.367464334514395,False
nominal,recovery_mpc,619,3095.0,1.597195190534847,0.0,0.795754938842774,4.1246747151837875,31.367464334514395,False
nominal,original_mpc,620,3100.0,1.1970739674018778,0.40012122313296916,0.7960874593892746,4.114631326920038,31.333765649466724,True
nominal,recovery_mpc,620,3100.0,1.1970739674018778,0.40012122313296916,0.7960874593892746,4.114631326920038,31.333765649466724,True
nominal,original_mpc,621,3105.0,1.1970739674018778,0.0,0.7964199799357752,4.1134513473228145,31.300132078286918,False
nominal,recovery_mpc,621,3105.0,1.1970739674018778,0.0,0.7964199799357752,4.1134513473228145,31.300132078286918,False
nominal,original_mpc,622,3110.0,1.1970739674018778,0.0,0.7967525004822757,4.11251827597693,31.266589559616087,False
nominal,recovery_mpc,622,3110.0,1.1970739674018778,0.0,0.7967525004822757,4.11251827597693,31.266589559616087,False
nominal,original_mpc,623,3115.0,1.1970739674018778,0.0,0.7970850210287763,4.111773967199168,31.233157602424917,False
nominal,recovery_mpc,623,3115.0,1.1970739674018778,0.0,0.7970850210287763,4.111773967199168,31.233157602424917,False
nominal,original_mpc,624,3120.0,1.1970739674018778,0.0,0.7974175415752769,4.111174778966413,31.199850899820586,False
nominal,recovery_mpc,624,3120.0,1.1970739674018778,0.0,0.7974175415752769,4.111174778966413,31.199850899820586,False
nominal,original_mpc,625,3125.0,0.798132290604936,0.3989416767969418,0.7976392449893338,4.100958133656237,31.163942916286224,True
nominal,recovery_mpc,625,3125.0,0.798132290604936,0.3989416767969418,0.7976392449893338,4.100958133656237,31.163942916286224,True
nominal,original_mpc,626,3130.0,0.798132290604936,0.0,0.7978609484033907,4.099580162416776,31.12815828266965,False
nominal,recovery_mpc,626,3130.0,0.798132290604936,0.0,0.7978609484033907,4.099580162416776,31.12815828266965,False
nominal,original_mpc,627,3135.0,0.798132290604936,0.0,0.7980826518174476,4.098450261613389,31.092513826513393,False
nominal,recovery_mpc,627,3135.0,0.798132290604936,0.0,0.7980826518174476,4.098450261613389,31.092513826513393,False
nominal,original_mpc,628,3140.0,0.798132290604936,0.0,0.7983043552315046,4.0975108008630805,31.057022128132385,False
nominal,recovery_mpc,628,3140.0,0.798132290604936,0.0,0.7983043552315046,4.0975108008630805,31.057022128132385,False
nominal,original_mpc,629,3145.0,0.798132290604936,0.0,0.7985260586455615,4.096718498061859,31.02169258655573,False
nominal,recovery_mpc,629,3145.0,0.798132290604936,0.0,0.7985260586455615,4.096718498061859,31.02169258655573,False
nominal,original_mpc,630,3150.0,0.5321496976888915,0.2659825929160444,0.7986738780060306,4.089553865489432,30.985147836870073,True
nominal,recovery_mpc,630,3150.0,0.5321496976888915,0.2659825929160444,0.7986738780060306,4.089553865489432,30.985147836870073,True
nominal,original_mpc,631,3155.0,0.5321496976888915,0.0,0.7988216973664998,4.088313801748918,30.948775950385023,False
nominal,recovery_mpc,631,3155.0,0.5321496976888915,0.0,0.7988216973664998,4.088313801748918,30.948775950385023,False
nominal,original_mpc,632,3160.0,0.5321496976888915,0.0,0.7989695167269689,4.087264682121532,30.912584823142566,False
nominal,recovery_mpc,632,3160.0,0.5321496976888915,0.0,0.7989695167269689,4.087264682121532,30.912584823142566,False
nominal,original_mpc,633,3165.0,0.5321496976888915,0.0,0.7991173360874381,4.086363462728589,30.876580240423795,False
nominal,recovery_mpc,633,3165.0,0.5321496976888915,0.0,0.7991173360874381,4.086363462728589,30.876580240423795,False
nominal,original_mpc,634,3170.0,0.5321496976888915,0.0,0.7992651554479072,4.0855777699679425,30.84076640538865,False
nominal,recovery_mpc,634,3170.0,0.5321496976888915,0.0,0.7992651554479072,4.0855777699679425,30.84076640538865,False
nominal,original_mpc,635,3175.0,0.3148260199886162,0.21732367770027533,0.7993526071201262,4.079583052992042,30.80429478800135,True
nominal,recovery_mpc,635,3175.0,0.3148260199886162,0.21732367770027533,0.7993526071201262,4.079583052992042,30.80429478800135,True
nominal,original_mpc,636,3180.0,0.3148260199886162,0.0,0.7994400587923453,4.0784281608185164,30.768024477956082,False
nominal,recovery_mpc,636,3180.0,0.3148260199886162,0.0,0.7994400587923453,4.0784281608185164,30.768024477956082,False
nominal,original_mpc,637,3185.0,0.3148260199886162,0.0,0.7995275104645643,4.0774295564819525,30.73195853052325,False
nominal,recovery_mpc,637,3185.0,0.3148260199886162,0.0,0.7995275104645643,4.0774295564819525,30.73195853052325,False
lhs_008,original_mpc,1,5.0,2.0000000000000036,2.0000000000000036,0.2856226739073012,3.614870150119686,25.253900571592958,True
lhs_008,recovery_mpc,1,5.0,2.0000000000000036,2.0000000000000036,0.2856226739073012,3.614870150119686,25.253900571592958,True
lhs_008,original_mpc,2,10.0,4.000000000000004,2.000000000000001,0.2867193164080045,3.665819043743424,25.279285828741347,True
lhs_008,recovery_mpc,2,10.0,4.000000000000004,2.000000000000001,0.2867193164080045,3.665819043743424,25.279285828741347,True
lhs_008,original_mpc,3,15.0,6.000000000000006,2.0000000000000018,0.28836428015905946,3.720431457392373,25.338649018343816,True
lhs_008,recovery_mpc,3,15.0,6.000000000000006,2.0000000000000018,0.28836428015905946,3.720431457392373,25.338649018343816,True
lhs_008,original_mpc,4,20.0,8.000000000000002,1.9999999999999956,0.29055756516046605,3.778162006018747,25.44765834410574,True
lhs_008,recovery_mpc,4,20.0,8.000000000000002,1.9999999999999956,0.29055756516046605,3.778162006018747,25.44765834410574,True
lhs_008,original_mpc,5,25.0,10.0,1.9999999999999982,0.2932991714122243,3.8385876139766473,25.62273969896859,True
lhs_008,recovery_mpc,5,25.0,10.0,1.9999999999999982,0.2932991714122243,3.8385876139766473,25.62273969896859,True
lhs_008,original_mpc,6,30.0,9.9086249324571,0.09137506754290037,0.29601572621833944,3.8526530849072387,25.804061134068238,True
lhs_008,recovery_mpc,6,30.0,9.9086249324571,0.09137506754290037,0.29601572621833944,3.8526530849072387,25.804061134068238,True
lhs_008,original_mpc,7,35.0,9.9086249324571,0.0,0.2987322810244546,3.8663726025276346,25.99263132842091,False
lhs_008,recovery_mpc,7,35.0,9.9086249324571,0.0,0.2987322810244546,3.8663726025276346,25.99263132842091,False
lhs_008,original_mpc,8,40.0,9.9086249324571,0.0,0.30144883583056975,3.878336473390695,26.187014190545973,False
lhs_008,recovery_mpc,8,40.0,9.9086249324571,0.0,0.30144883583056975,3.878336473390695,26.187014190545973,False
lhs_008,original_mpc,9,45.0,9.9086249324571,0.0,0.3041653906366849,3.888888935016611,26.38607753061224,False
lhs_008,recovery_mpc,9,45.0,9.9086249324571,0.0,0.3041653906366849,3.888888935016611,26.38607753061224,False
lhs_008,original_mpc,10,50.0,9.9086249324571,0.0,0.30688194544280006,3.898317812331648,26.588925935914435,False
lhs_008,recovery_mpc,10,50.0,9.9086249324571,0.0,0.30688194544280006,3.898317812331648,26.588925935914435,False
lhs_008,original_mpc,11,55.0,8.924023254810525,0.9846016776465749,0.3093285612374225,3.88391030854067,26.760147565889884,True
lhs_008,recovery_mpc,11,55.0,8.924023254810525,0.9846016776465749,0.3093285612374225,3.88391030854067,26.760147565889884,True
lhs_008,original_mpc,12,60.0,8.924023254810525,0.0,0.3117751770320449,3.8895738093231267,26.93240701844327,False
lhs_008,recovery_mpc,12,60.0,8.924023254810525,0.0,0.3117751770320449,3.8895738093231267,26.93240701844327,False
lhs_008,original_mpc,13,65.0,8.924023254810525,0.0,0.3142217928266673,3.895007349078892,27.105547626969692,False
lhs_008,recovery_mpc,13,65.0,8.924023254810525,0.0,0.3142217928266673,3.895007349078892,27.105547626969692,False
lhs_008,original_mpc,14,70.0,8.924023254810525,0.0,0.3166684086212897,3.900244600622618,27.279437077104006,False
lhs_008,recovery_mpc,14,70.0,8.924023254810525,0.0,0.3166684086212897,3.900244600622618,27.279437077104006,False
lhs_008,original_mpc,15,75.0,8.924023254810525,0.0,0.3191150244159121,3.9053122722508715,27.453962418230322,False
lhs_008,recovery_mpc,15,75.0,8.924023254810525,0.0,0.3191150244159121,3.9053122722508715,27.453962418230322,False
lhs_008,original_mpc,16,80.0,8.296782093773947,0.6272411610365776,0.3213896753816887,3.8956201637247148,27.607753919868976,True
lhs_008,recovery_mpc,16,80.0,8.296782093773947,0.6272411610365776,0.3213896753816887,3.8956201637247148,27.607753919868976,True
lhs_008,original_mpc,17,85.0,8.296782093773947,0.0,0.32366432634746534,3.8990398197476015,27.761247605414496,False
lhs_008,recovery_mpc,17,85.0,8.296782093773947,0.0,0.32366432634746534,3.8990398197476015,27.761247605414496,False
lhs_008,original_mpc,18,90.0,8.296782093773947,0.0,0.32593897731324195,3.9025637110886886,27.914523017787197,False
lhs_008,recovery_mpc,18,90.0,8.296782093773947,0.0,0.32593897731324195,3.9025637110886886,27.914523017787197,False
lhs_008,original_mpc,19,95.0,8.296782093773947,0.0,0.32821362827901857,3.9061552299838627,28.06763470312695,False
lhs_008,recovery_mpc,19,95.0,8.296782093773947,0.0,0.32821362827901857,3.9061552299838627,28.06763470312695,False
lhs_008,original_mpc,20,100.0,8.296782093773947,0.0,0.3304882792447952,3.9097863327872044,28.220618077604318,False
lhs_008,recovery_mpc,20,100.0,8.296782093773947,0.0,0.3304882792447952,3.9097863327872044,28.220618077604318,False
lhs_008,original_mpc,21,105.0,7.736741460908159,0.5600406328657881,0.33260938912054144,3.900391569906195,28.355206248187006,True
lhs_008,recovery_mpc,21,105.0,7.736741460908159,0.5600406328657881,0.33260938912054144,3.900391569906195,28.355206248187006,True
lhs_008,original_mpc,22,110.0,7.736741460908159,0.0,0.3347304989962877,3.9028227053845024,28.489108002557057,False
lhs_008,recovery_mpc,22,110.0,7.736741460908159,0.0,0.3347304989962877,3.9028227053845024,28.489108002557057,False
lhs_008,original_mpc,23,115.0,7.736741460908159,0.0,0.33685160887203397,3.9054412883102763,28.622449035062147,False
lhs_008,recovery_mpc,23,115.0,7.736741460908159,0.0,0.33685160887203397,3.9054412883102763,28.622449035062147,False
lhs_008,original_mpc,24,120.0,7.736741460908159,0.0,0.33897271874778023,3.9081955304973346,28.755322136885038,False
lhs_008,recovery_mpc,24,120.0,7.736741460908159,0.0,0.33897271874778023,3.9081955304973346,28.755322136885038,False
lhs_008,original_mpc,25,125.0,7.736741460908159,0.0,0.3410938286235265,3.911045491520356,28.887794740783782,False
lhs_008,recovery_mpc,25,125.0,7.736741460908159,0.0,0.3410938286235265,3.911045491520356,28.887794740783782,False
lhs_008,original_mpc,26,130.0,7.373790859682849,0.3629506012253101,0.3431154317355329,3.905507785426182,29.008466273511434,True
lhs_008,recovery_mpc,26,130.0,7.373790859682849,0.3629506012253101,0.3431154317355329,3.905507785426182,29.008466273511434,True
lhs_008,original_mpc,27,135.0,7.373790859682849,0.0,0.34513703484753927,3.9076741896824765,29.128467757108762,False
lhs_008,recovery_mpc,27,135.0,7.373790859682849,0.0,0.34513703484753927,3.9076741896824765,29.128467757108762,False
lhs_008,original_mpc,28,140.0,7.373790859682849,0.0,0.34715863795954566,3.909991960237732,29.247896452933716,False
lhs_008,recovery_mpc,28,140.0,7.373790859682849,0.0,0.34715863795954566,3.909991960237732,29.247896452933716,False
lhs_008,original_mpc,29,145.0,7.373790859682849,0.0,0.34918024107155204,3.912419723208939,29.36682455785537,False
lhs_008,recovery_mpc,29,145.0,7.373790859682849,0.0,0.34918024107155204,3.912419723208939,29.36682455785537,False
lhs_008,original_mpc,30,150.0,7.373790859682849,0.0,0.35120184418355843,3.9149255674791017,29.485304940521225,False
lhs_008,recovery_mpc,30,150.0,7.373790859682849,0.0,0.35120184418355843,3.9149255674791017,29.485304940521225,False
lhs_008,original_mpc,31,155.0,7.034667224968861,0.3391236347139879,0.35313047294785976,3.909587774003551,29.59296596710209,True
lhs_008,recovery_mpc,31,155.0,7.034667224968861,0.3391236347139879,0.35313047294785976,3.909587774003551,29.59296596710209,True
lhs_008,original_mpc,32,160.0,7.034667224968861,0.0,0.3550591017121611,3.911444222080183,29.69993784313133,False
lhs_008,recovery_mpc,32,160.0,7.034667224968861,0.0,0.3550591017121611,3.911444222080183,29.69993784313133,False
lhs_008,original_mpc,33,165.0,7.034667224968861,0.0,0.35698773047646243,3.913440430249565,29.806306014393325,False
lhs_008,recovery_mpc,33,165.0,7.034667224968861,0.0,0.35698773047646243,3.913440430249565,29.806306014393325,False
lhs_008,original_mpc,34,170.0,7.034667224968861,0.0,0.35891635924076376,3.9155395973803504,29.912134646398258,False
lhs_008,recovery_mpc,34,170.0,7.034667224968861,0.0,0.35891635924076376,3.9155395973803504,29.912134646398258,False
lhs_008,original_mpc,35,175.0,7.034667224968861,0.0,0.3608449880050651,3.9177133111951203,30.017471478253626,False
lhs_008,recovery_mpc,35,175.0,7.034667224968861,0.0,0.3608449880050651,3.9177133111951203,30.017471478253626,False
lhs_008,original_mpc,36,180.0,6.711810410673197,0.3228568142956645,0.36268510214331684,3.9124216521899924,30.112721145229447,True
lhs_008,recovery_mpc,36,180.0,6.711810410673197,0.3228568142956645,0.36268510214331684,3.9124216521899924,30.112721145229447,True
lhs_008,original_mpc,37,185.0,6.711810410673197,0.0,0.3645252162815686,3.913981872280452,30.20726734594612,False
lhs_008,recovery_mpc,37,185.0,6.711810410673197,0.0,0.3645252162815686,3.913981872280452,30.20726734594612,False
lhs_008,original_mpc,38,190.0,6.711810410673197,0.0,0.36636533041982033,3.9156787022212547,30.301189287564718,False
lhs_008,recovery_mpc,38,190.0,6.711810410673197,0.0,0.36636533041982033,3.9156787022212547,30.301189287564718,False
lhs_008,original_mpc,39,195.0,6.711810410673197,0.0,0.3682054445580721,3.9174777110826904,30.39454717596834,False
lhs_008,recovery_mpc,39,195.0,6.711810410673197,0.0,0.3682054445580721,3.9174777110826904,30.39454717596834,False
lhs_008,original_mpc,40,200.0,6.711810410673197,0.0,0.37004555869632383,3.919352281787668,30.48738653091936,False
lhs_008,recovery_mpc,40,200.0,6.711810410673197,0.0,0.37004555869632383,3.919352281787668,30.48738653091936,False
lhs_008,original_mpc,41,205.0,6.411606288027036,0.3002041226461607,0.37180336868463054,3.9142914500949955,30.571051995681085,True
lhs_008,recovery_mpc,41,205.0,6.411606288027036,0.3002041226461607,0.37180336868463054,3.9142914500949955,30.571051995681085,True
lhs_008,original_mpc,42,210.0,6.411606288027036,0.0,0.37356117867293726,3.915607558063212,30.65402177519203,False
lhs_008,recovery_mpc,42,210.0,6.411606288027036,0.0,0.37356117867293726,3.915607558063212,30.65402177519203,False
lhs_008,original_mpc,43,215.0,6.411606288027036,0.0,0.37531898866124397,3.9170563350148178,30.73636894738989,False
lhs_008,recovery_mpc,43,215.0,6.411606288027036,0.0,0.37531898866124397,3.9170563350148178,30.73636894738989,False
lhs_008,original_mpc,44,220.0,6.411606288027036,0.0,0.3770767986495507,3.918605606447224,30.818149624478156,False
lhs_008,recovery_mpc,44,220.0,6.411606288027036,0.0,0.3770767986495507,3.918605606447224,30.818149624478156,False
lhs_008,original_mpc,45,225.0,6.411606288027036,0.0,0.3788346086378574,3.9202304699749,30.89940678997096,False
lhs_008,recovery_mpc,45,225.0,6.411606288027036,0.0,0.3788346086378574,3.9202304699749,30.89940678997096,False
lhs_008,original_mpc,46,230.0,6.2334772100819595,0.17812907794507638,0.3805435826467927,3.917763811499744,30.975146478630858,True
lhs_008,recovery_mpc,46,230.0,6.2334772100819595,0.17812907794507638,0.3805435826467927,3.917763811499744,30.975146478630858,True
lhs_008,original_mpc,47,235.0,6.2334772100819595,0.0,0.38225255665572805,3.919099164458998,31.050286040977134,False
lhs_008,recovery_mpc,47,235.0,6.2334772100819595,0.0,0.38225255665572805,3.919099164458998,31.050286040977134,False
lhs_008,original_mpc,48,240.0,6.2334772100819595,0.0,0.3839615306646634,3.920527199467396,31.124875704300653,False
lhs_008,recovery_mpc,48,240.0,6.2334772100819595,0.0,0.3839615306646634,3.920527199467396,31.124875704300653,False
lhs_008,original_mpc,49,245.0,6.2334772100819595,0.0,0.3856705046735987,3.9220255573534955,31.19895421424192,False
lhs_008,recovery_mpc,49,245.0,6.2334772100819595,0.0,0.3856705046735987,3.9220255573534955,31.19895421424192,False
lhs_008,original_mpc,50,250.0,6.2334772100819595,0.0,0.38737947868253403,3.9235769412112536,31.272551429169987,False
lhs_008,recovery_mpc,50,250.0,6.2334772100819595,0.0,0.38737947868253403,3.9235769412112536,31.272551429169987,False
lhs_008,original_mpc,51,255.0,6.032647037940281,0.20083017214167853,0.3890333929659208,3.920491381238404,31.340137592068434,True
lhs_008,recovery_mpc,51,255.0,6.032647037940281,0.20083017214167853,0.3890333929659208,3.920491381238404,31.340137592068434,True
lhs_008,original_mpc,52,260.0,6.032647037940281,0.0,0.3906873072493076,3.921674919529286,31.407137659379714,False
lhs_008,recovery_mpc,52,260.0,6.032647037940281,0.0,0.3906873072493076,3.921674919529286,31.407137659379714,False
lhs_008,original_mpc,53,265.0,6.032647037940281,0.0,0.3923412215326944,3.922950480118545,31.473599505460992,False
lhs_008,recovery_mpc,53,265.0,6.032647037940281,0.0,0.3923412215326944,3.922950480118545,31.473599505460992,False
lhs_008,original_mpc,54,270.0,6.032647037940281,0.0,0.3939951358160812,3.924296688470064,31.5395603777849,False
lhs_008,recovery_mpc,54,270.0,6.032647037940281,0.0,0.3939951358160812,3.924296688470064,31.5395603777849,False
lhs_008,original_mpc,55,275.0,6.032647037940281,0.0,0.395649050099468,3.9256969897479315,31.60504929029818,False
lhs_008,recovery_mpc,55,275.0,6.032647037940281,0.0,0.395649050099468,3.9256969897479315,31.60504929029818,False
lhs_008,original_mpc,56,280.0,5.806914770885809,0.2257322670544717,0.39724107748339677,3.9218818380684186,31.664001405275748,True
lhs_008,recovery_mpc,56,280.0,5.806914770885809,0.2257322670544717,0.39724107748339677,3.9218818380684186,31.664001405275748,True
lhs_008,original_mpc,57,285.0,5.806914770885809,0.0,0.39883310486732554,3.9228634862081067,31.722366686095597,False
lhs_008,recovery_mpc,57,285.0,5.806914770885809,0.0,0.39883310486732554,3.9228634862081067,31.722366686095597,False
lhs_008,original_mpc,58,290.0,5.806914770885809,0.0,0.4004251322512543,3.9239480574562675,31.78019607284067,False
lhs_008,recovery_mpc,58,290.0,5.806914770885809,0.0,0.4004251322512543,3.9239480574562675,31.78019607284067,False
lhs_008,original_mpc,59,295.0,5.806914770885809,0.0,0.4020171596351831,3.925109729757398,31.83752947587287,False
lhs_008,recovery_mpc,59,295.0,5.806914770885809,0.0,0.4020171596351831,3.925109729757398,31.83752947587287,False
lhs_008,original_mpc,60,300.0,5.806914770885809,0.0,0.40360918701911186,3.9263295390889357,31.89439824956117,False
lhs_008,recovery_mpc,60,300.0,5.806914770885809,0.0,0.40360918701911186,3.9263295390889357,31.89439824956117,False
lhs_008,original_mpc,61,305.0,5.676650014650436,0.13026475623537337,0.40516550093603276,3.9245601619691644,31.94739544285654,True
lhs_008,recovery_mpc,61,305.0,5.676650014650436,0.13026475623537337,0.40516550093603276,3.9245601619691644,31.94739544285654,True
lhs_008,original_mpc,62,310.0,5.676650014650436,0.0,0.40672181485295367,3.925574453852456,31.99988576902138,False
lhs_008,recovery_mpc,62,310.0,5.676650014650436,0.0,0.40672181485295367,3.925574453852456,31.99988576902138,False
lhs_008,original_mpc,63,315.0,5.676650014650436,0.0,0.40827812876987457,3.9266598536027653,32.051905628694186,False
lhs_008,recovery_mpc,63,315.0,5.676650014650436,0.0,0.40827812876987457,3.9266598536027653,32.051905628694186,False
lhs_008,original_mpc,64,320.0,5.676650014650436,0.0,0.4098344426867955,3.9278000099850443,32.10348376834833,False
lhs_008,recovery_mpc,64,320.0,5.676650014650436,0.0,0.4098344426867955,3.9278000099850443,32.10348376834833,False
lhs_008,original_mpc,65,325.0,5.676650014650436,0.0,0.4113907566037164,3.9289822360102415,32.15464299114446,False
lhs_008,recovery_mpc,65,325.0,5.676650014650436,0.0,0.4113907566037164,3.9289822360102415,32.15464299114446,False
lhs_008,original_mpc,66,330.0,5.651112042847132,0.025537971803303527,0.41294006901432195,3.9296020344789113,32.204736594734406,True
lhs_008,recovery_mpc,66,330.0,5.651112042847132,0.025537971803303527,0.41294006901432195,3.9296020344789113,32.204736594734406,True
lhs_008,original_mpc,67,335.0,5.651112042847132,0.0,0.4144893814249275,3.9307855962823255,32.2544271661696,False
lhs_008,recovery_mpc,67,335.0,5.651112042847132,0.0,0.4144893814249275,3.9307855962823255,32.2544271661696,False
lhs_008,original_mpc,68,340.0,5.651112042847132,0.0,0.4160386938355331,3.9319968614815437,32.30373058600941,False
lhs_008,recovery_mpc,68,340.0,5.651112042847132,0.0,0.4160386938355331,3.9319968614815437,32.30373058600941,False
lhs_008,original_mpc,69,345.0,5.651112042847132,0.0,0.4175880062461387,3.9332293207503284,32.35265967121832,False
lhs_008,recovery_mpc,69,345.0,5.651112042847132,0.0,0.4175880062461387,3.9332293207503284,32.35265967121832,False
lhs_008,original_mpc,70,350.0,5.651112042847132,0.0,0.41913731865674425,3.934477935281528,32.40122485666349,False
lhs_008,recovery_mpc,70,350.0,5.651112042847132,0.0,0.41913731865674425,3.934477935281528,32.40122485666349,False
lhs_008,original_mpc,71,355.0,5.496676835207124,0.15443520764000862,0.4206442910142741,3.9321429173949385,32.44546026326543,True
lhs_008,recovery_mpc,71,355.0,5.496676835207124,0.15443520764000862,0.4206442910142741,3.9321429173949385,32.44546026326543,True
lhs_008,original_mpc,72,360.0,5.496676835207124,0.0,0.4221512633718039,3.9330775603109425,32.4892480899707,False
lhs_008,recovery_mpc,72,360.0,5.496676835207124,0.0,0.4221512633718039,3.9330775603109425,32.4892480899707,False
lhs_008,original_mpc,73,365.0,5.496676835207124,0.0,0.42365823572933375,3.9340735448234665,32.53261853202953,False
lhs_008,recovery_mpc,73,365.0,5.496676835207124,0.0,0.42365823572933375,3.9340735448234665,32.53261853202953,False
lhs_008,original_mpc,74,370.0,5.496676835207124,0.0,0.4251652080868636,3.9351173385270903,32.57559564026169,False
lhs_008,recovery_mpc,74,370.0,5.496676835207124,0.0,0.4251652080868636,3.9351173385270903,32.57559564026169,False
lhs_008,original_mpc,75,375.0,5.496676835207124,0.0,0.4266721804443934,3.9361984310634917,32.61819869105418,False
lhs_008,recovery_mpc,75,375.0,5.496676835207124,0.0,0.4266721804443934,3.9361984310634917,32.61819869105418,False
lhs_008,original_mpc,76,380.0,5.2508154367943405,0.24586139841278332,0.42811174728722784,3.9315841721837734,32.6542858544284,True
lhs_008,recovery_mpc,76,380.0,5.2508154367943405,0.24586139841278332,0.42811174728722784,3.9315841721837734,32.6542858544284,True
lhs_008,original_mpc,77,385.0,5.2508154367943405,0.0,0.42955131413006226,3.9321832633109097,32.68987860554913,False
lhs_008,recovery_mpc,77,385.0,5.2508154367943405,0.0,0.42955131413006226,3.9321832633109097,32.68987860554913,False
lhs_008,original_mpc,78,390.0,5.2508154367943405,0.0,0.4309908809728967,3.932886823647179,32.72502389533788,False
lhs_008,recovery_mpc,78,390.0,5.2508154367943405,0.0,0.4309908809728967,3.932886823647179,32.72502389533788,False
lhs_008,original_mpc,79,395.0,5.2508154367943405,0.0,0.4324304478157311,3.93367233396015,32.75975894216398,False
lhs_008,recovery_mpc,79,395.0,5.2508154367943405,0.0,0.4324304478157311,3.93367233396015,32.75975894216398,False
lhs_008,original_mpc,80,400.0,5.2508154367943405,0.0,0.4338700146585655,3.934522280510279,32.794113399151335,False
lhs_008,recovery_mpc,80,400.0,5.2508154367943405,0.0,0.4338700146585655,3.934522280510279,32.794113399151335,False
lhs_008,original_mpc,81,405.0,5.323559019926585,0.07274358313224472,0.43532952492762894,3.937116730292741,32.829901910941516,True
lhs_008,recovery_mpc,81,405.0,5.323559019926585,0.07274358313224472,0.43532952492762894,3.937116730292741,32.829901910941516,True
lhs_008,original_mpc,82,410.0,5.323559019926585,0.0,0.4367890351966924,3.9382156687408303,32.865397007820924,False
lhs_008,recovery_mpc,82,410.0,5.323559019926585,0.0,0.4367890351966924,3.9382156687408303,32.865397007820924,False
lhs_008,original_mpc,83,415.0,5.323559019926585,0.0,0.4382485454657558,3.939320975229064,32.900603384537064,False
lhs_008,recovery_mpc,83,415.0,5.323559019926585,0.0,0.4382485454657558,3.939320975229064,32.900603384537064,False
lhs_008,original_mpc,84,420.0,5.323559019926585,0.0,0.43970805573481925,3.9404317719202235,32.935525312855134,False
lhs_008,recovery_mpc,84,420.0,5.323559019926585,0.0,0.43970805573481925,3.9404317719202235,32.935525312855134,False
lhs_008,original_mpc,85,425.0,5.323559019926585,0.0,0.4411675660038827,3.9415473769464806,32.97016672182978,False
lhs_008,recovery_mpc,85,425.0,5.323559019926585,0.0,0.4411675660038827,3.9415473769464806,32.97016672182978,False
lhs_008,original_mpc,86,430.0,5.222703047193452,0.10085597273313329,0.4425994255364089,3.9403190403197157,33.002056142940674,True
lhs_008,recovery_mpc,86,430.0,5.222703047193452,0.10085597273313329,0.4425994255364089,3.9403190403197157,33.002056142940674,True
lhs_008,original_mpc,87,435.0,5.222703047193452,0.0,0.44403128506893513,3.9412237858706685,33.033610955296425,False
lhs_008,recovery_mpc,87,435.0,5.222703047193452,0.0,0.44403128506893513,3.9412237858706685,33.033610955296425,False
lhs_008,original_mpc,88,440.0,5.222703047193452,0.0,0.44546314460146136,3.9421675743742313,33.06484944155751,False
lhs_008,recovery_mpc,88,440.0,5.222703047193452,0.0,0.44546314460146136,3.9421675743742313,33.06484944155751,False
lhs_008,original_mpc,89,445.0,5.222703047193452,0.0,0.4468950041339876,3.943142486894198,33.095786451853904,False
lhs_008,recovery_mpc,89,445.0,5.222703047193452,0.0,0.4468950041339876,3.943142486894198,33.095786451853904,False
lhs_008,original_mpc,90,450.0,5.222703047193452,0.0,0.4483268636665138,3.944142362509889,33.126434161993444,False
lhs_008,recovery_mpc,90,450.0,5.222703047193452,0.0,0.4483268636665138,3.944142362509889,33.126434161993444,False
lhs_008,original_mpc,91,455.0,5.05780011625187,0.16490293094158215,0.44971351330839976,3.9413229500538645,33.15283550641196,True
lhs_008,recovery_mpc,91,455.0,5.05780011625187,0.16490293094158215,0.44971351330839976,3.9413229500538645,33.15283550641196,True
lhs_008,original_mpc,92,460.0,5.05780011625187,0.0,0.4511001629502857,3.9420012920815206,33.178870414884756,False
lhs_008,recovery_mpc,92,460.0,5.05780011625187,0.0,0.4511001629502857,3.9420012920815206,33.178870414884756,False
lhs_008,original_mpc,93,465.0,5.05780011625187,0.0,0.45248681259217166,3.942751178802916,33.20456972921096,False
lhs_008,recovery_mpc,93,465.0,5.05780011625187,0.0,0.45248681259217166,3.942751178802916,33.20456972921096,False
lhs_008,original_mpc,94,470.0,5.05780011625187,0.0,0.4538734622340576,3.9435578023894315,33.229958115489296,False
lhs_008,recovery_mpc,94,470.0,5.05780011625187,0.0,0.4538734622340576,3.9435578023894315,33.229958115489296,False
lhs_008,original_mpc,95,475.0,5.05780011625187,0.0,0.45526011187594356,3.9444096371524915,33.25505543334182,False
lhs_008,recovery_mpc,95,475.0,5.05780011625187,0.0,0.45526011187594356,3.9444096371524915,33.25505543334182,False
lhs_008,original_mpc,96,480.0,4.8612189179402145,0.19658119831165521,0.4565928666936026,3.940720583392582,33.27528242771991,True
lhs_008,recovery_mpc,96,480.0,4.8612189179402145,0.19658119831165521,0.4565928666936026,3.940720583392582,33.27528242771991,True
lhs_008,original_mpc,97,485.0,4.8612189179402145,0.0,0.45792562151126165,3.9412108427173176,33.2951396936214,False
lhs_008,recovery_mpc,97,485.0,4.8612189179402145,0.0,0.45792562151126165,3.9412108427173176,33.2951396936214,False
lhs_008,original_mpc,98,490.0,4.8612189179402145,0.0,0.4592583763289207,3.9417940383084216,33.31466507223992,False
lhs_008,recovery_mpc,98,490.0,4.8612189179402145,0.0,0.4592583763289207,3.9417940383084216,33.31466507223992,False
lhs_008,original_mpc,99,495.0,4.8612189179402145,0.0,0.46059113114657974,3.9424509678107316,33.333888722214006,False
lhs_008,recovery_mpc,99,495.0,4.8612189179402145,0.0,0.46059113114657974,3.9424509678107316,33.333888722214006,False
lhs_008,original_mpc,100,500.0,4.8612189179402145,0.0,0.4619238859642388,3.943166678710763,33.3528348226297,False
lhs_008,recovery_mpc,100,500.0,4.8612189179402145,0.0,0.4619238859642388,3.943166678710763,33.3528348226297,False
lhs_008,original_mpc,101,505.0,4.889241901738974,0.028022983798759782,0.46326432358065534,3.944582021623256,33.37216589570619,True
lhs_008,recovery_mpc,101,505.0,4.889241901738974,0.028022983798759782,0.46326432358065534,3.944582021623256,33.37216589570619,True
lhs_008,original_mpc,102,510.0,4.889241901738974,0.0,0.4646047611970719,3.9454438246758463,33.39127023836302,False
lhs_008,recovery_mpc,102,510.0,4.889241901738974,0.0,0.4646047611970719,3.9454438246758463,33.39127023836302,False
lhs_008,original_mpc,103,515.0,4.889241901738974,0.0,0.46594519881348845,3.9463267527914745,33.41015702198336,False
lhs_008,recovery_mpc,103,515.0,4.889241901738974,0.0,0.46594519881348845,3.9463267527914745,33.41015702198336,False
lhs_008,original_mpc,104,520.0,4.889241901738974,0.0,0.467285636429905,3.9472274142664436,33.42883402856179,False
lhs_008,recovery_mpc,104,520.0,4.889241901738974,0.0,0.467285636429905,3.9472274142664436,33.42883402856179,False
lhs_008,original_mpc,105,525.0,4.889241901738974,0.0,0.46862607404632156,3.94814315435487,33.447307943714264,False
lhs_008,recovery_mpc,105,525.0,4.889241901738974,0.0,0.46862607404632156,3.94814315435487,33.447307943714264,False
lhs_008,original_mpc,106,530.0,4.60852366049398,0.280718241244994,0.46988954977422015,3.9425352476467186,33.45927317740235,True
lhs_008,recovery_mpc,106,530.0,4.60852366049398,0.280718241244994,0.46988954977422015,3.9425352476467186,33.45927317740235,True
lhs_008,original_mpc,107,535.0,4.60852366049398,0.0,0.47115302550211874,3.942864946684365,33.47089982511163,False
lhs_008,recovery_mpc,107,535.0,4.60852366049398,0.0,0.47115302550211874,3.942864946684365,33.47089982511163,False
lhs_008,original_mpc,108,540.0,4.60852366049398,0.0,0.4724165012300173,3.943303389548028,33.482229250601726,False
lhs_008,recovery_mpc,108,540.0,4.60852366049398,0.0,0.4724165012300173,3.943303389548028,33.482229250601726,False
lhs_008,original_mpc,109,545.0,4.60852366049398,0.0,0.4736799769579159,3.9438282022389206,33.49329433718506,False
lhs_008,recovery_mpc,109,545.0,4.60852366049398,0.0,0.4736799769579159,3.9438282022389206,33.49329433718506,False
lhs_008,original_mpc,110,550.0,4.60852366049398,0.0,0.4749434526858145,3.9444219573830024,33.50412137053694,False
lhs_008,recovery_mpc,110,550.0,4.60852366049398,0.0,0.4749434526858145,3.9444219573830024,33.50412137053694,False
lhs_008,original_mpc,111,555.0,4.550092380056866,0.0584312804371141,0.4761909088573386,3.9437104061115895,33.5134599055555,True
lhs_008,recovery_mpc,111,555.0,4.550092380056866,0.0584312804371141,0.4761909088573386,3.9437104061115895,33.5134599055555,True
lhs_008,original_mpc,112,560.0,4.550092380056866,0.0,0.4774383650288627,3.9442771654480557,33.52256920358579,False
lhs_008,recovery_mpc,112,560.0,4.550092380056866,0.0,0.4774383650288627,3.9442771654480557,33.52256920358579,False
lhs_008,original_mpc,113,565.0,4.550092380056866,0.0,0.47868582120038683,3.9449009676748226,33.531470671971135,False
lhs_008,recovery_mpc,113,565.0,4.550092380056866,0.0,0.47868582120038683,3.9449009676748226,33.531470671971135,False
lhs_008,original_mpc,114,570.0,4.550092380056866,0.0,0.47993327737191094,3.9455709143369693,33.54018163079396,False
lhs_008,recovery_mpc,114,570.0,4.550092380056866,0.0,0.47993327737191094,3.9455709143369693,33.54018163079396,False
lhs_008,original_mpc,115,575.0,4.550092380056866,0.0,0.48118073354343505,3.946278500615648,33.54871620745114,False
lhs_008,recovery_mpc,115,575.0,4.550092380056866,0.0,0.48118073354343505,3.946278500615648,33.54871620745114,False
lhs_008,original_mpc,116,580.0,4.09086956276771,0.4592228172891559,0.48230228890027615,3.9363226748343467,33.54751853060339,True
lhs_008,recovery_mpc,116,580.0,4.09086956276771,0.4592228172891559,0.48230228890027615,3.9363226748343467,33.54751853060339,True
lhs_008,original_mpc,117,585.0,4.09086956276771,0.0,0.48342384425711726,3.93608724179876,33.54596032998358,False
lhs_008,recovery_mpc,117,585.0,4.09086956276771,0.0,0.48342384425711726,3.93608724179876,33.54596032998358,False
lhs_008,original_mpc,118,590.0,4.09086956276771,0.0,0.48454539961395837,3.9360348916678003,33.54410265317094,False
lhs_008,recovery_mpc,118,590.0,4.09086956276771,0.0,0.48454539961395837,3.9360348916678003,33.54410265317094,False
lhs_008,original_mpc,119,595.0,4.09086956276771,0.0,0.4856669549707995,3.9361274956252914,33.541993742378224,False
lhs_008,recovery_mpc,119,595.0,4.09086956276771,0.0,0.4856669549707995,3.9361274956252914,33.541993742378224,False
lhs_008,original_mpc,120,600.0,4.09086956276771,0.0,0.4867885103276406,3.9363353536682637,33.53967188232282,False
lhs_008,recovery_mpc,120,600.0,4.09086956276771,0.0,0.4867885103276406,3.9363353536682637,33.53967188232282,False
lhs_008,original_mpc,121,605.0,3.832199116007814,0.25867044675989614,0.4878391484330835,3.9306110083848416,33.53214621990697,True
lhs_008,recovery_mpc,121,605.0,3.832199116007814,0.25867044675989614,0.4878391484330835,3.9306110083848416,33.53214621990697,True
lhs_008,original_mpc,122,610.0,3.832199116007814,0.0,0.48888978653852644,3.930421473538576,33.52435996590473,False
lhs_008,recovery_mpc,122,610.0,3.832199116007814,0.0,0.48888978653852644,3.930421473538576,33.52435996590473,False
lhs_008,original_mpc,123,615.0,3.832199116007814,0.0,0.48994042464396936,3.930382792452896,33.5163599288613,False
lhs_008,recovery_mpc,123,615.0,3.832199116007814,0.0,0.48994042464396936,3.930382792452896,33.5163599288613,False
lhs_008,original_mpc,124,620.0,3.832199116007814,0.0,0.4909910627494123,3.930464284162135,33.50818326915744,False
lhs_008,recovery_mpc,124,620.0,3.832199116007814,0.0,0.4909910627494123,3.930464284162135,33.50818326915744,False
lhs_008,original_mpc,125,625.0,3.832199116007814,0.0,0.4920417008548552,3.9306420292249356,33.499859632855454,False
lhs_008,recovery_mpc,125,625.0,3.832199116007814,0.0,0.4920417008548552,3.9306420292249356,33.499859632855454,False
lhs_008,original_mpc,126,630.0,3.9617971224759976,0.12959800646818342,0.493127869630773,3.9339158446738707,33.49386266148451,True
lhs_008,recovery_mpc,126,630.0,3.9617971224759976,0.12959800646818342,0.493127869630773,3.9339158446738707,33.49386266148451,True
lhs_008,original_mpc,127,635.0,3.9617971224759976,0.0,0.49421403840669076,3.9345167654563826,33.487816129906136,False
lhs_008,recovery_mpc,127,635.0,3.9617971224759976,0.0,0.49421403840669076,3.9345167654563826,33.487816129906136,False
lhs_008,original_mpc,128,640.0,3.9617971224759976,0.0,0.49530020718260853,3.935123792662189,33.481721504188,False
lhs_008,recovery_mpc,128,640.0,3.9617971224759976,0.0,0.49530020718260853,3.935123792662189,33.481721504188,False
lhs_008,original_mpc,129,645.0,3.9617971224759976,0.0,0.4963863759585263,3.935737870904588,33.47558054494923,False
lhs_008,recovery_mpc,129,645.0,3.9617971224759976,0.0,0.4963863759585263,3.935737870904588,33.47558054494923,False
lhs_008,original_mpc,130,650.0,3.9617971224759976,0.0,0.4974725447344441,3.936359684765328,33.46939521628374,False
lhs_008,recovery_mpc,130,650.0,3.9617971224759976,0.0,0.4974725447344441,3.936359684765328,33.46939521628374,False
lhs_008,original_mpc,131,655.0,4.482614191297342,0.5208170688213447,0.49870150104355215,3.949121062367159,33.47346739084158,True
lhs_008,recovery_mpc,131,655.0,4.482614191297342,0.5208170688213447,0.49870150104355215,3.949121062367159,33.47346739084158,True
lhs_008,original_mpc,132,660.0,4.482614191297342,0.0,0.49993045735266023,3.9508962020192198,33.477767019094244,False
lhs_008,recovery_mpc,132,660.0,4.482614191297342,0.0,0.49993045735266023,3.9508962020192198,33.477767019094244,False
lhs_008,original_mpc,133,665.0,4.482614191297342,0.0,0.5011594136617683,3.952496087325907,33.48222987186344,False
lhs_008,recovery_mpc,133,665.0,4.482614191297342,0.0,0.5011594136617683,3.952496087325907,33.48222987186344,False
lhs_008,original_mpc,134,670.0,4.482614191297342,0.0,0.5023883699708764,3.953959059812745,33.48680629718854,False
lhs_008,recovery_mpc,134,670.0,4.482614191297342,0.0,0.5023883699708764,3.953959059812745,33.48680629718854,False
lhs_008,original_mpc,135,675.0,4.482614191297342,0.0,0.5036173262799846,3.9553160221841575,33.49145794535255,False
lhs_008,recovery_mpc,135,675.0,4.482614191297342,0.0,0.5036173262799846,3.9553160221841575,33.49145794535255,False
lhs_008,original_mpc,136,680.0,4.785990631071815,0.30337643977447293,0.5049294564634849,3.9636575323119,33.5025862435714,True
lhs_008,recovery_mpc,136,680.0,4.785990631071815,0.30337643977447293,0.5049294564634849,3.9636575323119,33.5025862435714,True
lhs_008,original_mpc,137,685.0,4.785990631071815,0.0,0.5062415866469852,3.965530962503695,33.51391427835522,False
lhs_008,recovery_mpc,137,685.0,4.785990631071815,0.0,0.5062415866469852,3.965530962503695,33.51391427835522,False
lhs_008,original_mpc,138,690.0,4.785990631071815,0.0,0.5075537168304854,3.96724878147882,33.525381849562876,False
lhs_008,recovery_mpc,138,690.0,4.785990631071815,0.0,0.5075537168304854,3.96724878147882,33.525381849562876,False
lhs_008,original_mpc,139,695.0,4.785990631071815,0.0,0.5088658470139857,3.968845359989785,33.53694219678863,False
lhs_008,recovery_mpc,139,695.0,4.785990631071815,0.0,0.5088658470139857,3.968845359989785,33.53694219678863,False
lhs_008,original_mpc,140,700.0,4.785990631071815,0.0,0.510177977197486,3.9703474394974974,33.5485589950799,False
lhs_008,recovery_mpc,140,700.0,4.785990631071815,0.0,0.510177977197486,3.9703474394974974,33.5485589950799,False
lhs_008,original_mpc,141,705.0,4.677167416488929,0.1088232145828858,0.5114602723404427,3.9692410463665557,33.55784427542755,True
lhs_008,recovery_mpc,141,705.0,4.677167416488929,0.1088232145828858,0.5114602723404427,3.9692410463665557,33.55784427542755,True
lhs_008,original_mpc,142,710.0,4.677167416488929,0.0,0.5127425674833993,3.9703745840701914,33.567073969081726,False
lhs_008,recovery_mpc,142,710.0,4.677167416488929,0.0,0.5127425674833993,3.9703745840701914,33.567073969081726,False
lhs_008,original_mpc,143,715.0,4.677167416488929,0.0,0.5140248626263559,3.971501548754939,33.576246042400825,False
lhs_008,recovery_mpc,143,715.0,4.677167416488929,0.0,0.5140248626263559,3.971501548754939,33.576246042400825,False
lhs_008,original_mpc,144,720.0,4.677167416488929,0.0,0.5153071577693126,3.9726234873260737,33.58535901878183,False
lhs_008,recovery_mpc,144,720.0,4.677167416488929,0.0,0.5153071577693126,3.9726234873260737,33.58535901878183,False
lhs_008,original_mpc,145,725.0,4.677167416488929,0.0,0.5165894529122692,3.973741615678704,33.594411858998086,False
lhs_008,recovery_mpc,145,725.0,4.677167416488929,0.0,0.5165894529122692,3.973741615678704,33.594411858998086,False
lhs_008,original_mpc,146,730.0,4.575020971775502,0.10214644471342726,0.5178437435220836,3.972477620644335,33.601220892678256,True
lhs_008,recovery_mpc,146,730.0,4.575020971775502,0.10214644471342726,0.5178437435220836,3.972477620644335,33.601220892678256,True
lhs_008,original_mpc,147,735.0,4.575020971775502,0.0,0.519098034131898,3.9733679822256773,33.60791370748775,False
lhs_008,recovery_mpc,147,735.0,4.575020971775502,0.0,0.519098034131898,3.9733679822256773,33.60791370748775,False
lhs_008,original_mpc,148,740.0,4.575020971775502,0.0,0.5203523247417124,3.9742927914816164,33.614503450977885,False
lhs_008,recovery_mpc,148,740.0,4.575020971775502,0.0,0.5203523247417124,3.9742927914816164,33.614503450977885,False
lhs_008,original_mpc,149,745.0,4.575020971775502,0.0,0.5216066153515269,3.9752447576276166,33.62100051084767,False
lhs_008,recovery_mpc,149,745.0,4.575020971775502,0.0,0.5216066153515269,3.9752447576276166,33.62100051084767,False
lhs_008,original_mpc,150,750.0,4.575020971775502,0.0,0.5228609059613413,3.976218218869957,33.627413130759344,False
lhs_008,recovery_mpc,150,750.0,4.575020971775502,0.0,0.5228609059613413,3.976218218869957,33.627413130759344,False
lhs_008,original_mpc,151,755.0,4.007023673904629,0.5679972978708729,0.5239594740768733,3.9639783376799884,33.62221568572371,True
lhs_008,recovery_mpc,151,755.0,4.007023673904629,0.5679972978708729,0.5239594740768733,3.9639783376799884,33.62221568572371,True
lhs_008,original_mpc,152,760.0,4.007023673904629,0.0,0.5250580421924053,3.9637432741818697,33.61668805474222,False
lhs_008,recovery_mpc,152,760.0,4.007023673904629,0.0,0.5250580421924053,3.9637432741818697,33.61668805474222,False
lhs_008,original_mpc,153,765.0,4.007023673904629,0.0,0.5261566103079373,3.9637190303630447,33.610899065157156,False
lhs_008,recovery_mpc,153,765.0,4.007023673904629,0.0,0.5261566103079373,3.9637190303630447,33.610899065157156,False
lhs_008,original_mpc,154,770.0,4.007023673904629,0.0,0.5272551784234693,3.9638603368206278,33.604902658987726,False
lhs_008,recovery_mpc,154,770.0,4.007023673904629,0.0,0.5272551784234693,3.9638603368206278,33.604902658987726,False
lhs_008,original_mpc,155,775.0,4.007023673904629,0.0,0.5283537465390012,3.964131967617255,33.59874121759578,False
lhs_008,recovery_mpc,155,775.0,4.007023673904629,0.0,0.5283537465390012,3.964131967617255,33.59874121759578,False
lhs_008,original_mpc,156,780.0,4.298042571494407,0.29101889758977784,0.5295321005774345,3.9712854270140707,33.59814052488716,True
lhs_008,recovery_mpc,156,780.0,4.298042571494407,0.29101889758977784,0.5295321005774345,3.9712854270140707,33.59814052488716,True
lhs_008,original_mpc,157,785.0,4.298042571494407,0.0,0.5307104546158677,3.972376705264249,33.59757170064798,False
lhs_008,recovery_mpc,157,785.0,4.298042571494407,0.0,0.5307104546158677,3.972376705264249,33.59757170064798,False
lhs_008,original_mpc,158,790.0,4.298042571494407,0.0,0.531888808654301,3.9734305908278547,33.5970214013956,False
lhs_008,recovery_mpc,158,790.0,4.298042571494407,0.0,0.531888808654301,3.9734305908278547,33.5970214013956,False
lhs_008,original_mpc,159,795.0,4.298042571494407,0.0,0.5330671626927342,3.9744562739164957,33.59647950863325,False
lhs_008,recovery_mpc,159,795.0,4.298042571494407,0.0,0.5330671626927342,3.9744562739164957,33.59647950863325,False
lhs_008,original_mpc,160,800.0,4.298042571494407,0.0,0.5342455167311675,3.9754608911091847,33.5959383906081,False
lhs_008,recovery_mpc,160,800.0,4.298042571494407,0.0,0.5342455167311675,3.9754608911091847,33.5959383906081,False
lhs_008,original_mpc,161,805.0,4.447259099178474,0.14921652768406712,0.5354647800661171,3.9799259361028803,33.5984117313857,True
lhs_008,recovery_mpc,161,805.0,4.447259099178474,0.14921652768406712,0.5354647800661171,3.9799259361028803,33.5984117313857,True
lhs_008,original_mpc,162,810.0,4.447259099178474,0.0,0.5366840434010667,3.981229644496874,33.60095400562634,False
lhs_008,recovery_mpc,162,810.0,4.447259099178474,0.0,0.5366840434010667,3.981229644496874,33.60095400562634,False
lhs_008,original_mpc,163,815.0,4.447259099178474,0.0,0.5379033067360163,3.982473017526999,33.603543058905345,False
lhs_008,recovery_mpc,163,815.0,4.447259099178474,0.0,0.5379033067360163,3.982473017526999,33.603543058905345,False
lhs_008,original_mpc,164,820.0,4.447259099178474,0.0,0.5391225700709659,3.9836699980741344,33.60616179329828,False
lhs_008,recovery_mpc,164,820.0,4.447259099178474,0.0,0.5391225700709659,3.9836699980741344,33.60616179329828,False
lhs_008,original_mpc,165,825.0,4.447259099178474,0.0,0.5403418334059155,3.9848314307660915,33.60879703200839,False
lhs_008,recovery_mpc,165,825.0,4.447259099178474,0.0,0.5403418334059155,3.9848314307660915,33.60879703200839,False
lhs_008,original_mpc,166,830.0,4.14273900684672,0.3045200923317539,0.5414776093219729,3.9788716657653778,33.60533060054162,True
lhs_008,recovery_mpc,166,830.0,4.14273900684672,0.3045200923317539,0.5414776093219729,3.9788716657653778,33.60533060054162,True
lhs_008,original_mpc,167,835.0,4.14273900684672,0.0,0.5426133852380303,3.979320047474291,33.601714892543555,False
lhs_008,recovery_mpc,167,835.0,4.14273900684672,0.0,0.5426133852380303,3.979320047474291,33.601714892543555,False
lhs_008,original_mpc,168,840.0,4.14273900684672,0.0,0.5437491611540877,3.9798599930833785,33.59798046763288,False
lhs_008,recovery_mpc,168,840.0,4.14273900684672,0.0,0.5437491611540877,3.9798599930833785,33.59798046763288,False
lhs_008,original_mpc,169,845.0,4.14273900684672,0.0,0.5448849370701451,3.9804723092517365,33.59415134725055,False
lhs_008,recovery_mpc,169,845.0,4.14273900684672,0.0,0.5448849370701451,3.9804723092517365,33.59415134725055,False
lhs_008,original_mpc,170,850.0,4.14273900684672,0.0,0.5460207129862025,3.9811420599350518,33.59024647477117,False
lhs_008,recovery_mpc,170,850.0,4.14273900684672,0.0,0.5460207129862025,3.9811420599350518,33.59024647477117,False
lhs_008,original_mpc,171,855.0,4.699708749175053,0.5569697423283326,0.5473091880750206,3.994833576785618,33.597580779091416,True
lhs_008,recovery_mpc,171,855.0,4.699708749175053,0.5569697423283326,0.5473091880750206,3.994833576785618,33.597580779091416,True
lhs_008,original_mpc,172,860.0,4.699708749175053,0.0,0.5485976631638387,3.9968037895951913,33.60516995258145,False
lhs_008,recovery_mpc,172,860.0,4.699708749175053,0.0,0.5485976631638387,3.9968037895951913,33.60516995258145,False
lhs_008,original_mpc,173,865.0,4.699708749175053,0.0,0.5498861382526569,3.9986080758730833,33.612949877135165,False
lhs_008,recovery_mpc,173,865.0,4.699708749175053,0.0,0.5498861382526569,3.9986080758730833,33.612949877135165,False
lhs_008,original_mpc,174,870.0,4.699708749175053,0.0,0.551174613341475,4.0002833243625675,33.62087061856332,False
lhs_008,recovery_mpc,174,870.0,4.699708749175053,0.0,0.551174613341475,4.0002833243625675,33.62087061856332,False
lhs_008,original_mpc,175,875.0,4.699708749175053,0.0,0.5524630884302931,4.001858240204449,33.62889324883935,False
lhs_008,recovery_mpc,175,875.0,4.699708749175053,0.0,0.5524630884302931,4.001858240204449,33.62889324883935,False
lhs_008,original_mpc,176,880.0,4.376908944383019,0.32279980479203374,0.5536630645228228,3.9958341233665884,33.63025309318863,True
lhs_008,recovery_mpc,176,880.0,4.376908944383019,0.32279980479203374,0.5536630645228228,3.9958341233665884,33.63025309318863,True
lhs_008,original_mpc,177,885.0,4.376908944383019,0.0,0.5548630406153524,3.9965639177712076,33.63148851595742,False
lhs_008,recovery_mpc,177,885.0,4.376908944383019,0.0,0.5548630406153524,3.9965639177712076,33.63148851595742,False
lhs_008,original_mpc,178,890.0,4.376908944383019,0.0,0.556063016707882,3.9973600033759413,33.63262270094789,False
lhs_008,recovery_mpc,178,890.0,4.376908944383019,0.0,0.556063016707882,3.9973600033759413,33.63262270094789,False
lhs_008,original_mpc,179,895.0,4.376908944383019,0.0,0.5572629928004117,3.9982083780488398,33.63367378042889,False
lhs_008,recovery_mpc,179,895.0,4.376908944383019,0.0,0.5572629928004117,3.9982083780488398,33.63367378042889,False
lhs_008,original_mpc,180,900.0,4.376908944383019,0.0,0.5584629688929413,3.9990981598147495,33.63465597151205,False
lhs_008,recovery_mpc,180,900.0,4.376908944383019,0.0,0.5584629688929413,3.9990981598147495,33.63465597151205,False
lhs_008,original_mpc,181,905.0,4.638564377115202,0.2616554327321827,0.5597346806024895,4.006117869216312,33.640991315181424,True
lhs_008,recovery_mpc,181,905.0,4.638564377115202,0.2616554327321827,0.5597346806024895,4.006117869216312,33.640991315181424,True
lhs_008,original_mpc,182,910.0,4.638564377115202,0.0,0.5610063923120377,4.00764028126466,33.64741961270043,False
lhs_008,recovery_mpc,182,910.0,4.638564377115202,0.0,0.5610063923120377,4.00764028126466,33.64741961270043,False
lhs_008,original_mpc,183,915.0,4.638564377115202,0.0,0.562278104021586,4.009092135124645,33.65391349906152,False
lhs_008,recovery_mpc,183,915.0,4.638564377115202,0.0,0.562278104021586,4.009092135124645,33.65391349906152,False
lhs_008,original_mpc,184,920.0,4.638564377115202,0.0,0.5635498157311342,4.0104893778913855,33.66045164977677,False
lhs_008,recovery_mpc,184,920.0,4.638564377115202,0.0,0.5635498157311342,4.0104893778913855,33.66045164977677,False
lhs_008,original_mpc,185,925.0,4.638564377115202,0.0,0.5648215274406824,4.011844429853801,33.66701742741273,False
lhs_008,recovery_mpc,185,925.0,4.638564377115202,0.0,0.5648215274406824,4.011844429853801,33.66701742741273,False
lhs_008,original_mpc,186,930.0,4.704070640410658,0.06550626329545572,0.5661111983883286,4.014693538298095,33.674991586614155,True
lhs_008,recovery_mpc,186,930.0,4.704070640410658,0.06550626329545572,0.5661111983883286,4.014693538298095,33.674991586614155,True
lhs_008,original_mpc,187,935.0,4.704070640410658,0.0,0.5674008693359748,4.016134821824183,33.683007469983025,False
lhs_008,recovery_mpc,187,935.0,4.704070640410658,0.0,0.5674008693359748,4.016134821824183,33.683007469983025,False
lhs_008,original_mpc,188,940.0,4.704070640410658,0.0,0.568690540283621,4.017534048803003,33.69104820247946,False
lhs_008,recovery_mpc,188,940.0,4.704070640410658,0.0,0.568690540283621,4.017534048803003,33.69104820247946,False
lhs_008,original_mpc,189,945.0,4.704070640410658,0.0,0.5699802112312672,4.018900804592081,33.699100575313636,False
lhs_008,recovery_mpc,189,945.0,4.704070640410658,0.0,0.5699802112312672,4.018900804592081,33.699100575313636,False
lhs_008,original_mpc,190,950.0,4.704070640410658,0.0,0.5712698821789134,4.020242567602037,33.707154231420155,False
lhs_008,recovery_mpc,190,950.0,4.704070640410658,0.0,0.5712698821789134,4.020242567602037,33.707154231420155,False
lhs_008,original_mpc,191,955.0,4.6792310793255565,0.024839561085101103,0.5725527430969635,4.020986238648537,33.71466913584382,True
lhs_008,recovery_mpc,191,955.0,4.6792310793255565,0.024839561085101103,0.5725527430969635,4.020986238648537,33.71466913584382,True
lhs_008,original_mpc,192,960.0,4.6792310793255565,0.0,0.5738356040150135,4.022239691255746,33.72215682272532,False
lhs_008,recovery_mpc,192,960.0,4.6792310793255565,0.0,0.5738356040150135,4.022239691255746,33.72215682272532,False
lhs_008,original_mpc,193,965.0,4.6792310793255565,0.0,0.5751184649330636,4.023490843460417,33.72961559240777,False
lhs_008,recovery_mpc,193,965.0,4.6792310793255565,0.0,0.5751184649330636,4.023490843460417,33.72961559240777,False
lhs_008,original_mpc,194,970.0,4.6792310793255565,0.0,0.5764013258511137,4.024740610240513,33.73704406913736,False
lhs_008,recovery_mpc,194,970.0,4.6792310793255565,0.0,0.5764013258511137,4.024740610240513,33.73704406913736,False
lhs_008,original_mpc,195,975.0,4.6792310793255565,0.0,0.5776841867691638,4.025989726318523,33.74444113360035,False
lhs_008,recovery_mpc,195,975.0,4.6792310793255565,0.0,0.5776841867691638,4.025989726318523,33.74444113360035,False
lhs_008,original_mpc,196,980.0,4.49716637260849,0.18206470671706665,0.5789171327133978,4.02299477821341,33.74795994449981,True
lhs_008,recovery_mpc,196,980.0,4.49716637260849,0.18206470671706665,0.5789171327133978,4.02299477821341,33.74795994449981,True
lhs_008,original_mpc,197,985.0,4.49716637260849,0.0,0.5801500786576319,4.023843660597806,33.75134889934839,False
lhs_008,recovery_mpc,197,985.0,4.49716637260849,0.0,0.5801500786576319,4.023843660597806,33.75134889934839,False
lhs_008,original_mpc,198,990.0,4.49716637260849,0.0,0.581383024601866,4.024757195664725,33.75463082820262,False
lhs_008,recovery_mpc,198,990.0,4.49716637260849,0.0,0.581383024601866,4.024757195664725,33.75463082820262,False
lhs_008,original_mpc,199,995.0,4.49716637260849,0.0,0.5826159705461,4.025721861934385,33.75782355527917,False
lhs_008,recovery_mpc,199,995.0,4.49716637260849,0.0,0.5826159705461,4.025721861934385,33.75782355527917,False
lhs_008,original_mpc,200,1000.0,4.49716637260849,0.0,0.5838489164903341,4.026727156836887,33.76094102031209,False
lhs_008,recovery_mpc,200,1000.0,4.49716637260849,0.0,0.5838489164903341,4.026727156836887,33.76094102031209,False
lhs_008,original_mpc,201,1005.0,4.572925016329628,0.07575864372113816,0.5851026324716931,4.029531155749864,33.76557637445956,True
lhs_008,recovery_mpc,201,1005.0,4.572925016329628,0.07575864372113816,0.5851026324716931,4.029531155749864,33.76557637445956,True
lhs_008,original_mpc,202,1010.0,4.572925016329628,0.0,0.5863563484530522,4.03076203329907,33.77019632940461,False
lhs_008,recovery_mpc,202,1010.0,4.572925016329628,0.0,0.5863563484530522,4.03076203329907,33.77019632940461,False
lhs_008,original_mpc,203,1015.0,4.572925016329628,0.0,0.5876100644344112,4.031987590523189,33.77479782373122,False
lhs_008,recovery_mpc,203,1015.0,4.572925016329628,0.0,0.5876100644344112,4.031987590523189,33.77479782373122,False
lhs_008,original_mpc,204,1020.0,4.572925016329628,0.0,0.5888637804157703,4.03320978253247,33.77937850828719,False
lhs_008,recovery_mpc,204,1020.0,4.572925016329628,0.0,0.5888637804157703,4.03320978253247,33.77937850828719,False
lhs_008,original_mpc,205,1025.0,4.572925016329628,0.0,0.5901174963971293,4.034430143992935,33.783936584351984,False
lhs_008,recovery_mpc,205,1025.0,4.572925016329628,0.0,0.5901174963971293,4.034430143992935,33.783936584351984,False
lhs_008,original_mpc,206,1030.0,4.646705622106036,0.07378060577640788,0.5913914401154939,4.037370284513516,33.79002927742331,True
lhs_008,recovery_mpc,206,1030.0,4.646705622106036,0.07378060577640788,0.5913914401154939,4.037370284513516,33.79002927742331,True
lhs_008,original_mpc,207,1035.0,4.646705622106036,0.0,0.5926653838338586,4.0387532604163905,33.796137643987215,False
lhs_008,recovery_mpc,207,1035.0,4.646705622106036,0.0,0.5926653838338586,4.0387532604163905,33.796137643987215,False
lhs_008,original_mpc,208,1040.0,4.646705622106036,0.0,0.5939393275522232,4.040111478305476,33.802251081345744,False
lhs_008,recovery_mpc,208,1040.0,4.646705622106036,0.0,0.5939393275522232,4.040111478305476,33.802251081345744,False
lhs_008,original_mpc,209,1045.0,4.646705622106036,0.0,0.5952132712705879,4.041451155017215,33.808361329056765,False
lhs_008,recovery_mpc,209,1045.0,4.646705622106036,0.0,0.5952132712705879,4.041451155017215,33.808361329056765,False
lhs_008,original_mpc,210,1050.0,4.646705622106036,0.0,0.5964872149889525,4.0427771434344475,33.81446194613751,False
lhs_008,recovery_mpc,210,1050.0,4.646705622106036,0.0,0.5964872149889525,4.0427771434344475,33.81446194613751,False
lhs_008,original_mpc,211,1055.0,4.149022973306542,0.4976826487994943,0.5976247137211831,4.032486265138366,33.810331702953704,True
lhs_008,recovery_mpc,211,1055.0,4.149022973306542,0.4976826487994943,0.5976247137211831,4.032486265138366,33.810331702953704,True
lhs_008,original_mpc,212,1060.0,4.149022973306542,0.0,0.5987622124534137,4.032694426349159,33.80594169918239,False
lhs_008,recovery_mpc,212,1060.0,4.149022973306542,0.0,0.5987622124534137,4.032694426349159,33.80594169918239,False
lhs_008,original_mpc,213,1065.0,4.149022973306542,0.0,0.5998997111856442,4.033072298212065,33.801348271172216,False
lhs_008,recovery_mpc,213,1065.0,4.149022973306542,0.0,0.5998997111856442,4.033072298212065,33.801348271172216,False
lhs_008,original_mpc,214,1070.0,4.149022973306542,0.0,0.6010372099178748,4.033585231729612,33.79659547920368,False
lhs_008,recovery_mpc,214,1070.0,4.149022973306542,0.0,0.6010372099178748,4.033585231729612,33.79659547920368,False
lhs_008,original_mpc,215,1075.0,4.149022973306542,0.0,0.6021747086501054,4.03420702023918,33.79171785378278,False
lhs_008,recovery_mpc,215,1075.0,4.149022973306542,0.0,0.6021747086501054,4.03420702023918,33.79171785378278,False
lhs_008,original_mpc,216,1080.0,4.09783730630696,0.05118566699958116,0.6032981742878712,4.033721602620069,33.785746723126394,True
lhs_008,recovery_mpc,216,1080.0,4.09783730630696,0.05118566699958116,0.6032981742878712,4.033721602620069,33.785746723126394,True
lhs_008,original_mpc,217,1085.0,4.09783730630696,0.0,0.6044216399256371,4.034386339638964,33.779676050310314,False
lhs_008,recovery_mpc,217,1085.0,4.09783730630696,0.0,0.6044216399256371,4.034386339638964,33.779676050310314,False
lhs_008,original_mpc,218,1090.0,4.09783730630696,0.0,0.605545105563403,4.035125249496362,33.77352846130212,False
lhs_008,recovery_mpc,218,1090.0,4.09783730630696,0.0,0.605545105563403,4.035125249496362,33.77352846130212,False
lhs_008,original_mpc,219,1095.0,4.09783730630696,0.0,0.6066685712011689,4.0359239716902975,33.767321811416494,False
lhs_008,recovery_mpc,219,1095.0,4.09783730630696,0.0,0.6066685712011689,4.0359239716902975,33.767321811416494,False
lhs_008,original_mpc,220,1100.0,4.09783730630696,0.0,0.6077920368389348,4.036771284404143,33.76107024003029,False
lhs_008,recovery_mpc,220,1100.0,4.09783730630696,0.0,0.6077920368389348,4.036771284404143,33.76107024003029,False
lhs_008,original_mpc,221,1105.0,4.776163736007615,0.6783264297006548,0.6091014728747407,4.053487491290277,33.768537913166455,True
lhs_008,recovery_mpc,221,1105.0,4.776163736007615,0.6783264297006548,0.6091014728747407,4.053487491290277,33.768537913166455,True
lhs_008,original_mpc,222,1110.0,4.776163736007615,0.0,0.6104109089105466,4.055918099839574,33.776359821719694,False
lhs_008,recovery_mpc,222,1110.0,4.776163736007615,0.0,0.6104109089105466,4.055918099839574,33.776359821719694,False
lhs_008,original_mpc,223,1115.0,4.776163736007615,0.0,0.6117203449463525,4.05813933109277,33.78445168803183,False
lhs_008,recovery_mpc,223,1115.0,4.776163736007615,0.0,0.6117203449463525,4.05813933109277,33.78445168803183,False
lhs_008,original_mpc,224,1120.0,4.776163736007615,0.0,0.6130297809821584,4.060198436207008,33.79274781640416,False
lhs_008,recovery_mpc,224,1120.0,4.776163736007615,0.0,0.6130297809821584,4.060198436207008,33.79274781640416,False
lhs_008,original_mpc,225,1125.0,4.776163736007615,0.0,0.6143392170179643,4.062132118376862,33.801196933685105,False
lhs_008,recovery_mpc,225,1125.0,4.776163736007615,0.0,0.6143392170179643,4.062132118376862,33.801196933685105,False
lhs_008,original_mpc,226,1130.0,4.453341981281269,0.32282175472634655,0.6155601480396742,4.056433329863979,33.80294708143263,True
lhs_008,recovery_mpc,226,1130.0,4.453341981281269,0.32282175472634655,0.6155601480396742,4.056433329863979,33.80294708143263,True
lhs_008,original_mpc,227,1135.0,4.453341981281269,0.0,0.616781079061384,4.057474176491309,33.804601035271055,False
lhs_008,recovery_mpc,227,1135.0,4.453341981281269,0.0,0.616781079061384,4.057474176491309,33.804601035271055,False
lhs_008,original_mpc,228,1140.0,4.453341981281269,0.0,0.6180020100830939,4.058570256837479,33.806177070884154,False
lhs_008,recovery_mpc,228,1140.0,4.453341981281269,0.0,0.6180020100830939,4.058570256837479,33.806177070884154,False
lhs_008,original_mpc,229,1145.0,4.453341981281269,0.0,0.6192229411048037,4.059710377427216,33.80768943316663,False
lhs_008,recovery_mpc,229,1145.0,4.453341981281269,0.0,0.6192229411048037,4.059710377427216,33.80768943316663,False
lhs_008,original_mpc,230,1150.0,4.453341981281269,0.0,0.6204438721265135,4.060885793518173,33.80914924779323,False
lhs_008,recovery_mpc,230,1150.0,4.453341981281269,0.0,0.6204438721265135,4.060885793518173,33.80914924779323,False
lhs_008,original_mpc,231,1155.0,4.681921491851133,0.22857951056986447,0.6217274706497435,4.067426632299925,33.81534159711729,True
lhs_008,recovery_mpc,231,1155.0,4.681921491851133,0.22857951056986447,0.6217274706497435,4.067426632299925,33.81534159711729,True
lhs_008,original_mpc,232,1160.0,4.681921491851133,0.0,0.6230110691729736,4.069165390301593,33.82162281751562,False
lhs_008,recovery_mpc,232,1160.0,4.681921491851133,0.0,0.6230110691729736,4.069165390301593,33.82162281751562,False
lhs_008,original_mpc,233,1165.0,4.681921491851133,0.0,0.6242946676962036,4.070843021450907,33.82796790198804,False
lhs_008,recovery_mpc,233,1165.0,4.681921491851133,0.0,0.6242946676962036,4.070843021450907,33.82796790198804,False
lhs_008,original_mpc,234,1170.0,4.681921491851133,0.0,0.6255782662194336,4.072473565527466,33.83435731349855,False
lhs_008,recovery_mpc,234,1170.0,4.681921491851133,0.0,0.6255782662194336,4.072473565527466,33.83435731349855,False
lhs_008,original_mpc,235,1175.0,4.681921491851133,0.0,0.6268618647426636,4.074067902289091,33.840775761249816,False
lhs_008,recovery_mpc,235,1175.0,4.681921491851133,0.0,0.6268618647426636,4.074067902289091,33.840775761249816,False
lhs_008,original_mpc,236,1180.0,4.176740198684021,0.5051812931671122,0.6280069624467318,4.06383683358906,33.83681641819375,True
lhs_008,recovery_mpc,236,1180.0,4.176740198684021,0.5051812931671122,0.6280069624467318,4.06383683358906,33.83681641819375,True
lhs_008,original_mpc,237,1185.0,4.176740198684021,0.0,0.6291520601508,4.064248807065399,33.83261489294637,False
lhs_008,recovery_mpc,237,1185.0,4.176740198684021,0.0,0.6291520601508,4.064248807065399,33.83261489294637,False
lhs_008,original_mpc,238,1190.0,4.176740198684021,0.0,0.6302971578548683,4.0648216054821935,33.82822494342122,False
lhs_008,recovery_mpc,238,1190.0,4.176740198684021,0.0,0.6302971578548683,4.0648216054821935,33.82822494342122,False
lhs_008,original_mpc,239,1195.0,4.176740198684021,0.0,0.6314422555589365,4.065520739246102,33.82368856667256,False
lhs_008,recovery_mpc,239,1195.0,4.176740198684021,0.0,0.6314422555589365,4.065520739246102,33.82368856667256,False
lhs_008,original_mpc,240,1200.0,4.176740198684021,0.0,0.6325873532630047,4.0663193414615115,33.81903863269042,False
lhs_008,recovery_mpc,240,1200.0,4.176740198684021,0.0,0.6325873532630047,4.0663193414615115,33.81903863269042,False
lhs_008,original_mpc,241,1205.0,4.865234357483844,0.6884941587998235,0.6339212089560794,4.083277384448804,33.82850533068716,True
lhs_008,recovery_mpc,241,1205.0,4.865234357483844,0.6884941587998235,0.6339212089560794,4.083277384448804,33.82850533068716,True
lhs_008,original_mpc,242,1210.0,4.865234357483844,0.0,0.635255064649154,4.085763350452929,33.838291529890185,False
lhs_008,recovery_mpc,242,1210.0,4.865234357483844,0.0,0.635255064649154,4.085763350452929,33.838291529890185,False
lhs_008,original_mpc,243,1215.0,4.865234357483844,0.0,0.6365889203422287,4.088057189195231,33.848319945401016,False
lhs_008,recovery_mpc,243,1215.0,4.865234357483844,0.0,0.6365889203422287,4.088057189195231,33.848319945401016,False
lhs_008,original_mpc,244,1220.0,4.865234357483844,0.0,0.6379227760353033,4.090201214161544,33.858530262879434,False
lhs_008,recovery_mpc,244,1220.0,4.865234357483844,0.0,0.6379227760353033,4.090201214161544,33.858530262879434,False
lhs_008,original_mpc,245,1225.0,4.865234357483844,0.0,0.639256631728378,4.092228291958944,33.86887533895268,False
lhs_008,recovery_mpc,245,1225.0,4.865234357483844,0.0,0.639256631728378,4.092228291958944,33.86887533895268,False
lhs_008,original_mpc,246,1230.0,4.714599060089363,0.15063529739448178,0.6405491891541454,4.090645182175825,33.87604677563879,True
lhs_008,recovery_mpc,246,1230.0,4.714599060089363,0.15063529739448178,0.6405491891541454,4.090645182175825,33.87604677563879,True
lhs_008,original_mpc,247,1235.0,4.714599060089363,0.0,0.6418417465799128,4.092170467691247,33.88319899567009,False
lhs_008,recovery_mpc,247,1235.0,4.714599060089363,0.0,0.6418417465799128,4.092170467691247,33.88319899567009,False
lhs_008,original_mpc,248,1240.0,4.714599060089363,0.0,0.6431343040056802,4.0936924302851905,33.890330328751865,False
lhs_008,recovery_mpc,248,1240.0,4.714599060089363,0.0,0.6431343040056802,4.0936924302851905,33.890330328751865,False
lhs_008,original_mpc,249,1245.0,4.714599060089363,0.0,0.6444268614314476,4.095211554653134,33.89743936542354,False
lhs_008,recovery_mpc,249,1245.0,4.714599060089363,0.0,0.6444268614314476,4.095211554653134,33.89743936542354,False
lhs_008,original_mpc,250,1250.0,4.714599060089363,0.0,0.645719418857215,4.096728182153589,33.90452491127694,False
lhs_008,recovery_mpc,250,1250.0,4.714599060089363,0.0,0.645719418857215,4.096728182153589,33.90452491127694,False
lhs_008,original_mpc,251,1255.0,4.520102817980026,0.19449624210933614,0.6469586530716513,4.093698910021803,33.90745773834024,True
lhs_008,recovery_mpc,251,1255.0,4.520102817980026,0.19449624210933614,0.6469586530716513,4.093698910021803,33.90745773834024,True
lhs_008,original_mpc,252,1260.0,4.520102817980026,0.0,0.6481978872860877,4.094773545932757,33.91026103313376,False
lhs_008,recovery_mpc,252,1260.0,4.520102817980026,0.0,0.6481978872860877,4.094773545932757,33.91026103313376,False
lhs_008,original_mpc,253,1265.0,4.520102817980026,0.0,0.6494371215005241,4.095914546960687,33.91295921540485,False
lhs_008,recovery_mpc,253,1265.0,4.520102817980026,0.0,0.6494371215005241,4.095914546960687,33.91295921540485,False
lhs_008,original_mpc,254,1270.0,4.520102817980026,0.0,0.6506763557149605,4.0971071665554675,33.915571311584536,False
lhs_008,recovery_mpc,254,1270.0,4.520102817980026,0.0,0.6506763557149605,4.0971071665554675,33.915571311584536,False
lhs_008,original_mpc,255,1275.0,4.520102817980026,0.0,0.6519155899293969,4.098339896970433,33.9181121638842,False
lhs_008,recovery_mpc,255,1275.0,4.520102817980026,0.0,0.6519155899293969,4.098339896970433,33.9181121638842,False
lhs_008,original_mpc,256,1280.0,4.541224515545556,0.02112169756552973,0.6531606148816427,4.100097181885541,33.92103446190117,True
lhs_008,recovery_mpc,256,1280.0,4.541224515545556,0.02112169756552973,0.6531606148816427,4.100097181885541,33.92103446190117,True
lhs_008,original_mpc,257,1285.0,4.541224515545556,0.0,0.6544056398338884,4.101432643508569,33.923917325920456,False
lhs_008,recovery_mpc,257,1285.0,4.541224515545556,0.0,0.6544056398338884,4.101432643508569,33.923917325920456,False
lhs_008,original_mpc,258,1290.0,4.541224515545556,0.0,0.6556506647861342,4.102779243884822,33.92676513496836,False
lhs_008,recovery_mpc,258,1290.0,4.541224515545556,0.0,0.6556506647861342,4.102779243884822,33.92676513496836,False
lhs_008,original_mpc,259,1295.0,4.541224515545556,0.0,0.65689568973838,4.10413425881472,33.92958132821229,False
lhs_008,recovery_mpc,259,1295.0,4.541224515545556,0.0,0.65689568973838,4.10413425881472,33.92958132821229,False
lhs_008,original_mpc,260,1300.0,4.541224515545556,0.0,0.6581407146906257,4.10549552747542,33.93236861286493,False
lhs_008,recovery_mpc,260,1300.0,4.541224515545556,0.0,0.6581407146906257,4.10549552747542,33.93236861286493,False
lhs_008,original_mpc,261,1305.0,4.580181432135666,0.03895691659011025,0.6593964200954787,4.107771392938869,33.93594570877889,True
lhs_008,recovery_mpc,261,1305.0,4.580181432135666,0.03895691659011025,0.6593964200954787,4.107771392938869,33.93594570877889,True
lhs_008,original_mpc,262,1310.0,4.580181432135666,0.0,0.6606521255003317,4.109227949680497,33.939518762070925,False
lhs_008,recovery_mpc,262,1310.0,4.580181432135666,0.0,0.6606521255003317,4.109227949680497,33.939518762070925,False
lhs_008,original_mpc,263,1315.0,4.580181432135666,0.0,0.6619078309051847,4.11067280069153,33.943084028941385,False
lhs_008,recovery_mpc,263,1315.0,4.580181432135666,0.0,0.6619078309051847,4.11067280069153,33.943084028941385,False
lhs_008,original_mpc,264,1320.0,4.580181432135666,0.0,0.6631635363100377,4.112107992014277,33.9466386073887,False
lhs_008,recovery_mpc,264,1320.0,4.580181432135666,0.0,0.6631635363100377,4.112107992014277,33.9466386073887,False
lhs_008,original_mpc,265,1325.0,4.580181432135666,0.0,0.6644192417148906,4.1135350725688875,33.95018024864489,False
lhs_008,recovery_mpc,265,1325.0,4.580181432135666,0.0,0.6644192417148906,4.1135350725688875,33.95018024864489,False
lhs_008,original_mpc,266,1330.0,4.401610079672253,0.17857135246341382,0.6656259898861138,4.110783932504789,33.94999898109652,True
lhs_008,recovery_mpc,266,1330.0,4.401610079672253,0.17857135246341382,0.6656259898861138,4.110783932504789,33.94999898109652,True
lhs_008,original_mpc,267,1335.0,4.401610079672253,0.0,0.6668327380573369,4.11179677245257,33.94970926214836,False
lhs_008,recovery_mpc,267,1335.0,4.401610079672253,0.0,0.6668327380573369,4.11179677245257,33.94970926214836,False
lhs_008,original_mpc,268,1340.0,4.401610079672253,0.0,0.66803948622856,4.112867192705502,33.9493325841143,False
lhs_008,recovery_mpc,268,1340.0,4.401610079672253,0.0,0.66803948622856,4.112867192705502,33.9493325841143,False
lhs_008,original_mpc,269,1345.0,4.401610079672253,0.0,0.6692462343997831,4.113982080153228,33.94888577016373,False
lhs_008,recovery_mpc,269,1345.0,4.401610079672253,0.0,0.6692462343997831,4.113982080153228,33.94888577016373,False
lhs_008,original_mpc,270,1350.0,4.401610079672253,0.0,0.6704529825710063,4.115131192314357,33.94838201835965,False
lhs_008,recovery_mpc,270,1350.0,4.401610079672253,0.0,0.6704529825710063,4.115131192314357,33.94838201835965,False
lhs_008,original_mpc,271,1355.0,4.038118958182342,0.36349112148991036,0.6715600757891159,4.107816629063973,33.940613259809524,True
lhs_008,recovery_mpc,271,1355.0,4.038118958182342,0.36349112148991036,0.6715600757891159,4.107816629063973,33.940613259809524,True
lhs_008,original_mpc,272,1360.0,4.038118958182342,0.0,0.6726671690072256,4.108196283608294,33.932639693158805,False
lhs_008,recovery_mpc,272,1360.0,4.038118958182342,0.0,0.6726671690072256,4.108196283608294,33.932639693158805,False
lhs_008,original_mpc,273,1365.0,4.038118958182342,0.0,0.6737742622253352,4.108719379580154,33.92450921831186,False
lhs_008,recovery_mpc,273,1365.0,4.038118958182342,0.0,0.6737742622253352,4.108719379580154,33.92450921831186,False
lhs_008,original_mpc,274,1370.0,4.038118958182342,0.0,0.6748813554434449,4.109354433371185,33.91625935988327,False
lhs_008,recovery_mpc,274,1370.0,4.038118958182342,0.0,0.6748813554434449,4.109354433371185,33.91625935988327,False
lhs_008,original_mpc,275,1375.0,4.038118958182342,0.0,0.6759884486615545,4.11007690813571,33.907919582190374,False
lhs_008,recovery_mpc,275,1375.0,4.038118958182342,0.0,0.6759884486615545,4.11007690813571,33.907919582190374,False
lhs_008,original_mpc,276,1380.0,4.440295971497451,0.402177013315109,0.6772058029810659,4.120259799805705,33.90743153455052,True
lhs_008,recovery_mpc,276,1380.0,4.440295971497451,0.402177013315109,0.6772058029810659,4.120259799805705,33.90743153455052,True
lhs_008,original_mpc,277,1385.0,4.440295971497451,0.0,0.6784231573005773,4.122004854024604,33.90709713305376,False
lhs_008,recovery_mpc,277,1385.0,4.440295971497451,0.0,0.6784231573005773,4.122004854024604,33.90709713305376,False
lhs_008,original_mpc,278,1390.0,4.440295971497451,0.0,0.6796405116200888,4.123649345105321,33.906881247207295,False
lhs_008,recovery_mpc,278,1390.0,4.440295971497451,0.0,0.6796405116200888,4.123649345105321,33.906881247207295,False
lhs_008,original_mpc,279,1395.0,4.440295971497451,0.0,0.6808578659396002,4.125214686082266,33.906756608620746,False
lhs_008,recovery_mpc,279,1395.0,4.440295971497451,0.0,0.6808578659396002,4.125214686082266,33.906756608620746,False
lhs_008,original_mpc,280,1400.0,4.440295971497451,0.0,0.6820752202591116,4.126717481362728,33.90670204206535,False
lhs_008,recovery_mpc,280,1400.0,4.440295971497451,0.0,0.6820752202591116,4.126717481362728,33.90670204206535,False
lhs_008,original_mpc,281,1405.0,4.183541812604867,0.25675415889258435,0.6832221826979046,4.122175741164525,33.9015616717005,True
lhs_008,recovery_mpc,281,1405.0,4.183541812604867,0.25675415889258435,0.6832221826979046,4.122175741164525,33.9015616717005,True
lhs_008,original_mpc,282,1410.0,4.183541812604867,0.0,0.6843691451366976,4.123015256064758,33.896334468158415,False
lhs_008,recovery_mpc,282,1410.0,4.183541812604867,0.0,0.6843691451366976,4.123015256064758,33.896334468158415,False
lhs_008,original_mpc,283,1415.0,4.183541812604867,0.0,0.6855161075754905,4.12391367188723,33.89104182577025,False
lhs_008,recovery_mpc,283,1415.0,4.183541812604867,0.0,0.6855161075754905,4.12391367188723,33.89104182577025,False
lhs_008,original_mpc,284,1420.0,4.183541812604867,0.0,0.6866630700142835,4.124857435527961,33.885700537221425,False
lhs_008,recovery_mpc,284,1420.0,4.183541812604867,0.0,0.6866630700142835,4.124857435527961,33.885700537221425,False
lhs_008,original_mpc,285,1425.0,4.183541812604867,0.0,0.6878100324530765,4.125835959541061,33.8803238231445,False
lhs_008,recovery_mpc,285,1425.0,4.183541812604867,0.0,0.6878100324530765,4.125835959541061,33.8803238231445,False
lhs_008,original_mpc,286,1430.0,3.905704082027346,0.27783773057752104,0.6888808227259569,4.120355273002555,33.86961519201431,True
lhs_008,recovery_mpc,286,1430.0,3.905704082027346,0.27783773057752104,0.6888808227259569,4.120355273002555,33.86961519201431,True
lhs_008,original_mpc,287,1435.0,3.905704082027346,0.0,0.6899516129988372,4.120760758381401,33.85876764375006,False
lhs_008,recovery_mpc,287,1435.0,3.905704082027346,0.0,0.6899516129988372,4.120760758381401,33.85876764375006,False
lhs_008,original_mpc,288,1440.0,3.905704082027346,0.0,0.6910224032717176,4.121279580264643,33.84781832785709,False
lhs_008,recovery_mpc,288,1440.0,3.905704082027346,0.0,0.6910224032717176,4.121279580264643,33.84781832785709,False
lhs_008,original_mpc,289,1445.0,3.905704082027346,0.0,0.692093193544598,4.121886625316268,33.83679639457852,False
lhs_008,recovery_mpc,289,1445.0,3.905704082027346,0.0,0.692093193544598,4.121886625316268,33.83679639457852,False
lhs_008,original_mpc,290,1450.0,3.905704082027346,0.0,0.6931639838174783,4.122562309948141,33.82572477655004,False
lhs_008,recovery_mpc,290,1450.0,3.905704082027346,0.0,0.6931639838174783,4.122562309948141,33.82572477655004,False
lhs_008,original_mpc,291,1455.0,4.060297352596707,0.1545932705693609,0.694277157478066,4.1268992107346,33.81751479149472,True
lhs_008,recovery_mpc,291,1455.0,4.060297352596707,0.1545932705693609,0.694277157478066,4.1268992107346,33.81751479149472,True
lhs_008,original_mpc,292,1460.0,4.060297352596707,0.0,0.6953903311386536,4.128013447358836,33.80935777367633,False
lhs_008,recovery_mpc,292,1460.0,4.060297352596707,0.0,0.6953903311386536,4.128013447358836,33.80935777367633,False
lhs_008,original_mpc,293,1465.0,4.060297352596707,0.0,0.6965035047992412,4.12910494147089,33.80124760396646,False
lhs_008,recovery_mpc,293,1465.0,4.060297352596707,0.0,0.6965035047992412,4.12910494147089,33.80124760396646,False
lhs_008,original_mpc,294,1470.0,4.060297352596707,0.0,0.6976166784598288,4.130178117448875,33.79317968489218,False
lhs_008,recovery_mpc,294,1470.0,4.060297352596707,0.0,0.6976166784598288,4.130178117448875,33.79317968489218,False
lhs_008,original_mpc,295,1475.0,4.060297352596707,0.0,0.6987298521204164,4.131236364892228,33.78515058873901,False
lhs_008,recovery_mpc,295,1475.0,4.060297352596707,0.0,0.6987298521204164,4.131236364892228,33.78515058873901,False
lhs_008,original_mpc,296,1480.0,3.879195262192066,0.18110209040464076,0.6997933747186781,4.128056975486192,33.77377872629926,True
lhs_008,recovery_mpc,296,1480.0,3.879195262192066,0.18110209040464076,0.6997933747186781,4.128056975486192,33.77377872629926,True
lhs_008,original_mpc,297,1485.0,3.879195262192066,0.0,0.7008568973169398,4.128692373323033,33.76236044075914,False
lhs_008,recovery_mpc,297,1485.0,3.879195262192066,0.0,0.7008568973169398,4.128692373323033,33.76236044075914,False
lhs_008,original_mpc,298,1490.0,3.879195262192066,0.0,0.7019204199152015,4.129387207799386,33.75091456901849,False
lhs_008,recovery_mpc,298,1490.0,3.879195262192066,0.0,0.7019204199152015,4.129387207799386,33.75091456901849,False
lhs_008,original_mpc,299,1495.0,3.879195262192066,0.0,0.7029839425134632,4.13012901539101,33.73945596000922,False
lhs_008,recovery_mpc,299,1495.0,3.879195262192066,0.0,0.7029839425134632,4.13012901539101,33.73945596000922,False
lhs_008,original_mpc,300,1500.0,3.879195262192066,0.0,0.7040474651117249,4.130908018814208,33.7279963609552,False
lhs_008,recovery_mpc,300,1500.0,3.879195262192066,0.0,0.7040474651117249,4.130908018814208,33.7279963609552,False
lhs_008,original_mpc,301,1505.0,3.7556434963825875,0.12355176580947846,0.7050771146806306,4.128834229581725,33.71431212104776,True
lhs_008,recovery_mpc,301,1505.0,3.7556434963825875,0.12355176580947846,0.7050771146806306,4.128834229581725,33.71431212104776,True
lhs_008,original_mpc,302,1510.0,3.7556434963825875,0.0,0.7061067642495363,4.129392489640355,33.700591654193964,False
lhs_008,recovery_mpc,302,1510.0,3.7556434963825875,0.0,0.7061067642495363,4.129392489640355,33.700591654193964,False
lhs_008,original_mpc,303,1515.0,3.7556434963825875,0.0,0.7071364138184421,4.130013269215065,33.686853981630954,False
lhs_008,recovery_mpc,303,1515.0,3.7556434963825875,0.0,0.7071364138184421,4.130013269215065,33.686853981630954,False
lhs_008,original_mpc,304,1520.0,3.7556434963825875,0.0,0.7081660633873478,4.13068352404714,33.6731141117793,False
lhs_008,recovery_mpc,304,1520.0,3.7556434963825875,0.0,0.7081660633873478,4.13068352404714,33.6731141117793,False
lhs_008,original_mpc,305,1525.0,3.7556434963825875,0.0,0.7091957129562535,4.13139308050105,33.659383928456265,False
lhs_008,recovery_mpc,305,1525.0,3.7556434963825875,0.0,0.7091957129562535,4.13139308050105,33.659383928456265,False
lhs_008,original_mpc,306,1530.0,3.658054385817602,0.09758911056498576,0.7101986074335964,4.129857484293499,33.64395500951362,True
lhs_008,recovery_mpc,306,1530.0,3.658054385817602,0.09758911056498576,0.7101986074335964,4.129857484293499,33.64395500951362,True
lhs_008,original_mpc,307,1535.0,3.658054385817602,0.0,0.7112015019109393,4.130407356303905,33.62851297914037,False
lhs_008,recovery_mpc,307,1535.0,3.658054385817602,0.0,0.7112015019109393,4.130407356303905,33.62851297914037,False
lhs_008,original_mpc,308,1540.0,3.658054385817602,0.0,0.7122043963882823,4.13101194257471,33.61307392029173,False
lhs_008,recovery_mpc,308,1540.0,3.658054385817602,0.0,0.7122043963882823,4.13101194257471,33.61307392029173,False
lhs_008,original_mpc,309,1545.0,3.658054385817602,0.0,0.7132072908656252,4.1316600176757134,33.597650552987055,False
lhs_008,recovery_mpc,309,1545.0,3.658054385817602,0.0,0.7132072908656252,4.1316600176757134,33.597650552987055,False
lhs_008,original_mpc,310,1550.0,3.658054385817602,0.0,0.7142101853429681,4.132342819944147,33.582252976421444,False
lhs_008,recovery_mpc,310,1550.0,3.658054385817602,0.0,0.7142101853429681,4.132342819944147,33.582252976421444,False
lhs_008,original_mpc,311,1555.0,3.5944406697295785,0.06361371608802324,0.7151956394441386,4.131569655401338,33.56579325068934,True
lhs_008,recovery_mpc,311,1555.0,3.5944406697295785,0.06361371608802324,0.7151956394441386,4.131569655401338,33.56579325068934,True
lhs_008,original_mpc,312,1560.0,3.5944406697295785,0.0,0.716181093545309,4.132162037460282,33.54934832263967,False
lhs_008,recovery_mpc,312,1560.0,3.5944406697295785,0.0,0.716181093545309,4.132162037460282,33.54934832263967,False
lhs_008,original_mpc,313,1565.0,3.5944406697295785,0.0,0.7171665476464795,4.132795182900376,33.53292982361099,False
lhs_008,recovery_mpc,313,1565.0,3.5944406697295785,0.0,0.7171665476464795,4.132795182900376,33.53292982361099,False
lhs_008,original_mpc,314,1570.0,3.5944406697295785,0.0,0.7181520017476499,4.133460960859195,33.516546992176686,False
lhs_008,recovery_mpc,314,1570.0,3.5944406697295785,0.0,0.7181520017476499,4.133460960859195,33.516546992176686,False
lhs_008,original_mpc,315,1575.0,3.5944406697295785,0.0,0.7191374558488204,4.134153015846416,33.50020719929267,False
lhs_008,recovery_mpc,315,1575.0,3.5944406697295785,0.0,0.7191374558488204,4.134153015846416,33.50020719929267,False
lhs_008,original_mpc,316,1580.0,3.4792600514330054,0.11518061829657311,0.7200913319596706,4.1321798634942,33.48197614053073,True
lhs_008,recovery_mpc,316,1580.0,3.4792600514330054,0.11518061829657311,0.7200913319596706,4.1321798634942,33.48197614053073,True
lhs_008,original_mpc,317,1585.0,3.4792600514330054,0.0,0.7210452080705207,4.1326558185423785,33.46375413106008,False
lhs_008,recovery_mpc,317,1585.0,3.4792600514330054,0.0,0.7210452080705207,4.1326558185423785,33.46375413106008,False
lhs_008,original_mpc,318,1590.0,3.4792600514330054,0.0,0.7219990841813709,4.133186726871838,33.4455563452014,False
lhs_008,recovery_mpc,318,1590.0,3.4792600514330054,0.0,0.7219990841813709,4.133186726871838,33.4455563452014,False
lhs_008,original_mpc,319,1595.0,3.4792600514330054,0.0,0.7229529602922211,4.1337614157701,33.42739477348924,False
lhs_008,recovery_mpc,319,1595.0,3.4792600514330054,0.0,0.7229529602922211,4.1337614157701,33.42739477348924,False
lhs_008,original_mpc,320,1600.0,3.4792600514330054,0.0,0.7239068364030713,4.134371162200302,33.40927892540739,False
lhs_008,recovery_mpc,320,1600.0,3.4792600514330054,0.0,0.7239068364030713,4.134371162200302,33.40927892540739,False
lhs_008,original_mpc,321,1605.0,3.391336657049404,0.0879233943836013,0.7248366073811496,4.132958532175573,33.38977420770068,True
lhs_008,recovery_mpc,321,1605.0,3.391336657049404,0.0879233943836013,0.7248366073811496,4.132958532175573,33.38977420770068,True
lhs_008,original_mpc,322,1610.0,3.391336657049404,0.0,0.725766378359228,4.13342505288795,33.37029585411718,False
lhs_008,recovery_mpc,322,1610.0,3.391336657049404,0.0,0.725766378359228,4.13342505288795,33.37029585411718,False
lhs_008,original_mpc,323,1615.0,3.391336657049404,0.0,0.7266961493373063,4.133941297527713,33.350857110828365,False
lhs_008,recovery_mpc,323,1615.0,3.391336657049404,0.0,0.7266961493373063,4.133941297527713,33.350857110828365,False
lhs_008,original_mpc,324,1620.0,3.391336657049404,0.0,0.7276259203153846,4.134497294248222,33.3314684553866,False
lhs_008,recovery_mpc,324,1620.0,3.391336657049404,0.0,0.7276259203153846,4.134497294248222,33.3314684553866,False
lhs_008,original_mpc,325,1625.0,3.391336657049404,0.0,0.728555691293463,4.135085252812168,33.31213820605394,False
lhs_008,recovery_mpc,325,1625.0,3.391336657049404,0.0,0.728555691293463,4.135085252812168,33.31213820605394,False
lhs_008,original_mpc,326,1630.0,3.27322570245014,0.11811095459926424,0.7294530808983882,4.132944588021872,33.29098791953013,True
lhs_008,recovery_mpc,326,1630.0,3.27322570245014,0.11811095459926424,0.7294530808983882,4.132944588021872,33.29098791953013,True
lhs_008,original_mpc,327,1635.0,3.27322570245014,0.0,0.7303504705033135,4.133318586063863,33.26986536772028,False
lhs_008,recovery_mpc,327,1635.0,3.27322570245014,0.0,0.7303504705033135,4.133318586063863,33.26986536772028,False
lhs_008,original_mpc,328,1640.0,3.27322570245014,0.0,0.7312478601082387,4.133751578431998,33.248785693704626,False
lhs_008,recovery_mpc,328,1640.0,3.27322570245014,0.0,0.7312478601082387,4.133751578431998,33.248785693704626,False
lhs_008,original_mpc,329,1645.0,3.27322570245014,0.0,0.732145249713164,4.134231636076754,33.2277608434246,False
lhs_008,recovery_mpc,329,1645.0,3.27322570245014,0.0,0.732145249713164,4.134231636076754,33.2277608434246,False
lhs_008,original_mpc,330,1650.0,3.27322570245014,0.0,0.7330426393180892,4.134749444692934,33.206800271167786,False
lhs_008,recovery_mpc,330,1650.0,3.27322570245014,0.0,0.7330426393180892,4.134749444692934,33.206800271167786,False
lhs_008,original_mpc,331,1655.0,3.196934054586311,0.0762916478638287,0.7339191127571405,4.13351862352689,33.18472744325716,True
lhs_008,recovery_mpc,331,1655.0,3.196934054586311,0.0762916478638287,0.7339191127571405,4.13351862352689,33.18472744325716,True
lhs_008,original_mpc,332,1660.0,3.196934054586311,0.0,0.7347955861961918,4.133923248406142,33.162705645831224,False
lhs_008,recovery_mpc,332,1660.0,3.196934054586311,0.0,0.7347955861961918,4.133923248406142,33.162705645831224,False
lhs_008,original_mpc,333,1665.0,3.196934054586311,0.0,0.7356720596352431,4.134375076438716,33.14074650722174,False
lhs_008,recovery_mpc,333,1665.0,3.196934054586311,0.0,0.7356720596352431,4.134375076438716,33.14074650722174,False
lhs_008,original_mpc,334,1670.0,3.196934054586311,0.0,0.7365485330742944,4.134864795807831,33.11885921970536,False
lhs_008,recovery_mpc,334,1670.0,3.196934054586311,0.0,0.7365485330742944,4.134864795807831,33.11885921970536,False
lhs_008,original_mpc,335,1675.0,3.196934054586311,0.0,0.7374250065133456,4.135385127264854,33.09705107443412,False
lhs_008,recovery_mpc,335,1675.0,3.196934054586311,0.0,0.7374250065133456,4.135385127264854,33.09705107443412,False
lhs_008,original_mpc,336,1680.0,3.1863327667170123,0.010601287869298925,0.7382985734966869,4.135683169364596,33.07516613265478,True
lhs_008,recovery_mpc,336,1680.0,3.1863327667170123,0.010601287869298925,0.7382985734966869,4.135683169364596,33.07516613265478,True
lhs_008,original_mpc,337,1685.0,3.1863327667170123,0.0,0.7391721404800282,4.136225472785525,33.053367041608006,False
lhs_008,recovery_mpc,337,1685.0,3.1863327667170123,0.0,0.7391721404800282,4.136225472785525,33.053367041608006,False
lhs_008,original_mpc,338,1690.0,3.1863327667170123,0.0,0.7400457074633695,4.136788449963602,33.031658473516,False
lhs_008,recovery_mpc,338,1690.0,3.1863327667170123,0.0,0.7400457074633695,4.136788449963602,33.031658473516,False
lhs_008,original_mpc,339,1695.0,3.1863327667170123,0.0,0.7409192744467108,4.137368529712943,33.01004417188782,False
lhs_008,recovery_mpc,339,1695.0,3.1863327667170123,0.0,0.7409192744467108,4.137368529712943,33.01004417188782,False
lhs_008,original_mpc,340,1700.0,3.1863327667170123,0.0,0.7417928414300521,4.137962900105342,32.98852714993196,False
lhs_008,recovery_mpc,340,1700.0,3.1863327667170123,0.0,0.7417928414300521,4.137962900105342,32.98852714993196,False
lhs_008,original_mpc,341,1705.0,3.171198864505134,0.015133902211878159,0.7426622592933017,4.138216467041816,32.96688093436458,True
lhs_008,recovery_mpc,341,1705.0,3.171198864505134,0.015133902211878159,0.7426622592933017,4.138216467041816,32.96688093436458,True
lhs_008,original_mpc,342,1710.0,3.171198864505134,0.0,0.7435316771565512,4.138799851703308,32.94533104186569,False
lhs_008,recovery_mpc,342,1710.0,3.171198864505134,0.0,0.7435316771565512,4.138799851703308,32.94533104186569,False
lhs_008,original_mpc,343,1715.0,3.171198864505134,0.0,0.7444010950198008,4.139397480929999,32.9238804509678,False
lhs_008,recovery_mpc,343,1715.0,3.171198864505134,0.0,0.7444010950198008,4.139397480929999,32.9238804509678,False
lhs_008,original_mpc,344,1720.0,3.171198864505134,0.0,0.7452705128830504,4.140007082592036,32.902531553093,False
lhs_008,recovery_mpc,344,1720.0,3.171198864505134,0.0,0.7452705128830504,4.140007082592036,32.902531553093,False
lhs_008,original_mpc,345,1725.0,3.171198864505134,0.0,0.7461399307462999,4.1406268583856765,32.88128627619372,False
lhs_008,recovery_mpc,345,1725.0,3.171198864505134,0.0,0.7461399307462999,4.1406268583856765,32.88128627619372,False
lhs_008,original_mpc,346,1730.0,3.036381542818376,0.13481732168675808,0.7469723870083513,4.13811207892792,32.858148061068825,True
lhs_008,recovery_mpc,346,1730.0,3.036381542818376,0.13481732168675808,0.7469723870083513,4.13811207892792,32.858148061068825,True
lhs_008,original_mpc,347,1735.0,3.036381542818376,0.0,0.7478048432704028,4.138451173812433,32.83507058308736,False
lhs_008,recovery_mpc,347,1735.0,3.036381542818376,0.0,0.7478048432704028,4.138451173812433,32.83507058308736,False
lhs_008,original_mpc,348,1740.0,3.036381542818376,0.0,0.7486372995324542,4.138844488011904,32.81206649232974,False
lhs_008,recovery_mpc,348,1740.0,3.036381542818376,0.0,0.7486372995324542,4.138844488011904,32.81206649232974,False
lhs_008,original_mpc,349,1745.0,3.036381542818376,0.0,0.7494697557945056,4.139281026798397,32.78914570610939,False
lhs_008,recovery_mpc,349,1745.0,3.036381542818376,0.0,0.7494697557945056,4.139281026798397,32.78914570610939,False
lhs_008,original_mpc,350,1750.0,3.036381542818376,0.0,0.750302212056557,4.139752206612024,32.766316013569266,False
lhs_008,recovery_mpc,350,1750.0,3.036381542818376,0.0,0.750302212056557,4.139752206612024,32.766316013569266,False
lhs_008,original_mpc,351,1755.0,2.9597727727854144,0.07660877003296163,0.7511136652103222,4.13846527651946,32.74248276768606,True
lhs_008,recovery_mpc,351,1755.0,2.9597727727854144,0.07660877003296163,0.7511136652103222,4.13846527651946,32.74248276768606,True
lhs_008,original_mpc,352,1760.0,2.9597727727854144,0.0,0.7519251183640874,4.138818397287398,32.718726670228726,False
lhs_008,recovery_mpc,352,1760.0,2.9597727727854144,0.0,0.7519251183640874,4.138818397287398,32.718726670228726,False
lhs_008,original_mpc,353,1765.0,2.9597727727854144,0.0,0.7527365715178526,4.139217095918902,32.695057889084424,False
lhs_008,recovery_mpc,353,1765.0,2.9597727727854144,0.0,0.7527365715178526,4.139217095918902,32.695057889084424,False
lhs_008,original_mpc,354,1770.0,2.9597727727854144,0.0,0.7535480246716177,4.139652314987661,32.67148440001408,False
lhs_008,recovery_mpc,354,1770.0,2.9597727727854144,0.0,0.7535480246716177,4.139652314987661,32.67148440001408,False
lhs_008,original_mpc,355,1775.0,2.9597727727854144,0.0,0.7543594778253829,4.140116976820575,32.64801246910526,False
lhs_008,recovery_mpc,355,1775.0,2.9597727727854144,0.0,0.7543594778253829,4.140116976820575,32.64801246910526,False
lhs_008,original_mpc,356,1780.0,2.8619102852706706,0.0978624875147438,0.7551441009383898,4.138324134337817,32.62327869295361,True
lhs_008,recovery_mpc,356,1780.0,2.8619102852706706,0.0978624875147438,0.7551441009383898,4.138324134337817,32.62327869295361,True
lhs_008,original_mpc,357,1785.0,2.8619102852706706,0.0,0.7559287240513967,4.138616932877047,32.598624573707724,False
lhs_008,recovery_mpc,357,1785.0,2.8619102852706706,0.0,0.7559287240513967,4.138616932877047,32.598624573707724,False
lhs_008,original_mpc,358,1790.0,2.8619102852706706,0.0,0.7567133471644035,4.138960390301378,32.57406104196936,False
lhs_008,recovery_mpc,358,1790.0,2.8619102852706706,0.0,0.7567133471644035,4.138960390301378,32.57406104196936,False
lhs_008,original_mpc,359,1795.0,2.8619102852706706,0.0,0.7574979702774104,4.139344382313713,32.5495966584872,False
lhs_008,recovery_mpc,359,1795.0,2.8619102852706706,0.0,0.7574979702774104,4.139344382313713,32.5495966584872,False
lhs_008,original_mpc,360,1800.0,2.8619102852706706,0.0,0.7582825933904173,4.139761000392839,32.5252381367832,False
lhs_008,recovery_mpc,360,1800.0,2.8619102852706706,0.0,0.7582825933904173,4.139761000392839,32.5252381367832,False
lhs_008,original_mpc,361,1805.0,2.7175447363274983,0.14436554894317233,0.759027637154272,4.136838750921434,32.49904406638048,True
lhs_008,recovery_mpc,361,1805.0,2.7175447363274983,0.14436554894317233,0.759027637154272,4.136838750921434,32.49904406638048,True
lhs_008,original_mpc,362,1810.0,2.7175447363274983,0.0,0.7597726809181268,4.136985944861114,32.47292274163748,False
lhs_008,recovery_mpc,362,1810.0,2.7175447363274983,0.0,0.7597726809181268,4.136985944861114,32.47292274163748,False
lhs_008,original_mpc,363,1815.0,2.7175447363274983,0.0,0.7605177246819815,4.137201826673304,32.446888408997744,False
lhs_008,recovery_mpc,363,1815.0,2.7175447363274983,0.0,0.7605177246819815,4.137201826673304,32.446888408997744,False
lhs_008,original_mpc,364,1820.0,2.7175447363274983,0.0,0.7612627684458363,4.137472427851302,32.420952208826066,False
lhs_008,recovery_mpc,364,1820.0,2.7175447363274983,0.0,0.7612627684458363,4.137472427851302,32.420952208826066,False
lhs_008,original_mpc,365,1825.0,2.7175447363274983,0.0,0.762007812209691,4.137786847163669,32.39512286278917,False
lhs_008,recovery_mpc,365,1825.0,2.7175447363274983,0.0,0.762007812209691,4.137786847163669,32.39512286278917,False
lhs_008,original_mpc,366,1830.0,2.6268434814463726,0.09070125488112568,0.7627279892608034,4.136022349396113,32.36823093944829,True
lhs_008,recovery_mpc,366,1830.0,2.6268434814463726,0.09070125488112568,0.7627279892608034,4.136022349396113,32.36823093944829,True
lhs_008,original_mpc,367,1835.0,2.6268434814463726,0.0,0.7634481663119158,4.13620137795546,32.3414325609393,False
lhs_008,recovery_mpc,367,1835.0,2.6268434814463726,0.0,0.7634481663119158,4.13620137795546,32.3414325609393,False
lhs_008,original_mpc,368,1840.0,2.6268434814463726,0.0,0.7641683433630282,4.136435805003417,32.3147385589239,False
lhs_008,recovery_mpc,368,1840.0,2.6268434814463726,0.0,0.7641683433630282,4.136435805003417,32.3147385589239,False
lhs_008,original_mpc,369,1845.0,2.6268434814463726,0.0,0.7648885204141406,4.1367146392859295,32.28815740464643,False
lhs_008,recovery_mpc,369,1845.0,2.6268434814463726,0.0,0.7648885204141406,4.1367146392859295,32.28815740464643,False
lhs_008,original_mpc,370,1850.0,2.6268434814463726,0.0,0.765608697465253,4.137029293776502,32.26169572888833,False
lhs_008,recovery_mpc,370,1850.0,2.6268434814463726,0.0,0.765608697465253,4.137029293776502,32.26169572888833,False
lhs_008,original_mpc,371,1855.0,2.3656936545106655,0.2611498269357071,0.766257277516548,4.131286059120104,32.23214901769941,True
lhs_008,recovery_mpc,371,1855.0,2.3656936545106655,0.2611498269357071,0.766257277516548,4.131286059120104,32.23214901769941,True
lhs_008,original_mpc,372,1860.0,2.3656936545106655,0.0,0.7669058575678431,4.131080049643748,32.20266630299552,False
lhs_008,recovery_mpc,372,1860.0,2.3656936545106655,0.0,0.7669058575678431,4.131080049643748,32.20266630299552,False
lhs_008,original_mpc,373,1865.0,2.3656936545106655,0.0,0.7675544376191382,4.130985798988962,32.173267979338554,False
lhs_008,recovery_mpc,373,1865.0,2.3656936545106655,0.0,0.7675544376191382,4.130985798988962,32.173267979338554,False
lhs_008,original_mpc,374,1870.0,2.3656936545106655,0.0,0.7682030176704333,4.130980196609158,32.14396996545035,False
lhs_008,recovery_mpc,374,1870.0,2.3656936545106655,0.0,0.7682030176704333,4.130980196609158,32.14396996545035,False
lhs_008,original_mpc,375,1875.0,2.3656936545106655,0.0,0.7688515977217284,4.131045222921339,32.11478469853232,False
lhs_008,recovery_mpc,375,1875.0,2.3656936545106655,0.0,0.7688515977217284,4.131045222921339,32.11478469853232,False
lhs_008,original_mpc,376,1880.0,2.460839908993681,0.09514625448301572,0.7695262631296357,4.133384416521986,32.086845400836964,True
lhs_008,recovery_mpc,376,1880.0,2.460839908993681,0.09514625448301572,0.7695262631296357,4.133384416521986,32.086845400836964,True
lhs_008,original_mpc,377,1885.0,2.460839908993681,0.0,0.770200928537543,4.133760474855224,32.05906050312033,False
lhs_008,recovery_mpc,377,1885.0,2.460839908993681,0.0,0.770200928537543,4.133760474855224,32.05906050312033,False
lhs_008,original_mpc,378,1890.0,2.460839908993681,0.0,0.7708755939454502,4.134139999384023,32.03142955138451,False
lhs_008,recovery_mpc,378,1890.0,2.460839908993681,0.0,0.7708755939454502,4.134139999384023,32.03142955138451,False
lhs_008,original_mpc,379,1895.0,2.460839908993681,0.0,0.7715502593533575,4.1345235038776655,32.00395220292425,False
lhs_008,recovery_mpc,379,1895.0,2.460839908993681,0.0,0.7715502593533575,4.1345235038776655,32.00395220292425,False
lhs_008,original_mpc,380,1900.0,2.460839908993681,0.0,0.7722249247612648,4.134911347153063,31.97662819194341,False
lhs_008,recovery_mpc,380,1900.0,2.460839908993681,0.0,0.7722249247612648,4.134911347153063,31.97662819194341,False
lhs_008,original_mpc,381,1905.0,2.3242748960392894,0.13656501295439183,0.7728621494198434,4.132120978996443,31.94786444437451,True
lhs_008,recovery_mpc,381,1905.0,2.3242748960392894,0.13656501295439183,0.7728621494198434,4.132120978996443,31.94786444437451,True
lhs_008,original_mpc,382,1910.0,2.3242748960392894,0.0,0.7734993740784221,4.13221848956585,31.919219215442098,False
lhs_008,recovery_mpc,382,1910.0,2.3242748960392894,0.0,0.7734993740784221,4.13221848956585,31.919219215442098,False
lhs_008,original_mpc,383,1915.0,2.3242748960392894,0.0,0.7741365987370007,4.13236893679261,31.89070135636718,False
lhs_008,recovery_mpc,383,1915.0,2.3242748960392894,0.0,0.7741365987370007,4.13236893679261,31.89070135636718,False
lhs_008,original_mpc,384,1920.0,2.3242748960392894,0.0,0.7747738233955793,4.132561958209393,31.862317749191238,False
lhs_008,recovery_mpc,384,1920.0,2.3242748960392894,0.0,0.7747738233955793,4.132561958209393,31.862317749191238,False
lhs_008,original_mpc,385,1925.0,2.3242748960392894,0.0,0.775411048054158,4.132789454236909,31.834073741596114,False
lhs_008,recovery_mpc,385,1925.0,2.3242748960392894,0.0,0.775411048054158,4.132789454236909,31.834073741596114,False
lhs_008,original_mpc,386,1930.0,2.3716436396313934,0.04736874359210397,0.7760612593570936,4.134149008458857,31.806512718676807,True
lhs_008,recovery_mpc,386,1930.0,2.3716436396313934,0.04736874359210397,0.7760612593570936,4.134149008458857,31.806512718676807,True
lhs_008,original_mpc,387,1935.0,2.3716436396313934,0.0,0.7767114706600292,4.134531682678482,31.779110726028648,False
lhs_008,recovery_mpc,387,1935.0,2.3716436396313934,0.0,0.7767114706600292,4.134531682678482,31.779110726028648,False
lhs_008,original_mpc,388,1940.0,2.3716436396313934,0.0,0.7773616819629648,4.134916924168569,31.751867101388022,False
lhs_008,recovery_mpc,388,1940.0,2.3716436396313934,0.0,0.7773616819629648,4.134916924168569,31.751867101388022,False
lhs_008,original_mpc,389,1945.0,2.3716436396313934,0.0,0.7780118932659005,4.135305261816141,31.724781291965872,False
lhs_008,recovery_mpc,389,1945.0,2.3716436396313934,0.0,0.7780118932659005,4.135305261816141,31.724781291965872,False
lhs_008,original_mpc,390,1950.0,2.3716436396313934,0.0,0.7786621045688361,4.135697071699556,31.697852823301794,False
lhs_008,recovery_mpc,390,1950.0,2.3716436396313934,0.0,0.7786621045688361,4.135697071699556,31.697852823301794,False
lhs_008,original_mpc,391,1955.0,2.2838896583505237,0.08775398128086964,0.7792882571854021,4.134047621195443,31.67009382179848,True
lhs_008,recovery_mpc,391,1955.0,2.2838896583505237,0.08775398128086964,0.7792882571854021,4.134047621195443,31.67009382179848,True
lhs_008,original_mpc,392,1960.0,2.2838896583505237,0.0,0.779914409801968,4.134254725163802,31.64246933187372,False
lhs_008,recovery_mpc,392,1960.0,2.2838896583505237,0.0,0.779914409801968,4.134254725163802,31.64246933187372,False
lhs_008,original_mpc,393,1965.0,2.2838896583505237,0.0,0.780540562418534,4.1344967540187305,31.61498469216819,False
lhs_008,recovery_mpc,393,1965.0,2.2838896583505237,0.0,0.780540562418534,4.1344967540187305,31.61498469216819,False
lhs_008,original_mpc,394,1970.0,2.2838896583505237,0.0,0.7811667150350999,4.134767078510236,31.58764400594128,False
lhs_008,recovery_mpc,394,1970.0,2.2838896583505237,0.0,0.7811667150350999,4.134767078510236,31.58764400594128,False
lhs_008,original_mpc,395,1975.0,2.2838896583505237,0.0,0.7817928676516659,4.135060509123726,31.560450412892408,False
lhs_008,recovery_mpc,395,1975.0,2.2838896583505237,0.0,0.7817928676516659,4.135060509123726,31.560450412892408,False
lhs_008,original_mpc,396,1980.0,2.042378896042748,0.2415107623077759,0.7823528075266509,4.1297451627464605,31.530835446550384,True
lhs_008,recovery_mpc,396,1980.0,2.042378896042748,0.2415107623077759,0.7823528075266509,4.1297451627464605,31.530835446550384,True
lhs_008,original_mpc,397,1985.0,2.042378896042748,0.0,0.782912747401636,4.129544407663085,31.501319741151143,False
lhs_008,recovery_mpc,397,1985.0,2.042378896042748,0.0,0.782912747401636,4.129544407663085,31.501319741151143,False
lhs_008,original_mpc,398,1990.0,2.042378896042748,0.0,0.783472687276621,4.129442085238645,31.471918441466222,False
lhs_008,recovery_mpc,398,1990.0,2.042378896042748,0.0,0.783472687276621,4.129442085238645,31.471918441466222,False
lhs_008,original_mpc,399,1995.0,2.042378896042748,0.0,0.784032627151606,4.129417836675269,31.442643290343895,False
lhs_008,recovery_mpc,399,1995.0,2.042378896042748,0.0,0.784032627151606,4.129417836675269,31.442643290343895,False
lhs_008,original_mpc,400,2000.0,2.042378896042748,0.0,0.7845925670265911,4.129455788519599,31.41350338538033,False
lhs_008,recovery_mpc,400,2000.0,2.042378896042748,0.0,0.7845925670265911,4.129455788519599,31.41350338538033,False
lhs_008,original_mpc,401,2005.0,2.109476075794395,0.0670971797516473,0.7851709023063244,4.13110702063463,31.385188691715868,True
lhs_008,recovery_mpc,401,2005.0,2.109476075794395,0.0670971797516473,0.7851709023063244,4.13110702063463,31.385188691715868,True
lhs_008,original_mpc,402,2010.0,2.109476075794395,0.0,0.7857492375860576,4.13138184726185,31.357036349342685,False
lhs_008,recovery_mpc,402,2010.0,2.109476075794395,0.0,0.7857492375860576,4.13138184726185,31.357036349342685,False
lhs_008,original_mpc,403,2015.0,2.109476075794395,0.0,0.7863275728657909,4.131665609290227,31.329046662714177,False
lhs_008,recovery_mpc,403,2015.0,2.109476075794395,0.0,0.7863275728657909,4.131665609290227,31.329046662714177,False
lhs_008,original_mpc,404,2020.0,2.109476075794395,0.0,0.7869059081455242,4.131957489326235,31.301219803189475,False
lhs_008,recovery_mpc,404,2020.0,2.109476075794395,0.0,0.7869059081455242,4.131957489326235,31.301219803189475,False
lhs_008,original_mpc,405,2025.0,2.109476075794395,0.0,0.7874842434252575,4.1322568156050545,31.273555832200664,False
lhs_008,recovery_mpc,405,2025.0,2.109476075794395,0.0,0.7874842434252575,4.1322568156050545,31.273555832200664,False
lhs_008,original_mpc,406,2030.0,2.158650009625925,0.049173933831530015,0.7880760602614323,4.1337088036180285,31.246559956236034,True
lhs_008,recovery_mpc,406,2030.0,2.158650009625925,0.049173933831530015,0.7880760602614323,4.1337088036180285,31.246559956236034,True
lhs_008,original_mpc,407,2035.0,2.158650009625925,0.0,0.7886678770976071,4.134129057348002,31.219738538020195,False
lhs_008,recovery_mpc,407,2035.0,2.158650009625925,0.0,0.7886678770976071,4.134129057348002,31.219738538020195,False
lhs_008,original_mpc,408,2040.0,2.158650009625925,0.0,0.7892596939337819,4.134538005580896,31.193088403644396,False
lhs_008,recovery_mpc,408,2040.0,2.158650009625925,0.0,0.7892596939337819,4.134538005580896,31.193088403644396,False
lhs_008,original_mpc,409,2045.0,2.158650009625925,0.0,0.7898515107699567,4.134939047388189,31.16660698684362,False
lhs_008,recovery_mpc,409,2045.0,2.158650009625925,0.0,0.7898515107699567,4.134939047388189,31.16660698684362,False
lhs_008,original_mpc,410,2050.0,2.158650009625925,0.0,0.7904433276061316,4.135334796857038,31.140292189000117,False
lhs_008,recovery_mpc,410,2050.0,2.158650009625925,0.0,0.7904433276061316,4.135334796857038,31.140292189000117,False
lhs_008,original_mpc,411,2055.0,1.054509528427311,1.1041404811986142,0.7907324325976991,4.110001499240546,31.10460708999849,True
lhs_008,recovery_mpc,411,2055.0,1.054509528427311,1.1041404811986142,0.7907324325976991,4.110001499240546,31.10460708999849,True
lhs_008,original_mpc,412,2060.0,1.054509528427311,0.0,0.7910215375892666,4.107976833283123,31.0689876079636,False
lhs_008,recovery_mpc,412,2060.0,1.054509528427311,0.0,0.7910215375892666,4.107976833283123,31.0689876079636,False
lhs_008,original_mpc,413,2065.0,1.054509528427311,0.0,0.7913106425808342,4.106340571703896,31.03346558906424,False
lhs_008,recovery_mpc,413,2065.0,1.054509528427311,0.0,0.7913106425808342,4.106340571703896,31.03346558906424,False
lhs_008,original_mpc,414,2070.0,1.054509528427311,0.0,0.7915997475724017,4.105009616623566,30.99806569353501,False
lhs_008,recovery_mpc,414,2070.0,1.054509528427311,0.0,0.7915997475724017,4.105009616623566,30.99806569353501,False
lhs_008,original_mpc,415,2075.0,1.054509528427311,0.0,0.7918888525639692,4.103919273195631,30.9628070109033,False
lhs_008,recovery_mpc,415,2075.0,1.054509528427311,0.0,0.7918888525639692,4.103919273195631,30.9628070109033,False
lhs_008,original_mpc,416,2080.0,1.558132131261575,0.5036226028342641,0.7923160310431825,4.114752976745157,30.93127896923723,True
lhs_008,recovery_mpc,416,2080.0,1.558132131261575,0.5036226028342641,0.7923160310431825,4.114752976745157,30.93127896923723,True
lhs_008,original_mpc,417,2085.0,1.558132131261575,0.0,0.7927432095223957,4.115105299647248,30.899973388834855,False
lhs_008,recovery_mpc,417,2085.0,1.558132131261575,0.0,0.7927432095223957,4.115105299647248,30.899973388834855,False
lhs_008,original_mpc,418,2090.0,1.558132131261575,0.0,0.793170388001609,4.115400581412279,30.868881564169815,False
lhs_008,recovery_mpc,418,2090.0,1.558132131261575,0.0,0.793170388001609,4.115400581412279,30.868881564169815,False
lhs_008,original_mpc,419,2095.0,1.558132131261575,0.0,0.7935975664808222,4.115653246097122,30.83799664463948,False
lhs_008,recovery_mpc,419,2095.0,1.558132131261575,0.0,0.7935975664808222,4.115653246097122,30.83799664463948,False
lhs_008,original_mpc,420,2100.0,1.558132131261575,0.0,0.7940247449600355,4.11587445589171,30.807313208479126,False
lhs_008,recovery_mpc,420,2100.0,1.558132131261575,0.0,0.7940247449600355,4.11587445589171,30.807313208479126,False
lhs_008,original_mpc,421,2105.0,1.0739509932148346,0.48418113804674046,0.7943191800357434,4.104792373877405,30.773391319425684,True
lhs_008,recovery_mpc,421,2105.0,1.0739509932148346,0.48418113804674046,0.7943191800357434,4.104792373877405,30.773391319425684,True
lhs_008,original_mpc,422,2110.0,1.0739509932148346,0.0,0.7946136151114513,4.103916028874403,30.739615383312547,False
lhs_008,recovery_mpc,422,2110.0,1.0739509932148346,0.0,0.7946136151114513,4.103916028874403,30.739615383312547,False
lhs_008,original_mpc,423,2115.0,1.0739509932148346,0.0,0.7949080501871593,4.103199198097139,30.705997831095324,False
lhs_008,recovery_mpc,423,2115.0,1.0739509932148346,0.0,0.7949080501871593,4.103199198097139,30.705997831095324,False
lhs_008,original_mpc,424,2120.0,1.0739509932148346,0.0,0.7952024852628672,4.102608998806329,30.67254820367811,False
lhs_008,recovery_mpc,424,2120.0,1.0739509932148346,0.0,0.7952024852628672,4.102608998806329,30.67254820367811,False
lhs_008,original_mpc,425,2125.0,1.0739509932148346,0.0,0.7954969203385751,4.102119793221349,30.639273798336795,False
lhs_008,recovery_mpc,425,2125.0,1.0739509932148346,0.0,0.7954969203385751,4.102119793221349,30.639273798336795,False
lhs_008,original_mpc,426,2130.0,0.39109073398529626,0.6828602592295383,0.795604142018705,4.085802622687845,30.602764456639605,True
lhs_008,recovery_mpc,426,2130.0,0.39109073398529626,0.6828602592295383,0.795604142018705,4.085802622687845,30.602764456639605,True
lhs_012,original_mpc,1,5.0,2.0,2.0,0.2202319014384044,3.551575210549721,20.948581332413077,True
lhs_012,recovery_mpc,1,5.0,2.0,2.0,0.2202319014384044,3.551575210549721,20.948581332413077,True
lhs_012,original_mpc,2,10.0,4.000000000000001,2.000000000000001,0.2214107677092461,3.599609362371792,20.974079663170706,True
lhs_012,recovery_mpc,2,10.0,4.000000000000001,2.000000000000001,0.2214107677092461,3.599609362371792,20.974079663170706,True
lhs_012,original_mpc,3,15.0,5.999999999999998,1.9999999999999973,0.22317906711550864,3.6514523257057663,21.03402049086734,True
lhs_012,recovery_mpc,3,15.0,5.999999999999998,1.9999999999999973,0.22317906711550864,3.6514523257057663,21.03402049086734,True
lhs_012,original_mpc,4,20.0,7.999999999999998,2.0,0.22553679965719203,3.7064279600447767,21.144452982912366,True
lhs_012,recovery_mpc,4,20.0,7.999999999999998,2.0,0.22553679965719203,3.7064279600447767,21.144452982912366,True
lhs_012,original_mpc,5,25.0,9.999999999999998,2.0,0.22848396533429627,3.7640228688405593,21.322177972972252,True
lhs_012,recovery_mpc,5,25.0,9.999999999999998,2.0,0.22848396533429627,3.7640228688405593,21.322177972972252,True
lhs_012,original_mpc,6,30.0,10.0,1.7763568394002505e-15,0.2314311310114005,3.7805687234075296,21.5101733385232,True
lhs_012,recovery_mpc,6,30.0,10.0,1.7763568394002505e-15,0.2314311310114005,3.7805687234075296,21.5101733385232,True
lhs_012,original_mpc,7,35.0,10.0,0.0,0.23437829668850474,3.794408599423141,21.706018567332073,False
lhs_012,recovery_mpc,7,35.0,10.0,0.0,0.23437829668850474,3.794408599423141,21.706018567332073,False
lhs_012,original_mpc,8,40.0,10.0,0.0,0.23732546236560897,3.806225147247931,21.907916127687017,False
lhs_012,recovery_mpc,8,40.0,10.0,0.0,0.23732546236560897,3.806225147247931,21.907916127687017,False
lhs_012,original_mpc,9,45.0,10.0,0.0,0.2402726280427132,3.81651917444014,22.114524473068116,False
lhs_012,recovery_mpc,9,45.0,10.0,0.0,0.2402726280427132,3.81651917444014,22.114524473068116,False
lhs_012,original_mpc,10,50.0,10.0,0.0,0.24321979371981745,3.8256586624562776,22.324836172157234,False
lhs_012,recovery_mpc,10,50.0,10.0,0.0,0.24321979371981745,3.8256586624562776,22.324836172157234,False
lhs_012,original_mpc,11,55.0,9.999999999999998,1.7763568394002505e-15,0.24616695939692168,3.8339145600845863,22.538088877883276,True
lhs_012,recovery_mpc,11,55.0,9.999999999999998,1.7763568394002505e-15,0.24616695939692168,3.8339145600845863,22.538088877883276,True
lhs_012,original_mpc,12,60.0,9.999999999999998,0.0,0.24911412507402592,3.841486921234519,22.753700276915467,False
lhs_012,recovery_mpc,12,60.0,9.999999999999998,0.0,0.24911412507402592,3.841486921234519,22.753700276915467,False
lhs_012,original_mpc,13,65.0,9.999999999999998,0.0,0.25206129075113015,3.848523992151251,22.97122055103961,False
lhs_012,recovery_mpc,13,65.0,9.999999999999998,0.0,0.25206129075113015,3.848523992151251,22.97122055103961,False
lhs_012,original_mpc,14,70.0,9.999999999999998,0.0,0.2550084564282344,3.8551361502702903,23.190297627040884,False
lhs_012,recovery_mpc,14,70.0,9.999999999999998,0.0,0.2550084564282344,3.8551361502702903,23.190297627040884,False
lhs_012,original_mpc,15,75.0,9.999999999999998,0.0,0.2579556221053386,3.861406083705407,23.410651766049515,False
lhs_012,recovery_mpc,15,75.0,9.999999999999998,0.0,0.2579556221053386,3.861406083705407,23.410651766049515,False
lhs_012,original_mpc,16,80.0,10.0,1.7763568394002505e-15,0.26090278778244286,3.8673962256101326,23.632056973821506,True
lhs_012,recovery_mpc,16,80.0,10.0,1.7763568394002505e-15,0.26090278778244286,3.8673962256101326,23.632056973821506,True
lhs_012,original_mpc,17,85.0,10.0,0.0,0.2638499534595471,3.873154184009531,23.85432739288752,False
lhs_012,recovery_mpc,17,85.0,10.0,0.0,0.2638499534595471,3.873154184009531,23.85432739288752,False
lhs_012,original_mpc,18,90.0,10.0,0.0,0.26679711913665133,3.878716707885305,24.077307333645276,False
lhs_012,recovery_mpc,18,90.0,10.0,0.0,0.26679711913665133,3.878716707885305,24.077307333645276,False
lhs_012,original_mpc,19,95.0,10.0,0.0,0.26974428481375556,3.8841125843938626,24.300863963753525,False
lhs_012,recovery_mpc,19,95.0,10.0,0.0,0.26974428481375556,3.8841125843938626,24.300863963753525,False
lhs_012,original_mpc,20,100.0,10.0,0.0,0.2726914504908598,3.88936475555881,24.52488193972519,False
lhs_012,recovery_mpc,20,100.0,10.0,0.0,0.2726914504908598,3.88936475555881,24.52488193972519,False
lhs_012,original_mpc,21,105.0,9.605233852178307,0.3947661478216933,0.2755222720438298,3.8859662530841073,24.733639021384782,True
lhs_012,recovery_mpc,21,105.0,9.605233852178307,0.3947661478216933,0.2755222720438298,3.8859662530841073,24.733639021384782,True
lhs_012,original_mpc,22,110.0,9.605233852178307,0.0,0.27835309359679977,3.8900786568594463,24.942035502492892,False
lhs_012,recovery_mpc,22,110.0,9.605233852178307,0.0,0.27835309359679977,3.8900786568594463,24.942035502492892,False
lhs_012,original_mpc,23,115.0,9.605233852178307,0.0,0.28118391514976976,3.8942680587278087,25.150145090665774,False
lhs_012,recovery_mpc,23,115.0,9.605233852178307,0.0,0.28118391514976976,3.8942680587278087,25.150145090665774,False
lhs_012,original_mpc,24,120.0,9.605233852178307,0.0,0.28401473670273975,3.8984999290630857,25.3580079733649,False
lhs_012,recovery_mpc,24,120.0,9.605233852178307,0.0,0.28401473670273975,3.8984999290630857,25.3580079733649,False
lhs_012,original_mpc,25,125.0,9.605233852178307,0.0,0.28684555825570973,3.90275065976723,25.56564048064697,False
lhs_012,recovery_mpc,25,125.0,9.605233852178307,0.0,0.28684555825570973,3.90275065976723,25.56564048064697,False
lhs_012,original_mpc,26,130.0,9.070038722907789,0.5351951292705177,0.28951864893712576,3.8954432683717792,25.75226334966368,True
lhs_012,recovery_mpc,26,130.0,9.070038722907789,0.5351951292705177,0.28951864893712576,3.8954432683717792,25.75226334966368,True
lhs_012,original_mpc,27,135.0,9.070038722907789,0.0,0.2921917396185418,3.898458667892262,25.937869116737456,False
lhs_012,recovery_mpc,27,135.0,9.070038722907789,0.0,0.2921917396185418,3.898458667892262,25.937869116737456,False
lhs_012,original_mpc,28,140.0,9.070038722907789,0.0,0.2948648302999578,3.9016950863723667,26.12263459162685,False
lhs_012,recovery_mpc,28,140.0,9.070038722907789,0.0,0.2948648302999578,3.9016950863723667,26.12263459162685,False
lhs_012,original_mpc,29,145.0,9.070038722907789,0.0,0.2975379209813738,3.9050876907669614,26.30668013296934,False
lhs_012,recovery_mpc,29,145.0,9.070038722907789,0.0,0.2975379209813738,3.9050876907669614,26.30668013296934,False
lhs_012,original_mpc,30,150.0,9.070038722907789,0.0,0.30021101166278985,3.9085902837563133,26.49008531821968,False
lhs_012,recovery_mpc,30,150.0,9.070038722907789,0.0,0.30021101166278985,3.9085902837563133,26.49008531821968,False
lhs_012,original_mpc,31,155.0,8.832746975938349,0.23729174696944,0.30281416853499304,3.90701806727378,26.66388520443422,True
lhs_012,recovery_mpc,31,155.0,8.832746975938349,0.23729174696944,0.30281416853499304,3.90701806727378,26.66388520443422,True
lhs_012,original_mpc,32,160.0,8.832746975938349,0.0,0.30541732540719624,3.910038195121282,26.836800521147172,False
lhs_012,recovery_mpc,32,160.0,8.832746975938349,0.0,0.30541732540719624,3.910038195121282,26.836800521147172,False
lhs_012,original_mpc,33,165.0,8.832746975938349,0.0,0.30802048227939943,3.913156924434345,27.008929564115686,False
lhs_012,recovery_mpc,33,165.0,8.832746975938349,0.0,0.30802048227939943,3.913156924434345,27.008929564115686,False
lhs_012,original_mpc,34,170.0,8.832746975938349,0.0,0.3106236391516026,3.916334574811974,27.180338080924102,False
lhs_012,recovery_mpc,34,170.0,8.832746975938349,0.0,0.3106236391516026,3.916334574811974,27.180338080924102,False
lhs_012,original_mpc,35,175.0,8.832746975938349,0.0,0.3132267960238058,3.9195426590527846,27.351068364250196,False
lhs_012,recovery_mpc,35,175.0,8.832746975938349,0.0,0.3132267960238058,3.9195426590527846,27.351068364250196,False
lhs_012,original_mpc,36,180.0,8.535257494077523,0.2974894818608256,0.315742277816985,3.9163338130280065,27.509995069649655,True
lhs_012,recovery_mpc,36,180.0,8.535257494077523,0.2974894818608256,0.315742277816985,3.9163338130280065,27.509995069649655,True
lhs_012,original_mpc,37,185.0,8.535257494077523,0.0,0.31825775961016417,3.918864244690023,27.66789645362519,False
lhs_012,recovery_mpc,37,185.0,8.535257494077523,0.0,0.31825775961016417,3.918864244690023,27.66789645362519,False
lhs_012,original_mpc,38,190.0,8.535257494077523,0.0,0.32077324140334335,3.921512225470238,27.824879756392278,False
lhs_012,recovery_mpc,38,190.0,8.535257494077523,0.0,0.32077324140334335,3.921512225470238,27.824879756392278,False
lhs_012,original_mpc,39,195.0,8.535257494077523,0.0,0.3232887231965225,3.924236539333903,27.981019578643938,False
lhs_012,recovery_mpc,39,195.0,8.535257494077523,0.0,0.3232887231965225,3.924236539333903,27.981019578643938,False
lhs_012,original_mpc,40,200.0,8.535257494077523,0.0,0.3258042049897017,3.9270074647864415,28.136366911870077,False
lhs_012,recovery_mpc,40,200.0,8.535257494077523,0.0,0.3258042049897017,3.9270074647864415,28.136366911870077,False
lhs_012,original_mpc,41,205.0,7.932615992864797,0.6026415012127266,0.3281420783480836,3.916786899199682,28.269082224661215,True
lhs_012,recovery_mpc,41,205.0,7.932615992864797,0.6026415012127266,0.3281420783480836,3.916786899199682,28.269082224661215,True
lhs_012,original_mpc,42,210.0,7.932615992864797,0.0,0.33047995170646555,3.9182110906524352,28.400351039644537,False
lhs_012,recovery_mpc,42,210.0,7.932615992864797,0.0,0.33047995170646555,3.9182110906524352,28.400351039644537,False
lhs_012,original_mpc,43,215.0,7.932615992864797,0.0,0.3328178250648475,3.9199013814543595,28.530378308865956,False
lhs_012,recovery_mpc,43,215.0,7.932615992864797,0.0,0.3328178250648475,3.9199013814543595,28.530378308865956,False
lhs_012,original_mpc,44,220.0,7.932615992864797,0.0,0.3351556984232294,3.9217807417674226,28.65931259866351,False
lhs_012,recovery_mpc,44,220.0,7.932615992864797,0.0,0.3351556984232294,3.9217807417674226,28.65931259866351,False
lhs_012,original_mpc,45,225.0,7.932615992864797,0.0,0.3374935717816113,3.9237931514036903,28.787261439704086,False
lhs_012,recovery_mpc,45,225.0,7.932615992864797,0.0,0.3374935717816113,3.9237931514036903,28.787261439704086,False
lhs_012,original_mpc,46,230.0,7.573444137090116,0.35917185577468036,0.33972559124344115,3.9181411980199505,28.901826484706763,True
lhs_012,recovery_mpc,46,230.0,7.573444137090116,0.35917185577468036,0.33972559124344115,3.9181411980199505,28.901826484706763,True
lhs_012,original_mpc,47,235.0,7.573444137090116,0.0,0.341957610705271,3.9194861854865137,29.015148441003635,False
lhs_012,recovery_mpc,47,235.0,7.573444137090116,0.0,0.341957610705271,3.9194861854865137,29.015148441003635,False
lhs_012,original_mpc,48,240.0,7.573444137090116,0.0,0.3441896301671008,3.9210315835822644,29.127375398466707,False
lhs_012,recovery_mpc,48,240.0,7.573444137090116,0.0,0.3441896301671008,3.9210315835822644,29.127375398466707,False
lhs_012,original_mpc,49,245.0,7.573444137090116,0.0,0.34642164962893063,3.9227206126614083,29.238615731173226,False
lhs_012,recovery_mpc,49,245.0,7.573444137090116,0.0,0.34642164962893063,3.9227206126614083,29.238615731173226,False
lhs_012,original_mpc,50,250.0,7.573444137090116,0.0,0.34865366909076045,3.924511955716594,29.34894887553191,False
lhs_012,recovery_mpc,50,250.0,7.573444137090116,0.0,0.34865366909076045,3.924511955716594,29.34894887553191,False
lhs_012,original_mpc,51,255.0,7.293572273071932,0.2798718640181841,0.3508032056774281,3.920332074843843,29.449016041682277,True
lhs_012,recovery_mpc,51,255.0,7.293572273071932,0.2798718640181841,0.3508032056774281,3.920332074843843,29.449016041682277,True
lhs_012,original_mpc,52,260.0,7.293572273071932,0.0,0.3529527422640958,3.9216057021152335,29.547986991933087,False
lhs_012,recovery_mpc,52,260.0,7.293572273071932,0.0,0.3529527422640958,3.9216057021152335,29.547986991933087,False
lhs_012,original_mpc,53,265.0,7.293572273071932,0.0,0.35510227885076345,3.9230377267976992,29.645974687247193,False
lhs_012,recovery_mpc,53,265.0,7.293572273071932,0.0,0.35510227885076345,3.9230377267976992,29.645974687247193,False
lhs_012,original_mpc,54,270.0,7.293572273071932,0.0,0.3572518154374311,3.924584493897289,29.74306264721419,False
lhs_012,recovery_mpc,54,270.0,7.293572273071932,0.0,0.3572518154374311,3.924584493897289,29.74306264721419,False
lhs_012,original_mpc,55,275.0,7.293572273071932,0.0,0.3594013520240988,3.92621421246901,29.839312914992497,False
lhs_012,recovery_mpc,55,275.0,7.293572273071932,0.0,0.3594013520240988,3.92621421246901,29.839312914992497,False
lhs_012,original_mpc,56,280.0,7.13554576471215,0.15802650835978227,0.3615043155806154,3.924491570134572,29.92958039439171,True
lhs_012,recovery_mpc,56,280.0,7.13554576471215,0.15802650835978227,0.3615043155806154,3.924491570134572,29.92958039439171,True
lhs_012,original_mpc,57,285.0,7.13554576471215,0.0,0.36360727913713203,3.9258626403469004,30.018932163817237,False
lhs_012,recovery_mpc,57,285.0,7.13554576471215,0.0,0.36360727913713203,3.9258626403469004,30.018932163817237,False
lhs_012,original_mpc,58,290.0,7.13554576471215,0.0,0.36571024269364866,3.927334319223951,30.107439689182577,False
lhs_012,recovery_mpc,58,290.0,7.13554576471215,0.0,0.36571024269364866,3.927334319223951,30.107439689182577,False
lhs_012,original_mpc,59,295.0,7.13554576471215,0.0,0.3678132062501653,3.9288795709421382,30.195156533740395,False
lhs_012,recovery_mpc,59,295.0,7.13554576471215,0.0,0.3678132062501653,3.9288795709421382,30.195156533740395,False
lhs_012,original_mpc,60,300.0,7.13554576471215,0.0,0.3699161698066819,3.930478710879075,30.282123185149374,False
lhs_012,recovery_mpc,60,300.0,7.13554576471215,0.0,0.3699161698066819,3.930478710879075,30.282123185149374,False
lhs_012,original_mpc,61,305.0,6.965956357177863,0.16958940753428742,0.37196915255509,3.9284556551895915,30.36290093489187,True
lhs_012,recovery_mpc,61,305.0,6.965956357177863,0.16958940753428742,0.37196915255509,3.9284556551895915,30.36290093489187,True
lhs_012,original_mpc,62,310.0,6.965956357177863,0.0,0.3740221353034981,3.9297356334009144,30.4428169060591,False
lhs_012,recovery_mpc,62,310.0,6.965956357177863,0.0,0.3740221353034981,3.9297356334009144,30.4428169060591,False
lhs_012,original_mpc,63,315.0,6.965956357177863,0.0,0.3760751180519062,3.9311120788844565,30.521937105868204,False
lhs_012,recovery_mpc,63,315.0,6.965956357177863,0.0,0.3760751180519062,3.9311120788844565,30.521937105868204,False
lhs_012,original_mpc,64,320.0,6.965956357177863,0.0,0.3781281008003143,3.9325599946804246,30.6003113767465,False
lhs_012,recovery_mpc,64,320.0,6.965956357177863,0.0,0.3781281008003143,3.9325599946804246,30.6003113767465,False
lhs_012,original_mpc,65,325.0,6.965956357177863,0.0,0.3801810835487224,3.9340611583746847,30.677977741343327,False
lhs_012,recovery_mpc,65,325.0,6.965956357177863,0.0,0.3801810835487224,3.9340611583746847,30.677977741343327,False
lhs_012,original_mpc,66,330.0,6.834089944993756,0.13186641218410688,0.38219520308073524,3.9327550053570786,30.750788985681634,True
lhs_012,recovery_mpc,66,330.0,6.834089944993756,0.13186641218410688,0.38219520308073524,3.9327550053570786,30.750788985681634,True
lhs_012,original_mpc,67,335.0,6.834089944993756,0.0,0.3842093226127481,3.9340247551187533,30.822818353519914,False
lhs_012,recovery_mpc,67,335.0,6.834089944993756,0.0,0.3842093226127481,3.9340247551187533,30.822818353519914,False
lhs_012,original_mpc,68,340.0,6.834089944993756,0.0,0.38622344214476095,3.9353759384190248,30.894120193197423,False
lhs_012,recovery_mpc,68,340.0,6.834089944993756,0.0,0.38622344214476095,3.9353759384190248,30.894120193197423,False
lhs_012,original_mpc,69,345.0,6.834089944993756,0.0,0.3882375616767738,3.936788259184826,30.964735953399998,False
lhs_012,recovery_mpc,69,345.0,6.834089944993756,0.0,0.3882375616767738,3.936788259184826,30.964735953399998,False
lhs_012,original_mpc,70,350.0,6.834089944993756,0.0,0.39025168120878667,3.9382469109426452,31.034697637042225,False
lhs_012,recovery_mpc,70,350.0,6.834089944993756,0.0,0.39025168120878667,3.9382469109426452,31.034697637042225,False
lhs_012,original_mpc,71,355.0,6.5758635424259895,0.2582264025677663,0.39218969714174257,3.9341651508834037,31.09603547271457,True
lhs_012,recovery_mpc,71,355.0,6.5758635424259895,0.2582264025677663,0.39218969714174257,3.9341651508834037,31.09603547271457,True
lhs_012,original_mpc,72,360.0,6.5758635424259895,0.0,0.39412771307469846,3.9350958682559942,31.156527685426347,False
lhs_012,recovery_mpc,72,360.0,6.5758635424259895,0.0,0.39412771307469846,3.9350958682559942,31.156527685426347,False
lhs_012,original_mpc,73,365.0,6.5758635424259895,0.0,0.39606572900765435,3.9361623114455178,31.21625834491359,False
lhs_012,recovery_mpc,73,365.0,6.5758635424259895,0.0,0.39606572900765435,3.9361623114455178,31.21625834491359,False
lhs_012,original_mpc,74,370.0,6.5758635424259895,0.0,0.39800374494061025,3.937330547693951,31.275290884381498,False
lhs_012,recovery_mpc,74,370.0,6.5758635424259895,0.0,0.39800374494061025,3.937330547693951,31.275290884381498,False
lhs_012,original_mpc,75,375.0,6.5758635424259895,0.0,0.39994176087356614,3.9385757785930773,31.333673633858975,False
lhs_012,recovery_mpc,75,375.0,6.5758635424259895,0.0,0.39994176087356614,3.9385757785930773,31.333673633858975,False
lhs_012,original_mpc,76,380.0,6.4089960320583295,0.16686751036766,0.4018305981866041,3.936273763655963,31.386419066502143,True
lhs_012,recovery_mpc,76,380.0,6.4089960320583295,0.16686751036766,0.4018305981866041,3.936273763655963,31.386419066502143,True
lhs_012,original_mpc,77,385.0,6.4089960320583295,0.0,0.40371943549964207,3.937232941429537,31.438433660810247,False
lhs_012,recovery_mpc,77,385.0,6.4089960320583295,0.0,0.40371943549964207,3.937232941429537,31.438433660810247,False
lhs_012,original_mpc,78,390.0,6.4089960320583295,0.0,0.40560827281268,3.938295912526984,31.489783065094315,False
lhs_012,recovery_mpc,78,390.0,6.4089960320583295,0.0,0.40560827281268,3.938295912526984,31.489783065094315,False
lhs_012,original_mpc,79,395.0,6.4089960320583295,0.0,0.407497110125718,3.9394363320269705,31.540517305771672,False
lhs_012,recovery_mpc,79,395.0,6.4089960320583295,0.0,0.407497110125718,3.9394363320269705,31.540517305771672,False
lhs_012,original_mpc,80,400.0,6.4089960320583295,0.0,0.40938594743875595,3.9406349215447642,31.590674956852965,False
lhs_012,recovery_mpc,80,400.0,6.4089960320583295,0.0,0.40938594743875595,3.9406349215447642,31.590674956852965,False
lhs_012,original_mpc,81,405.0,6.319677210108663,0.08931882194966612,0.41124846101515694,3.9399489961381557,31.637648336271916,True
lhs_012,recovery_mpc,81,405.0,6.319677210108663,0.08931882194966612,0.41124846101515694,3.9399489961381557,31.637648336271916,True
lhs_012,original_mpc,82,410.0,6.319677210108663,0.0,0.41311097459155793,3.941021109275619,31.68402140563121,False
lhs_012,recovery_mpc,82,410.0,6.319677210108663,0.0,0.41311097459155793,3.941021109275619,31.68402140563121,False
lhs_012,original_mpc,83,415.0,6.319677210108663,0.0,0.4149734881679589,3.9421588215028476,31.729836027242523,False
lhs_012,recovery_mpc,83,415.0,6.319677210108663,0.0,0.4149734881679589,3.9421588215028476,31.729836027242523,False
lhs_012,original_mpc,84,420.0,6.319677210108663,0.0,0.4168360017443599,3.9433462676995883,31.775124747384442,False
lhs_012,recovery_mpc,84,420.0,6.319677210108663,0.0,0.4168360017443599,3.9433462676995883,31.775124747384442,False
lhs_012,original_mpc,85,425.0,6.319677210108663,0.0,0.4186985153207609,3.944571821347224,31.81991326163392,False
lhs_012,recovery_mpc,85,425.0,6.319677210108663,0.0,0.4186985153207609,3.944571821347224,31.81991326163392,False
lhs_012,original_mpc,86,430.0,6.165676029887377,0.15400118022128595,0.42051564219790377,3.9425019964935877,31.85975434211116,True
lhs_012,recovery_mpc,86,430.0,6.165676029887377,0.15400118022128595,0.42051564219790377,3.9425019964935877,31.85975434211116,True
lhs_012,original_mpc,87,435.0,6.165676029887377,0.0,0.42233276907504663,3.9434284900266574,31.899001688470864,False
lhs_012,recovery_mpc,87,435.0,6.165676029887377,0.0,0.42233276907504663,3.9434284900266574,31.899001688470864,False
lhs_012,original_mpc,88,440.0,6.165676029887377,0.0,0.4241498959521895,3.944441713482599,31.937707336667906,False
lhs_012,recovery_mpc,88,440.0,6.165676029887377,0.0,0.4241498959521895,3.944441713482599,31.937707336667906,False
lhs_012,original_mpc,89,445.0,6.165676029887377,0.0,0.42596702282933235,3.945520520036451,31.975911248015933,False
lhs_012,recovery_mpc,89,445.0,6.165676029887377,0.0,0.42596702282933235,3.945520520036451,31.975911248015933,False
lhs_012,original_mpc,90,450.0,6.165676029887377,0.0,0.4277841497064752,3.9466494159113665,32.01364451979826,False
lhs_012,recovery_mpc,90,450.0,6.165676029887377,0.0,0.4277841497064752,3.9466494159113665,32.01364451979826,False
lhs_012,original_mpc,91,455.0,6.203637196081027,0.0379611661936492,0.4296124643682249,3.948636602150636,32.052019482508506,True
lhs_012,recovery_mpc,91,455.0,6.203637196081027,0.0379611661936492,0.4296124643682249,3.948636602150636,32.052019482508506,True
lhs_012,original_mpc,92,460.0,6.203637196081027,0.0,0.43144077902997463,3.949921336786242,32.09000067567622,False
lhs_012,recovery_mpc,92,460.0,6.203637196081027,0.0,0.43144077902997463,3.949921336786242,32.09000067567622,False
lhs_012,original_mpc,93,465.0,6.203637196081027,0.0,0.43326909369172434,3.9512135594620035,32.12759489441827,False
lhs_012,recovery_mpc,93,465.0,6.203637196081027,0.0,0.43326909369172434,3.9512135594620035,32.12759489441827,False
lhs_012,original_mpc,94,470.0,6.203637196081027,0.0,0.43509740835347405,3.952513124878663,32.164808754634905,False
lhs_012,recovery_mpc,94,470.0,6.203637196081027,0.0,0.43509740835347405,3.952513124878663,32.164808754634905,False
lhs_012,original_mpc,95,475.0,6.203637196081027,0.0,0.43692572301522375,3.953819894856222,32.2016486944959,False
lhs_012,recovery_mpc,95,475.0,6.203637196081027,0.0,0.43692572301522375,3.953819894856222,32.2016486944959,False
lhs_012,original_mpc,96,480.0,6.304249811245041,0.10061261516401476,0.438783689881583,3.95730587780058,32.24101665890781,True
lhs_012,recovery_mpc,96,480.0,6.304249811245041,0.10061261516401476,0.438783689881583,3.95730587780058,32.24101665890781,True
lhs_012,original_mpc,97,485.0,6.304249811245041,0.0,0.44064165674794226,3.9588565221855627,32.28011198718425,False
lhs_012,recovery_mpc,97,485.0,6.304249811245041,0.0,0.44064165674794226,3.9588565221855627,32.28011198718425,False
lhs_012,original_mpc,98,490.0,6.304249811245041,0.0,0.4424996236143015,3.960369606155311,32.31891515498675,False
lhs_012,recovery_mpc,98,490.0,6.304249811245041,0.0,0.4424996236143015,3.960369606155311,32.31891515498675,False
lhs_012,original_mpc,99,495.0,6.304249811245041,0.0,0.44435759048066076,3.9618566204403245,32.35741318963221,False
lhs_012,recovery_mpc,99,495.0,6.304249811245041,0.0,0.44435759048066076,3.9618566204403245,32.35741318963221,False
lhs_012,original_mpc,100,500.0,6.304249811245041,0.0,0.44621555734702,3.963325950250211,32.3955978662599,False
lhs_012,recovery_mpc,100,500.0,6.304249811245041,0.0,0.44621555734702,3.963325950250211,32.3955978662599,False
lhs_012,original_mpc,101,505.0,6.0841411559262335,0.22010865531880786,0.44800865454596034,3.960031727878258,32.427171688769995,True
lhs_012,recovery_mpc,101,505.0,6.0841411559262335,0.22010865531880786,0.44800865454596034,3.960031727878258,32.427171688769995,True
lhs_012,original_mpc,102,510.0,6.0841411559262335,0.0,0.44980175174490067,3.9609794751760306,32.45823690739077,False
lhs_012,recovery_mpc,102,510.0,6.0841411559262335,0.0,0.44980175174490067,3.9609794751760306,32.45823690739077,False
lhs_012,original_mpc,103,515.0,6.0841411559262335,0.0,0.451594848943841,3.9620204619103476,32.488846967137825,False
lhs_012,recovery_mpc,103,515.0,6.0841411559262335,0.0,0.451594848943841,3.9620204619103476,32.488846967137825,False
lhs_012,original_mpc,104,520.0,6.0841411559262335,0.0,0.45338794614278133,3.9631316979938016,32.51904237241538,False
lhs_012,recovery_mpc,104,520.0,6.0841411559262335,0.0,0.45338794614278133,3.9631316979938016,32.51904237241538,False
lhs_012,original_mpc,105,525.0,6.0841411559262335,0.0,0.45518104334172166,3.964296364055194,32.54885414918921,False
lhs_012,recovery_mpc,105,525.0,6.0841411559262335,0.0,0.45518104334172166,3.964296364055194,32.54885414918921,False
lhs_012,original_mpc,106,530.0,5.836166095956538,0.24797505996969527,0.4569010581821099,3.9601483821964,32.57143243008892,True
lhs_012,recovery_mpc,106,530.0,5.836166095956538,0.24797505996969527,0.4569010581821099,3.9601483821964,32.57143243008892,True
lhs_012,original_mpc,107,535.0,5.836166095956538,0.0,0.45862107302249816,3.960819467738668,32.5934707739047,False
lhs_012,recovery_mpc,107,535.0,5.836166095956538,0.0,0.45862107302249816,3.960819467738668,32.5934707739047,False
lhs_012,original_mpc,108,540.0,5.836166095956538,0.0,0.4603410878628864,3.9616253677739275,32.61504201092705,False
lhs_012,recovery_mpc,108,540.0,5.836166095956538,0.0,0.4603410878628864,3.9616253677739275,32.61504201092705,False
lhs_012,original_mpc,109,545.0,5.836166095956538,0.0,0.46206110270327466,3.9625326508429213,32.636200973918726,False
lhs_012,recovery_mpc,109,545.0,5.836166095956538,0.0,0.46206110270327466,3.9625326508429213,32.636200973918726,False
lhs_012,original_mpc,110,550.0,5.836166095956538,0.0,0.4637811175436629,3.96351684632983,32.65698931553104,False
lhs_012,recovery_mpc,110,550.0,5.836166095956538,0.0,0.4637811175436629,3.96351684632983,32.65698931553104,False
lhs_012,original_mpc,111,555.0,5.708038420945238,0.1281276750113003,0.4654633710354431,3.9617936177899757,32.673989178870045,True
lhs_012,recovery_mpc,111,555.0,5.708038420945238,0.1281276750113003,0.4654633710354431,3.9617936177899757,32.673989178870045,True
lhs_012,original_mpc,112,560.0,5.708038420945238,0.0,0.4671456245272233,3.9625896189198215,32.690575399951754,False
lhs_012,recovery_mpc,112,560.0,5.708038420945238,0.0,0.4671456245272233,3.9625896189198215,32.690575399951754,False
lhs_012,original_mpc,113,565.0,5.708038420945238,0.0,0.4688278780190035,3.9634782859175757,32.706796619210806,False
lhs_012,recovery_mpc,113,565.0,5.708038420945238,0.0,0.4688278780190035,3.9634782859175757,32.706796619210806,False
lhs_012,original_mpc,114,570.0,5.708038420945238,0.0,0.4705101315107837,3.9644377608196746,32.72268994995795,False
lhs_012,recovery_mpc,114,570.0,5.708038420945238,0.0,0.4705101315107837,3.9644377608196746,32.72268994995795,False
lhs_012,original_mpc,115,575.0,5.708038420945238,0.0,0.4721923850025639,3.9654520191882527,32.73828404327127,False
lhs_012,recovery_mpc,115,575.0,5.708038420945238,0.0,0.4721923850025639,3.9654520191882527,32.73828404327127,False
lhs_012,original_mpc,116,580.0,5.688581390335101,0.019457030610136705,0.47386890418506483,3.9660891712604665,32.75308546244191,True
lhs_012,recovery_mpc,116,580.0,5.688581390335101,0.019457030610136705,0.47386890418506483,3.9660891712604665,32.75308546244191,True
lhs_012,original_mpc,117,585.0,5.688581390335101,0.0,0.4755454233675658,3.9671362955888076,32.76761268732955,False
lhs_012,recovery_mpc,117,585.0,5.688581390335101,0.0,0.4755454233675658,3.9671362955888076,32.76761268732955,False
lhs_012,original_mpc,118,590.0,5.688581390335101,0.0,0.4772219425500667,3.9682199998140977,32.781884545377835,False
lhs_012,recovery_mpc,118,590.0,5.688581390335101,0.0,0.4772219425500667,3.9682199998140977,32.781884545377835,False
lhs_012,original_mpc,119,595.0,5.688581390335101,0.0,0.47889846173256767,3.969333340427263,32.795916170666004,False
lhs_012,recovery_mpc,119,595.0,5.688581390335101,0.0,0.47889846173256767,3.969333340427263,32.795916170666004,False
lhs_012,original_mpc,120,600.0,5.688581390335101,0.0,0.4805749809150686,3.970471195698314,32.809719956500324,False
lhs_012,recovery_mpc,120,600.0,5.688581390335101,0.0,0.4805749809150686,3.970471195698314,32.809719956500324,False
lhs_012,original_mpc,121,605.0,5.404543763104368,0.28403762723073367,0.4821677895029715,3.965496093478745,32.81594002178126,True
lhs_012,recovery_mpc,121,605.0,5.404543763104368,0.28403762723073367,0.4821677895029715,3.965496093478745,32.81594002178126,True
lhs_012,original_mpc,122,610.0,5.404543763104368,0.0,0.4837605980908744,3.966021886314728,32.82174062989646,False
lhs_012,recovery_mpc,122,610.0,5.404543763104368,0.0,0.4837605980908744,3.966021886314728,32.82174062989646,False
lhs_012,original_mpc,123,615.0,5.404543763104368,0.0,0.4853534066787773,3.9666885746769847,32.82719083870346,False
lhs_012,recovery_mpc,123,615.0,5.404543763104368,0.0,0.4853534066787773,3.9666885746769847,32.82719083870346,False
lhs_012,original_mpc,124,620.0,5.404543763104368,0.0,0.4869462152666802,3.9674618499358165,32.83234261758514,False
lhs_012,recovery_mpc,124,620.0,5.404543763104368,0.0,0.4869462152666802,3.9674618499358165,32.83234261758514,False
lhs_012,original_mpc,125,625.0,5.404543763104368,0.0,0.4885390238545831,3.968316578740939,32.83723541770568,False
lhs_012,recovery_mpc,125,625.0,5.404543763104368,0.0,0.4885390238545831,3.968316578740939,32.83723541770568,False
lhs_012,original_mpc,126,630.0,5.519128568770629,0.1145848056662615,0.4901656024831237,3.9717090121342755,32.844813167283384,True
lhs_012,recovery_mpc,126,630.0,5.519128568770629,0.1145848056662615,0.4901656024831237,3.9717090121342755,32.844813167283384,True
lhs_012,original_mpc,127,635.0,5.519128568770629,0.0,0.4917921811116643,3.972939042641716,32.85227202346729,False
lhs_012,recovery_mpc,127,635.0,5.519128568770629,0.0,0.4917921811116643,3.972939042641716,32.85227202346729,False
lhs_012,original_mpc,128,640.0,5.519128568770629,0.0,0.4934187597402049,3.9741581727424085,32.859605431318656,False
lhs_012,recovery_mpc,128,640.0,5.519128568770629,0.0,0.4934187597402049,3.9741581727424085,32.859605431318656,False
lhs_012,original_mpc,129,645.0,5.519128568770629,0.0,0.4950453383687455,3.9753722751176,32.86680975935129,False
lhs_012,recovery_mpc,129,645.0,5.519128568770629,0.0,0.4950453383687455,3.9753722751176,32.86680975935129,False
lhs_012,original_mpc,130,650.0,5.519128568770629,0.0,0.4966719169972861,3.9765855912463195,32.87388346585676,False
lhs_012,recovery_mpc,130,650.0,5.519128568770629,0.0,0.4966719169972861,3.9765855912463195,32.87388346585676,False
lhs_012,original_mpc,131,655.0,5.650763621881599,0.13163505311097,0.49833729065686994,3.980644458607027,32.88421392085836,True
lhs_012,recovery_mpc,131,655.0,5.650763621881599,0.13163505311097,0.49833729065686994,3.980644458607027,32.88421392085836,True
lhs_012,original_mpc,132,660.0,5.650763621881599,0.0,0.5000026643164538,3.9821667805223897,32.894518926716394,False
lhs_012,recovery_mpc,132,660.0,5.650763621881599,0.0,0.5000026643164538,3.9821667805223897,32.894518926716394,False
lhs_012,original_mpc,133,665.0,5.650763621881599,0.0,0.5016680379760377,3.983634843126869,32.90477031355175,False
lhs_012,recovery_mpc,133,665.0,5.650763621881599,0.0,0.5016680379760377,3.983634843126869,32.90477031355175,False
lhs_012,original_mpc,134,670.0,5.650763621881599,0.0,0.5033334116356215,3.9850626079104745,32.914948295493375,False
lhs_012,recovery_mpc,134,670.0,5.650763621881599,0.0,0.5033334116356215,3.9850626079104745,32.914948295493375,False
lhs_012,original_mpc,135,675.0,5.650763621881599,0.0,0.5049987852952054,3.986461979170051,32.92503917776057,False
lhs_012,recovery_mpc,135,675.0,5.650763621881599,0.0,0.5049987852952054,3.986461979170051,32.92503917776057,False
lhs_012,original_mpc,136,680.0,5.820361687762737,0.16959806588113757,0.5067141423146561,3.9915049299718555,32.93947633666405,True
lhs_012,recovery_mpc,136,680.0,5.820361687762737,0.16959806588113757,0.5067141423146561,3.9915049299718555,32.93947633666405,True
lhs_012,original_mpc,137,685.0,5.820361687762737,0.0,0.5084294993341067,3.9932604664183735,32.953951392676316,False
lhs_012,recovery_mpc,137,685.0,5.820361687762737,0.0,0.5084294993341067,3.9932604664183735,32.953951392676316,False
lhs_012,original_mpc,138,690.0,5.820361687762737,0.0,0.5101448563535574,3.994932411954961,32.96842075311895,False
lhs_012,recovery_mpc,138,690.0,5.820361687762737,0.0,0.5101448563535574,3.994932411954961,32.96842075311895,False
lhs_012,original_mpc,139,695.0,5.820361687762737,0.0,0.5118602133730081,3.9965436997827646,32.98285299527422,False
lhs_012,recovery_mpc,139,695.0,5.820361687762737,0.0,0.5118602133730081,3.9965436997827646,32.98285299527422,False
lhs_012,original_mpc,140,700.0,5.820361687762737,0.0,0.5135755703924588,3.9981111044161812,32.99722556559111,False
lhs_012,recovery_mpc,140,700.0,5.820361687762737,0.0,0.5135755703924588,3.9981111044161812,32.99722556559111,False
lhs_012,original_mpc,141,705.0,5.979152392836699,0.15879070507396253,0.5153377256634932,4.003076723492026,33.01577127904198,True
lhs_012,recovery_mpc,141,705.0,5.979152392836699,0.15879070507396253,0.5153377256634932,4.003076723492026,33.01577127904198,True
lhs_012,original_mpc,142,710.0,5.979152392836699,0.0,0.5170998809345276,4.004954354591114,33.034366343420665,False
lhs_012,recovery_mpc,142,710.0,5.979152392836699,0.0,0.5170998809345276,4.004954354591114,33.034366343420665,False
lhs_012,original_mpc,143,715.0,5.979152392836699,0.0,0.518862036205562,4.0067459255916535,33.05296437841333,False
lhs_012,recovery_mpc,143,715.0,5.979152392836699,0.0,0.518862036205562,4.0067459255916535,33.05296437841333,False
lhs_012,original_mpc,144,720.0,5.979152392836699,0.0,0.5206241914765964,4.008474590480767,33.071531620028544,False
lhs_012,recovery_mpc,144,720.0,5.979152392836699,0.0,0.5206241914765964,4.008474590480767,33.071531620028544,False
lhs_012,original_mpc,145,725.0,5.979152392836699,0.0,0.5223863467476308,4.010157312142811,33.090043512747584,False
lhs_012,recovery_mpc,145,725.0,5.979152392836699,0.0,0.5223863467476308,4.010157312142811,33.090043512747584,False
lhs_012,original_mpc,146,730.0,5.757263783205638,0.22188860963106105,0.5240831077692207,4.00701370984225,33.10254463478977,True
lhs_012,recovery_mpc,146,730.0,5.757263783205638,0.22188860963106105,0.5240831077692207,4.00701370984225,33.10254463478977,True
lhs_012,original_mpc,147,735.0,5.757263783205638,0.0,0.5257798687908106,4.0081291384260345,33.11477648524749,False
lhs_012,recovery_mpc,147,735.0,5.757263783205638,0.0,0.5257798687908106,4.0081291384260345,33.11477648524749,False
lhs_012,original_mpc,148,740.0,5.757263783205638,0.0,0.5274766298124005,4.009324757096863,33.12678152889804,False
lhs_012,recovery_mpc,148,740.0,5.757263783205638,0.0,0.5274766298124005,4.009324757096863,33.12678152889804,False
lhs_012,original_mpc,149,745.0,5.757263783205638,0.0,0.5291733908339904,4.01057995395763,33.13859124243577,False
lhs_012,recovery_mpc,149,745.0,5.757263783205638,0.0,0.5291733908339904,4.01057995395763,33.13859124243577,False
lhs_012,original_mpc,150,750.0,5.757263783205638,0.0,0.5308701518555803,4.011879697189388,33.15022907834546,False
lhs_012,recovery_mpc,150,750.0,5.757263783205638,0.0,0.5308701518555803,4.011879697189388,33.15022907834546,False
lhs_012,original_mpc,151,755.0,5.349555844676212,0.407707938529426,0.5324467545928985,4.004406030346348,33.1512303989818,True
lhs_012,recovery_mpc,151,755.0,5.349555844676212,0.407707938529426,0.5324467545928985,4.004406030346348,33.1512303989818,True
lhs_012,original_mpc,152,760.0,5.349555844676212,0.0,0.5340233573302167,4.004828376851377,33.1517876428663,False
lhs_012,recovery_mpc,152,760.0,5.349555844676212,0.0,0.5340233573302167,4.004828376851377,33.1517876428663,False
lhs_012,original_mpc,153,765.0,5.349555844676212,0.0,0.5355999600675349,4.005450183596758,33.15199800180676,False
lhs_012,recovery_mpc,153,765.0,5.349555844676212,0.0,0.5355999600675349,4.005450183596758,33.15199800180676,False
lhs_012,original_mpc,154,770.0,5.349555844676212,0.0,0.537176562804853,4.006220235090808,33.15193343751565,False
lhs_012,recovery_mpc,154,770.0,5.349555844676212,0.0,0.537176562804853,4.006220235090808,33.15193343751565,False
lhs_012,original_mpc,155,775.0,5.349555844676212,0.0,0.5387531655421712,4.007101092711302,33.15164747246274,False
lhs_012,recovery_mpc,155,775.0,5.349555844676212,0.0,0.5387531655421712,4.007101092711302,33.15164747246274,False
lhs_012,original_mpc,156,780.0,5.4490057878317115,0.09944994315549938,0.5403590778253953,4.010213782957945,33.15366365145714,True
lhs_012,recovery_mpc,156,780.0,5.4490057878317115,0.09944994315549938,0.5403590778253953,4.010213782957945,33.15366365145714,True
lhs_012,original_mpc,157,785.0,5.4490057878317115,0.0,0.5419649901086193,4.011470113209174,33.155602885540645,False
lhs_012,recovery_mpc,157,785.0,5.4490057878317115,0.0,0.5419649901086193,4.011470113209174,33.155602885540645,False
lhs_012,original_mpc,158,790.0,5.4490057878317115,0.0,0.5435709023918434,4.012731387691371,33.157466667968016,False
lhs_012,recovery_mpc,158,790.0,5.4490057878317115,0.0,0.5435709023918434,4.012731387691371,33.157466667968016,False
lhs_012,original_mpc,159,795.0,5.4490057878317115,0.0,0.5451768146750674,4.01399833611021,33.15925679587053,False
lhs_012,recovery_mpc,159,795.0,5.4490057878317115,0.0,0.5451768146750674,4.01399833611021,33.15925679587053,False
lhs_012,original_mpc,160,800.0,5.4490057878317115,0.0,0.5467827269582914,4.015271477495832,33.16097525828968,False
lhs_012,recovery_mpc,160,800.0,5.4490057878317115,0.0,0.5467827269582914,4.015271477495832,33.16097525828968,False
lhs_012,original_mpc,161,805.0,5.530743408669161,0.0817376208374494,0.5484127286725815,4.018317126153099,33.16468322139646,True
lhs_012,recovery_mpc,161,805.0,5.530743408669161,0.0817376208374494,0.5484127286725815,4.018317126153099,33.16468322139646,True
lhs_012,original_mpc,162,810.0,5.530743408669161,0.0,0.5500427303868716,4.019791763755434,33.16838744214835,False
lhs_012,recovery_mpc,162,810.0,5.530743408669161,0.0,0.5500427303868716,4.019791763755434,33.16838744214835,False
lhs_012,original_mpc,163,815.0,5.530743408669161,0.0,0.5516727321011616,4.02123741643658,33.17207195050999,False
lhs_012,recovery_mpc,163,815.0,5.530743408669161,0.0,0.5516727321011616,4.02123741643658,33.17207195050999,False
lhs_012,original_mpc,164,820.0,5.530743408669161,0.0,0.5533027338154517,4.022663629458237,33.17572555505265,False
lhs_012,recovery_mpc,164,820.0,5.530743408669161,0.0,0.5533027338154517,4.022663629458237,33.17572555505265,False
lhs_012,original_mpc,165,825.0,5.530743408669161,0.0,0.5549327355297418,4.024077379458785,33.17934053404936,False
lhs_012,recovery_mpc,165,825.0,5.530743408669161,0.0,0.5549327355297418,4.024077379458785,33.17934053404936,False
lhs_012,original_mpc,166,830.0,4.257116617343696,1.2736267913254649,0.5561873783275483,3.9979634463396527,33.15311756665797,True
lhs_012,recovery_mpc,166,830.0,4.257116617343696,1.2736267913254649,0.5561873783275483,3.9979634463396527,33.15311756665797,True
lhs_012,original_mpc,167,835.0,4.257116617343696,0.0,0.5574420211253548,3.9964313218828673,33.12611645110469,False
lhs_012,recovery_mpc,167,835.0,4.257116617343696,0.0,0.5574420211253548,3.9964313218828673,33.12611645110469,False
lhs_012,original_mpc,168,840.0,4.257116617343696,0.0,0.5586966639231613,3.995458864411021,33.09855355546412,False
lhs_012,recovery_mpc,168,840.0,4.257116617343696,0.0,0.5586966639231613,3.995458864411021,33.09855355546412,False
lhs_012,original_mpc,169,845.0,4.257116617343696,0.0,0.5599513067209678,3.9949012877178287,33.07058858911567,False
lhs_012,recovery_mpc,169,845.0,4.257116617343696,0.0,0.5599513067209678,3.9949012877178287,33.07058858911567,False
lhs_012,original_mpc,170,850.0,4.257116617343696,0.0,0.5612059495187743,3.9946526875723225,33.04233987213763,False
lhs_012,recovery_mpc,170,850.0,4.257116617343696,0.0,0.5612059495187743,3.9946526875723225,33.04233987213763,False
lhs_012,original_mpc,171,855.0,5.4447248833706405,1.1876082660269445,0.5628106001485289,4.020300251258212,33.04062149450571,True
lhs_012,recovery_mpc,171,855.0,5.4447248833706405,1.1876082660269445,0.5628106001485289,4.020300251258212,33.04062149450571,True
lhs_012,original_mpc,172,860.0,5.4447248833706405,0.0,0.5644152507782835,4.023197721469196,33.039620821798636,False
lhs_012,recovery_mpc,172,860.0,5.4447248833706405,0.0,0.5644152507782835,4.023197721469196,33.039620821798636,False
lhs_012,original_mpc,173,865.0,5.4447248833706405,0.0,0.566019901408038,4.025705767444913,33.039141330800035,False
lhs_012,recovery_mpc,173,865.0,5.4447248833706405,0.0,0.566019901408038,4.025705767444913,33.039141330800035,False
lhs_012,original_mpc,174,870.0,5.4447248833706405,0.0,0.5676245520377926,4.027930730255068,33.03903962924333,False
lhs_012,recovery_mpc,174,870.0,5.4447248833706405,0.0,0.5676245520377926,4.027930730255068,33.03903962924333,False
lhs_012,original_mpc,175,875.0,5.4447248833706405,0.0,0.5692292026675472,4.029950290446142,33.03921106566497,False
lhs_012,recovery_mpc,175,875.0,5.4447248833706405,0.0,0.5692292026675472,4.029950290446142,33.03921106566497,False
lhs_012,original_mpc,176,880.0,5.657433744684264,0.2127088613136232,0.5708965421228297,4.036418754322768,33.044895976253976,True
lhs_012,recovery_mpc,176,880.0,5.657433744684264,0.2127088613136232,0.5708965421228297,4.036418754322768,33.044895976253976,True
lhs_012,original_mpc,177,885.0,5.657433744684264,0.0,0.5725638815781122,4.038674139535907,33.050900421006304,False
lhs_012,recovery_mpc,177,885.0,5.657433744684264,0.0,0.5725638815781122,4.038674139535907,33.050900421006304,False
lhs_012,original_mpc,178,890.0,5.657433744684264,0.0,0.5742312210333947,4.040759166106049,33.05713374954246,False
lhs_012,recovery_mpc,178,890.0,5.657433744684264,0.0,0.5742312210333947,4.040759166106049,33.05713374954246,False
lhs_012,original_mpc,179,895.0,5.657433744684264,0.0,0.5758985604886773,4.04272051930938,33.063529485345235,False
lhs_012,recovery_mpc,179,895.0,5.657433744684264,0.0,0.5758985604886773,4.04272051930938,33.063529485345235,False
lhs_012,original_mpc,180,900.0,5.657433744684264,0.0,0.5775658999439598,4.044592352852818,33.070038806678525,False
lhs_012,recovery_mpc,180,900.0,5.657433744684264,0.0,0.5775658999439598,4.044592352852818,33.070038806678525,False
lhs_012,original_mpc,181,905.0,5.623931972081544,0.033501772602719804,0.5792233658718086,4.045675398246437,33.075772668581095,True
lhs_012,recovery_mpc,181,905.0,5.623931972081544,0.033501772602719804,0.5792233658718086,4.045675398246437,33.075772668581095,True
lhs_012,original_mpc,182,910.0,5.623931972081544,0.0,0.5808808317996573,4.0473589177969735,33.08153021590905,False
lhs_012,recovery_mpc,182,910.0,5.623931972081544,0.0,0.5808808317996573,4.0473589177969735,33.08153021590905,False
lhs_012,original_mpc,183,915.0,5.623931972081544,0.0,0.5825382977275061,4.049024392970848,33.08729956927347,False
lhs_012,recovery_mpc,183,915.0,5.623931972081544,0.0,0.5825382977275061,4.049024392970848,33.08729956927347,False
lhs_012,original_mpc,184,920.0,5.623931972081544,0.0,0.5841957636553549,4.050677834910568,33.09307187734865,False
lhs_012,recovery_mpc,184,920.0,5.623931972081544,0.0,0.5841957636553549,4.050677834910568,33.09307187734865,False
lhs_012,original_mpc,185,925.0,5.623931972081544,0.0,0.5858532295832036,4.052323687558303,33.09884051053413,False
lhs_012,recovery_mpc,185,925.0,5.623931972081544,0.0,0.5858532295832036,4.052323687558303,33.09884051053413,False
lhs_012,original_mpc,186,930.0,5.182126039045127,0.4418059330364166,0.5873804879828738,4.044411647938267,33.093647801948045,True
lhs_012,recovery_mpc,186,930.0,5.182126039045127,0.4418059330364166,0.5873804879828738,4.044411647938267,33.093647801948045,True
lhs_012,original_mpc,187,935.0,5.182126039045127,0.0,0.588907746382544,4.045025734895923,33.08811757423039,False
lhs_012,recovery_mpc,187,935.0,5.182126039045127,0.0,0.588907746382544,4.045025734895923,33.08811757423039,False
lhs_012,original_mpc,188,940.0,5.182126039045127,0.0,0.5904350047822141,4.045833850528352,33.082339263632534,False
lhs_012,recovery_mpc,188,940.0,5.182126039045127,0.0,0.5904350047822141,4.045833850528352,33.082339263632534,False
lhs_012,original_mpc,189,945.0,5.182126039045127,0.0,0.5919622631818843,4.046786471918857,33.07637867864563,False
lhs_012,recovery_mpc,189,945.0,5.182126039045127,0.0,0.5919622631818843,4.046786471918857,33.07637867864563,False
lhs_012,original_mpc,190,950.0,5.182126039045127,0.0,0.5934895215815544,4.047847420868482,33.070284374904034,False
lhs_012,recovery_mpc,190,950.0,5.182126039045127,0.0,0.5934895215815544,4.047847420868482,33.070284374904034,False
lhs_012,original_mpc,191,955.0,5.2083576739068,0.02623163486167268,0.5950245108786165,4.04955763459236,33.06472002117601,True
lhs_012,recovery_mpc,191,955.0,5.2083576739068,0.02623163486167268,0.5950245108786165,4.04955763459236,33.06472002117601,True
lhs_012,original_mpc,192,960.0,5.2083576739068,0.0,0.5965595001756786,4.050824096577481,33.05910344243969,False
lhs_012,recovery_mpc,192,960.0,5.2083576739068,0.0,0.5965595001756786,4.050824096577481,33.05910344243969,False
lhs_012,original_mpc,193,965.0,5.2083576739068,0.0,0.5980944894727407,4.052127508393001,33.05344918267793,False
lhs_012,recovery_mpc,193,965.0,5.2083576739068,0.0,0.5980944894727407,4.052127508393001,33.05344918267793,False
lhs_012,original_mpc,194,970.0,5.2083576739068,0.0,0.5996294787698028,4.053460576035831,33.047768249311865,False
lhs_012,recovery_mpc,194,970.0,5.2083576739068,0.0,0.5996294787698028,4.053460576035831,33.047768249311865,False
lhs_012,original_mpc,195,975.0,5.2083576739068,0.0,0.6011644680668649,4.054819720981683,33.04206904947948,False
lhs_012,recovery_mpc,195,975.0,5.2083576739068,0.0,0.6011644680668649,4.054819720981683,33.04206904947948,False
lhs_012,original_mpc,196,980.0,5.0271663161842435,0.18119135772255657,0.6026460572688801,4.052284537269847,33.03207679556475,True
lhs_012,recovery_mpc,196,980.0,5.0271663161842435,0.18119135772255657,0.6026460572688801,4.052284537269847,33.03207679556475,True
lhs_012,original_mpc,197,985.0,5.0271663161842435,0.0,0.6041276464708953,4.053269356031848,33.02195060138132,False
lhs_012,recovery_mpc,197,985.0,5.0271663161842435,0.0,0.6041276464708953,4.053269356031848,33.02195060138132,False
lhs_012,original_mpc,198,990.0,5.0271663161842435,0.0,0.6056092356729106,4.0543537957101705,33.011730993120246,False
lhs_012,recovery_mpc,198,990.0,5.0271663161842435,0.0,0.6056092356729106,4.0543537957101705,33.011730993120246,False
lhs_012,original_mpc,199,995.0,5.0271663161842435,0.0,0.6070908248749258,4.055515029570844,33.00144810585609,False
lhs_012,recovery_mpc,199,995.0,5.0271663161842435,0.0,0.6070908248749258,4.055515029570844,33.00144810585609,False
lhs_012,original_mpc,200,1000.0,5.0271663161842435,0.0,0.6085724140769411,4.056736248576053,32.99112447099117,False
lhs_012,recovery_mpc,200,1000.0,5.0271663161842435,0.0,0.6085724140769411,4.056736248576053,32.99112447099117,False
lhs_012,original_mpc,201,1005.0,5.160083760121074,0.13291744393683036,0.6100931762518222,4.060882303382521,32.983888675941095,True
lhs_012,recovery_mpc,201,1005.0,5.160083760121074,0.13291744393683036,0.6100931762518222,4.060882303382521,32.983888675941095,True
lhs_012,original_mpc,202,1010.0,5.160083760121074,0.0,0.6116139384267034,4.062501299936727,32.97673755927488,False
lhs_012,recovery_mpc,202,1010.0,5.160083760121074,0.0,0.6116139384267034,4.062501299936727,32.97673755927488,False
lhs_012,original_mpc,203,1015.0,5.160083760121074,0.0,0.6131347006015846,4.0640936194977515,32.96965364654102,False
lhs_012,recovery_mpc,203,1015.0,5.160083760121074,0.0,0.6131347006015846,4.0640936194977515,32.96965364654102,False
lhs_012,original_mpc,204,1020.0,5.160083760121074,0.0,0.6146554627764658,4.065669409181468,32.96262444184988,False
lhs_012,recovery_mpc,204,1020.0,5.160083760121074,0.0,0.6146554627764658,4.065669409181468,32.96262444184988,False
lhs_012,original_mpc,205,1025.0,5.160083760121074,0.0,0.6161762249513469,4.067235957231516,32.95564106596354,False
lhs_012,recovery_mpc,205,1025.0,5.160083760121074,0.0,0.6161762249513469,4.067235957231516,32.95564106596354,False
lhs_012,original_mpc,206,1030.0,5.339513783240213,0.17943002311913947,0.617749868126786,4.072684147053346,32.95298335322469,True
lhs_012,recovery_mpc,206,1030.0,5.339513783240213,0.17943002311913947,0.617749868126786,4.072684147053346,32.95298335322469,True
lhs_012,original_mpc,207,1035.0,5.339513783240213,0.0,0.6193235113022251,4.074668706243395,32.950497545112306,False
lhs_012,recovery_mpc,207,1035.0,5.339513783240213,0.0,0.6193235113022251,4.074668706243395,32.950497545112306,False
lhs_012,original_mpc,208,1040.0,5.339513783240213,0.0,0.6208971544776641,4.076576807636304,32.94814203666787,False
lhs_012,recovery_mpc,208,1040.0,5.339513783240213,0.0,0.6208971544776641,4.076576807636304,32.94814203666787,False
lhs_012,original_mpc,209,1045.0,5.339513783240213,0.0,0.6224707976531032,4.0784308415307455,32.94588639444971,False
lhs_012,recovery_mpc,209,1045.0,5.339513783240213,0.0,0.6224707976531032,4.0784308415307455,32.94588639444971,False
lhs_012,original_mpc,210,1050.0,5.339513783240213,0.0,0.6240444408285423,4.0802470548009975,32.94370833523023,False
lhs_012,recovery_mpc,210,1050.0,5.339513783240213,0.0,0.6240444408285423,4.0802470548009975,32.94370833523023,False
lhs_012,original_mpc,211,1055.0,5.431659264103975,0.09214548086376162,0.6256452408038315,4.084033344592716,32.94383818736438,True
lhs_012,recovery_mpc,211,1055.0,5.431659264103975,0.09214548086376162,0.6256452408038315,4.084033344592716,32.94383818736438,True
lhs_012,original_mpc,212,1060.0,5.431659264103975,0.0,0.6272460407791208,4.086023452566716,32.94408952137987,False
lhs_012,recovery_mpc,212,1060.0,5.431659264103975,0.0,0.6272460407791208,4.086023452566716,32.94408952137987,False
lhs_012,original_mpc,213,1065.0,5.431659264103975,0.0,0.6288468407544101,4.087961619469229,32.94443323958874,False
lhs_012,recovery_mpc,213,1065.0,5.431659264103975,0.0,0.6288468407544101,4.087961619469229,32.94443323958874,False
lhs_012,original_mpc,214,1070.0,5.431659264103975,0.0,0.6304476407296994,4.089862786590505,32.944847901093695,False
lhs_012,recovery_mpc,214,1070.0,5.431659264103975,0.0,0.6304476407296994,4.089862786590505,32.944847901093695,False
lhs_012,original_mpc,215,1075.0,5.431659264103975,0.0,0.6320484407049887,4.091737768256341,32.945317658974005,False
lhs_012,recovery_mpc,215,1075.0,5.431659264103975,0.0,0.6320484407049887,4.091737768256341,32.945317658974005,False
lhs_012,original_mpc,216,1080.0,5.782844255969538,0.35118499186556296,0.633752740715712,4.101203951271404,32.954653605061395,True
lhs_012,recovery_mpc,216,1080.0,5.782844255969538,0.35118499186556296,0.633752740715712,4.101203951271404,32.954653605061395,True
lhs_012,original_mpc,217,1085.0,5.782844255969538,0.0,0.6354570407264353,4.1038784767389815,32.96431942908555,False
lhs_012,recovery_mpc,217,1085.0,5.782844255969538,0.0,0.6354570407264353,4.1038784767389815,32.96431942908555,False
lhs_012,original_mpc,218,1090.0,5.782844255969538,0.0,0.6371613407371586,4.106389759921686,32.97422639816827,False
lhs_012,recovery_mpc,218,1090.0,5.782844255969538,0.0,0.6371613407371586,4.106389759921686,32.97422639816827,False
lhs_012,original_mpc,219,1095.0,5.782844255969538,0.0,0.6388656407478819,4.1087809899997465,32.98430898141931,False
lhs_012,recovery_mpc,219,1095.0,5.782844255969538,0.0,0.6388656407478819,4.1087809899997465,32.98430898141931,False
lhs_012,original_mpc,220,1100.0,5.782844255969538,0.0,0.6405699407586052,4.111083630621109,32.994518604549896,False
lhs_012,recovery_mpc,220,1100.0,5.782844255969538,0.0,0.6405699407586052,4.111083630621109,32.994518604549896,False
lhs_012,original_mpc,221,1105.0,4.975973368707756,0.8068708872617822,0.6420364425508492,4.095834109928912,32.98491736793065,True
lhs_012,recovery_mpc,221,1105.0,4.975973368707756,0.8068708872617822,0.6420364425508492,4.095834109928912,32.98491736793065,True
lhs_012,original_mpc,222,1110.0,4.975973368707756,0.0,0.6435029443430933,4.096111142094586,32.97479967733089,False
lhs_012,recovery_mpc,222,1110.0,4.975973368707756,0.0,0.6435029443430933,4.096111142094586,32.97479967733089,False
lhs_012,original_mpc,223,1115.0,4.975973368707756,0.0,0.6449694461353374,4.096706730996811,32.96430953096444,False
lhs_012,recovery_mpc,223,1115.0,4.975973368707756,0.0,0.6449694461353374,4.096706730996811,32.96430953096444,False
lhs_012,original_mpc,224,1120.0,4.975973368707756,0.0,0.6464359479275814,4.0975368383619175,32.95355264954101,False
lhs_012,recovery_mpc,224,1120.0,4.975973368707756,0.0,0.6464359479275814,4.0975368383619175,32.95355264954101,False
lhs_012,original_mpc,225,1125.0,4.975973368707756,0.0,0.6479024497198255,4.098539954846258,32.94260681631546,False
lhs_012,recovery_mpc,225,1125.0,4.975973368707756,0.0,0.6479024497198255,4.098539954846258,32.94260681631546,False
lhs_012,original_mpc,226,1130.0,5.39440211495485,0.4184287462470939,0.6494922693959948,4.108739802625736,32.941448578582104,True
lhs_012,recovery_mpc,226,1130.0,5.39440211495485,0.4184287462470939,0.6494922693959948,4.108739802625736,32.941448578582104,True
lhs_012,original_mpc,227,1135.0,5.39440211495485,0.0,0.6510820890721641,4.1109570506429725,32.94051140381105,False
lhs_012,recovery_mpc,227,1135.0,5.39440211495485,0.0,0.6510820890721641,4.1109570506429725,32.94051140381105,False
lhs_012,original_mpc,228,1140.0,5.39440211495485,0.0,0.6526719087483335,4.113060295604862,32.9397386284804,False
lhs_012,recovery_mpc,228,1140.0,5.39440211495485,0.0,0.6526719087483335,4.113060295604862,32.9397386284804,False
lhs_012,original_mpc,229,1145.0,5.39440211495485,0.0,0.6542617284245028,4.115079799984701,32.939088792587896,False
lhs_012,recovery_mpc,229,1145.0,5.39440211495485,0.0,0.6542617284245028,4.115079799984701,32.939088792587896,False
lhs_012,original_mpc,230,1150.0,5.39440211495485,0.0,0.6558515481006721,4.117037560337703,32.93853152144536,False
lhs_012,recovery_mpc,230,1150.0,5.39440211495485,0.0,0.6558515481006721,4.117037560337703,32.93853152144536,False
lhs_012,original_mpc,231,1155.0,5.104233707029346,0.2901684079255036,0.6573558503395996,4.11266065270555,32.93107523960951,True
lhs_012,recovery_mpc,231,1155.0,5.104233707029346,0.2901684079255036,0.6573558503395996,4.11266065270555,32.93107523960951,True
lhs_012,original_mpc,232,1160.0,5.104233707029346,0.0,0.6588601525785271,4.113851247852765,32.9234605741881,False
lhs_012,recovery_mpc,232,1160.0,5.104233707029346,0.0,0.6588601525785271,4.113851247852765,32.9234605741881,False
lhs_012,original_mpc,233,1165.0,5.104233707029346,0.0,0.6603644548174546,4.115144206716092,32.915735719735366,False
lhs_012,recovery_mpc,233,1165.0,5.104233707029346,0.0,0.6603644548174546,4.115144206716092,32.915735719735366,False
lhs_012,original_mpc,234,1170.0,5.104233707029346,0.0,0.6618687570563822,4.116512146209233,32.90793618739227,False
lhs_012,recovery_mpc,234,1170.0,5.104233707029346,0.0,0.6618687570563822,4.116512146209233,32.90793618739227,False
lhs_012,original_mpc,235,1175.0,5.104233707029346,0.0,0.6633730592953097,4.117934945972031,32.9000882252402,False
lhs_012,recovery_mpc,235,1175.0,5.104233707029346,0.0,0.6633730592953097,4.117934945972031,32.9000882252402,False
lhs_012,original_mpc,236,1180.0,4.849345678702193,0.2548880283271533,0.6648022418093782,4.113874019455102,32.88633408953889,True
lhs_012,recovery_mpc,236,1180.0,4.849345678702193,0.2548880283271533,0.6648022418093782,4.113874019455102,32.88633408953889,True
lhs_012,original_mpc,237,1185.0,4.849345678702193,0.0,0.6662314243234467,4.114762993308528,32.87239464720476,False
lhs_012,recovery_mpc,237,1185.0,4.849345678702193,0.0,0.6662314243234467,4.114762993308528,32.87239464720476,False
lhs_012,original_mpc,238,1190.0,4.849345678702193,0.0,0.6676606068375153,4.115785774601138,32.85832992329422,False
lhs_012,recovery_mpc,238,1190.0,4.849345678702193,0.0,0.6676606068375153,4.115785774601138,32.85832992329422,False
lhs_012,original_mpc,239,1195.0,4.849345678702193,0.0,0.6690897893515838,4.116907004475934,32.844184325043635,False
lhs_012,recovery_mpc,239,1195.0,4.849345678702193,0.0,0.6690897893515838,4.116907004475934,32.844184325043635,False
lhs_012,original_mpc,240,1200.0,4.849345678702193,0.0,0.6705189718656523,4.118100722456043,32.8299908396486,False
lhs_012,recovery_mpc,240,1200.0,4.849345678702193,0.0,0.6705189718656523,4.118100722456043,32.8299908396486,False
lhs_012,original_mpc,241,1205.0,4.619205821855981,0.23013985684621208,0.6718803283510177,4.114361143202763,32.810682385730225,True
lhs_012,recovery_mpc,241,1205.0,4.619205821855981,0.23013985684621208,0.6718803283510177,4.114361143202763,32.810682385730225,True
lhs_012,original_mpc,242,1210.0,4.619205821855981,0.0,0.6732416848363831,4.11510401224544,32.79122457340903,False
lhs_012,recovery_mpc,242,1210.0,4.619205821855981,0.0,0.6732416848363831,4.11510401224544,32.79122457340903,False
lhs_012,original_mpc,243,1215.0,4.619205821855981,0.0,0.6746030413217485,4.115977754601057,32.7716734485888,False
lhs_012,recovery_mpc,243,1215.0,4.619205821855981,0.0,0.6746030413217485,4.115977754601057,32.7716734485888,False
lhs_012,original_mpc,244,1220.0,4.619205821855981,0.0,0.6759643978071139,4.11694815786419,32.75207065175344,False
lhs_012,recovery_mpc,244,1220.0,4.619205821855981,0.0,0.6759643978071139,4.11694815786419,32.75207065175344,False
lhs_012,original_mpc,245,1225.0,4.619205821855981,0.0,0.6773257542924793,4.117990088281672,32.73244727969984,False
lhs_012,recovery_mpc,245,1225.0,4.619205821855981,0.0,0.6773257542924793,4.117990088281672,32.73244727969984,False
lhs_012,original_mpc,246,1230.0,4.4909949131630444,0.12821090869293617,0.6786493248988917,4.116307536552281,32.71008804895834,True
lhs_012,recovery_mpc,246,1230.0,4.4909949131630444,0.12821090869293617,0.6786493248988917,4.116307536552281,32.71008804895834,True
lhs_012,original_mpc,247,1235.0,4.4909949131630444,0.0,0.6799728955053042,4.117139685774925,32.687671471180366,False
lhs_012,recovery_mpc,247,1235.0,4.4909949131630444,0.0,0.6799728955053042,4.117139685774925,32.687671471180366,False
lhs_012,original_mpc,248,1240.0,4.4909949131630444,0.0,0.6812964661117166,4.118057960335398,32.66523381162215,False
lhs_012,recovery_mpc,248,1240.0,4.4909949131630444,0.0,0.6812964661117166,4.118057960335398,32.66523381162215,False
lhs_012,original_mpc,249,1245.0,4.4909949131630444,0.0,0.682620036718129,4.119040083977079,32.64280224672884,False
lhs_012,recovery_mpc,249,1245.0,4.4909949131630444,0.0,0.682620036718129,4.119040083977079,32.64280224672884,False
lhs_012,original_mpc,250,1250.0,4.4909949131630444,0.0,0.6839436073245414,4.120069640519152,32.620397286434425,False
lhs_012,recovery_mpc,250,1250.0,4.4909949131630444,0.0,0.6839436073245414,4.120069640519152,32.620397286434425,False
lhs_012,original_mpc,251,1255.0,4.348065671059894,0.1429292421031505,0.6852250543152957,4.118038946878869,32.595066379665354,True
lhs_012,recovery_mpc,251,1255.0,4.348065671059894,0.1429292421031505,0.6852250543152957,4.118038946878869,32.595066379665354,True
lhs_012,original_mpc,252,1260.0,4.348065671059894,0.0,0.68650650130605,4.118794104458504,32.56970558115225,False
lhs_012,recovery_mpc,252,1260.0,4.348065671059894,0.0,0.68650650130605,4.118794104458504,32.56970558115225,False
lhs_012,original_mpc,253,1265.0,4.348065671059894,0.0,0.6877879482968042,4.119632301087287,32.54434888165869,False
lhs_012,recovery_mpc,253,1265.0,4.348065671059894,0.0,0.6877879482968042,4.119632301087287,32.54434888165869,False
lhs_012,original_mpc,254,1270.0,4.348065671059894,0.0,0.6890693952875585,4.120532050063393,32.51902177903088,False
lhs_012,recovery_mpc,254,1270.0,4.348065671059894,0.0,0.6890693952875585,4.120532050063393,32.51902177903088,False
lhs_012,original_mpc,255,1275.0,4.348065671059894,0.0,0.6903508422783128,4.121477512433682,32.49374353958685,False
lhs_012,recovery_mpc,255,1275.0,4.348065671059894,0.0,0.6903508422783128,4.121477512433682,32.49374353958685,False
lhs_012,original_mpc,256,1280.0,4.155982520583719,0.19208315047617486,0.6915756791822437,4.118298141298961,32.464673137915845,True
lhs_012,recovery_mpc,256,1280.0,4.155982520583719,0.19208315047617486,0.6915756791822437,4.118298141298961,32.464673137915845,True
lhs_012,original_mpc,257,1285.0,4.155982520583719,0.0,0.6928005160861747,4.118852726710932,32.435570251959014,False
lhs_012,recovery_mpc,257,1285.0,4.155982520583719,0.0,0.6928005160861747,4.118852726710932,32.435570251959014,False
lhs_012,original_mpc,258,1290.0,4.155982520583719,0.0,0.6940253529901056,4.119511483863542,32.40647534230331,False
lhs_012,recovery_mpc,258,1290.0,4.155982520583719,0.0,0.6940253529901056,4.119511483863542,32.40647534230331,False
lhs_012,original_mpc,259,1295.0,4.155982520583719,0.0,0.6952501898940365,4.120247435921296,32.377418646675565,False
lhs_012,recovery_mpc,259,1295.0,4.155982520583719,0.0,0.6952501898940365,4.120247435921296,32.377418646675565,False
lhs_012,original_mpc,260,1300.0,4.155982520583719,0.0,0.6964750267979675,4.121040731273334,32.34842290761944,False
lhs_012,recovery_mpc,260,1300.0,4.155982520583719,0.0,0.6964750267979675,4.121040731273334,32.34842290761944,False
lhs_012,original_mpc,261,1305.0,4.0594285173447915,0.0965540032389276,0.6976714076374652,4.119786937573481,32.31763061555341,True
lhs_012,recovery_mpc,261,1305.0,4.0594285173447915,0.0965540032389276,0.6976714076374652,4.119786937573481,32.31763061555341,True
lhs_012,original_mpc,262,1310.0,4.0594285173447915,0.0,0.6988677884769628,4.1204292528328095,32.286877276576774,False
lhs_012,recovery_mpc,262,1310.0,4.0594285173447915,0.0,0.6988677884769628,4.1204292528328095,32.286877276576774,False
lhs_012,original_mpc,263,1315.0,4.0594285173447915,0.0,0.7000641693164605,4.1211383117647875,32.2561885611711,False
lhs_012,recovery_mpc,263,1315.0,4.0594285173447915,0.0,0.7000641693164605,4.1211383117647875,32.2561885611711,False
lhs_012,original_mpc,264,1320.0,4.0594285173447915,0.0,0.7012605501559582,4.121899834825758,32.22558382210534,False
lhs_012,recovery_mpc,264,1320.0,4.0594285173447915,0.0,0.7012605501559582,4.121899834825758,32.22558382210534,False
lhs_012,original_mpc,265,1325.0,4.0594285173447915,0.0,0.7024569309954559,4.122703602139136,32.19507776713817,False
lhs_012,recovery_mpc,265,1325.0,4.0594285173447915,0.0,0.7024569309954559,4.122703602139136,32.19507776713817,False
lhs_012,original_mpc,266,1330.0,3.897231745496742,0.1621967718480497,0.7036055097590608,4.120030563999076,32.1616250646951,True
lhs_012,recovery_mpc,266,1330.0,3.897231745496742,0.1621967718480497,0.7036055097590608,4.120030563999076,32.1616250646951,True
lhs_012,original_mpc,267,1335.0,3.897231745496742,0.0,0.7047540885226656,4.120515000687455,32.12820644229775,False
lhs_012,recovery_mpc,267,1335.0,3.897231745496742,0.0,0.7047540885226656,4.120515000687455,32.12820644229775,False
lhs_012,original_mpc,268,1340.0,3.897231745496742,0.0,0.7059026672862705,4.121092271338093,32.09485385050397,False
lhs_012,recovery_mpc,268,1340.0,3.897231745496742,0.0,0.7059026672862705,4.121092271338093,32.09485385050397,False
lhs_012,original_mpc,269,1345.0,3.897231745496742,0.0,0.7070512460498753,4.121739897954986,32.06159120184619,False
lhs_012,recovery_mpc,269,1345.0,3.897231745496742,0.0,0.7070512460498753,4.121739897954986,32.06159120184619,False
lhs_012,original_mpc,270,1350.0,3.897231745496742,0.0,0.7081998248134802,4.122441360525145,32.02843650977765,False
lhs_012,recovery_mpc,270,1350.0,3.897231745496742,0.0,0.7081998248134802,4.122441360525145,32.02843650977765,False
lhs_012,original_mpc,271,1355.0,3.6897507812578016,0.20748096423894014,0.7092872554994394,4.118695145315313,31.99165226085306,True
lhs_012,recovery_mpc,271,1355.0,3.6897507812578016,0.20748096423894014,0.7092872554994394,4.118695145315313,31.99165226085306,True
lhs_012,original_mpc,272,1360.0,3.6897507812578016,0.0,0.7103746861853986,4.118987115514374,31.95489880887341,False
lhs_012,recovery_mpc,272,1360.0,3.6897507812578016,0.0,0.7103746861853986,4.118987115514374,31.95489880887341,False
lhs_012,original_mpc,273,1365.0,3.6897507812578016,0.0,0.7114621168713577,4.11939684057144,31.91821451452641,False
lhs_012,recovery_mpc,273,1365.0,3.6897507812578016,0.0,0.7114621168713577,4.11939684057144,31.91821451452641,False
lhs_012,original_mpc,274,1370.0,3.6897507812578016,0.0,0.7125495475573169,4.119895466982504,31.88162796896843,False
lhs_012,recovery_mpc,274,1370.0,3.6897507812578016,0.0,0.7125495475573169,4.119895466982504,31.88162796896843,False
lhs_012,original_mpc,275,1375.0,3.6897507812578016,0.0,0.7136369782432761,4.120461808562832,31.845160599930015,False
lhs_012,recovery_mpc,275,1375.0,3.6897507812578016,0.0,0.7136369782432761,4.120461808562832,31.845160599930015,False
lhs_012,original_mpc,276,1380.0,3.450276272035626,0.2394745092221755,0.7146538318238231,4.11589912225523,31.804718817488208,True
lhs_012,recovery_mpc,276,1380.0,3.450276272035626,0.2394745092221755,0.7146538318238231,4.11589912225523,31.804718817488208,True
lhs_012,original_mpc,277,1385.0,3.450276272035626,0.0,0.7156706854043702,4.116000215938425,31.76431717757407,False
lhs_012,recovery_mpc,277,1385.0,3.450276272035626,0.0,0.7156706854043702,4.116000215938425,31.76431717757407,False
lhs_012,original_mpc,278,1390.0,3.450276272035626,0.0,0.7166875389849172,4.116239315924323,31.72399758461801,False
lhs_012,recovery_mpc,278,1390.0,3.450276272035626,0.0,0.7166875389849172,4.116239315924323,31.72399758461801,False
lhs_012,original_mpc,279,1395.0,3.450276272035626,0.0,0.7177043925654643,4.116582530678358,31.683791212558013,False
lhs_012,recovery_mpc,279,1395.0,3.450276272035626,0.0,0.7177043925654643,4.116582530678358,31.683791212558013,False
lhs_012,original_mpc,280,1400.0,3.450276272035626,0.0,0.7187212461460113,4.11700498190185,31.643721369541673,False
lhs_012,recovery_mpc,280,1400.0,3.450276272035626,0.0,0.7187212461460113,4.11700498190185,31.643721369541673,False
lhs_012,original_mpc,281,1405.0,3.419223243590839,0.031053028444786968,0.7197289478845981,4.116816583236091,31.60329398017442,True
lhs_012,recovery_mpc,281,1405.0,3.419223243590839,0.031053028444786968,0.7197289478845981,4.116816583236091,31.60329398017442,True
lhs_012,original_mpc,282,1410.0,3.419223243590839,0.0,0.7207366496231848,4.117275138675796,31.56302012476432,False
lhs_012,recovery_mpc,282,1410.0,3.419223243590839,0.0,0.7207366496231848,4.117275138675796,31.56302012476432,False
lhs_012,original_mpc,283,1415.0,3.419223243590839,0.0,0.7217443513617716,4.11778492603258,31.522914091247674,False
lhs_012,recovery_mpc,283,1415.0,3.419223243590839,0.0,0.7217443513617716,4.11778492603258,31.522914091247674,False
lhs_012,original_mpc,284,1420.0,3.419223243590839,0.0,0.7227520531003584,4.118334982198994,31.48298673713176,False
lhs_012,recovery_mpc,284,1420.0,3.419223243590839,0.0,0.7227520531003584,4.118334982198994,31.48298673713176,False
lhs_012,original_mpc,285,1425.0,3.419223243590839,0.0,0.7237597548389452,4.118917188357224,31.44324638332492,False
lhs_012,recovery_mpc,285,1425.0,3.419223243590839,0.0,0.7237597548389452,4.118917188357224,31.44324638332492,False
lhs_012,original_mpc,286,1430.0,3.2573691701188463,0.16185407347199288,0.7247197555005284,4.116024279704869,31.401108341578713,True
lhs_012,recovery_mpc,286,1430.0,3.2573691701188463,0.16185407347199288,0.7247197555005284,4.116024279704869,31.401108341578713,True
lhs_012,original_mpc,287,1435.0,3.2573691701188463,0.0,0.7256797561621116,4.116277610926315,31.359099389320676,False
lhs_012,recovery_mpc,287,1435.0,3.2573691701188463,0.0,0.7256797561621116,4.116277610926315,31.359099389320676,False
lhs_012,original_mpc,288,1440.0,3.2573691701188463,0.0,0.7266397568236947,4.116620681468302,31.317244417206567,False
lhs_012,recovery_mpc,288,1440.0,3.2573691701188463,0.0,0.7266397568236947,4.116620681468302,31.317244417206567,False
lhs_012,original_mpc,289,1445.0,3.2573691701188463,0.0,0.7275997574852779,4.1170322657373575,31.275561976309305,False
lhs_012,recovery_mpc,289,1445.0,3.2573691701188463,0.0,0.7275997574852779,4.1170322657373575,31.275561976309305,False
lhs_012,original_mpc,290,1450.0,3.2573691701188463,0.0,0.7285597581468611,4.117496747859226,31.234065961900072,False
lhs_012,recovery_mpc,290,1450.0,3.2573691701188463,0.0,0.7285597581468611,4.117496747859226,31.234065961900072,False
lhs_012,original_mpc,291,1455.0,3.2279722018636785,0.0293969682551678,0.7295110950348591,4.11736674731944,31.19231106155768,True
lhs_012,recovery_mpc,291,1455.0,3.2279722018636785,0.0293969682551678,0.7295110950348591,4.11736674731944,31.19231106155768,True
lhs_012,original_mpc,292,1460.0,3.2279722018636785,0.0,0.7304624319228571,4.117837128616024,31.15074852438663,False
lhs_012,recovery_mpc,292,1460.0,3.2279722018636785,0.0,0.7304624319228571,4.117837128616024,31.15074852438663,False
lhs_012,original_mpc,293,1465.0,3.2279722018636785,0.0,0.7314137688108551,4.118347043337717,31.109388144687053,False
lhs_012,recovery_mpc,293,1465.0,3.2279722018636785,0.0,0.7314137688108551,4.118347043337717,31.109388144687053,False
lhs_012,original_mpc,294,1470.0,3.2279722018636785,0.0,0.732365105698853,4.118888385388836,31.06823732637828,False
lhs_012,recovery_mpc,294,1470.0,3.2279722018636785,0.0,0.732365105698853,4.118888385388836,31.06823732637828,False
lhs_012,original_mpc,295,1475.0,3.2279722018636785,0.0,0.733316442586851,4.119455133895558,31.02730170192035,False
lhs_012,recovery_mpc,295,1475.0,3.2279722018636785,0.0,0.733316442586851,4.119455133895558,31.02730170192035,False
lhs_012,original_mpc,296,1480.0,3.2539721254362672,0.025999923572588735,0.734275442083085,4.120605135402231,30.986984637772903,True
lhs_012,recovery_mpc,296,1480.0,3.2539721254362672,0.025999923572588735,0.734275442083085,4.120605135402231,30.986984637772903,True
lhs_012,original_mpc,297,1485.0,3.2539721254362672,0.0,0.735234441579319,4.12127073559885,30.94690174633459,False
lhs_012,recovery_mpc,297,1485.0,3.2539721254362672,0.0,0.735234441579319,4.12127073559885,30.94690174633459,False
lhs_012,original_mpc,298,1490.0,3.2539721254362672,0.0,0.7361934410755531,4.1219398216741405,30.907052242197715,False
lhs_012,recovery_mpc,298,1490.0,3.2539721254362672,0.0,0.7361934410755531,4.1219398216741405,30.907052242197715,False
lhs_012,original_mpc,299,1495.0,3.2539721254362672,0.0,0.7371524405717871,4.122613433324997,30.86743566349239,False
lhs_012,recovery_mpc,299,1495.0,3.2539721254362672,0.0,0.7371524405717871,4.122613433324997,30.86743566349239,False
lhs_012,original_mpc,300,1500.0,3.2539721254362672,0.0,0.7381114400680211,4.123292248132341,30.828051762758736,False
lhs_012,recovery_mpc,300,1500.0,3.2539721254362672,0.0,0.7381114400680211,4.123292248132341,30.828051762758736,False
lhs_012,original_mpc,301,1505.0,3.1289252537357326,0.12504687170053463,0.7390335861794246,4.121272315039067,30.787011563576733,True
lhs_012,recovery_mpc,301,1505.0,3.1289252537357326,0.12504687170053463,0.7390335861794246,4.121272315039067,30.787011563576733,True
lhs_012,original_mpc,302,1510.0,3.1289252537357326,0.0,0.7399557322908281,4.121672295780846,30.74615104745124,False
lhs_012,recovery_mpc,302,1510.0,3.1289252537357326,0.0,0.7399557322908281,4.121672295780846,30.74615104745124,False
lhs_012,original_mpc,303,1515.0,3.1289252537357326,0.0,0.7408778784022316,4.122133486707393,30.705485879692752,False
lhs_012,recovery_mpc,303,1515.0,3.1289252537357326,0.0,0.7408778784022316,4.122133486707393,30.705485879692752,False
lhs_012,original_mpc,304,1520.0,3.1289252537357326,0.0,0.7418000245136351,4.122641479662139,30.66502759664094,False
lhs_012,recovery_mpc,304,1520.0,3.1289252537357326,0.0,0.7418000245136351,4.122641479662139,30.66502759664094,False
lhs_012,original_mpc,305,1525.0,3.1289252537357326,0.0,0.7427221706250386,4.123185668577059,30.624784702401744,False
lhs_012,recovery_mpc,305,1525.0,3.1289252537357326,0.0,0.7427221706250386,4.123185668577059,30.624784702401744,False
lhs_012,original_mpc,306,1530.0,3.06620306670949,0.06272218702624244,0.7436258314687625,4.122401850683273,30.58384343719598,True
lhs_012,recovery_mpc,306,1530.0,3.06620306670949,0.06272218702624244,0.7436258314687625,4.122401850683273,30.58384343719598,True
lhs_012,original_mpc,307,1535.0,3.06620306670949,0.0,0.7445294923124863,4.122851476954394,30.543102727641703,False
lhs_012,recovery_mpc,307,1535.0,3.06620306670949,0.0,0.7445294923124863,4.122851476954394,30.543102727641703,False
lhs_012,original_mpc,308,1540.0,3.06620306670949,0.0,0.7454331531562102,4.123347092218219,30.502573593228295,False
lhs_012,recovery_mpc,308,1540.0,3.06620306670949,0.0,0.7454331531562102,4.123347092218219,30.502573593228295,False
lhs_012,original_mpc,309,1545.0,3.06620306670949,0.0,0.746336813999934,4.123878251503469,30.46226412523244,False
lhs_012,recovery_mpc,309,1545.0,3.06620306670949,0.0,0.746336813999934,4.123878251503469,30.46226412523244,False
lhs_012,original_mpc,310,1550.0,3.06620306670949,0.0,0.7472404748436579,4.124437248072763,30.42218025961143,False
lhs_012,recovery_mpc,310,1550.0,3.06620306670949,0.0,0.7472404748436579,4.124437248072763,30.42218025961143,False
lhs_012,original_mpc,311,1555.0,2.8798832177037283,0.18631984900576182,0.7480892241409863,4.1209894955108375,30.379688101994564,True
lhs_012,recovery_mpc,311,1555.0,2.8798832177037283,0.18631984900576182,0.7480892241409863,4.1209894955108375,30.379688101994564,True
lhs_012,original_mpc,312,1560.0,2.8798832177037283,0.0,0.7489379734383148,4.121156589237905,30.337357659272328,False
lhs_012,recovery_mpc,312,1560.0,2.8798832177037283,0.0,0.7489379734383148,4.121156589237905,30.337357659272328,False
lhs_012,original_mpc,313,1565.0,2.8798832177037283,0.0,0.7497867227356433,4.12142075437853,30.295212527548355,False
lhs_012,recovery_mpc,313,1565.0,2.8798832177037283,0.0,0.7497867227356433,4.12142075437853,30.295212527548355,False
lhs_012,original_mpc,314,1570.0,2.8798832177037283,0.0,0.7506354720329718,4.121758144743442,30.253270007889665,False
lhs_012,recovery_mpc,314,1570.0,2.8798832177037283,0.0,0.7506354720329718,4.121758144743442,30.253270007889665,False
lhs_012,original_mpc,315,1575.0,2.8798832177037283,0.0,0.7514842213303002,4.12215125576516,30.211542789249673,False
lhs_012,recovery_mpc,315,1575.0,2.8798832177037283,0.0,0.7514842213303002,4.12215125576516,30.211542789249673,False
lhs_012,original_mpc,316,1580.0,2.765348591483923,0.11453462621980526,0.7522992153757052,4.1201107610164955,30.16849282910656,True
lhs_012,recovery_mpc,316,1580.0,2.765348591483923,0.11453462621980526,0.7522992153757052,4.1201107610164955,30.16849282910656,True
lhs_012,original_mpc,317,1585.0,2.765348591483923,0.0,0.7531142094211102,4.120314749918018,30.125632852975702,False
lhs_012,recovery_mpc,317,1585.0,2.765348591483923,0.0,0.7531142094211102,4.120314749918018,30.125632852975702,False
lhs_012,original_mpc,318,1590.0,2.765348591483923,0.0,0.7539292034665152,4.120595713486705,30.082980282451352,False
lhs_012,recovery_mpc,318,1590.0,2.765348591483923,0.0,0.7539292034665152,4.120595713486705,30.082980282451352,False
lhs_012,original_mpc,319,1595.0,2.765348591483923,0.0,0.7547441975119201,4.120935260337866,30.040547881899176,False
lhs_012,recovery_mpc,319,1595.0,2.765348591483923,0.0,0.7547441975119201,4.120935260337866,30.040547881899176,False
lhs_012,original_mpc,320,1600.0,2.765348591483923,0.0,0.7555591915573251,4.12131986849782,29.998344998206353,False
lhs_012,recovery_mpc,320,1600.0,2.765348591483923,0.0,0.7555591915573251,4.12131986849782,29.998344998206353,False
lhs_012,original_mpc,321,1605.0,2.7041417882879806,0.061206803195942516,0.7563561469437716,4.120416261545949,29.955578635033827,True
lhs_012,recovery_mpc,321,1605.0,2.7041417882879806,0.061206803195942516,0.7563561469437716,4.120416261545949,29.955578635033827,True
lhs_012,original_mpc,322,1610.0,2.7041417882879806,0.0,0.7571531023302182,4.120722002262349,29.91303184362829,False
lhs_012,recovery_mpc,322,1610.0,2.7041417882879806,0.0,0.7571531023302182,4.120722002262349,29.91303184362829,False
lhs_012,original_mpc,323,1615.0,2.7041417882879806,0.0,0.7579500577166647,4.121077069961197,29.87071475766733,False
lhs_012,recovery_mpc,323,1615.0,2.7041417882879806,0.0,0.7579500577166647,4.121077069961197,29.87071475766733,False
lhs_012,original_mpc,324,1620.0,2.7041417882879806,0.0,0.7587470131031112,4.121470347678233,29.828634763927045,False
lhs_012,recovery_mpc,324,1620.0,2.7041417882879806,0.0,0.7587470131031112,4.121470347678233,29.828634763927045,False
lhs_012,original_mpc,325,1625.0,2.7041417882879806,0.0,0.7595439684895577,4.121893632065118,29.786797227384596,False
lhs_012,recovery_mpc,325,1625.0,2.7041417882879806,0.0,0.7595439684895577,4.121893632065118,29.786797227384596,False
lhs_012,original_mpc,326,1630.0,2.7432276167344947,0.03908582844651409,0.7603524431172102,4.123185840775016,29.74570989778764,True
lhs_012,recovery_mpc,326,1630.0,2.7432276167344947,0.03908582844651409,0.7603524431172102,4.123185840775016,29.74570989778764,True
lhs_012,original_mpc,327,1635.0,2.7432276167344947,0.0,0.7611609177448626,4.123742908624483,29.704886005681747,False
lhs_012,recovery_mpc,327,1635.0,2.7432276167344947,0.0,0.7611609177448626,4.123742908624483,29.704886005681747,False
lhs_012,original_mpc,328,1640.0,2.7432276167344947,0.0,0.761969392372515,4.12429875008451,29.664323240179613,False
lhs_012,recovery_mpc,328,1640.0,2.7432276167344947,0.0,0.761969392372515,4.12429875008451,29.664323240179613,False
lhs_012,original_mpc,329,1645.0,2.7432276167344947,0.0,0.7627778670001675,4.124855330389051,29.624019799919072,False
lhs_012,recovery_mpc,329,1645.0,2.7432276167344947,0.0,0.7627778670001675,4.124855330389051,29.624019799919072,False
lhs_012,original_mpc,330,1650.0,2.7432276167344947,0.0,0.7635863416278199,4.125414018177957,29.583974241536858,False
lhs_012,recovery_mpc,330,1650.0,2.7432276167344947,0.0,0.7635863416278199,4.125414018177957,29.583974241536858,False
lhs_012,original_mpc,331,1655.0,2.7239823422560376,0.01924527447845703,0.7643891443542334,4.125559718122048,29.54393808328964,True
lhs_012,recovery_mpc,331,1655.0,2.7239823422560376,0.01924527447845703,0.7643891443542334,4.125559718122048,29.54393808328964,True
lhs_012,original_mpc,332,1660.0,2.7239823422560376,0.0,0.765191947080647,4.12608061650369,29.504150439657018,False
lhs_012,recovery_mpc,332,1660.0,2.7239823422560376,0.0,0.765191947080647,4.12608061650369,29.504150439657018,False
lhs_012,original_mpc,333,1665.0,2.7239823422560376,0.0,0.7659947498070605,4.126614077916707,29.464612499068735,False
lhs_012,recovery_mpc,333,1665.0,2.7239823422560376,0.0,0.7659947498070605,4.126614077916707,29.464612499068735,False
lhs_012,original_mpc,334,1670.0,2.7239823422560376,0.0,0.766797552533474,4.127158115485192,29.425324966279476,False
lhs_012,recovery_mpc,334,1670.0,2.7239823422560376,0.0,0.766797552533474,4.127158115485192,29.425324966279476,False
lhs_012,original_mpc,335,1675.0,2.7239823422560376,0.0,0.7676003552598876,4.127711220287214,29.386288182497292,False
lhs_012,recovery_mpc,335,1675.0,2.7239823422560376,0.0,0.7676003552598876,4.127711220287214,29.386288182497292,False
lhs_012,original_mpc,336,1680.0,2.615552725054759,0.10842961720127864,0.7683712019816814,4.125928447874129,29.346138156698117,True
lhs_012,recovery_mpc,336,1680.0,2.615552725054759,0.10842961720127864,0.7683712019816814,4.125928447874129,29.346138156698117,True
lhs_012,original_mpc,337,1685.0,2.615552725054759,0.0,0.7691420487034752,4.126245942615992,29.30620029640189,False
lhs_012,recovery_mpc,337,1685.0,2.615552725054759,0.0,0.7691420487034752,4.126245942615992,29.30620029640189,False
lhs_012,original_mpc,338,1690.0,2.615552725054759,0.0,0.7699128954252691,4.126617654954307,29.266485628325665,False
lhs_012,recovery_mpc,338,1690.0,2.615552725054759,0.0,0.7699128954252691,4.126617654954307,29.266485628325665,False
lhs_012,original_mpc,339,1695.0,2.615552725054759,0.0,0.7706837421470629,4.127030525648028,29.227002055132218,False
lhs_012,recovery_mpc,339,1695.0,2.615552725054759,0.0,0.7706837421470629,4.127030525648028,29.227002055132218,False
lhs_012,original_mpc,340,1700.0,2.615552725054759,0.0,0.7714545888688568,4.127474955508296,29.187755189490847,False
lhs_012,recovery_mpc,340,1700.0,2.615552725054759,0.0,0.7714545888688568,4.127474955508296,29.187755189490847,False
lhs_012,original_mpc,341,1705.0,2.56828198479465,0.04727074026010891,0.7722115041203279,4.126922152718623,29.14817119622834,True
lhs_012,recovery_mpc,341,1705.0,2.56828198479465,0.04727074026010891,0.7722115041203279,4.126922152718623,29.14817119622834,True
lhs_012,original_mpc,342,1710.0,2.56828198479465,0.0,0.772968419371799,4.127301188156646,29.108814200931217,False
lhs_012,recovery_mpc,342,1710.0,2.56828198479465,0.0,0.772968419371799,4.127301188156646,29.108814200931217,False
lhs_012,original_mpc,343,1715.0,2.56828198479465,0.0,0.7737253346232702,4.127716509765435,29.069690791728622,False
lhs_012,recovery_mpc,343,1715.0,2.56828198479465,0.0,0.7737253346232702,4.127716509765435,29.069690791728622,False
lhs_012,original_mpc,344,1720.0,2.56828198479465,0.0,0.7744822498747413,4.12815979127063,29.03080560668723,False
lhs_012,recovery_mpc,344,1720.0,2.56828198479465,0.0,0.7744822498747413,4.12815979127063,29.03080560668723,False
lhs_012,original_mpc,345,1725.0,2.56828198479465,0.0,0.7752391651262125,4.1286248934294765,28.992161850727836,False
lhs_012,recovery_mpc,345,1725.0,2.56828198479465,0.0,0.7752391651262125,4.1286248934294765,28.992161850727836,False
lhs_012,original_mpc,346,1730.0,2.5012710704938494,0.06701091430080064,0.7759763311510218,4.127658985032223,28.952960955859464,True
lhs_012,recovery_mpc,346,1730.0,2.5012710704938494,0.06701091430080064,0.7759763311510218,4.127658985032223,28.952960955859464,True
lhs_012,original_mpc,347,1735.0,2.5012710704938494,0.0,0.7767134971758312,4.128000645352638,28.913982376740417,False
lhs_012,recovery_mpc,347,1735.0,2.5012710704938494,0.0,0.7767134971758312,4.128000645352638,28.913982376740417,False
lhs_012,original_mpc,348,1740.0,2.5012710704938494,0.0,0.7774506632006405,4.128383312813596,28.875233569448238,False
lhs_012,recovery_mpc,348,1740.0,2.5012710704938494,0.0,0.7774506632006405,4.128383312813596,28.875233569448238,False
lhs_012,original_mpc,349,1745.0,2.5012710704938494,0.0,0.7781878292254498,4.1287973801386695,28.836719796531906,False
lhs_012,recovery_mpc,349,1745.0,2.5012710704938494,0.0,0.7781878292254498,4.1287973801386695,28.836719796531906,False
lhs_012,original_mpc,350,1750.0,2.5012710704938494,0.0,0.7789249952502592,4.129235773309816,28.798444710547493,False
lhs_012,recovery_mpc,350,1750.0,2.5012710704938494,0.0,0.7789249952502592,4.129235773309816,28.798444710547493,False
lhs_012,original_mpc,351,1755.0,2.396903522067705,0.10436754842614437,0.779631402429416,4.127437750414316,28.759201617692263,True
lhs_012,recovery_mpc,351,1755.0,2.396903522067705,0.10436754842614437,0.779631402429416,4.127437750414316,28.759201617692263,True
lhs_012,original_mpc,352,1760.0,2.396903522067705,0.0,0.7803378096085728,4.12766979748929,28.720167688048715,False
lhs_012,recovery_mpc,352,1760.0,2.396903522067705,0.0,0.7803378096085728,4.12766979748929,28.720167688048715,False
lhs_012,original_mpc,353,1765.0,2.396903522067705,0.0,0.7810442167877296,4.127960320851878,28.68135380440167,False
lhs_012,recovery_mpc,353,1765.0,2.396903522067705,0.0,0.7810442167877296,4.127960320851878,28.68135380440167,False
lhs_012,original_mpc,354,1770.0,2.396903522067705,0.0,0.7817506239668864,4.128295145431561,28.642767742299966,False
lhs_012,recovery_mpc,354,1770.0,2.396903522067705,0.0,0.7817506239668864,4.128295145431561,28.642767742299966,False
lhs_012,original_mpc,355,1775.0,2.396903522067705,0.0,0.7824570311460433,4.128663857237309,28.60441500047241,False
lhs_012,recovery_mpc,355,1775.0,2.396903522067705,0.0,0.7824570311460433,4.128663857237309,28.60441500047241,False
lhs_012,original_mpc,356,1780.0,2.213690559488585,0.18321296257912012,0.7831094424297087,4.1250995732307905,28.564279500641497,True
lhs_012,recovery_mpc,356,1780.0,2.213690559488585,0.18321296257912012,0.7831094424297087,4.1250995732307905,28.564279500641497,True
lhs_012,original_mpc,357,1785.0,2.213690559488585,0.0,0.7837618537133741,4.125092808340417,28.524330341430403,False
lhs_012,recovery_mpc,357,1785.0,2.213690559488585,0.0,0.7837618537133741,4.125092808340417,28.524330341430403,False
lhs_012,original_mpc,358,1790.0,2.213690559488585,0.0,0.7844142649970396,4.125183374130096,28.484585234221004,False
lhs_012,recovery_mpc,358,1790.0,2.213690559488585,0.0,0.7844142649970396,4.125183374130096,28.484585234221004,False
lhs_012,original_mpc,359,1795.0,2.213690559488585,0.0,0.785066676280705,4.125347051993501,28.44505697934172,False
lhs_012,recovery_mpc,359,1795.0,2.213690559488585,0.0,0.785066676280705,4.125347051993501,28.44505697934172,False
lhs_012,original_mpc,360,1800.0,2.213690559488585,0.0,0.7857190875643705,4.125566079599215,28.405754782908836,False
lhs_012,recovery_mpc,360,1800.0,2.213690559488585,0.0,0.7857190875643705,4.125566079599215,28.405754782908836,False
lhs_012,original_mpc,361,1805.0,2.254914161469974,0.04122360198138919,0.7863836481265205,4.1267181968524635,28.367123423338505,True
lhs_012,recovery_mpc,361,1805.0,2.254914161469974,0.04122360198138919,0.7863836481265205,4.1267181968524635,28.367123423338505,True
lhs_012,original_mpc,362,1810.0,2.254914161469974,0.0,0.7870482086886705,4.12710719322879,28.32874152473647,False
lhs_012,recovery_mpc,362,1810.0,2.254914161469974,0.0,0.7870482086886705,4.12710719322879,28.32874152473647,False
lhs_012,original_mpc,363,1815.0,2.254914161469974,0.0,0.7877127692508206,4.127503603396424,28.29060865630769,False
lhs_012,recovery_mpc,363,1815.0,2.254914161469974,0.0,0.7877127692508206,4.127503603396424,28.29060865630769,False
lhs_012,original_mpc,364,1820.0,2.254914161469974,0.0,0.7883773298129706,4.127906940061309,28.252724300890748,False
lhs_012,recovery_mpc,364,1820.0,2.254914161469974,0.0,0.7883773298129706,4.127906940061309,28.252724300890748,False
lhs_012,original_mpc,365,1825.0,2.254914161469974,0.0,0.7890418903751206,4.128316787867537,28.215087868615267,False
lhs_012,recovery_mpc,365,1825.0,2.254914161469974,0.0,0.7890418903751206,4.128316787867537,28.215087868615267,False
lhs_012,original_mpc,366,1830.0,1.9447921498256269,0.3101220116443473,0.7896150528424274,4.122031888811769,28.174550539561217,True
lhs_012,recovery_mpc,366,1830.0,1.9447921498256269,0.3101220116443473,0.7896150528424274,4.122031888811769,28.174550539561217,True
lhs_012,original_mpc,367,1835.0,1.9447921498256269,0.0,0.7901882153097342,4.121739759949834,28.134180746110715,False
lhs_012,recovery_mpc,367,1835.0,1.9447921498256269,0.0,0.7901882153097342,4.121739759949834,28.134180746110715,False
lhs_012,original_mpc,368,1840.0,1.9447921498256269,0.0,0.7907613777770409,4.121590190039564,28.094001809336298,False
lhs_012,recovery_mpc,368,1840.0,1.9447921498256269,0.0,0.7907613777770409,4.121590190039564,28.094001809336298,False
lhs_012,original_mpc,369,1845.0,1.9447921498256269,0.0,0.7913345402443477,4.12154719217022,28.054030633844636,False
lhs_012,recovery_mpc,369,1845.0,1.9447921498256269,0.0,0.7913345402443477,4.12154719217022,28.054030633844636,False
lhs_012,original_mpc,370,1850.0,1.9447921498256269,0.0,0.7919077027116544,4.121584396738964,28.014279432491854,False
lhs_012,recovery_mpc,370,1850.0,1.9447921498256269,0.0,0.7919077027116544,4.121584396738964,28.014279432491854,False
lhs_012,original_mpc,371,1855.0,2.080961291444208,0.1361691416185813,0.7925209964810072,4.124624549386034,27.976070866363496,True
lhs_012,recovery_mpc,371,1855.0,2.080961291444208,0.1361691416185813,0.7925209964810072,4.124624549386034,27.976070866363496,True
lhs_012,original_mpc,372,1860.0,2.080961291444208,0.0,0.7931342902503599,4.125082592814442,27.938133580973954,False
lhs_012,recovery_mpc,372,1860.0,2.080961291444208,0.0,0.7931342902503599,4.125082592814442,27.938133580973954,False
lhs_012,original_mpc,373,1865.0,2.080961291444208,0.0,0.7937475840197126,4.125516667495368,27.900461033716354,False
lhs_012,recovery_mpc,373,1865.0,2.080961291444208,0.0,0.7937475840197126,4.125516667495368,27.900461033716354,False
lhs_012,original_mpc,374,1870.0,2.080961291444208,0.0,0.7943608777890653,4.12593474329792,27.863048220425803,False
lhs_012,recovery_mpc,374,1870.0,2.080961291444208,0.0,0.7943608777890653,4.12593474329792,27.863048220425803,False
lhs_012,original_mpc,375,1875.0,2.080961291444208,0.0,0.794974171558418,4.126342581460522,27.82589125005847,False
lhs_012,recovery_mpc,375,1875.0,2.080961291444208,0.0,0.794974171558418,4.126342581460522,27.82589125005847,False
lhs_012,original_mpc,376,1880.0,1.9986379700077481,0.08232332143646004,0.7955632032810344,4.124965746776831,27.78818941342782,True
lhs_012,recovery_mpc,376,1880.0,1.9986379700077481,0.08232332143646004,0.7955632032810344,4.124965746776831,27.78818941342782,True
lhs_012,original_mpc,377,1885.0,1.9986379700077481,0.0,0.7961522350036507,4.125175061236127,27.750715590888852,False
lhs_012,recovery_mpc,377,1885.0,1.9986379700077481,0.0,0.7961522350036507,4.125175061236127,27.750715590888852,False
lhs_012,original_mpc,378,1890.0,1.9986379700077481,0.0,0.7967412667262671,4.125419756215775,27.713474317593615,False
lhs_012,recovery_mpc,378,1890.0,1.9986379700077481,0.0,0.7967412667262671,4.125419756215775,27.713474317593615,False
lhs_012,original_mpc,379,1895.0,1.9986379700077481,0.0,0.7973302984488835,4.125691846222482,27.676468675315643,False
lhs_012,recovery_mpc,379,1895.0,1.9986379700077481,0.0,0.7973302984488835,4.125691846222482,27.676468675315643,False
lhs_012,original_mpc,380,1900.0,1.9986379700077481,0.0,0.7979193301714999,4.125985440294021,27.639700678696162,False
lhs_012,recovery_mpc,380,1900.0,1.9986379700077481,0.0,0.7979193301714999,4.125985440294021,27.639700678696162,False
lhs_012,original_mpc,381,1905.0,1.8594744076636194,0.13916356234412874,0.7984673480866719,4.123289732956476,27.601883712917633,True
lhs_012,recovery_mpc,381,1905.0,1.8594744076636194,0.13916356234412874,0.7984673480866719,4.123289732956476,27.601883712917633,True
lhs_012,original_mpc,382,1910.0,1.8594744076636194,0.0,0.7990153660018439,4.123294494027745,27.564272256024324,False
lhs_012,recovery_mpc,382,1910.0,1.8594744076636194,0.0,0.7990153660018439,4.123294494027745,27.564272256024324,False
lhs_012,original_mpc,383,1915.0,1.8594744076636194,0.0,0.7995633839170159,4.12337222026186,27.526876778154733,False
lhs_012,recovery_mpc,383,1915.0,1.8594744076636194,0.0,0.7995633839170159,4.12337222026186,27.526876778154733,False
lhs_012,original_mpc,384,1920.0,1.8594744076636194,0.0,0.8001114018321879,4.123505061583547,27.489704713683643,False
lhs_012,recovery_mpc,384,1920.0,1.8594744076636194,0.0,0.8001114018321879,4.123505061583547,27.489704713683643,False
lhs_012,original_mpc,385,1925.0,1.8594744076636194,0.0,0.8006594197473599,4.123679914812167,27.452761274580872,False
lhs_012,recovery_mpc,385,1925.0,1.8594744076636194,0.0,0.8006594197473599,4.123679914812167,27.452761274580872,False
lhs_012,original_mpc,386,1930.0,1.5385963002953447,0.3208781073682747,0.8011128695680749,4.116955349231348,27.413350468776002,True
lhs_012,recovery_mpc,386,1930.0,1.5385963002953447,0.3208781073682747,0.8011128695680749,4.116955349231348,27.413350468776002,True
lhs_012,original_mpc,387,1935.0,1.5385963002953447,0.0,0.80156631938879,4.116450619763533,27.374113426079536,False
lhs_012,recovery_mpc,387,1935.0,1.5385963002953447,0.0,0.80156631938879,4.116450619763533,27.374113426079536,False
lhs_012,original_mpc,388,1940.0,1.5385963002953447,0.0,0.802019769209505,4.116107659807731,27.335070886068035,False
lhs_012,recovery_mpc,388,1940.0,1.5385963002953447,0.0,0.802019769209505,4.116107659807731,27.335070886068035,False
lhs_012,original_mpc,389,1945.0,1.5385963002953447,0.0,0.8024732190302201,4.115885613345325,27.296237826755604,False
lhs_012,recovery_mpc,389,1945.0,1.5385963002953447,0.0,0.8024732190302201,4.115885613345325,27.296237826755604,False
lhs_012,original_mpc,390,1950.0,1.5385963002953447,0.0,0.8029266688509351,4.115754545888856,27.257625013775886,False
lhs_012,recovery_mpc,390,1950.0,1.5385963002953447,0.0,0.8029266688509351,4.115754545888856,27.257625013775886,False
lhs_012,original_mpc,391,1955.0,1.0144072856872064,0.5241890146081383,0.8032256314844333,4.104369130226736,27.21563927859212,True
lhs_012,recovery_mpc,391,1955.0,1.0144072856872064,0.5241890146081383,0.8032256314844333,4.104369130226736,27.21563927859212,True
lhs_012,original_mpc,392,1960.0,1.0144072856872064,0.0,0.8035245941179314,4.103156036706486,27.17383674037647,False
lhs_012,recovery_mpc,392,1960.0,1.0144072856872064,0.0,0.8035245941179314,4.103156036706486,27.17383674037647,False
lhs_012,original_mpc,393,1965.0,1.0144072856872064,0.0,0.8038235567514296,4.102215462811672,27.132240497882346,False
lhs_012,recovery_mpc,393,1965.0,1.0144072856872064,0.0,0.8038235567514296,4.102215462811672,27.132240497882346,False
lhs_012,original_mpc,394,1970.0,1.0144072856872064,0.0,0.8041225193849277,4.101478268181898,27.090867219155903,False
lhs_012,recovery_mpc,394,1970.0,1.0144072856872064,0.0,0.8041225193849277,4.101478268181898,27.090867219155903,False
lhs_012,original_mpc,395,1975.0,1.0144072856872064,0.0,0.8044214820184259,4.100893810313203,27.049728873203662,False
lhs_012,recovery_mpc,395,1975.0,1.0144072856872064,0.0,0.8044214820184259,4.100893810313203,27.049728873203662,False
lhs_012,original_mpc,396,1980.0,0.7311373067400562,0.2832699789471502,0.8046369602959934,4.094306009800836,27.007356868863095,True
lhs_012,recovery_mpc,396,1980.0,0.7311373067400562,0.2832699789471502,0.8046369602959934,4.094306009800836,27.007356868863095,True
lhs_012,original_mpc,397,1985.0,0.7311373067400562,0.0,0.8048524385735609,4.093275034273149,26.965223332422845,False
lhs_012,recovery_mpc,397,1985.0,0.7311373067400562,0.0,0.8048524385735609,4.093275034273149,26.965223332422845,False
lhs_012,original_mpc,398,1990.0,0.7311373067400562,0.0,0.8050679168511284,4.092437432636567,26.923338941949268,False
lhs_012,recovery_mpc,398,1990.0,0.7311373067400562,0.0,0.8050679168511284,4.092437432636567,26.923338941949268,False
lhs_012,original_mpc,399,1995.0,0.7311373067400562,0.0,0.805283395128696,4.091745800322429,26.88171120632948,False
lhs_012,recovery_mpc,399,1995.0,0.7311373067400562,0.0,0.805283395128696,4.091745800322429,26.88171120632948,False
lhs_029,original_mpc,1,5.0,2.0,2.0,0.15639629559678817,3.4646093852292847,16.499038547396648,True
lhs_029,recovery_mpc,1,5.0,2.0,2.0,0.15639629559678817,3.4646093852292847,16.499038547396648,True
lhs_029,original_mpc,2,10.0,3.9999999999999987,1.9999999999999987,0.1574538769686791,3.5192947347073074,16.52783207969493,True
lhs_029,recovery_mpc,2,10.0,3.9999999999999987,1.9999999999999987,0.1574538769686791,3.5192947347073074,16.52783207969493,True
lhs_029,original_mpc,3,15.0,5.999999999999999,2.0000000000000004,0.1590402490265155,3.5784050343935783,16.59529004749521,True
lhs_029,recovery_mpc,3,15.0,5.999999999999999,2.0000000000000004,0.1590402490265155,3.5784050343935783,16.59529004749521,True
lhs_029,original_mpc,4,20.0,7.999999999999997,1.9999999999999982,0.16115541177029738,3.6412665156328674,16.71929632523846,True
lhs_029,recovery_mpc,4,20.0,7.999999999999997,1.9999999999999982,0.16115541177029738,3.6412665156328674,16.71929632523846,True
lhs_029,original_mpc,5,25.0,9.999999999999996,1.9999999999999991,0.16379936520002472,3.7073440483535838,16.918574184408403,True
lhs_029,recovery_mpc,5,25.0,9.999999999999996,1.9999999999999991,0.16379936520002472,3.7073440483535838,16.918574184408403,True
lhs_029,original_mpc,6,30.0,9.999999999999996,0.0,0.16644331862975206,3.7268706458495813,17.128643764451827,True
lhs_029,recovery_mpc,6,30.0,9.999999999999996,0.0,0.16644331862975206,3.7268706458495813,17.128643764451827,True
lhs_029,original_mpc,7,35.0,9.999999999999996,0.0,0.1690872720594794,3.7436550607732566,17.34712410779134,False
lhs_029,recovery_mpc,7,35.0,9.999999999999996,0.0,0.1690872720594794,3.7436550607732566,17.34712410779134,False
lhs_029,original_mpc,8,40.0,9.999999999999996,0.0,0.17173122548920675,3.758307316847316,17.572184798616842,False
lhs_029,recovery_mpc,8,40.0,9.999999999999996,0.0,0.17173122548920675,3.758307316847316,17.572184798616842,False
lhs_029,original_mpc,9,45.0,9.999999999999996,0.0,0.1743751789189341,3.771290768726423,17.802413913025433,False
lhs_029,recovery_mpc,9,45.0,9.999999999999996,0.0,0.1743751789189341,3.771290768726423,17.802413913025433,False
lhs_029,original_mpc,10,50.0,9.999999999999996,0.0,0.17701913234866143,3.782957457979866,18.036717916620844,False
lhs_029,recovery_mpc,10,50.0,9.999999999999996,0.0,0.17701913234866143,3.782957457979866,18.036717916620844,False
lhs_029,original_mpc,11,55.0,9.999999999999996,0.0,0.17966308577838877,3.7935749402564567,18.27424568407382,True
lhs_029,recovery_mpc,11,55.0,9.999999999999996,0.0,0.17966308577838877,3.7935749402564567,18.27424568407382,True
lhs_029,original_mpc,12,60.0,9.999999999999996,0.0,0.1823070392081161,3.8033466411973036,18.51433082205525,False
lhs_029,recovery_mpc,12,60.0,9.999999999999996,0.0,0.1823070392081161,3.8033466411973036,18.51433082205525,False
lhs_029,original_mpc,13,65.0,9.999999999999996,0.0,0.18495099263784345,3.8124273022714235,18.756447880671573,False
lhs_029,recovery_mpc,13,65.0,9.999999999999996,0.0,0.18495099263784345,3.8124273022714235,18.756447880671573,False
lhs_029,original_mpc,14,70.0,9.999999999999996,0.0,0.1875949460675708,3.8209347010736776,19.000179103600793,False
lhs_029,recovery_mpc,14,70.0,9.999999999999996,0.0,0.1875949460675708,3.8209347010736776,19.000179103600793,False
lhs_029,original_mpc,15,75.0,9.999999999999996,0.0,0.19023889949729814,3.8289585448529655,19.24518917524772,False
lhs_029,recovery_mpc,15,75.0,9.999999999999996,0.0,0.19023889949729814,3.8289585448529655,19.24518917524772,False
lhs_029,original_mpc,16,80.0,10.0,3.552713678800501e-15,0.19288285292702548,3.836567219209997,19.49120603639716,True
lhs_029,recovery_mpc,16,80.0,10.0,3.552713678800501e-15,0.19288285292702548,3.836567219209997,19.49120603639716,True
lhs_029,original_mpc,17,85.0,10.0,0.0,0.19552680635675282,3.8438129093855715,19.738006305079068,False
lhs_029,recovery_mpc,17,85.0,10.0,0.0,0.19552680635675282,3.8438129093855715,19.738006305079068,False
lhs_029,original_mpc,18,90.0,10.0,0.0,0.19817075978648016,3.850735486732287,19.985404192356594,False
lhs_029,recovery_mpc,18,90.0,10.0,0.0,0.19817075978648016,3.850735486732287,19.985404192356594,False
lhs_029,original_mpc,19,95.0,10.0,0.0,0.2008147132162075,3.857366792115923,20.233243070584482,False
lhs_029,recovery_mpc,19,95.0,10.0,0.0,0.2008147132162075,3.857366792115923,20.233243070584482,False
lhs_029,original_mpc,20,100.0,10.0,0.0,0.20345866664593484,3.863751536393283,20.481389054906636,False
lhs_029,recovery_mpc,20,100.0,10.0,0.0,0.20345866664593484,3.863751536393283,20.481389054906636,False
lhs_029,original_mpc,21,105.0,9.999999999999998,1.7763568394002505e-15,0.20610262007566219,3.8699185671366902,20.729726112955895,True
lhs_029,recovery_mpc,21,105.0,9.999999999999998,1.7763568394002505e-15,0.20610262007566219,3.8699185671366902,20.729726112955895,True
lhs_029,original_mpc,22,110.0,9.999999999999998,0.0,0.20874657350538953,3.8758862323755032,20.97815233471463,False
lhs_029,recovery_mpc,22,110.0,9.999999999999998,0.0,0.20874657350538953,3.8758862323755032,20.97815233471463,False
lhs_029,original_mpc,23,115.0,9.999999999999998,0.0,0.21139052693511687,3.8816697227484673,21.22657708326526,False
lhs_029,recovery_mpc,23,115.0,9.999999999999998,0.0,0.21139052693511687,3.8816697227484673,21.22657708326526,False
lhs_029,original_mpc,24,120.0,9.999999999999998,0.0,0.2140344803648442,3.887281815120005,21.474918814515217,False
lhs_029,recovery_mpc,24,120.0,9.999999999999998,0.0,0.2140344803648442,3.887281815120005,21.474918814515217,False
lhs_029,original_mpc,25,125.0,9.999999999999998,0.0,0.21667843379457155,3.8927334373615823,21.72310340508689,False
lhs_029,recovery_mpc,25,125.0,9.999999999999998,0.0,0.21667843379457155,3.8927334373615823,21.72310340508689,False
lhs_029,original_mpc,26,130.0,10.0,1.7763568394002505e-15,0.2193223872242989,3.898034097424859,21.971062866340674,True
lhs_029,recovery_mpc,26,130.0,10.0,1.7763568394002505e-15,0.2193223872242989,3.898034097424859,21.971062866340674,True
lhs_029,original_mpc,27,135.0,10.0,0.0,0.22196634065402623,3.903192209429465,22.21873435192191,False
lhs_029,recovery_mpc,27,135.0,10.0,0.0,0.22196634065402623,3.903192209429465,22.21873435192191,False
lhs_029,original_mpc,28,140.0,10.0,0.0,0.22461029408375358,3.908215341594338,22.466059388547556,False
lhs_029,recovery_mpc,28,140.0,10.0,0.0,0.22461029408375358,3.908215341594338,22.466059388547556,False
lhs_029,original_mpc,29,145.0,10.0,0.0,0.22725424751348092,3.913110404852024,22.712983276688227,False
lhs_029,recovery_mpc,29,145.0,10.0,0.0,0.22725424751348092,3.913110404852024,22.712983276688227,False
lhs_029,original_mpc,30,150.0,10.0,0.0,0.22989820094320826,3.917883796440839,22.959454620654412,False
lhs_029,recovery_mpc,30,150.0,10.0,0.0,0.22989820094320826,3.917883796440839,22.959454620654412,False
lhs_029,original_mpc,31,155.0,10.0,0.0,0.2325421543729356,3.922541509321549,23.20542495734891,True
lhs_029,recovery_mpc,31,155.0,10.0,0.0,0.2325421543729356,3.922541509321549,23.20542495734891,True
lhs_029,original_mpc,32,160.0,10.0,0.0,0.23518610780266294,3.9270892156489685,23.450848460348006,False
lhs_029,recovery_mpc,32,160.0,10.0,0.0,0.23518610780266294,3.9270892156489685,23.450848460348006,False
lhs_029,original_mpc,33,165.0,10.0,0.0,0.23783006123239028,3.931532330543689,23.695681701589475,False
lhs_029,recovery_mpc,33,165.0,10.0,0.0,0.23783006123239028,3.931532330543689,23.695681701589475,False
lhs_029,original_mpc,34,170.0,10.0,0.0,0.24047401466211762,3.935876060902941,23.939883457206953,False
lhs_029,recovery_mpc,34,170.0,10.0,0.0,0.24047401466211762,3.935876060902941,23.939883457206953,False
lhs_029,original_mpc,35,175.0,10.0,0.0,0.24311796809184497,3.940125442846724,24.18341454728382,False
lhs_029,recovery_mpc,35,175.0,10.0,0.0,0.24311796809184497,3.940125442846724,24.18341454728382,False
lhs_029,original_mpc,36,180.0,10.0,0.0,0.2457619215215723,3.94428537052816,24.42623770175369,True
lhs_029,recovery_mpc,36,180.0,10.0,0.0,0.2457619215215723,3.94428537052816,24.42623770175369,True
lhs_029,original_mpc,37,185.0,10.0,0.0,0.24840587495129965,3.948360618379082,24.668317446537124,False
lhs_029,recovery_mpc,37,185.0,10.0,0.0,0.24840587495129965,3.948360618379082,24.668317446537124,False
lhs_029,original_mpc,38,190.0,10.0,0.0,0.25104982838102696,3.952355858362591,24.909620005417494,False
lhs_029,recovery_mpc,38,190.0,10.0,0.0,0.25104982838102696,3.952355858362591,24.909620005417494,False
lhs_029,original_mpc,39,195.0,10.0,0.0,0.2536937818107543,3.9562756734255453,25.15011321423186,False
lhs_029,recovery_mpc,39,195.0,10.0,0.0,0.2536937818107543,3.9562756734255453,25.15011321423186,False
lhs_029,original_mpc,40,200.0,10.0,0.0,0.25633773524048165,3.960124568056454,25.3897664447672,False
lhs_029,recovery_mpc,40,200.0,10.0,0.0,0.25633773524048165,3.960124568056454,25.3897664447672,False
lhs_029,original_mpc,41,205.0,9.631378668990559,0.3686213310094413,0.25888422690696966,3.9548986143896077,25.610948778810513,True
lhs_029,recovery_mpc,41,205.0,9.631378668990559,0.3686213310094413,0.25888422690696966,3.9548986143896077,25.610948778810513,True
lhs_029,original_mpc,42,210.0,9.631378668990559,0.0,0.2614307185734577,3.9577407041266115,25.83069397904335,False
lhs_029,recovery_mpc,42,210.0,9.631378668990559,0.0,0.2614307185734577,3.9577407041266115,25.83069397904335,False
lhs_029,original_mpc,43,215.0,9.631378668990559,0.0,0.2639772102399457,3.9606807525969177,26.049110455898315,False
lhs_029,recovery_mpc,43,215.0,9.631378668990559,0.0,0.2639772102399457,3.9606807525969177,26.049110455898315,False
lhs_029,original_mpc,44,220.0,9.631378668990559,0.0,0.2665237019064337,3.9636864648854697,26.266276418202047,False
lhs_029,recovery_mpc,44,220.0,9.631378668990559,0.0,0.2665237019064337,3.9636864648854697,26.266276418202047,False
lhs_029,original_mpc,45,225.0,9.631378668990559,0.0,0.2690701935729217,3.9667342059889514,26.48224741198785,False
lhs_029,recovery_mpc,45,225.0,9.631378668990559,0.0,0.2690701935729217,3.9667342059889514,26.48224741198785,False
lhs_029,original_mpc,46,230.0,9.199453695372378,0.4319249736181803,0.2715024862878715,3.9592534769108867,26.676908594169554,True
lhs_029,recovery_mpc,46,230.0,9.199453695372378,0.4319249736181803,0.2715024862878715,3.9592534769108867,26.676908594169554,True
lhs_029,original_mpc,47,235.0,9.199453695372378,0.0,0.27393477900282126,3.961310807670176,26.869853891948072,False
lhs_029,recovery_mpc,47,235.0,9.199453695372378,0.0,0.27393477900282126,3.961310807670176,26.869853891948072,False
lhs_029,original_mpc,48,240.0,9.199453695372378,0.0,0.27636707171777103,3.963554043810374,27.06124877627056,False
lhs_029,recovery_mpc,48,240.0,9.199453695372378,0.0,0.27636707171777103,3.963554043810374,27.06124877627056,False
lhs_029,original_mpc,49,245.0,9.199453695372378,0.0,0.2787993644327208,3.9659348960667815,27.251216872449124,False
lhs_029,recovery_mpc,49,245.0,9.199453695372378,0.0,0.2787993644327208,3.9659348960667815,27.251216872449124,False
lhs_029,original_mpc,50,250.0,9.199453695372378,0.0,0.28123165714767057,3.9684174359092674,27.43985023171114,False
lhs_029,recovery_mpc,50,250.0,9.199453695372378,0.0,0.28123165714767057,3.9684174359092674,27.43985023171114,False
lhs_029,original_mpc,51,255.0,8.749447651026957,0.4500060443454217,0.28354497036018583,3.9599791092586853,27.606867712498794,True
lhs_029,recovery_mpc,51,255.0,8.749447651026957,0.4500060443454217,0.28354497036018583,3.9599791092586853,27.606867712498794,True
lhs_029,original_mpc,52,260.0,8.749447651026957,0.0,0.2858582835727011,3.9615193614844117,27.772104492679844,False
lhs_029,recovery_mpc,52,260.0,8.749447651026957,0.0,0.2858582835727011,3.9615193614844117,27.772104492679844,False
lhs_029,original_mpc,53,265.0,8.749447651026957,0.0,0.28817159678521637,3.963289195908318,27.935743897652777,False
lhs_029,recovery_mpc,53,265.0,8.749447651026957,0.0,0.28817159678521637,3.963289195908318,27.935743897652777,False
lhs_029,original_mpc,54,270.0,8.749447651026957,0.0,0.29048490999773163,3.965234069435803,28.097924751403568,False
lhs_029,recovery_mpc,54,270.0,8.749447651026957,0.0,0.29048490999773163,3.965234069435803,28.097924751403568,False
lhs_029,original_mpc,55,275.0,8.749447651026957,0.0,0.2927982232102469,3.967313164623109,28.25875222347552,False
lhs_029,recovery_mpc,55,275.0,8.749447651026957,0.0,0.2927982232102469,3.967313164623109,28.25875222347552,False
lhs_029,original_mpc,56,280.0,8.535793684344249,0.21365396668270797,0.2950550473089636,3.964273859641691,28.40890366418371,True
lhs_029,recovery_mpc,56,280.0,8.535793684344249,0.21365396668270797,0.2950550473089636,3.964273859641691,28.40890366418371,True
lhs_029,original_mpc,57,285.0,8.535793684344249,0.0,0.2973118714076803,3.9660266152493016,28.557585194615633,False
lhs_029,recovery_mpc,57,285.0,8.535793684344249,0.0,0.2973118714076803,3.9660266152493016,28.557585194615633,False
lhs_029,original_mpc,58,290.0,8.535793684344249,0.0,0.299568695506397,3.967932965325418,28.70491028469364,False
lhs_029,recovery_mpc,58,290.0,8.535793684344249,0.0,0.299568695506397,3.967932965325418,28.70491028469364,False
lhs_029,original_mpc,59,295.0,8.535793684344249,0.0,0.30182551960511367,3.969949903667173,28.850965544100987,False
lhs_029,recovery_mpc,59,295.0,8.535793684344249,0.0,0.30182551960511367,3.969949903667173,28.850965544100987,False
lhs_029,original_mpc,60,300.0,8.535793684344249,0.0,0.30408234370383036,3.9720322195111106,28.99581726124177,False
lhs_029,recovery_mpc,60,300.0,8.535793684344249,0.0,0.30408234370383036,3.9720322195111106,28.99581726124177,False
lhs_029,original_mpc,61,305.0,8.089553966009635,0.4462397183346134,0.30622118409916993,3.9632517210573326,29.120400309961536,True
lhs_029,recovery_mpc,61,305.0,8.089553966009635,0.4462397183346134,0.30622118409916993,3.9632517210573326,29.120400309961536,True
lhs_029,original_mpc,62,310.0,8.089553966009635,0.0,0.3083600244945095,3.964343211722914,29.243367326619392,False
lhs_029,recovery_mpc,62,310.0,8.089553966009635,0.0,0.3083600244945095,3.964343211722914,29.243367326619392,False
lhs_029,original_mpc,63,315.0,8.089553966009635,0.0,0.31049886488984907,3.965642402488617,29.36488311597249,False
lhs_029,recovery_mpc,63,315.0,8.089553966009635,0.0,0.31049886488984907,3.965642402488617,29.36488311597249,False
lhs_029,original_mpc,64,320.0,8.089553966009635,0.0,0.31263770528518864,3.9670970801845526,29.485074217413526,False
lhs_029,recovery_mpc,64,320.0,8.089553966009635,0.0,0.31263770528518864,3.9670970801845526,29.485074217413526,False
lhs_029,original_mpc,65,325.0,8.089553966009635,0.0,0.3147765456805282,3.9686677044175416,29.604038170137656,False
lhs_029,recovery_mpc,65,325.0,8.089553966009635,0.0,0.3147765456805282,3.9686677044175416,29.604038170137656,False
lhs_029,original_mpc,66,330.0,7.944814968742944,0.1447389972666917,0.3168771177590439,3.966786953242589,29.715827481351784,True
lhs_029,recovery_mpc,66,330.0,7.944814968742944,0.1447389972666917,0.3168771177590439,3.966786953242589,29.715827481351784,True
lhs_029,original_mpc,67,335.0,7.944814968742944,0.0,0.31897768983755964,3.968161699276255,29.826366708503166,False
lhs_029,recovery_mpc,67,335.0,7.944814968742944,0.0,0.31897768983755964,3.968161699276255,29.826366708503166,False
lhs_029,original_mpc,68,340.0,7.944814968742944,0.0,0.32107826191607536,3.96964380897128,29.93574446295803,False
lhs_029,recovery_mpc,68,340.0,7.944814968742944,0.0,0.32107826191607536,3.96964380897128,29.93574446295803,False
lhs_029,original_mpc,69,345.0,7.944814968742944,0.0,0.3231788339945911,3.971206138114639,30.0440297219833,False
lhs_029,recovery_mpc,69,345.0,7.944814968742944,0.0,0.3231788339945911,3.971206138114639,30.0440297219833,False
lhs_029,original_mpc,70,350.0,7.944814968742944,0.0,0.3252794060731068,3.972828147769492,30.151276562596916,False
lhs_029,recovery_mpc,70,350.0,7.944814968742944,0.0,0.3252794060731068,3.972828147769492,30.151276562596916,False
lhs_029,original_mpc,71,355.0,7.827465598146282,0.11734937059666173,0.32734895152453597,3.9716267302690262,30.252711881223547,True
lhs_029,recovery_mpc,71,355.0,7.827465598146282,0.11734937059666173,0.32734895152453597,3.9716267302690262,30.252711881223547,True
lhs_029,original_mpc,72,360.0,7.827465598146282,0.0,0.32941849697596515,3.9730457543471225,30.35305961520218,False
lhs_029,recovery_mpc,72,360.0,7.827465598146282,0.0,0.32941849697596515,3.9730457543471225,30.35305961520218,False
lhs_029,original_mpc,73,365.0,7.827465598146282,0.0,0.3314880424273943,3.9745378442890793,30.45238153256679,False
lhs_029,recovery_mpc,73,365.0,7.827465598146282,0.0,0.3314880424273943,3.9745378442890793,30.45238153256679,False
lhs_029,original_mpc,74,370.0,7.827465598146282,0.0,0.3335575878788235,3.9760847994770687,30.55072636132062,False
lhs_029,recovery_mpc,74,370.0,7.827465598146282,0.0,0.3335575878788235,3.9760847994770687,30.55072636132062,False
lhs_029,original_mpc,75,375.0,7.827465598146282,0.0,0.3356271333302527,3.977672853060659,30.648132922436005,False
lhs_029,recovery_mpc,75,375.0,7.827465598146282,0.0,0.3356271333302527,3.977672853060659,30.648132922436005,False
lhs_029,original_mpc,76,380.0,7.625271326946577,0.2021942711997049,0.33764321955800086,3.974351295514364,30.73646635450219,True
lhs_029,recovery_mpc,76,380.0,7.625271326946577,0.2021942711997049,0.33764321955800086,3.974351295514364,30.73646635450219,True
lhs_029,original_mpc,77,385.0,7.625271326946577,0.0,0.33965930578574904,3.975511698224614,30.823707510696288,False
lhs_029,recovery_mpc,77,385.0,7.625271326946577,0.0,0.33965930578574904,3.975511698224614,30.823707510696288,False
lhs_029,original_mpc,78,390.0,7.625271326946577,0.0,0.3416753920134972,3.976774223722653,30.90993500676216,False
lhs_029,recovery_mpc,78,390.0,7.625271326946577,0.0,0.3416753920134972,3.976774223722653,30.90993500676216,False
lhs_029,original_mpc,79,395.0,7.625271326946577,0.0,0.3436914782412454,3.978114529834631,30.99521054583886,False
lhs_029,recovery_mpc,79,395.0,7.625271326946577,0.0,0.3436914782412454,3.978114529834631,30.99521054583886,False
lhs_029,original_mpc,80,400.0,7.625271326946577,0.0,0.3457075644689936,3.979514167855317,31.07958298012435,False
lhs_029,recovery_mpc,80,400.0,7.625271326946577,0.0,0.3457075644689936,3.979514167855317,31.07958298012435,False
lhs_029,original_mpc,81,405.0,7.3825822477474174,0.2426890791991596,0.34765948483441117,3.975029922617053,31.153514243950948,True
lhs_029,recovery_mpc,81,405.0,7.3825822477474174,0.2426890791991596,0.34765948483441117,3.975029922617053,31.153514243950948,True
lhs_029,original_mpc,82,410.0,7.3825822477474174,0.0,0.34961140519982875,3.9759325512874537,31.226370823322707,False
lhs_029,recovery_mpc,82,410.0,7.3825822477474174,0.0,0.34961140519982875,3.9759325512874537,31.226370823322707,False
lhs_029,original_mpc,83,415.0,7.3825822477474174,0.0,0.35156332556524633,3.976964128433383,31.298245193337735,False
lhs_029,recovery_mpc,83,415.0,7.3825822477474174,0.0,0.35156332556524633,3.976964128433383,31.298245193337735,False
lhs_029,original_mpc,84,420.0,7.3825822477474174,0.0,0.3535152459306639,3.9780947190516653,31.369209749477534,False
lhs_029,recovery_mpc,84,420.0,7.3825822477474174,0.0,0.3535152459306639,3.9780947190516653,31.369209749477534,False
lhs_029,original_mpc,85,425.0,7.3825822477474174,0.0,0.3554671662960815,3.9793016071096736,31.4393216242269,False
lhs_029,recovery_mpc,85,425.0,7.3825822477474174,0.0,0.3554671662960815,3.9793016071096736,31.4393216242269,False
lhs_029,original_mpc,86,430.0,7.313433681737186,0.06914856601023178,0.3574008041026727,3.978878251003511,31.50594984382503,True
lhs_029,recovery_mpc,86,430.0,7.313433681737186,0.06914856601023178,0.3574008041026727,3.978878251003511,31.50594984382503,True
lhs_029,original_mpc,87,435.0,7.313433681737186,0.0,0.35933444190926395,3.980025813782347,31.57173950867208,False
lhs_029,recovery_mpc,87,435.0,7.313433681737186,0.0,0.35933444190926395,3.980025813782347,31.57173950867208,False
lhs_029,original_mpc,88,440.0,7.313433681737186,0.0,0.3612680797158552,3.981238532026059,31.636739227380204,False
lhs_029,recovery_mpc,88,440.0,7.313433681737186,0.0,0.3612680797158552,3.981238532026059,31.636739227380204,False
lhs_029,original_mpc,89,445.0,7.313433681737186,0.0,0.3632017175224464,3.9825020749502076,31.70098800178043,False
lhs_029,recovery_mpc,89,445.0,7.313433681737186,0.0,0.3632017175224464,3.9825020749502076,31.70098800178043,False
lhs_029,original_mpc,90,450.0,7.313433681737186,0.0,0.3651353553290376,3.983805565282019,31.76451750549012,False
lhs_029,recovery_mpc,90,450.0,7.313433681737186,0.0,0.3651353553290376,3.983805565282019,31.76451750549012,False
lhs_029,original_mpc,91,455.0,7.176922402647547,0.136511279089639,0.36703290018917434,3.9818058654271784,31.822138458165323,True
lhs_029,recovery_mpc,91,455.0,7.176922402647547,0.136511279089639,0.36703290018917434,3.9818058654271784,31.822138458165323,True
lhs_029,original_mpc,92,460.0,7.176922402647547,0.0,0.36893044504931105,3.982842049670387,31.8789557059751,False
lhs_029,recovery_mpc,92,460.0,7.176922402647547,0.0,0.36893044504931105,3.982842049670387,31.8789557059751,False
lhs_029,original_mpc,93,465.0,7.176922402647547,0.0,0.37082798990944776,3.983956314603142,31.935024208001646,False
lhs_029,recovery_mpc,93,465.0,7.176922402647547,0.0,0.37082798990944776,3.983956314603142,31.935024208001646,False
lhs_029,original_mpc,94,470.0,7.176922402647547,0.0,0.3727255347695845,3.985131621277692,31.99038775029249,False
lhs_029,recovery_mpc,94,470.0,7.176922402647547,0.0,0.3727255347695845,3.985131621277692,31.99038775029249,False
lhs_029,original_mpc,95,475.0,7.176922402647547,0.0,0.3746230796297212,3.9863550290012766,32.04508160439305,False
lhs_029,recovery_mpc,95,475.0,7.176922402647547,0.0,0.3746230796297212,3.9863550290012766,32.04508160439305,False
lhs_029,original_mpc,96,480.0,7.08555562652128,0.09136677612626709,0.37649646753974764,3.985384686917962,32.09569534815152,True
lhs_029,recovery_mpc,96,480.0,7.08555562652128,0.09136677612626709,0.37649646753974764,3.985384686917962,32.09569534815152,True
lhs_029,original_mpc,97,485.0,7.08555562652128,0.0,0.3783698554497741,3.9864600212679724,32.14560478387224,False
lhs_029,recovery_mpc,97,485.0,7.08555562652128,0.0,0.3783698554497741,3.9864600212679724,32.14560478387224,False
lhs_029,original_mpc,98,490.0,7.08555562652128,0.0,0.38024324335980053,3.987598887042544,32.194853948303994,False
lhs_029,recovery_mpc,98,490.0,7.08555562652128,0.0,0.38024324335980053,3.987598887042544,32.194853948303994,False
lhs_029,original_mpc,99,495.0,7.08555562652128,0.0,0.382116631269827,3.9887879820751966,32.24347823951371,False
lhs_029,recovery_mpc,99,495.0,7.08555562652128,0.0,0.382116631269827,3.9887879820751966,32.24347823951371,False
lhs_029,original_mpc,100,500.0,7.08555562652128,0.0,0.3839900191798534,3.9900171984466795,32.291506461403706,False
lhs_029,recovery_mpc,100,500.0,7.08555562652128,0.0,0.3839900191798534,3.9900171984466795,32.291506461403706,False
lhs_029,original_mpc,101,505.0,7.032735107246865,0.052820519274414224,0.38584944159057033,3.989988462973951,32.336995462878804,True
lhs_029,recovery_mpc,101,505.0,7.032735107246865,0.052820519274414224,0.38584944159057033,3.989988462973951,32.336995462878804,True
lhs_029,original_mpc,102,510.0,7.032735107246865,0.0,0.38770886400128723,3.991151141497092,32.38188191085858,False
lhs_029,recovery_mpc,102,510.0,7.032735107246865,0.0,0.38770886400128723,3.991151141497092,32.38188191085858,False
lhs_029,original_mpc,103,515.0,7.032735107246865,0.0,0.38956828641200414,3.9923581642038353,32.426196537071974,False
lhs_029,recovery_mpc,103,515.0,7.032735107246865,0.0,0.38956828641200414,3.9923581642038353,32.426196537071974,False
lhs_029,original_mpc,104,520.0,7.032735107246865,0.0,0.39142770882272104,3.993600954543242,32.469964496803016,False
lhs_029,recovery_mpc,104,520.0,7.032735107246865,0.0,0.39142770882272104,3.993600954543242,32.469964496803016,False
lhs_029,original_mpc,105,525.0,7.032735107246865,0.0,0.39328713123343795,3.994872992174714,32.513206674905305,False
lhs_029,recovery_mpc,105,525.0,7.032735107246865,0.0,0.39328713123343795,3.994872992174714,32.513206674905305,False
lhs_029,original_mpc,106,530.0,6.90310629173667,0.12962881551019567,0.3951122803890189,3.9930023871282168,32.55117098558451,True
lhs_029,recovery_mpc,106,530.0,6.90310629173667,0.12962881551019567,0.3951122803890189,3.9930023871282168,32.55117098558451,True
lhs_029,original_mpc,107,535.0,6.90310629173667,0.0,0.3969374295445999,3.9940108884891576,32.58852141600988,False
lhs_029,recovery_mpc,107,535.0,6.90310629173667,0.0,0.3969374295445999,3.9940108884891576,32.58852141600988,False
lhs_029,original_mpc,108,540.0,6.90310629173667,0.0,0.39876257870018084,3.995091459564686,32.62530445109332,False
lhs_029,recovery_mpc,108,540.0,6.90310629173667,0.0,0.39876257870018084,3.995091459564686,32.62530445109332,False
lhs_029,original_mpc,109,545.0,6.90310629173667,0.0,0.4005877278557618,3.9962288890767197,32.66155715219946,False
lhs_029,recovery_mpc,109,545.0,6.90310629173667,0.0,0.4005877278557618,3.9962288890767197,32.66155715219946,False
lhs_029,original_mpc,110,550.0,6.90310629173667,0.0,0.40241287701134276,3.9974080713366784,32.69730939479861,False
lhs_029,recovery_mpc,110,550.0,6.90310629173667,0.0,0.40241287701134276,3.9974080713366784,32.69730939479861,False
lhs_029,original_mpc,111,555.0,6.7057523821275655,0.19735390960910415,0.4041858467123056,3.993797682881164,32.72546759808063,True
lhs_029,recovery_mpc,111,555.0,6.7057523821275655,0.19735390960910415,0.4041858467123056,3.993797682881164,32.72546759808063,True
lhs_029,original_mpc,112,560.0,6.7057523821275655,0.0,0.4059588164132685,3.9945649378256243,32.752992694704375,False
lhs_029,recovery_mpc,112,560.0,6.7057523821275655,0.0,0.4059588164132685,3.9945649378256243,32.752992694704375,False
lhs_029,original_mpc,113,565.0,6.7057523821275655,0.0,0.40773178611423133,3.9954356065979546,32.77995082945028,False
lhs_029,recovery_mpc,113,565.0,6.7057523821275655,0.0,0.40773178611423133,3.9954356065979546,32.77995082945028,False
lhs_029,original_mpc,114,570.0,6.7057523821275655,0.0,0.4095047558151942,3.996386445521149,32.80639400008307,False
lhs_029,recovery_mpc,114,570.0,6.7057523821275655,0.0,0.4095047558151942,3.996386445521149,32.80639400008307,False
lhs_029,original_mpc,115,575.0,6.7057523821275655,0.0,0.41127772551615704,3.997399780581455,32.8323634341321,False
lhs_029,recovery_mpc,115,575.0,6.7057523821275655,0.0,0.41127772551615704,3.997399780581455,32.8323634341321,False
lhs_029,original_mpc,116,580.0,6.680188520804217,0.025563861323348647,0.4130439362512376,3.9978376679078615,32.85698563731441,True
lhs_029,recovery_mpc,116,580.0,6.680188520804217,0.025563861323348647,0.4130439362512376,3.9978376679078615,32.85698563731441,True
lhs_029,original_mpc,117,585.0,6.680188520804217,0.0,0.41481014698631813,3.9988781350924247,32.8811710394894,False
lhs_029,recovery_mpc,117,585.0,6.680188520804217,0.0,0.41481014698631813,3.9988781350924247,32.8811710394894,False
lhs_029,original_mpc,118,590.0,6.680188520804217,0.0,0.41657635772139867,3.9999603796779652,32.90494787986673,False
lhs_029,recovery_mpc,118,590.0,6.680188520804217,0.0,0.41657635772139867,3.9999603796779652,32.90494787986673,False
lhs_029,original_mpc,119,595.0,6.680188520804217,0.0,0.4183425684564792,4.001075939488013,32.92833920348489,False
lhs_029,recovery_mpc,119,595.0,6.680188520804217,0.0,0.4183425684564792,4.001075939488013,32.92833920348489,False
lhs_029,original_mpc,120,600.0,6.680188520804217,0.0,0.42010877919155976,4.002218363008724,32.95136407204684,False
lhs_029,recovery_mpc,120,600.0,6.680188520804217,0.0,0.42010877919155976,4.002218363008724,32.95136407204684,False
lhs_029,original_mpc,121,605.0,6.600797138071105,0.07939138273311208,0.4218539992147735,4.001443374718013,32.97124892286495,True
lhs_029,recovery_mpc,121,605.0,6.600797138071105,0.07939138273311208,0.4218539992147735,4.001443374718013,32.97124892286495,True
lhs_029,original_mpc,122,610.0,6.600797138071105,0.0,0.42359921923798727,4.002437384043028,32.99072645716501,False
lhs_029,recovery_mpc,122,610.0,6.600797138071105,0.0,0.42359921923798727,4.002437384043028,32.99072645716501,False
lhs_029,original_mpc,123,615.0,6.600797138071105,0.0,0.425344439261201,4.003480094882178,33.00982800100845,False
lhs_029,recovery_mpc,123,615.0,6.600797138071105,0.0,0.425344439261201,4.003480094882178,33.00982800100845,False
lhs_029,original_mpc,124,620.0,6.600797138071105,0.0,0.4270896592844148,4.004561486047211,33.02857882358772,False
lhs_029,recovery_mpc,124,620.0,6.600797138071105,0.0,0.4270896592844148,4.004561486047211,33.02857882358772,False
lhs_029,original_mpc,125,625.0,6.600797138071105,0.0,0.42883487930762854,4.005673923228131,33.04699956159471,False
lhs_029,recovery_mpc,125,625.0,6.600797138071105,0.0,0.42883487930762854,4.005673923228131,33.04699956159471,False
lhs_029,original_mpc,126,630.0,6.677885633641601,0.07708849557049646,0.4306004811700679,4.008694624581697,33.067804147251245,True
lhs_029,recovery_mpc,126,630.0,6.677885633641601,0.07708849557049646,0.4306004811700679,4.008694624581697,33.067804147251245,True
lhs_029,original_mpc,127,635.0,6.677885633641601,0.0,0.43236608303250723,4.010036084482979,33.088379678294714,False
lhs_029,recovery_mpc,127,635.0,6.677885633641601,0.0,0.43236608303250723,4.010036084482979,33.088379678294714,False
lhs_029,original_mpc,128,640.0,6.677885633641601,0.0,0.4341316848949466,4.011362504153811,33.108719201415234,False
lhs_029,recovery_mpc,128,640.0,6.677885633641601,0.0,0.4341316848949466,4.011362504153811,33.108719201415234,False
lhs_029,original_mpc,129,645.0,6.677885633641601,0.0,0.4358972867573859,4.01267886713412,33.12881866151953,False
lhs_029,recovery_mpc,129,645.0,6.677885633641601,0.0,0.4358972867573859,4.01267886713412,33.12881866151953,False
lhs_029,original_mpc,130,650.0,6.677885633641601,0.0,0.4376628886198253,4.013988940967957,33.14867616561684,False
lhs_029,recovery_mpc,130,650.0,6.677885633641601,0.0,0.4376628886198253,4.013988940967957,33.14867616561684,False
lhs_029,original_mpc,131,655.0,6.437517141370365,0.24036849227123636,0.43936493817231076,4.0094241675752444,33.159962061542096,True
lhs_029,recovery_mpc,131,655.0,6.437517141370365,0.24036849227123636,0.43936493817231076,4.0094241675752444,33.159962061542096,True
lhs_029,original_mpc,132,660.0,6.437517141370365,0.0,0.44106698772479624,4.010158869637631,33.1707968704448,False
lhs_029,recovery_mpc,132,660.0,6.437517141370365,0.0,0.44106698772479624,4.010158869637631,33.1707968704448,False
lhs_029,original_mpc,133,665.0,6.437517141370365,0.0,0.44276903727728173,4.01099495331439,33.18124038633714,False
lhs_029,recovery_mpc,133,665.0,6.437517141370365,0.0,0.44276903727728173,4.01099495331439,33.18124038633714,False
lhs_029,original_mpc,134,670.0,6.437517141370365,0.0,0.4444710868297672,4.011909988850636,33.19133930946798,False
lhs_029,recovery_mpc,134,670.0,6.437517141370365,0.0,0.4444710868297672,4.011909988850636,33.19133930946798,False
lhs_029,original_mpc,135,675.0,6.437517141370365,0.0,0.4461731363822527,4.012886924068688,33.20113038036004,False
lhs_029,recovery_mpc,135,675.0,6.437517141370365,0.0,0.4461731363822527,4.012886924068688,33.20113038036004,False
lhs_029,original_mpc,136,680.0,6.266789045592268,0.170728095778097,0.44783004622129985,4.0097424460352755,33.204882249199414,True
lhs_029,recovery_mpc,136,680.0,6.266789045592268,0.170728095778097,0.44783004622129985,4.0097424460352755,33.204882249199414,True
lhs_029,original_mpc,137,685.0,6.266789045592268,0.0,0.449486956060347,4.010402010812081,33.20823645354011,False
lhs_029,recovery_mpc,137,685.0,6.266789045592268,0.0,0.449486956060347,4.010402010812081,33.20823645354011,False
lhs_029,original_mpc,138,690.0,6.266789045592268,0.0,0.45114386589939415,4.011164866219741,33.21125153558906,False
lhs_029,recovery_mpc,138,690.0,6.266789045592268,0.0,0.45114386589939415,4.011164866219741,33.21125153558906,False
lhs_029,original_mpc,139,695.0,6.266789045592268,0.0,0.4528007757384413,4.012008483671798,33.21397324726633,False
lhs_029,recovery_mpc,139,695.0,6.266789045592268,0.0,0.4528007757384413,4.012008483671798,33.21397324726633,False
lhs_029,original_mpc,140,700.0,6.266789045592268,0.0,0.45445768557748845,4.012915726264635,33.216437603347856,False
lhs_029,recovery_mpc,140,700.0,6.266789045592268,0.0,0.45445768557748845,4.012915726264635,33.216437603347856,False
lhs_029,original_mpc,141,705.0,6.534242904799761,0.2674538592074933,0.4561853089713701,4.020406736900885,33.227682283721535,True
lhs_029,recovery_mpc,141,705.0,6.534242904799761,0.2674538592074933,0.4561853089713701,4.020406736900885,33.227682283721535,True
lhs_029,original_mpc,142,710.0,6.534242904799761,0.0,0.45791293236525177,4.022040405704057,33.23895650049771,False
lhs_029,recovery_mpc,142,710.0,6.534242904799761,0.0,0.45791293236525177,4.022040405704057,33.23895650049771,False
lhs_029,original_mpc,143,715.0,6.534242904799761,0.0,0.45964055575913343,4.023594787557263,33.250214035926554,False
lhs_029,recovery_mpc,143,715.0,6.534242904799761,0.0,0.45964055575913343,4.023594787557263,33.250214035926554,False
lhs_029,original_mpc,144,720.0,6.534242904799761,0.0,0.4613681791530151,4.025090413446846,33.26142067167692,False
lhs_029,recovery_mpc,144,720.0,6.534242904799761,0.0,0.4613681791530151,4.025090413446846,33.26142067167692,False
lhs_029,original_mpc,145,725.0,6.534242904799761,0.0,0.46309580254689675,4.026542856706675,33.272551254372544,False
lhs_029,recovery_mpc,145,725.0,6.534242904799761,0.0,0.46309580254689675,4.026542856706675,33.272551254372544,False
lhs_029,original_mpc,146,730.0,6.489720593120709,0.04452231167905207,0.4648116544489121,4.026876324639707,33.282069021997486,True
lhs_029,recovery_mpc,146,730.0,6.489720593120709,0.04452231167905207,0.4648116544489121,4.026876324639707,33.282069021997486,True
lhs_029,original_mpc,147,735.0,6.489720593120709,0.0,0.46652750635092743,4.028169196722741,33.291439429703956,False
lhs_029,recovery_mpc,147,735.0,6.489720593120709,0.0,0.46652750635092743,4.028169196722741,33.291439429703956,False
lhs_029,original_mpc,148,740.0,6.489720593120709,0.0,0.4682433582529428,4.029465151667174,33.30066417621513,False
lhs_029,recovery_mpc,148,740.0,6.489720593120709,0.0,0.4682433582529428,4.029465151667174,33.30066417621513,False
lhs_029,original_mpc,149,745.0,6.489720593120709,0.0,0.4699592101549581,4.030764965291144,33.30974532750954,False
lhs_029,recovery_mpc,149,745.0,6.489720593120709,0.0,0.4699592101549581,4.030764965291144,33.30974532750954,False
lhs_029,original_mpc,150,750.0,6.489720593120709,0.0,0.47167506205697346,4.032069221539961,33.318685209050834,False
lhs_029,recovery_mpc,150,750.0,6.489720593120709,0.0,0.47167506205697346,4.032069221539961,33.318685209050834,False
lhs_029,original_mpc,151,755.0,6.324344659510958,0.16537593360975134,0.47334718933230263,4.029338272231132,33.32191400046059,True
lhs_029,recovery_mpc,151,755.0,6.324344659510958,0.16537593360975134,0.47334718933230263,4.029338272231132,33.32191400046059,True
lhs_029,original_mpc,152,760.0,6.324344659510958,0.0,0.4750193166076318,4.03025940783776,33.324864078682,False
lhs_029,recovery_mpc,152,760.0,6.324344659510958,0.0,0.4750193166076318,4.03025940783776,33.324864078682,False
lhs_029,original_mpc,153,765.0,6.324344659510958,0.0,0.476691443882961,4.031255422204874,33.32757729481462,False
lhs_029,recovery_mpc,153,765.0,6.324344659510958,0.0,0.476691443882961,4.031255422204874,33.32757729481462,False
lhs_029,original_mpc,154,770.0,6.324344659510958,0.0,0.47836357115829015,4.032310231828906,33.330086265217986,False
lhs_029,recovery_mpc,154,770.0,6.324344659510958,0.0,0.47836357115829015,4.032310231828906,33.330086265217986,False
lhs_029,original_mpc,155,775.0,6.324344659510958,0.0,0.4800356984336193,4.033411615344053,33.332416582002026,False
lhs_029,recovery_mpc,155,775.0,6.324344659510958,0.0,0.4800356984336193,4.033411615344053,33.332416582002026,False
lhs_029,original_mpc,156,780.0,6.5021100245949,0.17776536508394258,0.4817548260436185,4.038893356508008,33.34055552850326,True
lhs_029,recovery_mpc,156,780.0,6.5021100245949,0.17776536508394258,0.4817548260436185,4.038893356508008,33.34055552850326,True
lhs_029,original_mpc,157,785.0,6.5021100245949,0.0,0.4834739536536177,4.040485263086631,33.34870961756019,False
lhs_029,recovery_mpc,157,785.0,6.5021100245949,0.0,0.4834739536536177,4.040485263086631,33.34870961756019,False
lhs_029,original_mpc,158,790.0,6.5021100245949,0.0,0.48519308126361693,4.0420274277191925,33.356848865425995,False
lhs_029,recovery_mpc,158,790.0,6.5021100245949,0.0,0.48519308126361693,4.0420274277191925,33.356848865425995,False
lhs_029,original_mpc,159,795.0,6.5021100245949,0.0,0.48691220887361614,4.043533250480977,33.36495105986681,False
lhs_029,recovery_mpc,159,795.0,6.5021100245949,0.0,0.48691220887361614,4.043533250480977,33.36495105986681,False
lhs_029,original_mpc,160,800.0,6.5021100245949,0.0,0.48863133648361534,4.045012906158558,33.37299986014142,False
lhs_029,recovery_mpc,160,800.0,6.5021100245949,0.0,0.48863133648361534,4.045012906158558,33.37299986014142,False
lhs_029,original_mpc,161,805.0,6.060665703740379,0.44144432085452134,0.49023374827099886,4.035687991019719,33.3663523975833,True
lhs_029,recovery_mpc,161,805.0,6.060665703740379,0.44144432085452134,0.49023374827099886,4.035687991019719,33.3663523975833,True
lhs_029,original_mpc,162,810.0,6.060665703740379,0.0,0.4918361600583824,4.036085107523462,33.359265953945595,False
lhs_029,recovery_mpc,162,810.0,6.060665703740379,0.0,0.4918361600583824,4.036085107523462,33.359265953945595,False
lhs_029,original_mpc,163,815.0,6.060665703740379,0.0,0.4934385718457659,4.036659283370789,33.35183528085711,False
lhs_029,recovery_mpc,163,815.0,6.060665703740379,0.0,0.4934385718457659,4.036659283370789,33.35183528085711,False
lhs_029,original_mpc,164,820.0,6.060665703740379,0.0,0.4950409836331494,4.037370483040842,33.34413321207905,False
lhs_029,recovery_mpc,164,820.0,6.060665703740379,0.0,0.4950409836331494,4.037370483040842,33.34413321207905,False
lhs_029,original_mpc,165,825.0,6.060665703740379,0.0,0.49664339542053293,4.038188292332601,33.33621594333596,False
lhs_029,recovery_mpc,165,825.0,6.060665703740379,0.0,0.49664339542053293,4.038188292332601,33.33621594333596,False
lhs_029,original_mpc,166,830.0,6.435912162745515,0.37524645900513587,0.49834502062414443,4.0482591995401584,33.34041328769986,True
lhs_029,recovery_mpc,166,830.0,6.435912162745515,0.37524645900513587,0.49834502062414443,4.0482591995401584,33.34041328769986,True
lhs_029,original_mpc,167,835.0,6.435912162745515,0.0,0.5000466458277559,4.050121265303994,33.34479789363421,False
lhs_029,recovery_mpc,167,835.0,6.435912162745515,0.0,0.5000466458277559,4.050121265303994,33.34479789363421,False
lhs_029,original_mpc,168,840.0,6.435912162745515,0.0,0.5017482710313674,4.0518759779932925,33.349307382946435,False
lhs_029,recovery_mpc,168,840.0,6.435912162745515,0.0,0.5017482710313674,4.0518759779932925,33.349307382946435,False
lhs_029,original_mpc,169,845.0,6.435912162745515,0.0,0.5034498962349789,4.053547801506837,33.3538948167001,False
lhs_029,recovery_mpc,169,845.0,6.435912162745515,0.0,0.5034498962349789,4.053547801506837,33.3538948167001,False
lhs_029,original_mpc,170,850.0,6.435912162745515,0.0,0.5051515214385904,4.055157084232594,33.35852493744436,False
lhs_029,recovery_mpc,170,850.0,6.435912162745515,0.0,0.5051515214385904,4.055157084232594,33.35852493744436,False
lhs_029,original_mpc,171,855.0,6.286793092927469,0.14911906981804623,0.5068137202545936,4.053075376636527,33.35821647702876,True
lhs_029,recovery_mpc,171,855.0,6.286793092927469,0.14911906981804623,0.5068137202545936,4.053075376636527,33.35821647702876,True
lhs_029,original_mpc,172,860.0,6.286793092927469,0.0,0.5084759190705967,4.054246838392467,33.357774236333036,False
lhs_029,recovery_mpc,172,860.0,6.286793092927469,0.0,0.5084759190705967,4.054246838392467,33.357774236333036,False
lhs_029,original_mpc,173,865.0,6.286793092927469,0.0,0.5101381178865999,4.05545462509565,33.35721910812952,False
lhs_029,recovery_mpc,173,865.0,6.286793092927469,0.0,0.5101381178865999,4.05545462509565,33.35721910812952,False
lhs_029,original_mpc,174,870.0,6.286793092927469,0.0,0.5118003167026031,4.0566908690324,33.35656743847132,False
lhs_029,recovery_mpc,174,870.0,6.286793092927469,0.0,0.5118003167026031,4.0566908690324,33.35656743847132,False
lhs_029,original_mpc,175,875.0,6.286793092927469,0.0,0.5134625155186062,4.057949607308579,33.355832115971694,False
lhs_029,recovery_mpc,175,875.0,6.286793092927469,0.0,0.5134625155186062,4.057949607308579,33.355832115971694,False
lhs_029,original_mpc,176,880.0,6.143103720899098,0.14368937202837095,0.5150867235338105,4.055715115514484,33.350332920522554,True
lhs_029,recovery_mpc,176,880.0,6.143103720899098,0.14368937202837095,0.5150867235338105,4.055715115514484,33.350332920522554,True
lhs_029,original_mpc,177,885.0,6.143103720899098,0.0,0.5167109315490147,4.056663906449958,33.34464841983295,False
lhs_029,recovery_mpc,177,885.0,6.143103720899098,0.0,0.5167109315490147,4.056663906449958,33.34464841983295,False
lhs_029,original_mpc,178,890.0,6.143103720899098,0.0,0.518335139564219,4.057685067405487,33.33881824860008,False
lhs_029,recovery_mpc,178,890.0,6.143103720899098,0.0,0.518335139564219,4.057685067405487,33.33881824860008,False
lhs_029,original_mpc,179,895.0,6.143103720899098,0.0,0.5199593475794232,4.058762507255375,33.33287306166317,False
lhs_029,recovery_mpc,179,895.0,6.143103720899098,0.0,0.5199593475794232,4.058762507255375,33.33287306166317,False
lhs_029,original_mpc,180,900.0,6.143103720899098,0.0,0.5215835555946274,4.059884011413703,33.32683668720281,False
lhs_029,recovery_mpc,180,900.0,6.143103720899098,0.0,0.5215835555946274,4.059884011413703,33.32683668720281,False
lhs_029,original_mpc,181,905.0,6.0380431922071764,0.10506052869192128,0.5231799860953152,4.058472998580209,33.31735753540432,True
lhs_029,recovery_mpc,181,905.0,6.0380431922071764,0.10506052869192128,0.5231799860953152,4.058472998580209,33.31735753540432,True
lhs_029,original_mpc,182,910.0,6.0380431922071764,0.0,0.524776416596003,4.059406575511512,33.30773482092957,False
lhs_029,recovery_mpc,182,910.0,6.0380431922071764,0.0,0.524776416596003,4.059406575511512,33.30773482092957,False
lhs_029,original_mpc,183,915.0,6.0380431922071764,0.0,0.5263728470966909,4.060406701763554,33.29800375994271,False
lhs_029,recovery_mpc,183,915.0,6.0380431922071764,0.0,0.5263728470966909,4.060406701763554,33.29800375994271,False
lhs_029,original_mpc,184,920.0,6.0380431922071764,0.0,0.5279692775973787,4.061458984323076,33.288191671477534,False
lhs_029,recovery_mpc,184,920.0,6.0380431922071764,0.0,0.5279692775973787,4.061458984323076,33.288191671477534,False
lhs_029,original_mpc,185,925.0,6.0380431922071764,0.0,0.5295657080980665,4.062552490695864,33.27831986493334,False
lhs_029,recovery_mpc,185,925.0,6.0380431922071764,0.0,0.5295657080980665,4.062552490695864,33.27831986493334,False
lhs_029,original_mpc,186,930.0,6.578911348498043,0.5408681562908662,0.5313051416204398,4.076896309577602,33.2860839705874,True
lhs_029,recovery_mpc,186,930.0,6.578911348498043,0.5408681562908662,0.5313051416204398,4.076896309577602,33.2860839705874,True
lhs_029,original_mpc,187,935.0,6.578911348498043,0.0,0.5330445751428132,4.079339419665328,33.29430936761528,False
lhs_029,recovery_mpc,187,935.0,6.578911348498043,0.0,0.5330445751428132,4.079339419665328,33.29430936761528,False
lhs_029,original_mpc,188,940.0,6.578911348498043,0.0,0.5347840086651866,4.0815772335425615,33.302874075653,False
lhs_029,recovery_mpc,188,940.0,6.578911348498043,0.0,0.5347840086651866,4.0815772335425615,33.302874075653,False
lhs_029,original_mpc,189,945.0,6.578911348498043,0.0,0.53652344218756,4.083659330080866,33.311685392662795,False
lhs_029,recovery_mpc,189,945.0,6.578911348498043,0.0,0.53652344218756,4.083659330080866,33.311685392662795,False
lhs_029,original_mpc,190,950.0,6.578911348498043,0.0,0.5382628757099334,4.085623382171102,33.32067280844417,False
lhs_029,recovery_mpc,190,950.0,6.578911348498043,0.0,0.5382628757099334,4.085623382171102,33.32067280844417,False
lhs_029,original_mpc,191,955.0,6.665301438807587,0.08639009030954448,0.5400251503698635,4.089609309756426,33.33272148425611,True
lhs_029,recovery_mpc,191,955.0,6.665301438807587,0.08639009030954448,0.5400251503698635,4.089609309756426,33.33272148425611,True
lhs_029,original_mpc,192,960.0,6.665301438807587,0.0,0.5417874250297937,4.091622549654202,33.344934230490914,False
lhs_029,recovery_mpc,192,960.0,6.665301438807587,0.0,0.5417874250297937,4.091622549654202,33.344934230490914,False
lhs_029,original_mpc,193,965.0,6.665301438807587,0.0,0.5435496996897239,4.0935484984401045,33.357257870868786,False
lhs_029,recovery_mpc,193,965.0,6.665301438807587,0.0,0.5435496996897239,4.0935484984401045,33.357257870868786,False
lhs_029,original_mpc,194,970.0,6.665301438807587,0.0,0.5453119743496541,4.095408292445502,33.36965180604968,False
lhs_029,recovery_mpc,194,970.0,6.665301438807587,0.0,0.5453119743496541,4.095408292445502,33.36965180604968,False
lhs_029,original_mpc,195,975.0,6.665301438807587,0.0,0.5470742490095842,4.097218031220122,33.38208498760105,False
lhs_029,recovery_mpc,195,975.0,6.665301438807587,0.0,0.5470742490095842,4.097218031220122,33.38208498760105,False
lhs_029,original_mpc,196,980.0,6.839885053531461,0.17458361472387374,0.5488826827642067,4.103257010947874,33.40057445282286,True
lhs_029,recovery_mpc,196,980.0,6.839885053531461,0.17458361472387374,0.5488826827642067,4.103257010947874,33.40057445282286,True
lhs_029,original_mpc,197,985.0,6.839885053531461,0.0,0.5506911165188292,4.105417735292507,33.41923100476063,False
lhs_029,recovery_mpc,197,985.0,6.839885053531461,0.0,0.5506911165188292,4.105417735292507,33.41923100476063,False
lhs_029,original_mpc,198,990.0,6.839885053531461,0.0,0.5524995502734517,4.107484021456527,33.4379953807987,False
lhs_029,recovery_mpc,198,990.0,6.839885053531461,0.0,0.5524995502734517,4.107484021456527,33.4379953807987,False
lhs_029,original_mpc,199,995.0,6.839885053531461,0.0,0.5543079840280741,4.109478554776382,33.45682217830043,False
lhs_029,recovery_mpc,199,995.0,6.839885053531461,0.0,0.5543079840280741,4.109478554776382,33.45682217830043,False
lhs_029,original_mpc,200,1000.0,6.839885053531461,0.0,0.5561164177826966,4.111418626811161,33.475676522170986,False
lhs_029,recovery_mpc,200,1000.0,6.839885053531461,0.0,0.5561164177826966,4.111418626811161,33.475676522170986,False
lhs_029,original_mpc,201,1005.0,6.568642570360407,0.2712424831710534,0.5578531362879523,4.106687184906844,33.48514579655419,True
lhs_029,recovery_mpc,201,1005.0,6.568642570360407,0.2712424831710534,0.5578531362879523,4.106687184906844,33.48514579655419,True
lhs_029,original_mpc,202,1010.0,6.568642570360407,0.0,0.559589854793208,4.10790584292854,33.494343102073174,False
lhs_029,recovery_mpc,202,1010.0,6.568642570360407,0.0,0.559589854793208,4.10790584292854,33.494343102073174,False
lhs_029,original_mpc,203,1015.0,6.568642570360407,0.0,0.5613265732984637,4.109214738492,33.503319837186766,False
lhs_029,recovery_mpc,203,1015.0,6.568642570360407,0.0,0.5613265732984637,4.109214738492,33.503319837186766,False
lhs_029,original_mpc,204,1020.0,6.568642570360407,0.0,0.5630632918037194,4.110593118692852,33.512115024176765,False
lhs_029,recovery_mpc,204,1020.0,6.568642570360407,0.0,0.5630632918037194,4.110593118692852,33.512115024176765,False
lhs_029,original_mpc,205,1025.0,6.568642570360407,0.0,0.5648000103089751,4.1120252800604495,33.5207583145114,False
lhs_029,recovery_mpc,205,1025.0,6.568642570360407,0.0,0.5648000103089751,4.1120252800604495,33.5207583145114,False
lhs_029,original_mpc,206,1030.0,6.714753125268513,0.14611055490810543,0.5665753597645077,4.117071368910769,33.5342838530592,True
lhs_029,recovery_mpc,206,1030.0,6.714753125268513,0.14611055490810543,0.5665753597645077,4.117071368910769,33.5342838530592,True
lhs_029,original_mpc,207,1035.0,6.714753125268513,0.0,0.5683507092200403,4.118928494284539,33.54783328787583,False
lhs_029,recovery_mpc,207,1035.0,6.714753125268513,0.0,0.5683507092200403,4.118928494284539,33.54783328787583,False
lhs_029,original_mpc,208,1040.0,6.714753125268513,0.0,0.5701260586755729,4.120750600703832,33.56138315023488,False
lhs_029,recovery_mpc,208,1040.0,6.714753125268513,0.0,0.5701260586755729,4.120750600703832,33.56138315023488,False
lhs_029,original_mpc,209,1045.0,6.714753125268513,0.0,0.5719014081311055,4.122546980289574,33.57491549130414,False
lhs_029,recovery_mpc,209,1045.0,6.714753125268513,0.0,0.5719014081311055,4.122546980289574,33.57491549130414,False
lhs_029,original_mpc,210,1050.0,6.714753125268513,0.0,0.573676757586638,4.124324742153928,33.58841655163741,False
lhs_029,recovery_mpc,210,1050.0,6.714753125268513,0.0,0.573676757586638,4.124324742153928,33.58841655163741,False
lhs_029,original_mpc,211,1055.0,6.360825310627954,0.3539278146405591,0.5753585301762312,4.117435298096509,33.58983585535364,True
lhs_029,recovery_mpc,211,1055.0,6.360825310627954,0.3539278146405591,0.5753585301762312,4.117435298096509,33.58983585535364,True
lhs_029,original_mpc,212,1060.0,6.360825310627954,0.0,0.5770403027658243,4.118341322786925,33.59089197666076,False
lhs_029,recovery_mpc,212,1060.0,6.360825310627954,0.0,0.5770403027658243,4.118341322786925,33.59089197666076,False
lhs_029,original_mpc,213,1065.0,6.360825310627954,0.0,0.5787220753554174,4.119389789973776,33.59166343581279,False
lhs_029,recovery_mpc,213,1065.0,6.360825310627954,0.0,0.5787220753554174,4.119389789973776,33.59166343581279,False
lhs_029,original_mpc,214,1070.0,6.360825310627954,0.0,0.5804038479450105,4.120548383590314,33.592210152396596,False
lhs_029,recovery_mpc,214,1070.0,6.360825310627954,0.0,0.5804038479450105,4.120548383590314,33.592210152396596,False
lhs_029,original_mpc,215,1075.0,6.360825310627954,0.0,0.5820856205346037,4.121792599759228,33.59257794326542,False
lhs_029,recovery_mpc,215,1075.0,6.360825310627954,0.0,0.5820856205346037,4.121792599759228,33.59257794326542,False
lhs_029,original_mpc,216,1080.0,6.084021016095769,0.2768042945321847,0.5836942073578076,4.116334388291488,33.58373502689443,True
lhs_029,recovery_mpc,216,1080.0,6.084021016095769,0.2768042945321847,0.5836942073578076,4.116334388291488,33.58373502689443,True
lhs_029,original_mpc,217,1085.0,6.084021016095769,0.0,0.5853027941810116,4.1170329033421815,33.57454890741688,False
lhs_029,recovery_mpc,217,1085.0,6.084021016095769,0.0,0.5853027941810116,4.1170329033421815,33.57454890741688,False
lhs_029,original_mpc,218,1090.0,6.084021016095769,0.0,0.5869113810042156,4.117889574940088,33.565102614009675,False
lhs_029,recovery_mpc,218,1090.0,6.084021016095769,0.0,0.5869113810042156,4.117889574940088,33.565102614009675,False
lhs_029,original_mpc,219,1095.0,6.084021016095769,0.0,0.5885199678274196,4.118869091218705,33.55545975923016,False
lhs_029,recovery_mpc,219,1095.0,6.084021016095769,0.0,0.5885199678274196,4.118869091218705,33.55545975923016,False
lhs_029,original_mpc,220,1100.0,6.084021016095769,0.0,0.5901285546506235,4.119944646975976,33.54566921534796,False
lhs_029,recovery_mpc,220,1100.0,6.084021016095769,0.0,0.5901285546506235,4.119944646975976,33.54566921534796,False
lhs_029,original_mpc,221,1105.0,5.758620849664754,0.3254001664310149,0.5916511071852206,4.113136433841827,33.525522859807445,True
lhs_029,recovery_mpc,221,1105.0,5.758620849664754,0.3254001664310149,0.5916511071852206,4.113136433841827,33.525522859807445,True
lhs_029,original_mpc,222,1110.0,5.758620849664754,0.0,0.5931736597198176,4.113563761181841,33.505048216150136,False
lhs_029,recovery_mpc,222,1110.0,5.758620849664754,0.0,0.5931736597198176,4.113563761181841,33.505048216150136,False
lhs_029,original_mpc,223,1115.0,5.758620849664754,0.0,0.5946962122544146,4.114175754266378,33.48433693995098,False
lhs_029,recovery_mpc,223,1115.0,5.758620849664754,0.0,0.5946962122544146,4.114175754266378,33.48433693995098,False
lhs_029,original_mpc,224,1120.0,5.758620849664754,0.0,0.5962187647890116,4.1149314857281745,33.463459405412145,False
lhs_029,recovery_mpc,224,1120.0,5.758620849664754,0.0,0.5962187647890116,4.1149314857281745,33.463459405412145,False
lhs_029,original_mpc,225,1125.0,5.758620849664754,0.0,0.5977413173236086,4.115799859889312,33.442469822020456,False
lhs_029,recovery_mpc,225,1125.0,5.758620849664754,0.0,0.5977413173236086,4.115799859889312,33.442469822020456,False
lhs_029,original_mpc,226,1130.0,6.229297960853819,0.4706771111890644,0.5993883146944479,4.128272599816486,33.43620262401087,True
lhs_029,recovery_mpc,226,1130.0,6.229297960853819,0.4706771111890644,0.5993883146944479,4.128272599816486,33.43620262401087,True
lhs_029,original_mpc,227,1135.0,6.229297960853819,0.0,0.6010353120652872,4.13043911083628,33.430291493599505,False
lhs_029,recovery_mpc,227,1135.0,6.229297960853819,0.0,0.6010353120652872,4.13043911083628,33.430291493599505,False
lhs_029,original_mpc,228,1140.0,6.229297960853819,0.0,0.6026823094361264,4.132472434635896,33.42465401069096,False
lhs_029,recovery_mpc,228,1140.0,6.229297960853819,0.0,0.6026823094361264,4.132472434635896,33.42465401069096,False
lhs_029,original_mpc,229,1145.0,6.229297960853819,0.0,0.6043293068069657,4.13440839788814,33.419227827047095,False
lhs_029,recovery_mpc,229,1145.0,6.229297960853819,0.0,0.6043293068069657,4.13440839788814,33.419227827047095,False
lhs_029,original_mpc,230,1150.0,6.229297960853819,0.0,0.605976304177805,4.1362736863182,33.413965789041306,False
lhs_029,recovery_mpc,230,1150.0,6.229297960853819,0.0,0.605976304177805,4.1362736863182,33.413965789041306,False
lhs_029,original_mpc,231,1155.0,5.680190216186971,0.5491077446668475,0.6074781200181641,4.124648637449415,33.39156946021912,True
lhs_029,recovery_mpc,231,1155.0,5.680190216186971,0.5491077446668475,0.6074781200181641,4.124648637449415,33.39156946021912,True
lhs_029,original_mpc,232,1160.0,5.680190216186971,0.0,0.6089799358585233,4.125095469216481,33.368844966489235,False
lhs_029,recovery_mpc,232,1160.0,5.680190216186971,0.0,0.6089799358585233,4.125095469216481,33.368844966489235,False
lhs_029,original_mpc,233,1165.0,5.680190216186971,0.0,0.6104817516988824,4.125747254225506,33.345890722491454,False
lhs_029,recovery_mpc,233,1165.0,5.680190216186971,0.0,0.6104817516988824,4.125747254225506,33.345890722491454,False
lhs_029,original_mpc,234,1170.0,5.680190216186971,0.0,0.6119835675392415,4.126558615780303,33.32278209072745,False
lhs_029,recovery_mpc,234,1170.0,5.680190216186971,0.0,0.6119835675392415,4.126558615780303,33.32278209072745,False
lhs_029,original_mpc,235,1175.0,5.680190216186971,0.0,0.6134853833796007,4.127494979418553,33.299576941804304,False
lhs_029,recovery_mpc,235,1175.0,5.680190216186971,0.0,0.6134853833796007,4.127494979418553,33.299576941804304,False
lhs_029,original_mpc,236,1180.0,5.772057438196235,0.091867222009264,0.6150114884856309,4.130779227596236,33.27910676826595,True
lhs_029,recovery_mpc,236,1180.0,5.772057438196235,0.091867222009264,0.6150114884856309,4.130779227596236,33.27910676826595,True
lhs_029,original_mpc,237,1185.0,5.772057438196235,0.0,0.6165375935916612,4.132116300253283,33.25868908933856,False
lhs_029,recovery_mpc,237,1185.0,5.772057438196235,0.0,0.6165375935916612,4.132116300253283,33.25868908933856,False
lhs_029,original_mpc,238,1190.0,5.772057438196235,0.0,0.6180636986976914,4.133478040665807,33.23833120105751,False
lhs_029,recovery_mpc,238,1190.0,5.772057438196235,0.0,0.6180636986976914,4.133478040665807,33.23833120105751,False
lhs_029,original_mpc,239,1195.0,5.772057438196235,0.0,0.6195898038037216,4.134861620741249,33.218039119330506,False
lhs_029,recovery_mpc,239,1195.0,5.772057438196235,0.0,0.6195898038037216,4.134861620741249,33.218039119330506,False
lhs_029,original_mpc,240,1200.0,5.772057438196235,0.0,0.6211159089097519,4.136264763826157,33.19781785966967,False
lhs_029,recovery_mpc,240,1200.0,5.772057438196235,0.0,0.6211159089097519,4.136264763826157,33.19781785966967,False
lhs_029,original_mpc,241,1205.0,5.718884974654319,0.05317246354191596,0.6226279554640473,4.136383387645834,33.176059861199946,True
lhs_029,recovery_mpc,241,1205.0,5.718884974654319,0.05317246354191596,0.6226279554640473,4.136383387645834,33.176059861199946,True
lhs_029,original_mpc,242,1210.0,5.718884974654319,0.0,0.6241400020183426,4.137690651036168,33.15433936622011,False
lhs_029,recovery_mpc,242,1210.0,5.718884974654319,0.0,0.6241400020183426,4.137690651036168,33.15433936622011,False
lhs_029,original_mpc,243,1215.0,5.718884974654319,0.0,0.625652048572638,4.139035032941918,33.13267086719367,False
lhs_029,recovery_mpc,243,1215.0,5.718884974654319,0.0,0.625652048572638,4.139035032941918,33.13267086719367,False
lhs_029,original_mpc,244,1220.0,5.718884974654319,0.0,0.6271640951269334,4.140410207629835,33.111065775359414,False
lhs_029,recovery_mpc,244,1220.0,5.718884974654319,0.0,0.6271640951269334,4.140410207629835,33.111065775359414,False
lhs_029,original_mpc,245,1225.0,5.718884974654319,0.0,0.6286761416812288,4.141811248472767,33.089533144531586,False
lhs_029,recovery_mpc,245,1225.0,5.718884974654319,0.0,0.6286761416812288,4.141811248472767,33.089533144531586,False
lhs_029,original_mpc,246,1230.0,5.436075565202987,0.2828094094513318,0.6301134147447163,4.136306652268078,33.059699560627806,True
lhs_029,recovery_mpc,246,1230.0,5.436075565202987,0.2828094094513318,0.6301134147447163,4.136306652268078,33.059699560627806,True
lhs_029,original_mpc,247,1235.0,5.436075565202987,0.0,0.6315506878082038,4.137057227296339,33.02974576210941,False
lhs_029,recovery_mpc,247,1235.0,5.436075565202987,0.0,0.6315506878082038,4.137057227296339,33.02974576210941,False
lhs_029,original_mpc,248,1240.0,5.436075565202987,0.0,0.6329879608716913,4.137942788112556,32.999733855093496,False
lhs_029,recovery_mpc,248,1240.0,5.436075565202987,0.0,0.6329879608716913,4.137942788112556,32.999733855093496,False
lhs_029,original_mpc,249,1245.0,5.436075565202987,0.0,0.6344252339351788,4.138933597310184,32.96971153227736,False
lhs_029,recovery_mpc,249,1245.0,5.436075565202987,0.0,0.6344252339351788,4.138933597310184,32.96971153227736,False
lhs_029,original_mpc,250,1250.0,5.436075565202987,0.0,0.6358625069986663,4.14000695558806,32.939715534274804,False
lhs_029,recovery_mpc,250,1250.0,5.436075565202987,0.0,0.6358625069986663,4.14000695558806,32.939715534274804,False
lhs_029,original_mpc,251,1255.0,5.212358061967094,0.22371750323589357,0.6372406301961568,4.135664576285261,32.90339430892381,True
lhs_029,recovery_mpc,251,1255.0,5.212358061967094,0.22371750323589357,0.6372406301961568,4.135664576285261,32.90339430892381,True
lhs_029,original_mpc,252,1260.0,5.212358061967094,0.0,0.6386187533936474,4.136307412029242,32.86699756591899,False
lhs_029,recovery_mpc,252,1260.0,5.212358061967094,0.0,0.6386187533936474,4.136307412029242,32.86699756591899,False
lhs_029,original_mpc,253,1265.0,5.212358061967094,0.0,0.6399968765911379,4.137085770973511,32.83058542517217,False
lhs_029,recovery_mpc,253,1265.0,5.212358061967094,0.0,0.6399968765911379,4.137085770973511,32.83058542517217,False
lhs_029,original_mpc,254,1270.0,5.212358061967094,0.0,0.6413749997886284,4.137969802571849,32.79420412181534,False
lhs_029,recovery_mpc,254,1270.0,5.212358061967094,0.0,0.6413749997886284,4.137969802571849,32.79420412181534,False
lhs_029,original_mpc,255,1275.0,5.212358061967094,0.0,0.642753122986119,4.1389367180376935,32.75788933218562,False
lhs_029,recovery_mpc,255,1275.0,5.212358061967094,0.0,0.642753122986119,4.1389367180376935,32.75788933218562,False
lhs_029,original_mpc,256,1280.0,5.03905641333802,0.1733016486290735,0.6440854260347825,4.135722942332274,32.71689109988678,True
lhs_029,recovery_mpc,256,1280.0,5.03905641333802,0.1733016486290735,0.6440854260347825,4.135722942332274,32.71689109988678,True
lhs_029,original_mpc,257,1285.0,5.03905641333802,0.0,0.645417729083446,4.136382930358674,32.67589531342257,False
lhs_029,recovery_mpc,257,1285.0,5.03905641333802,0.0,0.645417729083446,4.136382930358674,32.67589531342257,False
lhs_029,original_mpc,258,1290.0,5.03905641333802,0.0,0.6467500321321095,4.137157541004358,32.63495087721701,False
lhs_029,recovery_mpc,258,1290.0,5.03905641333802,0.0,0.6467500321321095,4.137157541004358,32.63495087721701,False
lhs_029,original_mpc,259,1295.0,5.03905641333802,0.0,0.648082335180773,4.138021834876265,32.5940954914615,False
lhs_029,recovery_mpc,259,1295.0,5.03905641333802,0.0,0.648082335180773,4.138021834876265,32.5940954914615,False
lhs_029,original_mpc,260,1300.0,5.03905641333802,0.0,0.6494146382294365,4.138956750119162,32.55335832755903,False
lhs_029,recovery_mpc,260,1300.0,5.03905641333802,0.0,0.6494146382294365,4.138956750119162,32.55335832755903,False
lhs_029,original_mpc,261,1305.0,4.921752178642783,0.11730423469523732,0.6507159265847355,4.137073453637161,32.509616711623806,True
lhs_029,recovery_mpc,261,1305.0,4.921752178642783,0.11730423469523732,0.6507159265847355,4.137073453637161,32.509616711623806,True
lhs_029,original_mpc,262,1310.0,4.921752178642783,0.0,0.6520172149400346,4.137821828603505,32.465958819379566,False
lhs_029,recovery_mpc,262,1310.0,4.921752178642783,0.0,0.6520172149400346,4.137821828603505,32.465958819379566,False
lhs_029,original_mpc,263,1315.0,4.921752178642783,0.0,0.6533185032953337,4.138655702834224,32.42241980015494,False
lhs_029,recovery_mpc,263,1315.0,4.921752178642783,0.0,0.6533185032953337,4.138655702834224,32.42241980015494,False
lhs_029,original_mpc,264,1320.0,4.921752178642783,0.0,0.6546197916506328,4.139556872851686,32.379026839589635,False
lhs_029,recovery_mpc,264,1320.0,4.921752178642783,0.0,0.6546197916506328,4.139556872851686,32.379026839589635,False
lhs_029,original_mpc,265,1325.0,4.921752178642783,0.0,0.6559210800059319,4.140511392272889,32.33580105190769,False
lhs_029,recovery_mpc,265,1325.0,4.921752178642783,0.0,0.6559210800059319,4.140511392272889,32.33580105190769,False
lhs_029,original_mpc,266,1330.0,4.8505777020414085,0.07117447660137444,0.657203550161079,4.139764619618437,32.290889427192425,True
lhs_029,recovery_mpc,266,1330.0,4.8505777020414085,0.07117447660137444,0.657203550161079,4.139764619618437,32.290889427192425,True
lhs_029,original_mpc,267,1335.0,4.8505777020414085,0.0,0.6584860203162262,4.1406218365276395,32.24612935336374,False
lhs_029,recovery_mpc,267,1335.0,4.8505777020414085,0.0,0.6584860203162262,4.1406218365276395,32.24612935336374,False
lhs_029,original_mpc,268,1340.0,4.8505777020414085,0.0,0.6597684904713733,4.14153699786012,32.201543779252795,False
lhs_029,recovery_mpc,268,1340.0,4.8505777020414085,0.0,0.6597684904713733,4.14153699786012,32.201543779252795,False
lhs_029,original_mpc,269,1345.0,4.8505777020414085,0.0,0.6610509606265205,4.142498137895094,32.157150526932654,False
lhs_029,recovery_mpc,269,1345.0,4.8505777020414085,0.0,0.6610509606265205,4.142498137895094,32.157150526932654,False
lhs_029,original_mpc,270,1350.0,4.8505777020414085,0.0,0.6623334307816676,4.1434960504706835,32.11296350039859,False
lhs_029,recovery_mpc,270,1350.0,4.8505777020414085,0.0,0.6623334307816676,4.1434960504706835,32.11296350039859,False
lhs_029,original_mpc,271,1355.0,4.674324608506379,0.1762530935350295,0.6635693004396995,4.140205276969642,32.0644717224855,True
lhs_029,recovery_mpc,271,1355.0,4.674324608506379,0.1762530935350295,0.6635693004396995,4.140205276969642,32.0644717224855,True
lhs_029,original_mpc,272,1360.0,4.674324608506379,0.0,0.6648051700977314,4.140825635608772,32.01609825351361,False
lhs_029,recovery_mpc,272,1360.0,4.674324608506379,0.0,0.6648051700977314,4.140825635608772,32.01609825351361,False
lhs_029,original_mpc,273,1365.0,4.674324608506379,0.0,0.6660410397557633,4.141540098199817,31.967880438060547,False
lhs_029,recovery_mpc,273,1365.0,4.674324608506379,0.0,0.6660410397557633,4.141540098199817,31.967880438060547,False
lhs_029,original_mpc,274,1370.0,4.674324608506379,0.0,0.6672769094137952,4.142327968400348,31.919846996438316,False
lhs_029,recovery_mpc,274,1370.0,4.674324608506379,0.0,0.6672769094137952,4.142327968400348,31.919846996438316,False
lhs_029,original_mpc,275,1375.0,4.674324608506379,0.0,0.6685127790718272,4.143173415234705,31.87202008125555,False
lhs_029,recovery_mpc,275,1375.0,4.674324608506379,0.0,0.6685127790718272,4.143173415234705,31.87202008125555,False
lhs_029,original_mpc,276,1380.0,4.524317491099736,0.15000711740664308,0.669708987546604,4.140389342602851,31.820687737674508,True
lhs_029,recovery_mpc,276,1380.0,4.524317491099736,0.15000711740664308,0.669708987546604,4.140389342602851,31.820687737674508,True
lhs_029,original_mpc,277,1385.0,4.524317491099736,0.0,0.6709051960213809,4.14094960591379,31.769504820162673,False
lhs_029,recovery_mpc,277,1385.0,4.524317491099736,0.0,0.6709051960213809,4.14094960591379,31.769504820162673,False
lhs_029,original_mpc,278,1390.0,4.524317491099736,0.0,0.6721014044961577,4.141602036892158,31.71850670069322,False
lhs_029,recovery_mpc,278,1390.0,4.524317491099736,0.0,0.6721014044961577,4.141602036892158,31.71850670069322,False
lhs_029,original_mpc,279,1395.0,4.524317491099736,0.0,0.6732976129709346,4.142326320096571,31.667720555040972,False
lhs_029,recovery_mpc,279,1395.0,4.524317491099736,0.0,0.6732976129709346,4.142326320096571,31.667720555040972,False
lhs_029,original_mpc,280,1400.0,4.524317491099736,0.0,0.6744938214457115,4.143106915367747,31.61716731510224,False
lhs_029,recovery_mpc,280,1400.0,4.524317491099736,0.0,0.6744938214457115,4.143106915367747,31.61716731510224,False
lhs_029,original_mpc,281,1405.0,4.418767613233128,0.10554987786660774,0.675662123024329,4.141346420203909,31.564310756118182,True
lhs_029,recovery_mpc,281,1405.0,4.418767613233128,0.10554987786660774,0.675662123024329,4.141346420203909,31.564310756118182,True
lhs_029,original_mpc,282,1410.0,4.418767613233128,0.0,0.6768304246029466,4.141948974187456,31.511655686657114,False
lhs_029,recovery_mpc,282,1410.0,4.418767613233128,0.0,0.6768304246029466,4.141948974187456,31.511655686657114,False
lhs_029,original_mpc,283,1415.0,4.418767613233128,0.0,0.6779987261815642,4.1426242431213485,31.459229006048574,False
lhs_029,recovery_mpc,283,1415.0,4.418767613233128,0.0,0.6779987261815642,4.1426242431213485,31.459229006048574,False
lhs_029,original_mpc,284,1420.0,4.418767613233128,0.0,0.6791670277601818,4.143356379613209,31.407051383934977,False
lhs_029,recovery_mpc,284,1420.0,4.418767613233128,0.0,0.6791670277601818,4.143356379613209,31.407051383934977,False
lhs_029,original_mpc,285,1425.0,4.418767613233128,0.0,0.6803353293387994,4.144133238658485,31.355138738045987,False
lhs_029,recovery_mpc,285,1425.0,4.418767613233128,0.0,0.6803353293387994,4.144133238658485,31.355138738045987,False
lhs_029,original_mpc,286,1430.0,4.165014189259202,0.25375342397392586,0.6814365396938549,4.138730697248684,31.297577944194337,True
lhs_029,recovery_mpc,286,1430.0,4.165014189259202,0.25375342397392586,0.6814365396938549,4.138730697248684,31.297577944194337,True
lhs_029,original_mpc,287,1435.0,4.165014189259202,0.0,0.6825377500489104,4.138952734299771,31.24016880178529,False
lhs_029,recovery_mpc,287,1435.0,4.165014189259202,0.0,0.6825377500489104,4.138952734299771,31.24016880178529,False
lhs_029,original_mpc,288,1440.0,4.165014189259202,0.0,0.6836389604039659,4.139304554056938,31.182957660136758,False
lhs_029,recovery_mpc,288,1440.0,4.165014189259202,0.0,0.6836389604039659,4.139304554056938,31.182957660136758,False
lhs_029,original_mpc,289,1445.0,4.165014189259202,0.0,0.6847401707590214,4.139756887540262,31.125979953637074,False
lhs_029,recovery_mpc,289,1445.0,4.165014189259202,0.0,0.6847401707590214,4.139756887540262,31.125979953637074,False
lhs_029,original_mpc,290,1450.0,4.165014189259202,0.0,0.6858413811140769,4.1402873999814025,31.069262813736138,False
lhs_029,recovery_mpc,290,1450.0,4.165014189259202,0.0,0.6858413811140769,4.1402873999814025,31.069262813736138,False
lhs_029,original_mpc,291,1455.0,3.9921152180241823,0.17289897123501996,0.686896877786333,4.13664525838217,31.008967721884574,True
lhs_029,recovery_mpc,291,1455.0,3.9921152180241823,0.17289897123501996,0.686896877786333,4.13664525838217,31.008967721884574,True
lhs_029,original_mpc,292,1460.0,3.9921152180241823,0.0,0.6879523744585891,4.136864377858455,30.948883423658884,False
lhs_029,recovery_mpc,292,1460.0,3.9921152180241823,0.0,0.6879523744585891,4.136864377858455,30.948883423658884,False
lhs_029,original_mpc,293,1465.0,3.9921152180241823,0.0,0.6890078711308453,4.137194549730218,30.889047393181812,False
lhs_029,recovery_mpc,293,1465.0,3.9921152180241823,0.0,0.6890078711308453,4.137194549730218,30.889047393181812,False
lhs_029,original_mpc,294,1470.0,3.9921152180241823,0.0,0.6900633678031014,4.137611055033154,30.829488276992937,False
lhs_029,recovery_mpc,294,1470.0,3.9921152180241823,0.0,0.6900633678031014,4.137611055033154,30.829488276992937,False
lhs_029,original_mpc,295,1475.0,3.9921152180241823,0.0,0.6911188644753575,4.1380950123637135,30.770227999466883,False
lhs_029,recovery_mpc,295,1475.0,3.9921152180241823,0.0,0.6911188644753575,4.1380950123637135,30.770227999466883,False
lhs_029,original_mpc,296,1480.0,3.952328467342979,0.0397867506812033,0.6921638417160215,4.137657921083352,30.710421019172966,True
lhs_029,recovery_mpc,296,1480.0,3.952328467342979,0.0397867506812033,0.6921638417160215,4.137657921083352,30.710421019172966,True
lhs_029,original_mpc,297,1485.0,3.952328467342979,0.0,0.6932088189566855,4.1381402417744075,30.650922670464496,False
lhs_029,recovery_mpc,297,1485.0,3.952328467342979,0.0,0.6932088189566855,4.1381402417744075,30.650922670464496,False
lhs_029,original_mpc,298,1490.0,3.952328467342979,0.0,0.6942537961973495,4.138672776129976,30.591748577986504,False
lhs_029,recovery_mpc,298,1490.0,3.952328467342979,0.0,0.6942537961973495,4.138672776129976,30.591748577986504,False
lhs_029,original_mpc,299,1495.0,3.952328467342979,0.0,0.6952987734380135,4.1392450312113365,30.532910690578333,False
lhs_029,recovery_mpc,299,1495.0,3.952328467342979,0.0,0.6952987734380135,4.1392450312113365,30.532910690578333,False
lhs_029,original_mpc,300,1500.0,3.952328467342979,0.0,0.6963437506786775,4.139848930874393,30.47441814266069,False
lhs_029,recovery_mpc,300,1500.0,3.952328467342979,0.0,0.6963437506786775,4.139848930874393,30.47441814266069,False
lhs_029,original_mpc,301,1505.0,3.862762648538661,0.08956581880431802,0.6973650471339601,4.138286020690042,30.414374343805093,True
lhs_029,recovery_mpc,301,1505.0,3.862762648538661,0.08956581880431802,0.6973650471339601,4.138286020690042,30.414374343805093,True
lhs_029,original_mpc,302,1510.0,3.862762648538661,0.0,0.6983863435892427,4.138719057810438,30.35464380315327,False
lhs_029,recovery_mpc,302,1510.0,3.862762648538661,0.0,0.6983863435892427,4.138719057810438,30.35464380315327,False
lhs_029,original_mpc,303,1515.0,3.862762648538661,0.0,0.6994076400445253,4.139206761364914,30.295243330964624,False
lhs_029,recovery_mpc,303,1515.0,3.862762648538661,0.0,0.6994076400445253,4.139206761364914,30.295243330964624,False
lhs_029,original_mpc,304,1520.0,3.862762648538661,0.0,0.7004289364998079,4.13973768775913,30.23618569658117,False
lhs_029,recovery_mpc,304,1520.0,3.862762648538661,0.0,0.7004289364998079,4.13973768775913,30.23618569658117,False
lhs_029,original_mpc,305,1525.0,3.862762648538661,0.0,0.7014502329550905,4.140305616518192,30.17748058229946,False
lhs_029,recovery_mpc,305,1525.0,3.862762648538661,0.0,0.7014502329550905,4.140305616518192,30.17748058229946,False
lhs_029,original_mpc,306,1530.0,3.8511923461357886,0.011570302402872379,0.702468470276301,4.140621159322121,30.118893692976577,True
lhs_029,recovery_mpc,306,1530.0,3.8511923461357886,0.011570302402872379,0.702468470276301,4.140621159322121,30.118893692976577,True
lhs_029,original_mpc,307,1535.0,3.8511923461357886,0.0,0.7034867075975115,4.141217342457854,30.060666387111347,False
lhs_029,recovery_mpc,307,1535.0,3.8511923461357886,0.0,0.7034867075975115,4.141217342457854,30.060666387111347,False
lhs_029,original_mpc,308,1540.0,3.8511923461357886,0.0,0.7045049449187221,4.1418397875024295,30.00280440882127,False
lhs_029,recovery_mpc,308,1540.0,3.8511923461357886,0.0,0.7045049449187221,4.1418397875024295,30.00280440882127,False
lhs_029,original_mpc,309,1545.0,3.8511923461357886,0.0,0.7055231822399326,4.142484181588482,29.945312026936143,False
lhs_029,recovery_mpc,309,1545.0,3.8511923461357886,0.0,0.7055231822399326,4.142484181588482,29.945312026936143,False
lhs_029,original_mpc,310,1550.0,3.8511923461357886,0.0,0.7065414195611431,4.14314717963169,29.88819237098603,False
lhs_029,recovery_mpc,310,1550.0,3.8511923461357886,0.0,0.7065414195611431,4.14314717963169,29.88819237098603,False
lhs_029,original_mpc,311,1555.0,3.774118170968068,0.07707417516772086,0.7075392788293758,4.14194012703243,29.82986108177897,True
lhs_029,recovery_mpc,311,1555.0,3.774118170968068,0.07707417516772086,0.7075392788293758,4.14194012703243,29.82986108177897,True
lhs_029,original_mpc,312,1560.0,3.774118170968068,0.0,0.7085371380976085,4.142446761343608,29.771868415467736,False
lhs_029,recovery_mpc,312,1560.0,3.774118170968068,0.0,0.7085371380976085,4.142446761343608,29.771868415467736,False
lhs_029,original_mpc,313,1565.0,3.774118170968068,0.0,0.7095349973658412,4.142998178288205,29.714226195465994,False
lhs_029,recovery_mpc,313,1565.0,3.774118170968068,0.0,0.7095349973658412,4.142998178288205,29.714226195465994,False
lhs_029,original_mpc,314,1570.0,3.774118170968068,0.0,0.710532856634074,4.143585505396975,29.656943249999237,False
lhs_029,recovery_mpc,314,1570.0,3.774118170968068,0.0,0.710532856634074,4.143585505396975,29.656943249999237,False
lhs_029,original_mpc,315,1575.0,3.774118170968068,0.0,0.7115307159023067,4.144201941145294,29.600026119031323,False
lhs_029,recovery_mpc,315,1575.0,3.774118170968068,0.0,0.7115307159023067,4.144201941145294,29.600026119031323,False
lhs_029,original_mpc,316,1580.0,3.459882897545741,0.3142352734223266,0.7124454928276488,4.137153233011127,29.537271903175704,True
lhs_029,recovery_mpc,316,1580.0,3.459882897545741,0.3142352734223266,0.7124454928276488,4.137153233011127,29.537271903175704,True
lhs_029,original_mpc,317,1585.0,3.459882897545741,0.0,0.7133602697529909,4.137054286421402,29.47475322356871,False
lhs_029,recovery_mpc,317,1585.0,3.459882897545741,0.0,0.7133602697529909,4.137054286421402,29.47475322356871,False
lhs_029,original_mpc,318,1590.0,3.459882897545741,0.0,0.7142750466783331,4.137104376004488,29.412512702478107,False
lhs_029,recovery_mpc,318,1590.0,3.459882897545741,0.0,0.7142750466783331,4.137104376004488,29.412512702478107,False
lhs_029,original_mpc,319,1595.0,3.459882897545741,0.0,0.7151898236036752,4.137270169571858,29.350582596819613,False
lhs_029,recovery_mpc,319,1595.0,3.459882897545741,0.0,0.7151898236036752,4.137270169571858,29.350582596819613,False
lhs_029,original_mpc,320,1600.0,3.459882897545741,0.0,0.7161046005290174,4.137526286770243,29.288987287598072,False
lhs_029,recovery_mpc,320,1600.0,3.459882897545741,0.0,0.7161046005290174,4.137526286770243,29.288987287598072,False
lhs_029,original_mpc,321,1605.0,3.4899303144760045,0.03004741693026336,0.7170273218514642,4.138588571265097,29.228314843210498,True
lhs_029,recovery_mpc,321,1605.0,3.4899303144760045,0.03004741693026336,0.7170273218514642,4.138588571265097,29.228314843210498,True
lhs_029,original_mpc,322,1610.0,3.4899303144760045,0.0,0.7179500431739111,4.139044430724239,29.168022527719412,False
lhs_029,recovery_mpc,322,1610.0,3.4899303144760045,0.0,0.7179500431739111,4.139044430724239,29.168022527719412,False
lhs_029,original_mpc,323,1615.0,3.4899303144760045,0.0,0.718872764496358,4.1395325753236465,29.10811685749398,False
lhs_029,recovery_mpc,323,1615.0,3.4899303144760045,0.0,0.718872764496358,4.1395325753236465,29.10811685749398,False
lhs_029,original_mpc,324,1620.0,3.4899303144760045,0.0,0.7197954858188048,4.140047320831936,29.048602587530258,False
lhs_029,recovery_mpc,324,1620.0,3.4899303144760045,0.0,0.7197954858188048,4.140047320831936,29.048602587530258,False
lhs_029,original_mpc,325,1625.0,3.4899303144760045,0.0,0.7207182071412517,4.140584280656047,28.989483117449282,False
lhs_029,recovery_mpc,325,1625.0,3.4899303144760045,0.0,0.7207182071412517,4.140584280656047,28.989483117449282,False
lhs_029,original_mpc,326,1630.0,3.2445483845003484,0.2453819299756561,0.7215760506241633,4.135136506284474,28.926236533136553,True
lhs_029,recovery_mpc,326,1630.0,3.2445483845003484,0.2453819299756561,0.7215760506241633,4.135136506284474,28.926236533136553,True
lhs_029,original_mpc,327,1635.0,3.2445483845003484,0.0,0.7224338941070749,4.1351163625524645,28.863287469249958,False
lhs_029,recovery_mpc,327,1635.0,3.2445483845003484,0.0,0.7224338941070749,4.1351163625524645,28.863287469249958,False
lhs_029,original_mpc,328,1640.0,3.2445483845003484,0.0,0.7232917375899865,4.1352136197228395,28.800666331940533,False
lhs_029,recovery_mpc,328,1640.0,3.2445483845003484,0.0,0.7232917375899865,4.1352136197228395,28.800666331940533,False
lhs_029,original_mpc,329,1645.0,3.2445483845003484,0.0,0.7241495810728982,4.135402506418681,28.738396018927183,False
lhs_029,recovery_mpc,329,1645.0,3.2445483845003484,0.0,0.7241495810728982,4.135402506418681,28.738396018927183,False
lhs_029,original_mpc,330,1650.0,3.2445483845003484,0.0,0.7250074245558098,4.135663382115457,28.676493719510994,False
lhs_029,recovery_mpc,330,1650.0,3.2445483845003484,0.0,0.7250074245558098,4.135663382115457,28.676493719510994,False
lhs_029,original_mpc,331,1655.0,3.272610206936032,0.02806182243568367,0.7258726874538887,4.136667787144524,28.61547168805904,True
lhs_029,recovery_mpc,331,1655.0,3.272610206936032,0.02806182243568367,0.7258726874538887,4.136667787144524,28.61547168805904,True
lhs_029,original_mpc,332,1660.0,3.272610206936032,0.0,0.7267379503519675,4.137098889665944,28.554851565528736,False
lhs_029,recovery_mpc,332,1660.0,3.272610206936032,0.0,0.7267379503519675,4.137098889665944,28.554851565528736,False
lhs_029,original_mpc,333,1665.0,3.272610206936032,0.0,0.7276032132500464,4.13755496100431,28.49463698943685,False
lhs_029,recovery_mpc,333,1665.0,3.272610206936032,0.0,0.7276032132500464,4.13755496100431,28.49463698943685,False
lhs_029,original_mpc,334,1670.0,3.272610206936032,0.0,0.7284684761481253,4.138032031837957,28.434830452811443,False
lhs_029,recovery_mpc,334,1670.0,3.272610206936032,0.0,0.7284684761481253,4.138032031837957,28.434830452811443,False
lhs_029,original_mpc,335,1675.0,3.272610206936032,0.0,0.7293337390462041,4.138527019208209,28.375433563940327,False
lhs_029,recovery_mpc,335,1675.0,3.272610206936032,0.0,0.7293337390462041,4.138527019208209,28.375433563940327,False
lhs_029,original_mpc,336,1680.0,3.2417215379337656,0.0308886690022665,0.7301908351240483,4.138281873261803,28.31590203030351,True
lhs_029,recovery_mpc,336,1680.0,3.2417215379337656,0.0308886690022665,0.7301908351240483,4.138281873261803,28.31590203030351,True
lhs_029,original_mpc,337,1685.0,3.2417215379337656,0.0,0.7310479312018924,4.138731536232758,28.256768489325296,False
lhs_029,recovery_mpc,337,1685.0,3.2417215379337656,0.0,0.7310479312018924,4.138731536232758,28.256768489325296,False
lhs_029,original_mpc,338,1690.0,3.2417215379337656,0.0,0.7319050272797365,4.139206316002621,28.198036626084136,False
lhs_029,recovery_mpc,338,1690.0,3.2417215379337656,0.0,0.7319050272797365,4.139206316002621,28.198036626084136,False
lhs_029,original_mpc,339,1695.0,3.2417215379337656,0.0,0.7327621233575806,4.139701972540416,28.13970891131693,False
lhs_029,recovery_mpc,339,1695.0,3.2417215379337656,0.0,0.7327621233575806,4.139701972540416,28.13970891131693,False
lhs_029,original_mpc,340,1700.0,3.2417215379337656,0.0,0.7336192194354247,4.140215224884195,28.081786882436965,False
lhs_029,recovery_mpc,340,1700.0,3.2417215379337656,0.0,0.7336192194354247,4.140215224884195,28.081786882436965,False
lhs_029,original_mpc,341,1705.0,2.9488098810519974,0.29291165688176823,0.7343988710352869,4.133578312165022,28.019301536466696,True
lhs_029,recovery_mpc,341,1705.0,2.9488098810519974,0.29291165688176823,0.7343988710352869,4.133578312165022,28.019301536466696,True
lhs_029,original_mpc,342,1710.0,2.9488098810519974,0.0,0.735178522635149,4.133414087948659,27.957113306603027,False
lhs_029,recovery_mpc,342,1710.0,2.9488098810519974,0.0,0.735178522635149,4.133414087948659,27.957113306603027,False
lhs_029,original_mpc,343,1715.0,2.9488098810519974,0.0,0.7359581742350112,4.133384653914396,27.89525404379188,False
lhs_029,recovery_mpc,343,1715.0,2.9488098810519974,0.0,0.7359581742350112,4.133384653914396,27.89525404379188,False
lhs_029,original_mpc,344,1720.0,2.9488098810519974,0.0,0.7367378258348733,4.133459956006074,27.83374764071784,False
lhs_029,recovery_mpc,344,1720.0,2.9488098810519974,0.0,0.7367378258348733,4.133459956006074,27.83374764071784,False
lhs_029,original_mpc,345,1725.0,2.9488098810519974,0.0,0.7375174774347355,4.1336171080643025,27.772611944794114,False
lhs_029,recovery_mpc,345,1725.0,2.9488098810519974,0.0,0.7375174774347355,4.1336171080643025,27.772611944794114,False
lhs_029,original_mpc,346,1730.0,2.916298232819716,0.03251164823228159,0.7382885331062127,4.1330434056826,27.711335858144555,True
lhs_029,recovery_mpc,346,1730.0,2.916298232819716,0.03251164823228159,0.7382885331062127,4.1330434056826,27.711335858144555,True
lhs_029,original_mpc,347,1735.0,2.916298232819716,0.0,0.7390595887776898,4.1332377794622115,27.650441768025054,False
lhs_029,recovery_mpc,347,1735.0,2.916298232819716,0.0,0.7390595887776898,4.1332377794622115,27.650441768025054,False
lhs_029,original_mpc,348,1740.0,2.916298232819716,0.0,0.739830644449167,4.133486753455096,27.58994016792893,False
lhs_029,recovery_mpc,348,1740.0,2.916298232819716,0.0,0.739830644449167,4.133486753455096,27.58994016792893,False
lhs_029,original_mpc,349,1745.0,2.916298232819716,0.0,0.7406017001206442,4.133779335647735,27.529838691053506,False
lhs_029,recovery_mpc,349,1745.0,2.916298232819716,0.0,0.7406017001206442,4.133779335647735,27.529838691053506,False
lhs_029,original_mpc,350,1750.0,2.916298232819716,0.0,0.7413727557921214,4.1341071121011,27.470142787744454,False
lhs_029,recovery_mpc,350,1750.0,2.916298232819716,0.0,0.7413727557921214,4.1341071121011,27.470142787744454,False
lhs_029,original_mpc,351,1755.0,2.8942695709136403,0.022028661906075442,0.7421379871879786,4.133924817543831,27.410506948019645,True
lhs_029,recovery_mpc,351,1755.0,2.8942695709136403,0.022028661906075442,0.7421379871879786,4.133924817543831,27.410506948019645,True
lhs_029,original_mpc,352,1760.0,2.8942695709136403,0.0,0.7429032185838359,4.134252096281959,27.351274860957606,False
lhs_029,recovery_mpc,352,1760.0,2.8942695709136403,0.0,0.7429032185838359,4.134252096281959,27.351274860957606,False
lhs_029,original_mpc,353,1765.0,2.8942695709136403,0.0,0.7436684499796932,4.134608583592918,27.29245039486829,False
lhs_029,recovery_mpc,353,1765.0,2.8942695709136403,0.0,0.7436684499796932,4.134608583592918,27.29245039486829,False
lhs_029,original_mpc,354,1770.0,2.8942695709136403,0.0,0.7444336813755504,4.134989137507672,27.23403610285871,False
lhs_029,recovery_mpc,354,1770.0,2.8942695709136403,0.0,0.7444336813755504,4.134989137507672,27.23403610285871,False
lhs_029,original_mpc,355,1775.0,2.8942695709136403,0.0,0.7451989127714077,4.135389791430417,27.176033529659037,False
lhs_029,recovery_mpc,355,1775.0,2.8942695709136403,0.0,0.7451989127714077,4.135389791430417,27.176033529659037,False
lhs_029,original_mpc,356,1780.0,2.6587726063720485,0.23549696454159186,0.745901879866556,4.130047634945528,27.114845269984983,True
lhs_029,recovery_mpc,356,1780.0,2.6587726063720485,0.23549696454159186,0.745901879866556,4.130047634945528,27.114845269984983,True
lhs_029,original_mpc,357,1785.0,2.6587726063720485,0.0,0.7466048469617043,4.129913564810396,27.053990836320796,False
lhs_029,recovery_mpc,357,1785.0,2.6587726063720485,0.0,0.7466048469617043,4.129913564810396,27.053990836320796,False
lhs_029,original_mpc,358,1790.0,2.6587726063720485,0.0,0.7473078140568525,4.12989138693453,26.99349310172665,False
lhs_029,recovery_mpc,358,1790.0,2.6587726063720485,0.0,0.7473078140568525,4.12989138693453,26.99349310172665,False
lhs_029,original_mpc,359,1795.0,2.6587726063720485,0.0,0.7480107811520008,4.129956462835352,26.9333690638859,False
lhs_029,recovery_mpc,359,1795.0,2.6587726063720485,0.0,0.7480107811520008,4.129956462835352,26.9333690638859,False
lhs_029,original_mpc,360,1800.0,2.6587726063720485,0.0,0.7487137482471491,4.130090019824949,26.87363125642471,False
lhs_029,recovery_mpc,360,1800.0,2.6587726063720485,0.0,0.7487137482471491,4.130090019824949,26.87363125642471,False
lhs_029,original_mpc,361,1805.0,2.904826324731584,0.2460537183595357,0.7494817707995527,4.1362954856535215,26.817991375675977,True
lhs_029,recovery_mpc,361,1805.0,2.904826324731584,0.2460537183595357,0.7494817707995527,4.1362954856535215,26.817991375675977,True
lhs_029,original_mpc,362,1810.0,2.904826324731584,0.0,0.7502497933519563,4.137117911934066,26.762844430624828,False
lhs_029,recovery_mpc,362,1810.0,2.904826324731584,0.0,0.7502497933519563,4.137117911934066,26.762844430624828,False
lhs_029,original_mpc,363,1815.0,2.904826324731584,0.0,0.7510178159043599,4.137871613241319,26.708168975332462,False
lhs_029,recovery_mpc,363,1815.0,2.904826324731584,0.0,0.7510178159043599,4.137871613241319,26.708168975332462,False
lhs_029,original_mpc,364,1820.0,2.904826324731584,0.0,0.7517858384567635,4.138574366079716,26.653948240789656,False
lhs_029,recovery_mpc,364,1820.0,2.904826324731584,0.0,0.7517858384567635,4.138574366079716,26.653948240789656,False
lhs_029,original_mpc,365,1825.0,2.904826324731584,0.0,0.7525538610091671,4.13923961512545,26.60016899434921,False
lhs_029,recovery_mpc,365,1825.0,2.904826324731584,0.0,0.7525538610091671,4.13923961512545,26.60016899434921,False
lhs_029,original_mpc,366,1830.0,2.7356718677644105,0.16915445696717368,0.7532771599109055,4.135740720886792,26.544251682317537,True
lhs_029,recovery_mpc,366,1830.0,2.7356718677644105,0.16915445696717368,0.7532771599109055,4.135740720886792,26.544251682317537,True
lhs_029,original_mpc,367,1835.0,2.7356718677644105,0.0,0.7540004588126439,4.1359525423342935,26.488695025523036,False
lhs_029,recovery_mpc,367,1835.0,2.7356718677644105,0.0,0.7540004588126439,4.1359525423342935,26.488695025523036,False
lhs_029,original_mpc,368,1840.0,2.7356718677644105,0.0,0.7547237577143823,4.136221673541738,26.433509572530365,False
lhs_029,recovery_mpc,368,1840.0,2.7356718677644105,0.0,0.7547237577143823,4.136221673541738,26.433509572530365,False
lhs_029,original_mpc,369,1845.0,2.7356718677644105,0.0,0.7554470566161207,4.136535826294362,26.37870286704853,False
lhs_029,recovery_mpc,369,1845.0,2.7356718677644105,0.0,0.7554470566161207,4.136535826294362,26.37870286704853,False
lhs_029,original_mpc,370,1850.0,2.7356718677644105,0.0,0.756170355517859,4.13688562374054,26.324280170424775,False
lhs_029,recovery_mpc,370,1850.0,2.7356718677644105,0.0,0.756170355517859,4.13688562374054,26.324280170424775,False
lhs_029,original_mpc,371,1855.0,2.871432875522248,0.1357610077578375,0.756929548997806,4.1405838699230575,26.272278902912845,True
lhs_029,recovery_mpc,371,1855.0,2.871432875522248,0.1357610077578375,0.756929548997806,4.1405838699230575,26.272278902912845,True
lhs_029,original_mpc,372,1860.0,2.871432875522248,0.0,0.7576887424777529,4.141311146212239,26.220718549014734,False
lhs_029,recovery_mpc,372,1860.0,2.871432875522248,0.0,0.7576887424777529,4.141311146212239,26.220718549014734,False
lhs_029,original_mpc,373,1865.0,2.871432875522248,0.0,0.7584479359576998,4.142000051157162,26.16958591443465,False
lhs_029,recovery_mpc,373,1865.0,2.871432875522248,0.0,0.7584479359576998,4.142000051157162,26.16958591443465,False
lhs_029,original_mpc,374,1870.0,2.871432875522248,0.0,0.7592071294376467,4.142660692782157,26.118870444269483,False
lhs_029,recovery_mpc,374,1870.0,2.871432875522248,0.0,0.7592071294376467,4.142660692782157,26.118870444269483,False
lhs_029,original_mpc,375,1875.0,2.871432875522248,0.0,0.7599663229175936,4.1433007081361515,26.068563579963698,False
lhs_029,recovery_mpc,375,1875.0,2.871432875522248,0.0,0.7599663229175936,4.1433007081361515,26.068563579963698,False
lhs_029,original_mpc,376,1880.0,2.7399280483132067,0.13150482720904133,0.7606907471336479,4.140710144009372,26.016688353643097,True
lhs_029,recovery_mpc,376,1880.0,2.7399280483132067,0.13150482720904133,0.7606907471336479,4.140710144009372,26.016688353643097,True
lhs_029,original_mpc,377,1885.0,2.7399280483132067,0.0,0.7614151713497023,4.141009158551672,25.965160378766175,False
lhs_029,recovery_mpc,377,1885.0,2.7399280483132067,0.0,0.7614151713497023,4.141009158551672,25.965160378766175,False
lhs_029,original_mpc,378,1890.0,2.7399280483132067,0.0,0.7621395955657566,4.141356277221184,25.913988205316528,False
lhs_029,recovery_mpc,378,1890.0,2.7399280483132067,0.0,0.7621395955657566,4.141356277221184,25.913988205316528,False
lhs_029,original_mpc,379,1895.0,2.7399280483132067,0.0,0.762864019781811,4.141741016854704,25.86317781954884,False
lhs_029,recovery_mpc,379,1895.0,2.7399280483132067,0.0,0.762864019781811,4.141741016854704,25.86317781954884,False
lhs_029,original_mpc,380,1900.0,2.7399280483132067,0.0,0.7635884439978653,4.14215538303517,25.81273326194813,False
lhs_029,recovery_mpc,380,1900.0,2.7399280483132067,0.0,0.7635884439978653,4.14215538303517,25.81273326194813,False
lhs_029,original_mpc,381,1905.0,2.5535641332468724,0.18636391506633432,0.764263594462678,4.1380363033811065,25.759988812033583,True
lhs_029,recovery_mpc,381,1905.0,2.5535641332468724,0.18636391506633432,0.764263594462678,4.1380363033811065,25.759988812033583,True
lhs_029,original_mpc,382,1910.0,2.5535641332468724,0.0,0.7649387449274907,4.138045987339923,25.70755279151112,False
lhs_029,recovery_mpc,382,1910.0,2.5535641332468724,0.0,0.7649387449274907,4.138045987339923,25.70755279151112,False
lhs_029,original_mpc,383,1915.0,2.5535641332468724,0.0,0.7656138953923034,4.138149391835405,25.655443340876914,False
lhs_029,recovery_mpc,383,1915.0,2.5535641332468724,0.0,0.7656138953923034,4.138149391835405,25.655443340876914,False
lhs_029,original_mpc,384,1920.0,2.5535641332468724,0.0,0.7662890458571161,4.138325438024099,25.60367377724291,False
lhs_029,recovery_mpc,384,1920.0,2.5535641332468724,0.0,0.7662890458571161,4.138325438024099,25.60367377724291,False
lhs_029,original_mpc,385,1925.0,2.5535641332468724,0.0,0.7669641963219288,4.138558079984189,25.552253756519036,False
lhs_029,recovery_mpc,385,1925.0,2.5535641332468724,0.0,0.7669641963219288,4.138558079984189,25.552253756519036,False
lhs_029,original_mpc,386,1930.0,2.306623224336499,0.24694090891037357,0.7675740567604361,4.132797181529037,25.49788418784757,True
lhs_029,recovery_mpc,386,1930.0,2.306623224336499,0.24694090891037357,0.7675740567604361,4.132797181529037,25.49788418784757,True
lhs_029,original_mpc,387,1935.0,2.306623224336499,0.0,0.7681839171989434,4.1325171443464175,25.443805564615975,False
lhs_029,recovery_mpc,387,1935.0,2.306623224336499,0.0,0.7681839171989434,4.1325171443464175,25.443805564615975,False
lhs_029,original_mpc,388,1940.0,2.306623224336499,0.0,0.7687937776374507,4.132368967914554,25.390041728630095,False
lhs_029,recovery_mpc,388,1940.0,2.306623224336499,0.0,0.7687937776374507,4.132368967914554,25.390041728630095,False
lhs_029,original_mpc,389,1945.0,2.306623224336499,0.0,0.769403638075958,4.132322917190171,25.3366103689998,False
lhs_029,recovery_mpc,389,1945.0,2.306623224336499,0.0,0.769403638075958,4.132322917190171,25.3366103689998,False
lhs_029,original_mpc,390,1950.0,2.306623224336499,0.0,0.7700134985144653,4.1323563622600386,25.28352450398164,False
lhs_029,recovery_mpc,390,1950.0,2.306623224336499,0.0,0.7700134985144653,4.1323563622600386,25.28352450398164,False
lhs_029,original_mpc,391,1955.0,2.3991011176390122,0.09247789330251344,0.7706478096772897,4.1347131298508435,25.231983519761332,True
lhs_029,recovery_mpc,391,1955.0,2.3991011176390122,0.09247789330251344,0.7706478096772897,4.1347131298508435,25.231983519761332,True
lhs_029,original_mpc,392,1960.0,2.3991011176390122,0.0,0.7712821208401142,4.135079589180298,25.180831738565107,False
lhs_029,recovery_mpc,392,1960.0,2.3991011176390122,0.0,0.7712821208401142,4.135079589180298,25.180831738565107,False
lhs_029,original_mpc,393,1965.0,2.3991011176390122,0.0,0.7719164320029386,4.135446207039736,25.130065878657888,False
lhs_029,recovery_mpc,393,1965.0,2.3991011176390122,0.0,0.7719164320029386,4.135446207039736,25.130065878657888,False
lhs_029,original_mpc,394,1970.0,2.3991011176390122,0.0,0.772550743165763,4.135814403801369,25.07968299048892,False
lhs_029,recovery_mpc,394,1970.0,2.3991011176390122,0.0,0.772550743165763,4.135814403801369,25.07968299048892,False
lhs_029,original_mpc,395,1975.0,2.3991011176390122,0.0,0.7731850543285874,4.136185207562542,25.029680369118896,False
lhs_029,recovery_mpc,395,1975.0,2.3991011176390122,0.0,0.7731850543285874,4.136185207562542,25.029680369118896,False
lhs_029,original_mpc,396,1980.0,2.2891408792591204,0.10996023837989188,0.773790292516472,4.133870969983534,24.978652617352395,True
lhs_029,recovery_mpc,396,1980.0,2.2891408792591204,0.10996023837989188,0.773790292516472,4.133870969983534,24.978652617352395,True
lhs_029,original_mpc,397,1985.0,2.2891408792591204,0.0,0.7743955307043566,4.133985544905011,24.92796769867304,False
lhs_029,recovery_mpc,397,1985.0,2.2891408792591204,0.0,0.7743955307043566,4.133985544905011,24.92796769867304,False
lhs_029,original_mpc,398,1990.0,2.2891408792591204,0.0,0.7750007688922412,4.134150590431313,24.877632702590784,False
lhs_029,recovery_mpc,398,1990.0,2.2891408792591204,0.0,0.7750007688922412,4.134150590431313,24.877632702590784,False
lhs_029,original_mpc,399,1995.0,2.2891408792591204,0.0,0.7756060070801258,4.134355508046213,24.827652556195616,False
lhs_029,recovery_mpc,399,1995.0,2.2891408792591204,0.0,0.7756060070801258,4.134355508046213,24.827652556195616,False
lhs_029,original_mpc,400,2000.0,2.2891408792591204,0.0,0.7762112452680104,4.134592203193349,24.778030543005308,False
lhs_029,recovery_mpc,400,2000.0,2.2891408792591204,0.0,0.7762112452680104,4.134592203193349,24.778030543005308,False
lhs_029,original_mpc,401,2005.0,2.407111072255917,0.11797019299679645,0.776847674225533,4.137738569493031,24.73025878908584,True
lhs_029,recovery_mpc,401,2005.0,2.407111072255917,0.11797019299679645,0.776847674225533,4.137738569493031,24.73025878908584,True
lhs_029,original_mpc,402,2010.0,2.407111072255917,0.0,0.7774841031830556,4.138304162183727,24.68288516228528,False
lhs_029,recovery_mpc,402,2010.0,2.407111072255917,0.0,0.7774841031830556,4.138304162183727,24.68288516228528,False
lhs_029,original_mpc,403,2015.0,2.407111072255917,0.0,0.7781205321405782,4.138837285897665,24.635899551164915,False
lhs_029,recovery_mpc,403,2015.0,2.407111072255917,0.0,0.7781205321405782,4.138837285897665,24.635899551164915,False
lhs_029,original_mpc,404,2020.0,2.407111072255917,0.0,0.7787569610981008,4.139346724778973,24.589293771899165,False
lhs_029,recovery_mpc,404,2020.0,2.407111072255917,0.0,0.7787569610981008,4.139346724778973,24.589293771899165,False
lhs_029,original_mpc,405,2025.0,2.407111072255917,0.0,0.7793933900556234,4.139839109903287,24.54306109853527,False
lhs_029,recovery_mpc,405,2025.0,2.407111072255917,0.0,0.7793933900556234,4.139839109903287,24.54306109853527,False
lhs_029,original_mpc,406,2030.0,2.453861245621382,0.046750173365465386,0.7800421795412669,4.141462315427855,24.49779876919094,True
lhs_029,recovery_mpc,406,2030.0,2.453861245621382,0.046750173365465386,0.7800421795412669,4.141462315427855,24.49779876919094,True
lhs_029,original_mpc,407,2035.0,2.453861245621382,0.0,0.7806909690269104,4.14204623898005,24.452914675327442,False
lhs_029,recovery_mpc,407,2035.0,2.453861245621382,0.0,0.7806909690269104,4.14204623898005,24.452914675327442,False
lhs_029,original_mpc,408,2040.0,2.453861245621382,0.0,0.7813397585125539,4.142605012731301,24.408400343082167,False
lhs_029,recovery_mpc,408,2040.0,2.453861245621382,0.0,0.7813397585125539,4.142605012731301,24.408400343082167,False
lhs_029,original_mpc,409,2045.0,2.453861245621382,0.0,0.7819885479981974,4.143145345903752,24.3642488029502,False
lhs_029,recovery_mpc,409,2045.0,2.453861245621382,0.0,0.7819885479981974,4.143145345903752,24.3642488029502,False
lhs_029,original_mpc,410,2050.0,2.453861245621382,0.0,0.7826373374838409,4.143672304658663,24.320454225681715,False
lhs_029,recovery_mpc,410,2050.0,2.453861245621382,0.0,0.7826373374838409,4.143672304658663,24.320454225681715,False
lhs_029,original_mpc,411,2055.0,2.3622451124187656,0.09161613320261663,0.7832619040905245,4.141950126452511,24.27583827397661,True
lhs_029,recovery_mpc,411,2055.0,2.3622451124187656,0.09161613320261663,0.7832619040905245,4.141950126452511,24.27583827397661,True
lhs_029,original_mpc,412,2060.0,2.3622451124187656,0.0,0.7838864706972082,4.142241691767208,24.231540826061526,False
lhs_029,recovery_mpc,412,2060.0,2.3622451124187656,0.0,0.7838864706972082,4.142241691767208,24.231540826061526,False
lhs_029,original_mpc,413,2065.0,2.3622451124187656,0.0,0.7845110373038918,4.142567300923968,24.18756621916674,False
lhs_029,recovery_mpc,413,2065.0,2.3622451124187656,0.0,0.7845110373038918,4.142567300923968,24.18756621916674,False
lhs_029,original_mpc,414,2070.0,2.3622451124187656,0.0,0.7851356039105755,4.142919561469379,24.143917239196703,False
lhs_029,recovery_mpc,414,2070.0,2.3622451124187656,0.0,0.7851356039105755,4.142919561469379,24.143917239196703,False
lhs_029,original_mpc,415,2075.0,2.3622451124187656,0.0,0.7857601705172591,4.14329283468373,24.10059549604484,False
lhs_029,recovery_mpc,415,2075.0,2.3622451124187656,0.0,0.7857601705172591,4.14329283468373,24.10059549604484,False
lhs_029,original_mpc,416,2080.0,2.11226986370881,0.24997524870995536,0.7863186448323254,4.137572373502413,24.054567707620404,True
lhs_029,recovery_mpc,416,2080.0,2.11226986370881,0.24997524870995536,0.7863186448323254,4.137572373502413,24.054567707620404,True
lhs_029,original_mpc,417,2085.0,2.11226986370881,0.0,0.7868771191473917,4.137378049817258,24.008799997239716,False
lhs_029,recovery_mpc,417,2085.0,2.11226986370881,0.0,0.7868771191473917,4.137378049817258,24.008799997239716,False
lhs_029,original_mpc,418,2090.0,2.11226986370881,0.0,0.787435593462458,4.1372998190105,23.96331141286056,False
lhs_029,recovery_mpc,418,2090.0,2.11226986370881,0.0,0.787435593462458,4.1372998190105,23.96331141286056,False
lhs_029,original_mpc,419,2095.0,2.11226986370881,0.0,0.7879940677775242,4.137311154356018,23.91811597756832,False
lhs_029,recovery_mpc,419,2095.0,2.11226986370881,0.0,0.7879940677775242,4.137311154356018,23.91811597756832,False
lhs_029,original_mpc,420,2100.0,2.11226986370881,0.0,0.7885525420925905,4.137391879312792,23.873223903123318,False
lhs_029,recovery_mpc,420,2100.0,2.11226986370881,0.0,0.7885525420925905,4.137391879312792,23.873223903123318,False
lhs_029,original_mpc,421,2105.0,2.177370878344247,0.06510101463543672,0.7891282288127491,4.139117912703265,23.82939848330945,True
lhs_029,recovery_mpc,421,2105.0,2.177370878344247,0.06510101463543672,0.7891282288127491,4.139117912703265,23.82939848330945,True
lhs_029,original_mpc,422,2110.0,2.177370878344247,0.0,0.7897039155329078,4.139450602670116,23.785906720721243,False
lhs_029,recovery_mpc,422,2110.0,2.177370878344247,0.0,0.7897039155329078,4.139450602670116,23.785906720721243,False
lhs_029,original_mpc,423,2115.0,2.177370878344247,0.0,0.7902796022530664,4.139789306878588,23.742746940782567,False
lhs_029,recovery_mpc,423,2115.0,2.177370878344247,0.0,0.7902796022530664,4.139789306878588,23.742746940782567,False
lhs_029,original_mpc,424,2120.0,2.177370878344247,0.0,0.790855288973225,4.1401336149308605,23.699917411149617,False
lhs_029,recovery_mpc,424,2120.0,2.177370878344247,0.0,0.790855288973225,4.1401336149308605,23.699917411149617,False
lhs_029,original_mpc,425,2125.0,2.177370878344247,0.0,0.7914309756933836,4.140483179482439,23.657416352132337,False
lhs_029,recovery_mpc,425,2125.0,2.177370878344247,0.0,0.7914309756933836,4.140483179482439,23.657416352132337,False
lhs_029,original_mpc,426,2130.0,1.6723099640451067,0.5050609142991402,0.7918731266598841,4.128492927351911,23.609789766470772,True
lhs_029,recovery_mpc,426,2130.0,1.6723099640451067,0.5050609142991402,0.7918731266598841,4.128492927351911,23.609789766470772,True
lhs_029,original_mpc,427,2135.0,1.6723099640451067,0.0,0.7923152776263845,4.127645501326858,23.562385279946266,False
lhs_029,recovery_mpc,427,2135.0,1.6723099640451067,0.0,0.7923152776263845,4.127645501326858,23.562385279946266,False
lhs_029,original_mpc,428,2140.0,1.6723099640451067,0.0,0.792757428592885,4.127015088017554,23.51523239451111,False
lhs_029,recovery_mpc,428,2140.0,1.6723099640451067,0.0,0.792757428592885,4.127015088017554,23.51523239451111,False
lhs_029,original_mpc,429,2145.0,1.6723099640451067,0.0,0.7931995795593855,4.126551813389626,23.46835311930712,False
lhs_029,recovery_mpc,429,2145.0,1.6723099640451067,0.0,0.7931995795593855,4.126551813389626,23.46835311930712,False
lhs_029,original_mpc,430,2150.0,1.6723099640451067,0.0,0.7936417305258859,4.126217756281825,23.42176378155234,False
lhs_029,recovery_mpc,430,2150.0,1.6723099640451067,0.0,0.7936417305258859,4.126217756281825,23.42176378155234,False
lhs_029,original_mpc,431,2155.0,2.2661318874987124,0.5938219234536057,0.7942408852435026,4.140497869152464,23.38175831745358,True
lhs_029,recovery_mpc,431,2155.0,2.2661318874987124,0.5938219234536057,0.7942408852435026,4.140497869152464,23.38175831745358,True
lhs_029,original_mpc,432,2160.0,2.2661318874987124,0.0,0.7948400399611192,4.141760801918868,23.342230334988407,False
lhs_029,recovery_mpc,432,2160.0,2.2661318874987124,0.0,0.7948400399611192,4.141760801918868,23.342230334988407,False
lhs_029,original_mpc,433,2165.0,2.2661318874987124,0.0,0.7954391946787358,4.142835497292246,23.303138881017794,False
lhs_029,recovery_mpc,433,2165.0,2.2661318874987124,0.0,0.7954391946787358,4.142835497292246,23.303138881017794,False
lhs_029,original_mpc,434,2170.0,2.2661318874987124,0.0,0.7960383493963524,4.143767582494553,23.26445233599368,False
lhs_029,recovery_mpc,434,2170.0,2.2661318874987124,0.0,0.7960383493963524,4.143767582494553,23.26445233599368,False
lhs_029,original_mpc,435,2175.0,2.2661318874987124,0.0,0.796637504113969,4.14459166652014,23.226146153303684,False
lhs_029,recovery_mpc,435,2175.0,2.2661318874987124,0.0,0.796637504113969,4.14459166652014,23.226146153303684,False
lhs_029,original_mpc,436,2180.0,1.7781852217895828,0.4879466657091296,0.7971076480055531,4.133408469445372,23.182856599542163,True
lhs_029,recovery_mpc,436,2180.0,1.7781852217895828,0.4879466657091296,0.7971076480055531,4.133408469445372,23.182856599542163,True
lhs_029,original_mpc,437,2185.0,1.7781852217895828,0.0,0.7975777918971372,4.1329241450875225,23.139792783234864,False
lhs_029,recovery_mpc,437,2185.0,1.7781852217895828,0.0,0.7975777918971372,4.1329241450875225,23.139792783234864,False
lhs_029,original_mpc,438,2190.0,1.7781852217895828,0.0,0.7980479357887212,4.132598423690276,23.096977215577358,False
lhs_029,recovery_mpc,438,2190.0,1.7781852217895828,0.0,0.7980479357887212,4.132598423690276,23.096977215577358,False
lhs_029,original_mpc,439,2195.0,1.7781852217895828,0.0,0.7985180796803053,4.132394764138998,23.0544265715589,False
lhs_029,recovery_mpc,439,2195.0,1.7781852217895828,0.0,0.7985180796803053,4.132394764138998,23.0544265715589,False
lhs_029,original_mpc,440,2200.0,1.7781852217895828,0.0,0.7989882235718894,4.132285384919206,23.012153103708584,False
lhs_029,recovery_mpc,440,2200.0,1.7781852217895828,0.0,0.7989882235718894,4.132285384919206,23.012153103708584,False
lhs_029,original_mpc,441,2205.0,1.0759023451201508,0.702282876669432,0.7992726871414326,4.115085765887827,22.964091505936995,True
lhs_029,recovery_mpc,441,2205.0,1.0759023451201508,0.702282876669432,0.7992726871414326,4.115085765887827,22.964091505936995,True
lhs_029,original_mpc,442,2210.0,1.0759023451201508,0.0,0.7995571507109759,4.113430613170316,22.9162572470412,False
lhs_029,recovery_mpc,442,2210.0,1.0759023451201508,0.0,0.7995571507109759,4.113430613170316,22.9162572470412,False
lhs_029,original_mpc,443,2215.0,1.0759023451201508,0.0,0.7998416142805191,4.112115739260246,22.868680049568088,False
lhs_029,recovery_mpc,443,2215.0,1.0759023451201508,0.0,0.7998416142805191,4.112115739260246,22.868680049568088,False
lhs_029,original_mpc,444,2220.0,1.0759023451201508,0.0,0.8001260778500624,4.11106273182409,22.82138205600228,False
lhs_029,recovery_mpc,444,2220.0,1.0759023451201508,0.0,0.8001260778500624,4.11106273182409,22.82138205600228,False
lhs_029,original_mpc,445,2225.0,1.0759023451201508,0.0,0.8004105414196057,4.110211980181231,22.77437966290477,False
lhs_029,recovery_mpc,445,2225.0,1.0759023451201508,0.0,0.8004105414196057,4.110211980181231,22.77437966290477,False
lhs_029,original_mpc,446,2230.0,0.8406159036205404,0.23528644149961042,0.8006327963497517,4.103767991830073,22.72616002843569,True
lhs_029,recovery_mpc,446,2230.0,0.8406159036205404,0.23528644149961042,0.8006327963497517,4.103767991830073,22.72616002843569,True
lhs_029,original_mpc,447,2235.0,0.8406159036205404,0.0,0.8008550512798978,4.102635144736319,22.678248920899232,False
lhs_029,recovery_mpc,447,2235.0,0.8406159036205404,0.0,0.8008550512798978,4.102635144736319,22.678248920899232,False
lhs_029,original_mpc,448,2240.0,0.8406159036205404,0.0,0.8010773062100438,4.10169738309228,22.63065786088667,False
lhs_029,recovery_mpc,448,2240.0,0.8406159036205404,0.0,0.8010773062100438,4.10169738309228,22.63065786088667,False
lhs_029,original_mpc,449,2245.0,0.8406159036205404,0.0,0.8012995611401899,4.100911519305744,22.58339512277294,False
lhs_029,recovery_mpc,449,2245.0,0.8406159036205404,0.0,0.8012995611401899,4.100911519305744,22.58339512277294,False
lhs_029,original_mpc,450,2250.0,0.8406159036205404,0.0,0.8015218160703359,4.10024466362192,22.536466516891867,False
lhs_029,recovery_mpc,450,2250.0,0.8406159036205404,0.0,0.8015218160703359,4.10024466362192,22.536466516891867,False
lhs_029,original_mpc,451,2255.0,0.6775326586543009,0.1630832449662395,0.8017009525499961,4.095686226063976,22.488997157493486,True
lhs_029,recovery_mpc,451,2255.0,0.6775326586543009,0.1630832449662395,0.8017009525499961,4.095686226063976,22.488997157493486,True
lhs_029,original_mpc,452,2260.0,0.6775326586543009,0.0,0.8018800890296562,4.094799031462836,22.441864469790925,False
lhs_029,recovery_mpc,452,2260.0,0.6775326586543009,0.0,0.8018800890296562,4.094799031462836,22.441864469790925,False
lhs_029,original_mpc,453,2265.0,0.6775326586543009,0.0,0.8020592255093164,4.0940405980509915,22.395073107670434,False
lhs_029,recovery_mpc,453,2265.0,0.6775326586543009,0.0,0.8020592255093164,4.0940405980509915,22.395073107670434,False
lhs_056,original_mpc,1,5.0,2.0,2.0,0.212032591096855,3.5389627886229733,19.257819901067833,True
lhs_056,recovery_mpc,1,5.0,2.0,2.0,0.212032591096855,3.5389627886229733,19.257819901067833,True
lhs_056,original_mpc,2,10.0,4.000000000000001,2.000000000000001,0.21309472181931494,3.5830765321203515,19.280275382314255,True
lhs_056,recovery_mpc,2,10.0,4.000000000000001,2.000000000000001,0.21309472181931494,3.5830765321203515,19.280275382314255,True
lhs_056,original_mpc,3,15.0,6.0,1.9999999999999991,0.21468791790300484,3.6306920804723086,19.33304006546112,True
lhs_056,recovery_mpc,3,15.0,6.0,1.9999999999999991,0.21468791790300484,3.6306920804723086,19.33304006546112,True
lhs_056,original_mpc,4,20.0,8.000000000000002,2.0000000000000018,0.21681217934792474,3.6812027843459014,19.430232579401043,True
lhs_056,recovery_mpc,4,20.0,8.000000000000002,2.0000000000000018,0.21681217934792474,3.6812027843459014,19.430232579401043,True
lhs_056,original_mpc,5,25.0,9.999999999999998,1.9999999999999964,0.2194675061540746,3.7341438001920193,19.58664278994515,True
lhs_056,recovery_mpc,5,25.0,9.999999999999998,1.9999999999999964,0.2194675061540746,3.7341438001920193,19.58664278994515,True
lhs_056,original_mpc,6,30.0,10.0,1.7763568394002505e-15,0.22212283296022445,3.749392385370167,19.75209149481181,True
lhs_056,recovery_mpc,6,30.0,10.0,1.7763568394002505e-15,0.22212283296022445,3.749392385370167,19.75209149481181,True
lhs_056,original_mpc,7,35.0,10.0,0.0,0.2247781597663743,3.7622065366399977,19.924507328185918,False
lhs_056,recovery_mpc,7,35.0,10.0,0.0,0.2247781597663743,3.7622065366399977,19.924507328185918,False
lhs_056,original_mpc,8,40.0,10.0,0.0,0.22743348657252416,3.7731862170753696,20.10234117169344,False
lhs_056,recovery_mpc,8,40.0,10.0,0.0,0.22743348657252416,3.7731862170753696,20.10234117169344,False
lhs_056,original_mpc,9,45.0,10.0,0.0,0.230088813378674,3.782774766550898,20.284429072316364,False
lhs_056,recovery_mpc,9,45.0,10.0,0.0,0.230088813378674,3.782774766550898,20.284429072316364,False
lhs_056,original_mpc,10,50.0,10.0,0.0,0.23274414018482387,3.7913002302794743,20.46989143967032,False
lhs_056,recovery_mpc,10,50.0,10.0,0.0,0.23274414018482387,3.7913002302794743,20.46989143967032,False
lhs_056,original_mpc,11,55.0,10.0,0.0,0.23539946699097372,3.799005773420508,20.65805883360254,True
lhs_056,recovery_mpc,11,55.0,10.0,0.0,0.23539946699097372,3.799005773420508,20.65805883360254,True
lhs_056,original_mpc,12,60.0,10.0,0.0,0.23805479379712358,3.8060720641727213,20.848417320516035,False
lhs_056,recovery_mpc,12,60.0,10.0,0.0,0.23805479379712358,3.8060720641727213,20.848417320516035,False
lhs_056,original_mpc,13,65.0,10.0,0.0,0.24071012060327343,3.8126337464978133,21.04056823124722,False
lhs_056,recovery_mpc,13,65.0,10.0,0.0,0.24071012060327343,3.8126337464978133,21.04056823124722,False
lhs_056,original_mpc,14,70.0,10.0,0.0,0.24336544740942329,3.818791563410707,21.234198517979177,False
lhs_056,recovery_mpc,14,70.0,10.0,0.0,0.24336544740942329,3.818791563410707,21.234198517979177,False
lhs_056,original_mpc,15,75.0,10.0,0.0,0.24602077421557314,3.8246212795176624,21.429058911912442,False
lhs_056,recovery_mpc,15,75.0,10.0,0.0,0.24602077421557314,3.8246212795176624,21.429058911912442,False
lhs_056,original_mpc,16,80.0,9.999999999999998,1.7763568394002505e-15,0.248676101021723,3.830180248108765,21.624947822428393,True
lhs_056,recovery_mpc,16,80.0,9.999999999999998,1.7763568394002505e-15,0.248676101021723,3.830180248108765,21.624947822428393,True
lhs_056,original_mpc,17,85.0,9.999999999999998,0.0,0.2513314278278729,3.835512244860307,21.821699462314992,False
lhs_056,recovery_mpc,17,85.0,9.999999999999998,0.0,0.2513314278278729,3.835512244860307,21.821699462314992,False
lhs_056,original_mpc,18,90.0,9.999999999999998,0.0,0.25398675463402276,3.8406510259138757,22.019175083829616,False
lhs_056,recovery_mpc,18,90.0,9.999999999999998,0.0,0.25398675463402276,3.8406510259138757,22.019175083829616,False
lhs_056,original_mpc,19,95.0,9.999999999999998,0.0,0.25664208144017264,3.845622947200259,22.21725650488226,False
lhs_056,recovery_mpc,19,95.0,9.999999999999998,0.0,0.25664208144017264,3.845622947200259,22.21725650488226,False
lhs_056,original_mpc,20,100.0,9.999999999999998,0.0,0.2592974082463225,3.8504488929078566,22.41584132134993,False
lhs_056,recovery_mpc,20,100.0,9.999999999999998,0.0,0.2592974082463225,3.8504488929078566,22.41584132134993,False
lhs_056,original_mpc,21,105.0,10.0,1.7763568394002505e-15,0.2619527350524724,3.8551456955240706,22.61483936102209,True
lhs_056,recovery_mpc,21,105.0,10.0,1.7763568394002505e-15,0.2619527350524724,3.8551456955240706,22.61483936102209,True
lhs_056,original_mpc,22,110.0,10.0,0.0,0.2646080618586223,3.859727181698443,22.814170052044908,False
lhs_056,recovery_mpc,22,110.0,10.0,0.0,0.2646080618586223,3.859727181698443,22.814170052044908,False
lhs_056,original_mpc,23,115.0,10.0,0.0,0.2672633886647722,3.8642049427211456,23.01376046510277,False
lhs_056,recovery_mpc,23,115.0,10.0,0.0,0.2672633886647722,3.8642049427211456,23.01376046510277,False
lhs_056,original_mpc,24,120.0,10.0,0.0,0.26991871547092205,3.8685889023193045,23.213543852136322,False
lhs_056,recovery_mpc,24,120.0,10.0,0.0,0.26991871547092205,3.8685889023193045,23.213543852136322,False
lhs_056,original_mpc,25,125.0,10.0,0.0,0.27257404227707194,3.872887735273266,23.413458551170862,False
lhs_056,recovery_mpc,25,125.0,10.0,0.0,0.27257404227707194,3.872887735273266,23.413458551170862,False
lhs_056,original_mpc,26,130.0,10.0,0.0,0.2752293690832218,3.8771091762255887,23.61344716125088,True
lhs_056,recovery_mpc,26,130.0,10.0,0.0,0.2752293690832218,3.8771091762255887,23.61344716125088,True
lhs_056,original_mpc,27,135.0,10.0,0.0,0.2778846958893717,3.881260247657749,23.813455916808213,False
lhs_056,recovery_mpc,27,135.0,10.0,0.0,0.2778846958893717,3.881260247657749,23.813455916808213,False
lhs_056,original_mpc,28,140.0,10.0,0.0,0.2805400226955216,3.8853474283579534,24.013434209433605,False
lhs_056,recovery_mpc,28,140.0,10.0,0.0,0.2805400226955216,3.8853474283579534,24.013434209433605,False
lhs_056,original_mpc,29,145.0,10.0,0.0,0.28319534950167147,3.8893767780726045,24.213334218740698,False
lhs_056,recovery_mpc,29,145.0,10.0,0.0,0.28319534950167147,3.8893767780726045,24.213334218740698,False
lhs_056,original_mpc,30,150.0,10.0,0.0,0.28585067630782135,3.8933540298903075,24.41311062410849,False
lhs_056,recovery_mpc,30,150.0,10.0,0.0,0.28585067630782135,3.8933540298903075,24.41311062410849,False
lhs_056,original_mpc,31,155.0,9.669200697810988,0.3307993021890123,0.28841816508851537,3.890724624186742,24.600699906634524,True
lhs_056,recovery_mpc,31,155.0,9.669200697810988,0.3307993021890123,0.28841816508851537,3.890724624186742,24.600699906634524,True
lhs_056,original_mpc,32,160.0,9.669200697810988,0.0,0.2909856538692094,3.8939247314732386,24.787637333152155,False
lhs_056,recovery_mpc,32,160.0,9.669200697810988,0.0,0.2909856538692094,3.8939247314732386,24.787637333152155,False
lhs_056,original_mpc,33,165.0,9.669200697810988,0.0,0.2935531426499034,3.8972169260258593,24.97399458131106,False
lhs_056,recovery_mpc,33,165.0,9.669200697810988,0.0,0.2935531426499034,3.8972169260258593,24.97399458131106,False
lhs_056,original_mpc,34,170.0,9.669200697810988,0.0,0.2961206314305974,3.9005727242617754,25.159817007302173,False
lhs_056,recovery_mpc,34,170.0,9.669200697810988,0.0,0.2961206314305974,3.9005727242617754,25.159817007302173,False
lhs_056,original_mpc,35,175.0,9.669200697810988,0.0,0.29868812021129143,3.9039722456283017,25.345130951952353,False
lhs_056,recovery_mpc,35,175.0,9.669200697810988,0.0,0.29868812021129143,3.9039722456283017,25.345130951952353,False
lhs_056,original_mpc,36,180.0,9.712678891279065,0.043478193468077464,0.3012671538732454,3.9082598722770387,25.531528509082793,True
lhs_056,recovery_mpc,36,180.0,9.712678891279065,0.043478193468077464,0.3012671538732454,3.9082598722770387,25.531528509082793,True
lhs_056,original_mpc,37,185.0,9.712678891279065,0.0,0.3038461875351993,3.911762208195278,25.71749026803862,False
lhs_056,recovery_mpc,37,185.0,9.712678891279065,0.0,0.3038461875351993,3.911762208195278,25.71749026803862,False
lhs_056,original_mpc,38,190.0,9.712678891279065,0.0,0.30642522119715326,3.9152212862114246,25.90299778376632,False
lhs_056,recovery_mpc,38,190.0,9.712678891279065,0.0,0.30642522119715326,3.9152212862114246,25.90299778376632,False
lhs_056,original_mpc,39,195.0,9.712678891279065,0.0,0.3090042548591072,3.918636246778609,26.088031510596082,False
lhs_056,recovery_mpc,39,195.0,9.712678891279065,0.0,0.3090042548591072,3.918636246778609,26.088031510596082,False
lhs_056,original_mpc,40,200.0,9.712678891279065,0.0,0.31158328852106115,3.9220069040230876,26.272571368042215,False
lhs_056,recovery_mpc,40,200.0,9.712678891279065,0.0,0.31158328852106115,3.9220069040230876,26.272571368042215,False
lhs_056,original_mpc,41,205.0,9.299738364589139,0.4129405266899262,0.3140526729780285,3.917143223246114,26.44163083656541,True
lhs_056,recovery_mpc,41,205.0,9.299738364589139,0.4129405266899262,0.3140526729780285,3.917143223246114,26.44163083656541,True
lhs_056,original_mpc,42,210.0,9.299738364589139,0.0,0.3165220574349959,3.919567049723715,26.609641644243922,False
lhs_056,recovery_mpc,42,210.0,9.299738364589139,0.0,0.3165220574349959,3.919567049723715,26.609641644243922,False
lhs_056,original_mpc,43,215.0,9.299738364589139,0.0,0.31899144189196327,3.9221111044712176,26.776716290318305,False
lhs_056,recovery_mpc,43,215.0,9.299738364589139,0.0,0.31899144189196327,3.9221111044712176,26.776716290318305,False
lhs_056,original_mpc,44,220.0,9.299738364589139,0.0,0.32146082634893064,3.9247349894073946,26.94293405721025,False
lhs_056,recovery_mpc,44,220.0,9.299738364589139,0.0,0.32146082634893064,3.9247349894073946,26.94293405721025,False
lhs_056,original_mpc,45,225.0,9.299738364589139,0.0,0.323930210805898,3.927409307706271,27.108349998376543,False
lhs_056,recovery_mpc,45,225.0,9.299738364589139,0.0,0.323930210805898,3.927409307706271,27.108349998376543,False
lhs_056,original_mpc,46,230.0,8.950181466634067,0.34955689795507183,0.32630677648272394,3.923181096576123,27.260638050802566,True
lhs_056,recovery_mpc,46,230.0,8.950181466634067,0.34955689795507183,0.32630677648272394,3.923181096576123,27.260638050802566,True
lhs_056,original_mpc,47,235.0,8.950181466634067,0.0,0.32868334215954986,3.9251721085769016,27.411778794932324,False
lhs_056,recovery_mpc,47,235.0,8.950181466634067,0.0,0.32868334215954986,3.9251721085769016,27.411778794932324,False
lhs_056,original_mpc,48,240.0,8.950181466634067,0.0,0.3310599078363758,3.9273034485995733,27.561893936248993,False
lhs_056,recovery_mpc,48,240.0,8.950181466634067,0.0,0.3310599078363758,3.9273034485995733,27.561893936248993,False
lhs_056,original_mpc,49,245.0,8.950181466634067,0.0,0.3334364735132017,3.9295322368749095,27.71107130101681,False
lhs_056,recovery_mpc,49,245.0,8.950181466634067,0.0,0.3334364735132017,3.9295322368749095,27.71107130101681,False
lhs_056,original_mpc,50,250.0,8.950181466634067,0.0,0.33581303919002764,3.931827162044164,27.85937392449527,False
lhs_056,recovery_mpc,50,250.0,8.950181466634067,0.0,0.33581303919002764,3.931827162044164,27.85937392449527,False
lhs_056,original_mpc,51,255.0,8.722323620631434,0.22785784600263348,0.3381291011622053,3.929647776681372,27.998954622293297,True
lhs_056,recovery_mpc,51,255.0,8.722323620631434,0.22785784600263348,0.3381291011622053,3.929647776681372,27.998954622293297,True
lhs_056,original_mpc,52,260.0,8.722323620631434,0.0,0.34044516313438294,3.9315400994156806,28.137482424875017,False
lhs_056,recovery_mpc,52,260.0,8.722323620631434,0.0,0.34044516313438294,3.9315400994156806,28.137482424875017,False
lhs_056,original_mpc,53,265.0,8.722323620631434,0.0,0.3427612251065606,3.933536838250725,28.275046737959517,False
lhs_056,recovery_mpc,53,265.0,8.722323620631434,0.0,0.3427612251065606,3.933536838250725,28.275046737959517,False
lhs_056,original_mpc,54,270.0,8.722323620631434,0.0,0.34507728707873825,3.935606552927794,28.411712701149337,False
lhs_056,recovery_mpc,54,270.0,8.722323620631434,0.0,0.34507728707873825,3.935606552927794,28.411712701149337,False
lhs_056,original_mpc,55,275.0,8.722323620631434,0.0,0.3473933490509159,3.937726292686454,28.5475276848534,False
lhs_056,recovery_mpc,55,275.0,8.722323620631434,0.0,0.3473933490509159,3.937726292686454,28.5475276848534,False
lhs_056,original_mpc,56,280.0,8.42448137936952,0.29784224126191283,0.3496303241743709,3.93397482984978,28.672414241270918,True
lhs_056,recovery_mpc,56,280.0,8.42448137936952,0.29784224126191283,0.3496303241743709,3.93397482984978,28.672414241270918,True
lhs_056,original_mpc,57,285.0,8.42448137936952,0.0,0.3518672992978259,3.9355317391287543,28.796190735267768,False
lhs_056,recovery_mpc,57,285.0,8.42448137936952,0.0,0.3518672992978259,3.9355317391287543,28.796190735267768,False
lhs_056,original_mpc,58,290.0,8.42448137936952,0.0,0.3541042744212809,3.9372180933019956,28.91896024787193,False
lhs_056,recovery_mpc,58,290.0,8.42448137936952,0.0,0.3541042744212809,3.9372180933019956,28.91896024787193,False
lhs_056,original_mpc,59,295.0,8.42448137936952,0.0,0.3563412495447359,3.938997740347675,29.040798964335153,False
lhs_056,recovery_mpc,59,295.0,8.42448137936952,0.0,0.3563412495447359,3.938997740347675,29.040798964335153,False
lhs_056,original_mpc,60,300.0,8.42448137936952,0.0,0.3585782246681909,3.940844203188254,29.161763329976633,False
lhs_056,recovery_mpc,60,300.0,8.42448137936952,0.0,0.3585782246681909,3.940844203188254,29.161763329976633,False
lhs_056,original_mpc,61,305.0,8.055944413523909,0.36853696584561213,0.3607173411831992,3.935432624324991,29.26973447689464,True
lhs_056,recovery_mpc,61,305.0,8.055944413523909,0.36853696584561213,0.3607173411831992,3.935432624324991,29.26973447689464,True
lhs_056,original_mpc,62,310.0,8.055944413523909,0.0,0.3628564576982075,3.936596363233199,29.376533659103647,False
lhs_056,recovery_mpc,62,310.0,8.055944413523909,0.0,0.3628564576982075,3.936596363233199,29.376533659103647,False
lhs_056,original_mpc,63,315.0,8.055944413523909,0.0,0.3649955742132158,3.937927788296614,29.48228482087255,False
lhs_056,recovery_mpc,63,315.0,8.055944413523909,0.0,0.3649955742132158,3.937927788296614,29.48228482087255,False
lhs_056,original_mpc,64,320.0,8.055944413523909,0.0,0.36713469072822413,3.939382476298636,29.587080376825483,False
lhs_056,recovery_mpc,64,320.0,8.055944413523909,0.0,0.36713469072822413,3.939382476298636,29.587080376825483,False
lhs_056,original_mpc,65,325.0,8.055944413523909,0.0,0.36927380724323244,3.940927803409506,29.690989558667336,False
lhs_056,recovery_mpc,65,325.0,8.055944413523909,0.0,0.36927380724323244,3.940927803409506,29.690989558667336,False
lhs_056,original_mpc,66,330.0,7.780932231762871,0.2750121817610376,0.371339899036416,3.937088413854604,29.78526893281264,True
lhs_056,recovery_mpc,66,330.0,7.780932231762871,0.2750121817610376,0.371339899036416,3.937088413854604,29.78526893281264,True
lhs_056,original_mpc,67,335.0,7.780932231762871,0.0,0.3734059908295996,3.9381798906884726,29.878490303240437,False
lhs_056,recovery_mpc,67,335.0,7.780932231762871,0.0,0.3734059908295996,3.9381798906884726,29.878490303240437,False
lhs_056,original_mpc,68,340.0,7.780932231762871,0.0,0.37547208262278314,3.939415504779674,29.970756097267593,False
lhs_056,recovery_mpc,68,340.0,7.780932231762871,0.0,0.37547208262278314,3.939415504779674,29.970756097267593,False
lhs_056,original_mpc,69,345.0,7.780932231762871,0.0,0.3775381744159667,3.9407582702825295,30.06214337283899,False
lhs_056,recovery_mpc,69,345.0,7.780932231762871,0.0,0.3775381744159667,3.9407582702825295,30.06214337283899,False
lhs_056,original_mpc,70,350.0,7.780932231762871,0.0,0.3796042662091503,3.9421809982077685,30.15271050944012,False
lhs_056,recovery_mpc,70,350.0,7.780932231762871,0.0,0.3796042662091503,3.9421809982077685,30.15271050944012,False
lhs_056,original_mpc,71,355.0,7.645790670916034,0.13514156084683737,0.38163447350141966,3.9409848453625593,30.238276840552672,True
lhs_056,recovery_mpc,71,355.0,7.645790670916034,0.13514156084683737,0.38163447350141966,3.9409848453625593,30.238276840552672,True
lhs_056,original_mpc,72,360.0,7.645790670916034,0.0,0.38366468079368904,3.9422328541531266,30.322975476029484,False
lhs_056,recovery_mpc,72,360.0,7.645790670916034,0.0,0.38366468079368904,3.9422328541531266,30.322975476029484,False
lhs_056,original_mpc,73,365.0,7.645790670916034,0.0,0.3856948880859584,3.9435683655572134,30.406868188561543,False
lhs_056,recovery_mpc,73,365.0,7.645790670916034,0.0,0.3856948880859584,3.9435683655572134,30.406868188561543,False
lhs_056,original_mpc,74,370.0,7.645790670916034,0.0,0.3877250953782278,3.9449699296378733,30.490002228442613,False
lhs_056,recovery_mpc,74,370.0,7.645790670916034,0.0,0.3877250953782278,3.9449699296378733,30.490002228442613,False
lhs_056,original_mpc,75,375.0,7.645790670916034,0.0,0.3897553026704972,3.9464217764780187,30.57241413328091,False
lhs_056,recovery_mpc,75,375.0,7.645790670916034,0.0,0.3897553026704972,3.9464217764780187,30.57241413328091,False
lhs_056,original_mpc,76,380.0,7.4919543024709,0.15383636844513404,0.3917446613794773,3.9448627351428898,30.649401635910422,True
lhs_056,recovery_mpc,76,380.0,7.4919543024709,0.15383636844513404,0.3917446613794773,3.9448627351428898,30.649401635910422,True
lhs_056,original_mpc,77,385.0,7.4919543024709,0.0,0.39373402008845737,3.9460645307490623,30.72557707495909,False
lhs_056,recovery_mpc,77,385.0,7.4919543024709,0.0,0.39373402008845737,3.9460645307490623,30.72557707495909,False
lhs_056,original_mpc,78,390.0,7.4919543024709,0.0,0.39572337879743746,3.94735050680677,30.80099786850038,False
lhs_056,recovery_mpc,78,390.0,7.4919543024709,0.0,0.39572337879743746,3.94735050680677,30.80099786850038,False
lhs_056,original_mpc,79,395.0,7.4919543024709,0.0,0.39771273750641756,3.948700652869665,30.87570815452302,False
lhs_056,recovery_mpc,79,395.0,7.4919543024709,0.0,0.39771273750641756,3.948700652869665,30.87570815452302,False
lhs_056,original_mpc,80,400.0,7.4919543024709,0.0,0.39970209621539765,3.9501002439456463,30.949742267353763,False
lhs_056,recovery_mpc,80,400.0,7.4919543024709,0.0,0.39970209621539765,3.9501002439456463,30.949742267353763,False
lhs_056,original_mpc,81,405.0,7.408780225507107,0.08317407696379231,0.40166936948876386,3.9498873320701646,31.020607068797105,True
lhs_056,recovery_mpc,81,405.0,7.408780225507107,0.08317407696379231,0.40166936948876386,3.9498873320701646,31.020607068797105,True
lhs_056,original_mpc,82,410.0,7.408780225507107,0.0,0.40363664276213007,3.9511754096569662,31.090769052239196,False
lhs_056,recovery_mpc,82,410.0,7.408780225507107,0.0,0.40363664276213007,3.9511754096569662,31.090769052239196,False
lhs_056,original_mpc,83,415.0,7.408780225507107,0.0,0.4056039160354963,3.952514724492329,31.160266776683862,False
lhs_056,recovery_mpc,83,415.0,7.408780225507107,0.0,0.4056039160354963,3.952514724492329,31.160266776683862,False
lhs_056,original_mpc,84,420.0,7.408780225507107,0.0,0.4075711893088625,3.953892603630656,31.229130448593722,False
lhs_056,recovery_mpc,84,420.0,7.408780225507107,0.0,0.4075711893088625,3.953892603630656,31.229130448593722,False
lhs_056,original_mpc,85,425.0,7.408780225507107,0.0,0.4095384625822287,3.955299712475671,31.29738409210183,False
lhs_056,recovery_mpc,85,425.0,7.408780225507107,0.0,0.4095384625822287,3.955299712475671,31.29738409210183,False
lhs_056,original_mpc,86,430.0,7.251211327409562,0.15756889809754515,0.4114638961637015,3.953605778801533,31.360340785592975,True
lhs_056,recovery_mpc,86,430.0,7.251211327409562,0.15756889809754515,0.4114638961637015,3.953605778801533,31.360340785592975,True
lhs_056,original_mpc,87,435.0,7.251211327409562,0.0,0.4133893297451743,3.954726223724121,31.422583072290735,False
lhs_056,recovery_mpc,87,435.0,7.251211327409562,0.0,0.4133893297451743,3.954726223724121,31.422583072290735,False
lhs_056,original_mpc,88,440.0,7.251211327409562,0.0,0.4153147633266471,3.9559221137372425,31.484163154196168,False
lhs_056,recovery_mpc,88,440.0,7.251211327409562,0.0,0.4153147633266471,3.9559221137372425,31.484163154196168,False
lhs_056,original_mpc,89,445.0,7.251211327409562,0.0,0.41724019690811986,3.9571748933869166,31.545121330231687,False
lhs_056,recovery_mpc,89,445.0,7.251211327409562,0.0,0.41724019690811986,3.9571748933869166,31.545121330231687,False
lhs_056,original_mpc,90,450.0,7.251211327409562,0.0,0.41916563048959266,3.958470886881643,31.60548910411186,False
lhs_056,recovery_mpc,90,450.0,7.251211327409562,0.0,0.41916563048959266,3.958470886881643,31.60548910411186,False
lhs_056,original_mpc,91,455.0,7.142070437816914,0.10914088959264845,0.4210620835980872,3.957636726113115,31.66208610668074,True
lhs_056,recovery_mpc,91,455.0,7.142070437816914,0.10914088959264845,0.4210620835980872,3.957636726113115,31.66208610668074,True
lhs_056,original_mpc,92,460.0,7.142070437816914,0.0,0.4229585367065818,3.958765653909034,31.718042834494643,False
lhs_056,recovery_mpc,92,460.0,7.142070437816914,0.0,0.4229585367065818,3.958765653909034,31.718042834494643,False
lhs_056,original_mpc,93,465.0,7.142070437816914,0.0,0.42485498981507636,3.9599576313842566,31.773402201228492,False
lhs_056,recovery_mpc,93,465.0,7.142070437816914,0.0,0.42485498981507636,3.9599576313842566,31.773402201228492,False
lhs_056,original_mpc,94,470.0,7.142070437816914,0.0,0.4267514429235709,3.961197658325463,31.82819762655862,False
lhs_056,recovery_mpc,94,470.0,7.142070437816914,0.0,0.4267514429235709,3.961197658325463,31.82819762655862,False
lhs_056,original_mpc,95,475.0,7.142070437816914,0.0,0.4286478960320655,3.962474670912971,31.882455504011613,False
lhs_056,recovery_mpc,95,475.0,7.142070437816914,0.0,0.4286478960320655,3.962474670912971,31.882455504011613,False
lhs_056,original_mpc,96,480.0,7.087540315998727,0.054530121818186394,0.4305298696111394,3.962699706479627,31.934614752433564,True
lhs_056,recovery_mpc,96,480.0,7.087540315998727,0.054530121818186394,0.4305298696111394,3.962699706479627,31.934614752433564,True
lhs_056,original_mpc,97,485.0,7.087540315998727,0.0,0.43241184319021336,3.9639155031683413,31.98622775999413,False
lhs_056,recovery_mpc,97,485.0,7.087540315998727,0.0,0.43241184319021336,3.9639155031683413,31.98622775999413,False
lhs_056,original_mpc,98,490.0,7.087540315998727,0.0,0.4342938167692873,3.9651710294738924,32.037322010227015,False
lhs_056,recovery_mpc,98,490.0,7.087540315998727,0.0,0.4342938167692873,3.9651710294738924,32.037322010227015,False
lhs_056,original_mpc,99,495.0,7.087540315998727,0.0,0.43617579034836124,3.966457519112296,32.08791943643004,False
lhs_056,recovery_mpc,99,495.0,7.087540315998727,0.0,0.43617579034836124,3.966457519112296,32.08791943643004,False
lhs_056,original_mpc,100,500.0,7.087540315998727,0.0,0.4380577639274352,3.9677684990575464,32.13803784773474,False
lhs_056,recovery_mpc,100,500.0,7.087540315998727,0.0,0.4380577639274352,3.9677684990575464,32.13803784773474,False
lhs_056,original_mpc,101,505.0,6.979801016113925,0.1077392998848028,0.43991112920140313,3.966963805487502,32.18460059423828,True
lhs_056,recovery_mpc,101,505.0,6.979801016113925,0.1077392998848028,0.43991112920140313,3.966963805487502,32.18460059423828,True
lhs_056,original_mpc,102,510.0,6.979801016113925,0.0,0.4417644944753711,3.9680877497455604,32.2306195497173,False
lhs_056,recovery_mpc,102,510.0,6.979801016113925,0.0,0.4417644944753711,3.9680877497455604,32.2306195497173,False
lhs_056,original_mpc,103,515.0,6.979801016113925,0.0,0.44361785974933904,3.9692674909397496,32.276130917923936,False
lhs_056,recovery_mpc,103,515.0,6.979801016113925,0.0,0.44361785974933904,3.9692674909397496,32.276130917923936,False
lhs_056,original_mpc,104,520.0,6.979801016113925,0.0,0.445471225023307,3.9704902789437484,32.321163006486415,False
lhs_056,recovery_mpc,104,520.0,6.979801016113925,0.0,0.445471225023307,3.9704902789437484,32.321163006486415,False
lhs_056,original_mpc,105,525.0,6.979801016113925,0.0,0.44732459029727495,3.9717467047399238,32.36573827528796,False
lhs_056,recovery_mpc,105,525.0,6.979801016113925,0.0,0.44732459029727495,3.9717467047399238,32.36573827528796,False
lhs_056,original_mpc,106,530.0,6.9066600876430035,0.07314092847092102,0.44915853426444335,3.971580161348857,32.407802920424345,True
lhs_056,recovery_mpc,106,530.0,6.9066600876430035,0.07314092847092102,0.44915853426444335,3.971580161348857,32.407802920424345,True
lhs_056,original_mpc,107,535.0,6.9066600876430035,0.0,0.45099247823161176,3.9727334747832006,32.44938207538436,False
lhs_056,recovery_mpc,107,535.0,6.9066600876430035,0.0,0.45099247823161176,3.9727334747832006,32.44938207538436,False
lhs_056,original_mpc,108,540.0,6.9066600876430035,0.0,0.45282642219878017,3.9739332099300477,32.49050530629599,False
lhs_056,recovery_mpc,108,540.0,6.9066600876430035,0.0,0.45282642219878017,3.9739332099300477,32.49050530629599,False
lhs_056,original_mpc,109,545.0,6.9066600876430035,0.0,0.45466036616594857,3.9751692158026724,32.53119594231966,False
lhs_056,recovery_mpc,109,545.0,6.9066600876430035,0.0,0.45466036616594857,3.9751692158026724,32.53119594231966,False
lhs_056,original_mpc,110,550.0,6.9066600876430035,0.0,0.456494310133117,3.976433996722542,32.571472685501924,False
lhs_056,recovery_mpc,110,550.0,6.9066600876430035,0.0,0.456494310133117,3.976433996722542,32.571472685501924,False
lhs_056,original_mpc,111,555.0,6.68624977495044,0.22041031269256361,0.4582697279591209,3.9733533140814554,32.60521804947745,True
lhs_056,recovery_mpc,111,555.0,6.68624977495044,0.22041031269256361,0.4582697279591209,3.9733533140814554,32.60521804947745,True
lhs_056,original_mpc,112,560.0,6.68624977495044,0.0,0.46004514578512484,3.9742041637304557,32.63839806228637,False
lhs_056,recovery_mpc,112,560.0,6.68624977495044,0.0,0.46004514578512484,3.9742041637304557,32.63839806228637,False
lhs_056,original_mpc,113,565.0,6.68624977495044,0.0,0.4618205636111288,3.975157460005383,32.67107343110182,False
lhs_056,recovery_mpc,113,565.0,6.68624977495044,0.0,0.4618205636111288,3.975157460005383,32.67107343110182,False
lhs_056,original_mpc,114,570.0,6.68624977495044,0.0,0.4635959814371327,3.97618884094804,32.70329051398425,False
lhs_056,recovery_mpc,114,570.0,6.68624977495044,0.0,0.4635959814371327,3.97618884094804,32.70329051398425,False
lhs_056,original_mpc,115,575.0,6.68624977495044,0.0,0.46537139926313664,3.977280334460404,32.735085073760814,False
lhs_056,recovery_mpc,115,575.0,6.68624977495044,0.0,0.46537139926313664,3.977280334460404,32.735085073760814,False
lhs_056,original_mpc,116,580.0,6.459684586881085,0.22656518806935466,0.4670866566274185,3.9739277269014273,32.760357298933656,True
lhs_056,recovery_mpc,116,580.0,6.459684586881085,0.22656518806935466,0.4670866566274185,3.9739277269014273,32.760357298933656,True
lhs_056,original_mpc,117,585.0,6.459684586881085,0.0,0.46880191399170035,3.9746337716361797,32.7850808705299,False
lhs_056,recovery_mpc,117,585.0,6.459684586881085,0.0,0.46880191399170035,3.9746337716361797,32.7850808705299,False
lhs_056,original_mpc,118,590.0,6.459684586881085,0.0,0.4705171713559822,3.975458327870883,32.80932290208004,False
lhs_056,recovery_mpc,118,590.0,6.459684586881085,0.0,0.4705171713559822,3.975458327870883,32.80932290208004,False
lhs_056,original_mpc,119,595.0,6.459684586881085,0.0,0.47223242872026405,3.9763732986406315,32.83313454214924,False
lhs_056,recovery_mpc,119,595.0,6.459684586881085,0.0,0.47223242872026405,3.9763732986406315,32.83313454214924,False
lhs_056,original_mpc,120,600.0,6.459684586881085,0.0,0.4739476860845459,3.977357946503006,32.856555149278215,False
lhs_056,recovery_mpc,120,600.0,6.459684586881085,0.0,0.4739476860845459,3.977357946503006,32.856555149278215,False
lhs_056,original_mpc,121,605.0,6.433374851130431,0.02630973575065454,0.4756559573541676,3.9778754048575724,32.87891825162764,True
lhs_056,recovery_mpc,121,605.0,6.433374851130431,0.02630973575065454,0.4756559573541676,3.9778754048575724,32.87891825162764,True
lhs_056,original_mpc,122,610.0,6.433374851130431,0.0,0.4773642286237893,3.9789028966207494,32.900924762004806,False
lhs_056,recovery_mpc,122,610.0,6.433374851130431,0.0,0.4773642286237893,3.9789028966207494,32.900924762004806,False
lhs_056,original_mpc,123,615.0,6.433374851130431,0.0,0.479072499893411,3.979975329390469,32.922599716082296,False
lhs_056,recovery_mpc,123,615.0,6.433374851130431,0.0,0.479072499893411,3.979975329390469,32.922599716082296,False
lhs_056,original_mpc,124,620.0,6.433374851130431,0.0,0.4807807711630327,3.9810838420352916,32.943963087346816,False
lhs_056,recovery_mpc,124,620.0,6.433374851130431,0.0,0.4807807711630327,3.9810838420352916,32.943963087346816,False
lhs_056,original_mpc,125,625.0,6.433374851130431,0.0,0.4824890424326544,3.982221863794135,32.9650310777344,False
lhs_056,recovery_mpc,125,625.0,6.433374851130431,0.0,0.4824890424326544,3.982221863794135,32.9650310777344,False
lhs_056,original_mpc,126,630.0,6.337548123635934,0.09582672749449639,0.48417186857444994,3.9814847162717886,32.98330607229061,True
lhs_056,recovery_mpc,126,630.0,6.337548123635934,0.09582672749449639,0.48417186857444994,3.9814847162717886,32.98330607229061,True
lhs_056,original_mpc,127,635.0,6.337548123635934,0.0,0.4858546947162455,3.982469483946955,33.00123670998396,False
lhs_056,recovery_mpc,127,635.0,6.337548123635934,0.0,0.4858546947162455,3.982469483946955,33.00123670998396,False
lhs_056,original_mpc,128,640.0,6.337548123635934,0.0,0.48753752085804103,3.9835100150244074,33.018853221433695,False
lhs_056,recovery_mpc,128,640.0,6.337548123635934,0.0,0.48753752085804103,3.9835100150244074,33.018853221433695,False
lhs_056,original_mpc,129,645.0,6.337548123635934,0.0,0.4892203469998366,3.984594656704181,33.0361793023234,False
lhs_056,recovery_mpc,129,645.0,6.337548123635934,0.0,0.4892203469998366,3.984594656704181,33.0361793023234,False
lhs_056,original_mpc,130,650.0,6.337548123635934,0.0,0.4909031731416321,3.9857147843045677,33.053233799002356,False
lhs_056,recovery_mpc,130,650.0,6.337548123635934,0.0,0.4909031731416321,3.9857147843045677,33.053233799002356,False
lhs_056,original_mpc,131,655.0,6.373834414053286,0.036286290417351985,0.49259563447939175,3.987583475896197,33.070974891220345,True
lhs_056,recovery_mpc,131,655.0,6.373834414053286,0.036286290417351985,0.49259563447939175,3.987583475896197,33.070974891220345,True
lhs_056,original_mpc,132,660.0,6.373834414053286,0.0,0.4942880958171514,3.9888324339587955,33.08850028226914,False
lhs_056,recovery_mpc,132,660.0,6.373834414053286,0.0,0.4942880958171514,3.9888324339587955,33.08850028226914,False
lhs_056,original_mpc,133,665.0,6.373834414053286,0.0,0.495980557154911,3.99008800663783,33.10581264468489,False
lhs_056,recovery_mpc,133,665.0,6.373834414053286,0.0,0.495980557154911,3.99008800663783,33.10581264468489,False
lhs_056,original_mpc,134,670.0,6.373834414053286,0.0,0.49767301849267065,3.99135119176773,33.12291513905928,False
lhs_056,recovery_mpc,134,670.0,6.373834414053286,0.0,0.49767301849267065,3.99135119176773,33.12291513905928,False
lhs_056,original_mpc,135,675.0,6.373834414053286,0.0,0.4993654798304303,3.9926226912242173,33.13981124658043,False
lhs_056,recovery_mpc,135,675.0,6.373834414053286,0.0,0.4993654798304303,3.9926226912242173,33.13981124658043,False
lhs_056,original_mpc,136,680.0,6.2153764003976715,0.15845801365561485,0.501015865387059,3.990759833434088,33.15242400554493,True
lhs_056,recovery_mpc,136,680.0,6.2153764003976715,0.15845801365561485,0.501015865387059,3.990759833434088,33.15242400554493,True
lhs_056,original_mpc,137,685.0,6.2153764003976715,0.0,0.5026662509436877,3.991714437723999,33.16471752980734,False
lhs_056,recovery_mpc,137,685.0,6.2153764003976715,0.0,0.5026662509436877,3.991714437723999,33.16471752980734,False
lhs_056,original_mpc,138,690.0,6.2153764003976715,0.0,0.5043166365003163,3.9927357813078443,33.17672916645277,False
lhs_056,recovery_mpc,138,690.0,6.2153764003976715,0.0,0.5043166365003163,3.9927357813078443,33.17672916645277,False
lhs_056,original_mpc,139,695.0,6.2153764003976715,0.0,0.505967022056945,3.9938081404598824,33.1884876226386,False
lhs_056,recovery_mpc,139,695.0,6.2153764003976715,0.0,0.505967022056945,3.9938081404598824,33.1884876226386,False
lhs_056,original_mpc,140,700.0,6.2153764003976715,0.0,0.5076174076135737,3.994919910963597,33.20001521653012,False
lhs_056,recovery_mpc,140,700.0,6.2153764003976715,0.0,0.5076174076135737,3.994919910963597,33.20001521653012,False
lhs_056,original_mpc,141,705.0,6.229323060754466,0.013946660356794816,0.5092714964643126,3.9963390763607443,33.211684012438454,True
lhs_056,recovery_mpc,141,705.0,6.229323060754466,0.013946660356794816,0.5092714964643126,3.9963390763607443,33.211684012438454,True
lhs_056,original_mpc,142,710.0,6.229323060754466,0.0,0.5109255853150515,3.9975351805754924,33.223164140711496,False
lhs_056,recovery_mpc,142,710.0,6.229323060754466,0.0,0.5109255853150515,3.9975351805754924,33.223164140711496,False
lhs_056,original_mpc,143,715.0,6.229323060754466,0.0,0.5125796741657904,3.998745631969374,33.234464085841125,False
lhs_056,recovery_mpc,143,715.0,6.229323060754466,0.0,0.5125796741657904,3.998745631969374,33.234464085841125,False
lhs_056,original_mpc,144,720.0,6.229323060754466,0.0,0.5142337630165293,3.9999683552692615,33.2455911201183,False
lhs_056,recovery_mpc,144,720.0,6.229323060754466,0.0,0.5142337630165293,3.9999683552692615,33.2455911201183,False
lhs_056,original_mpc,145,725.0,6.229323060754466,0.0,0.5158878518672683,4.001201802988783,33.25655159024674,False
lhs_056,recovery_mpc,145,725.0,6.229323060754466,0.0,0.5158878518672683,4.001201802988783,33.25655159024674,False
lhs_056,original_mpc,146,730.0,6.23917019608706,0.009847135332593737,0.5175445554542484,4.002640080827429,33.26760096498504,True
lhs_056,recovery_mpc,146,730.0,6.23917019608706,0.009847135332593737,0.5175445554542484,4.002640080827429,33.26760096498504,True
lhs_056,original_mpc,147,735.0,6.23917019608706,0.0,0.5192012590412285,4.00391226381263,33.278502028514765,False
lhs_056,recovery_mpc,147,735.0,6.23917019608706,0.0,0.5192012590412285,4.00391226381263,33.278502028514765,False
lhs_056,original_mpc,148,740.0,6.23917019608706,0.0,0.5208579626282086,4.005188632660491,33.28925733336525,False
lhs_056,recovery_mpc,148,740.0,6.23917019608706,0.0,0.5208579626282086,4.005188632660491,33.28925733336525,False
lhs_056,original_mpc,149,745.0,6.23917019608706,0.0,0.5225146662151887,4.00646968147177,33.299869619919335,False
lhs_056,recovery_mpc,149,745.0,6.23917019608706,0.0,0.5225146662151887,4.00646968147177,33.299869619919335,False
lhs_056,original_mpc,150,750.0,6.23917019608706,0.0,0.5241713698021688,4.007755763899876,33.31034173925826,False
lhs_056,recovery_mpc,150,750.0,6.23917019608706,0.0,0.5241713698021688,4.007755763899876,33.31034173925826,False
lhs_056,original_mpc,151,755.0,5.993113214142106,0.24605698194495407,0.5257627372191491,4.004167831642678,33.31452477636727,True
lhs_056,recovery_mpc,151,755.0,5.993113214142106,0.24605698194495407,0.5257627372191491,4.004167831642678,33.31452477636727,True
lhs_056,original_mpc,152,760.0,5.993113214142106,0.0,0.5273541046361294,4.004953008808875,33.318392951805514,False
lhs_056,recovery_mpc,152,760.0,5.993113214142106,0.0,0.5273541046361294,4.004953008808875,33.318392951805514,False
lhs_056,original_mpc,153,765.0,5.993113214142106,0.0,0.5289454720531097,4.005840174962383,33.32199935210642,False
lhs_056,recovery_mpc,153,765.0,5.993113214142106,0.0,0.5289454720531097,4.005840174962383,33.32199935210642,False
lhs_056,original_mpc,154,770.0,5.993113214142106,0.0,0.53053683947009,4.006804733834579,33.32538408757901,False
lhs_056,recovery_mpc,154,770.0,5.993113214142106,0.0,0.53053683947009,4.006804733834579,33.32538408757901,False
lhs_056,original_mpc,155,775.0,5.993113214142106,0.0,0.5321282068870703,4.007828550395944,33.32857769629739,False
lhs_056,recovery_mpc,155,775.0,5.993113214142106,0.0,0.5321282068870703,4.007828550395944,33.32857769629739,False
lhs_056,original_mpc,156,780.0,5.999249807074217,0.006136592932111107,0.5337212037700216,4.009019941493818,33.33175404687242,True
lhs_056,recovery_mpc,156,780.0,5.999249807074217,0.006136592932111107,0.5337212037700216,4.009019941493818,33.33175404687242,True
lhs_056,original_mpc,157,785.0,5.999249807074217,0.0,0.535314200652973,4.010138410632587,33.33478540325301,False
lhs_056,recovery_mpc,157,785.0,5.999249807074217,0.0,0.535314200652973,4.010138410632587,33.33478540325301,False
lhs_056,original_mpc,158,790.0,5.999249807074217,0.0,0.5369071975359243,4.01128318639875,33.337684847423056,False
lhs_056,recovery_mpc,158,790.0,5.999249807074217,0.0,0.5369071975359243,4.01128318639875,33.337684847423056,False
lhs_056,original_mpc,159,795.0,5.999249807074217,0.0,0.5385001944188756,4.01244948993632,33.34046288565533,False
lhs_056,recovery_mpc,159,795.0,5.999249807074217,0.0,0.5385001944188756,4.01244948993632,33.34046288565533,False
lhs_056,original_mpc,160,800.0,5.999249807074217,0.0,0.540093191301827,4.013633781255645,33.34312809804032,False
lhs_056,recovery_mpc,160,800.0,5.999249807074217,0.0,0.540093191301827,4.013633781255645,33.34312809804032,False
lhs_056,original_mpc,161,805.0,6.342661173735539,0.3434113666613223,0.5417773751255216,4.021644163124363,33.35423471187894,True
lhs_056,recovery_mpc,161,805.0,6.342661173735539,0.3434113666613223,0.5417773751255216,4.021644163124363,33.35423471187894,True
lhs_056,original_mpc,162,810.0,6.342661173735539,0.0,0.5434615589492162,4.023572359648588,33.3655110092442,False
lhs_056,recovery_mpc,162,810.0,6.342661173735539,0.0,0.5434615589492162,4.023572359648588,33.3655110092442,False
lhs_056,original_mpc,163,815.0,6.342661173735539,0.0,0.5451457427729108,4.025378115650221,33.37688821007115,False
lhs_056,recovery_mpc,163,815.0,6.342661173735539,0.0,0.5451457427729108,4.025378115650221,33.37688821007115,False
lhs_056,original_mpc,164,820.0,6.342661173735539,0.0,0.5468299265966055,4.027094797201695,33.38831597741924,False
lhs_056,recovery_mpc,164,820.0,6.342661173735539,0.0,0.5468299265966055,4.027094797201695,33.38831597741924,False
lhs_056,original_mpc,165,825.0,6.342661173735539,0.0,0.5485141104203001,4.028746988960632,33.399757522699176,False
lhs_056,recovery_mpc,165,825.0,6.342661173735539,0.0,0.5485141104203001,4.028746988960632,33.399757522699176,False
lhs_056,original_mpc,166,830.0,6.152525917701105,0.19013525603443426,0.5501478071197804,4.02658152462085,33.4063938070958,True
lhs_056,recovery_mpc,166,830.0,6.152525917701105,0.19013525603443426,0.5501478071197804,4.02658152462085,33.4063938070958,True
lhs_056,original_mpc,167,835.0,6.152525917701105,0.0,0.5517815038192607,4.027757940989155,33.41285038689935,False
lhs_056,recovery_mpc,167,835.0,6.152525917701105,0.0,0.5517815038192607,4.027757940989155,33.41285038689935,False
lhs_056,original_mpc,168,840.0,6.152525917701105,0.0,0.553415200518741,4.028985592147273,33.41915347908535,False
lhs_056,recovery_mpc,168,840.0,6.152525917701105,0.0,0.553415200518741,4.028985592147273,33.41915347908535,False
lhs_056,original_mpc,169,845.0,6.152525917701105,0.0,0.5550488972182214,4.030252696763328,33.42532287425179,False
lhs_056,recovery_mpc,169,845.0,6.152525917701105,0.0,0.5550488972182214,4.030252696763328,33.42532287425179,False
lhs_056,original_mpc,170,850.0,6.152525917701105,0.0,0.5566825939177017,4.031550591930354,33.43137362838127,False
lhs_056,recovery_mpc,170,850.0,6.152525917701105,0.0,0.5566825939177017,4.031550591930354,33.43137362838127,False
lhs_056,original_mpc,171,855.0,5.194917010630043,0.9576089070710623,0.5580620141571067,4.013876451641373,33.41471688173201,True
lhs_056,recovery_mpc,171,855.0,5.194917010630043,0.9576089070710623,0.5580620141571067,4.013876451641373,33.41471688173201,True
lhs_056,original_mpc,172,860.0,5.194917010630043,0.0,0.5594414343965116,4.013219416768087,33.397366096900846,False
lhs_056,recovery_mpc,172,860.0,5.194917010630043,0.0,0.5594414343965116,4.013219416768087,33.397366096900846,False
lhs_056,original_mpc,173,865.0,5.194917010630043,0.0,0.5608208546359166,4.012953151245475,33.37949678125048,False
lhs_056,recovery_mpc,173,865.0,5.194917010630043,0.0,0.5608208546359166,4.012953151245475,33.37949678125048,False
lhs_056,original_mpc,174,870.0,5.194917010630043,0.0,0.5622002748753215,4.012979078446728,33.36123956383027,False
lhs_056,recovery_mpc,174,870.0,5.194917010630043,0.0,0.5622002748753215,4.012979078446728,33.36123956383027,False
lhs_056,original_mpc,175,875.0,5.194917010630043,0.0,0.5635796951147265,4.013224544462672,33.34269203677949,False
lhs_056,recovery_mpc,175,875.0,5.194917010630043,0.0,0.5635796951147265,4.013224544462672,33.34269203677949,False
lhs_056,original_mpc,176,880.0,6.143459927355147,0.9485429167251045,0.5652109844974879,4.03245511470954,33.34580706448647,True
lhs_056,recovery_mpc,176,880.0,6.143459927355147,0.9485429167251045,0.5652109844974879,4.03245511470954,33.34580706448647,True
lhs_056,original_mpc,177,885.0,6.143459927355147,0.0,0.5668422738802492,4.034975840684457,33.34944718929357,False
lhs_056,recovery_mpc,177,885.0,6.143459927355147,0.0,0.5668422738802492,4.034975840684457,33.34944718929357,False
lhs_056,original_mpc,178,890.0,6.143459927355147,0.0,0.5684735632630106,4.037223065549836,33.35346339481879,False
lhs_056,recovery_mpc,178,890.0,6.143459927355147,0.0,0.5684735632630106,4.037223065549836,33.35346339481879,False
lhs_056,original_mpc,179,895.0,6.143459927355147,0.0,0.5701048526457719,4.039270368523826,33.35774617681273,False
lhs_056,recovery_mpc,179,895.0,6.143459927355147,0.0,0.5701048526457719,4.039270368523826,33.35774617681273,False
lhs_056,original_mpc,180,900.0,6.143459927355147,0.0,0.5717361420285333,4.04117192753612,33.362215057714224,False
lhs_056,recovery_mpc,180,900.0,6.143459927355147,0.0,0.5717361420285333,4.04117192753612,33.362215057714224,False
lhs_056,original_mpc,181,905.0,6.237649196388617,0.09418926903346936,0.5733924417403863,4.044836712085653,33.369138858515555,True
lhs_056,recovery_mpc,181,905.0,6.237649196388617,0.09418926903346936,0.5733924417403863,4.044836712085653,33.369138858515555,True
lhs_056,original_mpc,182,910.0,6.237649196388617,0.0,0.5750487414522393,4.046753255090131,33.37622176266731,False
lhs_056,recovery_mpc,182,910.0,6.237649196388617,0.0,0.5750487414522393,4.046753255090131,33.37622176266731,False
lhs_056,original_mpc,183,915.0,6.237649196388617,0.0,0.5767050411640923,4.048578229517367,33.3834114036562,False
lhs_056,recovery_mpc,183,915.0,6.237649196388617,0.0,0.5767050411640923,4.048578229517367,33.3834114036562,False
lhs_056,original_mpc,184,920.0,6.237649196388617,0.0,0.5783613408759453,4.050337058418283,33.39066920970888,False
lhs_056,recovery_mpc,184,920.0,6.237649196388617,0.0,0.5783613408759453,4.050337058418283,33.39066920970888,False
lhs_056,original_mpc,185,925.0,6.237649196388617,0.0,0.5800176405877983,4.052048494858641,33.397966759517395,False
lhs_056,recovery_mpc,185,925.0,6.237649196388617,0.0,0.5800176405877983,4.052048494858641,33.397966759517395,False
lhs_056,original_mpc,186,930.0,6.187770675930444,0.04987852045817309,0.5816606959224089,4.052736394141276,33.40404230180601,True
lhs_056,recovery_mpc,186,930.0,6.187770675930444,0.04987852045817309,0.5816606959224089,4.052736394141276,33.40404230180601,True
lhs_056,original_mpc,187,935.0,6.187770675930444,0.0,0.5833037512570195,4.0542862744358,33.410082141796664,False
lhs_056,recovery_mpc,187,935.0,6.187770675930444,0.0,0.5833037512570195,4.0542862744358,33.410082141796664,False
lhs_056,original_mpc,188,940.0,6.187770675930444,0.0,0.5849468065916301,4.0558398790433,33.41608550682496,False
lhs_056,recovery_mpc,188,940.0,6.187770675930444,0.0,0.5849468065916301,4.0558398790433,33.41608550682496,False
lhs_056,original_mpc,189,945.0,6.187770675930444,0.0,0.5865898619262407,4.057397820284416,33.422051877853384,False
lhs_056,recovery_mpc,189,945.0,6.187770675930444,0.0,0.5865898619262407,4.057397820284416,33.422051877853384,False
lhs_056,original_mpc,190,950.0,6.187770675930444,0.0,0.5882329172608514,4.058960585285503,33.42798092544812,False
lhs_056,recovery_mpc,190,950.0,6.187770675930444,0.0,0.5882329172608514,4.058960585285503,33.42798092544812,False
lhs_056,original_mpc,191,955.0,6.0572773077923285,0.13049336813811507,0.5898413223416178,4.0579379176411345,33.43065709222301,True
lhs_056,recovery_mpc,191,955.0,6.0572773077923285,0.13049336813811507,0.5898413223416178,4.0579379176411345,33.43065709222301,True
lhs_056,original_mpc,192,960.0,6.0572773077923285,0.0,0.5914497274223842,4.05923690715261,33.43319693214913,False
lhs_056,recovery_mpc,192,960.0,6.0572773077923285,0.0,0.5914497274223842,4.05923690715261,33.43319693214913,False
lhs_056,original_mpc,193,965.0,6.0572773077923285,0.0,0.5930581325031506,4.060592626568828,33.435627391371156,False
lhs_056,recovery_mpc,193,965.0,6.0572773077923285,0.0,0.5930581325031506,4.060592626568828,33.435627391371156,False
lhs_056,original_mpc,194,970.0,6.0572773077923285,0.0,0.5946665375839171,4.061992224681218,33.43796853274132,False
lhs_056,recovery_mpc,194,970.0,6.0572773077923285,0.0,0.5946665375839171,4.061992224681218,33.43796853274132,False
lhs_056,original_mpc,195,975.0,6.0572773077923285,0.0,0.5962749426646835,4.063426263566698,33.44023535299947,False
lhs_056,recovery_mpc,195,975.0,6.0572773077923285,0.0,0.5962749426646835,4.063426263566698,33.44023535299947,False
lhs_056,original_mpc,196,980.0,5.808459033686668,0.24881827410566082,0.5978172783621406,4.059946813385624,33.43644965150679,True
lhs_056,recovery_mpc,196,980.0,5.808459033686668,0.24881827410566082,0.5978172783621406,4.059946813385624,33.43644965150679,True
lhs_056,original_mpc,197,985.0,5.808459033686668,0.0,0.5993596140595977,4.060906013719053,33.43243135655761,False
lhs_056,recovery_mpc,197,985.0,5.808459033686668,0.0,0.5993596140595977,4.060906013719053,33.43243135655761,False
lhs_056,original_mpc,198,990.0,5.808459033686668,0.0,0.6009019497570548,4.061982027406887,33.428235948703815,False
lhs_056,recovery_mpc,198,990.0,5.808459033686668,0.0,0.6009019497570548,4.061982027406887,33.428235948703815,False
lhs_056,original_mpc,199,995.0,5.808459033686668,0.0,0.6024442854545119,4.063151569111926,33.423904779428206,False
lhs_056,recovery_mpc,199,995.0,5.808459033686668,0.0,0.6024442854545119,4.063151569111926,33.423904779428206,False
lhs_056,original_mpc,200,1000.0,5.808459033686668,0.0,0.603986621151969,4.0643943328424585,33.41946879510388,False
lhs_056,recovery_mpc,200,1000.0,5.808459033686668,0.0,0.603986621151969,4.0643943328424585,33.41946879510388,False
lhs_056,original_mpc,201,1005.0,5.657221034595764,0.1512379990909034,0.6054887982181167,4.062690250658829,33.41141390072072,True
lhs_056,recovery_mpc,201,1005.0,5.657221034595764,0.1512379990909034,0.6054887982181167,4.062690250658829,33.41141390072072,True
lhs_056,original_mpc,202,1010.0,5.657221034595764,0.0,0.6069909752842645,4.063716429207341,33.40319111216423,False
lhs_056,recovery_mpc,202,1010.0,5.657221034595764,0.0,0.6069909752842645,4.063716429207341,33.40319111216423,False
lhs_056,original_mpc,203,1015.0,5.657221034595764,0.0,0.6084931523504122,4.064838985907924,33.39484265459376,False
lhs_056,recovery_mpc,203,1015.0,5.657221034595764,0.0,0.6084931523504122,4.064838985907924,33.39484265459376,False
lhs_056,original_mpc,204,1020.0,5.657221034595764,0.0,0.60999532941656,4.066036314851441,33.38640022209515,False
lhs_056,recovery_mpc,204,1020.0,5.657221034595764,0.0,0.60999532941656,4.066036314851441,33.38640022209515,False
lhs_056,original_mpc,205,1025.0,5.657221034595764,0.0,0.6114975064827077,4.06729237620872,33.37788774129904,False
lhs_056,recovery_mpc,205,1025.0,5.657221034595764,0.0,0.6114975064827077,4.06729237620872,33.37788774129904,False
lhs_056,original_mpc,206,1030.0,5.5452589929197105,0.11196204167605384,0.6129699539678021,4.066369960372696,33.36675954985968,True
lhs_056,recovery_mpc,206,1030.0,5.5452589929197105,0.11196204167605384,0.6129699539678021,4.066369960372696,33.36675954985968,True
lhs_056,original_mpc,207,1035.0,5.5452589929197105,0.0,0.6144424014528964,4.067472493433316,33.3555180991648,False
lhs_056,recovery_mpc,207,1035.0,5.5452589929197105,0.0,0.6144424014528964,4.067472493433316,33.3555180991648,False
lhs_056,original_mpc,208,1040.0,5.5452589929197105,0.0,0.6159148489379908,4.068649776025985,33.344195123818174,False
lhs_056,recovery_mpc,208,1040.0,5.5452589929197105,0.0,0.6159148489379908,4.068649776025985,33.344195123818174,False
lhs_056,original_mpc,209,1045.0,5.5452589929197105,0.0,0.6173872964230851,4.069885536477933,33.332814615551875,False
lhs_056,recovery_mpc,209,1045.0,5.5452589929197105,0.0,0.6173872964230851,4.069885536477933,33.332814615551875,False
lhs_056,original_mpc,210,1050.0,5.5452589929197105,0.0,0.6188597439081794,4.071167660959338,33.32139484675203,False
lhs_056,recovery_mpc,210,1050.0,5.5452589929197105,0.0,0.6188597439081794,4.071167660959338,33.32139484675203,False
lhs_056,original_mpc,211,1055.0,5.776896643103126,0.23163765018341564,0.6203936987594584,4.077092565976627,33.315261701872544,True
lhs_056,recovery_mpc,211,1055.0,5.776896643103126,0.23163765018341564,0.6203936987594584,4.077092565976627,33.315261701872544,True
lhs_056,original_mpc,212,1060.0,5.776896643103126,0.0,0.6219276536107373,4.078936791280693,33.30927831015026,False
lhs_056,recovery_mpc,212,1060.0,5.776896643103126,0.0,0.6219276536107373,4.078936791280693,33.30927831015026,False
lhs_056,original_mpc,213,1065.0,5.776896643103126,0.0,0.6234616084620163,4.080716089153003,33.30340797975542,False
lhs_056,recovery_mpc,213,1065.0,5.776896643103126,0.0,0.6234616084620163,4.080716089153003,33.30340797975542,False
lhs_056,original_mpc,214,1070.0,5.776896643103126,0.0,0.6249955633132952,4.082449729929614,33.297623948808756,False
lhs_056,recovery_mpc,214,1070.0,5.776896643103126,0.0,0.6249955633132952,4.082449729929614,33.297623948808756,False
lhs_056,original_mpc,215,1075.0,5.776896643103126,0.0,0.6265295181645741,4.084151779386002,33.29190674106153,False
lhs_056,recovery_mpc,215,1075.0,5.776896643103126,0.0,0.6265295181645741,4.084151779386002,33.29190674106153,False
lhs_056,original_mpc,216,1080.0,6.127050040650944,0.3501533975478175,0.6281564501861303,4.092796334029207,33.29455888217179,True
lhs_056,recovery_mpc,216,1080.0,6.127050040650944,0.3501533975478175,0.6281564501861303,4.092796334029207,33.29455888217179,True
lhs_056,original_mpc,217,1085.0,6.127050040650944,0.0,0.6297833822076865,4.095212112655104,33.297524376804056,False
lhs_056,recovery_mpc,217,1085.0,6.127050040650944,0.0,0.6297833822076865,4.095212112655104,33.297524376804056,False
lhs_056,original_mpc,218,1090.0,6.127050040650944,0.0,0.6314103142292427,4.097482602505587,33.30072231625937,False
lhs_056,recovery_mpc,218,1090.0,6.127050040650944,0.0,0.6314103142292427,4.097482602505587,33.30072231625937,False
lhs_056,original_mpc,219,1095.0,6.127050040650944,0.0,0.6330372462507988,4.099646662426702,33.30409286252396,False
lhs_056,recovery_mpc,219,1095.0,6.127050040650944,0.0,0.6330372462507988,4.099646662426702,33.30409286252396,False
lhs_056,original_mpc,220,1100.0,6.127050040650944,0.0,0.634664178272355,4.1017327982442975,33.30759167776674,False
lhs_056,recovery_mpc,220,1100.0,6.127050040650944,0.0,0.634664178272355,4.1017327982442975,33.30759167776674,False
lhs_056,original_mpc,221,1105.0,5.883699910967917,0.2433501296830265,0.6362264928816485,4.098921070994222,33.30532970659771,True
lhs_056,recovery_mpc,221,1105.0,5.883699910967917,0.2433501296830265,0.6362264928816485,4.098921070994222,33.30532970659771,True
lhs_056,original_mpc,222,1110.0,5.883699910967917,0.0,0.6377888074909419,4.100386946551476,33.302956274229054,False
lhs_056,recovery_mpc,222,1110.0,5.883699910967917,0.0,0.6377888074909419,4.100386946551476,33.302956274229054,False
lhs_056,original_mpc,223,1115.0,5.883699910967917,0.0,0.6393511221002354,4.1019173814144505,33.30050263067201,False
lhs_056,recovery_mpc,223,1115.0,5.883699910967917,0.0,0.6393511221002354,4.1019173814144505,33.30050263067201,False
lhs_056,original_mpc,224,1120.0,5.883699910967917,0.0,0.6409134367095288,4.1034961392230755,33.297991852343145,False
lhs_056,recovery_mpc,224,1120.0,5.883699910967917,0.0,0.6409134367095288,4.1034961392230755,33.297991852343145,False
lhs_056,original_mpc,225,1125.0,5.883699910967917,0.0,0.6424757513188223,4.105111163030075,33.29544100936191,False
lhs_056,recovery_mpc,225,1125.0,5.883699910967917,0.0,0.6424757513188223,4.105111163030075,33.29544100936191,False
lhs_056,original_mpc,226,1130.0,5.633415493967209,0.25028441700070836,0.6439716072359534,4.101774066861367,33.287020973185726,True
lhs_056,recovery_mpc,226,1130.0,5.633415493967209,0.25028441700070836,0.6439716072359534,4.101774066861367,33.287020973185726,True
lhs_056,original_mpc,227,1135.0,5.633415493967209,0.0,0.6454674631530845,4.10290015094255,33.278409136912046,False
lhs_056,recovery_mpc,227,1135.0,5.633415493967209,0.0,0.6454674631530845,4.10290015094255,33.278409136912046,False
lhs_056,original_mpc,228,1140.0,5.633415493967209,0.0,0.6469633190702155,4.104139796911662,33.269660251728176,False
lhs_056,recovery_mpc,228,1140.0,5.633415493967209,0.0,0.6469633190702155,4.104139796911662,33.269660251728176,False
lhs_056,original_mpc,229,1145.0,5.633415493967209,0.0,0.6484591749873466,4.105464133128474,33.260814996146664,False
lhs_056,recovery_mpc,229,1145.0,5.633415493967209,0.0,0.6484591749873466,4.105464133128474,33.260814996146664,False
lhs_056,original_mpc,230,1150.0,5.633415493967209,0.0,0.6499550309044777,4.106851789383279,33.251903688025955,False
lhs_056,recovery_mpc,230,1150.0,5.633415493967209,0.0,0.6499550309044777,4.106851789383279,33.251903688025955,False
lhs_056,original_mpc,231,1155.0,5.46223886317334,0.1711766307938687,0.6514054338319755,4.104881195992735,33.23907483403004,True
lhs_056,recovery_mpc,231,1155.0,5.46223886317334,0.1711766307938687,0.6514054338319755,4.104881195992735,33.23907483403004,True
lhs_056,original_mpc,232,1160.0,5.46223886317334,0.0,0.6528558367594732,4.105984821320061,33.22610606158545,False
lhs_056,recovery_mpc,232,1160.0,5.46223886317334,0.0,0.6528558367594732,4.105984821320061,33.22610606158545,False
lhs_056,original_mpc,233,1165.0,5.46223886317334,0.0,0.654306239686971,4.1071824977304034,33.213041715600376,False
lhs_056,recovery_mpc,233,1165.0,5.46223886317334,0.0,0.654306239686971,4.1071824977304034,33.213041715600376,False
lhs_056,original_mpc,234,1170.0,5.46223886317334,0.0,0.6557566426144688,4.108450503367092,33.19991494668706,False
lhs_056,recovery_mpc,234,1170.0,5.46223886317334,0.0,0.6557566426144688,4.108450503367092,33.19991494668706,False
lhs_056,original_mpc,235,1175.0,5.46223886317334,0.0,0.6572070455419665,4.1097712516289,33.18675065268725,False
lhs_056,recovery_mpc,235,1175.0,5.46223886317334,0.0,0.6572070455419665,4.1097712516289,33.18675065268725,False
lhs_056,original_mpc,236,1180.0,5.204105011268309,0.2581338519050309,0.6585889054958105,4.105995974473268,33.16791047746362,True
lhs_056,recovery_mpc,236,1180.0,5.204105011268309,0.2581338519050309,0.6585889054958105,4.105995974473268,33.16791047746362,True
lhs_056,original_mpc,237,1185.0,5.204105011268309,0.0,0.6599707654496545,4.10683286117981,33.148903953974035,False
lhs_056,recovery_mpc,237,1185.0,5.204105011268309,0.0,0.6599707654496545,4.10683286117981,33.148903953974035,False
lhs_056,original_mpc,238,1190.0,5.204105011268309,0.0,0.6613526254034985,4.107793787162601,33.129787286524795,False
lhs_056,recovery_mpc,238,1190.0,5.204105011268309,0.0,0.6613526254034985,4.107793787162601,33.129787286524795,False
lhs_056,original_mpc,239,1195.0,5.204105011268309,0.0,0.6627344853573425,4.108847420754206,33.110602527775605,False
lhs_056,recovery_mpc,239,1195.0,5.204105011268309,0.0,0.6627344853573425,4.108847420754206,33.110602527775605,False
lhs_056,original_mpc,240,1200.0,5.204105011268309,0.0,0.6641163453111865,4.109970564615383,33.09138129671498,False
lhs_056,recovery_mpc,240,1200.0,5.204105011268309,0.0,0.6641163453111865,4.109970564615383,33.09138129671498,False
lhs_056,original_mpc,241,1205.0,5.036426913600332,0.16767809766797726,0.6654536812502763,4.107810260093109,33.06860131251645,True
lhs_056,recovery_mpc,241,1205.0,5.036426913600332,0.16767809766797726,0.6654536812502763,4.107810260093109,33.06860131251645,True
lhs_056,original_mpc,242,1210.0,5.036426913600332,0.0,0.6667910171893661,4.108666056307784,33.04572635663453,False
lhs_056,recovery_mpc,242,1210.0,5.036426913600332,0.0,0.6667910171893661,4.108666056307784,33.04572635663453,False
lhs_056,original_mpc,243,1215.0,5.036426913600332,0.0,0.6681283531284559,4.109617750301572,33.02279872116447,False
lhs_056,recovery_mpc,243,1215.0,5.036426913600332,0.0,0.6681283531284559,4.109617750301572,33.02279872116447,False
lhs_056,original_mpc,244,1220.0,5.036426913600332,0.0,0.6694656890675457,4.110641394321006,32.99985024947494,False
lhs_056,recovery_mpc,244,1220.0,5.036426913600332,0.0,0.6694656890675457,4.110641394321006,32.99985024947494,False
lhs_056,original_mpc,245,1225.0,5.036426913600332,0.0,0.6708030250066355,4.111719223537876,32.97690506941587,False
lhs_056,recovery_mpc,245,1225.0,5.036426913600332,0.0,0.6708030250066355,4.111719223537876,32.97690506941587,False
lhs_056,original_mpc,246,1230.0,4.841898371738468,0.19452854186186386,0.6720887072605485,4.1089686727830275,32.94999694300515,True
lhs_056,recovery_mpc,246,1230.0,4.841898371738468,0.19452854186186386,0.6720887072605485,4.1089686727830275,32.94999694300515,True
lhs_056,original_mpc,247,1235.0,4.841898371738468,0.0,0.6733743895144615,4.1097025629831005,32.92301283155292,False
lhs_056,recovery_mpc,247,1235.0,4.841898371738468,0.0,0.6733743895144615,4.1097025629831005,32.92301283155292,False
lhs_056,original_mpc,248,1240.0,4.841898371738468,0.0,0.6746600717683745,4.110536767539313,32.895995412004766,False
lhs_056,recovery_mpc,248,1240.0,4.841898371738468,0.0,0.6746600717683745,4.110536767539313,32.895995412004766,False
lhs_056,original_mpc,249,1245.0,4.841898371738468,0.0,0.6759457540222875,4.111446240422338,32.868976839176646,False
lhs_056,recovery_mpc,249,1245.0,4.841898371738468,0.0,0.6759457540222875,4.111446240422338,32.868976839176646,False
lhs_056,original_mpc,250,1250.0,4.841898371738468,0.0,0.6772314362762005,4.112412406029327,32.84198149683712,False
lhs_056,recovery_mpc,250,1250.0,4.841898371738468,0.0,0.6772314362762005,4.112412406029327,32.84198149683712,False
lhs_056,original_mpc,251,1255.0,4.735563617388295,0.10633475435017292,0.6784888831777485,4.111306764663443,32.81291364126547,True
lhs_056,recovery_mpc,251,1255.0,4.735563617388295,0.10633475435017292,0.6784888831777485,4.111306764663443,32.81291364126547,True
lhs_056,original_mpc,252,1260.0,4.735563617388295,0.0,0.6797463300792964,4.112121429617718,32.7838424026811,False
lhs_056,recovery_mpc,252,1260.0,4.735563617388295,0.0,0.6797463300792964,4.112121429617718,32.7838424026811,False
lhs_056,original_mpc,253,1265.0,4.735563617388295,0.0,0.6810037769808444,4.11300286412696,32.75479586185372,False
lhs_056,recovery_mpc,253,1265.0,4.735563617388295,0.0,0.6810037769808444,4.11300286412696,32.75479586185372,False
lhs_056,original_mpc,254,1270.0,4.735563617388295,0.0,0.6822612238823923,4.1139346093346845,32.72579536431169,False
lhs_056,recovery_mpc,254,1270.0,4.735563617388295,0.0,0.6822612238823923,4.1139346093346845,32.72579536431169,False
lhs_056,original_mpc,255,1275.0,4.735563617388295,0.0,0.6835186707839402,4.11490441454526,32.69685726906458,False
lhs_056,recovery_mpc,255,1275.0,4.735563617388295,0.0,0.6835186707839402,4.11490441454526,32.69685726906458,False
lhs_056,original_mpc,256,1280.0,4.588845723673239,0.1467178937150564,0.6847371592898758,4.112986041791029,32.66515057470763,True
lhs_056,recovery_mpc,256,1280.0,4.588845723673239,0.1467178937150564,0.6847371592898758,4.112986041791029,32.66515057470763,True
lhs_056,original_mpc,257,1285.0,4.588845723673239,0.0,0.6859556477958113,4.113694399343062,32.63344897846306,False
lhs_056,recovery_mpc,257,1285.0,4.588845723673239,0.0,0.6859556477958113,4.113694399343062,32.63344897846306,False
lhs_056,original_mpc,258,1290.0,4.588845723673239,0.0,0.6871741363017468,4.114477488707812,32.60178298562403,False
lhs_056,recovery_mpc,258,1290.0,4.588845723673239,0.0,0.6871741363017468,4.114477488707812,32.60178298562403,False
lhs_056,original_mpc,259,1295.0,4.588845723673239,0.0,0.6883926248076824,4.115316675952751,32.57017569371365,False
lhs_056,recovery_mpc,259,1295.0,4.588845723673239,0.0,0.6883926248076824,4.115316675952751,32.57017569371365,False
lhs_056,original_mpc,260,1300.0,4.588845723673239,0.0,0.6896111133136179,4.116198111586373,32.538644720599535,False
lhs_056,recovery_mpc,260,1300.0,4.588845723673239,0.0,0.6896111133136179,4.116198111586373,32.538644720599535,False
lhs_056,original_mpc,261,1305.0,4.46885625916837,0.11998946450486869,0.6907977406953979,4.114726481896556,32.50494184062816,True
lhs_056,recovery_mpc,261,1305.0,4.46885625916837,0.11998946450486869,0.6907977406953979,4.114726481896556,32.50494184062816,True
lhs_056,original_mpc,262,1310.0,4.46885625916837,0.0,0.6919843680771779,4.115409261856443,32.47127595750882,False
lhs_056,recovery_mpc,262,1310.0,4.46885625916837,0.0,0.6919843680771779,4.115409261856443,32.47127595750882,False
lhs_056,original_mpc,263,1315.0,4.46885625916837,0.0,0.6931709954589579,4.116157787358316,32.437673367859205,False
lhs_056,recovery_mpc,263,1315.0,4.46885625916837,0.0,0.6931709954589579,4.116157787358316,32.437673367859205,False
lhs_056,original_mpc,264,1320.0,4.46885625916837,0.0,0.6943576228407379,4.116955636929183,32.404154015677165,False
lhs_056,recovery_mpc,264,1320.0,4.46885625916837,0.0,0.6943576228407379,4.116955636929183,32.404154015677165,False
lhs_056,original_mpc,265,1325.0,4.46885625916837,0.0,0.6955442502225179,4.117790593485651,32.37073314189236,False
lhs_056,recovery_mpc,265,1325.0,4.46885625916837,0.0,0.6955442502225179,4.117790593485651,32.37073314189236,False
lhs_056,original_mpc,266,1330.0,4.390877314068258,0.07797894510011183,0.6967101716459739,4.117104078809466,32.33598628232348,True
lhs_056,recovery_mpc,266,1330.0,4.390877314068258,0.07797894510011183,0.6967101716459739,4.117104078809466,32.33598628232348,True
lhs_056,original_mpc,267,1335.0,4.390877314068258,0.0,0.69787609306943,4.117823125790476,32.30131823383393,False
lhs_056,recovery_mpc,267,1335.0,4.390877314068258,0.0,0.69787609306943,4.117823125790476,32.30131823383393,False
lhs_056,original_mpc,268,1340.0,4.390877314068258,0.0,0.699042014492886,4.118588973555622,32.266747719142664,False
lhs_056,recovery_mpc,268,1340.0,4.390877314068258,0.0,0.699042014492886,4.118588973555622,32.266747719142664,False
lhs_056,original_mpc,269,1345.0,4.390877314068258,0.0,0.7002079359163421,4.119389974914328,32.23228902206858,False
lhs_056,recovery_mpc,269,1345.0,4.390877314068258,0.0,0.7002079359163421,4.119389974914328,32.23228902206858,False
lhs_056,original_mpc,270,1350.0,4.390877314068258,0.0,0.7013738573397982,4.120220564236893,32.197953132673696,False
lhs_056,recovery_mpc,270,1350.0,4.390877314068258,0.0,0.7013738573397982,4.120220564236893,32.197953132673696,False
lhs_056,original_mpc,271,1355.0,4.177779652307695,0.2130976617605631,0.7024831943698941,4.116842673620202,32.159937138309424,True
lhs_056,recovery_mpc,271,1355.0,4.177779652307695,0.2130976617605631,0.7024831943698941,4.116842673620202,32.159937138309424,True
lhs_056,original_mpc,272,1360.0,4.177779652307695,0.0,0.7035925313999901,4.117267615514064,32.12195398237211,False
lhs_056,recovery_mpc,272,1360.0,4.177779652307695,0.0,0.7035925313999901,4.117267615514064,32.12195398237211,False
lhs_056,original_mpc,273,1365.0,4.177779652307695,0.0,0.7047018684300861,4.117792685609503,32.0840390031375,False
lhs_056,recovery_mpc,273,1365.0,4.177779652307695,0.0,0.7047018684300861,4.117792685609503,32.0840390031375,False
lhs_056,original_mpc,274,1370.0,4.177779652307695,0.0,0.7058112054601821,4.11839379294511,32.046218735946596,False
lhs_056,recovery_mpc,274,1370.0,4.177779652307695,0.0,0.7058112054601821,4.11839379294511,32.046218735946596,False
lhs_056,original_mpc,275,1375.0,4.177779652307695,0.0,0.706920542490278,4.119053113925535,32.008513213886665,False
lhs_056,recovery_mpc,275,1375.0,4.177779652307695,0.0,0.706920542490278,4.119053113925535,32.008513213886665,False
lhs_056,original_mpc,276,1380.0,4.091571770283298,0.08620788202439744,0.7080069885103699,4.118045025585033,31.969447639199416,True
lhs_056,recovery_mpc,276,1380.0,4.091571770283298,0.08620788202439744,0.7080069885103699,4.118045025585033,31.969447639199416,True
lhs_056,original_mpc,277,1385.0,4.091571770283298,0.0,0.7090934345304618,4.11860245923129,31.93048238309757,False
lhs_056,recovery_mpc,277,1385.0,4.091571770283298,0.0,0.7090934345304618,4.11860245923129,31.93048238309757,False
lhs_056,original_mpc,278,1390.0,4.091571770283298,0.0,0.7101798805505537,4.119221653805681,31.89163823086902,False
lhs_056,recovery_mpc,278,1390.0,4.091571770283298,0.0,0.7101798805505537,4.119221653805681,31.89163823086902,False
lhs_056,original_mpc,279,1395.0,4.091571770283298,0.0,0.7112663265706456,4.11988850855433,31.852930927572437,False
lhs_056,recovery_mpc,279,1395.0,4.091571770283298,0.0,0.7112663265706456,4.11988850855433,31.852930927572437,False
lhs_056,original_mpc,280,1400.0,4.091571770283298,0.0,0.7123527725907375,4.120592556967477,31.814372482627483,False
lhs_056,recovery_mpc,280,1400.0,4.091571770283298,0.0,0.7123527725907375,4.120592556967477,31.814372482627483,False
lhs_056,original_mpc,281,1405.0,3.865323019703019,0.22624875058027882,0.713379142173602,4.116832233127266,31.772192116416644,True
lhs_056,recovery_mpc,281,1405.0,3.865323019703019,0.22624875058027882,0.713379142173602,4.116832233127266,31.772192116416644,True
lhs_056,original_mpc,282,1410.0,3.865323019703019,0.0,0.7144055117564665,4.117111764709555,31.73007470366474,False
lhs_056,recovery_mpc,282,1410.0,3.865323019703019,0.0,0.7144055117564665,4.117111764709555,31.73007470366474,False
lhs_056,original_mpc,283,1415.0,3.865323019703019,0.0,0.715431881339331,4.117499405854647,31.688055252304384,False
lhs_056,recovery_mpc,283,1415.0,3.865323019703019,0.0,0.715431881339331,4.117499405854647,31.688055252304384,False
lhs_056,original_mpc,284,1420.0,3.865323019703019,0.0,0.7164582509221955,4.117969186253336,31.646159991480182,False
lhs_056,recovery_mpc,284,1420.0,3.865323019703019,0.0,0.7164582509221955,4.117969186253336,31.646159991480182,False
lhs_056,original_mpc,285,1425.0,3.865323019703019,0.0,0.71748462050506,4.118501893235133,31.604408666604353,False
lhs_056,recovery_mpc,285,1425.0,3.865323019703019,0.0,0.71748462050506,4.118501893235133,31.604408666604353,False
lhs_056,original_mpc,286,1430.0,3.744673520650127,0.12064949905289168,0.7184789537030262,4.1166871302952615,31.560882509237672,True
lhs_056,recovery_mpc,286,1430.0,3.744673520650127,0.12064949905289168,0.7184789537030262,4.1166871302952615,31.560882509237672,True
lhs_056,original_mpc,287,1435.0,3.744673520650127,0.0,0.7194732869009923,4.117052199988136,31.517474413220114,False
lhs_056,recovery_mpc,287,1435.0,3.744673520650127,0.0,0.7194732869009923,4.117052199988136,31.517474413220114,False
lhs_056,original_mpc,288,1440.0,3.744673520650127,0.0,0.7204676200989585,4.117494913023558,31.474208175690123,False
lhs_056,recovery_mpc,288,1440.0,3.744673520650127,0.0,0.7204676200989585,4.117494913023558,31.474208175690123,False
lhs_056,original_mpc,289,1445.0,3.744673520650127,0.0,0.7214619532969246,4.117997293557755,31.43110171226739,False
lhs_056,recovery_mpc,289,1445.0,3.744673520650127,0.0,0.7214619532969246,4.117997293557755,31.43110171226739,False
lhs_056,original_mpc,290,1450.0,3.744673520650127,0.0,0.7224562864948908,4.118546014429247,31.388168584856526,False
lhs_056,recovery_mpc,290,1450.0,3.744673520650127,0.0,0.7224562864948908,4.118546014429247,31.388168584856526,False
lhs_056,original_mpc,291,1455.0,3.722911320682557,0.02176219996757034,0.7234448411175635,4.1186989987566776,31.34507851196564,True
lhs_056,recovery_mpc,291,1455.0,3.722911320682557,0.02176219996757034,0.7234448411175635,4.1186989987566776,31.34507851196564,True
lhs_056,original_mpc,292,1460.0,3.722911320682557,0.0,0.7244333957402361,4.119267353175139,31.30217057111598,False
lhs_056,recovery_mpc,292,1460.0,3.722911320682557,0.0,0.7244333957402361,4.119267353175139,31.30217057111598,False
lhs_056,original_mpc,293,1465.0,3.722911320682557,0.0,0.7254219503629088,4.119867794409207,31.25945360270586,False
lhs_056,recovery_mpc,293,1465.0,3.722911320682557,0.0,0.7254219503629088,4.119867794409207,31.25945360270586,False
lhs_056,original_mpc,294,1470.0,3.722911320682557,0.0,0.7264105049855815,4.1204939927415,31.216934395694857,False
lhs_056,recovery_mpc,294,1470.0,3.722911320682557,0.0,0.7264105049855815,4.1204939927415,31.216934395694857,False
lhs_056,original_mpc,295,1475.0,3.722911320682557,0.0,0.7273990596082541,4.121141204641234,31.174618204988636,False
lhs_056,recovery_mpc,295,1475.0,3.722911320682557,0.0,0.7273990596082541,4.121141204641234,31.174618204988636,False
lhs_056,original_mpc,296,1480.0,3.5999306523585273,0.12298066832402954,0.7283549588444029,4.11936378674232,31.130623706002073,True
lhs_056,recovery_mpc,296,1480.0,3.5999306523585273,0.12298066832402954,0.7283549588444029,4.11936378674232,31.130623706002073,True
lhs_056,original_mpc,297,1485.0,3.5999306523585273,0.0,0.7293108580805517,4.119784193406872,31.08678741048744,False
lhs_056,recovery_mpc,297,1485.0,3.5999306523585273,0.0,0.7293108580805517,4.119784193406872,31.08678741048744,False
lhs_056,original_mpc,298,1490.0,3.5999306523585273,0.0,0.7302667573167005,4.1202655686877465,31.04312682644447,False
lhs_056,recovery_mpc,298,1490.0,3.5999306523585273,0.0,0.7302667573167005,4.1202655686877465,31.04312682644447,False
lhs_056,original_mpc,299,1495.0,3.5999306523585273,0.0,0.7312226565528493,4.120793984494583,30.999655082826052,False
lhs_056,recovery_mpc,299,1495.0,3.5999306523585273,0.0,0.7312226565528493,4.120793984494583,30.999655082826052,False
lhs_056,original_mpc,300,1500.0,3.5999306523585273,0.0,0.7321785557889982,4.121359105361126,30.956382065960803,False
lhs_056,recovery_mpc,300,1500.0,3.5999306523585273,0.0,0.7321785557889982,4.121359105361126,30.956382065960803,False
lhs_056,original_mpc,301,1505.0,3.5377917223898487,0.062138929968678536,0.7331179551085019,4.120719424097782,30.912387585132663,True
lhs_056,recovery_mpc,301,1505.0,3.5377917223898487,0.062138929968678536,0.7331179551085019,4.120719424097782,30.912387585132663,True
lhs_056,original_mpc,302,1510.0,3.5377917223898487,0.0,0.7340573544280056,4.121206080775522,30.868579190623464,False
lhs_056,recovery_mpc,302,1510.0,3.5377917223898487,0.0,0.7340573544280056,4.121206080775522,30.868579190623464,False
lhs_056,original_mpc,303,1515.0,3.5377917223898487,0.0,0.7349967537475093,4.121736124009323,30.824968605302576,False
lhs_056,recovery_mpc,303,1515.0,3.5377917223898487,0.0,0.7349967537475093,4.121736124009323,30.824968605302576,False
lhs_056,original_mpc,304,1520.0,3.5377917223898487,0.0,0.735936153067013,4.122300084805412,30.78156463105299,False
lhs_056,recovery_mpc,304,1520.0,3.5377917223898487,0.0,0.735936153067013,4.122300084805412,30.78156463105299,False
lhs_056,original_mpc,305,1525.0,3.5377917223898487,0.0,0.7368755523865167,4.122890915762715,30.73837390060145,False
lhs_056,recovery_mpc,305,1525.0,3.5377917223898487,0.0,0.7368755523865167,4.122890915762715,30.73837390060145,False
lhs_056,original_mpc,306,1530.0,3.4993388730646497,0.03845284932519899,0.7378047412178618,4.122739901035548,30.69483757594316,True
lhs_056,recovery_mpc,306,1530.0,3.4993388730646497,0.03845284932519899,0.7378047412178618,4.122739901035548,30.69483757594316,True
lhs_056,original_mpc,307,1535.0,3.4993388730646497,0.0,0.7387339300492068,4.1232891431811245,30.65150740553277,False
lhs_056,recovery_mpc,307,1535.0,3.4993388730646497,0.0,0.7387339300492068,4.1232891431811245,30.65150740553277,False
lhs_056,original_mpc,308,1540.0,3.4993388730646497,0.0,0.7396631188805519,4.123868174859691,30.608390819435503,False
lhs_056,recovery_mpc,308,1540.0,3.4993388730646497,0.0,0.7396631188805519,4.123868174859691,30.608390819435503,False
lhs_056,original_mpc,309,1545.0,3.4993388730646497,0.0,0.740592307711897,4.124470882164114,30.565493386369468,False
lhs_056,recovery_mpc,309,1545.0,3.4993388730646497,0.0,0.740592307711897,4.124470882164114,30.565493386369468,False
lhs_056,original_mpc,310,1550.0,3.4993388730646497,0.0,0.7415214965432421,4.125092694962165,30.52281928773557,False
lhs_056,recovery_mpc,310,1550.0,3.4993388730646497,0.0,0.7415214965432421,4.125092694962165,30.52281928773557,False
lhs_056,original_mpc,311,1555.0,3.3086232966621463,0.19071557640250347,0.74240004415635,4.121943954875564,30.477654054728628,True
lhs_056,recovery_mpc,311,1555.0,3.3086232966621463,0.19071557640250347,0.74240004415635,4.121943954875564,30.477654054728628,True
lhs_056,original_mpc,312,1560.0,3.3086232966621463,0.0,0.7432785917694579,4.122193783239359,30.43264323472761,False
lhs_056,recovery_mpc,312,1560.0,3.3086232966621463,0.0,0.7432785917694579,4.122193783239359,30.43264323472761,False
lhs_056,original_mpc,313,1565.0,3.3086232966621463,0.0,0.7441571393825658,4.122529633675066,30.387809900443905,False
lhs_056,recovery_mpc,313,1565.0,3.3086232966621463,0.0,0.7441571393825658,4.122529633675066,30.387809900443905,False
lhs_056,original_mpc,314,1570.0,3.3086232966621463,0.0,0.7450356869956737,4.122930873288059,30.34317115914026,False
lhs_056,recovery_mpc,314,1570.0,3.3086232966621463,0.0,0.7450356869956737,4.122930873288059,30.34317115914026,False
lhs_056,original_mpc,315,1575.0,3.3086232966621463,0.0,0.7459142346087816,4.1233822371137405,30.298739713545288,False
lhs_056,recovery_mpc,315,1575.0,3.3086232966621463,0.0,0.7459142346087816,4.1233822371137405,30.298739713545288,False
lhs_056,original_mpc,316,1580.0,3.377997562753458,0.06937426609131192,0.7468112033567305,4.125249580969773,30.255490230164476,True
lhs_056,recovery_mpc,316,1580.0,3.377997562753458,0.06937426609131192,0.7468112033567305,4.125249580969773,30.255490230164476,True
lhs_056,original_mpc,317,1585.0,3.377997562753458,0.0,0.7477081721046793,4.1259158404315714,30.21249204417193,False
lhs_056,recovery_mpc,317,1585.0,3.377997562753458,0.0,0.7477081721046793,4.1259158404315714,30.21249204417193,False
lhs_056,original_mpc,318,1590.0,3.377997562753458,0.0,0.7486051408526282,4.126579007931906,30.169742543289953,False
lhs_056,recovery_mpc,318,1590.0,3.377997562753458,0.0,0.7486051408526282,4.126579007931906,30.169742543289953,False
lhs_056,original_mpc,319,1595.0,3.377997562753458,0.0,0.7495021096005771,4.1272413650281266,30.127239803142203,False
lhs_056,recovery_mpc,319,1595.0,3.377997562753458,0.0,0.7495021096005771,4.1272413650281266,30.127239803142203,False
lhs_056,original_mpc,320,1600.0,3.377997562753458,0.0,0.7503990783485259,4.127904530272628,30.084982388597837,False
lhs_056,recovery_mpc,320,1600.0,3.377997562753458,0.0,0.7503990783485259,4.127904530272628,30.084982388597837,False
lhs_056,original_mpc,321,1605.0,3.1816339173416313,0.19636364541182694,0.7512439061313332,4.124671863178234,30.040283234337387,True
lhs_056,recovery_mpc,321,1605.0,3.1816339173416313,0.19636364541182694,0.7512439061313332,4.124671863178234,30.040283234337387,True
lhs_056,original_mpc,322,1610.0,3.1816339173416313,0.0,0.7520887339141404,4.1249276596720845,29.99575298383641,False
lhs_056,recovery_mpc,322,1610.0,3.1816339173416313,0.0,0.7520887339141404,4.1249276596720845,29.99575298383641,False
lhs_056,original_mpc,323,1615.0,3.1816339173416313,0.0,0.7529335616969477,4.12526381867371,29.95141217429709,False
lhs_056,recovery_mpc,323,1615.0,3.1816339173416313,0.0,0.7529335616969477,4.12526381867371,29.95141217429709,False
lhs_056,original_mpc,324,1620.0,3.1816339173416313,0.0,0.753778389479755,4.125660981414126,29.90727596136141,False
lhs_056,recovery_mpc,324,1620.0,3.1816339173416313,0.0,0.753778389479755,4.125660981414126,29.90727596136141,False
lhs_056,original_mpc,325,1625.0,3.1816339173416313,0.0,0.7546232172625622,4.126104828739418,29.863355528988546,False
lhs_056,recovery_mpc,325,1625.0,3.1816339173416313,0.0,0.7546232172625622,4.126104828739418,29.863355528988546,False
lhs_056,original_mpc,326,1630.0,3.0448701713516857,0.13676374598994556,0.7554317298012858,4.123870218207854,29.817870872477638,True
lhs_056,recovery_mpc,326,1630.0,3.0448701713516857,0.13676374598994556,0.7554317298012858,4.123870218207854,29.817870872477638,True
lhs_056,original_mpc,327,1635.0,3.0448701713516857,0.0,0.7562402423400094,4.1240915651916845,29.772567894887345,False
lhs_056,recovery_mpc,327,1635.0,3.0448701713516857,0.0,0.7562402423400094,4.1240915651916845,29.772567894887345,False
lhs_056,original_mpc,328,1640.0,3.0448701713516857,0.0,0.757048754878733,4.124388967375196,29.727464958811012,False
lhs_056,recovery_mpc,328,1640.0,3.0448701713516857,0.0,0.757048754878733,4.124388967375196,29.727464958811012,False
lhs_056,original_mpc,329,1645.0,3.0448701713516857,0.0,0.7578572674174566,4.124744336526186,29.68257561778356,False
lhs_056,recovery_mpc,329,1645.0,3.0448701713516857,0.0,0.7578572674174566,4.124744336526186,29.68257561778356,False
lhs_056,original_mpc,330,1650.0,3.0448701713516857,0.0,0.7586657799561802,4.125144284571733,29.637909872857357,False
lhs_056,recovery_mpc,330,1650.0,3.0448701713516857,0.0,0.7586657799561802,4.125144284571733,29.637909872857357,False
lhs_056,original_mpc,331,1655.0,2.9751201271045584,0.06975004424712727,0.7594557715786819,4.124194557821455,29.59259342622828,True
lhs_056,recovery_mpc,331,1655.0,2.9751201271045584,0.06975004424712727,0.7594557715786819,4.124194557821455,29.59259342622828,True
lhs_056,original_mpc,332,1660.0,2.9751201271045584,0.0,0.7602457632011836,4.124510270369602,29.547489247051917,False
lhs_056,recovery_mpc,332,1660.0,2.9751201271045584,0.0,0.7602457632011836,4.124510270369602,29.547489247051917,False
lhs_056,original_mpc,333,1665.0,2.9751201271045584,0.0,0.7610357548236854,4.124875153820056,29.50260823669624,False
lhs_056,recovery_mpc,333,1665.0,2.9751201271045584,0.0,0.7610357548236854,4.124875153820056,29.50260823669624,False
lhs_056,original_mpc,334,1670.0,2.9751201271045584,0.0,0.7618257464461871,4.1252781022359155,29.457958416749495,False
lhs_056,recovery_mpc,334,1670.0,2.9751201271045584,0.0,0.7618257464461871,4.1252781022359155,29.457958416749495,False
lhs_056,original_mpc,335,1675.0,2.9751201271045584,0.0,0.7626157380686888,4.125710870151194,29.41354567570332,False
lhs_056,recovery_mpc,335,1675.0,2.9751201271045584,0.0,0.7626157380686888,4.125710870151194,29.41354567570332,False
lhs_056,original_mpc,336,1680.0,2.871442374417018,0.10367775268754054,0.7633781998595992,4.124109771057765,29.368101151830388,True
lhs_056,recovery_mpc,336,1680.0,2.871442374417018,0.10367775268754054,0.7633781998595992,4.124109771057765,29.368101151830388,True
lhs_056,original_mpc,337,1685.0,2.871442374417018,0.0,0.7641406616505096,4.124368197151913,29.322866378891494,False
lhs_056,recovery_mpc,337,1685.0,2.871442374417018,0.0,0.7641406616505096,4.124368197151913,29.322866378891494,False
lhs_056,original_mpc,338,1690.0,2.871442374417018,0.0,0.7649031234414201,4.124682997601367,29.277853594815078,False
lhs_056,recovery_mpc,338,1690.0,2.871442374417018,0.0,0.7649031234414201,4.124682997601367,29.277853594815078,False
lhs_056,original_mpc,339,1695.0,2.871442374417018,0.0,0.7656655852323305,4.125041183700294,29.23307178470519,False
lhs_056,recovery_mpc,339,1695.0,2.871442374417018,0.0,0.7656655852323305,4.125041183700294,29.23307178470519,False
lhs_056,original_mpc,340,1700.0,2.871442374417018,0.0,0.766428047023241,4.125433124278873,29.188527527546583,False
lhs_056,recovery_mpc,340,1700.0,2.871442374417018,0.0,0.766428047023241,4.125433124278873,29.188527527546583,False
lhs_056,original_mpc,341,1705.0,2.8494005999001577,0.02204177451686018,0.7671846560026784,4.125414258081369,29.143961645263232,True
lhs_056,recovery_mpc,341,1705.0,2.8494005999001577,0.02204177451686018,0.7671846560026784,4.125414258081369,29.143961645263232,True
lhs_056,original_mpc,342,1710.0,2.8494005999001577,0.0,0.7679412649821158,4.125807925935534,29.09963422754356,False
lhs_056,recovery_mpc,342,1710.0,2.8494005999001577,0.0,0.7679412649821158,4.125807925935534,29.09963422754356,False
lhs_056,original_mpc,343,1715.0,2.8494005999001577,0.0,0.7686978739615532,4.126227519278878,29.055549856324674,False
lhs_056,recovery_mpc,343,1715.0,2.8494005999001577,0.0,0.7686978739615532,4.126227519278878,29.055549856324674,False
lhs_056,original_mpc,344,1720.0,2.8494005999001577,0.0,0.7694544829409906,4.126667827266543,29.011711826411748,False
lhs_056,recovery_mpc,344,1720.0,2.8494005999001577,0.0,0.7694544829409906,4.126667827266543,29.011711826411748,False
lhs_056,original_mpc,345,1725.0,2.8494005999001577,0.0,0.770211091920428,4.127124951568369,28.96812247324131,False
lhs_056,recovery_mpc,345,1725.0,2.8494005999001577,0.0,0.770211091920428,4.127124951568369,28.96812247324131,False
lhs_056,original_mpc,346,1730.0,2.6905856398153762,0.15881496008478146,0.7709255303377924,4.12444460125067,28.92293509746566,True
lhs_056,recovery_mpc,346,1730.0,2.6905856398153762,0.15881496008478146,0.7709255303377924,4.12444460125067,28.92293509746566,True
lhs_056,original_mpc,347,1735.0,2.6905856398153762,0.0,0.7716399687551568,4.124595110501107,28.87794897773128,False
lhs_056,recovery_mpc,347,1735.0,2.6905856398153762,0.0,0.7716399687551568,4.124595110501107,28.87794897773128,False
lhs_056,original_mpc,348,1740.0,2.6905856398153762,0.0,0.7723544071725212,4.124817969277792,28.83317919726624,False
lhs_056,recovery_mpc,348,1740.0,2.6905856398153762,0.0,0.7723544071725212,4.124817969277792,28.83317919726624,False
lhs_056,original_mpc,349,1745.0,2.6905856398153762,0.0,0.7730688455898856,4.12509595750294,28.78863679490795,False
lhs_056,recovery_mpc,349,1745.0,2.6905856398153762,0.0,0.7730688455898856,4.12509595750294,28.78863679490795,False
lhs_056,original_mpc,350,1750.0,2.6905856398153762,0.0,0.77378328400725,4.1254163314130174,28.744329823599653,False
lhs_056,recovery_mpc,350,1750.0,2.6905856398153762,0.0,0.77378328400725,4.1254163314130174,28.744329823599653,False
lhs_056,original_mpc,351,1755.0,2.691483787481654,0.0008981476662777155,0.7744979609121718,4.125787464583502,28.70027425465658,True
lhs_056,recovery_mpc,351,1755.0,2.691483787481654,0.0008981476662777155,0.7744979609121718,4.125787464583502,28.70027425465658,True
lhs_056,original_mpc,352,1760.0,2.691483787481654,0.0,0.7752126378170936,4.126168573915081,28.65646444381476,False
lhs_056,recovery_mpc,352,1760.0,2.691483787481654,0.0,0.7752126378170936,4.126168573915081,28.65646444381476,False
lhs_056,original_mpc,353,1765.0,2.691483787481654,0.0,0.7759273147220154,4.126570020407807,28.612903295246642,False
lhs_056,recovery_mpc,353,1765.0,2.691483787481654,0.0,0.7759273147220154,4.126570020407807,28.612903295246642,False
lhs_056,original_mpc,354,1770.0,2.691483787481654,0.0,0.7766419916269371,4.126987983341999,28.56959282592901,False
lhs_056,recovery_mpc,354,1770.0,2.691483787481654,0.0,0.7766419916269371,4.126987983341999,28.56959282592901,False
lhs_056,original_mpc,355,1775.0,2.691483787481654,0.0,0.7773566685318589,4.127419591038596,28.526534388928013,False
lhs_056,recovery_mpc,355,1775.0,2.691483787481654,0.0,0.7773566685318589,4.127419591038596,28.526534388928013,False
lhs_056,original_mpc,356,1780.0,2.659725094253918,0.03175869322773606,0.7780629124658351,4.127232565654443,28.483374773751294,True
lhs_056,recovery_mpc,356,1780.0,2.659725094253918,0.03175869322773606,0.7780629124658351,4.127232565654443,28.483374773751294,True
lhs_056,original_mpc,357,1785.0,2.659725094253918,0.0,0.7787691563998114,4.127619121246895,28.44045850592199,False
lhs_056,recovery_mpc,357,1785.0,2.659725094253918,0.0,0.7787691563998114,4.127619121246895,28.44045850592199,False
lhs_056,original_mpc,358,1790.0,2.659725094253918,0.0,0.7794754003337876,4.128026696956801,28.397788628658756,False
lhs_056,recovery_mpc,358,1790.0,2.659725094253918,0.0,0.7794754003337876,4.128026696956801,28.397788628658756,False
lhs_056,original_mpc,359,1795.0,2.659725094253918,0.0,0.7801816442677638,4.128451121141028,28.355367225881018,False
lhs_056,recovery_mpc,359,1795.0,2.659725094253918,0.0,0.7801816442677638,4.128451121141028,28.355367225881018,False
lhs_056,original_mpc,360,1800.0,2.659725094253918,0.0,0.78088788820174,4.128889269881452,28.31319566688569,False
lhs_056,recovery_mpc,360,1800.0,2.659725094253918,0.0,0.78088788820174,4.128889269881452,28.31319566688569,False
lhs_056,original_mpc,361,1805.0,2.5828619095989094,0.07686318465500852,0.7815737224482542,4.127813889173602,28.270435249413943,True
lhs_056,recovery_mpc,361,1805.0,2.5828619095989094,0.07686318465500852,0.7815737224482542,4.127813889173602,28.270435249413943,True
lhs_056,original_mpc,362,1810.0,2.5828619095989094,0.0,0.7822595566947683,4.128112529925616,28.227902388985967,False
lhs_056,recovery_mpc,362,1810.0,2.5828619095989094,0.0,0.7822595566947683,4.128112529925616,28.227902388985967,False
lhs_056,original_mpc,363,1815.0,2.5828619095989094,0.0,0.7829453909412825,4.128449587831737,28.18560392096788,False
lhs_056,recovery_mpc,363,1815.0,2.5828619095989094,0.0,0.7829453909412825,4.128449587831737,28.18560392096788,False
lhs_056,original_mpc,364,1820.0,2.5828619095989094,0.0,0.7836312251877966,4.128816309696277,28.143544713380813,False
lhs_056,recovery_mpc,364,1820.0,2.5828619095989094,0.0,0.7836312251877966,4.128816309696277,28.143544713380813,False
lhs_056,original_mpc,365,1825.0,2.5828619095989094,0.0,0.7843170594343107,4.129206199953265,28.101728179193803,False
lhs_056,recovery_mpc,365,1825.0,2.5828619095989094,0.0,0.7843170594343107,4.129206199953265,28.101728179193803,False
lhs_056,original_mpc,366,1830.0,2.5165007839124427,0.06636112568646668,0.7849852726332327,4.128297957236964,28.05945099483307,True
lhs_056,recovery_mpc,366,1830.0,2.5165007839124427,0.06636112568646668,0.7849852726332327,4.128297957236964,28.05945099483307,True
lhs_056,original_mpc,367,1835.0,2.5165007839124427,0.0,0.7856534858321547,4.12858244560909,28.01740063639964,False
lhs_056,recovery_mpc,367,1835.0,2.5165007839124427,0.0,0.7856534858321547,4.12858244560909,28.01740063639964,False
lhs_056,original_mpc,368,1840.0,2.5165007839124427,0.0,0.7863216990310766,4.128905019014327,27.975583655136834,False
lhs_056,recovery_mpc,368,1840.0,2.5165007839124427,0.0,0.7863216990310766,4.128905019014327,27.975583655136834,False
lhs_056,original_mpc,369,1845.0,2.5165007839124427,0.0,0.7869899122299986,4.129256988111239,27.934004700096633,False
lhs_056,recovery_mpc,369,1845.0,2.5165007839124427,0.0,0.7869899122299986,4.129256988111239,27.934004700096633,False
lhs_056,original_mpc,370,1850.0,2.5165007839124427,0.0,0.7876581254289206,4.129631905425527,27.89266701346388,False
lhs_056,recovery_mpc,370,1850.0,2.5165007839124427,0.0,0.7876581254289206,4.129631905425527,27.89266701346388,False
lhs_056,original_mpc,371,1855.0,2.505932211938754,0.010568571973688545,0.7883235323265961,4.12981532900205,27.851462517088507,True
lhs_056,recovery_mpc,371,1855.0,2.505932211938754,0.010568571973688545,0.7883235323265961,4.12981532900205,27.851462517088507,True
lhs_056,original_mpc,372,1860.0,2.505932211938754,0.0,0.7889889392242717,4.13020093289685,27.810499771376698,False
lhs_056,recovery_mpc,372,1860.0,2.505932211938754,0.0,0.7889889392242717,4.13020093289685,27.810499771376698,False
lhs_056,original_mpc,373,1865.0,2.505932211938754,0.0,0.7896543461219473,4.130602579058961,27.76978051221622,False
lhs_056,recovery_mpc,373,1865.0,2.505932211938754,0.0,0.7896543461219473,4.130602579058961,27.76978051221622,False
lhs_056,original_mpc,374,1870.0,2.505932211938754,0.0,0.7903197530196229,4.13101718860629,27.72930581218542,False
lhs_056,recovery_mpc,374,1870.0,2.505932211938754,0.0,0.7903197530196229,4.13101718860629,27.72930581218542,False
lhs_056,original_mpc,375,1875.0,2.505932211938754,0.0,0.7909851599172985,4.131442450062855,27.689076248987774,False
lhs_056,recovery_mpc,375,1875.0,2.505932211938754,0.0,0.7909851599172985,4.131442450062855,27.689076248987774,False
lhs_056,original_mpc,376,1880.0,2.4521619661105993,0.05377024582815482,0.7916362890574619,4.130810056727816,27.648539198920133,True
lhs_056,recovery_mpc,376,1880.0,2.4521619661105993,0.05377024582815482,0.7916362890574619,4.130810056727816,27.648539198920133,True
lhs_056,original_mpc,377,1885.0,2.4521619661105993,0.0,0.7922874181976253,4.131139738898286,27.60823166559816,False
lhs_056,recovery_mpc,377,1885.0,2.4521619661105993,0.0,0.7922874181976253,4.131139738898286,27.60823166559816,False
lhs_056,original_mpc,378,1890.0,2.4521619661105993,0.0,0.7929385473377887,4.131497097040366,27.568157826283525,False
lhs_056,recovery_mpc,378,1890.0,2.4521619661105993,0.0,0.7929385473377887,4.131497097040366,27.568157826283525,False
lhs_056,original_mpc,379,1895.0,2.4521619661105993,0.0,0.7935896764779521,4.131875951549573,27.52832054320827,False
lhs_056,recovery_mpc,379,1895.0,2.4521619661105993,0.0,0.7935896764779521,4.131875951549573,27.52832054320827,False
lhs_056,original_mpc,380,1900.0,2.4521619661105993,0.0,0.7942408056181155,4.132271710342879,27.488721705540176,False
lhs_056,recovery_mpc,380,1900.0,2.4521619661105993,0.0,0.7942408056181155,4.132271710342879,27.488721705540176,False
lhs_056,original_mpc,381,1905.0,2.33073988691494,0.12142207919565928,0.7948596932281042,4.130272623615464,27.448151765298363,True
lhs_056,recovery_mpc,381,1905.0,2.33073988691494,0.12142207919565928,0.7948596932281042,4.130272623615464,27.448151765298363,True
lhs_056,original_mpc,382,1910.0,2.33073988691494,0.0,0.795478580838093,4.130439865759434,27.4077885499948,False
lhs_056,recovery_mpc,382,1910.0,2.33073988691494,0.0,0.795478580838093,4.130439865759434,27.4077885499948,False
lhs_056,original_mpc,383,1915.0,2.33073988691494,0.0,0.7960974684480817,4.13066378263238,27.367641832521343,False
lhs_056,recovery_mpc,383,1915.0,2.33073988691494,0.0,0.7960974684480817,4.13066378263238,27.367641832521343,False
lhs_056,original_mpc,384,1920.0,2.33073988691494,0.0,0.7967163560580705,4.130930746005489,27.32771861644308,False
lhs_056,recovery_mpc,384,1920.0,2.33073988691494,0.0,0.7967163560580705,4.130930746005489,27.32771861644308,False
lhs_056,original_mpc,385,1925.0,2.33073988691494,0.0,0.7973352436680592,4.1312306756743125,27.288023862571727,False
lhs_056,recovery_mpc,385,1925.0,2.33073988691494,0.0,0.7973352436680592,4.1312306756743125,27.288023862571727,False
lhs_056,original_mpc,386,1930.0,1.7022599912323526,0.6284798956825874,0.7977872493266348,4.11909131241827,27.242991756968355,True
lhs_056,recovery_mpc,386,1930.0,1.7022599912323526,0.6284798956825874,0.7977872493266348,4.11909131241827,27.242991756968355,True
lhs_056,original_mpc,387,1935.0,1.7022599912323526,0.0,0.7982392549852104,4.11812823221536,27.198078111344344,False
lhs_056,recovery_mpc,387,1935.0,1.7022599912323526,0.0,0.7982392549852104,4.11812823221536,27.198078111344344,False
lhs_056,original_mpc,388,1940.0,1.7022599912323526,0.0,0.798691260643786,4.117427712079674,27.153319952006758,False
lhs_056,recovery_mpc,388,1940.0,1.7022599912323526,0.0,0.798691260643786,4.117427712079674,27.153319952006758,False
lhs_056,original_mpc,389,1945.0,1.7022599912323526,0.0,0.7991432663023617,4.116923660892477,27.1087444642684,False
lhs_056,recovery_mpc,389,1945.0,1.7022599912323526,0.0,0.7991432663023617,4.116923660892477,27.1087444642684,False
lhs_056,original_mpc,390,1950.0,1.7022599912323526,0.0,0.7995952719609373,4.116567327748568,27.06437158987167,False
lhs_056,recovery_mpc,390,1950.0,1.7022599912323526,0.0,0.7995952719609373,4.116567327748568,27.06437158987167,False
lhs_056,original_mpc,391,1955.0,2.287320070929346,0.5850600796969936,0.8002026301907956,4.127925872492708,27.025143267581967,True
lhs_056,recovery_mpc,391,1955.0,2.287320070929346,0.5850600796969936,0.8002026301907956,4.127925872492708,27.025143267581967,True
lhs_056,original_mpc,392,1960.0,2.287320070929346,0.0,0.800809988420654,4.128983991426774,26.986288124142966,False
lhs_056,recovery_mpc,392,1960.0,2.287320070929346,0.0,0.800809988420654,4.128983991426774,26.986288124142966,False
lhs_056,original_mpc,393,1965.0,2.287320070929346,0.0,0.8014173466505123,4.12987790008668,26.947771611482736,False
lhs_056,recovery_mpc,393,1965.0,2.287320070929346,0.0,0.8014173466505123,4.12987790008668,26.947771611482736,False
lhs_056,original_mpc,394,1970.0,2.287320070929346,0.0,0.8020247048803707,4.130651680836133,26.90956802279507,False
lhs_056,recovery_mpc,394,1970.0,2.287320070929346,0.0,0.8020247048803707,4.130651680836133,26.90956802279507,False
lhs_056,original_mpc,395,1975.0,2.287320070929346,0.0,0.802632063110229,4.131337744013005,26.871658143740635,False
lhs_056,recovery_mpc,395,1975.0,2.287320070929346,0.0,0.802632063110229,4.131337744013005,26.871658143740635,False
lhs_056,original_mpc,396,1980.0,1.79752623789265,0.4897938330366962,0.8031093650706524,4.122246681312482,26.829780008404335,True
lhs_056,recovery_mpc,396,1980.0,1.79752623789265,0.4897938330366962,0.8031093650706524,4.122246681312482,26.829780008404335,True
lhs_056,original_mpc,397,1985.0,1.79752623789265,0.0,0.8035866670310758,4.121803701517469,26.78806238900411,False
lhs_056,recovery_mpc,397,1985.0,1.79752623789265,0.0,0.8035866670310758,4.121803701517469,26.78806238900411,False
lhs_056,original_mpc,398,1990.0,1.79752623789265,0.0,0.8040639689914992,4.121519471186181,26.746528340933704,False
lhs_056,recovery_mpc,398,1990.0,1.79752623789265,0.0,0.8040639689914992,4.121519471186181,26.746528340933704,False
lhs_056,original_mpc,399,1995.0,1.79752623789265,0.0,0.8045412709519226,4.121354317339876,26.705194683515874,False
lhs_056,recovery_mpc,399,1995.0,1.79752623789265,0.0,0.8045412709519226,4.121354317339876,26.705194683515874,False
lhs_056,original_mpc,400,2000.0,1.79752623789265,0.0,0.805018572912346,4.121278964120393,26.664073646650102,False
lhs_056,recovery_mpc,400,2000.0,1.79752623789265,0.0,0.805018572912346,4.121278964120393,26.664073646650102,False
lhs_056,original_mpc,401,2005.0,1.2508740246130414,0.5466522132796086,0.8053507208452132,4.110431446936503,26.61931995345544,True
lhs_056,recovery_mpc,401,2005.0,1.2508740246130414,0.5466522132796086,0.8053507208452132,4.110431446936503,26.61931995345544,True
lhs_056,original_mpc,402,2010.0,1.2508740246130414,0.0,0.8056828687780804,4.109339851585733,26.574731634061752,False
lhs_056,recovery_mpc,402,2010.0,1.2508740246130414,0.0,0.8056828687780804,4.109339851585733,26.574731634061752,False
lhs_056,original_mpc,403,2015.0,1.2508740246130414,0.0,0.8060150167109476,4.108503165643705,26.53033450405535,False
lhs_056,recovery_mpc,403,2015.0,1.2508740246130414,0.0,0.8060150167109476,4.108503165643705,26.53033450405535,False
lhs_056,original_mpc,404,2020.0,1.2508740246130414,0.0,0.8063471646438147,4.107857800981951,26.48614742531922,False
lhs_056,recovery_mpc,404,2020.0,1.2508740246130414,0.0,0.8063471646438147,4.107857800981951,26.48614742531922,False
lhs_056,original_mpc,405,2025.0,1.2508740246130414,0.0,0.8066793125766819,4.107356833191339,26.44218414005657,False
lhs_056,recovery_mpc,405,2025.0,1.2508740246130414,0.0,0.8066793125766819,4.107356833191339,26.44218414005657,False
lhs_056,original_mpc,406,2030.0,0.4584377123100188,0.7924363123030227,0.8068010427713266,4.091251702890841,26.394588892754246,True
lhs_056,recovery_mpc,406,2030.0,0.4584377123100188,0.7924363123030227,0.8068010427713266,4.091251702890841,26.394588892754246,True
lhs_056,original_mpc,407,2035.0,0.4584377123100188,0.0,0.8069227729659713,4.08929727237685,26.347241957006645,False
lhs_056,recovery_mpc,407,2035.0,0.4584377123100188,0.0,0.8069227729659713,4.08929727237685,26.347241957006645,False
