initial_state_id,sampling_method,state_soc,state_polarization_fast_v,state_polarization_slow_v,state_average_temperature_c,state_previous_current_a,coverage_distance_standardized,assigned_split
phase6c_targeted_0000,targeted_boundary_sampling,0.1003,0.045,0.03,25.4,0.7142857142857142,,phase6c_train
phase6c_targeted_0001,targeted_boundary_sampling,0.1009,0.0225,0.06,25.8,1.4285714285714284,,phase6c_train
phase6c_targeted_0002,targeted_boundary_sampling,0.1015,0.0675,0.009999999999999998,26.2,2.142857142857143,,phase6c_train
phase6c_targeted_0003,targeted_boundary_sampling,0.10210000000000001,0.01125,0.039999999999999994,26.6,2.8571428571428568,,phase6c_train
phase6c_targeted_0004,targeted_boundary_sampling,0.1027,0.056249999999999994,0.06999999999999999,25.08,3.571428571428571,,phase6c_train
phase6c_targeted_0005,targeted_boundary_sampling,0.1033,0.03375,0.019999999999999997,25.48,4.285714285714286,,phase6c_train
phase6c_targeted_0006,targeted_boundary_sampling,0.1039,0.07875,0.05,25.88,0.1020408163265306,,phase6c_validation
phase6c_targeted_0007,targeted_boundary_sampling,0.10450000000000001,0.005625,0.07999999999999999,26.28,0.8163265306122448,,phase6c_train
phase6c_targeted_0008,targeted_boundary_sampling,0.10510000000000001,0.050624999999999996,0.003333333333333333,26.68,1.5306122448979593,,phase6c_train
phase6c_targeted_0009,targeted_boundary_sampling,0.1057,0.028124999999999997,0.03333333333333333,25.16,2.2448979591836733,,phase6c_train
phase6c_targeted_0010,targeted_boundary_sampling,0.1063,0.073125,0.06333333333333334,25.56,2.9591836734693877,,phase6c_train
phase6c_targeted_0011,targeted_boundary_sampling,0.10690000000000001,0.016875,0.013333333333333332,25.96,3.6734693877551017,,phase6c_train
phase6c_targeted_0012,targeted_boundary_sampling,0.10750000000000001,0.061875,0.04333333333333333,26.36,4.387755102040816,,phase6c_train
phase6c_targeted_0013,targeted_boundary_sampling,0.1081,0.039375,0.07333333333333332,26.76,0.2040816326530612,,phase6c_train
phase6c_targeted_0014,targeted_boundary_sampling,0.1087,0.08437499999999999,0.02333333333333333,25.24,0.9183673469387754,,phase6c_train
phase6c_targeted_0015,targeted_boundary_sampling,0.10930000000000001,0.0028125,0.05333333333333333,25.64,1.6326530612244896,,phase6c_train
phase6c_targeted_0016,targeted_boundary_sampling,0.10990000000000001,0.0478125,0.08333333333333331,26.04,2.346938775510204,,phase6c_train
phase6c_targeted_0017,targeted_boundary_sampling,0.11050000000000001,0.025312499999999998,0.006666666666666666,26.44,3.0612244897959187,,phase6c_train
phase6c_targeted_0018,targeted_boundary_sampling,0.1111,0.0703125,0.03666666666666666,26.84,3.775510204081632,,phase6c_train
phase6c_targeted_0019,targeted_boundary_sampling,0.11170000000000001,0.014062499999999999,0.06666666666666667,25.32,4.489795918367347,,phase6c_train
phase6c_targeted_0020,targeted_boundary_sampling,0.11230000000000001,0.0590625,0.016666666666666666,25.72,0.30612244897959184,,phase6c_train
phase6c_targeted_0021,targeted_boundary_sampling,0.1129,0.0365625,0.04666666666666666,26.12,1.0204081632653061,,phase6c_validation
phase6c_targeted_0022,targeted_boundary_sampling,0.1135,0.0815625,0.07666666666666666,26.52,1.7346938775510203,,phase6c_train
phase6c_targeted_0023,targeted_boundary_sampling,0.11410000000000001,0.0084375,0.026666666666666665,26.92,2.4489795918367347,,phase6c_train
phase6c_targeted_0024,targeted_boundary_sampling,0.11470000000000001,0.0534375,0.056666666666666664,25.016,3.1632653061224487,,phase6c_train
phase6c_targeted_0025,targeted_boundary_sampling,0.11530000000000001,0.0309375,0.08666666666666666,25.416,3.8775510204081627,,phase6c_train
phase6c_targeted_0026,targeted_boundary_sampling,0.1159,0.07593749999999999,0.0011111111111111111,25.816,4.591836734693877,,phase6c_train
phase6c_targeted_0027,targeted_boundary_sampling,0.1165,0.0196875,0.031111111111111107,26.216,0.4081632653061224,,phase6c_train
phase6c_targeted_0028,targeted_boundary_sampling,0.11710000000000001,0.0646875,0.0611111111111111,26.616,1.1224489795918366,,phase6c_validation
phase6c_targeted_0029,targeted_boundary_sampling,0.1177,0.042187499999999996,0.01111111111111111,25.096,1.8367346938775508,,phase6c_train
phase6c_targeted_0030,targeted_boundary_sampling,0.11830000000000002,0.0871875,0.041111111111111105,25.496,2.5510204081632653,,phase6c_train
phase6c_targeted_0031,targeted_boundary_sampling,0.1189,0.00140625,0.07111111111111111,25.896,3.265306122448979,,phase6c_train
phase6c_targeted_0032,targeted_boundary_sampling,0.11950000000000001,0.046406249999999996,0.02111111111111111,26.296,3.979591836734693,,phase6c_train
phase6c_targeted_0033,targeted_boundary_sampling,0.12010000000000001,0.02390625,0.051111111111111114,26.696,4.693877551020408,,phase6c_train
phase6c_targeted_0034,targeted_boundary_sampling,0.1207,0.06890625,0.0811111111111111,25.176,0.510204081632653,,phase6c_train
phase6c_targeted_0035,targeted_boundary_sampling,0.1213,0.012656249999999999,0.0044444444444444444,25.576,1.2244897959183674,,phase6c_train
phase6c_targeted_0036,targeted_boundary_sampling,0.12190000000000001,0.05765625,0.034444444444444444,25.976,1.9387755102040816,,phase6c_train
phase6c_targeted_0037,targeted_boundary_sampling,0.12250000000000001,0.03515625,0.06444444444444444,26.376,2.6530612244897958,,phase6c_train
phase6c_targeted_0038,targeted_boundary_sampling,0.12310000000000001,0.08015625,0.014444444444444444,26.776,3.36734693877551,,phase6c_validation
phase6c_targeted_0039,targeted_boundary_sampling,0.1237,0.007031249999999999,0.04444444444444444,25.256,4.081632653061224,,phase6c_train
phase6c_targeted_0040,targeted_boundary_sampling,0.12430000000000001,0.05203125,0.07444444444444444,25.656,4.795918367346939,,phase6c_train
phase6c_targeted_0041,targeted_boundary_sampling,0.12490000000000001,0.02953125,0.024444444444444442,26.056,0.6122448979591837,,phase6c_train
phase6c_targeted_0042,targeted_boundary_sampling,0.1255,0.07453125,0.05444444444444444,26.456,1.3265306122448979,,phase6c_train
phase6c_targeted_0043,targeted_boundary_sampling,0.12610000000000002,0.01828125,0.08444444444444443,26.856,2.0408163265306123,,phase6c_train
phase6c_targeted_0044,targeted_boundary_sampling,0.1267,0.06328125,0.007777777777777777,25.336,2.7551020408163263,,phase6c_train
phase6c_targeted_0045,targeted_boundary_sampling,0.12730000000000002,0.04078125,0.03777777777777777,25.736,3.4693877551020407,,phase6c_validation
phase6c_targeted_0046,targeted_boundary_sampling,0.1279,0.08578125,0.06777777777777777,26.136,4.183673469387755,,phase6c_train
phase6c_targeted_0047,targeted_boundary_sampling,0.1285,0.00421875,0.017777777777777778,26.536,4.8979591836734695,,phase6c_train
phase6c_targeted_0048,targeted_boundary_sampling,0.12910000000000002,0.04921875,0.047777777777777766,26.936,0.014577259475218658,,phase6c_train
phase6c_targeted_0049,targeted_boundary_sampling,0.1297,0.02671875,0.07777777777777777,25.032,0.7288629737609329,,phase6c_train
phase6c_targeted_0050,targeted_boundary_sampling,0.13030000000000003,0.07171875,0.027777777777777776,25.432,1.443148688046647,,phase6c_train
phase6c_targeted_0051,targeted_boundary_sampling,0.13090000000000002,0.01546875,0.057777777777777775,25.832,2.1574344023323615,,phase6c_validation
phase6c_targeted_0052,targeted_boundary_sampling,0.1315,0.060468749999999995,0.08777777777777776,26.232,2.8717201166180755,,phase6c_train
phase6c_targeted_0053,targeted_boundary_sampling,0.1321,0.037968749999999996,0.0022222222222222222,26.632,3.5860058309037894,,phase6c_validation
phase6c_targeted_0054,targeted_boundary_sampling,0.1327,0.08296875,0.03222222222222222,25.112,4.300291545189504,,phase6c_train
phase6c_targeted_0055,targeted_boundary_sampling,0.1333,0.00984375,0.062222222222222213,25.512,0.11661807580174927,,phase6c_train
phase6c_targeted_0056,targeted_boundary_sampling,0.13390000000000002,0.05484375,0.012222222222222221,25.912,0.8309037900874634,,phase6c_train
phase6c_targeted_0057,targeted_boundary_sampling,0.1345,0.03234375,0.04222222222222222,26.312,1.5451895043731778,,phase6c_validation
phase6c_targeted_0058,targeted_boundary_sampling,0.1351,0.07734375,0.07222222222222222,26.712,2.259475218658892,,phase6c_train
phase6c_targeted_0059,targeted_boundary_sampling,0.13570000000000002,0.021093749999999998,0.02222222222222222,25.192,2.9737609329446064,,phase6c_train
phase6c_targeted_0060,targeted_boundary_sampling,0.1363,0.06609374999999999,0.052222222222222225,25.592,3.6880466472303204,,phase6c_train
phase6c_targeted_0061,targeted_boundary_sampling,0.13690000000000002,0.04359375,0.08222222222222221,25.992,4.402332361516034,,phase6c_train
phase6c_targeted_0062,targeted_boundary_sampling,0.1375,0.08859375,0.005555555555555555,26.392,0.21865889212827988,,phase6c_train
phase6c_targeted_0063,targeted_boundary_sampling,0.1381,0.000703125,0.035555555555555556,26.792,0.932944606413994,,phase6c_validation
phase6c_targeted_0064,targeted_boundary_sampling,0.13870000000000002,0.045703125,0.06555555555555556,25.272,1.6472303206997083,,phase6c_train
phase6c_targeted_0065,targeted_boundary_sampling,0.1393,0.023203124999999998,0.015555555555555553,25.672,2.3615160349854225,,phase6c_train
phase6c_targeted_0066,targeted_boundary_sampling,0.13990000000000002,0.068203125,0.04555555555555556,26.072,3.075801749271137,,phase6c_train
phase6c_targeted_0067,targeted_boundary_sampling,0.1405,0.011953125,0.07555555555555554,26.472,3.790087463556851,,phase6c_train
phase6c_targeted_0068,targeted_boundary_sampling,0.1411,0.056953125,0.025555555555555554,26.872,4.504373177842566,,phase6c_train
phase6c_targeted_0069,targeted_boundary_sampling,0.14170000000000002,0.034453125,0.05555555555555555,25.352,0.3206997084548105,,phase6c_validation
phase6c_targeted_0070,targeted_boundary_sampling,0.1423,0.079453125,0.08555555555555554,25.752,1.0349854227405246,,phase6c_train
phase6c_targeted_0071,targeted_boundary_sampling,0.1429,0.0063281249999999995,0.008888888888888889,26.152,1.749271137026239,,phase6c_train
phase6c_targeted_0072,targeted_boundary_sampling,0.14350000000000002,0.051328124999999995,0.03888888888888888,26.552,2.463556851311953,,phase6c_train
phase6c_targeted_0073,targeted_boundary_sampling,0.1441,0.028828125,0.06888888888888889,26.952,3.1778425655976674,,phase6c_train
phase6c_targeted_0074,targeted_boundary_sampling,0.1447,0.073828125,0.018888888888888886,25.048,3.892128279883381,,phase6c_train
phase6c_targeted_0075,targeted_boundary_sampling,0.1453,0.017578125,0.048888888888888885,25.448,4.606413994169095,,phase6c_train
phase6c_targeted_0076,targeted_boundary_sampling,0.1459,0.062578125,0.07888888888888888,25.848,0.42274052478134105,,phase6c_train
phase6c_targeted_0077,targeted_boundary_sampling,0.14650000000000002,0.040078125,0.028888888888888888,26.248,1.1370262390670551,,phase6c_train
phase6c_targeted_0078,targeted_boundary_sampling,0.1471,0.08507812499999999,0.058888888888888886,26.648,1.8513119533527695,,phase6c_validation
phase6c_targeted_0079,targeted_boundary_sampling,0.1477,0.0035156249999999997,0.08888888888888888,25.128,2.565597667638484,,phase6c_train
phase6c_targeted_0080,targeted_boundary_sampling,0.14830000000000002,0.048515625,0.0003703703703703703,25.528,3.279883381924198,,phase6c_train
phase6c_targeted_0081,targeted_boundary_sampling,0.1489,0.026015625,0.030370370370370367,25.928,3.994169096209912,,phase6c_train
phase6c_targeted_0082,targeted_boundary_sampling,0.14950000000000002,0.071015625,0.060370370370370366,26.328,4.708454810495627,,phase6c_train
phase6c_targeted_0083,targeted_boundary_sampling,0.1501,0.014765625,0.010370370370370368,26.728,0.5247813411078717,,phase6c_validation
phase6c_targeted_0084,targeted_boundary_sampling,0.1507,0.059765624999999996,0.04037037037037036,25.208,1.2390670553935859,,phase6c_train
phase6c_targeted_0085,targeted_boundary_sampling,0.15130000000000002,0.037265625,0.07037037037037036,25.608,1.9533527696793,,phase6c_train
phase6c_targeted_0086,targeted_boundary_sampling,0.1519,0.082265625,0.02037037037037037,26.008,2.667638483965014,,phase6c_train
phase6c_targeted_0087,targeted_boundary_sampling,0.15250000000000002,0.009140625,0.05037037037037037,26.408,3.3819241982507284,,phase6c_train
phase6c_targeted_0088,targeted_boundary_sampling,0.1531,0.054140625,0.08037037037037036,26.808,4.096209912536443,,phase6c_validation
phase6c_targeted_0089,targeted_boundary_sampling,0.1537,0.031640625,0.0037037037037037034,25.288,4.810495626822157,,phase6c_train
phase6c_targeted_0090,targeted_boundary_sampling,0.15430000000000002,0.076640625,0.0337037037037037,25.688,0.6268221574344023,,phase6c_train
phase6c_targeted_0091,targeted_boundary_sampling,0.1549,0.020390625,0.0637037037037037,26.088,1.3411078717201164,,phase6c_train
phase6c_targeted_0092,targeted_boundary_sampling,0.15550000000000003,0.065390625,0.013703703703703704,26.488,2.055393586005831,,phase6c_train
phase6c_targeted_0093,targeted_boundary_sampling,0.15610000000000002,0.042890625,0.043703703703703696,26.888,2.769679300291545,,phase6c_train
phase6c_targeted_0094,targeted_boundary_sampling,0.1567,0.087890625,0.07370370370370369,25.368,3.4839650145772594,,phase6c_train
phase6c_targeted_0095,targeted_boundary_sampling,0.15730000000000002,0.002109375,0.0237037037037037,25.768,4.198250728862973,,phase6c_train
phase6c_targeted_0096,targeted_boundary_sampling,0.1579,0.047109374999999995,0.0537037037037037,26.168,4.912536443148688,,phase6c_train
phase6c_targeted_0097,targeted_boundary_sampling,0.15850000000000003,0.024609375,0.08370370370370368,26.568,0.029154518950437316,,phase6c_train
phase6c_targeted_0098,targeted_boundary_sampling,0.15910000000000002,0.069609375,0.007037037037037036,26.968,0.7434402332361516,,phase6c_train
phase6c_targeted_0099,targeted_boundary_sampling,0.1597,0.013359375,0.037037037037037035,25.064,1.4577259475218658,,phase6c_train
phase6c_targeted_0100,targeted_boundary_sampling,0.16030000000000003,0.058359375,0.06703703703703703,25.464,2.1720116618075798,,phase6c_train
phase6c_targeted_0101,targeted_boundary_sampling,0.16090000000000002,0.035859375,0.017037037037037035,25.864,2.886297376093294,,phase6c_train
phase6c_targeted_0102,targeted_boundary_sampling,0.1615,0.080859375,0.04703703703703703,26.264,3.600583090379008,,phase6c_train
phase6c_targeted_0103,targeted_boundary_sampling,0.16210000000000002,0.007734375,0.07703703703703703,26.664,4.314868804664723,,phase6c_train
phase6c_targeted_0104,targeted_boundary_sampling,0.1627,0.052734375,0.027037037037037033,25.144,0.13119533527696792,,phase6c_train
phase6c_targeted_0105,targeted_boundary_sampling,0.1633,0.030234374999999997,0.05703703703703703,25.544,0.8454810495626821,,phase6c_train
phase6c_targeted_0106,targeted_boundary_sampling,0.16390000000000002,0.07523437499999999,0.08703703703703702,25.944,1.5597667638483963,,phase6c_train
phase6c_targeted_0107,targeted_boundary_sampling,0.1645,0.018984374999999998,0.0014814814814814812,26.344,2.2740524781341107,,phase6c_validation
phase6c_targeted_0108,targeted_boundary_sampling,0.16510000000000002,0.063984375,0.03148148148148148,26.744,2.9883381924198247,,phase6c_train
phase6c_targeted_0109,targeted_boundary_sampling,0.16570000000000001,0.041484375,0.06148148148148147,25.224,3.702623906705539,,phase6c_train
phase6c_targeted_0110,targeted_boundary_sampling,0.1663,0.086484375,0.011481481481481481,25.624,4.4169096209912535,,phase6c_train
phase6c_targeted_0111,targeted_boundary_sampling,0.16690000000000002,0.004921875,0.04148148148148147,26.024,0.23323615160349853,,phase6c_train
phase6c_targeted_0112,targeted_boundary_sampling,0.16750000000000004,0.049921875,0.07148148148148148,26.424,0.9475218658892127,,phase6c_train
phase6c_targeted_0113,targeted_boundary_sampling,0.16810000000000003,0.027421875,0.02148148148148148,26.824,1.6618075801749268,,phase6c_validation
phase6c_targeted_0114,targeted_boundary_sampling,0.16870000000000002,0.072421875,0.05148148148148148,25.304,2.376093294460641,,phase6c_validation
phase6c_targeted_0115,targeted_boundary_sampling,0.1693,0.016171875,0.08148148148148147,25.704,3.0903790087463556,,phase6c_train
phase6c_targeted_0116,targeted_boundary_sampling,0.16990000000000002,0.061171875,0.004814814814814814,26.104,3.8046647230320696,,phase6c_train
phase6c_targeted_0117,targeted_boundary_sampling,0.1705,0.038671875,0.03481481481481481,26.504,4.518950437317784,,phase6c_train
phase6c_targeted_0118,targeted_boundary_sampling,0.17110000000000003,0.08367187499999999,0.06481481481481481,26.904,0.33527696793002915,,phase6c_train
phase6c_targeted_0119,targeted_boundary_sampling,0.17170000000000002,0.010546874999999999,0.014814814814814814,25.384,1.0495626822157436,,phase6c_train
phase6c_targeted_0120,targeted_boundary_sampling,0.1723,0.055546874999999996,0.04481481481481481,25.784,1.7638483965014575,,phase6c_validation
phase6c_targeted_0121,targeted_boundary_sampling,0.1729,0.033046874999999996,0.0748148148148148,26.184,2.4781341107871717,,phase6c_train
phase6c_targeted_0122,targeted_boundary_sampling,0.17350000000000002,0.078046875,0.02481481481481481,26.584,3.1924198250728857,,phase6c_train
phase6c_targeted_0123,targeted_boundary_sampling,0.17410000000000003,0.021796875,0.054814814814814816,26.984,3.9067055393585997,,phase6c_train
phase6c_targeted_0124,targeted_boundary_sampling,0.17470000000000002,0.06679687499999999,0.0848148148148148,25.0032,4.6209912536443145,,phase6c_train
phase6c_targeted_0125,targeted_boundary_sampling,0.1753,0.044296875,0.008148148148148147,25.4032,0.43731778425655976,,phase6c_validation
phase6c_targeted_0126,targeted_boundary_sampling,0.1759,0.089296875,0.038148148148148146,25.8032,1.1516034985422738,,phase6c_train
phase6c_targeted_0127,targeted_boundary_sampling,0.17650000000000002,0.0003515625,0.06814814814814814,26.2032,1.865889212827988,,phase6c_train
phase6c_targeted_0128,targeted_boundary_sampling,0.17710000000000004,0.0453515625,0.018148148148148146,26.6032,2.5801749271137027,,phase6c_train
phase6c_targeted_0129,targeted_boundary_sampling,0.17770000000000002,0.0228515625,0.048148148148148134,25.0832,3.2944606413994166,,phase6c_train
phase6c_targeted_0130,targeted_boundary_sampling,0.17830000000000001,0.0678515625,0.07814814814814813,25.4832,4.008746355685131,,phase6c_train
phase6c_targeted_0131,targeted_boundary_sampling,0.1789,0.011601562499999999,0.028148148148148144,25.8832,4.723032069970845,,phase6c_train
phase6c_targeted_0132,targeted_boundary_sampling,0.17950000000000002,0.0566015625,0.05814814814814814,26.2832,0.5393586005830904,,phase6c_validation
phase6c_targeted_0133,targeted_boundary_sampling,0.18010000000000004,0.0341015625,0.08814814814814813,26.6832,1.2536443148688046,,phase6c_validation
phase6c_targeted_0134,targeted_boundary_sampling,0.18070000000000003,0.0791015625,0.002592592592592592,25.1632,1.9679300291545188,,phase6c_validation
phase6c_targeted_0135,targeted_boundary_sampling,0.18130000000000002,0.0059765625,0.03259259259259259,25.5632,2.6822157434402327,,phase6c_train
phase6c_targeted_0136,targeted_boundary_sampling,0.1819,0.050976562499999996,0.06259259259259259,25.9632,3.396501457725947,,phase6c_train
phase6c_targeted_0137,targeted_boundary_sampling,0.18250000000000002,0.0284765625,0.012592592592592593,26.3632,4.110787172011661,,phase6c_validation
phase6c_targeted_0138,targeted_boundary_sampling,0.18310000000000004,0.0734765625,0.042592592592592585,26.7632,4.8250728862973755,,phase6c_train
phase6c_targeted_0139,targeted_boundary_sampling,0.18370000000000003,0.0172265625,0.07259259259259258,25.2432,0.641399416909621,,phase6c_train
phase6c_targeted_0140,targeted_boundary_sampling,0.18430000000000002,0.0622265625,0.022592592592592588,25.6432,1.3556851311953348,,phase6c_train
phase6c_targeted_0141,targeted_boundary_sampling,0.1849,0.0397265625,0.052592592592592594,26.0432,2.0699708454810493,,phase6c_train
phase6c_targeted_0142,targeted_boundary_sampling,0.1855,0.08472656249999999,0.08259259259259258,26.4432,2.7842565597667637,,phase6c_train
phase6c_targeted_0143,targeted_boundary_sampling,0.18610000000000002,0.0031640624999999998,0.005925925925925925,26.8432,3.498542274052478,,phase6c_train
phase6c_targeted_0144,targeted_boundary_sampling,0.18670000000000003,0.0481640625,0.035925925925925924,25.3232,4.212827988338192,,phase6c_train
phase6c_targeted_0145,targeted_boundary_sampling,0.18730000000000002,0.025664062499999998,0.06592592592592593,25.7232,4.927113702623906,,phase6c_train
phase6c_targeted_0146,targeted_boundary_sampling,0.1879,0.0706640625,0.015925925925925927,26.1232,0.04373177842565598,,phase6c_validation
phase6c_targeted_0147,targeted_boundary_sampling,0.1885,0.0144140625,0.045925925925925926,26.5232,0.7580174927113702,,phase6c_train
phase6c_targeted_0148,targeted_boundary_sampling,0.18910000000000002,0.059414062499999996,0.07592592592592591,26.9232,1.4723032069970845,,phase6c_train
phase6c_targeted_0149,targeted_boundary_sampling,0.18970000000000004,0.0369140625,0.02592592592592592,25.0192,2.186588921282799,,phase6c_validation
phase6c_targeted_0150,targeted_boundary_sampling,0.19030000000000002,0.0819140625,0.05592592592592592,25.4192,2.900874635568513,,phase6c_validation
phase6c_targeted_0151,targeted_boundary_sampling,0.19090000000000001,0.0087890625,0.0859259259259259,25.8192,3.615160349854227,,phase6c_train
phase6c_targeted_0152,targeted_boundary_sampling,0.1915,0.0537890625,0.009259259259259259,26.2192,4.329446064139941,,phase6c_train
phase6c_targeted_0153,targeted_boundary_sampling,0.19210000000000002,0.0312890625,0.03925925925925925,26.6192,0.14577259475218657,,phase6c_train
phase6c_targeted_0154,targeted_boundary_sampling,0.19270000000000004,0.07628906249999999,0.06925925925925926,25.0992,0.8600583090379008,,phase6c_validation
phase6c_targeted_0155,targeted_boundary_sampling,0.19330000000000003,0.0200390625,0.019259259259259257,25.4992,1.5743440233236152,,phase6c_train
phase6c_targeted_0156,targeted_boundary_sampling,0.19390000000000002,0.0650390625,0.04925925925925925,25.8992,2.2886297376093294,,phase6c_train
phase6c_targeted_0157,targeted_boundary_sampling,0.1945,0.042539062499999995,0.07925925925925925,26.2992,3.0029154518950434,,phase6c_train
phase6c_targeted_0158,targeted_boundary_sampling,0.19510000000000002,0.0875390625,0.029259259259259256,26.6992,3.7172011661807574,,phase6c_train
phase6c_targeted_0159,targeted_boundary_sampling,0.19570000000000004,0.0017578124999999998,0.059259259259259255,25.1792,4.431486880466472,,phase6c_train
phase6c_targeted_0160,targeted_boundary_sampling,0.19630000000000003,0.046757812499999996,0.08925925925925925,25.5792,0.24781341107871718,,phase6c_train
phase6c_targeted_0161,targeted_boundary_sampling,0.19690000000000002,0.0242578125,0.0007407407407407406,25.9792,0.9620991253644313,,phase6c_train
phase6c_targeted_0162,targeted_boundary_sampling,0.1975,0.0692578125,0.03074074074074074,26.3792,1.6763848396501457,,phase6c_train
phase6c_targeted_0163,targeted_boundary_sampling,0.19810000000000003,0.0130078125,0.060740740740740734,26.7792,2.39067055393586,,phase6c_train
phase6c_targeted_0164,targeted_boundary_sampling,0.19870000000000004,0.0580078125,0.01074074074074074,25.2592,3.1049562682215743,,phase6c_train
phase6c_targeted_0165,targeted_boundary_sampling,0.19930000000000003,0.0355078125,0.04074074074074074,25.6592,3.8192419825072883,,phase6c_validation
phase6c_targeted_0166,targeted_boundary_sampling,0.19990000000000002,0.0805078125,0.07074074074074073,26.0592,4.533527696793003,,phase6c_train
phase6c_targeted_0167,targeted_boundary_sampling,0.2005,0.0073828125,0.020740740740740737,26.4592,0.34985422740524785,,phase6c_train
phase6c_targeted_0168,targeted_boundary_sampling,0.20110000000000003,0.0523828125,0.05074074074074074,26.8592,1.064139941690962,,phase6c_train
phase6c_targeted_0169,targeted_boundary_sampling,0.20170000000000005,0.029882812499999998,0.08074074074074072,25.3392,1.7784256559766765,,phase6c_train
phase6c_targeted_0170,targeted_boundary_sampling,0.20230000000000004,0.07488281249999999,0.004074074074074074,25.7392,2.492711370262391,,phase6c_train
phase6c_targeted_0171,targeted_boundary_sampling,0.20290000000000002,0.0186328125,0.03407407407407407,26.1392,3.2069970845481044,,phase6c_validation
phase6c_targeted_0172,targeted_boundary_sampling,0.20350000000000001,0.0636328125,0.06407407407407407,26.5392,3.9212827988338184,,phase6c_train
phase6c_targeted_0173,targeted_boundary_sampling,0.2041,0.0411328125,0.014074074074074072,26.9392,4.635568513119533,,phase6c_validation
phase6c_targeted_0174,targeted_boundary_sampling,0.20470000000000002,0.0861328125,0.04407407407407407,25.0352,0.4518950437317784,,phase6c_validation
phase6c_targeted_0175,targeted_boundary_sampling,0.2053,0.0045703125,0.07407407407407406,25.435200000000002,1.1661807580174925,,phase6c_train
phase6c_targeted_0176,targeted_boundary_sampling,0.20590000000000003,0.0495703125,0.024074074074074074,25.8352,1.880466472303207,,phase6c_train
phase6c_targeted_0177,targeted_boundary_sampling,0.20650000000000002,0.0270703125,0.054074074074074066,26.2352,2.594752186588921,,phase6c_train
phase6c_targeted_0178,targeted_boundary_sampling,0.2071,0.0720703125,0.08407407407407405,26.6352,3.3090379008746353,,phase6c_train
phase6c_targeted_0179,targeted_boundary_sampling,0.20770000000000002,0.0158203125,0.007407407407407407,25.1152,4.023323615160349,,phase6c_train
phase6c_targeted_0180,targeted_boundary_sampling,0.2083,0.0608203125,0.0374074074074074,25.5152,4.737609329446063,,phase6c_train
phase6c_targeted_0181,targeted_boundary_sampling,0.20890000000000003,0.0383203125,0.0674074074074074,25.9152,0.553935860058309,,phase6c_train
phase6c_targeted_0182,targeted_boundary_sampling,0.20950000000000002,0.0833203125,0.017407407407407406,26.3152,1.2682215743440235,,phase6c_train
phase6c_targeted_0183,targeted_boundary_sampling,0.2101,0.0101953125,0.0474074074074074,26.7152,1.9825072886297377,,phase6c_train
phase6c_targeted_0184,targeted_boundary_sampling,0.21070000000000003,0.055195312499999996,0.0774074074074074,25.1952,2.6967930029154514,,phase6c_train
phase6c_targeted_0185,targeted_boundary_sampling,0.21130000000000002,0.0326953125,0.027407407407407408,25.5952,3.411078717201166,,phase6c_train
phase6c_targeted_0186,targeted_boundary_sampling,0.21190000000000003,0.0776953125,0.05740740740740741,25.9952,4.125364431486879,,phase6c_train
phase6c_targeted_0187,targeted_boundary_sampling,0.21250000000000002,0.0214453125,0.08740740740740739,26.3952,4.839650145772595,,phase6c_train
phase6c_targeted_0188,targeted_boundary_sampling,0.2131,0.06644531249999999,0.0018518518518518515,26.7952,0.6559766763848396,,phase6c_train
phase6c_targeted_0189,targeted_boundary_sampling,0.21370000000000003,0.0439453125,0.03185185185185185,25.2752,1.3702623906705538,,phase6c_train
phase6c_targeted_0190,targeted_boundary_sampling,0.21430000000000002,0.0889453125,0.06185185185185184,25.6752,2.0845481049562684,,phase6c_train
phase6c_targeted_0191,targeted_boundary_sampling,0.21490000000000004,0.0010546875,0.01185185185185185,26.0752,2.798833819241982,,phase6c_train
phase6c_targeted_0192,targeted_boundary_sampling,0.21550000000000002,0.0460546875,0.04185185185185185,26.4752,3.5131195335276963,,phase6c_train
phase6c_targeted_0193,targeted_boundary_sampling,0.21610000000000001,0.023554687499999998,0.07185185185185185,26.8752,4.227405247813411,,phase6c_validation
phase6c_targeted_0194,targeted_boundary_sampling,0.21670000000000003,0.0685546875,0.021851851851851848,25.3552,4.941690962099125,,phase6c_train
phase6c_targeted_0195,targeted_boundary_sampling,0.21730000000000002,0.0123046875,0.05185185185185185,25.7552,0.05830903790087463,,phase6c_train
phase6c_targeted_0196,targeted_boundary_sampling,0.21790000000000004,0.0573046875,0.08185185185185184,26.1552,0.7725947521865889,,phase6c_train
phase6c_targeted_0197,targeted_boundary_sampling,0.21850000000000003,0.0348046875,0.005185185185185184,26.5552,1.4868804664723032,,phase6c_train
phase6c_targeted_0198,targeted_boundary_sampling,0.21910000000000002,0.0798046875,0.03518518518518518,26.9552,2.201166180758017,,phase6c_train
phase6c_targeted_0199,targeted_boundary_sampling,0.21970000000000003,0.0066796875,0.06518518518518518,25.0512,2.9154518950437316,,phase6c_train
phase6c_targeted_0200,targeted_boundary_sampling,0.22030000000000002,0.051679687499999995,0.015185185185185184,25.4512,3.629737609329445,,phase6c_train
phase6c_targeted_0201,targeted_boundary_sampling,0.22090000000000004,0.0291796875,0.045185185185185175,25.8512,4.3440233236151595,,phase6c_train
phase6c_targeted_0202,targeted_boundary_sampling,0.22150000000000003,0.0741796875,0.07518518518518517,26.2512,0.16034985422740525,,phase6c_validation
phase6c_targeted_0203,targeted_boundary_sampling,0.22210000000000002,0.0179296875,0.025185185185185185,26.6512,0.8746355685131195,,phase6c_validation
phase6c_targeted_0204,targeted_boundary_sampling,0.2227,0.0629296875,0.055185185185185184,25.1312,1.588921282798834,,phase6c_train
phase6c_targeted_0205,targeted_boundary_sampling,0.2233,0.0404296875,0.08518518518518517,25.5312,2.303206997084548,,phase6c_train
phase6c_targeted_0206,targeted_boundary_sampling,0.22390000000000002,0.08542968749999999,0.008518518518518517,25.9312,3.017492711370262,,phase6c_train
phase6c_targeted_0207,targeted_boundary_sampling,0.22450000000000003,0.0038671875,0.038518518518518514,26.3312,3.731778425655976,,phase6c_train
phase6c_targeted_0208,targeted_boundary_sampling,0.22510000000000002,0.0488671875,0.06851851851851852,26.7312,4.446064139941691,,phase6c_train
phase6c_targeted_0209,targeted_boundary_sampling,0.2257,0.0263671875,0.018518518518518517,25.2112,0.26239067055393583,,phase6c_train
phase6c_targeted_0210,targeted_boundary_sampling,0.22630000000000003,0.0713671875,0.0485185185185185,25.6112,0.97667638483965,,phase6c_validation
phase6c_targeted_0211,targeted_boundary_sampling,0.22690000000000002,0.015117187499999999,0.0785185185185185,26.0112,1.6909620991253642,,phase6c_train
phase6c_targeted_0212,targeted_boundary_sampling,0.2275,0.060117187499999995,0.028518518518518516,26.4112,2.4052478134110786,,phase6c_train
phase6c_targeted_0213,targeted_boundary_sampling,0.22810000000000002,0.037617187499999996,0.05851851851851851,26.8112,3.1195335276967926,,phase6c_train
phase6c_targeted_0214,targeted_boundary_sampling,0.22870000000000001,0.0826171875,0.0885185185185185,25.2912,3.833819241982507,,phase6c_train
phase6c_targeted_0215,targeted_boundary_sampling,0.22930000000000003,0.009492187499999999,0.0029629629629629624,25.6912,4.548104956268221,,phase6c_train
phase6c_targeted_0216,targeted_boundary_sampling,0.22990000000000002,0.0544921875,0.032962962962962965,26.0912,0.3644314868804665,,phase6c_train
phase6c_targeted_0217,targeted_boundary_sampling,0.2305,0.0319921875,0.06296296296296296,26.4912,1.0787172011661808,,phase6c_train
phase6c_targeted_0218,targeted_boundary_sampling,0.23110000000000003,0.0769921875,0.01296296296296296,26.8912,1.7930029154518952,,phase6c_train
phase6c_targeted_0219,targeted_boundary_sampling,0.23170000000000002,0.0207421875,0.04296296296296296,25.3712,2.507288629737609,,phase6c_train
phase6c_targeted_0220,targeted_boundary_sampling,0.23230000000000003,0.0657421875,0.07296296296296295,25.7712,3.221574344023323,,phase6c_train
phase6c_targeted_0221,targeted_boundary_sampling,0.23290000000000002,0.0432421875,0.022962962962962963,26.1712,3.935860058309037,,phase6c_train
phase6c_targeted_0222,targeted_boundary_sampling,0.23350000000000004,0.0882421875,0.05296296296296296,26.5712,4.650145772594751,,phase6c_train
phase6c_targeted_0223,targeted_boundary_sampling,0.23410000000000003,0.0024609375,0.08296296296296295,26.9712,0.46647230320699706,,phase6c_train
phase6c_targeted_0224,targeted_boundary_sampling,0.23470000000000002,0.0474609375,0.006296296296296296,25.0672,1.1807580174927113,,phase6c_train
phase6c_targeted_0225,targeted_boundary_sampling,0.23530000000000004,0.0249609375,0.03629629629629629,25.4672,1.8950437317784254,,phase6c_train
phase6c_targeted_0226,targeted_boundary_sampling,0.23590000000000003,0.0699609375,0.0662962962962963,25.8672,2.6093294460641396,,phase6c_train
phase6c_targeted_0227,targeted_boundary_sampling,0.23650000000000004,0.0137109375,0.016296296296296295,26.2672,3.3236151603498536,,phase6c_train
phase6c_targeted_0228,targeted_boundary_sampling,0.23710000000000003,0.0587109375,0.046296296296296294,26.6672,4.037900874635568,,phase6c_validation
phase6c_targeted_0229,targeted_boundary_sampling,0.23770000000000002,0.0362109375,0.07629629629629628,25.1472,4.752186588921282,,phase6c_train
phase6c_targeted_0230,targeted_boundary_sampling,0.23830000000000004,0.0812109375,0.026296296296296297,25.5472,0.5685131195335277,,phase6c_train
phase6c_targeted_0231,targeted_boundary_sampling,0.23890000000000003,0.0080859375,0.05629629629629629,25.9472,1.282798833819242,,phase6c_train
phase6c_targeted_0232,targeted_boundary_sampling,0.23950000000000005,0.0530859375,0.08629629629629627,26.3472,1.9970845481049562,,phase6c_validation
phase6c_targeted_0233,targeted_boundary_sampling,0.24010000000000004,0.0305859375,0.009629629629629629,26.7472,2.7113702623906697,,phase6c_train
phase6c_targeted_0234,targeted_boundary_sampling,0.24070000000000003,0.07558593749999999,0.039629629629629626,25.2272,3.4256559766763846,,phase6c_train
phase6c_targeted_0235,targeted_boundary_sampling,0.24130000000000001,0.0193359375,0.06962962962962962,25.6272,4.1399416909620985,,phase6c_train
phase6c_targeted_0236,targeted_boundary_sampling,0.24190000000000003,0.0643359375,0.019629629629629625,26.0272,4.854227405247813,,phase6c_validation
phase6c_targeted_0237,targeted_boundary_sampling,0.24250000000000002,0.041835937499999996,0.04962962962962962,26.4272,0.6705539358600583,,phase6c_train
phase6c_targeted_0238,targeted_boundary_sampling,0.2431,0.0868359375,0.07962962962962962,26.8272,1.3848396501457725,,phase6c_train
phase6c_targeted_0239,targeted_boundary_sampling,0.24370000000000003,0.0052734374999999995,0.029629629629629627,25.3072,2.099125364431487,,phase6c_validation
phase6c_targeted_0240,targeted_boundary_sampling,0.24430000000000002,0.0502734375,0.05962962962962962,25.7072,2.8134110787172006,,phase6c_train
phase6c_targeted_0241,targeted_boundary_sampling,0.24490000000000003,0.027773437499999998,0.08962962962962961,26.1072,3.527696793002915,,phase6c_train
phase6c_targeted_0242,targeted_boundary_sampling,0.24550000000000002,0.0727734375,0.00012345679012345677,26.5072,4.241982507288629,,phase6c_validation
phase6c_targeted_0243,targeted_boundary_sampling,0.2461,0.016523437499999998,0.030123456790123456,26.9072,4.956268221574343,,phase6c_validation
phase6c_targeted_0244,targeted_boundary_sampling,0.24670000000000003,0.0615234375,0.060123456790123445,25.3872,0.07288629737609328,,phase6c_train
phase6c_targeted_0245,targeted_boundary_sampling,0.24730000000000002,0.0390234375,0.010123456790123456,25.7872,0.7871720116618075,,phase6c_train
phase6c_targeted_0246,targeted_boundary_sampling,0.24790000000000004,0.08402343749999999,0.040123456790123455,26.1872,1.5014577259475217,,phase6c_train
phase6c_targeted_0247,targeted_boundary_sampling,0.24850000000000003,0.0108984375,0.07012345679012344,26.5872,2.215743440233236,,phase6c_train
phase6c_targeted_0248,targeted_boundary_sampling,0.24910000000000002,0.055898437499999995,0.020123456790123458,26.9872,2.9300291545189507,,phase6c_validation
phase6c_targeted_0249,targeted_boundary_sampling,0.24970000000000003,0.033398437499999996,0.050123456790123457,25.0064,3.6443148688046643,,phase6c_train
phase6c_targeted_0250,targeted_boundary_sampling,0.2503,0.0783984375,0.08012345679012345,25.4064,4.358600583090379,,phase6c_train
phase6c_targeted_0251,targeted_boundary_sampling,0.2509,0.0221484375,0.00345679012345679,25.8064,0.17492711370262393,,phase6c_train
phase6c_targeted_0252,targeted_boundary_sampling,0.25150000000000006,0.06714843749999999,0.03345679012345679,26.2064,0.8892128279883381,,phase6c_train
phase6c_targeted_0253,targeted_boundary_sampling,0.2521,0.0446484375,0.06345679012345679,26.6064,1.6034985422740524,,phase6c_train
phase6c_targeted_0254,targeted_boundary_sampling,0.25270000000000004,0.0896484375,0.01345679012345679,25.0864,2.317784256559767,,phase6c_validation
phase6c_targeted_0255,targeted_boundary_sampling,0.2533,0.00017578125,0.04345679012345679,25.4864,3.0320699708454812,,phase6c_train
phase6c_targeted_0256,targeted_boundary_sampling,0.2539,0.04517578125,0.07345679012345677,25.8864,3.746355685131195,,phase6c_train
phase6c_targeted_0257,targeted_boundary_sampling,0.25450000000000006,0.02267578125,0.023456790123456788,26.2864,4.46064139941691,,phase6c_validation
phase6c_targeted_0258,targeted_boundary_sampling,0.2551,0.06767578125,0.053456790123456784,26.6864,0.2769679300291545,,phase6c_train
phase6c_targeted_0259,targeted_boundary_sampling,0.25570000000000004,0.01142578125,0.08345679012345678,25.1664,0.9912536443148687,,phase6c_train
phase6c_targeted_0260,targeted_boundary_sampling,0.25630000000000003,0.05642578125,0.0067901234567901226,25.5664,1.705539358600583,,phase6c_train
phase6c_targeted_0261,targeted_boundary_sampling,0.2569,0.03392578125,0.03679012345679012,25.9664,2.4198250728862973,,phase6c_train
phase6c_targeted_0262,targeted_boundary_sampling,0.25750000000000006,0.07892578125,0.06679012345679011,26.3664,3.1341107871720117,,phase6c_validation
phase6c_targeted_0263,targeted_boundary_sampling,0.2581,0.0058007812499999995,0.016790123456790124,26.7664,3.848396501457726,,phase6c_train
phase6c_targeted_0264,targeted_boundary_sampling,0.25870000000000004,0.050800781249999996,0.046790123456790116,25.2464,4.562682215743441,,phase6c_train
phase6c_targeted_0265,targeted_boundary_sampling,0.25930000000000003,0.02830078125,0.07679012345679011,25.6464,0.37900874635568516,,phase6c_train
phase6c_targeted_0266,targeted_boundary_sampling,0.2599,0.07330078125,0.026790123456790122,26.0464,1.0932944606413995,,phase6c_train
phase6c_targeted_0267,targeted_boundary_sampling,0.26050000000000006,0.01705078125,0.05679012345679012,26.4464,1.8075801749271136,,phase6c_train
phase6c_targeted_0268,targeted_boundary_sampling,0.2611,0.06205078125,0.08679012345679012,26.8464,2.5218658892128283,,phase6c_train
phase6c_targeted_0269,targeted_boundary_sampling,0.26170000000000004,0.03955078125,0.0012345679012345679,25.3264,3.2361516034985423,,phase6c_train
phase6c_targeted_0270,targeted_boundary_sampling,0.26230000000000003,0.08455078125,0.031234567901234567,25.726399999999998,3.950437317784256,,phase6c_train
phase6c_targeted_0271,targeted_boundary_sampling,0.2629,0.00298828125,0.061234567901234556,26.1264,4.66472303206997,,phase6c_validation
phase6c_targeted_0272,targeted_boundary_sampling,0.26350000000000007,0.04798828125,0.011234567901234567,26.5264,0.48104956268221577,,phase6c_train
phase6c_targeted_0273,targeted_boundary_sampling,0.2641,0.025488281249999998,0.041234567901234566,26.9264,1.19533527696793,,phase6c_train
phase6c_targeted_0274,targeted_boundary_sampling,0.26470000000000005,0.07048828124999999,0.07123456790123456,25.0224,1.9096209912536442,,phase6c_train
phase6c_targeted_0275,targeted_boundary_sampling,0.26530000000000004,0.01423828125,0.021234567901234565,25.4224,2.623906705539359,,phase6c_train
phase6c_targeted_0276,targeted_boundary_sampling,0.2659,0.05923828125,0.05123456790123457,25.822400000000002,3.3381924198250728,,phase6c_train
phase6c_targeted_0277,targeted_boundary_sampling,0.26650000000000007,0.03673828125,0.08123456790123457,26.2224,4.052478134110787,,phase6c_train
phase6c_targeted_0278,targeted_boundary_sampling,0.2671,0.08173828125,0.004567901234567901,26.6224,4.766763848396502,,phase6c_validation
phase6c_targeted_0279,targeted_boundary_sampling,0.26770000000000005,0.00861328125,0.0345679012345679,25.1024,0.5830903790087463,,phase6c_train
phase6c_targeted_0280,targeted_boundary_sampling,0.26830000000000004,0.05361328125,0.0645679012345679,25.5024,1.2973760932944605,,phase6c_validation
phase6c_targeted_0281,targeted_boundary_sampling,0.26890000000000003,0.03111328125,0.014567901234567901,25.9024,2.011661807580175,,phase6c_train
phase6c_targeted_0282,targeted_boundary_sampling,0.2695,0.07611328125,0.0445679012345679,26.3024,2.725947521865889,,phase6c_train
phase6c_targeted_0283,targeted_boundary_sampling,0.2701,0.01986328125,0.07456790123456788,26.7024,3.4402332361516037,,phase6c_train
phase6c_targeted_0284,targeted_boundary_sampling,0.27070000000000005,0.06486328125,0.0245679012345679,25.1824,4.154518950437318,,phase6c_train
phase6c_targeted_0285,targeted_boundary_sampling,0.2713,0.042363281249999996,0.054567901234567895,25.5824,4.868804664723032,,phase6c_train
phase6c_targeted_0286,targeted_boundary_sampling,0.27190000000000003,0.08736328125,0.0845679012345679,25.9824,0.6851311953352769,,phase6c_train
phase6c_targeted_0287,targeted_boundary_sampling,0.2725,0.0015820312499999999,0.007901234567901233,26.3824,1.399416909620991,,phase6c_validation
phase6c_targeted_0288,targeted_boundary_sampling,0.2731,0.046582031249999996,0.03790123456790123,26.7824,2.1137026239067054,,phase6c_train
phase6c_targeted_0289,targeted_boundary_sampling,0.27370000000000005,0.02408203125,0.06790123456790123,25.2624,2.82798833819242,,phase6c_validation
phase6c_targeted_0290,targeted_boundary_sampling,0.2743,0.06908203125,0.017901234567901235,25.6624,3.542274052478134,,phase6c_train
phase6c_targeted_0291,targeted_boundary_sampling,0.27490000000000003,0.012832031249999999,0.04790123456790122,26.0624,4.256559766763848,,phase6c_validation
phase6c_targeted_0292,targeted_boundary_sampling,0.2755,0.05783203125,0.07790123456790121,26.4624,4.970845481049563,,phase6c_train
phase6c_targeted_0293,targeted_boundary_sampling,0.2761,0.03533203125,0.027901234567901233,26.8624,0.08746355685131196,,phase6c_train
phase6c_targeted_0294,targeted_boundary_sampling,0.27670000000000006,0.08033203124999999,0.05790123456790122,25.3424,0.8017492711370262,,phase6c_train
phase6c_targeted_0295,targeted_boundary_sampling,0.2773,0.00720703125,0.08790123456790122,25.7424,1.5160349854227404,,phase6c_train
phase6c_targeted_0296,targeted_boundary_sampling,0.27790000000000004,0.05220703125,0.0023456790123456786,26.1424,2.2303206997084546,,phase6c_train
phase6c_targeted_0297,targeted_boundary_sampling,0.2785,0.029707031249999998,0.032345679012345675,26.5424,2.944606413994169,,phase6c_train
phase6c_targeted_0298,targeted_boundary_sampling,0.2791,0.07470703125,0.06234567901234567,26.9424,3.658892128279883,,phase6c_train
phase6c_targeted_0299,targeted_boundary_sampling,0.27970000000000006,0.01845703125,0.012345679012345678,25.0384,4.373177842565598,,phase6c_train
phase6c_targeted_0300,targeted_boundary_sampling,0.2803,0.06345703125,0.04234567901234568,25.4384,0.18950437317784258,,phase6c_train
phase6c_targeted_0301,targeted_boundary_sampling,0.28090000000000004,0.04095703125,0.07234567901234566,25.8384,0.9037900874635568,,phase6c_validation
phase6c_targeted_0302,targeted_boundary_sampling,0.28150000000000003,0.08595703125,0.022345679012345677,26.2384,1.6180758017492711,,phase6c_train
phase6c_targeted_0303,targeted_boundary_sampling,0.2821,0.00439453125,0.05234567901234567,26.6384,2.332361516034985,,phase6c_train
phase6c_targeted_0304,targeted_boundary_sampling,0.28270000000000006,0.04939453125,0.08234567901234567,25.1184,3.0466472303207,,phase6c_train
phase6c_targeted_0305,targeted_boundary_sampling,0.2833,0.02689453125,0.005679012345679012,25.5184,3.760932944606414,,phase6c_train
phase6c_targeted_0306,targeted_boundary_sampling,0.28390000000000004,0.07189453124999999,0.03567901234567901,25.9184,4.475218658892128,,phase6c_train
phase6c_targeted_0307,targeted_boundary_sampling,0.28450000000000003,0.01564453125,0.06567901234567901,26.3184,0.29154518950437314,,phase6c_validation
phase6c_targeted_0308,targeted_boundary_sampling,0.2851,0.060644531249999994,0.015679012345679012,26.7184,1.0058309037900874,,phase6c_train
phase6c_targeted_0309,targeted_boundary_sampling,0.28570000000000007,0.038144531249999995,0.04567901234567901,25.1984,1.7201166180758016,,phase6c_validation
phase6c_targeted_0310,targeted_boundary_sampling,0.2863,0.08314453125,0.07567901234567899,25.5984,2.4344023323615156,,phase6c_train
phase6c_targeted_0311,targeted_boundary_sampling,0.28690000000000004,0.01001953125,0.02567901234567901,25.9984,3.1486880466472305,,phase6c_train
phase6c_targeted_0312,targeted_boundary_sampling,0.28750000000000003,0.055019531249999996,0.055679012345679006,26.3984,3.8629737609329444,,phase6c_train
phase6c_targeted_0313,targeted_boundary_sampling,0.2881,0.03251953125,0.085679012345679,26.7984,4.577259475218659,,phase6c_train
phase6c_targeted_0314,targeted_boundary_sampling,0.28870000000000007,0.07751953125,0.009012345679012344,25.2784,0.39358600583090375,,phase6c_validation
phase6c_targeted_0315,targeted_boundary_sampling,0.2893,0.021269531249999998,0.03901234567901234,25.6784,1.1078717201166182,,phase6c_validation
phase6c_targeted_0316,targeted_boundary_sampling,0.28990000000000005,0.06626953125,0.06901234567901234,26.0784,1.8221574344023321,,phase6c_train
phase6c_targeted_0317,targeted_boundary_sampling,0.29050000000000004,0.04376953125,0.019012345679012346,26.4784,2.536443148688047,,phase6c_train
phase6c_targeted_0318,targeted_boundary_sampling,0.2911,0.08876953124999999,0.04901234567901234,26.8784,3.2507288629737605,,phase6c_train
phase6c_targeted_0319,targeted_boundary_sampling,0.29170000000000007,0.0008789062499999999,0.07901234567901233,25.3584,3.965014577259475,,phase6c_train
phase6c_targeted_0320,targeted_boundary_sampling,0.2923,0.04587890625,0.029012345679012345,25.7584,4.679300291545189,,phase6c_train
phase6c_targeted_0321,targeted_boundary_sampling,0.29290000000000005,0.023378906249999998,0.05901234567901234,26.1584,0.49562682215743437,,phase6c_train
phase6c_targeted_0322,targeted_boundary_sampling,0.29350000000000004,0.06837890625,0.08901234567901234,26.5584,1.2099125364431487,,phase6c_train
phase6c_targeted_0323,targeted_boundary_sampling,0.29410000000000003,0.01212890625,0.0004938271604938271,26.9584,1.9241982507288626,,phase6c_train
phase6c_targeted_0324,targeted_boundary_sampling,0.2947000000000001,0.05712890625,0.030493827160493824,25.0544,2.6384839650145775,,phase6c_train
phase6c_targeted_0325,targeted_boundary_sampling,0.2953,0.03462890625,0.06049382716049381,25.4544,3.3527696793002915,,phase6c_train
phase6c_targeted_0326,targeted_boundary_sampling,0.29590000000000005,0.07962890624999999,0.010493827160493826,25.8544,4.067055393586005,,phase6c_train
phase6c_targeted_0327,targeted_boundary_sampling,0.29650000000000004,0.00650390625,0.04049382716049382,26.2544,4.78134110787172,,phase6c_train
phase6c_targeted_0328,targeted_boundary_sampling,0.29710000000000003,0.051503906249999995,0.07049382716049381,26.6544,0.597667638483965,,phase6c_train
phase6c_targeted_0329,targeted_boundary_sampling,0.2977000000000001,0.02900390625,0.020493827160493826,25.1344,1.3119533527696792,,phase6c_train
phase6c_targeted_0330,targeted_boundary_sampling,0.2983,0.07400390625,0.050493827160493825,25.5344,2.0262390670553936,,phase6c_train
phase6c_targeted_0331,targeted_boundary_sampling,0.29890000000000005,0.01775390625,0.08049382716049382,25.9344,2.7405247813411076,,phase6c_train
phase6c_targeted_0332,targeted_boundary_sampling,0.29950000000000004,0.06275390624999999,0.00382716049382716,26.3344,3.4548104956268224,,phase6c_validation
phase6c_targeted_0333,targeted_boundary_sampling,0.30010000000000003,0.04025390625,0.033827160493827155,26.7344,4.169096209912536,,phase6c_train
phase6c_targeted_0334,targeted_boundary_sampling,0.3007000000000001,0.08525390625,0.06382716049382715,25.2144,4.88338192419825,,phase6c_train
phase6c_targeted_0335,targeted_boundary_sampling,0.3013,0.00369140625,0.013827160493827161,25.6144,0.6997084548104957,,phase6c_validation
phase6c_targeted_0336,targeted_boundary_sampling,0.30190000000000006,0.04869140625,0.04382716049382716,26.0144,1.4139941690962097,,phase6c_train
phase6c_targeted_0337,targeted_boundary_sampling,0.30250000000000005,0.02619140625,0.07382716049382713,26.4144,2.128279883381924,,phase6c_train
phase6c_targeted_0338,targeted_boundary_sampling,0.30310000000000004,0.07119140624999999,0.023827160493827156,26.8144,2.8425655976676385,,phase6c_train
phase6c_targeted_0339,targeted_boundary_sampling,0.3037000000000001,0.014941406249999999,0.05382716049382715,25.2944,3.556851311953353,,phase6c_train
phase6c_targeted_0340,targeted_boundary_sampling,0.3043,0.059941406249999996,0.08382716049382714,25.6944,4.271137026239067,,phase6c_train
phase6c_targeted_0341,targeted_boundary_sampling,0.30490000000000006,0.037441406249999996,0.007160493827160492,26.0944,4.985422740524782,,phase6c_train
phase6c_targeted_0342,targeted_boundary_sampling,0.30550000000000005,0.08244140625,0.03716049382716049,26.4944,0.0020824656393169513,,phase6c_train
phase6c_targeted_0343,targeted_boundary_sampling,0.30610000000000004,0.00931640625,0.06716049382716048,26.8944,0.7163681799250311,,phase6c_train
phase6c_targeted_0344,targeted_boundary_sampling,0.30670000000000003,0.05431640625,0.017160493827160495,25.3744,1.4306538942107454,,phase6c_train
phase6c_targeted_0345,targeted_boundary_sampling,0.3073,0.03181640625,0.047160493827160484,25.7744,2.14493960849646,,phase6c_train
phase6c_targeted_0346,targeted_boundary_sampling,0.30790000000000006,0.07681640625,0.07716049382716048,26.1744,2.859225322782174,,phase6c_train
phase6c_targeted_0347,targeted_boundary_sampling,0.3085,0.02056640625,0.02716049382716049,26.5744,3.573511037067888,,phase6c_train
phase6c_targeted_0348,targeted_boundary_sampling,0.30910000000000004,0.06556640625,0.057160493827160486,26.9744,4.287796751353603,,phase6c_validation
phase6c_targeted_0349,targeted_boundary_sampling,0.30970000000000003,0.04306640625,0.08716049382716048,25.0704,0.10412328196584755,,phase6c_train
phase6c_targeted_0350,targeted_boundary_sampling,0.3103,0.08806640624999999,0.001604938271604938,25.4704,0.8184089962515617,,phase6c_train
phase6c_targeted_0351,targeted_boundary_sampling,0.31090000000000007,0.00228515625,0.03160493827160493,25.8704,1.5326947105372764,,phase6c_train
phase6c_targeted_0352,targeted_boundary_sampling,0.3115,0.04728515625,0.061604938271604924,26.2704,2.2469804248229903,,phase6c_train
phase6c_targeted_0353,targeted_boundary_sampling,0.31210000000000004,0.02478515625,0.011604938271604939,26.6704,2.9612661391087047,,phase6c_train
phase6c_targeted_0354,targeted_boundary_sampling,0.31270000000000003,0.06978515625,0.041604938271604934,25.1504,3.6755518533944187,,phase6c_train
phase6c_targeted_0355,targeted_boundary_sampling,0.3133,0.01353515625,0.07160493827160493,25.5504,4.389837567680133,,phase6c_train
phase6c_targeted_0356,targeted_boundary_sampling,0.31390000000000007,0.05853515625,0.021604938271604937,25.9504,0.20616409829237817,,phase6c_train
phase6c_targeted_0357,targeted_boundary_sampling,0.3145,0.03603515625,0.051604938271604936,26.3504,0.9204498125780923,,phase6c_train
phase6c_targeted_0358,targeted_boundary_sampling,0.31510000000000005,0.08103515625,0.08160493827160493,26.7504,1.6347355268638066,,phase6c_train
phase6c_targeted_0359,targeted_boundary_sampling,0.31570000000000004,0.00791015625,0.0049382716049382715,25.2304,2.349021241149521,,phase6c_validation
phase6c_targeted_0360,targeted_boundary_sampling,0.3163,0.05291015625,0.034938271604938266,25.6304,3.0633069554352357,,phase6c_train
phase6c_targeted_0361,targeted_boundary_sampling,0.31690000000000007,0.03041015625,0.06493827160493827,26.0304,3.777592669720949,,phase6c_train
phase6c_targeted_0362,targeted_boundary_sampling,0.3175,0.07541015625,0.014938271604938273,26.4304,4.491878384006664,,phase6c_train
phase6c_targeted_0363,targeted_boundary_sampling,0.31810000000000005,0.01916015625,0.04493827160493827,26.8304,0.30820491461890875,,phase6c_train
phase6c_targeted_0364,targeted_boundary_sampling,0.31870000000000004,0.06416015625,0.07493827160493825,25.3104,1.022490628904623,,phase6c_validation
phase6c_targeted_0365,targeted_boundary_sampling,0.31930000000000003,0.04166015625,0.024938271604938268,25.7104,1.7367763431903374,,phase6c_train
phase6c_targeted_0366,targeted_boundary_sampling,0.3199000000000001,0.08666015625,0.05493827160493826,26.1104,2.4510620574760518,,phase6c_train
phase6c_targeted_0367,targeted_boundary_sampling,0.3205,0.00509765625,0.08493827160493826,26.5104,3.1653477717617657,,phase6c_train
phase6c_targeted_0368,targeted_boundary_sampling,0.32110000000000005,0.05009765625,0.008271604938271603,26.9104,3.8796334860474797,,phase6c_train
phase6c_targeted_0369,targeted_boundary_sampling,0.32170000000000004,0.027597656249999998,0.0382716049382716,25.3904,4.593919200333194,,phase6c_train
phase6c_targeted_0370,targeted_boundary_sampling,0.32230000000000003,0.07259765625,0.0682716049382716,25.790399999999998,0.41024573094543937,,phase6c_train
phase6c_targeted_0371,targeted_boundary_sampling,0.3229000000000001,0.01634765625,0.018271604938271607,26.1904,1.1245314452311534,,phase6c_validation
phase6c_targeted_0372,targeted_boundary_sampling,0.3235,0.06134765625,0.04827160493827159,26.5904,1.8388171595168679,,phase6c_train
phase6c_targeted_0373,targeted_boundary_sampling,0.32410000000000005,0.03884765625,0.07827160493827158,26.9904,2.5531028738025823,,phase6c_train
phase6c_targeted_0374,targeted_boundary_sampling,0.32470000000000004,0.08384765625,0.0282716049382716,25.0096,3.2673885880882962,,phase6c_train
phase6c_targeted_0375,targeted_boundary_sampling,0.32530000000000003,0.01072265625,0.0582716049382716,25.4096,3.98167430237401,,phase6c_validation
phase6c_targeted_0376,targeted_boundary_sampling,0.3259000000000001,0.055722656249999995,0.08827160493827159,25.8096,4.695960016659725,,phase6c_train
phase6c_targeted_0377,targeted_boundary_sampling,0.3265,0.033222656249999996,0.002716049382716049,26.209600000000002,0.51228654727197,,phase6c_train
phase6c_targeted_0378,targeted_boundary_sampling,0.32710000000000006,0.07822265625,0.03271604938271604,26.6096,1.2265722615576842,,phase6c_train
phase6c_targeted_0379,targeted_boundary_sampling,0.32770000000000005,0.02197265625,0.06271604938271604,25.0896,1.9408579758433986,,phase6c_train
phase6c_targeted_0380,targeted_boundary_sampling,0.32830000000000004,0.06697265625,0.01271604938271605,25.4896,2.6551436901291128,,phase6c_train
phase6c_targeted_0381,targeted_boundary_sampling,0.3289000000000001,0.04447265625,0.042716049382716045,25.8896,3.369429404414827,,phase6c_train
phase6c_targeted_0382,targeted_boundary_sampling,0.3295,0.08947265624999999,0.07271604938271603,26.2896,4.083715118700541,,phase6c_train
phase6c_targeted_0383,targeted_boundary_sampling,0.33010000000000006,0.00052734375,0.02271604938271605,26.6896,4.798000832986256,,phase6c_train
phase6c_targeted_0384,targeted_boundary_sampling,0.33070000000000005,0.04552734375,0.05271604938271605,25.1696,0.6143273635985006,,phase6c_train
phase6c_targeted_0385,targeted_boundary_sampling,0.33130000000000004,0.02302734375,0.08271604938271604,25.5696,1.328613077884215,,phase6c_train
phase6c_targeted_0386,targeted_boundary_sampling,0.3319000000000001,0.06802734375,0.006049382716049382,25.9696,2.0428987921699293,,phase6c_train
phase6c_targeted_0387,targeted_boundary_sampling,0.3325,0.011777343749999999,0.03604938271604938,26.3696,2.7571845064556433,,phase6c_train
phase6c_targeted_0388,targeted_boundary_sampling,0.33310000000000006,0.05677734375,0.06604938271604938,26.7696,3.4714702207413577,,phase6c_train
phase6c_targeted_0389,targeted_boundary_sampling,0.33370000000000005,0.03427734375,0.016049382716049384,25.2496,4.185755935027072,,phase6c_train
phase6c_targeted_0390,targeted_boundary_sampling,0.33430000000000004,0.07927734374999999,0.04604938271604938,25.6496,4.9000416493127865,,phase6c_train
phase6c_targeted_0391,targeted_boundary_sampling,0.3349000000000001,0.00615234375,0.07604938271604936,26.0496,0.01665972511453561,,phase6c_train
phase6c_targeted_0392,targeted_boundary_sampling,0.3355,0.051152343749999996,0.02604938271604938,26.4496,0.7309454394002497,,phase6c_validation
phase6c_targeted_0393,targeted_boundary_sampling,0.33610000000000007,0.02865234375,0.056049382716049374,26.8496,1.445231153685964,,phase6c_train
phase6c_targeted_0394,targeted_boundary_sampling,0.33670000000000005,0.07365234375,0.08604938271604937,25.3296,2.1595168679716785,,phase6c_train
phase6c_targeted_0395,targeted_boundary_sampling,0.33730000000000004,0.01740234375,0.009382716049382714,25.7296,2.8738025822573925,,phase6c_train
phase6c_targeted_0396,targeted_boundary_sampling,0.3379000000000001,0.06240234375,0.03938271604938271,26.1296,3.5880882965431065,,phase6c_validation
phase6c_targeted_0397,targeted_boundary_sampling,0.3385,0.03990234375,0.0693827160493827,26.529600000000002,4.302374010828821,,phase6c_train
phase6c_targeted_0398,targeted_boundary_sampling,0.33910000000000007,0.08490234375,0.019382716049382718,26.9296,0.11870054144106622,,phase6c_train
phase6c_targeted_0399,targeted_boundary_sampling,0.33970000000000006,0.00333984375,0.049382716049382706,25.0256,0.8329862557267803,,phase6c_train
phase6c_targeted_0400,targeted_boundary_sampling,0.34030000000000005,0.04833984375,0.0793827160493827,25.4256,1.5472719700124948,,phase6c_train
phase6c_targeted_0401,targeted_boundary_sampling,0.3409000000000001,0.025839843749999997,0.029382716049382713,25.8256,2.261557684298209,,phase6c_train
phase6c_targeted_0402,targeted_boundary_sampling,0.3415,0.07083984374999999,0.05938271604938271,26.2256,2.9758433985839234,,phase6c_train
phase6c_targeted_0403,targeted_boundary_sampling,0.34210000000000007,0.01458984375,0.08938271604938271,26.6256,3.6901291128696374,,phase6c_train
phase6c_targeted_0404,targeted_boundary_sampling,0.34270000000000006,0.059589843749999996,0.0008641975308641975,25.1056,4.404414827155351,,phase6c_validation
phase6c_targeted_0405,targeted_boundary_sampling,0.34330000000000005,0.03708984375,0.030864197530864196,25.5056,0.22074135776759682,,phase6c_train
phase6c_targeted_0406,targeted_boundary_sampling,0.34390000000000004,0.08208984375,0.06086419753086419,25.9056,0.9350270720533109,,phase6c_train
phase6c_targeted_0407,targeted_boundary_sampling,0.34450000000000003,0.00896484375,0.010864197530864197,26.305600000000002,1.6493127863390253,,phase6c_validation
phase6c_targeted_0408,targeted_boundary_sampling,0.3451,0.05396484375,0.0408641975308642,26.7056,2.3635985006247395,,phase6c_train
phase6c_targeted_0409,targeted_boundary_sampling,0.3457,0.03146484375,0.07086419753086418,25.1856,3.077884214910454,,phase6c_train
phase6c_targeted_0410,targeted_boundary_sampling,0.34630000000000005,0.07646484375,0.020864197530864197,25.5856,3.792169929196168,,phase6c_train
phase6c_targeted_0411,targeted_boundary_sampling,0.34690000000000004,0.02021484375,0.05086419753086419,25.9856,4.506455643481883,,phase6c_train
phase6c_targeted_0412,targeted_boundary_sampling,0.34750000000000003,0.06521484375,0.08086419753086418,26.3856,0.32278217409412746,,phase6c_validation
phase6c_targeted_0413,targeted_boundary_sampling,0.3481,0.042714843749999995,0.00419753086419753,26.7856,1.0370678883798417,,phase6c_train
phase6c_targeted_0414,targeted_boundary_sampling,0.3487,0.08771484375,0.03419753086419753,25.2656,1.751353602665556,,phase6c_train
phase6c_targeted_0415,targeted_boundary_sampling,0.34930000000000005,0.00193359375,0.06419753086419752,25.6656,2.46563931695127,,phase6c_train
phase6c_targeted_0416,targeted_boundary_sampling,0.34990000000000004,0.046933593749999995,0.01419753086419753,26.0656,3.1799250312369844,,phase6c_train
phase6c_targeted_0417,targeted_boundary_sampling,0.35050000000000003,0.02443359375,0.04419753086419753,26.465600000000002,3.894210745522698,,phase6c_train
phase6c_targeted_0418,targeted_boundary_sampling,0.3511000000000001,0.06943359375,0.0741975308641975,26.8656,4.608496459808412,,phase6c_train
phase6c_targeted_0419,targeted_boundary_sampling,0.3517,0.01318359375,0.02419753086419753,25.3456,0.424822990420658,,phase6c_validation
phase6c_targeted_0420,targeted_boundary_sampling,0.35230000000000006,0.05818359375,0.05419753086419752,25.7456,1.1391087047063722,,phase6c_train
phase6c_targeted_0421,targeted_boundary_sampling,0.3529,0.03568359375,0.08419753086419751,26.1456,1.8533944189920866,,phase6c_train
phase6c_targeted_0422,targeted_boundary_sampling,0.35350000000000004,0.08068359374999999,0.007530864197530864,26.5456,2.567680133277801,,phase6c_validation
phase6c_targeted_0423,targeted_boundary_sampling,0.3541000000000001,0.007558593749999999,0.037530864197530864,26.9456,3.281965847563515,,phase6c_validation
phase6c_targeted_0424,targeted_boundary_sampling,0.3547,0.05255859375,0.06753086419753085,25.0416,3.996251561849229,,phase6c_validation
phase6c_targeted_0425,targeted_boundary_sampling,0.35530000000000006,0.030058593749999998,0.017530864197530863,25.4416,4.710537276134944,,phase6c_train
phase6c_targeted_0426,targeted_boundary_sampling,0.3559,0.07505859375,0.04753086419753085,25.8416,0.5268638067471886,,phase6c_train
phase6c_targeted_0427,targeted_boundary_sampling,0.35650000000000004,0.018808593749999998,0.07753086419753084,26.241600000000002,1.2411495210329029,,phase6c_train
phase6c_targeted_0428,targeted_boundary_sampling,0.3571000000000001,0.06380859375,0.027530864197530865,26.6416,1.955435235318617,,phase6c_train
phase6c_targeted_0429,targeted_boundary_sampling,0.3577,0.04130859375,0.057530864197530854,25.1216,2.669720949604331,,phase6c_train
phase6c_targeted_0430,targeted_boundary_sampling,0.35830000000000006,0.08630859375,0.08753086419753085,25.5216,3.3840066638900455,,phase6c_train
phase6c_targeted_0431,targeted_boundary_sampling,0.3589,0.0047460937499999994,0.0019753086419753083,25.9216,4.09829237817576,,phase6c_train
phase6c_targeted_0432,targeted_boundary_sampling,0.35950000000000004,0.04974609375,0.03197530864197531,26.3216,4.812578092461474,,phase6c_train
phase6c_targeted_0433,targeted_boundary_sampling,0.3601000000000001,0.02724609375,0.06197530864197529,26.7216,0.6289046230737192,,phase6c_train
phase6c_targeted_0434,targeted_boundary_sampling,0.3607,0.07224609375,0.011975308641975308,25.2016,1.3431903373594334,,phase6c_train
phase6c_targeted_0435,targeted_boundary_sampling,0.36130000000000007,0.01599609375,0.04197530864197531,25.6016,2.057476051645148,,phase6c_train
phase6c_targeted_0436,targeted_boundary_sampling,0.3619,0.06099609375,0.0719753086419753,26.0016,2.771761765930862,,phase6c_train
phase6c_targeted_0437,targeted_boundary_sampling,0.36250000000000004,0.03849609375,0.021975308641975305,26.401600000000002,3.4860474802165764,,phase6c_train
phase6c_targeted_0438,targeted_boundary_sampling,0.3631000000000001,0.08349609375,0.051975308641975304,26.8016,4.20033319450229,,phase6c_train
phase6c_targeted_0439,targeted_boundary_sampling,0.3637,0.01037109375,0.0819753086419753,25.2816,4.914618908788005,,phase6c_train
phase6c_targeted_0440,targeted_boundary_sampling,0.36430000000000007,0.055371093749999996,0.005308641975308641,25.6816,0.03123698458975427,,phase6c_train
phase6c_targeted_0441,targeted_boundary_sampling,0.3649,0.03287109375,0.03530864197530864,26.0816,0.7455226988754684,,phase6c_train
phase6c_targeted_0442,targeted_boundary_sampling,0.36550000000000005,0.07787109375,0.06530864197530864,26.4816,1.4598084131611828,,phase6c_train
phase6c_targeted_0443,targeted_boundary_sampling,0.3661000000000001,0.02162109375,0.01530864197530864,26.8816,2.174094127446897,,phase6c_train
phase6c_targeted_0444,targeted_boundary_sampling,0.3667,0.06662109375,0.04530864197530863,25.3616,2.888379841732611,,phase6c_validation
phase6c_targeted_0445,targeted_boundary_sampling,0.36730000000000007,0.04412109375,0.07530864197530862,25.7616,3.602665556018325,,phase6c_train
phase6c_targeted_0446,targeted_boundary_sampling,0.3679,0.08912109374999999,0.025308641975308643,26.1616,4.31695127030404,,phase6c_train
phase6c_targeted_0447,targeted_boundary_sampling,0.36850000000000005,0.00123046875,0.05530864197530864,26.5616,0.13327780091628488,,phase6c_train
phase6c_targeted_0448,targeted_boundary_sampling,0.3691000000000001,0.046230468749999996,0.08530864197530863,26.9616,0.847563515201999,,phase6c_train
phase6c_targeted_0449,targeted_boundary_sampling,0.36970000000000003,0.02373046875,0.008641975308641974,25.0576,1.5618492294877133,,phase6c_train
phase6c_targeted_0450,targeted_boundary_sampling,0.3703000000000001,0.06873046875,0.038641975308641975,25.4576,2.2761349437734277,,phase6c_train
phase6c_targeted_0451,targeted_boundary_sampling,0.3709,0.01248046875,0.06864197530864197,25.8576,2.9904206580591417,,phase6c_validation
phase6c_targeted_0452,targeted_boundary_sampling,0.37150000000000005,0.05748046875,0.018641975308641975,26.2576,3.704706372344856,,phase6c_train
phase6c_targeted_0453,targeted_boundary_sampling,0.3721000000000001,0.03498046875,0.048641975308641956,26.6576,4.4189920866305705,,phase6c_train
phase6c_targeted_0454,targeted_boundary_sampling,0.37270000000000003,0.07998046874999999,0.07864197530864195,25.1376,0.2353186172428155,,phase6c_train
phase6c_targeted_0455,targeted_boundary_sampling,0.3733000000000001,0.00685546875,0.028641975308641977,25.5376,0.9496043315285296,,phase6c_train
phase6c_targeted_0456,targeted_boundary_sampling,0.3739,0.05185546875,0.058641975308641965,25.9376,1.6638900458142438,,phase6c_train
phase6c_targeted_0457,targeted_boundary_sampling,0.37450000000000006,0.02935546875,0.08864197530864196,26.337600000000002,2.3781757600999582,,phase6c_train
phase6c_targeted_0458,targeted_boundary_sampling,0.3751000000000001,0.07435546875,0.003086419753086419,26.7376,3.0924614743856726,,phase6c_train
phase6c_targeted_0459,targeted_boundary_sampling,0.37570000000000003,0.01810546875,0.03308641975308642,25.2176,3.8067471886713866,,phase6c_train
phase6c_targeted_0460,targeted_boundary_sampling,0.3763000000000001,0.06310546875,0.0630864197530864,25.6176,4.521032902957101,,phase6c_train
phase6c_targeted_0461,targeted_boundary_sampling,0.3769,0.04060546875,0.013086419753086418,26.0176,0.3373594335693461,,phase6c_train
phase6c_targeted_0462,targeted_boundary_sampling,0.37750000000000006,0.08560546875,0.04308641975308642,26.4176,1.0516451478550604,,phase6c_train
phase6c_targeted_0463,targeted_boundary_sampling,0.3781000000000001,0.00404296875,0.0730864197530864,26.8176,1.7659308621407745,,phase6c_train
phase6c_targeted_0464,targeted_boundary_sampling,0.37870000000000004,0.04904296875,0.02308641975308642,25.2976,2.4802165764264887,,phase6c_train
phase6c_targeted_0465,targeted_boundary_sampling,0.3793000000000001,0.02654296875,0.053086419753086415,25.6976,3.1945022907122027,,phase6c_train
phase6c_targeted_0466,targeted_boundary_sampling,0.3799,0.07154296874999999,0.08308641975308641,26.0976,3.9087880049979167,,phase6c_train
phase6c_targeted_0467,targeted_boundary_sampling,0.38050000000000006,0.01529296875,0.006419753086419753,26.4976,4.6230737192836315,,phase6c_train
phase6c_targeted_0468,targeted_boundary_sampling,0.3811000000000001,0.060292968749999995,0.03641975308641975,26.8976,0.43940024989587667,,phase6c_train
phase6c_targeted_0469,targeted_boundary_sampling,0.38170000000000004,0.037792968749999996,0.06641975308641974,25.3776,1.1536859641815909,,phase6c_train
phase6c_targeted_0470,targeted_boundary_sampling,0.3823000000000001,0.08279296875,0.016419753086419752,25.7776,1.867971678467305,,phase6c_train
phase6c_targeted_0471,targeted_boundary_sampling,0.3829,0.00966796875,0.04641975308641975,26.1776,2.5822573927530197,,phase6c_train
phase6c_targeted_0472,targeted_boundary_sampling,0.38350000000000006,0.05466796875,0.07641975308641973,26.5776,3.2965431070387337,,phase6c_train
phase6c_targeted_0473,targeted_boundary_sampling,0.3841,0.03216796875,0.026419753086419754,26.9776,4.010828821324448,,phase6c_train
phase6c_targeted_0474,targeted_boundary_sampling,0.38470000000000004,0.07716796875,0.05641975308641974,25.0736,4.725114535610162,,phase6c_train
phase6c_targeted_0475,targeted_boundary_sampling,0.3853000000000001,0.020917968749999998,0.08641975308641973,25.4736,0.5414410662224073,,phase6c_train
phase6c_targeted_0476,targeted_boundary_sampling,0.3859,0.06591796875,0.009753086419753086,25.8736,1.2557267805081216,,phase6c_validation
phase6c_targeted_0477,targeted_boundary_sampling,0.38650000000000007,0.04341796875,0.039753086419753086,26.273600000000002,1.9700124947938358,,phase6c_train
phase6c_targeted_0478,targeted_boundary_sampling,0.3871,0.08841796874999999,0.06975308641975307,26.6736,2.6842982090795497,,phase6c_train
phase6c_targeted_0479,targeted_boundary_sampling,0.38770000000000004,0.0026367187499999997,0.019753086419753086,25.1536,3.398583923365264,,phase6c_train
phase6c_targeted_0480,targeted_boundary_sampling,0.3883000000000001,0.04763671875,0.049753086419753074,25.5536,4.112869637650978,,phase6c_train
phase6c_targeted_0481,targeted_boundary_sampling,0.3889,0.02513671875,0.07975308641975307,25.9536,4.8271553519366925,,phase6c_train
phase6c_targeted_0482,targeted_boundary_sampling,0.38950000000000007,0.07013671875,0.029753086419753088,26.3536,0.6434818825489379,,phase6c_train
phase6c_targeted_0483,targeted_boundary_sampling,0.3901,0.013886718749999999,0.059753086419753076,26.7536,1.3577675968346519,,phase6c_validation
phase6c_targeted_0484,targeted_boundary_sampling,0.39070000000000005,0.05888671875,0.08975308641975308,25.2336,2.0720533111203663,,phase6c_train
phase6c_targeted_0485,targeted_boundary_sampling,0.3913000000000001,0.03638671875,0.00024691358024691353,25.6336,2.7863390254060807,,phase6c_train
phase6c_targeted_0486,targeted_boundary_sampling,0.3919,0.08138671875,0.030246913580246913,26.0336,3.500624739691795,,phase6c_train
phase6c_targeted_0487,targeted_boundary_sampling,0.39250000000000007,0.008261718749999999,0.06024691358024691,26.4336,4.214910453977509,,phase6c_train
phase6c_targeted_0488,targeted_boundary_sampling,0.3931,0.05326171875,0.010246913580246913,26.8336,4.929196168263223,,phase6c_train
phase6c_targeted_0489,targeted_boundary_sampling,0.39370000000000005,0.03076171875,0.040246913580246915,25.3136,0.045814244064972934,,phase6c_train
phase6c_targeted_0490,targeted_boundary_sampling,0.3943000000000001,0.07576171875,0.0702469135802469,25.7136,0.7600999583506871,,phase6c_train
phase6c_targeted_0491,targeted_boundary_sampling,0.39490000000000003,0.01951171875,0.02024691358024691,26.1136,1.4743856726364015,,phase6c_train
phase6c_targeted_0492,targeted_boundary_sampling,0.3955000000000001,0.06451171875,0.05024691358024692,26.5136,2.188671386922116,,phase6c_train
phase6c_targeted_0493,targeted_boundary_sampling,0.3961,0.042011718749999996,0.08024691358024691,26.9136,2.90295710120783,,phase6c_train
phase6c_targeted_0494,targeted_boundary_sampling,0.39670000000000005,0.08701171875,0.003580246913580246,25.3936,3.617242815493544,,phase6c_train
phase6c_targeted_0495,targeted_boundary_sampling,0.3973000000000001,0.00544921875,0.03358024691358025,25.7936,4.331528529779258,,phase6c_train
phase6c_targeted_0496,targeted_boundary_sampling,0.39790000000000003,0.05044921875,0.06358024691358025,26.1936,0.14785506039150353,,phase6c_train
phase6c_targeted_0497,targeted_boundary_sampling,0.3985000000000001,0.027949218749999998,0.013580246913580245,26.593600000000002,0.8621407746772176,,phase6c_train
phase6c_targeted_0498,targeted_boundary_sampling,0.3991,0.07294921875,0.04358024691358024,26.9936,1.5764264889629322,,phase6c_train
phase6c_targeted_0499,targeted_boundary_sampling,0.39970000000000006,0.016699218749999998,0.07358024691358023,25.0128,2.2907122032486464,,phase6c_train
phase6c_dagger_0000,closed_loop_DAgger,0.10285959625000088,0.0,0.0,25.0,0.019570622869040197,1.5143736422387857,phase6c_train
phase6c_dagger_0001,closed_loop_DAgger,0.1,0.0027799460926112075,0.0,25.189793920983355,0.0,1.438009953188916,phase6c_train
phase6c_dagger_0002,closed_loop_DAgger,0.10233887469075481,0.005697516525949125,0.0023337897931975152,25.066462354597036,4.59705611863223,1.1990562376720004,phase6c_train
phase6c_dagger_0003,closed_loop_DAgger,0.10290278890053335,0.010428827539784233,0.0,25.064899285283552,3.365952980573556,1.1123030409411312,phase6c_train
phase6c_dagger_0004,closed_loop_DAgger,0.10445321681763875,0.013314974632279666,0.0025155947539797184,25.106281736650814,3.4421543230089218,1.0385583651416126,phase6c_train
phase6c_dagger_0005,closed_loop_DAgger,0.10520265300844897,0.011846985443902364,0.0029622978140732854,25.114240847866725,4.509343664224329,1.017661394812861,phase6c_train
phase6c_dagger_0006,closed_loop_DAgger,0.10018332103278133,0.014461778849127253,0.005870499225054133,25.141438326748947,3.414887065383602,0.9635258068438854,phase6c_train
phase6c_dagger_0007,closed_loop_DAgger,0.7568832040510965,0.018498151095560352,0.04597811018050267,33.4,0.6929007474263993,0.954497992087961,phase6c_train
phase6c_dagger_0008,closed_loop_DAgger,0.7520603992043489,0.011997751876832715,0.05173800212859131,33.4,0.9678009206499556,0.9306130611039771,phase6c_train
phase6c_dagger_0009,closed_loop_DAgger,0.7576288958959705,0.017191845663463594,0.04469041454448959,33.4,1.7854898474861312,0.918107947632045,phase6c_train
phase6c_dagger_0010,closed_loop_DAgger,0.1004601153416653,0.014090185161749157,0.007930297891945378,25.159769347630753,3.4732257386501986,0.9179174681657333,phase6c_train
phase6c_dagger_0011,closed_loop_DAgger,0.7495554954818687,0.013086755978272432,0.049165008919964545,33.38388194156194,0.9938451596894784,0.9173078213857033,phase6c_train
phase6c_dagger_0012,closed_loop_DAgger,0.7532229814427865,0.012499182119757214,0.05022350520198909,33.31117395614317,0.985721844537029,0.9065154200158615,phase6c_train
phase6c_dagger_0013,closed_loop_DAgger,0.7553021423708469,0.015336141902192834,0.048291688398680144,33.4,1.6023681376869732,0.880755612461295,phase6c_train
phase6c_dagger_0014,closed_loop_DAgger,0.7546514112427987,0.01594159627739452,0.04803470489465768,33.4,1.2340212649042384,0.8771497816446797,phase6c_train
phase6c_dagger_0015,closed_loop_DAgger,0.7553083126007033,0.015172624586219749,0.04906377447323275,33.4,1.2167101210022429,0.8692875279825252,phase6c_train
phase6c_dagger_0016,closed_loop_DAgger,0.7515562521364952,0.01730907489531634,0.046493980075596,33.214238473825915,1.8196516331166515,0.8626611801674845,phase6c_validation
phase6c_dagger_0017,closed_loop_DAgger,0.7534265598227673,0.016328208983969753,0.0450282843434939,33.303212556746935,1.8576751891816081,0.851387116622899,phase6c_train
phase6c_dagger_0018,closed_loop_DAgger,0.7549934242337876,0.014352531566307598,0.048247296107092275,33.4,1.774875097854024,0.8420642589484417,phase6c_train
phase6c_dagger_0019,closed_loop_DAgger,0.7537454504632541,0.017516384220628678,0.04821231598103765,33.4,1.2716428110029085,0.8270743494382906,phase6c_train
phase6c_dagger_0020,closed_loop_DAgger,0.752920419711403,0.012864218639420869,0.04470541259659408,33.4,1.4876855195628262,0.8254161070357409,phase6c_train
phase6c_dagger_0021,closed_loop_DAgger,0.750670982887586,0.012770822340475958,0.04684170311671219,33.272646200072344,1.3057274330705355,0.8249116521544538,phase6c_train
phase6c_dagger_0022,closed_loop_DAgger,0.7676481186224916,0.017212328136840094,0.038246304805602475,32.57802696109487,0.0,0.8119668598403663,phase6c_validation
phase6c_dagger_0023,closed_loop_DAgger,0.7547089427779957,0.012859244692831222,0.04610849035541492,33.385194467296635,1.5591337888376664,0.8117410719982338,phase6c_train
phase6c_dagger_0024,closed_loop_DAgger,0.7572198476149034,0.017781758247844035,0.045079206263938486,33.03468429420947,1.8156476299194098,0.8064342581190347,phase6c_train
phase6c_dagger_0025,closed_loop_DAgger,0.10608307906255808,0.0400052462398727,0.009787607105850145,25.26671245489177,7.776676225604855,0.8058840090935923,phase6c_train
phase6c_dagger_0026,closed_loop_DAgger,0.7527080598477057,0.014420515976990497,0.04588050295470357,33.29148591436098,1.6885672079937084,0.8037310603723926,phase6c_train
phase6c_dagger_0027,closed_loop_DAgger,0.7579453218564917,0.009627424125683414,0.046648089149883325,33.340199824372604,1.253840317377799,0.8002842920160632,phase6c_train
phase6c_dagger_0028,closed_loop_DAgger,0.10734658202778835,0.039594879798287165,0.009603377948109362,25.31698413483188,7.726289893946417,0.7966846760499224,phase6c_train
phase6c_dagger_0029,closed_loop_DAgger,0.7553155508608665,0.02011917455148243,0.04680458847478343,33.06631900341343,1.55944047639289,0.7925282281477314,phase6c_train
phase6c_dagger_0030,closed_loop_DAgger,0.7568027120851525,0.017344435151045168,0.043462514789978715,33.05705693180979,1.8834713985299334,0.7918926103230302,phase6c_validation
phase6c_dagger_0031,closed_loop_DAgger,0.7558201955119195,0.01086025126438344,0.045685954552052564,33.4,1.5232844966292336,0.7789258749215492,phase6c_validation
phase6c_dagger_0032,closed_loop_DAgger,0.7567839480365299,0.01515775330529315,0.04228954027091881,33.17931018256481,1.890522944174537,0.7710867580058589,phase6c_train
phase6c_dagger_0033,closed_loop_DAgger,0.7530523410221558,0.012814569998310509,0.04698508371037926,33.31428388878136,1.7336612908926328,0.7657370624514357,phase6c_train
phase6c_dagger_0034,closed_loop_DAgger,0.7529761286174396,0.028325077701326896,0.04909762294953729,33.4,1.8602227762197587,0.7581614363430041,phase6c_validation
phase6c_dagger_0035,closed_loop_DAgger,0.7594101654050024,0.014957768338571141,0.044679833311702985,33.197092845259064,2.1056350424567802,0.7567505795589703,phase6c_train
phase6c_dagger_0036,closed_loop_DAgger,0.7637077222802419,0.011971419360844861,0.03422114723004142,32.69647749153377,0.2172217679884339,0.7515843158442562,phase6c_train
phase6c_dagger_0037,closed_loop_DAgger,0.7549312431872023,0.01708654114494503,0.04133175182650115,33.08661405021332,2.065867711165957,0.7502544309448598,phase6c_validation
phase6c_dagger_0038,closed_loop_DAgger,0.7599117115575895,0.015979664149131854,0.04234212239882776,33.0244556697957,1.9707460358101407,0.7494066315454495,phase6c_train
phase6c_dagger_0039,closed_loop_DAgger,0.7603999480887799,0.016455955520654465,0.04498007203423646,32.8809149960558,1.8060284991495783,0.7399901064452203,phase6c_train
phase6c_dagger_0040,closed_loop_DAgger,0.7647334685652112,0.01101032341976744,0.037016027632625306,32.66643379511278,0.0,0.7369175792750606,phase6c_train
phase6c_dagger_0041,closed_loop_DAgger,0.7611404789295348,0.016857040070156083,0.04014896092693232,32.86435732048958,1.572422992855322,0.7316882418184003,phase6c_train
phase6c_dagger_0042,closed_loop_DAgger,0.7574665389273657,0.013306583150238728,0.0444692293586348,33.16504876214498,1.6530295590026716,0.7303708566538946,phase6c_train
phase6c_dagger_0043,closed_loop_DAgger,0.7637287905955873,0.011056790111522559,0.03050264188018457,32.711897637084014,0.3553747603721055,0.7303570314733746,phase6c_train
phase6c_dagger_0044,closed_loop_DAgger,0.7596239264025435,0.019978240549670748,0.036924377130398464,32.5408371605205,0.49858341464566946,0.7234902494912828,phase6c_train
phase6c_dagger_0045,closed_loop_DAgger,0.7510293490525917,0.026931055821200364,0.048725198392680504,33.4,2.651971160488742,0.7137498020458117,phase6c_train
phase6c_dagger_0046,closed_loop_DAgger,0.7530546027602706,0.009673995335340108,0.04475962083260278,33.39264484800625,1.816148101192743,0.7127264171402505,phase6c_train
phase6c_dagger_0047,closed_loop_DAgger,0.7574782484111909,0.013058734022447224,0.045854947407942666,33.0837143052654,1.5875793701494847,0.7106882308763445,phase6c_train
phase6c_dagger_0048,closed_loop_DAgger,0.7564824121441602,0.005520133796819126,0.04597035991783422,33.3956698501893,1.7074417820254388,0.7068183568316851,phase6c_train
phase6c_dagger_0049,closed_loop_DAgger,0.765379482375866,0.012551661720094956,0.03670788561912319,32.51113525714651,0.2803777701499357,0.7061805240953067,phase6c_train
phase6c_dagger_0050,closed_loop_DAgger,0.7515068337940737,0.016127141994046808,0.05726016406548452,33.4,0.6934906581297111,0.7060845381583343,phase6c_train
phase6c_dagger_0051,closed_loop_DAgger,0.7545153168019889,0.015192998224234906,0.05563291916630575,33.270207537571,0.9699231635704073,0.7037481074067937,phase6c_train
phase6c_dagger_0052,closed_loop_DAgger,0.10631068345754197,0.029247805762801053,0.011289339339796228,25.45762839485671,7.99355949760965,0.7000602838423688,phase6c_train
phase6c_dagger_0053,closed_loop_DAgger,0.11010353243626524,0.037931749386371595,0.010467215097777737,25.518716630719908,7.977050098624528,0.6994436456384927,phase6c_train
phase6c_dagger_0054,closed_loop_DAgger,0.7531869389972924,0.010391696120444936,0.045009593771168414,33.18539137016665,1.5027964702651773,0.6955258499381292,phase6c_validation
phase6c_dagger_0055,closed_loop_DAgger,0.7512733948600562,0.025155692249540167,0.05137865676976231,33.4,2.340434288677751,0.6869553148765642,phase6c_train
phase6c_dagger_0056,closed_loop_DAgger,0.7599916750957304,0.016304670042494408,0.04457856034210769,32.95452628978621,2.0975347663023847,0.6868781298876859,phase6c_train
phase6c_dagger_0057,closed_loop_DAgger,0.7553579925817985,0.01739096015555697,0.05200680278432062,33.269508541363265,1.5845540325325216,0.6867293920565587,phase6c_train
phase6c_dagger_0058,closed_loop_DAgger,0.7557568722060543,0.01869805613452248,0.0509661352668377,33.28560932594327,1.476575967226089,0.6866870462174458,phase6c_train
phase6c_dagger_0059,closed_loop_DAgger,0.7535253935090499,0.022711822484053047,0.049986340755753096,33.35962015131803,1.785892489634388,0.6816610966997826,phase6c_train
phase6c_dagger_0060,closed_loop_DAgger,0.7599504804364882,0.01823818502433905,0.042989724193138776,32.91497555059352,2.1074098787164064,0.6800892453026486,phase6c_train
phase6c_dagger_0061,closed_loop_DAgger,0.7619889595387777,0.016875279776791395,0.04126821930917015,32.85568982405178,2.0748519641369954,0.6790028863451313,phase6c_train
phase6c_dagger_0062,closed_loop_DAgger,0.7530547611650134,0.023117432991427635,0.051960857475458144,33.4,2.170312696178919,0.6764118227966461,phase6c_train
phase6c_dagger_0063,closed_loop_DAgger,0.7601037430947515,0.018127109902353673,0.04019071117167655,32.71559581465713,1.9361121420277008,0.6761774578696511,phase6c_train
phase6c_dagger_0064,closed_loop_DAgger,0.7607848432783174,0.013071932907509992,0.04394239759074887,32.900538084598004,1.4792515806760274,0.6735498860691591,phase6c_train
phase6c_dagger_0065,closed_loop_DAgger,0.79,0.017338589269810637,0.030586802398006818,31.502869364094693,1.6519085488755165,0.6723745358789549,phase6c_validation
phase6c_dagger_0066,closed_loop_DAgger,0.7525101252198445,0.011220262231718061,0.04629688655377973,33.14511723225427,1.6876943744247743,0.6696133860117348,phase6c_train
phase6c_dagger_0067,closed_loop_DAgger,0.7653852832432859,0.009264313455168826,0.03422499701731051,32.57086899881711,0.3849613930201299,0.6675486126208864,phase6c_train
phase6c_dagger_0068,closed_loop_DAgger,0.556513081505105,0.026516875190081817,0.05897475693879025,33.4,4.1393248738984925,0.6672351127517548,phase6c_train
phase6c_dagger_0069,closed_loop_DAgger,0.5918524081797711,0.03561233536981106,0.05888845289937975,33.4,4.045478443395814,0.6667971922948426,phase6c_train
phase6c_dagger_0070,closed_loop_DAgger,0.7320624836955509,0.037514169899014835,0.06674375275922607,33.4,3.1668467190246394,0.6657153969010395,phase6c_train
phase6c_dagger_0071,closed_loop_DAgger,0.5923709010086033,0.03526232982699607,0.06069340947107661,33.4,3.8443806622199315,0.6649445387429973,phase6c_train
phase6c_dagger_0072,closed_loop_DAgger,0.7583828826724376,0.013000528314838703,0.04240701491060983,33.043453131644455,1.800207308180348,0.6644853060960512,phase6c_train
phase6c_dagger_0073,closed_loop_DAgger,0.7535674028026498,0.02636048124040073,0.05086132965453892,33.4,1.799268408863599,0.663680461807813,phase6c_train
phase6c_dagger_0074,closed_loop_DAgger,0.10839979813015341,0.04323024657640172,0.014428436854060717,25.549301274578184,7.783889688080219,0.6626992675191129,phase6c_train
phase6c_dagger_0075,closed_loop_DAgger,0.6066390829047068,0.03677451221557543,0.05696168950105018,33.4,3.9578181538517625,0.6602098967410343,phase6c_train
phase6c_dagger_0076,closed_loop_DAgger,0.4965167867411884,0.032903548446701535,0.06478670332563617,33.4,3.7504165631106723,0.6568158293737204,phase6c_validation
phase6c_dagger_0077,closed_loop_DAgger,0.7553984495933311,0.013058394121132843,0.044079731418161835,33.016115058900226,1.7875313508398727,0.6548735789431533,phase6c_train
phase6c_dagger_0078,closed_loop_DAgger,0.7535757810094146,0.008489262767835296,0.0422005201344971,33.20660807837219,1.6466534536916935,0.652475334766975,phase6c_train
phase6c_dagger_0079,closed_loop_DAgger,0.79,0.016591389221070618,0.03319515616834836,31.353661798789577,2.2530785458288576,0.6471440443230158,phase6c_train
phase6c_dagger_0080,closed_loop_DAgger,0.6028395176725073,0.03726892760498601,0.059384359321697715,33.4,3.7328366614754,0.6464132861915223,phase6c_train
phase6c_dagger_0081,closed_loop_DAgger,0.1057397461435827,0.04475156994671167,0.014590315377714623,25.692040395614644,7.790424645780593,0.6454215220205424,phase6c_train
phase6c_dagger_0082,closed_loop_DAgger,0.27413396268437357,0.036363509146927944,0.06467225538008324,33.4,4.108434272833059,0.6444245225576405,phase6c_train
phase6c_dagger_0083,closed_loop_DAgger,0.5648944955282459,0.033734073407316954,0.0629585758901096,33.4,3.8160346446262223,0.6437996936529872,phase6c_train
phase6c_dagger_0084,closed_loop_DAgger,0.760101999276741,0.01872070760110354,0.03629710351903006,32.891873417307615,1.9939402077357837,0.6428913380857364,phase6c_train
phase6c_dagger_0085,closed_loop_DAgger,0.760388022775095,0.018253925603726694,0.03655981130752743,32.81414769364414,1.9793673078567646,0.6425516364898085,phase6c_validation
phase6c_dagger_0086,closed_loop_DAgger,0.5818457929539961,0.03512008729124652,0.05895958797434778,33.4,4.03323165374286,0.6417659499146221,phase6c_train
phase6c_dagger_0087,closed_loop_DAgger,0.760269740030162,0.010347431969197095,0.037189068572837776,32.97373732891164,1.7352129235245268,0.6411986458986931,phase6c_train
phase6c_dagger_0088,closed_loop_DAgger,0.7506664256549874,0.018211960350417254,0.055841574165198915,33.4,2.1558323182846406,0.6401523577783857,phase6c_train
phase6c_dagger_0089,closed_loop_DAgger,0.79,0.02277937799363578,0.040188402532950494,31.552365610718248,1.604277019085462,0.6390289574542525,phase6c_train
phase6c_dagger_0090,closed_loop_DAgger,0.5806191997738024,0.03566089322316771,0.05965157732704825,33.4,4.082678902939534,0.6373154447156785,phase6c_train
phase6c_dagger_0091,closed_loop_DAgger,0.5764335123448251,0.03252436055453435,0.06116049523634497,33.4,3.9970341301112353,0.6369528016613923,phase6c_validation
phase6c_dagger_0092,closed_loop_DAgger,0.7692460125920861,0.021550855462833272,0.043151615317472095,32.29192251050885,1.235316557020485,0.6357660608348059,phase6c_validation
phase6c_dagger_0093,closed_loop_DAgger,0.5775588538331913,0.03473705175986755,0.06165283509588076,33.4,4.095312859358066,0.6351594213691133,phase6c_train
phase6c_dagger_0094,closed_loop_DAgger,0.5882819408037855,0.03505935898533885,0.06436868320321468,33.4,3.6911786676997473,0.6343544618918399,phase6c_train
phase6c_dagger_0095,closed_loop_DAgger,0.5185816198346801,0.03335732071320616,0.06324846089553322,33.4,3.9640231538176063,0.6341633692583151,phase6c_validation
phase6c_dagger_0096,closed_loop_DAgger,0.7540128373036139,0.020259661161239517,0.05283763569739557,33.4,1.9082255379130593,0.6341611743194233,phase6c_train
phase6c_dagger_0097,closed_loop_DAgger,0.7645376197744884,0.007072053573460093,0.03488374269567771,32.760281062508184,0.2733534092883619,0.6339090559635558,phase6c_train
phase6c_dagger_0098,closed_loop_DAgger,0.5025277710549342,0.027495188855397427,0.06418891318470595,33.4,3.9343380216811528,0.6337686415214533,phase6c_train
phase6c_dagger_0099,closed_loop_DAgger,0.758558557994472,0.018271021468239987,0.03618484535848593,32.850296220733135,1.9409523401903432,0.6321058968376299,phase6c_train
phase6c_dagger_0100,closed_loop_DAgger,0.7514773359936426,0.026166164466163055,0.052892593910063436,33.4,2.3721520233489417,0.6320022443904489,phase6c_train
phase6c_dagger_0101,closed_loop_DAgger,0.5786662589733292,0.0313140517130254,0.06190107568339145,33.4,3.7831422452378427,0.6315535093076001,phase6c_train
phase6c_dagger_0102,closed_loop_DAgger,0.6029874108392397,0.0356755353942865,0.05531496091409062,33.4,4.126802211885993,0.6310472447186247,phase6c_train
phase6c_dagger_0103,closed_loop_DAgger,0.6004083159980784,0.035925946955090826,0.05827079189937682,33.4,3.8104311010215706,0.6306168515044392,phase6c_train
phase6c_dagger_0104,closed_loop_DAgger,0.5840195573784431,0.03499952073327648,0.062471861217303935,33.4,3.918463856664713,0.6303800447341185,phase6c_train
phase6c_dagger_0105,closed_loop_DAgger,0.5917121219651748,0.03674837920501801,0.057096974540745964,33.4,4.044688562682632,0.6291770120481641,phase6c_train
phase6c_dagger_0106,closed_loop_DAgger,0.7596852487797262,0.020317639268740494,0.036185681994098134,33.07366492314005,1.8733238101477927,0.6289854119647799,phase6c_train
phase6c_dagger_0107,closed_loop_DAgger,0.547222044055428,0.03105015741300903,0.06068490494992827,33.4,4.117520671225729,0.6282321373112859,phase6c_train
phase6c_dagger_0108,closed_loop_DAgger,0.7791298765990307,0.015566176585546907,0.03067957192796223,31.770400564428986,1.548621798715302,0.6281289203353378,phase6c_train
phase6c_dagger_0109,closed_loop_DAgger,0.7587808474010963,0.014063695203595522,0.03722158510287138,32.83936937996728,1.868603623727321,0.6276864843497034,phase6c_train
phase6c_dagger_0110,closed_loop_DAgger,0.5943291056423247,0.03445472888581098,0.059199023957524424,33.4,4.091387257233129,0.6267522433102588,phase6c_train
phase6c_dagger_0111,closed_loop_DAgger,0.5044537377999115,0.032852766237327705,0.06693767248465188,33.4,3.797826914197566,0.6266450016287235,phase6c_train
phase6c_dagger_0112,closed_loop_DAgger,0.5778951452636982,0.0346409553562337,0.058594540585188704,33.4,4.058973946005605,0.6264636321172729,phase6c_train
phase6c_dagger_0113,closed_loop_DAgger,0.7889489456888026,0.02283381852187516,0.03925178985521296,31.456424821796304,1.357888921401827,0.6263718911098138,phase6c_validation
phase6c_dagger_0114,closed_loop_DAgger,0.5991580192842875,0.03646878798600776,0.06125994775533525,33.4,4.016479072561612,0.626273736039413,phase6c_train
phase6c_dagger_0115,closed_loop_DAgger,0.764541770569928,0.01752711862848101,0.03685897383997676,32.61115616621669,1.3991002418250402,0.6260451025642355,phase6c_train
phase6c_dagger_0116,closed_loop_DAgger,0.79,0.021036983321142684,0.034369555154796824,31.453872460101877,1.510911553394969,0.6255119986462014,phase6c_train
phase6c_dagger_0117,closed_loop_DAgger,0.6056251879175517,0.034650515536106846,0.05475795595987335,33.4,4.079222948863586,0.6254012828888459,phase6c_train
phase6c_dagger_0118,closed_loop_DAgger,0.5844321468376509,0.031036456486781425,0.06187635214513218,33.4,3.815910639422877,0.6245049230548149,phase6c_train
phase6c_dagger_0119,closed_loop_DAgger,0.25023647081076345,0.034925724429024155,0.06915075160218406,33.34998233282736,3.685608761806697,0.6241341032764284,phase6c_train
phase6c_dagger_0120,closed_loop_DAgger,0.5891486950170564,0.03327388140449631,0.05943862856144575,33.4,3.843819278817495,0.6226507371432166,phase6c_train
phase6c_dagger_0121,closed_loop_DAgger,0.79,0.02087339840712528,0.03266685395178598,31.520395175434707,1.3777485913214873,0.6219906690569736,phase6c_train
phase6c_dagger_0122,closed_loop_DAgger,0.5935903642988588,0.03454908901553125,0.06141967061820384,33.4,3.9711023182847778,0.6215287871774077,phase6c_train
phase6c_dagger_0123,closed_loop_DAgger,0.7509231948708076,0.029653337362077224,0.05433648618901885,33.4,2.3770149142013604,0.6213505420312478,phase6c_train
phase6c_dagger_0124,closed_loop_DAgger,0.5983077715855416,0.03475079098783711,0.06197826530571552,33.4,3.8839094579551108,0.6210784984997613,phase6c_train
phase6c_dagger_0125,closed_loop_DAgger,0.5787884345385839,0.03315287207738555,0.06247783172032036,33.4,3.9434077188309256,0.6205317549820105,phase6c_train
phase6c_dagger_0126,closed_loop_DAgger,0.7880605503525103,0.02308114811499684,0.032613772582525735,31.610537403768127,2.1375334024897183,0.6205131782159683,phase6c_validation
phase6c_dagger_0127,closed_loop_DAgger,0.5897121248161081,0.03853739725659401,0.05870295960212302,33.4,3.906825717632134,0.6205089625138875,phase6c_train
phase6c_dagger_0128,closed_loop_DAgger,0.764761130089893,0.015036689674989834,0.03707083086625377,32.530880663875976,0.7208044726870813,0.6204396303074767,phase6c_train
phase6c_dagger_0129,closed_loop_DAgger,0.7510919019333345,0.025368308691852835,0.053740299735464174,33.4,2.3344065546952946,0.618892255156555,phase6c_validation
phase6c_dagger_0130,closed_loop_DAgger,0.5707773101880772,0.032650361109081046,0.06130802860430386,33.4,4.158115517644952,0.6177560971369221,phase6c_train
phase6c_dagger_0131,closed_loop_DAgger,0.7862159393505719,0.020935411716131933,0.03286675348060774,31.81029057610516,2.125927491497997,0.6177515544894958,phase6c_train
phase6c_dagger_0132,closed_loop_DAgger,0.79,0.021704912445221276,0.035904151223038916,31.319172433270953,1.244229432024295,0.6176588928296557,phase6c_train
phase6c_dagger_0133,closed_loop_DAgger,0.5947914421647995,0.03450311680330541,0.05812667000954005,33.4,4.224979054103908,0.6171349146892967,phase6c_validation
phase6c_dagger_0134,closed_loop_DAgger,0.5125762366645363,0.03398658247330196,0.06483942591500366,33.4,3.8853545331054224,0.6170367791344765,phase6c_train
phase6c_dagger_0135,closed_loop_DAgger,0.7708484378871333,0.01650087830729845,0.035248565669373476,32.40244622115574,1.331615667118076,0.616915790426955,phase6c_train
phase6c_dagger_0136,closed_loop_DAgger,0.5643863262225671,0.03533612355252612,0.06001110949686212,33.4,4.06956172874245,0.6167965578710972,phase6c_train
phase6c_dagger_0137,closed_loop_DAgger,0.79,0.015085236727955875,0.03457648318573279,31.512510529664713,2.231231206494507,0.616690080474806,phase6c_train
phase6c_dagger_0138,closed_loop_DAgger,0.6062749313814821,0.039190569984034376,0.055227495440731675,33.4,4.034298984699445,0.6165433838392793,phase6c_train
phase6c_dagger_0139,closed_loop_DAgger,0.30915991634007917,0.035011331393193644,0.0638414274025389,33.4,3.87148297733139,0.6161836595180854,phase6c_validation
phase6c_dagger_0140,closed_loop_DAgger,0.5510036539289563,0.03346246746762488,0.060553967073524916,33.4,4.033550348300814,0.6152057170771145,phase6c_validation
phase6c_dagger_0141,closed_loop_DAgger,0.7595634351595847,0.01246699768978288,0.0457802074598907,32.99862593089592,2.0218666196718678,0.6140482912565971,phase6c_train
phase6c_dagger_0142,closed_loop_DAgger,0.5887676436880214,0.03352847932522976,0.0620530347038893,33.4,3.9988657218806787,0.6138285195737997,phase6c_train
phase6c_dagger_0143,closed_loop_DAgger,0.6090321642186005,0.03690997109984339,0.05812864384653329,33.4,4.203374182864878,0.613823856877915,phase6c_train
phase6c_dagger_0144,closed_loop_DAgger,0.79,0.016379754065069696,0.0324814211356846,31.39993658252727,1.706861401366344,0.6128407056415184,phase6c_train
phase6c_dagger_0145,closed_loop_DAgger,0.6113137579007487,0.03471560242192317,0.05643972742813971,33.4,4.050691291566508,0.6122909180538505,phase6c_validation
phase6c_dagger_0146,closed_loop_DAgger,0.5835815191089904,0.03819310550192325,0.05818742998518106,33.4,3.967408904661956,0.6102747063312614,phase6c_train
phase6c_dagger_0147,closed_loop_DAgger,0.5184945761469504,0.034321705078040096,0.062110781554354164,33.4,3.9449020123584364,0.6098846793169233,phase6c_train
phase6c_dagger_0148,closed_loop_DAgger,0.5605180754898589,0.030393641848656755,0.06158707201148526,33.4,3.8146123942457275,0.6095729910629659,phase6c_train
phase6c_dagger_0149,closed_loop_DAgger,0.28772853397322995,0.0362363560485278,0.06569665229250883,33.4,4.176456253158908,0.6093868530927339,phase6c_validation
phase6c_dagger_0150,closed_loop_DAgger,0.5179689357262276,0.03478485751553817,0.0627561327049204,33.4,3.8894519708927993,0.6093234227793201,phase6c_validation
phase6c_dagger_0151,closed_loop_DAgger,0.5699970561184966,0.035248993539900034,0.06219742863283689,33.4,3.8669882289575814,0.6089588802317285,phase6c_train
phase6c_dagger_0152,closed_loop_DAgger,0.5817347468496397,0.03525488814677451,0.05944616759179523,33.4,3.8757516045048224,0.6088747975962578,phase6c_validation
phase6c_dagger_0153,closed_loop_DAgger,0.5733215217381296,0.034141290391423246,0.06462689528724434,33.4,3.8455313104108,0.6084422929924093,phase6c_validation
phase6c_dagger_0154,closed_loop_DAgger,0.7586878339299882,0.01483982360732884,0.03917605149670807,32.61724593535156,2.0263945521684787,0.6078817821635294,phase6c_train
phase6c_dagger_0155,closed_loop_DAgger,0.7871017530376885,0.019075381844581962,0.03417667285883772,31.875478422853025,1.3498771252966844,0.6073817111236218,phase6c_train
phase6c_dagger_0156,closed_loop_DAgger,0.5761546713576535,0.03366181137633032,0.06066877412810535,33.4,3.801111614290144,0.6067919737734399,phase6c_train
phase6c_dagger_0157,closed_loop_DAgger,0.4344853779274361,0.035106456866114945,0.058871875364084225,33.4,3.7977865471627688,0.6067230919613851,phase6c_train
phase6c_dagger_0158,closed_loop_DAgger,0.4360120898038832,0.037664461041267853,0.058749185166910044,33.4,3.804896160074775,0.6066582911059321,phase6c_train
phase6c_dagger_0159,closed_loop_DAgger,0.5971185736180352,0.03373002071617387,0.06588175547757759,33.4,3.7473381122567986,0.6065380815499937,phase6c_validation
phase6c_dagger_0160,closed_loop_DAgger,0.7819446953633101,0.02068289211924748,0.03524923935318183,31.558696578887428,1.537434535192231,0.6065153253892603,phase6c_train
phase6c_dagger_0161,closed_loop_DAgger,0.5552927332231413,0.03483716923949215,0.06107464812176109,33.4,3.934867107579494,0.60646561107379,phase6c_train
phase6c_dagger_0162,closed_loop_DAgger,0.778287250144615,0.017860898476552707,0.038351751833094166,32.000714048874805,1.9848776868189313,0.6057031801395739,phase6c_train
phase6c_dagger_0163,closed_loop_DAgger,0.5923927018119949,0.03327550082381544,0.06178210537862739,33.4,3.972792024555683,0.6048249492960274,phase6c_train
phase6c_dagger_0164,closed_loop_DAgger,0.7692738375485839,0.02203542144284799,0.035645516053749535,32.208603332104126,0.7874139612293813,0.6044221787037882,phase6c_validation
phase6c_dagger_0165,closed_loop_DAgger,0.7511040594035451,0.02972390580216844,0.053053434877074944,33.4,2.622998394565959,0.6043077388887689,phase6c_train
phase6c_dagger_0166,closed_loop_DAgger,0.5623724307208943,0.035928322256160244,0.06028418856458041,33.4,4.030100818872979,0.6042467168294133,phase6c_validation
phase6c_dagger_0167,closed_loop_DAgger,0.44786225577242483,0.03339171733288405,0.05974175684812882,33.4,3.7644144734879808,0.6037610347096541,phase6c_train
phase6c_dagger_0168,closed_loop_DAgger,0.6114538811513607,0.03796496483988564,0.05923655972556109,33.4,3.9985961080216916,0.6026586641680426,phase6c_train
phase6c_dagger_0169,closed_loop_DAgger,0.5168467376991842,0.03355138686347693,0.060938322847963765,33.4,4.032477379242492,0.6023521371917772,phase6c_train
phase6c_dagger_0170,closed_loop_DAgger,0.78171232718744,0.015923676788879366,0.03235615271572248,31.83606510302496,1.5838971758982459,0.6022892357676607,phase6c_validation
phase6c_dagger_0171,closed_loop_DAgger,0.27974688724076957,0.03753932047618143,0.06641324687331188,33.4,4.091386516497624,0.6021488920069308,phase6c_train
phase6c_dagger_0172,closed_loop_DAgger,0.6010437281020902,0.0357327701213147,0.06038504424211012,33.4,4.133430725996034,0.6021412928284314,phase6c_train
phase6c_dagger_0173,closed_loop_DAgger,0.6005666530815815,0.034813952864370126,0.060998374754508526,33.4,3.991165076317705,0.6018811901942553,phase6c_train
phase6c_dagger_0174,closed_loop_DAgger,0.7618566820189241,0.014119858458834698,0.04270305410434753,32.78975276947126,2.1434353183720103,0.6014471898077014,phase6c_train
phase6c_dagger_0175,closed_loop_DAgger,0.607825217283689,0.037450688657052936,0.06008413550301063,33.4,4.027424974927632,0.6011833749788416,phase6c_train
phase6c_dagger_0176,closed_loop_DAgger,0.5819250601573632,0.03580554300795421,0.06211484491168398,33.4,3.924564637131108,0.6005443156571533,phase6c_train
phase6c_dagger_0177,closed_loop_DAgger,0.5870524606965682,0.038337149419030374,0.059424472036342754,33.4,3.887469090441824,0.6003678087947196,phase6c_train
phase6c_dagger_0178,closed_loop_DAgger,0.5167528517193185,0.03306618906980219,0.062460766965437994,33.4,4.073862659134944,0.6003013814107447,phase6c_train
phase6c_dagger_0179,closed_loop_DAgger,0.6027410757440635,0.03338643125156299,0.06226857743694333,33.4,3.8182335492815334,0.6000296119962146,phase6c_train
phase6c_dagger_0180,closed_loop_DAgger,0.7888027592340932,0.02232867594641036,0.034488920934182,31.689639604756646,1.4552979522578704,0.5998499363335853,phase6c_train
phase6c_dagger_0181,closed_loop_DAgger,0.5641830855829156,0.03156972129272197,0.06045660586016138,33.4,3.9045193549015154,0.5997340724877321,phase6c_train
phase6c_dagger_0182,closed_loop_DAgger,0.5604497500202603,0.035628974661764824,0.06021771994711485,33.4,3.956869544006091,0.5994682922459795,phase6c_train
phase6c_dagger_0183,closed_loop_DAgger,0.578099543084787,0.036667645814710596,0.060261603463066714,33.4,4.018695051325691,0.5991280398743378,phase6c_validation
phase6c_dagger_0184,closed_loop_DAgger,0.79,0.019536034477957674,0.03530001569845311,31.54469572312328,1.594244575494348,0.598080133310187,phase6c_train
phase6c_dagger_0185,closed_loop_DAgger,0.5005600242882268,0.03434663525033245,0.06289924304035828,33.4,3.916905390154021,0.5977717928856033,phase6c_train
phase6c_dagger_0186,closed_loop_DAgger,0.5455421518836726,0.0346212009278714,0.06343156558951348,33.4,3.833925521681598,0.5975324808803166,phase6c_train
phase6c_dagger_0187,closed_loop_DAgger,0.4260373668628196,0.034379597742199494,0.05735408194312567,33.4,3.8131786715842697,0.5974690654490656,phase6c_train
phase6c_dagger_0188,closed_loop_DAgger,0.31240692229260675,0.03549278151145079,0.06431452038974925,33.4,4.008989476644232,0.5970263735534335,phase6c_train
phase6c_dagger_0189,closed_loop_DAgger,0.7817417570013617,0.024593318868707324,0.03489236216956475,31.630247159268674,1.7021175467459204,0.596981108108779,phase6c_train
phase6c_dagger_0190,closed_loop_DAgger,0.5928419890492969,0.03893974709744119,0.05873527004649911,33.4,4.033596806649499,0.5968034691334737,phase6c_train
phase6c_dagger_0191,closed_loop_DAgger,0.7793420870808808,0.017666345926437687,0.03294597468225216,31.822441800883905,1.5804260440623106,0.5963238010417705,phase6c_train
phase6c_dagger_0192,closed_loop_DAgger,0.5597091259453129,0.03553040694297374,0.06021750254279964,33.4,3.9516031565815353,0.5961441273909559,phase6c_train
phase6c_dagger_0193,closed_loop_DAgger,0.5630318687315345,0.035663605430712925,0.05975230379744342,33.4,3.9685697330336396,0.5960452540458139,phase6c_train
phase6c_dagger_0194,closed_loop_DAgger,0.7658833686525666,0.014090482264157569,0.031484801350160393,32.17980418905492,1.4207249316790707,0.5954881942801331,phase6c_train
phase6c_dagger_0195,closed_loop_DAgger,0.5229643338932434,0.033889856785309404,0.06276096607814537,33.4,4.183687083913412,0.5953109668249728,phase6c_train
phase6c_dagger_0196,closed_loop_DAgger,0.5887679942311413,0.035525188774983216,0.05838314155586465,33.4,3.8304702306785474,0.5953033179407589,phase6c_train
phase6c_dagger_0197,closed_loop_DAgger,0.4667208921018874,0.034503127307011605,0.06166929679890435,33.4,3.7789154606624034,0.595298813041289,phase6c_train
phase6c_dagger_0198,closed_loop_DAgger,0.11039063847184775,0.061532986998196336,0.018051093571635812,25.990711307420977,8.740719822934565,0.5950180547487164,phase6c_train
phase6c_dagger_0199,closed_loop_DAgger,0.24741127585523776,0.04040405297773353,0.08411250113062867,33.4,3.656305578112282,0.5948566146612357,phase6c_train
phase6c_dagger_0200,closed_loop_DAgger,0.5088060046206209,0.034384072195941646,0.06342686818311732,33.4,4.003150949118467,0.5945175502153535,phase6c_train
phase6c_dagger_0201,closed_loop_DAgger,0.5630070586102485,0.034453688894674116,0.06444103944467429,33.4,3.862420983472927,0.5943108394444634,phase6c_train
phase6c_dagger_0202,closed_loop_DAgger,0.7797761335762453,0.020234616395657247,0.0358687141030652,31.864055628151405,1.6107350575591706,0.594198372882432,phase6c_train
phase6c_dagger_0203,closed_loop_DAgger,0.5449789417560241,0.034271042965493194,0.06630480214769734,33.4,3.6948833724540058,0.5939330625863533,phase6c_train
phase6c_dagger_0204,closed_loop_DAgger,0.5826047543784487,0.029430098413861808,0.06311496431614806,33.4,3.7280155409322804,0.5937784514459943,phase6c_train
phase6c_dagger_0205,closed_loop_DAgger,0.44798102454008726,0.03901464054942558,0.06405107754934967,33.4,3.8448018252954377,0.5937287254831748,phase6c_train
phase6c_dagger_0206,closed_loop_DAgger,0.79,0.019890922395895953,0.03770784793154219,31.348734226059292,1.7551324340255818,0.5936368912571721,phase6c_train
phase6c_dagger_0207,closed_loop_DAgger,0.503565701321574,0.03553826534311136,0.062113274099114255,33.4,3.8662222186471387,0.5934845150056632,phase6c_train
phase6c_dagger_0208,closed_loop_DAgger,0.7866791540886583,0.020917054876617536,0.03314475668857021,31.61250490518455,1.5157246374945135,0.5930055101580455,phase6c_train
phase6c_dagger_0209,closed_loop_DAgger,0.4330063532224895,0.03762349751320414,0.05770763249958986,33.4,3.8322061734224975,0.5928463598284033,phase6c_train
phase6c_dagger_0210,closed_loop_DAgger,0.4377833614295343,0.03583638271828734,0.0604502208571001,33.4,3.7976181391915254,0.5914468686319743,phase6c_train
phase6c_dagger_0211,closed_loop_DAgger,0.7729922374113909,0.01771677231215227,0.03607964855944031,32.40198800840058,2.2878409652367635,0.591288081024281,phase6c_train
phase6c_dagger_0212,closed_loop_DAgger,0.5782233776555255,0.032111827054216065,0.06273274362430929,33.4,3.9463564420219286,0.5911241368465014,phase6c_validation
phase6c_dagger_0213,closed_loop_DAgger,0.5885791171006656,0.03685456369686516,0.06218359604889788,33.4,3.788258702857506,0.5910953661328139,phase6c_train
phase6c_dagger_0214,closed_loop_DAgger,0.5258208057606648,0.033042706861439404,0.06430975530380757,33.4,4.220063468608062,0.5906899293581048,phase6c_train
phase6c_dagger_0215,closed_loop_DAgger,0.5896768714863461,0.03493667726542389,0.06719514127061564,33.4,3.8032400207766757,0.5905670764567547,phase6c_train
phase6c_dagger_0216,closed_loop_DAgger,0.10793516769512772,0.050665714244659335,0.01676367944326146,25.83464179288301,8.479904619048515,0.5903915292248753,phase6c_validation
phase6c_dagger_0217,closed_loop_DAgger,0.5622692665842193,0.03518068548734418,0.060454507272520344,33.4,3.8921650851849723,0.5903549150043493,phase6c_train
phase6c_dagger_0218,closed_loop_DAgger,0.7838956991490231,0.020777451229417616,0.03415585356264038,31.677577903368846,1.5208390506927125,0.5902907044900433,phase6c_train
phase6c_dagger_0219,closed_loop_DAgger,0.4521558724233247,0.04011104800744441,0.06340242250000455,33.4,3.90335370273576,0.5899931450547821,phase6c_train
phase6c_dagger_0220,closed_loop_DAgger,0.1402768942648689,0.07643145135753938,0.06273271840966815,28.943289620462746,7.4101799137794,0.5897039413020566,phase6c_train
phase6c_dagger_0221,closed_loop_DAgger,0.7761589648790262,0.016975382163652474,0.033038043014230835,32.17751580434691,1.2774651885665924,0.5893417851318884,phase6c_train
phase6c_dagger_0222,closed_loop_DAgger,0.5905018518830126,0.03542529785834819,0.0620607657574674,33.4,4.32695907160504,0.5887389628129233,phase6c_train
phase6c_dagger_0223,closed_loop_DAgger,0.7610355379961565,0.011457249103491777,0.036993313122994975,32.8029801897156,2.0165420158388434,0.5885996411716273,phase6c_train
phase6c_dagger_0224,closed_loop_DAgger,0.5846785118864435,0.03442376833803452,0.0651246838091034,33.4,3.9687915516677426,0.5885609573931088,phase6c_train
phase6c_dagger_0225,closed_loop_DAgger,0.7203114803493563,0.034539932557949286,0.0676223746816973,33.4,3.571715750645579,0.5885061329507323,phase6c_validation
phase6c_dagger_0226,closed_loop_DAgger,0.5906478269096297,0.03297062328738135,0.0639516659131564,33.4,3.921194057291746,0.5884747596554353,phase6c_train
phase6c_dagger_0227,closed_loop_DAgger,0.4256403506399709,0.0378464534603605,0.06115732645326613,33.4,3.8353246438189927,0.5880123428753834,phase6c_validation
phase6c_dagger_0228,closed_loop_DAgger,0.5774843932117166,0.034851397795755565,0.06369894612533106,33.4,4.112380845354908,0.5876597188652148,phase6c_train
phase6c_dagger_0229,closed_loop_DAgger,0.44128844289446445,0.039308602187821465,0.06461349093898118,33.4,3.6950137260890843,0.5876528961141875,phase6c_train
phase6c_dagger_0230,closed_loop_DAgger,0.7831718078621854,0.021054039162529892,0.03360314567101081,31.633561384958945,1.3575494738733087,0.5866956181757698,phase6c_train
phase6c_dagger_0231,closed_loop_DAgger,0.47623316928456155,0.03621362934650663,0.06154268767281599,33.4,3.8040041262982665,0.586478924670867,phase6c_validation
phase6c_dagger_0232,closed_loop_DAgger,0.4268046807879854,0.040063933984749195,0.06206351015970448,33.4,3.8192019465050593,0.5861287823514011,phase6c_train
phase6c_dagger_0233,closed_loop_DAgger,0.42965231790690683,0.03655588795196632,0.061512530713906305,33.4,3.8350328048734514,0.5857699538276031,phase6c_train
phase6c_dagger_0234,closed_loop_DAgger,0.52895254181164,0.035818129662864504,0.06020822595886823,33.4,4.038387151356188,0.5856096485993494,phase6c_train
phase6c_dagger_0235,closed_loop_DAgger,0.2975413330207357,0.03636055730161242,0.06509195688168223,33.4,4.167107137319942,0.5846643012257382,phase6c_train
phase6c_dagger_0236,closed_loop_DAgger,0.7680866793885633,0.014032193496753437,0.035399925554849845,32.46228356352033,2.3555157606943147,0.5844800017220573,phase6c_validation
phase6c_dagger_0237,closed_loop_DAgger,0.5538796813266466,0.034373135290060655,0.06393071614595344,33.4,4.011807663734529,0.5843607016086027,phase6c_validation
phase6c_dagger_0238,closed_loop_DAgger,0.5923895541769897,0.03698883161701444,0.0614902719034128,33.4,4.035595617495857,0.5842706918243831,phase6c_train
phase6c_dagger_0239,closed_loop_DAgger,0.5782091959371422,0.03692093803460604,0.05845606701456092,33.4,3.904649073545231,0.5832396319087916,phase6c_train
phase6c_dagger_0240,closed_loop_DAgger,0.5768089334418874,0.03720735334534982,0.06100965687448892,33.4,3.7958137651703474,0.5831306527333048,phase6c_train
phase6c_dagger_0241,closed_loop_DAgger,0.442543468873287,0.03257529659654896,0.06021183592936885,33.4,3.8407687161011643,0.5829043684881686,phase6c_train
phase6c_dagger_0242,closed_loop_DAgger,0.5011923625385231,0.03396027037329606,0.06335836077235023,33.4,3.993202357210368,0.5827175192368127,phase6c_train
phase6c_dagger_0243,closed_loop_DAgger,0.7626579289282625,0.014739485316227194,0.0315910093936474,32.72811393340647,2.177612996354097,0.5822981768834853,phase6c_validation
phase6c_dagger_0244,closed_loop_DAgger,0.5244382099091889,0.03500669032878403,0.06341362971021411,33.4,3.872132008233336,0.582183592131277,phase6c_validation
phase6c_dagger_0245,closed_loop_DAgger,0.4340607912342656,0.03424309712113419,0.06129970392043372,33.4,3.846474533937614,0.5820797675264076,phase6c_train
phase6c_dagger_0246,closed_loop_DAgger,0.4288950751540726,0.032317779703289876,0.06332536400443893,33.4,3.7057981426726245,0.5815519691999126,phase6c_train
phase6c_dagger_0247,closed_loop_DAgger,0.41030317223596596,0.041849289993260666,0.05925502203694893,33.4,3.7533497780734226,0.5803827703817193,phase6c_validation
phase6c_dagger_0248,closed_loop_DAgger,0.704805324933078,0.03578179738429746,0.06881979381883307,33.4,3.5109438198899507,0.5800646402465449,phase6c_train
phase6c_dagger_0249,closed_loop_DAgger,0.4490668809318192,0.0402745495691147,0.060832667828036355,33.4,3.945384399628993,0.5799076705923966,phase6c_train
phase6c_dagger_0250,closed_loop_DAgger,0.7731121417486274,0.020204536798986844,0.03641123033260549,32.01864287694406,1.2739562668453206,0.5798026771932696,phase6c_train
phase6c_dagger_0251,closed_loop_DAgger,0.567220255722137,0.03483673733330909,0.059219851367906876,33.4,3.929215571810799,0.578979039598959,phase6c_train
phase6c_dagger_0252,closed_loop_DAgger,0.7603886404774163,0.013050793449254777,0.039614988353856705,32.693433278273375,1.8441716952249276,0.5782073343722615,phase6c_validation
phase6c_dagger_0253,closed_loop_DAgger,0.47757735083390174,0.03250553722182801,0.06224077859688975,33.4,3.8771487875418535,0.5780165944140878,phase6c_train
phase6c_dagger_0254,closed_loop_DAgger,0.28417435920291595,0.03711699242387367,0.06876246545508084,33.4,4.04641983049704,0.5776814061403414,phase6c_train
phase6c_dagger_0255,closed_loop_DAgger,0.767200894066083,0.016547426149242497,0.03351948741093719,32.47874709833343,1.5035320350125505,0.5772288809482553,phase6c_validation
phase6c_dagger_0256,closed_loop_DAgger,0.4160117193177407,0.036616550941991004,0.057432642641809764,33.4,3.8096825040001754,0.5772003303014217,phase6c_train
phase6c_dagger_0257,closed_loop_DAgger,0.774805160676166,0.01673117746329055,0.03478241816855814,32.06880059333085,2.2538823098165515,0.5771104274531735,phase6c_train
phase6c_dagger_0258,closed_loop_DAgger,0.5101356001897188,0.03373213973057134,0.06304321498249907,33.4,4.100671624330979,0.5763168599302658,phase6c_train
phase6c_dagger_0259,closed_loop_DAgger,0.5892346811049534,0.030706817135940992,0.0616751130589819,33.4,4.1535603693072884,0.5759083394421924,phase6c_train
phase6c_dagger_0260,closed_loop_DAgger,0.46147394338355235,0.038794387997696064,0.06107222517424962,33.4,3.867732336101905,0.5758363689666971,phase6c_train
phase6c_dagger_0261,closed_loop_DAgger,0.46077115992448764,0.03804531460553456,0.0624694506717335,33.4,3.839225295485814,0.5757458218319935,phase6c_train
phase6c_dagger_0262,closed_loop_DAgger,0.5874259369279979,0.03663575221063194,0.062326287017382596,33.4,3.920306201298693,0.5756526476059843,phase6c_train
phase6c_dagger_0263,closed_loop_DAgger,0.5475661543390239,0.03424567503216401,0.06443762097229502,33.4,4.066852997035122,0.5755790155984819,phase6c_train
phase6c_dagger_0264,closed_loop_DAgger,0.5795439241992061,0.031812388077754924,0.06308537738546154,33.4,3.9509612678570303,0.5755396796955206,phase6c_train
phase6c_dagger_0265,closed_loop_DAgger,0.7851865568812304,0.019989933457814347,0.035614621516086256,31.65846256307444,1.4039970919479894,0.5750306507676505,phase6c_train
phase6c_dagger_0266,closed_loop_DAgger,0.4313236779627829,0.04105246629397514,0.05942617105429211,33.4,3.833298554421353,0.5749948164336548,phase6c_train
phase6c_dagger_0267,closed_loop_DAgger,0.5333218045367616,0.035213075330507146,0.06235046194650216,33.4,4.018275561153553,0.5749367163588108,phase6c_validation
phase6c_dagger_0268,closed_loop_DAgger,0.5720281700494637,0.03251669369700793,0.060357055783410635,33.4,3.74652378439226,0.5748663001862474,phase6c_train
phase6c_dagger_0269,closed_loop_DAgger,0.43682385981310295,0.0370374068811404,0.059543662730595456,33.4,3.8723692569062687,0.5745277536181882,phase6c_train
phase6c_dagger_0270,closed_loop_DAgger,0.3076974818235784,0.03418404903465389,0.06390652562937235,33.4,4.137904993981775,0.5740453584208708,phase6c_validation
phase6c_dagger_0271,closed_loop_DAgger,0.4761075087467086,0.035122061528832724,0.06099643664953024,33.4,3.7816096596646895,0.5739740637417455,phase6c_train
phase6c_dagger_0272,closed_loop_DAgger,0.5781990427372177,0.03282025869016407,0.06335347379299809,33.4,4.051470488311962,0.5739072434591516,phase6c_train
phase6c_dagger_0273,closed_loop_DAgger,0.37937014209063835,0.03583010838919144,0.06133021074428789,33.4,3.836057292089235,0.5735776323337962,phase6c_validation
phase6c_dagger_0274,closed_loop_DAgger,0.5642086226110172,0.035717116083441296,0.06168920738229246,33.4,4.124582991436321,0.5735453234777063,phase6c_train
phase6c_dagger_0275,closed_loop_DAgger,0.7628215645262822,0.012432433563019348,0.03648912338859201,32.54723370849036,1.865092243419319,0.5735280437379923,phase6c_train
phase6c_dagger_0276,closed_loop_DAgger,0.6033252499266936,0.03722305501923529,0.05536381885549894,33.4,4.284532003132103,0.5732602006473019,phase6c_train
phase6c_dagger_0277,closed_loop_DAgger,0.7506857165286742,0.029476488042709546,0.052192506740425214,33.4,2.8148742593316447,0.573091675960603,phase6c_train
phase6c_dagger_0278,closed_loop_DAgger,0.44005701242069656,0.03865637305952507,0.062240735837638596,33.4,3.889667173540746,0.5730398331027063,phase6c_train
phase6c_dagger_0279,closed_loop_DAgger,0.6110182171409506,0.03573712760877578,0.06310091198376694,33.4,3.9558934488002375,0.5727981435716973,phase6c_train
phase6c_dagger_0280,closed_loop_DAgger,0.5720446357062918,0.03577790735254128,0.057763365508322534,33.4,3.973600856171495,0.5726355944300356,phase6c_train
phase6c_dagger_0281,closed_loop_DAgger,0.79,0.023400367956043503,0.03314153331114214,31.711529144032557,1.4474787120084107,0.5721357002320568,phase6c_train
phase6c_dagger_0282,closed_loop_DAgger,0.5212256271512845,0.03561990914158679,0.060906299868801896,33.4,4.131049822219031,0.571935225989333,phase6c_train
phase6c_dagger_0283,closed_loop_DAgger,0.4390235160627113,0.03548735950376382,0.05701602798258306,33.4,3.714083072271678,0.5718151285566838,phase6c_train
phase6c_dagger_0284,closed_loop_DAgger,0.39581821316052074,0.03583154222066191,0.061159713854244145,33.4,3.835028450696627,0.5717927147962084,phase6c_train
phase6c_dagger_0285,closed_loop_DAgger,0.7617461024472462,0.016940936991340652,0.035650944993462844,32.47709760798804,1.7618167739560666,0.5717048806745628,phase6c_train
phase6c_dagger_0286,closed_loop_DAgger,0.2747237858077609,0.03878927153586919,0.0670483291070734,33.4,3.8961429630109627,0.5716744657738788,phase6c_validation
phase6c_dagger_0287,closed_loop_DAgger,0.49965718551076527,0.0353297666820129,0.06042622634553279,33.4,3.9836832961557014,0.5716315273286449,phase6c_train
phase6c_dagger_0288,closed_loop_DAgger,0.5484668378537295,0.03711696755697655,0.059656208565319814,33.4,3.999353807440362,0.5716164629380152,phase6c_train
phase6c_dagger_0289,closed_loop_DAgger,0.7637724043504477,0.016882302596222747,0.03447869040431971,32.58052157428371,2.038261517677797,0.5712335272347575,phase6c_train
phase6c_dagger_0290,closed_loop_DAgger,0.4628818227374409,0.034969697998693636,0.0631725294237798,33.4,3.8452762916869094,0.5707641750382138,phase6c_train
phase6c_dagger_0291,closed_loop_DAgger,0.6214209361911173,0.03636293825366146,0.06053363681911772,33.4,4.026249049617065,0.5706531104630801,phase6c_train
phase6c_dagger_0292,closed_loop_DAgger,0.5939473328625575,0.0360387640824114,0.063691165829947,33.4,4.275506619347679,0.5706470670935272,phase6c_train
phase6c_dagger_0293,closed_loop_DAgger,0.49546440426748944,0.034248185190311885,0.06029611309639365,33.4,3.95437431077749,0.5705820487772325,phase6c_train
phase6c_dagger_0294,closed_loop_DAgger,0.5498829756404021,0.03192159210053672,0.06345184697731618,33.4,4.003257482957167,0.5704056134140362,phase6c_train
phase6c_dagger_0295,closed_loop_DAgger,0.5825182344740042,0.03568367528487259,0.06403188546741062,33.4,3.90414459137059,0.5703362584430569,phase6c_train
phase6c_dagger_0296,closed_loop_DAgger,0.2505864367950858,0.036303772811804864,0.07490159235449892,33.4,3.7001690644615777,0.5701024684971671,phase6c_train
phase6c_dagger_0297,closed_loop_DAgger,0.29363982408317735,0.035718467557371784,0.06760527448875579,33.4,4.093692560512179,0.5699716030195796,phase6c_train
phase6c_dagger_0298,closed_loop_DAgger,0.42514933453699044,0.03735622382263003,0.0615377534547855,33.4,3.903088065368358,0.5696241014826776,phase6c_train
phase6c_dagger_0299,closed_loop_DAgger,0.7694040253643538,0.020416749930221627,0.03452560764286796,32.337910955227976,2.4033878885191706,0.5695605117853931,phase6c_train
