scenario_id,controller,time_s,true_soc,estimated_soc,charge_current_a,terminal_voltage_v,true_average_temperature_c,control_decision_updated,decision_source,failure_type,optimizer_success,selected_sequence_feasible,used_emergency_fallback,hard_safety_slew_conflict,solve_time_s,current_change_a
corner_hot_resistive_optimistic,oracle_mpc_recovery,0.0,0.1,0.1,0.0,3.2959070147319616,30.0,False,initial,none,True,True,False,False,0.0,
corner_hot_resistive_optimistic,oracle_mpc_recovery,5.0,0.1006172839506173,0.10490653832536839,2.0000000000000027,3.355308841957436,30.010878195984493,True,slsqp,none,True,True,False,False,0.7278722000010021,2.0000000000000027
corner_hot_resistive_optimistic,oracle_mpc_recovery,10.0,0.10185185185185186,0.10538294206068881,4.000000000000001,3.4214605014066235,30.05672062323627,True,slsqp,none,True,True,False,False,0.6568704000001162,1.9999999999999982
corner_hot_resistive_optimistic,oracle_mpc_recovery,15.0,0.10354598388560532,0.10621355628328108,5.488987789361202,3.478096912016835,30.147489059131154,True,slsqp,none,True,True,False,False,0.804116299999805,1.4889877893612011
corner_hot_resistive_optimistic,oracle_mpc_recovery,20.0,0.10524011591935878,0.10917390031482901,5.488987789361202,3.493630930517703,30.244832879816236,False,slsqp,none,True,True,False,False,0.0,0.0
corner_hot_resistive_optimistic,oracle_mpc_recovery,25.0,0.10693424795311224,0.11168261150269605,5.488987789361202,3.506913702497666,30.347293030204792,False,slsqp,none,True,True,False,False,0.0,0.0
corner_hot_resistive_optimistic,oracle_mpc_recovery,30.0,0.1086283799868657,0.11226147433212935,5.488987789361202,3.5184841922143875,30.4537641263734,False,slsqp,none,True,True,False,False,0.0,0.0
corner_hot_resistive_optimistic,oracle_mpc_recovery,35.0,0.11032251202061916,0.11472629953246404,5.488987789361202,3.5287463219472297,30.563405833906028,False,slsqp,none,True,True,False,False,0.0,0.0
corner_hot_resistive_optimistic,oracle_mpc_recovery,40.0,0.11177222983340927,0.11606686442539284,4.697085713439966,3.514502054959696,30.648767497097296,True,slsqp,none,True,True,False,False,0.34920839999904274,0.7919020759212358
corner_hot_resistive_optimistic,oracle_mpc_recovery,45.0,0.11322194764619939,0.1172910931920865,4.697085713439966,3.520329911755669,30.734823822534796,False,slsqp,none,True,True,False,False,0.0,0.0
corner_hot_resistive_optimistic,oracle_mpc_recovery,50.0,0.1146716654589895,0.12004886636110311,4.697085713439966,3.525981954437453,30.821488034414806,False,slsqp,none,True,True,False,False,0.0,0.0
corner_hot_resistive_optimistic,oracle_mpc_recovery,55.0,0.11612138327177962,0.121890266212077,4.697085713439966,3.531482600782515,30.90868715535649,False,slsqp,none,True,True,False,False,0.0,0.0
corner_hot_resistive_optimistic,oracle_mpc_recovery,60.0,0.11757110108456974,0.1221748134642893,4.697085713439966,3.53685056259306,30.996358889533923,False,slsqp,none,True,True,False,False,0.0,0.0
corner_hot_resistive_optimistic,oracle_mpc_recovery,65.0,0.11890831002845323,0.12395079188034638,4.332556978182507,3.5312884319772175,31.0728320737334,True,slsqp,none,True,True,False,False,0.34200960000089253,0.3645287352574593
corner_hot_resistive_optimistic,oracle_mpc_recovery,70.0,0.12024551897233672,0.1267082583633934,4.332556978182507,3.535217031392777,31.149204094161988,False,slsqp,none,True,True,False,False,0.0,0.0
corner_hot_resistive_optimistic,oracle_mpc_recovery,75.0,0.12158272791622021,0.12723897596158731,4.332556978182507,3.539246067927982,31.225537076732422,False,slsqp,none,True,True,False,False,0.0,0.0
corner_hot_resistive_optimistic,oracle_mpc_recovery,80.0,0.1229199368601037,0.12870315818663772,4.332556978182507,3.543334715429632,31.301872125509163,False,slsqp,none,True,True,False,False,0.0,0.0
corner_hot_resistive_optimistic,oracle_mpc_recovery,85.0,0.1242571458039872,0.13018027907880125,4.332556978182507,3.5474527508509417,31.378234843095576,False,slsqp,none,True,True,False,False,0.0,0.0
corner_hot_resistive_optimistic,oracle_mpc_recovery,90.0,0.12552203356317398,0.13220425734736654,4.098236339765193,3.5446319358949108,31.44742749590306,True,slsqp,none,True,True,False,False,0.5049531000004208,0.234320638417314
corner_hot_resistive_optimistic,oracle_mpc_recovery,95.0,0.12678692132236077,0.13319662236843777,4.098236339765193,3.5479713252293346,31.516396760475878,False,slsqp,none,True,True,False,False,0.0,0.0
corner_hot_resistive_optimistic,oracle_mpc_recovery,100.0,0.12805180908154756,0.13488280694283689,4.098236339765193,3.5514171827121093,31.585204012119195,False,slsqp,none,True,True,False,False,0.0,0.0
corner_hot_resistive_optimistic,oracle_mpc_recovery,105.0,0.12931669684073435,0.13699769954412874,4.098236339765193,3.5549301195351477,31.653891432164485,False,slsqp,none,True,True,False,False,0.0,0.0
corner_hot_resistive_optimistic,oracle_mpc_recovery,110.0,0.13058158459992114,0.1375669934543636,4.098236339765193,3.5584809058636266,31.722487000792967,False,slsqp,none,True,True,False,False,0.0,0.0
corner_hot_resistive_optimistic,oracle_mpc_recovery,115.0,0.13175435373067146,0.13860963911511895,3.799771983631053,3.553205668972335,31.78214596678444,True,slsqp,none,True,True,False,False,0.34957179999946675,0.29846435613414
corner_hot_resistive_optimistic,oracle_mpc_recovery,120.0,0.13292712286142178,0.13905538256267225,3.799771983631053,3.5557890380556847,31.841429409615706,False,slsqp,none,True,True,False,False,0.0,0.0
corner_hot_resistive_optimistic,oracle_mpc_recovery,125.0,0.1340998919921721,0.13989709501119155,3.799771983631053,3.55852361931922,31.900413879519455,False,slsqp,none,True,True,False,False,0.0,0.0
corner_hot_resistive_optimistic,oracle_mpc_recovery,130.0,0.1352726611229224,0.14152529069555406,3.799771983631053,3.561361720996443,31.959154333473478,False,slsqp,none,True,True,False,False,0.0,0.0
corner_hot_resistive_optimistic,oracle_mpc_recovery,135.0,0.13644543025367273,0.14305610565852436,3.799771983631053,3.5642678239018655,32.01768968524016,False,slsqp,none,True,True,False,False,0.0,0.0
corner_hot_resistive_optimistic,oracle_mpc_recovery,140.0,0.13756570624420109,0.1448190243029585,3.629694209311912,3.562179692162504,32.07118884760269,True,slsqp,none,True,True,False,False,0.27055660000041826,0.17007777431914084
corner_hot_resistive_optimistic,oracle_mpc_recovery,145.0,0.13868598223472944,0.14525899593508074,3.629694209311912,3.5645915542946183,32.12436428590106,False,slsqp,none,True,True,False,False,0.0,0.0
corner_hot_resistive_optimistic,oracle_mpc_recovery,150.0,0.1398062582252578,0.14715453207753917,3.629694209311912,3.5671035614869537,32.1772667022776,False,slsqp,none,True,True,False,False,0.0,0.0
corner_hot_resistive_optimistic,oracle_mpc_recovery,155.0,0.14092653421578616,0.14776761310268666,3.629694209311912,3.569682689390695,32.229932527635555,False,slsqp,none,True,True,False,False,0.0,0.0
corner_hot_resistive_optimistic,oracle_mpc_recovery,160.0,0.14204681020631452,0.1488801026479004,3.629694209311912,3.572304344192785,32.28238759023318,False,slsqp,none,True,True,False,False,0.0,0.0
corner_hot_resistive_optimistic,oracle_mpc_recovery,165.0,0.14313109896968113,0.14983569035285965,3.513095593307827,3.5714998652963725,32.33139657179359,True,slsqp,none,True,True,False,False,0.3106273000012152,0.11659861600408483
corner_hot_resistive_optimistic,oracle_mpc_recovery,170.0,0.14421538773304773,0.15121603911017636,3.513095593307827,3.573776009741483,32.38011777476704,False,slsqp,none,True,True,False,False,0.0,0.0
corner_hot_resistive_optimistic,oracle_mpc_recovery,175.0,0.14529967649641434,0.15289427595188468,3.513095593307827,3.5761163165468925,32.42858502702432,False,slsqp,none,True,True,False,False,0.0,0.0
corner_hot_resistive_optimistic,oracle_mpc_recovery,180.0,0.14638396525978095,0.15383654662225732,3.513095593307827,3.5784980734007044,32.47682266575755,False,slsqp,none,True,True,False,False,0.0,0.0
corner_hot_resistive_optimistic,oracle_mpc_recovery,185.0,0.14746825402314756,0.1546028554275894,3.513095593307827,3.580904366813932,32.52484797987742,False,slsqp,none,True,True,False,False,0.0,0.0
corner_hot_resistive_optimistic,oracle_mpc_recovery,190.0,0.1485132606647589,0.15603393783482522,3.3858215188206984,3.579558549641474,32.56919403062396,True,slsqp,none,True,True,False,False,0.2910867999999027,0.1272740744871288
corner_hot_resistive_optimistic,oracle_mpc_recovery,195.0,0.14955826730637023,0.15750753012125204,3.3858215188206984,3.581566406980245,32.61323675124787,False,slsqp,none,True,True,False,False,0.0,0.0
corner_hot_resistive_optimistic,oracle_mpc_recovery,200.0,0.15060327394798156,0.15899744624553905,3.3858215188206984,3.583639359653371,32.6570088992143,False,slsqp,none,True,True,False,False,0.0,0.0
corner_hot_resistive_optimistic,oracle_mpc_recovery,205.0,0.1516482805895929,0.15957626321670873,3.3858215188206984,3.5857556140938645,32.70053444843568,False,slsqp,none,True,True,False,False,0.0,0.0
corner_hot_resistive_optimistic,oracle_mpc_recovery,210.0,0.15269328723120423,0.1607047801488204,3.3858215188206984,3.5878989127790253,32.74383083818612,False,slsqp,none,True,True,False,False,0.0,0.0
corner_hot_resistive_optimistic,oracle_mpc_recovery,215.0,0.15366581218298572,0.1615248977606127,3.1509808437720266,3.5831159299543103,32.78071505712326,True,slsqp,none,True,True,False,False,0.508235400000558,0.2348406750486718
corner_hot_resistive_optimistic,oracle_mpc_recovery,220.0,0.1546383371347672,0.1618514957516015,3.1509808437720266,3.5845220530417197,32.817204384089415,False,slsqp,none,True,True,False,False,0.0,0.0
corner_hot_resistive_optimistic,oracle_mpc_recovery,225.0,0.1556108620865487,0.1631464249860896,3.1509808437720266,3.586055386559175,32.853352094234964,False,slsqp,none,True,True,False,False,0.0,0.0
corner_hot_resistive_optimistic,oracle_mpc_recovery,230.0,0.1565833870383302,0.16459298249116364,3.1509808437720266,3.5876801598009695,32.88919801105509,False,slsqp,none,True,True,False,False,0.0,0.0
corner_hot_resistive_optimistic,oracle_mpc_recovery,235.0,0.15755591199011168,0.16624001329673638,3.1509808437720266,3.5893696171949796,32.924771917850585,False,slsqp,none,True,True,False,False,0.0,0.0
corner_hot_resistive_optimistic,oracle_mpc_recovery,240.0,0.1584572237140037,0.16770938773619865,2.9202499854101482,3.5842878937939915,32.954332094788626,True,slsqp,none,True,True,False,False,0.4968668000001344,0.23073085836187834
corner_hot_resistive_optimistic,oracle_mpc_recovery,245.0,0.15935853543789572,0.16799875165582812,2.9202499854101482,3.585310814597968,32.983494255495046,False,slsqp,none,True,True,False,False,0.0,0.0
corner_hot_resistive_optimistic,oracle_mpc_recovery,250.0,0.16025984716178773,0.16802004828476533,2.9202499854101482,3.5864779681540426,33.01231314414068,False,slsqp,none,True,True,False,False,0.0,0.0
corner_hot_resistive_optimistic,oracle_mpc_recovery,255.0,0.16116115888567975,0.16930484963537812,2.9202499854101482,3.587750732685288,33.04083003680868,False,slsqp,none,True,True,False,False,0.0,0.0
corner_hot_resistive_optimistic,oracle_mpc_recovery,260.0,0.16206247060957177,0.17046736240724303,2.9202499854101482,3.5891001866630834,33.06907614220635,False,slsqp,none,True,True,False,False,0.0,0.0
corner_hot_resistive_optimistic,oracle_mpc_recovery,265.0,0.16295903526179445,0.17104427248459844,2.9048694732015248,3.590050572835126,33.09670464806002,True,slsqp,none,True,True,False,False,0.2509157000004052,0.015380512208623465
corner_hot_resistive_optimistic,oracle_mpc_recovery,270.0,0.16385559991401713,0.17128945518453143,2.9048694732015248,3.5914447089853354,33.124093281964846,False,slsqp,none,True,True,False,False,0.0,0.0
corner_hot_resistive_optimistic,oracle_mpc_recovery,275.0,0.1647521645662398,0.17060379568381578,2.9048694732015248,3.5928738538160405,33.15125863671807,False,slsqp,none,True,True,False,False,0.0,0.0
corner_hot_resistive_optimistic,oracle_mpc_recovery,280.0,0.1656487292184625,0.17231082150533125,2.9048694732015248,3.5943268658377585,33.178213455531875,False,slsqp,none,True,True,False,False,0.0,0.0
corner_hot_resistive_optimistic,oracle_mpc_recovery,285.0,0.16654529387068517,0.17157829040762038,2.9048694732015248,3.595795385604909,33.20496759812077,False,slsqp,none,True,True,False,False,0.0,0.0
corner_hot_resistive_optimistic,oracle_mpc_recovery,290.0,0.1673924386893053,0.17211650601934758,2.744749212329265,3.5925484287589535,33.227760015357866,True,slsqp,none,True,True,False,False,0.4209848000009515,0.16012026087225983
corner_hot_resistive_optimistic,oracle_mpc_recovery,295.0,0.16823958350792545,0.1728780230702259,2.744749212329265,3.593521799655522,33.25025856208486,False,slsqp,none,True,True,False,False,0.0,0.0
corner_hot_resistive_optimistic,oracle_mpc_recovery,300.0,0.1690867283265456,0.17390569284134708,2.744749212329265,3.59458336278514,33.27249597870701,False,slsqp,none,True,True,False,False,0.0,0.0
corner_hot_resistive_optimistic,oracle_mpc_recovery,305.0,0.16993387314516573,0.17433161836652183,2.744749212329265,3.5957094392798425,33.294497244915334,False,slsqp,none,True,True,False,False,0.0,0.0
corner_hot_resistive_optimistic,oracle_mpc_recovery,310.0,0.17078101796378586,0.17494802115800212,2.744749212329265,3.5968822694481055,33.31628153169459,False,slsqp,none,True,True,False,False,0.0,0.0
corner_hot_resistive_optimistic,oracle_mpc_recovery,315.0,0.17158631188381085,0.17538650865981806,2.6091523008809703,3.5940896412961285,33.33480641607061,True,slsqp,none,True,True,False,False,0.4529698999995162,0.13559691144829467
corner_hot_resistive_optimistic,oracle_mpc_recovery,320.0,0.17239160580383583,0.17627637124648557,2.6091523008809703,3.5948905422907447,33.35305654358895,False,slsqp,none,True,True,False,False,0.0,0.0
corner_hot_resistive_optimistic,oracle_mpc_recovery,325.0,0.17319689972386082,0.17843331949657598,2.6091523008809703,3.595781174149641,33.37106320614595,False,slsqp,none,True,True,False,False,0.0,0.0
corner_hot_resistive_optimistic,oracle_mpc_recovery,330.0,0.1740021936438858,0.17906846428555523,2.6091523008809703,3.596738080237847,33.38885038669731,False,slsqp,none,True,True,False,False,0.0,0.0
corner_hot_resistive_optimistic,oracle_mpc_recovery,335.0,0.1748074875639108,0.17911501985992037,2.6091523008809703,3.597743654541778,33.4064365918073,False,slsqp,none,True,True,False,False,0.0,0.0
corner_hot_resistive_optimistic,oracle_mpc_recovery,340.0,0.1755682871278465,0.17967005843423037,2.4649905871516946,3.594535501270109,33.42072644286138,True,slsqp,none,True,True,False,False,0.48795140000038373,0.14416171372927566
corner_hot_resistive_optimistic,oracle_mpc_recovery,345.0,0.1763290866917822,0.1798005638425918,2.4649905871516946,3.595148437568801,33.434757667808235,False,slsqp,none,True,True,False,False,0.0,0.0
corner_hot_resistive_optimistic,oracle_mpc_recovery,350.0,0.17708988625571792,0.18096620783531278,2.4649905871516946,3.595857864796904,33.448561496320366,False,slsqp,none,True,True,False,False,0.0,0.0
corner_hot_resistive_optimistic,oracle_mpc_recovery,355.0,0.17785068581965363,0.18149105449833805,2.4649905871516946,3.596639219569264,33.46216192435478,False,slsqp,none,True,True,False,False,0.0,0.0
corner_hot_resistive_optimistic,oracle_mpc_recovery,360.0,0.17861148538358934,0.1821205221671361,2.4649905871516946,3.5974740560436955,33.475577524756226,False,slsqp,none,True,True,False,False,0.0,0.0
corner_hot_resistive_optimistic,oracle_mpc_recovery,365.0,0.17937961484368437,0.18340200176480265,2.4887394507079175,3.5990481365791673,33.48932143436851,True,slsqp,none,True,True,False,False,0.5855751000017335,0.023748863556222854
corner_hot_resistive_optimistic,oracle_mpc_recovery,370.0,0.1801477443037794,0.18478403332650561,2.4887394507079175,3.6000261167745635,33.50292030208439,False,slsqp,none,True,True,False,False,0.0,0.0
corner_hot_resistive_optimistic,oracle_mpc_recovery,375.0,0.1809158737638744,0.18540548191826503,2.4887394507079175,3.6010124732883932,33.516379553678384,False,slsqp,none,True,True,False,False,0.0,0.0
corner_hot_resistive_optimistic,oracle_mpc_recovery,380.0,0.18168400322396944,0.18609521092506423,2.4887394507079175,3.6020043730682634,33.529703781082205,False,slsqp,none,True,True,False,False,0.0,0.0
corner_hot_resistive_optimistic,oracle_mpc_recovery,385.0,0.18245213268406446,0.18771154291454237,2.4887394507079175,3.6029996423279793,33.542896936761146,False,slsqp,none,True,True,False,False,0.0,0.0
corner_hot_resistive_optimistic,oracle_mpc_recovery,390.0,0.18321239338766732,0.18877566238286966,2.463244679673211,3.6032459527287957,33.55542992324442,True,slsqp,none,True,True,False,False,0.6769141999993735,0.02549477103470643
corner_hot_resistive_optimistic,oracle_mpc_recovery,395.0,0.18397265409127017,0.18913026838295294,2.463244679673211,3.6041638957445628,33.567823330621565,False,slsqp,none,True,True,False,False,0.0,0.0
corner_hot_resistive_optimistic,oracle_mpc_recovery,400.0,0.18473291479487303,0.19011020036714452,2.463244679673211,3.605095079150594,33.58008392929472,False,slsqp,none,True,True,False,False,0.0,0.0
corner_hot_resistive_optimistic,oracle_mpc_recovery,405.0,0.18549317549847588,0.19137253977437474,2.463244679673211,3.606035341428503,33.592217270434155,False,slsqp,none,True,True,False,False,0.0,0.0
corner_hot_resistive_optimistic,oracle_mpc_recovery,410.0,0.18625343620207874,0.19211132146959964,2.463244679673211,3.606981518159447,33.60422798104502,False,slsqp,none,True,True,False,False,0.0,0.0
corner_hot_resistive_optimistic,oracle_mpc_recovery,415.0,0.18700508268618096,0.1919612441662528,2.4353346084911798,3.6071098865179048,33.615543925474995,True,slsqp,none,True,True,False,False,0.482984000000215,0.02791007118203126
corner_hot_resistive_optimistic,oracle_mpc_recovery,420.0,0.1877567291702832,0.1924696657746635,2.4353346084911798,3.6079747403277995,33.62672824836338,False,slsqp,none,True,True,False,False,0.0,0.0
corner_hot_resistive_optimistic,oracle_mpc_recovery,425.0,0.1885083756543854,0.19306670306273468,2.4353346084911798,3.6088550029534607,33.63778823390765,False,slsqp,none,True,True,False,False,0.0,0.0
corner_hot_resistive_optimistic,oracle_mpc_recovery,430.0,0.18926002213848764,0.1947463533610486,2.4353346084911798,3.609745894103647,33.64872978083184,False,slsqp,none,True,True,False,False,0.0,0.0
corner_hot_resistive_optimistic,oracle_mpc_recovery,435.0,0.19001166862258986,0.19463201263232144,2.4353346084911798,3.6106437889939063,33.65955774032105,False,slsqp,none,True,True,False,False,0.0,0.0
corner_hot_resistive_optimistic,oracle_mpc_recovery,440.0,0.1907899384606824,0.19587504204126188,2.521594275419829,3.6140828405116294,33.67206138223556,True,slsqp,none,True,True,False,False,0.5086394999998447,0.08625966692864928
corner_hot_resistive_optimistic,oracle_mpc_recovery,445.0,0.19156820829877494,0.1967846592692021,2.521594275419829,3.615252875226997,33.68451155941595,False,slsqp,none,True,True,False,False,0.0,0.0
corner_hot_resistive_optimistic,oracle_mpc_recovery,450.0,0.19234647813686748,0.1980131147130931,2.521594275419829,3.6163764131573712,33.69689744095661,False,slsqp,none,True,True,False,False,0.0,0.0
corner_hot_resistive_optimistic,oracle_mpc_recovery,455.0,0.19312474797496001,0.19883964595492387,2.521594275419829,3.6174635104148427,33.70921123765959,False,slsqp,none,True,True,False,False,0.0,0.0
corner_hot_resistive_optimistic,oracle_mpc_recovery,460.0,0.19390301781305255,0.200874927544617,2.521594275419829,3.618521660829262,33.721447424933665,False,slsqp,none,True,True,False,False,0.0,0.0
corner_hot_resistive_optimistic,oracle_mpc_recovery,465.0,0.19475553511167465,0.20249930797459414,2.762156047535628,3.626627101549068,33.73879839517322,True,slsqp,none,True,True,False,False,0.48920600000019476,0.24056177211579888
corner_hot_resistive_optimistic,oracle_mpc_recovery,470.0,0.19560805241029675,0.20225606638353516,2.762156047535628,3.628379353564019,33.75623115720403,False,slsqp,none,True,True,False,False,0.0,0.0
corner_hot_resistive_optimistic,oracle_mpc_recovery,475.0,0.19646056970891884,0.20293519927694725,2.762156047535628,3.629984197230746,33.773701373488684,False,slsqp,none,True,True,False,False,0.0,0.0
corner_hot_resistive_optimistic,oracle_mpc_recovery,480.0,0.19731308700754094,0.2043674374680103,2.762156047535628,3.631475451809963,33.7911758909216,False,slsqp,none,True,True,False,False,0.0,0.0
corner_hot_resistive_optimistic,oracle_mpc_recovery,485.0,0.19816560430616303,0.2063393680434915,2.762156047535628,3.6328784258252136,33.80862991743569,False,slsqp,none,True,True,False,False,0.0,0.0
corner_hot_resistive_optimistic,oracle_mpc_recovery,490.0,0.19899373934402137,0.20672379277276703,2.683157522661024,3.631891687950979,33.8242863221179,True,slsqp,none,True,True,False,False,0.2526639999996405,0.07899852487460413
corner_hot_resistive_optimistic,oracle_mpc_recovery,495.0,0.1998218743818797,0.20775780736115856,2.683157522661024,3.632929837921851,33.839835749761875,False,slsqp,none,True,True,False,False,0.0,0.0
corner_hot_resistive_optimistic,oracle_mpc_recovery,500.0,0.20065000941973804,0.20724470919473503,2.683157522661024,3.6339674091289855,33.85528173543213,False,slsqp,none,True,True,False,False,0.0,0.0
corner_hot_resistive_optimistic,oracle_mpc_recovery,505.0,0.20147814445759638,0.20765866311865006,2.683157522661024,3.635003888715232,33.87062704480086,False,slsqp,none,True,True,False,False,0.0,0.0
corner_hot_resistive_optimistic,oracle_mpc_recovery,510.0,0.2023062794954547,0.2086992145668053,2.683157522661024,3.6360376540799724,33.88587387202324,False,slsqp,none,True,True,False,False,0.0,0.0
corner_hot_resistive_optimistic,oracle_mpc_recovery,515.0,0.20314387200233885,0.20833432210650535,2.7137997223046537,3.6379670261422232,33.901701843079444,True,slsqp,none,True,True,False,False,0.5525752999983524,0.030642199643629908
corner_hot_resistive_optimistic,oracle_mpc_recovery,520.0,0.203981464509223,0.20887233072334704,2.7137997223046537,3.639084800666042,33.91745521392395,False,slsqp,none,True,True,False,False,0.0,0.0
corner_hot_resistive_optimistic,oracle_mpc_recovery,525.0,0.20481905701610714,0.20945326005461654,2.7137997223046537,3.640180419623734,33.9331298818433,False,slsqp,none,True,True,False,False,0.0,0.0
corner_hot_resistive_optimistic,oracle_mpc_recovery,530.0,0.20565664952299129,0.20948786020488927,2.7137997223046537,3.641257444884152,33.94872286746963,False,slsqp,none,True,True,False,False,0.0,0.0
corner_hot_resistive_optimistic,oracle_mpc_recovery,535.0,0.20649424202987543,0.21059362037413545,2.7137997223046537,3.6423185710637997,33.964232031606336,False,slsqp,none,True,True,False,False,0.0,0.0
corner_hot_resistive_optimistic,oracle_mpc_recovery,540.0,0.2072905074339498,0.21017666278731775,2.579899909200958,3.639436800876053,33.97672702574986,True,slsqp,none,True,True,False,False,0.4826669000012771,0.13389981310369592
corner_hot_resistive_optimistic,oracle_mpc_recovery,545.0,0.20808677283802418,0.21046157386372555,2.579899909200958,3.640067987090801,33.989049973040046,False,slsqp,none,True,True,False,False,0.0,0.0
corner_hot_resistive_optimistic,oracle_mpc_recovery,550.0,0.20888303824209856,0.2108330472130351,2.579899909200958,3.6407607965715787,34.00122233512691,False,slsqp,none,True,True,False,False,0.0,0.0
corner_hot_resistive_optimistic,oracle_mpc_recovery,555.0,0.20967930364617293,0.21190193752159936,2.579899909200958,3.641498571380767,34.01326040559478,False,slsqp,none,True,True,False,False,0.0,0.0
corner_hot_resistive_optimistic,oracle_mpc_recovery,560.0,0.2104755690502473,0.2114503982877502,2.579899909200958,3.6422688531296483,34.02517661302221,False,slsqp,none,True,True,False,False,0.0,0.0
corner_hot_resistive_optimistic,oracle_mpc_recovery,565.0,0.21111782644892074,0.21167256490854716,2.080913971701972,3.6284264773764754,34.02698446789303,True,slsqp,none,True,True,False,False,0.7079174000009516,0.4989859374989858
corner_hot_resistive_optimistic,oracle_mpc_recovery,570.0,0.21176008384759418,0.21220126532945022,2.080913971701972,3.627736955558705,34.028444823757056,False,slsqp,none,True,True,False,False,0.0,0.0
corner_hot_resistive_optimistic,oracle_mpc_recovery,575.0,0.2124023412462676,0.21282621298355656,2.080913971701972,3.627329033502034,34.02962871790167,False,slsqp,none,True,True,False,False,0.0,0.0
corner_hot_resistive_optimistic,oracle_mpc_recovery,580.0,0.21304459864494105,0.21510397552459945,2.080913971701972,3.627133319767269,34.030589901419276,False,slsqp,none,True,True,False,False,0.0,0.0
corner_hot_resistive_optimistic,oracle_mpc_recovery,585.0,0.21368685604361448,0.2162481985262772,2.080913971701972,3.6270978197074943,34.03136919402718,False,slsqp,none,True,True,False,False,0.0,0.0
corner_hot_resistive_optimistic,oracle_mpc_recovery,590.0,0.21494639739290522,0.21625535098756207,4.080913971701972,3.685825911699999,34.07913116438238,True,slope_safe_emergency,prediction_domain_infeasible_under_candidate_audit,False,False,True,False,0.41994660000091244,2.0
corner_hot_resistive_optimistic,oracle_mpc_recovery,595.0,0.21682322269281323,0.21809730485585024,6.080913971701972,3.750622537717744,34.19876921894334,True,slope_safe_emergency,prediction_domain_infeasible_under_candidate_audit,False,False,True,False,2.2900640000007115,2.0
corner_hot_resistive_optimistic,oracle_mpc_recovery,600.0,0.21931733194333852,0.2198654220717501,8.080913971701971,3.820359665204937,34.4176550773629,True,slope_safe_emergency,prediction_domain_infeasible_under_candidate_audit,False,False,True,False,2.409667599999011,1.9999999999999991
corner_hot_resistive_optimistic,oracle_mpc_recovery,605.0,0.22240375169642496,0.222836164683658,10.0,3.8917990408850884,34.759709075350216,True,slope_safe_emergency,prediction_domain_infeasible_under_candidate_audit,False,False,True,False,0.9551558999992267,1.9190860282980289
corner_hot_resistive_optimistic,oracle_mpc_recovery,610.0,0.2254901714495114,0.22603950446424542,10.0,3.9101857940046396,35.11662538582373,True,slope_safe_emergency,prediction_domain_infeasible_under_candidate_audit,False,False,True,False,0.49553560000094876,0.0
corner_hot_resistive_optimistic,oracle_mpc_recovery,615.0,0.22857659120259782,0.22818047007209502,10.0,3.92560388245287,35.48495812974991,False,slope_safe_emergency,prediction_domain_infeasible_under_candidate_audit,False,False,True,False,0.0,0.0
corner_hot_resistive_optimistic,oracle_mpc_recovery,620.0,0.23166301095568426,0.23105894173174732,10.0,3.938757169971382,35.862096824365025,False,slope_safe_emergency,prediction_domain_infeasible_under_candidate_audit,False,False,True,False,0.0,0.0
corner_hot_resistive_optimistic,oracle_mpc_recovery,625.0,0.2347494307087707,0.23542898167319876,10.0,3.9501744721055623,36.24605703888047,False,slope_safe_emergency,prediction_domain_infeasible_under_candidate_audit,False,False,True,False,0.0,0.0
corner_hot_resistive_optimistic,oracle_mpc_recovery,630.0,0.23783585046185712,0.23721439787470838,10.0,3.9602535853193714,36.635323966647675,False,slope_safe_emergency,prediction_domain_infeasible_under_candidate_audit,False,False,True,False,0.0,0.0
corner_hot_resistive_optimistic,oracle_mpc_recovery,635.0,0.23783585046185712,0.24077434951621832,0.0,3.6766356875621544,36.59365493456602,True,hard_safety_emergency,hard_safety_slew_conflict,False,False,True,True,0.7016361999994842,10.0
corner_hot_resistive_optimistic,oracle_mpc_recovery,640.0,0.23783585046185712,0.24108519389556013,0.0,3.655477934694444,36.552246138346675,True,hard_safety_emergency,hard_safety_slew_conflict,False,False,True,True,1.2607930000012857,0.0
corner_hot_resistive_optimistic,oracle_mpc_recovery,645.0,0.23783585046185712,0.24054218871251867,0.0,3.6391039094814364,36.51109739340715,False,hard_safety_emergency,hard_safety_slew_conflict,False,False,True,True,0.0,0.0
corner_hot_resistive_optimistic,oracle_mpc_recovery,650.0,0.23783585046185712,0.24073394922051533,0.0,3.6263272127207298,36.47020706660002,False,hard_safety_emergency,hard_safety_slew_conflict,False,False,True,True,0.0,0.0
corner_hot_resistive_optimistic,oracle_mpc_recovery,655.0,0.23783585046185712,0.24025430875377934,0.0,3.61625949339345,36.4295735350342,False,hard_safety_emergency,hard_safety_slew_conflict,False,False,True,True,0.0,0.0
corner_hot_resistive_optimistic,oracle_mpc_recovery,660.0,0.23783585046185712,0.2408673016912255,0.0,3.608235446317289,36.38919518601054,False,hard_safety_emergency,hard_safety_slew_conflict,False,False,True,True,0.0,0.0
corner_hot_resistive_optimistic,oracle_mpc_recovery,665.0,0.23783585046185712,0.24117758677548204,0.0,3.6017566879075535,36.34907041695778,True,hard_safety_emergency,hard_safety_slew_conflict,False,False,True,True,0.46522469999945315,0.0
corner_hot_resistive_optimistic,oracle_mpc_recovery,670.0,0.23783585046185712,0.24110721384063472,0.0,3.596449758286791,36.30919763536895,False,hard_safety_emergency,hard_safety_slew_conflict,False,False,True,True,0.0,0.0
corner_hot_resistive_optimistic,oracle_mpc_recovery,675.0,0.23783585046185712,0.24104880801903983,0.0,3.5920346940409864,36.269575258738215,False,hard_safety_emergency,hard_safety_slew_conflict,False,False,True,True,0.0,0.0
corner_hot_resistive_optimistic,oracle_mpc_recovery,680.0,0.23783585046185712,0.24123431731581288,0.0,3.588301510919984,36.230201714497994,False,hard_safety_emergency,hard_safety_slew_conflict,False,False,True,True,0.0,0.0
corner_hot_resistive_optimistic,oracle_mpc_recovery,685.0,0.23783585046185712,0.24017448713384854,0.0,3.585092605500473,36.191075439956606,False,hard_safety_emergency,hard_safety_slew_conflict,False,False,True,True,0.0,0.0
corner_hot_resistive_optimistic,oracle_mpc_recovery,690.0,0.23783585046185712,0.23931149022452616,0.0,3.582289585976217,36.15219488223622,True,hard_safety_emergency,hard_safety_slew_conflict,False,False,True,True,0.6636094999994384,0.0
corner_hot_resistive_optimistic,oracle_mpc_recovery,695.0,0.23783585046185712,0.2395753953769685,0.0,3.579803417243808,36.11355849821123,False,hard_safety_emergency,hard_safety_slew_conflict,False,False,True,True,0.0,0.0
corner_hot_resistive_optimistic,oracle_mpc_recovery,700.0,0.23783585046185712,0.23922744624373365,0.0,3.577567046064225,36.075164754447016,False,hard_safety_emergency,hard_safety_slew_conflict,False,False,True,True,0.0,0.0
corner_hot_resistive_optimistic,oracle_mpc_recovery,705.0,0.23783585046185712,0.23946416807309162,0.0,3.5755298820601285,36.03701212713905,False,hard_safety_emergency,hard_safety_slew_conflict,False,False,True,True,0.0,0.0
corner_hot_resistive_optimistic,oracle_mpc_recovery,710.0,0.23783585046185712,0.2406133931220454,0.0,3.573653667434789,35.99909910205248,False,hard_safety_emergency,hard_safety_slew_conflict,False,False,True,True,0.0,0.0
corner_hot_resistive_optimistic,oracle_mpc_recovery,715.0,0.23783585046185712,0.24099219661759005,0.0,3.5719093858746285,35.96142417446199,True,hard_safety_emergency,hard_safety_slew_conflict,False,False,True,True,0.2998116000017035,0.0
corner_hot_resistive_optimistic,oracle_mpc_recovery,720.0,0.23783585046185712,0.2416903139389818,0.0,3.570274949078539,35.923985849092055,False,hard_safety_emergency,hard_safety_slew_conflict,False,False,True,True,0.0,0.0
corner_hot_resistive_optimistic,oracle_mpc_recovery,725.0,0.23783585046185712,0.24218140984606198,0.0,3.5687334651927447,35.88678264005767,False,hard_safety_emergency,hard_safety_slew_conflict,False,False,True,True,0.0,0.0
corner_hot_resistive_optimistic,oracle_mpc_recovery,730.0,0.23783585046185712,0.24173056424034212,0.0,3.567271942694195,35.8498130708053,False,hard_safety_emergency,hard_safety_slew_conflict,False,False,True,True,0.0,0.0
corner_hot_resistive_optimistic,oracle_mpc_recovery,735.0,0.23783585046185712,0.24094367136220549,0.0,3.5658803201295206,35.81307567405432,False,hard_safety_emergency,hard_safety_slew_conflict,False,False,True,True,0.0,0.0
corner_hot_resistive_optimistic,oracle_mpc_recovery,740.0,0.23783585046185712,0.24078683112251276,0.0,3.5645507397016196,35.77656899173878,True,hard_safety_emergency,hard_safety_slew_conflict,False,False,True,True,0.4657434999990073,0.0
corner_hot_resistive_optimistic,oracle_mpc_recovery,745.0,0.23783585046185712,0.24079815312525063,0.0,3.563277003337628,35.74029157494952,False,hard_safety_emergency,hard_safety_slew_conflict,False,False,True,True,0.0,0.0
corner_hot_resistive_optimistic,oracle_mpc_recovery,750.0,0.23783585046185712,0.24185954280983296,0.0,3.5620541653180227,35.70424198387665,False,hard_safety_emergency,hard_safety_slew_conflict,False,False,True,True,0.0,0.0
corner_hot_resistive_optimistic,oracle_mpc_recovery,755.0,0.23783585046185712,0.24155117890893285,0.0,3.5608782271047428,35.66841878775247,False,hard_safety_emergency,hard_safety_slew_conflict,False,False,True,True,0.0,0.0
corner_hot_resistive_optimistic,oracle_mpc_recovery,760.0,0.23783585046185712,0.24131601540378572,0.0,3.5597459086550662,35.632820564794606,False,hard_safety_emergency,hard_safety_slew_conflict,False,False,True,True,0.0,0.0
corner_hot_resistive_optimistic,oracle_mpc_recovery,765.0,0.23783585046185712,0.24039683529325293,0.0,3.55865447697987,35.59744590214962,True,hard_safety_emergency,hard_safety_slew_conflict,False,False,True,True,0.33455899999898975,0.0
corner_hot_resistive_optimistic,oracle_mpc_recovery,770.0,0.23783585046185712,0.24045109654478053,0.0,3.557601617547762,35.56229339583696,False,hard_safety_emergency,hard_safety_slew_conflict,False,False,True,True,0.0,0.0
corner_hot_resistive_optimistic,oracle_mpc_recovery,775.0,0.23783585046185712,0.24084506235308178,0.0,3.5565853377604624,35.52736165069316,False,hard_safety_emergency,hard_safety_slew_conflict,False,False,True,True,0.0,0.0
corner_hot_resistive_optimistic,oracle_mpc_recovery,780.0,0.23783585046185712,0.2407728308992661,0.0,3.55560389443655,35.49264928031657,False,hard_safety_emergency,hard_safety_slew_conflict,False,False,True,True,0.0,0.0
corner_hot_resistive_optimistic,oracle_mpc_recovery,785.0,0.23783585046185712,0.24087735851793868,0.0,3.5546557392698626,35.45815490701223,False,hard_safety_emergency,hard_safety_slew_conflict,False,False,True,True,0.0,0.0
corner_hot_resistive_optimistic,oracle_mpc_recovery,790.0,0.23783585046185712,0.23939146079496967,0.0,3.553739477747273,35.423877161737266,True,hard_safety_emergency,hard_safety_slew_conflict,False,False,True,True,0.24389100000007602,0.0
corner_hot_resistive_optimistic,oracle_mpc_recovery,795.0,0.23783585046185712,0.2394025643414421,0.0,3.5528538381468038,35.38981468404653,False,hard_safety_emergency,hard_safety_slew_conflict,False,False,True,True,0.0,0.0
corner_hot_resistive_optimistic,oracle_mpc_recovery,800.0,0.23783585046185712,0.23976784157501968,0.0,3.55199764808727,35.35596612203858,False,hard_safety_emergency,hard_safety_slew_conflict,False,False,True,True,0.0,0.0
corner_hot_resistive_optimistic,oracle_mpc_recovery,805.0,0.23783585046185712,0.2396980701701954,0.0,3.5511698167369175,35.32233013230206,False,hard_safety_emergency,hard_safety_slew_conflict,False,False,True,True,0.0,0.0
corner_hot_resistive_optimistic,oracle_mpc_recovery,810.0,0.23783585046185712,0.23969062952760503,0.0,3.5503693212645793,35.28890537986239,False,hard_safety_emergency,hard_safety_slew_conflict,False,False,True,True,0.0,0.0
corner_hot_resistive_optimistic,oracle_mpc_recovery,815.0,0.23783585046185712,0.2389395639592146,0.0,3.5495951964731915,35.25569053812871,True,hard_safety_emergency,hard_safety_slew_conflict,False,False,True,True,0.576144499998918,0.0
corner_hot_resistive_optimistic,oracle_mpc_recovery,820.0,0.23783585046185712,0.23979889210797187,0.0,3.5488465268220866,35.22268428884133,False,hard_safety_emergency,hard_safety_slew_conflict,False,False,True,True,0.0,0.0
corner_hot_resistive_optimistic,oracle_mpc_recovery,825.0,0.23783585046185712,0.23831065079905442,0.0,3.5481224402439886,35.18988532201932,False,hard_safety_emergency,hard_safety_slew_conflict,False,False,True,True,0.0,0.0
corner_hot_resistive_optimistic,oracle_mpc_recovery,830.0,0.23783585046185712,0.23915290356667024,0.0,3.5474221033119506,35.1572923359086,False,hard_safety_emergency,hard_safety_slew_conflict,False,False,True,True,0.0,0.0
corner_hot_resistive_optimistic,oracle_mpc_recovery,835.0,0.23783585046185712,0.23854453752381946,0.0,3.546744717423183,35.12490403693019,False,hard_safety_emergency,hard_safety_slew_conflict,False,False,True,True,0.0,0.0
corner_hot_resistive_optimistic,oracle_mpc_recovery,840.0,0.23834819614086947,0.23895529345049202,1.66,3.594674390563785,35.103475058165515,True,slope_safe_emergency,prediction_domain_infeasible_under_candidate_audit,False,False,True,False,0.6899806000001263,1.66
corner_hot_resistive_optimistic,oracle_mpc_recovery,845.0,0.2388605418198818,0.23940176232715885,1.66,3.5989289328147858,35.082900049140065,False,slope_safe_emergency,prediction_domain_infeasible_under_candidate_audit,False,False,True,False,0.0,0.0
corner_hot_resistive_optimistic,oracle_mpc_recovery,850.0,0.23937288749889415,0.24079515837146268,1.66,3.6023096304862596,35.063005311723984,False,slope_safe_emergency,prediction_domain_infeasible_under_candidate_audit,False,False,True,False,0.0,0.0
corner_hot_resistive_optimistic,oracle_mpc_recovery,855.0,0.2398852331779065,0.24211545201259346,1.66,3.605033620215477,35.04366021766799,False,slope_safe_emergency,prediction_domain_infeasible_under_candidate_audit,False,False,True,False,0.0,0.0
corner_hot_resistive_optimistic,oracle_mpc_recovery,860.0,0.24039757885691884,0.24257023404839864,1.66,3.6072634697673296,35.0247663604305,False,slope_safe_emergency,prediction_domain_infeasible_under_candidate_audit,False,False,True,False,0.0,0.0
corner_hot_resistive_optimistic,oracle_mpc_recovery,865.0,0.24152720848654846,0.24351482204774386,3.66,3.667646681754641,35.041866297150044,True,slope_safe_emergency,prediction_domain_infeasible_under_candidate_audit,False,False,True,False,0.500744200000554,2.0
corner_hot_resistive_optimistic,oracle_mpc_recovery,870.0,0.24327412206679538,0.2447313836994425,5.66,3.7336193295239912,35.12032240198953,True,slope_safe_emergency,prediction_domain_infeasible_under_candidate_audit,False,False,True,False,0.07221930000014254,2.0
corner_hot_resistive_optimistic,oracle_mpc_recovery,875.0,0.24442844305444972,0.24683347854952664,3.74,3.689470267948515,35.145789356879526,True,slope_safe_emergency,prediction_domain_infeasible_under_candidate_audit,False,False,True,False,0.038054500000725966,1.92
corner_hot_resistive_optimistic,oracle_mpc_recovery,880.0,0.24442844305444972,0.2479605755124972,0.0,3.5843814773368026,35.113473492687724,True,hard_safety_emergency,hard_safety_slew_conflict,False,False,True,True,0.07216540000081295,3.74
corner_hot_resistive_optimistic,oracle_mpc_recovery,885.0,0.24442844305444972,0.24796756305750237,0.0,3.577218572512339,35.081360380319396,True,hard_safety_emergency,hard_safety_slew_conflict,False,False,True,True,0.2524092000003293,0.0
corner_hot_resistive_optimistic,oracle_mpc_recovery,890.0,0.24442844305444972,0.24831551205065336,0.0,3.571669082943531,35.04944894142947,False,hard_safety_emergency,hard_safety_slew_conflict,False,False,True,True,0.0,0.0
corner_hot_resistive_optimistic,oracle_mpc_recovery,895.0,0.24442844305444972,0.24830946638225637,0.0,3.567333091969083,35.01773790948882,False,hard_safety_emergency,hard_safety_slew_conflict,False,False,True,True,0.0,0.0
corner_hot_resistive_optimistic,oracle_mpc_recovery,900.0,0.24442844305444972,0.24857652231684155,0.0,3.5639111429567283,34.98622602592227,False,hard_safety_emergency,hard_safety_slew_conflict,False,False,True,True,0.0,0.0
corner_hot_resistive_optimistic,oracle_mpc_recovery,905.0,0.24442844305444972,0.24940087427762286,0.0,3.5611789592763174,34.954912040058595,False,hard_safety_emergency,hard_safety_slew_conflict,False,False,True,True,0.0,0.0
corner_hot_resistive_optimistic,oracle_mpc_recovery,910.0,0.245045727005067,0.24884054849931816,2.0,3.6174839057705963,34.94009289273927,True,slope_safe_emergency,prediction_domain_infeasible_under_candidate_audit,False,False,True,False,1.249761800001579,2.0
corner_hot_resistive_optimistic,oracle_mpc_recovery,915.0,0.24628029490630157,0.24929189938528143,4.0,3.6800502670847,34.96501719165423,True,slope_safe_emergency,prediction_domain_infeasible_under_candidate_audit,False,False,True,False,0.5035637999990286,2.0
corner_hot_resistive_optimistic,oracle_mpc_recovery,920.0,0.2472556035482769,0.2510264274980792,3.16,3.6646172307498115,34.97368792445525,True,slope_safe_emergency,prediction_domain_infeasible_under_candidate_audit,False,False,True,False,0.07077770000068995,0.8399999999999999
corner_hot_resistive_optimistic,oracle_mpc_recovery,925.0,0.2482309121902522,0.25186211297962463,3.16,3.669631931838406,34.983771542675804,False,slope_safe_emergency,prediction_domain_infeasible_under_candidate_audit,False,False,True,False,0.0,0.0
corner_hot_resistive_optimistic,oracle_mpc_recovery,930.0,0.24920622083222752,0.2527498630590441,3.16,3.673841580255065,34.99496617893329,False,slope_safe_emergency,prediction_domain_infeasible_under_candidate_audit,False,False,True,False,0.0,0.0
corner_hot_resistive_optimistic,oracle_mpc_recovery,935.0,0.2501815294742028,0.2538439049603368,3.16,3.677440219668752,35.00704307209496,False,slope_safe_emergency,prediction_domain_infeasible_under_candidate_audit,False,False,True,False,0.0,0.0
corner_hot_resistive_optimistic,oracle_mpc_recovery,940.0,0.2511568381161781,0.2550158049766097,3.16,3.680573341737016,35.01982831079783,False,slope_safe_emergency,prediction_domain_infeasible_under_candidate_audit,False,False,True,False,0.0,0.0
corner_hot_resistive_optimistic,oracle_mpc_recovery,945.0,0.2511568381161781,0.2570344105039299,0.0,3.5909226175919855,34.988303448950816,True,hard_safety_emergency,hard_safety_slew_conflict,False,False,True,True,0.7934924000001047,3.16
corner_hot_resistive_optimistic,oracle_mpc_recovery,950.0,0.2511568381161781,0.2566875447516906,0.0,3.5841793783279376,34.95697641666786,True,hard_safety_emergency,hard_safety_slew_conflict,False,False,True,True,0.3688916999999492,0.0
corner_hot_resistive_optimistic,oracle_mpc_recovery,955.0,0.2511568381161781,0.2571310843212055,0.0,3.5789266110486984,34.92584612120368,False,hard_safety_emergency,hard_safety_slew_conflict,False,False,True,True,0.0,0.0
corner_hot_resistive_optimistic,oracle_mpc_recovery,960.0,0.2511568381161781,0.25709780109138625,0.0,3.574795910566902,34.89491132703187,False,hard_safety_emergency,hard_safety_slew_conflict,False,False,True,True,0.0,0.0
corner_hot_resistive_optimistic,oracle_mpc_recovery,965.0,0.2511568381161781,0.2566086768545566,0.0,3.571511381537716,34.86417080638524,False,hard_safety_emergency,hard_safety_slew_conflict,False,False,True,True,0.0,0.0
corner_hot_resistive_optimistic,oracle_mpc_recovery,970.0,0.2511568381161781,0.2550408399942487,0.0,3.5688663601650865,34.833623339207094,False,hard_safety_emergency,hard_safety_slew_conflict,False,False,True,True,0.0,0.0
corner_hot_resistive_optimistic,oracle_mpc_recovery,975.0,0.2517741220667954,0.25499578985138766,2.0,3.6252047811559236,34.819886493499794,True,slope_safe_emergency,prediction_domain_infeasible_under_candidate_audit,False,False,True,False,0.7527250999992248,2.0
corner_hot_resistive_optimistic,oracle_mpc_recovery,980.0,0.25300868996802994,0.2561454215112099,4.0,3.6877619474577945,34.8462214177941,True,slope_safe_emergency,prediction_domain_infeasible_under_candidate_audit,False,False,True,False,0.11929249999957392,2.0
corner_hot_resistive_optimistic,oracle_mpc_recovery,985.0,0.25486054181988177,0.25792479994969175,6.0,3.755367491821784,34.938786327604475,True,slope_safe_emergency,prediction_domain_infeasible_under_candidate_audit,False,False,True,False,0.35110009999880276,2.0
corner_hot_resistive_optimistic,oracle_mpc_recovery,990.0,0.2573296776223509,0.2594495911440664,8.0,3.8271329303536628,35.12580430950024,True,slope_safe_emergency,prediction_domain_infeasible_under_candidate_audit,False,False,True,False,0.03788820000045234,2.0
corner_hot_resistive_optimistic,oracle_mpc_recovery,995.0,0.25958893688161017,0.2616848986373824,7.32,3.8240135829943585,35.29160995111616,True,slope_safe_emergency,prediction_domain_infeasible_under_candidate_audit,False,False,True,False,0.3507387999998173,0.6799999999999997
corner_hot_resistive_optimistic,oracle_mpc_recovery,1000.0,0.2618481961408694,0.2638876983857915,7.32,3.8359358808749864,35.464502187751215,False,slope_safe_emergency,prediction_domain_infeasible_under_candidate_audit,False,False,True,False,0.0,0.0
corner_hot_resistive_optimistic,oracle_mpc_recovery,1005.0,0.26410745540012864,0.26600426763977403,7.32,3.8460575055033543,35.642922197266856,False,slope_safe_emergency,prediction_domain_infeasible_under_candidate_audit,False,False,True,False,0.0,0.0
corner_hot_resistive_optimistic,oracle_mpc_recovery,1010.0,0.2663667146593879,0.26845720284127966,7.32,3.8548076579748805,35.82568467149003,False,slope_safe_emergency,prediction_domain_infeasible_under_candidate_audit,False,False,True,False,0.0,0.0
corner_hot_resistive_optimistic,oracle_mpc_recovery,1015.0,0.2686259739186471,0.2700589668991514,7.32,3.8625087183627005,36.01188456180509,False,slope_safe_emergency,prediction_domain_infeasible_under_candidate_audit,False,False,True,False,0.0,0.0
corner_hot_resistive_optimistic,oracle_mpc_recovery,1020.0,0.2686259739186471,0.27154453876894136,0.0,3.655382866751468,35.97413009403348,True,hard_safety_emergency,hard_safety_slew_conflict,False,False,True,True,0.5277225000008912,7.32
corner_hot_resistive_optimistic,oracle_mpc_recovery,1025.0,0.2686259739186471,0.27155395141149136,0.0,3.6403151199151487,35.93661197424914,True,hard_safety_emergency,hard_safety_slew_conflict,False,False,True,True,0.11821549999876879,0.0
corner_hot_resistive_optimistic,oracle_mpc_recovery,1030.0,0.2686259739186471,0.2716879031001314,0.0,3.6287002093549154,35.89932947191705,False,hard_safety_emergency,hard_safety_slew_conflict,False,False,True,True,0.0,0.0
corner_hot_resistive_optimistic,oracle_mpc_recovery,1035.0,0.2686259739186471,0.2716990044270565,0.0,3.619680131538017,35.86228110733663,False,hard_safety_emergency,hard_safety_slew_conflict,False,False,True,True,0.0,0.0
corner_hot_resistive_optimistic,oracle_mpc_recovery,1040.0,0.2686259739186471,0.2726740422250232,0.0,3.612612486835399,35.82546541009994,False,hard_safety_emergency,hard_safety_slew_conflict,False,False,True,True,0.0,0.0
corner_hot_resistive_optimistic,oracle_mpc_recovery,1045.0,0.2686259739186471,0.2723570836006923,0.0,3.607016222050134,35.78888091903337,False,hard_safety_emergency,hard_safety_slew_conflict,False,False,True,True,0.0,0.0
corner_hot_resistive_optimistic,oracle_mpc_recovery,1050.0,0.2686259739186471,0.27282006730282427,0.0,3.6025310296234,35.752526182139626,True,hard_safety_emergency,hard_safety_slew_conflict,False,False,True,True,0.5988053000000946,0.0
corner_hot_resistive_optimistic,oracle_mpc_recovery,1055.0,0.2686259739186471,0.27228804107999516,0.0,3.5988869660292817,35.716399756540085,False,hard_safety_emergency,hard_safety_slew_conflict,False,False,True,True,0.0,0.0
corner_hot_resistive_optimistic,oracle_mpc_recovery,1060.0,0.2686259739186471,0.27381032380151343,0.0,3.595881717114311,35.680500208417556,False,hard_safety_emergency,hard_safety_slew_conflict,False,False,True,True,0.0,0.0
corner_hot_resistive_optimistic,oracle_mpc_recovery,1065.0,0.2686259739186471,0.2742185418438699,0.0,3.5933635855928583,35.644826112959336,False,hard_safety_emergency,hard_safety_slew_conflict,False,False,True,True,0.0,0.0
corner_hot_resistive_optimistic,oracle_mpc_recovery,1070.0,0.2686259739186471,0.27415197424479826,0.0,3.5912187603947565,35.609376054300704,False,hard_safety_emergency,hard_safety_slew_conflict,False,False,True,True,0.0,0.0
corner_hot_resistive_optimistic,oracle_mpc_recovery,1075.0,0.2686259739186471,0.27492763747195265,0.0,3.589361790097788,35.5741486254687,True,hard_safety_emergency,hard_safety_slew_conflict,False,False,True,True,0.2191452000006393,0.0
corner_hot_resistive_optimistic,oracle_mpc_recovery,1080.0,0.2686259739186471,0.2741301042463519,0.0,3.587728453960465,35.53914242832631,False,hard_safety_emergency,hard_safety_slew_conflict,False,False,True,True,0.0,0.0
corner_hot_resistive_optimistic,oracle_mpc_recovery,1085.0,0.2686259739186471,0.273785483713155,0.0,3.586270427069188,35.504356073516924,False,hard_safety_emergency,hard_safety_slew_conflict,False,False,True,True,0.0,0.0
corner_hot_resistive_optimistic,oracle_mpc_recovery,1090.0,0.2686259739186471,0.27239301585561626,0.0,3.584951288016033,35.46978818040925,False,hard_safety_emergency,hard_safety_slew_conflict,False,False,True,True,0.0,0.0
corner_hot_resistive_optimistic,oracle_mpc_recovery,1095.0,0.2686259739186471,0.2726757698459662,0.0,3.583743531190546,35.435437377042504,False,hard_safety_emergency,hard_safety_slew_conflict,False,False,True,True,0.0,0.0
corner_hot_resistive_optimistic,oracle_mpc_recovery,1100.0,0.2692432578692644,0.27366810703001054,2.0,3.6411021526702423,35.417956835693886,True,slope_safe_emergency,prediction_domain_infeasible_under_candidate_audit,False,False,True,False,0.6141242000012426,2.0
corner_hot_resistive_optimistic,oracle_mpc_recovery,1105.0,0.27047782577049895,0.27497818862651685,4.0,3.704365788816807,35.44096456664948,True,slope_safe_emergency,prediction_domain_infeasible_under_candidate_audit,False,False,True,False,0.9476562999989255,2.0
corner_hot_resistive_optimistic,oracle_mpc_recovery,1110.0,0.2723296776223508,0.27596815321264806,6.0,3.7724452151759817,35.53082013647416,True,slope_safe_emergency,prediction_domain_infeasible_under_candidate_audit,False,False,True,False,0.5931575000013254,2.0
corner_hot_resistive_optimistic,oracle_mpc_recovery,1115.0,0.27270004799272113,0.27711670256997156,1.1999999999999997,3.645703573924886,35.50685882952634,True,hard_safety_emergency,hard_safety_slew_conflict,False,False,True,True,0.2101159000012558,4.800000000000001
corner_hot_resistive_optimistic,oracle_mpc_recovery,1120.0,0.27368770231370876,0.277173557960144,3.1999999999999997,3.701323356472632,35.51724197474853,True,slope_safe_emergency,prediction_domain_infeasible_under_candidate_audit,False,False,True,False,0.20468389999950887,2.0
corner_hot_resistive_optimistic,oracle_mpc_recovery,1125.0,0.2752185665112396,0.27685193650731216,4.959999999999999,3.756479027263221,35.577617051615704,True,slope_safe_emergency,prediction_domain_infeasible_under_candidate_audit,False,False,True,False,0.07258490000094753,1.7599999999999993
corner_hot_resistive_optimistic,oracle_mpc_recovery,1130.0,0.27674943070877045,0.2784477457850914,4.959999999999999,3.7647751382344574,35.641509047393576,False,slope_safe_emergency,prediction_domain_infeasible_under_candidate_audit,False,False,True,False,0.0,0.0
corner_hot_resistive_optimistic,oracle_mpc_recovery,1135.0,0.2782802949063013,0.28041654621917317,4.959999999999999,3.771720641833134,35.70811987475223,False,slope_safe_emergency,prediction_domain_infeasible_under_candidate_audit,False,False,True,False,0.0,0.0
corner_hot_resistive_optimistic,oracle_mpc_recovery,1140.0,0.27981115910383214,0.28209686506124665,4.959999999999999,3.777642985509322,35.776845207008066,False,slope_safe_emergency,prediction_domain_infeasible_under_candidate_audit,False,False,True,False,0.0,0.0
corner_hot_resistive_optimistic,oracle_mpc_recovery,1145.0,0.281342023301363,0.28454876331129986,4.959999999999999,3.7827877696871424,35.84722585606099,False,slope_safe_emergency,prediction_domain_infeasible_under_candidate_audit,False,False,True,False,0.0,0.0
corner_hot_resistive_optimistic,oracle_mpc_recovery,1150.0,0.281342023301363,0.28610485819263426,0.0,3.6423145877749157,35.81050506813422,True,hard_safety_emergency,hard_safety_slew_conflict,False,False,True,True,0.43607650000012654,4.959999999999999
corner_hot_resistive_optimistic,oracle_mpc_recovery,1155.0,0.281342023301363,0.28608344178613043,0.0,3.63194242784207,35.77401452947462,True,hard_safety_emergency,hard_safety_slew_conflict,False,False,True,True,0.6819374999995489,0.0
corner_hot_resistive_optimistic,oracle_mpc_recovery,1160.0,0.281342023301363,0.2852344616880895,0.0,3.6238846573713204,35.737753154957566,False,hard_safety_emergency,hard_safety_slew_conflict,False,False,True,True,0.0,0.0
corner_hot_resistive_optimistic,oracle_mpc_recovery,1165.0,0.281342023301363,0.28527709301101317,0.0,3.6175684090508824,35.70171950540988,False,hard_safety_emergency,hard_safety_slew_conflict,False,False,True,True,0.0,0.0
corner_hot_resistive_optimistic,oracle_mpc_recovery,1170.0,0.281342023301363,0.2852961722554824,0.0,3.6125646946869296,35.66591215069655,False,hard_safety_emergency,hard_safety_slew_conflict,False,False,True,True,0.0,0.0
corner_hot_resistive_optimistic,oracle_mpc_recovery,1175.0,0.281342023301363,0.2856667836819854,0.0,3.608552199951197,35.63032966966392,False,hard_safety_emergency,hard_safety_slew_conflict,False,False,True,True,0.0,0.0
corner_hot_resistive_optimistic,oracle_mpc_recovery,1180.0,0.281342023301363,0.2858759894883207,0.0,3.605290191959268,35.594970650083354,True,hard_safety_emergency,hard_safety_slew_conflict,False,False,True,True,0.6788856999992277,0.0
corner_hot_resistive_optimistic,oracle_mpc_recovery,1185.0,0.281342023301363,0.28556451939688354,0.0,3.6025982459139683,35.559833688595134,False,hard_safety_emergency,hard_safety_slew_conflict,False,False,True,True,0.0,0.0
corner_hot_resistive_optimistic,oracle_mpc_recovery,1190.0,0.281342023301363,0.2852847946774453,0.0,3.6003410744081084,35.524917390652774,False,hard_safety_emergency,hard_safety_slew_conflict,False,False,True,True,0.0,0.0
corner_hot_resistive_optimistic,oracle_mpc_recovery,1195.0,0.281342023301363,0.28523123643514003,0.0,3.5984171750143634,35.490220370467675,False,hard_safety_emergency,hard_safety_slew_conflict,False,False,True,True,0.0,0.0
corner_hot_resistive_optimistic,oracle_mpc_recovery,1200.0,0.281342023301363,0.28432030179461043,0.0,3.5967503350770724,35.455741250954134,False,hard_safety_emergency,hard_safety_slew_conflict,False,False,True,True,0.0,0.0
corner_hot_resistive_optimistic,oracle_mpc_recovery,1205.0,0.28195930725198026,0.2860528484032771,2.0,3.65376064548094,35.438523770778176,True,slope_safe_emergency,prediction_domain_infeasible_under_candidate_audit,False,False,True,False,0.8972331999993912,2.0
corner_hot_resistive_optimistic,oracle_mpc_recovery,1210.0,0.2831938751532148,0.28680073648213916,4.0,3.716761698282292,35.46206036159027,True,slope_safe_emergency,prediction_domain_infeasible_under_candidate_audit,False,False,True,False,0.4908339000012347,2.0
corner_hot_resistive_optimistic,oracle_mpc_recovery,1215.0,0.28504572700506664,0.28748717770363774,6.0,3.7846483270583557,35.55262868212706,True,slope_safe_emergency,prediction_domain_infeasible_under_candidate_audit,False,False,True,False,0.6423228000003292,2.0
corner_hot_resistive_optimistic,oracle_mpc_recovery,1220.0,0.28618152947420245,0.2892821690255378,3.68,3.730266724471512,35.576064187363144,True,hard_safety_emergency,hard_safety_slew_conflict,False,False,True,True,0.03725549999944633,2.32
corner_hot_resistive_optimistic,oracle_mpc_recovery,1225.0,0.2876630109556839,0.28975899107362196,4.8,3.7672802912152155,35.63347069217293,True,slope_safe_emergency,prediction_domain_infeasible_under_candidate_audit,False,False,True,False,0.11734149999938381,1.1199999999999997
corner_hot_resistive_optimistic,oracle_mpc_recovery,1230.0,0.2891444924371654,0.29183417455082633,4.8,3.7742322667052903,35.69355659178918,False,slope_safe_emergency,prediction_domain_infeasible_under_candidate_audit,False,False,True,False,0.0,0.0
corner_hot_resistive_optimistic,oracle_mpc_recovery,1235.0,0.29062597391864686,0.29334411673428196,4.8,3.7801410347499536,35.75572326376726,False,slope_safe_emergency,prediction_domain_infeasible_under_candidate_audit,False,False,True,False,0.0,0.0
corner_hot_resistive_optimistic,oracle_mpc_recovery,1240.0,0.29210745540012834,0.29578463145088024,4.8,3.7852586453702406,35.81951637023439,False,slope_safe_emergency,prediction_domain_infeasible_under_candidate_audit,False,False,True,False,0.0,0.0
corner_hot_resistive_optimistic,oracle_mpc_recovery,1245.0,0.2935889368816098,0.29735172778146385,4.8,3.7897742343526577,35.88458969953223,False,slope_safe_emergency,prediction_domain_infeasible_under_candidate_audit,False,False,True,False,0.0,0.0
corner_hot_resistive_optimistic,oracle_mpc_recovery,1250.0,0.2935889368816098,0.2990787581960019,0.0,3.6534436590640027,35.84763424597385,True,hard_safety_emergency,hard_safety_slew_conflict,False,False,True,True,0.6792729999997391,4.8
corner_hot_resistive_optimistic,oracle_mpc_recovery,1255.0,0.2935889368816098,0.2983728036945584,0.0,3.643100150507087,35.81091053245536,True,hard_safety_emergency,hard_safety_slew_conflict,False,False,True,True,0.4036223000002792,0.0
corner_hot_resistive_optimistic,oracle_mpc_recovery,1260.0,0.2935889368816098,0.29875787294950595,0.0,3.6350588614980412,35.77441744744027,False,hard_safety_emergency,hard_safety_slew_conflict,False,False,True,True,0.0,0.0
corner_hot_resistive_optimistic,oracle_mpc_recovery,1265.0,0.2935889368816098,0.2995141392838057,0.0,3.628750150005238,35.73815354255909,False,hard_safety_emergency,hard_safety_slew_conflict,False,False,True,True,0.0,0.0
corner_hot_resistive_optimistic,oracle_mpc_recovery,1270.0,0.2935889368816098,0.30036905805691905,0.0,3.623747435990919,35.702117378538205,False,hard_safety_emergency,hard_safety_slew_conflict,False,False,True,True,0.0,0.0
corner_hot_resistive_optimistic,oracle_mpc_recovery,1275.0,0.2935889368816098,0.2994519568990971,0.0,3.619731202008822,35.66630752514281,False,hard_safety_emergency,hard_safety_slew_conflict,False,False,True,True,0.0,0.0
corner_hot_resistive_optimistic,oracle_mpc_recovery,1280.0,0.2935889368816098,0.2987369116471039,0.0,3.6164620548126543,35.630722561120095,True,hard_safety_emergency,hard_safety_slew_conflict,False,False,True,True,0.698122499999954,0.0
corner_hot_resistive_optimistic,oracle_mpc_recovery,1285.0,0.2935889368816098,0.3000139072867137,0.0,3.6137605672534976,35.59536107414286,False,hard_safety_emergency,hard_safety_slew_conflict,False,False,True,True,0.0,0.0
corner_hot_resistive_optimistic,oracle_mpc_recovery,1290.0,0.2935889368816098,0.2992846447561033,0.0,3.6114921938208657,35.560221660753456,False,hard_safety_emergency,hard_safety_slew_conflict,False,False,True,True,0.0,0.0
corner_hot_resistive_optimistic,oracle_mpc_recovery,1295.0,0.2935889368816098,0.3002773734027145,0.0,3.6095559827588684,35.525302926308086,False,hard_safety_emergency,hard_safety_slew_conflict,False,False,True,True,0.0,0.0
corner_hot_resistive_optimistic,oracle_mpc_recovery,1300.0,0.2935889368816098,0.3006953274748215,0.0,3.607876129137533,35.490603484921465,False,hard_safety_emergency,hard_safety_slew_conflict,False,False,True,True,0.0,0.0
corner_hot_resistive_optimistic,oracle_mpc_recovery,1305.0,0.2942062208322271,0.3002908220318978,2.0,3.664889064592602,35.473262533269235,True,slope_safe_emergency,prediction_domain_infeasible_under_candidate_audit,False,False,True,False,0.7185320000007778,2.0
corner_hot_resistive_optimistic,oracle_mpc_recovery,1310.0,0.29544078873346163,0.3005807815226575,4.0,3.7279107607266133,35.49676651217059,True,slope_safe_emergency,prediction_domain_infeasible_under_candidate_audit,False,False,True,False,0.07275169999957143,2.0
corner_hot_resistive_optimistic,oracle_mpc_recovery,1315.0,0.29630498626432583,0.30239137767101965,2.8,3.7022416427532088,35.49627826078318,True,slope_safe_emergency,prediction_domain_infeasible_under_candidate_audit,False,False,True,False,0.16602469999997993,1.2000000000000002
corner_hot_resistive_optimistic,oracle_mpc_recovery,1320.0,0.29716918379519003,0.30263768845406575,2.8,3.7063719020368473,35.496860237018815,False,slope_safe_emergency,prediction_domain_infeasible_under_candidate_audit,False,False,True,False,0.0,0.0
corner_hot_resistive_optimistic,oracle_mpc_recovery,1325.0,0.2980333813260542,0.30284010251426585,2.8,3.709800998909635,35.49827728667516,False,slope_safe_emergency,prediction_domain_infeasible_under_candidate_audit,False,False,True,False,0.0,0.0
corner_hot_resistive_optimistic,oracle_mpc_recovery,1330.0,0.2988975788569184,0.30349702681024276,2.8,3.7127015725137475,35.50035185620338,False,slope_safe_emergency,prediction_domain_infeasible_under_candidate_audit,False,False,True,False,0.0,0.0
corner_hot_resistive_optimistic,oracle_mpc_recovery,1335.0,0.2997617763877826,0.3035943236724585,2.8,3.7152029832673987,35.50294961079004,False,slope_safe_emergency,prediction_domain_infeasible_under_candidate_audit,False,False,True,False,0.0,0.0
corner_hot_resistive_optimistic,oracle_mpc_recovery,1340.0,0.2997617763877826,0.30540851547055226,0.0,3.6354921014610366,35.46839067606334,True,hard_safety_emergency,hard_safety_slew_conflict,False,False,True,True,0.3907603999996354,2.8
corner_hot_resistive_optimistic,oracle_mpc_recovery,1345.0,0.2997617763877826,0.30665701576510684,0.0,3.629251327180784,35.43404864916021,True,hard_safety_emergency,hard_safety_slew_conflict,False,False,True,True,0.11957540000003064,0.0
corner_hot_resistive_optimistic,oracle_mpc_recovery,1350.0,0.2997617763877826,0.3069107238552742,0.0,3.6243390408852507,35.39992229353619,False,hard_safety_emergency,hard_safety_slew_conflict,False,False,True,True,0.0,0.0
corner_hot_resistive_optimistic,oracle_mpc_recovery,1355.0,0.2997617763877826,0.30682525608029404,0.0,3.620428770420405,35.36601025475463,False,hard_safety_emergency,hard_safety_slew_conflict,False,False,True,True,0.0,0.0
corner_hot_resistive_optimistic,oracle_mpc_recovery,1360.0,0.2997617763877826,0.30786102141961724,0.0,3.617275960662066,35.33231118688482,False,hard_safety_emergency,hard_safety_slew_conflict,False,False,True,True,0.0,0.0
corner_hot_resistive_optimistic,oracle_mpc_recovery,1365.0,0.2997617763877826,0.30777992821267625,0.0,3.614697362761618,35.29882375244868,False,hard_safety_emergency,hard_safety_slew_conflict,False,False,True,True,0.0,0.0
corner_hot_resistive_optimistic,oracle_mpc_recovery,1370.0,0.3003790603383999,0.3075914352125183,2.0,3.67106209563454,35.28288127418686,True,slope_safe_emergency,prediction_domain_infeasible_under_candidate_audit,False,False,True,False,0.655667999999423,2.0
corner_hot_resistive_optimistic,oracle_mpc_recovery,1375.0,0.30161362823963445,0.3077448428611528,4.0,3.733620637506212,35.30774078299336,True,slope_safe_emergency,prediction_domain_infeasible_under_candidate_audit,False,False,True,False,0.07011280000006082,2.0
corner_hot_resistive_optimistic,oracle_mpc_recovery,1380.0,0.3034654800914863,0.3078767700406243,6.0,3.8012153196556246,35.39953852691077,True,slope_safe_emergency,prediction_domain_infeasible_under_candidate_audit,False,False,True,False,0.34345480000047246,2.0
corner_hot_resistive_optimistic,oracle_mpc_recovery,1385.0,0.3034654800914863,0.31081566929574106,0.0,3.6389622291879533,35.36562932157838,True,hard_safety_emergency,hard_safety_slew_conflict,False,False,True,True,0.12969210000119347,6.0
corner_hot_resistive_optimistic,oracle_mpc_recovery,1390.0,0.3034654800914863,0.31075788411135014,0.0,3.6322912898943778,35.33193264600609,True,hard_safety_emergency,hard_safety_slew_conflict,False,False,True,True,0.5324125000006461,0.0
corner_hot_resistive_optimistic,oracle_mpc_recovery,1395.0,0.3034654800914863,0.30939114149079733,0.0,3.627070136103024,35.298447588843594,False,hard_safety_emergency,hard_safety_slew_conflict,False,False,True,True,0.0,0.0
corner_hot_resistive_optimistic,oracle_mpc_recovery,1400.0,0.3034654800914863,0.30925296955809906,0.0,3.6229413385672102,35.265172821106646,False,hard_safety_emergency,hard_safety_slew_conflict,False,False,True,True,0.0,0.0
corner_hot_resistive_optimistic,oracle_mpc_recovery,1405.0,0.3034654800914863,0.30965443949481386,0.0,3.6196371911352605,35.23210702215714,False,hard_safety_emergency,hard_safety_slew_conflict,False,False,True,True,0.0,0.0
corner_hot_resistive_optimistic,oracle_mpc_recovery,1410.0,0.3034654800914863,0.3095684697837176,0.0,3.6169571346892457,35.19924887965069,False,hard_safety_emergency,hard_safety_slew_conflict,False,False,True,True,0.0,0.0
corner_hot_resistive_optimistic,oracle_mpc_recovery,1415.0,0.30408276404210355,0.3096838419393996,2.0,3.673253411728906,35.18370916125751,True,slope_safe_emergency,prediction_domain_infeasible_under_candidate_audit,False,False,True,False,0.474041200001011,2.0
corner_hot_resistive_optimistic,oracle_mpc_recovery,1420.0,0.3053173319433381,0.3096154255826033,4.0,3.735766604867072,35.20872603724732,True,slope_safe_emergency,prediction_domain_infeasible_under_candidate_audit,False,False,True,False,0.43296600000030594,2.0
corner_hot_resistive_optimistic,oracle_mpc_recovery,1425.0,0.3059963442890171,0.31133865022382023,2.1999999999999997,3.6921829975689753,35.19889878050828,True,slope_safe_emergency,prediction_domain_infeasible_under_candidate_audit,False,False,True,False,0.590270499998951,1.8000000000000003
corner_hot_resistive_optimistic,oracle_mpc_recovery,1430.0,0.30667535663469614,0.31120417790250743,2.1999999999999997,3.694302176124276,35.18950758090825,False,slope_safe_emergency,prediction_domain_infeasible_under_candidate_audit,False,False,True,False,0.0,0.0
corner_hot_resistive_optimistic,oracle_mpc_recovery,1435.0,0.30735436898037516,0.310939987274286,2.1999999999999997,3.696123718686568,35.18047420624358,False,slope_safe_emergency,prediction_domain_infeasible_under_candidate_audit,False,False,True,False,0.0,0.0
corner_hot_resistive_optimistic,oracle_mpc_recovery,1440.0,0.3080333813260542,0.3108714368400867,2.1999999999999997,3.697719623776762,35.17173921986486,False,slope_safe_emergency,prediction_domain_infeasible_under_candidate_audit,False,False,True,False,0.0,0.0
corner_hot_resistive_optimistic,oracle_mpc_recovery,1445.0,0.3087123936717332,0.3118524723394337,2.1999999999999997,3.699143858538072,35.163257364228436,False,slope_safe_emergency,prediction_domain_infeasible_under_candidate_audit,False,False,True,False,0.0,0.0
corner_hot_resistive_optimistic,oracle_mpc_recovery,1450.0,0.3100086899680295,0.3121606203881047,4.199999999999999,3.7589333211768903,35.199803982695485,True,slope_safe_emergency,prediction_domain_infeasible_under_candidate_audit,False,False,True,False,0.43876080000154616,1.9999999999999996
corner_hot_resistive_optimistic,oracle_mpc_recovery,1455.0,0.31192227021494306,0.31269334344678695,6.199999999999999,3.8244698476107053,35.30679883635696,True,slope_safe_emergency,prediction_domain_infeasible_under_candidate_audit,False,False,True,False,0.40212350000001607,2.0
corner_hot_resistive_optimistic,oracle_mpc_recovery,1460.0,0.3144531344124739,0.3142778317934672,8.2,3.894694792388505,35.51202925763827,True,slope_safe_emergency,prediction_domain_infeasible_under_candidate_audit,False,False,True,False,0.43524470000011206,2.0
corner_hot_resistive_optimistic,oracle_mpc_recovery,1465.0,0.31623276404210354,0.31662744201038834,5.765999999999999,3.8391332894246,35.61565849765336,True,hard_safety_emergency,hard_safety_slew_conflict,False,False,True,True,0.03844819999903848,2.434
corner_hot_resistive_optimistic,oracle_mpc_recovery,1470.0,0.3169417949063011,0.3179913216467738,2.2972599999999996,3.7436398701867444,35.614897409697974,True,hard_safety_emergency,hard_safety_slew_conflict,False,False,True,True,0.6193815999995422,3.4687399999999995
corner_hot_resistive_optimistic,oracle_mpc_recovery,1475.0,0.3169417949063011,0.3191604756357842,0.0,3.6716402595613573,35.579635422958084,True,hard_safety_emergency,hard_safety_slew_conflict,False,False,True,True,0.10462790000019595,2.2972599999999996
corner_hot_resistive_optimistic,oracle_mpc_recovery,1480.0,0.3169417949063011,0.31954729814034777,0.0,3.6614906382695183,35.544594768192205,True,hard_safety_emergency,hard_safety_slew_conflict,False,False,True,True,1.0138225999999122,0.0
corner_hot_resistive_optimistic,oracle_mpc_recovery,1485.0,0.3169417949063011,0.3192966901862598,0.0,3.65360981208522,35.50977417215657,False,hard_safety_emergency,hard_safety_slew_conflict,False,False,True,True,0.0,0.0
corner_hot_resistive_optimistic,oracle_mpc_recovery,1490.0,0.3169417949063011,0.3193482237674935,0.0,3.64743604968513,35.47517225286089,False,hard_safety_emergency,hard_safety_slew_conflict,False,False,True,True,0.0,0.0
corner_hot_resistive_optimistic,oracle_mpc_recovery,1495.0,0.3169417949063011,0.3196187890667229,0.0,3.6425487069672458,35.44078763699391,False,hard_safety_emergency,hard_safety_slew_conflict,False,False,True,True,0.0,0.0
corner_hot_resistive_optimistic,oracle_mpc_recovery,1500.0,0.3169417949063011,0.3203078578284834,0.0,3.6386327241789616,35.406618959868894,False,hard_safety_emergency,hard_safety_slew_conflict,False,False,True,True,0.0,0.0
corner_hot_resistive_optimistic,oracle_mpc_recovery,1505.0,0.3169417949063011,0.32043426011841336,0.0,3.635452059092605,35.372664865369465,True,hard_safety_emergency,hard_safety_slew_conflict,False,False,True,True,0.9600017000011576,0.0
corner_hot_resistive_optimistic,oracle_mpc_recovery,1510.0,0.3169417949063011,0.32167262438183913,0.0,3.632829806960277,35.33892400589583,False,hard_safety_emergency,hard_safety_slew_conflict,False,False,True,True,0.0,0.0
corner_hot_resistive_optimistic,oracle_mpc_recovery,1515.0,0.3169417949063011,0.32291694567083795,0.0,3.630633324139349,35.3053950423112,False,hard_safety_emergency,hard_safety_slew_conflict,False,False,True,True,0.0,0.0
corner_hot_resistive_optimistic,oracle_mpc_recovery,1520.0,0.3169417949063011,0.321973339323697,0.0,3.628763095932313,35.272076643888724,False,hard_safety_emergency,hard_safety_slew_conflict,False,False,True,True,0.0,0.0
corner_hot_resistive_optimistic,oracle_mpc_recovery,1525.0,0.3169417949063011,0.3222028104041533,0.0,3.627144406200171,35.23896748825866,False,hard_safety_emergency,hard_safety_slew_conflict,False,False,True,True,0.0,0.0
corner_hot_resistive_optimistic,oracle_mpc_recovery,1530.0,0.31755907885691836,0.32273783415450835,2.0,3.684210517837794,35.22289995330027,True,slope_safe_emergency,prediction_domain_infeasible_under_candidate_audit,False,False,True,False,0.36867759999950067,2.0
corner_hot_resistive_optimistic,oracle_mpc_recovery,1535.0,0.31755907885691836,0.3231003212539591,0.0,3.6302956105504633,35.19009968903822,True,hard_safety_emergency,hard_safety_slew_conflict,False,False,True,True,0.07168779999847175,2.0
corner_hot_resistive_optimistic,oracle_mpc_recovery,1540.0,0.31817636280753564,0.32374638700837716,2.0,3.686559521240709,35.174779187976036,True,slope_safe_emergency,prediction_domain_infeasible_under_candidate_audit,False,False,True,False,0.11710189999939757,2.0
corner_hot_resistive_optimistic,oracle_mpc_recovery,1545.0,0.3194109307087702,0.3240501618989827,4.0,3.7490256485393183,35.200167925733496,True,slope_safe_emergency,prediction_domain_infeasible_under_candidate_audit,False,False,True,False,0.070960399998512,2.0
corner_hot_resistive_optimistic,oracle_mpc_recovery,1550.0,0.321262782560622,0.32591738371602674,6.0,3.816530847275619,35.2923881652618,True,slope_safe_emergency,prediction_domain_infeasible_under_candidate_audit,False,False,True,False,0.5967614000001049,2.0
corner_hot_resistive_optimistic,oracle_mpc_recovery,1555.0,0.3226084615729677,0.32738444397938904,4.359999999999999,3.781752141590392,35.336149383888554,True,slope_safe_emergency,prediction_domain_infeasible_under_candidate_audit,False,False,True,False,0.6530756000011024,1.6400000000000006
corner_hot_resistive_optimistic,oracle_mpc_recovery,1560.0,0.32395414058531335,0.3290278371369171,4.359999999999999,3.787798213761151,35.382008463991845,False,slope_safe_emergency,prediction_domain_infeasible_under_candidate_audit,False,False,True,False,0.0,0.0
corner_hot_resistive_optimistic,oracle_mpc_recovery,1565.0,0.325299819597659,0.33054509303367746,4.359999999999999,3.792953626657141,35.42950482013919,False,slope_safe_emergency,prediction_domain_infeasible_under_candidate_audit,False,False,True,False,0.0,0.0
corner_hot_resistive_optimistic,oracle_mpc_recovery,1570.0,0.3266454986100047,0.33126107825972845,4.359999999999999,3.7974309911599957,35.478288356667974,False,slope_safe_emergency,prediction_domain_infeasible_under_candidate_audit,False,False,True,False,0.0,0.0
corner_hot_resistive_optimistic,oracle_mpc_recovery,1575.0,0.32799117762235036,0.3327848567597431,4.359999999999999,3.801389779309855,35.528091979202834,False,slope_safe_emergency,prediction_domain_infeasible_under_candidate_audit,False,False,True,False,0.0,0.0
corner_hot_resistive_optimistic,oracle_mpc_recovery,1580.0,0.3288059924371652,0.33302280986788096,2.6399999999999992,3.754656709629626,35.53269746551558,True,slope_safe_emergency,prediction_domain_infeasible_under_candidate_audit,False,False,True,False,0.7248257999999623,1.7200000000000002
corner_hot_resistive_optimistic,oracle_mpc_recovery,1585.0,0.32962080725198,0.3332136939775367,2.6399999999999992,3.7528904196072417,35.53650328789855,False,slope_safe_emergency,prediction_domain_infeasible_under_candidate_audit,False,False,True,False,0.0,0.0
corner_hot_resistive_optimistic,oracle_mpc_recovery,1590.0,0.33043562206679483,0.3344068999881517,2.6399999999999992,3.75180945722229,35.53972583804444,False,slope_safe_emergency,prediction_domain_infeasible_under_candidate_audit,False,False,True,False,0.0,0.0
corner_hot_resistive_optimistic,oracle_mpc_recovery,1595.0,0.33125043688160966,0.33490437368829284,2.6399999999999992,3.751239041659433,35.542526270292385,False,slope_safe_emergency,prediction_domain_infeasible_under_candidate_audit,False,False,True,False,0.0,0.0
corner_hot_resistive_optimistic,oracle_mpc_recovery,1600.0,0.3320652516964245,0.3358727712470433,2.6399999999999992,3.751048458202246,35.545024539565674,False,slope_safe_emergency,prediction_domain_infeasible_under_candidate_audit,False,False,True,False,0.0,0.0
corner_hot_resistive_optimistic,oracle_mpc_recovery,1605.0,0.3320652516964245,0.33608340965743544,0.0,3.6739490580672776,35.510201370741235,True,hard_safety_emergency,hard_safety_slew_conflict,False,False,True,True,0.71716109999943,2.6399999999999992
corner_hot_resistive_optimistic,oracle_mpc_recovery,1610.0,0.3320652516964245,0.3360338723180153,0.0,3.66655040792696,35.47559676859677,True,hard_safety_emergency,hard_safety_slew_conflict,False,False,True,True,0.07099709999965853,0.0
corner_hot_resistive_optimistic,oracle_mpc_recovery,1615.0,0.3320652516964245,0.33577594372657915,0.0,3.660727268556809,35.441209486729555,False,hard_safety_emergency,hard_safety_slew_conflict,False,False,True,True,0.0,0.0
corner_hot_resistive_optimistic,oracle_mpc_recovery,1620.0,0.3320652516964245,0.33489831384599844,0.0,3.656092441670753,35.40703816034704,False,hard_safety_emergency,hard_safety_slew_conflict,False,False,True,True,0.0,0.0
corner_hot_resistive_optimistic,oracle_mpc_recovery,1625.0,0.3320652516964245,0.3354899829719549,0.0,3.6523558838623655,35.37308143322773,False,hard_safety_emergency,hard_safety_slew_conflict,False,False,True,True,0.0,0.0
corner_hot_resistive_optimistic,oracle_mpc_recovery,1630.0,0.3320652516964245,0.3363113730537662,0.0,3.6493002619046333,35.3393379576673,False,hard_safety_emergency,hard_safety_slew_conflict,False,False,True,True,0.0,0.0
corner_hot_resistive_optimistic,oracle_mpc_recovery,1635.0,0.33268253564704175,0.33729867178815826,2.0,3.7052406824163286,35.32432674181413,True,slope_safe_emergency,prediction_domain_infeasible_under_candidate_audit,False,False,True,False,0.3391210999998293,2.0
corner_hot_resistive_optimistic,oracle_mpc_recovery,1640.0,0.3339171035482763,0.33923523268458505,4.0,3.7674090566648433,35.3511519402372,True,slope_safe_emergency,prediction_domain_infeasible_under_candidate_audit,False,False,True,False,0.25399969999853056,2.0
corner_hot_resistive_optimistic,oracle_mpc_recovery,1645.0,0.33438006651123925,0.33998039597020535,1.5,3.7030635414398887,35.33126049984806,True,hard_safety_emergency,hard_safety_slew_conflict,False,False,True,True,0.07379340000079537,2.5
corner_hot_resistive_optimistic,oracle_mpc_recovery,1650.0,0.3354603134248195,0.3392953706125343,3.5,3.761345537439549,35.34858756368835,True,slope_safe_emergency,prediction_domain_infeasible_under_candidate_audit,False,False,True,False,0.3570287000002281,2.0
corner_hot_resistive_optimistic,oracle_mpc_recovery,1655.0,0.3369850047828442,0.34010230828715,4.9399999999999995,3.80918180896345,35.40875003466072,True,slope_safe_emergency,prediction_domain_infeasible_under_candidate_audit,False,False,True,False,0.5718219000009412,1.4399999999999995
corner_hot_resistive_optimistic,oracle_mpc_recovery,1660.0,0.3385096961408689,0.34156493250887265,4.9399999999999995,3.8181105351325315,35.472788146035626,False,slope_safe_emergency,prediction_domain_infeasible_under_candidate_audit,False,False,True,False,0.0,0.0
corner_hot_resistive_optimistic,oracle_mpc_recovery,1665.0,0.3400343874988936,0.3434924240852126,4.9399999999999995,3.825506399911138,35.53980143844936,False,slope_safe_emergency,prediction_domain_infeasible_under_candidate_audit,False,False,True,False,0.0,0.0
corner_hot_resistive_optimistic,oracle_mpc_recovery,1670.0,0.3415590788569183,0.34583398617629896,4.9399999999999995,3.8317421099903415,35.6091093703766,False,slope_safe_emergency,prediction_domain_infeasible_under_candidate_audit,False,False,True,False,0.0,0.0
corner_hot_resistive_optimistic,oracle_mpc_recovery,1675.0,0.34308377021494296,0.34706066282192827,4.9399999999999995,3.8370969960838375,35.68019611801823,False,slope_safe_emergency,prediction_domain_infeasible_under_candidate_audit,False,False,True,False,0.0,0.0
corner_hot_resistive_optimistic,oracle_mpc_recovery,1680.0,0.34308377021494296,0.3476313535850621,0.0,3.6973553006406763,35.64452429196558,True,hard_safety_emergency,hard_safety_slew_conflict,False,False,True,True,0.8460410999996384,4.9399999999999995
corner_hot_resistive_optimistic,oracle_mpc_recovery,1685.0,0.34308377021494296,0.347735930401278,0.0,3.6871335533601926,35.60907612877224,True,hard_safety_emergency,hard_safety_slew_conflict,False,False,True,True,0.07160750000002736,0.0
corner_hot_resistive_optimistic,oracle_mpc_recovery,1690.0,0.34308377021494296,0.34800111941289363,0.0,3.6791750928117093,35.57385058350182,False,hard_safety_emergency,hard_safety_slew_conflict,False,False,True,True,0.0,0.0
corner_hot_resistive_optimistic,oracle_mpc_recovery,1695.0,0.34308377021494296,0.34761000284205323,0.0,3.672920347383314,35.53884625809206,False,hard_safety_emergency,hard_safety_slew_conflict,False,False,True,True,0.0,0.0
corner_hot_resistive_optimistic,oracle_mpc_recovery,1700.0,0.34308377021494296,0.3476137385168969,0.0,3.667950263801756,35.50406176326064,False,hard_safety_emergency,hard_safety_slew_conflict,False,False,True,True,0.0,0.0
corner_hot_resistive_optimistic,oracle_mpc_recovery,1705.0,0.34308377021494296,0.3479780668739888,0.0,3.663950948278653,35.469495718450084,False,hard_safety_emergency,hard_safety_slew_conflict,False,False,True,True,0.0,0.0
corner_hot_resistive_optimistic,oracle_mpc_recovery,1710.0,0.34308377021494296,0.3466221827414828,0.0,3.660687207426599,35.43514675177297,True,hard_safety_emergency,hard_safety_slew_conflict,False,False,True,True,0.7181684999995923,0.0
corner_hot_resistive_optimistic,oracle_mpc_recovery,1715.0,0.34308377021494296,0.3474125593884752,0.0,3.6579827488092675,35.401013499957415,False,hard_safety_emergency,hard_safety_slew_conflict,False,False,True,True,0.0,0.0
corner_hot_resistive_optimistic,oracle_mpc_recovery,1720.0,0.34308377021494296,0.34761791704889383,0.0,3.6557053648504296,35.36709460829307,False,hard_safety_emergency,hard_safety_slew_conflict,False,False,True,True,0.0,0.0
corner_hot_resistive_optimistic,oracle_mpc_recovery,1725.0,0.34308377021494296,0.34874264425091445,0.0,3.6537558457590222,35.33338873057727,False,hard_safety_emergency,hard_safety_slew_conflict,False,False,True,True,0.0,0.0
corner_hot_resistive_optimistic,oracle_mpc_recovery,1730.0,0.34308377021494296,0.349035915668801,0.0,3.652059682855819,35.299894529061625,False,hard_safety_emergency,hard_safety_slew_conflict,False,False,True,True,0.0,0.0
corner_hot_resistive_optimistic,oracle_mpc_recovery,1735.0,0.34370105416556024,0.34888879434008024,2.0,3.709032810219213,35.28390794772909,True,slope_safe_emergency,prediction_domain_infeasible_under_candidate_audit,False,False,True,False,0.5149027999996179,2.0
corner_hot_resistive_optimistic,oracle_mpc_recovery,1740.0,0.34370105416556024,0.3496192608051976,0.0,3.655044417436312,35.250724548878964,True,hard_safety_emergency,hard_safety_slew_conflict,False,False,True,True,0.0715156999995088,2.0
corner_hot_resistive_optimistic,oracle_mpc_recovery,1745.0,0.34382451095568367,0.34994973898626774,0.3999999999999999,3.66444239555878,35.219550600347695,True,slope_safe_emergency,prediction_domain_infeasible_under_candidate_audit,False,False,True,False,0.6670916999992187,0.3999999999999999
corner_hot_resistive_optimistic,oracle_mpc_recovery,1750.0,0.3439479677458071,0.3507503706975717,0.3999999999999999,3.6636731611056983,35.188536069208816,False,slope_safe_emergency,prediction_domain_infeasible_under_candidate_audit,False,False,True,False,0.0,0.0
corner_hot_resistive_optimistic,oracle_mpc_recovery,1755.0,0.34407142453593054,0.35181517951635943,0.3999999999999999,3.6629664553036028,35.15768271847737,False,slope_safe_emergency,prediction_domain_infeasible_under_candidate_audit,False,False,True,False,0.0,0.0
corner_hot_resistive_optimistic,oracle_mpc_recovery,1760.0,0.34419488132605397,0.351198262063232,0.3999999999999999,3.6623116818902224,35.126991817553545,False,slope_safe_emergency,prediction_domain_infeasible_under_candidate_audit,False,False,True,False,0.0,0.0
corner_hot_resistive_optimistic,oracle_mpc_recovery,1765.0,0.3443183381161774,0.35183060569503366,0.3999999999999999,3.66170074365088,35.09646425530724,False,slope_safe_emergency,prediction_domain_infeasible_under_candidate_audit,False,False,True,False,0.0,0.0
corner_hot_resistive_optimistic,oracle_mpc_recovery,1770.0,0.34505907885691817,0.3516417699545445,2.4,3.719598750902693,35.08736777178864,True,slope_safe_emergency,prediction_domain_infeasible_under_candidate_audit,False,False,True,False,0.7081981000010273,2.0
corner_hot_resistive_optimistic,oracle_mpc_recovery,1775.0,0.3464171035482762,0.353260875662197,4.4,3.7833551809865917,35.12369960425486,True,slope_safe_emergency,prediction_domain_infeasible_under_candidate_audit,False,False,True,False,0.5559232000014163,2.0000000000000004
corner_hot_resistive_optimistic,oracle_mpc_recovery,1780.0,0.3483924121902515,0.3551202957448085,6.4,3.851888518317305,35.23212352385125,True,slope_safe_emergency,prediction_domain_infeasible_under_candidate_audit,False,False,True,False,0.19565660000080243,2.0
corner_hot_resistive_optimistic,oracle_mpc_recovery,1785.0,0.3509850047828441,0.3574937772138843,8.4,3.924379952062032,35.44120940978013,True,slope_safe_emergency,prediction_domain_infeasible_under_candidate_audit,False,False,True,False,0.037096699999892735,2.0
corner_hot_resistive_optimistic,oracle_mpc_recovery,1790.0,0.35278253564704165,0.35988651331733656,5.824,3.8664328186162775,35.5439256446649,True,hard_safety_emergency,hard_safety_slew_conflict,False,False,True,True,0.03716379999968922,2.5760000000000005
corner_hot_resistive_optimistic,oracle_mpc_recovery,1795.0,0.35370312823963423,0.36229630667326185,2.98272,3.790274063659176,35.557935118907935,True,hard_safety_emergency,hard_safety_slew_conflict,False,False,True,True,0.03710970000065572,2.84128
corner_hot_resistive_optimistic,oracle_mpc_recovery,1800.0,0.3543150788569182,0.36183678000965386,1.9827200000000005,3.7588170929179547,35.54938634088219,True,slope_safe_emergency,prediction_domain_infeasible_under_candidate_audit,False,False,True,False,0.29322270000011486,0.9999999999999996
corner_hot_resistive_optimistic,oracle_mpc_recovery,1805.0,0.3549270294742022,0.36259733749893486,1.9827200000000005,3.7545562184239882,35.53979065874964,False,slope_safe_emergency,prediction_domain_infeasible_under_candidate_audit,False,False,True,False,0.0,0.0
corner_hot_resistive_optimistic,oracle_mpc_recovery,1810.0,0.35553898009148616,0.3635753541793496,1.9827200000000005,3.751483264833841,35.529428873952746,False,slope_safe_emergency,prediction_domain_infeasible_under_candidate_audit,False,False,True,False,0.0,0.0
corner_hot_resistive_optimistic,oracle_mpc_recovery,1815.0,0.35615093070877013,0.36312345850220074,1.9827200000000005,3.74929964852816,35.51851103937025,False,slope_safe_emergency,prediction_domain_infeasible_under_candidate_audit,False,False,True,False,0.0,0.0
corner_hot_resistive_optimistic,oracle_mpc_recovery,1820.0,0.3567628813260541,0.36337626068958606,1.9827200000000005,3.747781928188893,35.50719431788586,False,slope_safe_emergency,prediction_domain_infeasible_under_candidate_audit,False,False,True,False,0.0,0.0
corner_hot_resistive_optimistic,oracle_mpc_recovery,1825.0,0.3568612200914862,0.3639632872849956,0.3186175999999996,3.6981153413669214,35.47486078654515,True,slope_safe_emergency,prediction_domain_infeasible_under_candidate_audit,False,False,True,False,0.9481500000001688,1.6641024000000009
corner_hot_resistive_optimistic,oracle_mpc_recovery,1830.0,0.35695955885691827,0.3646808314538656,0.3186175999999996,3.6926255679562923,35.44252854171871,False,slope_safe_emergency,prediction_domain_infeasible_under_candidate_audit,False,False,True,False,0.0,0.0
corner_hot_resistive_optimistic,oracle_mpc_recovery,1835.0,0.35705789762235035,0.3637816907614301,0.3186175999999996,3.6883111980010628,35.410241078602816,False,slope_safe_emergency,prediction_domain_infeasible_under_candidate_audit,False,False,True,False,0.0,0.0
corner_hot_resistive_optimistic,oracle_mpc_recovery,1840.0,0.35715623638778243,0.3629071865333912,0.3186175999999996,3.684883797022324,35.37803085610566,False,slope_safe_emergency,prediction_domain_infeasible_under_candidate_audit,False,False,True,False,0.0,0.0
corner_hot_resistive_optimistic,oracle_mpc_recovery,1845.0,0.3572545751532145,0.3625421605579753,0.3186175999999996,3.682127289314317,35.34592212022622,False,slope_safe_emergency,prediction_domain_infeasible_under_candidate_audit,False,False,True,False,0.0,0.0
corner_hot_resistive_optimistic,oracle_mpc_recovery,1850.0,0.3579701978692639,0.3636308849724692,2.3186175999999996,3.7383466321906877,35.336485540174664,True,slope_safe_emergency,prediction_domain_infeasible_under_candidate_audit,False,False,True,False,1.3110706999996182,2.0
corner_hot_resistive_optimistic,oracle_mpc_recovery,1855.0,0.35930310453593056,0.365871609737956,4.3186176,3.8007751854416476,35.3730867666073,True,slope_safe_emergency,prediction_domain_infeasible_under_candidate_audit,False,False,True,False,0.16425539999909233,2.0
corner_hot_resistive_optimistic,oracle_mpc_recovery,1860.0,0.359918540071733,0.3678506909967773,1.9940111359999997,3.7418232386811434,35.36089686916107,True,hard_safety_emergency,hard_safety_slew_conflict,False,False,True,True,0.040065099999992526,2.324606464
corner_hot_resistive_optimistic,oracle_mpc_recovery,1865.0,0.36115125955815275,0.36971164183641436,3.9940111359999997,3.8008648919412398,35.39214920012681,True,slope_safe_emergency,prediction_domain_infeasible_under_candidate_audit,False,False,True,False,0.6113656000015908,2.0
corner_hot_resistive_optimistic,oracle_mpc_recovery,1870.0,0.3627543494149429,0.3706182653555726,5.194011135999999,3.8423376954456714,35.462803850027655,True,slope_safe_emergency,prediction_domain_infeasible_under_candidate_audit,False,False,True,False,0.34655879999991157,1.1999999999999997
corner_hot_resistive_optimistic,oracle_mpc_recovery,1875.0,0.36435743927173303,0.3719166013215606,5.194011135999999,3.851144130043281,35.53737703503779,False,slope_safe_emergency,prediction_domain_infeasible_under_candidate_audit,False,False,True,False,0.0,0.0
corner_hot_resistive_optimistic,oracle_mpc_recovery,1880.0,0.36596052912852317,0.37329322760286404,5.194011135999999,3.858488222567533,35.61496507625129,False,slope_safe_emergency,prediction_domain_infeasible_under_candidate_audit,False,False,True,False,0.0,0.0
corner_hot_resistive_optimistic,oracle_mpc_recovery,1885.0,0.3675636189853133,0.37493385339563645,5.194011135999999,3.8647244138141272,35.69488416859026,False,slope_safe_emergency,prediction_domain_infeasible_under_candidate_audit,False,False,True,False,0.0,0.0
corner_hot_resistive_optimistic,oracle_mpc_recovery,1890.0,0.36916670884210345,0.3770489236693889,5.194011135999999,3.8701183991590486,35.77661523196605,False,slope_safe_emergency,prediction_domain_infeasible_under_candidate_audit,False,False,True,False,0.0,0.0
corner_hot_resistive_optimistic,oracle_mpc_recovery,1895.0,0.36916670884210345,0.37794796697899097,0.0,3.723035421579207,35.74033792230737,True,hard_safety_emergency,hard_safety_slew_conflict,False,False,True,True,0.24894079999830865,5.194011135999999
corner_hot_resistive_optimistic,oracle_mpc_recovery,1900.0,0.36916670884210345,0.37838669036534,0.0,3.7121779260109324,35.70428804016858,True,hard_safety_emergency,hard_safety_slew_conflict,False,False,True,True,0.0775872000012896,0.0
corner_hot_resistive_optimistic,oracle_mpc_recovery,1905.0,0.36916670884210345,0.37814824301916977,0.0,3.7037340894645308,35.668464554806384,False,hard_safety_emergency,hard_safety_slew_conflict,False,False,True,True,0.0,0.0
corner_hot_resistive_optimistic,oracle_mpc_recovery,1910.0,0.36916670884210345,0.3772315678345292,0.0,3.6971068057000984,35.63286604442696,False,hard_safety_emergency,hard_safety_slew_conflict,False,False,True,True,0.0,0.0
corner_hot_resistive_optimistic,oracle_mpc_recovery,1915.0,0.36916670884210345,0.3772269137469734,0.0,3.6918489242957597,35.59749109616545,False,hard_safety_emergency,hard_safety_slew_conflict,False,False,True,True,0.0,0.0
corner_hot_resistive_optimistic,oracle_mpc_recovery,1920.0,0.36916670884210345,0.3769188120734936,0.0,3.687625516637115,35.56233830602995,False,hard_safety_emergency,hard_safety_slew_conflict,False,False,True,True,0.0,0.0
corner_hot_resistive_optimistic,oracle_mpc_recovery,1925.0,0.36916670884210345,0.3758247266162374,0.0,3.6841856395126515,35.52740627884576,True,hard_safety_emergency,hard_safety_slew_conflict,False,False,True,True,1.1136608000015258,0.0
corner_hot_resistive_optimistic,oracle_mpc_recovery,1930.0,0.36916670884210345,0.3756874561896288,0.0,3.6813412056991845,35.49269362820001,False,hard_safety_emergency,hard_safety_slew_conflict,False,False,True,True,0.0,0.0
corner_hot_resistive_optimistic,oracle_mpc_recovery,1935.0,0.36916670884210345,0.3751348536877148,0.0,3.6789511726592656,35.45819897638663,False,hard_safety_emergency,hard_safety_slew_conflict,False,False,True,True,0.0,0.0
corner_hot_resistive_optimistic,oracle_mpc_recovery,1940.0,0.36916670884210345,0.3744974521407387,0.0,3.6769097107478887,35.4239209543517,False,hard_safety_emergency,hard_safety_slew_conflict,False,False,True,True,0.0,0.0
corner_hot_resistive_optimistic,oracle_mpc_recovery,1945.0,0.36916670884210345,0.3735010821463862,0.0,3.6751373492630703,35.38985820163907,False,hard_safety_emergency,hard_safety_slew_conflict,False,False,True,True,0.0,0.0
corner_hot_resistive_optimistic,oracle_mpc_recovery,1950.0,0.36978399279272073,0.3731733951985192,2.0,3.7320394165997417,35.37351880982102,True,slope_safe_emergency,prediction_domain_infeasible_under_candidate_audit,False,False,True,False,0.664677999999185,2.0
corner_hot_resistive_optimistic,oracle_mpc_recovery,1955.0,0.3710185606939553,0.3740356111889717,4.0,3.794926110146413,35.398355612029306,True,slope_safe_emergency,prediction_domain_infeasible_under_candidate_audit,False,False,True,False,0.16536720000112837,2.0
corner_hot_resistive_optimistic,oracle_mpc_recovery,1960.0,0.3728704125458071,0.3744022193925232,6.0,3.8626873256124385,35.49061111387019,True,slope_safe_emergency,prediction_domain_infeasible_under_candidate_audit,False,False,True,False,0.19880409999859694,2.0
corner_hot_resistive_optimistic,oracle_mpc_recovery,1965.0,0.37466053600259724,0.37670495537044046,5.8,3.8701723671944825,35.582663464255624,True,slope_safe_emergency,prediction_domain_infeasible_under_candidate_audit,False,False,True,False,0.1531818999992538,0.20000000000000018
corner_hot_resistive_optimistic,oracle_mpc_recovery,1970.0,0.3764506594593874,0.3784465260946391,5.8,3.880500642651392,35.679898226640155,False,slope_safe_emergency,prediction_domain_infeasible_under_candidate_audit,False,False,True,False,0.0,0.0
corner_hot_resistive_optimistic,oracle_mpc_recovery,1975.0,0.3782407829161775,0.37923130945167455,5.8,3.8891071392025975,35.78112674678032,False,slope_safe_emergency,prediction_domain_infeasible_under_candidate_audit,False,False,True,False,0.0,0.0
corner_hot_resistive_optimistic,oracle_mpc_recovery,1980.0,0.38003090637296766,0.38204061163247877,5.8,3.896409110085956,35.88544921848887,False,slope_safe_emergency,prediction_domain_infeasible_under_candidate_audit,False,False,True,False,0.0,0.0
corner_hot_resistive_optimistic,oracle_mpc_recovery,1985.0,0.3818210298297578,0.38429867226924447,5.8,3.90271935238097,35.9921823743549,False,slope_safe_emergency,prediction_domain_infeasible_under_candidate_audit,False,False,True,False,0.0,0.0
corner_hot_resistive_optimistic,oracle_mpc_recovery,1990.0,0.3818210298297578,0.38631179921936337,0.0,3.7387222374247258,35.95455137065169,True,hard_safety_emergency,hard_safety_slew_conflict,False,False,True,True,0.24264559999937774,5.8
corner_hot_resistive_optimistic,oracle_mpc_recovery,1995.0,0.3818210298297578,0.38640585483162604,0.0,3.726813039553124,35.917156207160154,True,hard_safety_emergency,hard_safety_slew_conflict,False,False,True,True,0.3582022999999026,0.0
corner_hot_resistive_optimistic,oracle_mpc_recovery,2000.0,0.3818210298297578,0.38628519302433756,0.0,3.717574833984084,35.87999588894335,False,hard_safety_emergency,hard_safety_slew_conflict,False,False,True,True,0.0,0.0
corner_hot_resistive_optimistic,oracle_mpc_recovery,2005.0,0.3818210298297578,0.3873154089660604,0.0,3.710345982955607,35.84306894115004,False,hard_safety_emergency,hard_safety_slew_conflict,False,False,True,True,0.0,0.0
corner_hot_resistive_optimistic,oracle_mpc_recovery,2010.0,0.3818210298297578,0.3872683653540135,0.0,3.704631039764855,35.806373898191204,False,hard_safety_emergency,hard_safety_slew_conflict,False,False,True,True,0.0,0.0
corner_hot_resistive_optimistic,oracle_mpc_recovery,2015.0,0.3818210298297578,0.3872337107492132,0.0,3.700058928467746,35.769909303681864,False,hard_safety_emergency,hard_safety_slew_conflict,False,False,True,True,0.0,0.0
corner_hot_resistive_optimistic,oracle_mpc_recovery,2020.0,0.38243831378037507,0.3875602035979478,2.0,3.7548171684405216,35.75382169795966,True,slope_safe_emergency,prediction_domain_infeasible_under_candidate_audit,False,False,True,False,0.7580402000003232,2.0
corner_hot_resistive_optimistic,oracle_mpc_recovery,2025.0,0.3828333755087701,0.38832317665102556,1.2799999999999998,3.7365396185005837,35.72841192032446,True,slope_safe_emergency,prediction_domain_infeasible_under_candidate_audit,False,False,True,False,0.5525735999999597,0.7200000000000002
corner_hot_resistive_optimistic,oracle_mpc_recovery,2030.0,0.38322843723716515,0.3880028880090619,1.2799999999999998,3.736638404811574,35.70313596372204,False,slope_safe_emergency,prediction_domain_infeasible_under_candidate_audit,False,False,True,False,0.0,0.0
corner_hot_resistive_optimistic,oracle_mpc_recovery,2035.0,0.3836234989655602,0.3891137428425558,1.2799999999999998,3.736694044854318,35.67798629192595,False,slope_safe_emergency,prediction_domain_infeasible_under_candidate_audit,False,False,True,False,0.0,0.0
corner_hot_resistive_optimistic,oracle_mpc_recovery,2040.0,0.38401856069395524,0.3905407153357915,1.2799999999999998,3.7367207360279235,35.65295750901077,False,slope_safe_emergency,prediction_domain_infeasible_under_candidate_audit,False,False,True,False,0.0,0.0
corner_hot_resistive_optimistic,oracle_mpc_recovery,2045.0,0.3844136224223503,0.3903525812158413,1.2799999999999998,3.7367289938365023,35.62804582881189,False,slope_safe_emergency,prediction_domain_infeasible_under_candidate_audit,False,False,True,False,0.0,0.0
corner_hot_resistive_optimistic,oracle_mpc_recovery,2050.0,0.38542596810136265,0.3894237985246416,3.28,3.795192569450762,35.637569312680704,True,slope_safe_emergency,prediction_domain_infeasible_under_candidate_audit,False,False,True,False,0.9895978999993531,2.0
corner_hot_resistive_optimistic,oracle_mpc_recovery,2055.0,0.3870555977309923,0.3896375869117378,5.279999999999999,3.859473007427299,35.70609826762089,True,slope_safe_emergency,prediction_domain_infeasible_under_candidate_audit,False,False,True,False,0.07360430000153428,1.9999999999999996
corner_hot_resistive_optimistic,oracle_mpc_recovery,2060.0,0.3893025113112392,0.39267101487352496,7.279999999999999,3.928499481895936,35.86073673118141,True,slope_safe_emergency,prediction_domain_infeasible_under_candidate_audit,False,False,True,False,0.3694415999998455,2.0
corner_hot_resistive_optimistic,oracle_mpc_recovery,2065.0,0.3913272026692639,0.39435337868444503,6.559999999999999,3.9219473564975678,35.99204408456307,True,slope_safe_emergency,prediction_domain_infeasible_under_candidate_audit,False,False,True,False,0.7493192000001727,0.7200000000000006
corner_hot_resistive_optimistic,oracle_mpc_recovery,2070.0,0.3933518940272886,0.3964456664138818,6.559999999999999,3.931846709766594,36.12853262410112,False,slope_safe_emergency,prediction_domain_infeasible_under_candidate_audit,False,False,True,False,0.0,0.0
corner_hot_resistive_optimistic,oracle_mpc_recovery,2075.0,0.3953765853853133,0.3991005165369794,6.559999999999999,3.940241028014828,36.26902724009487,False,slope_safe_emergency,prediction_domain_infeasible_under_candidate_audit,False,False,True,False,0.0,0.0
corner_hot_resistive_optimistic,oracle_mpc_recovery,2080.0,0.397401276743338,0.40087616690516265,6.559999999999999,3.947491721451133,36.41263566242408,False,slope_safe_emergency,prediction_domain_infeasible_under_candidate_audit,False,False,True,False,0.0,0.0
corner_hot_resistive_optimistic,oracle_mpc_recovery,2085.0,0.39942596810136266,0.40377395313204834,6.559999999999999,3.9538698754434343,36.55867781842017,False,slope_safe_emergency,prediction_domain_infeasible_under_candidate_audit,False,False,True,False,0.0,0.0
corner_hot_resistive_optimistic,oracle_mpc_recovery,2090.0,0.39942596810136266,0.4052688035077939,0.0,3.7677955206510583,36.51748931226091,True,hard_safety_emergency,hard_safety_slew_conflict,False,False,True,True,0.3141771000009612,6.559999999999999
corner_hot_resistive_optimistic,oracle_mpc_recovery,2095.0,0.39942596810136266,0.4040919425940427,0.0,3.7538768436278818,36.476558843579824,True,hard_safety_emergency,hard_safety_slew_conflict,False,False,True,True,0.7612786999998207,0.0
corner_hot_resistive_optimistic,oracle_mpc_recovery,2100.0,0.39942596810136266,0.4050839258683886,0.0,3.74308345683019,36.435885422234946,False,hard_safety_emergency,hard_safety_slew_conflict,False,False,True,True,0.0,0.0
corner_hot_resistive_optimistic,oracle_mpc_recovery,2105.0,0.39942596810136266,0.4045004036700719,0.0,3.7346410548207776,36.39546743394392,False,hard_safety_emergency,hard_safety_slew_conflict,False,False,True,True,0.0,0.0
corner_hot_resistive_optimistic,oracle_mpc_recovery,2110.0,0.39942596810136266,0.4038741263899565,0.0,3.7279698276375925,36.35530327456226,False,hard_safety_emergency,hard_safety_slew_conflict,False,False,True,True,0.0,0.0
corner_hot_resistive_optimistic,oracle_mpc_recovery,2115.0,0.39942596810136266,0.4035257527323403,0.0,3.7226355178290835,36.315391350019645,False,hard_safety_emergency,hard_safety_slew_conflict,False,False,True,True,0.0,0.0
corner_hot_resistive_optimistic,oracle_mpc_recovery,2120.0,0.39942596810136266,0.4048104104909923,0.0,3.7183127964170173,36.275730076256686,True,hard_safety_emergency,hard_safety_slew_conflict,False,False,True,True,0.6472935000001598,0.0
corner_hot_resistive_optimistic,oracle_mpc_recovery,2125.0,0.39942596810136266,0.40417003456276684,0.0,3.714757857022512,36.23631787916202,False,hard_safety_emergency,hard_safety_slew_conflict,False,False,True,True,0.0,0.0
corner_hot_resistive_optimistic,oracle_mpc_recovery,2130.0,0.39942596810136266,0.4038149047610525,0.0,3.711787907879195,36.197153194509895,False,hard_safety_emergency,hard_safety_slew_conflict,False,False,True,True,0.0,0.0
corner_hot_resistive_optimistic,oracle_mpc_recovery,2135.0,0.39942596810136266,0.40330079568262744,0.0,3.7092658254900686,36.15823446789801,False,hard_safety_emergency,hard_safety_slew_conflict,False,False,True,True,0.0,0.0
corner_hot_resistive_optimistic,oracle_mpc_recovery,2140.0,0.39942596810136266,0.40358967294922815,0.0,3.7070886707114195,36.119560154685885,False,hard_safety_emergency,hard_safety_slew_conflict,False,False,True,True,0.0,0.0
corner_hot_resistive_optimistic,oracle_mpc_recovery,2145.0,0.39942596810136266,0.4041656304684548,0.0,3.7051790950705237,36.08112871993352,True,hard_safety_emergency,hard_safety_slew_conflict,False,False,True,True,0.5981303999997181,0.0
corner_hot_resistive_optimistic,oracle_mpc_recovery,2150.0,0.39942596810136266,0.4034800314105131,0.0,3.703478909832744,36.04293863834051,False,hard_safety_emergency,hard_safety_slew_conflict,False,False,True,True,0.0,0.0
corner_hot_resistive_optimistic,oracle_mpc_recovery,2155.0,0.39942596810136266,0.40401259387422955,0.0,3.7019442734472485,36.00498839418544,False,hard_safety_emergency,hard_safety_slew_conflict,False,False,True,True,0.0,0.0
corner_hot_resistive_optimistic,oracle_mpc_recovery,2160.0,0.39942596810136266,0.40404154259105624,0.0,3.7005420900229,35.967276481265834,False,hard_safety_emergency,hard_safety_slew_conflict,False,False,True,True,0.0,0.0
corner_hot_resistive_optimistic,oracle_mpc_recovery,2165.0,0.39942596810136266,0.40346985038299454,0.0,3.6992473140185753,35.929801402838265,False,hard_safety_emergency,hard_safety_slew_conflict,False,False,True,True,0.0,0.0
corner_hot_resistive_optimistic,oracle_mpc_recovery,2170.0,0.39942596810136266,0.40294409206620574,0.0,3.6980409330565083,35.89256167155903,True,hard_safety_emergency,hard_safety_slew_conflict,False,False,True,True,0.499356499998612,0.0
corner_hot_resistive_optimistic,oracle_mpc_recovery,2175.0,0.39942596810136266,0.4033887772785634,0.0,3.6969084581794673,35.85555580942506,False,hard_safety_emergency,hard_safety_slew_conflict,False,False,True,True,0.0,0.0
corner_hot_resistive_optimistic,oracle_mpc_recovery,2180.0,0.39942596810136266,0.4039150402907792,0.0,3.6958387938336172,35.818782347715334,False,hard_safety_emergency,hard_safety_slew_conflict,False,False,True,True,0.0,0.0
corner_hot_resistive_optimistic,oracle_mpc_recovery,2185.0,0.39942596810136266,0.40310988362755434,0.0,3.6948233920063647,35.782239826932496,False,hard_safety_emergency,hard_safety_slew_conflict,False,False,True,True,0.0,0.0
corner_hot_resistive_optimistic,oracle_mpc_recovery,2190.0,0.39942596810136266,0.4025528984720406,0.0,3.6938556190041085,35.74592679674501,False,hard_safety_emergency,hard_safety_slew_conflict,False,False,True,True,0.0,0.0
corner_hot_resistive_optimistic,oracle_mpc_recovery,2195.0,0.40004325205197994,0.4018945210013362,2.0,3.751400550666934,35.726075605922,True,slope_safe_emergency,prediction_domain_infeasible_under_candidate_audit,False,False,True,False,0.322019299999738,2.0
corner_hot_resistive_optimistic,oracle_mpc_recovery,2200.0,0.40077164711370833,0.40282996322723186,2.36,3.7668635819454153,35.71278341778676,True,slope_safe_emergency,prediction_domain_infeasible_under_candidate_audit,False,False,True,False,0.35124010000072303,0.3599999999999999
corner_hot_resistive_optimistic,oracle_mpc_recovery,2205.0,0.4015000421754367,0.4035350542202714,2.36,3.771809035563223,35.70074542803566,False,slope_safe_emergency,prediction_domain_infeasible_under_candidate_audit,False,False,True,False,0.0,0.0
corner_hot_resistive_optimistic,oracle_mpc_recovery,2210.0,0.4022284372371651,0.40477220490570454,2.36,3.7757790176488024,35.68968649289011,False,slope_safe_emergency,prediction_domain_infeasible_under_candidate_audit,False,False,True,False,0.0,0.0
corner_hot_resistive_optimistic,oracle_mpc_recovery,2215.0,0.4029568322988935,0.4055125437560329,2.36,3.779015208058705,35.67939958621016,False,slope_safe_emergency,prediction_domain_infeasible_under_candidate_audit,False,False,True,False,0.0,0.0
corner_hot_resistive_optimistic,oracle_mpc_recovery,2220.0,0.4036852273606219,0.4063432198534003,2.36,3.7816985783661488,35.66972867771491,False,slope_safe_emergency,prediction_domain_infeasible_under_candidate_audit,False,False,True,False,0.0,0.0
corner_hot_resistive_optimistic,oracle_mpc_recovery,2225.0,0.4036852273606219,0.40669408185624717,0.0,3.7149721427744877,35.634122316473764,True,hard_safety_emergency,hard_safety_slew_conflict,False,False,True,True,0.3206795999994938,2.36
corner_hot_resistive_optimistic,oracle_mpc_recovery,2230.0,0.4043025113112392,0.40699479696517876,2.0,3.76851945629518,35.618065740573016,True,slope_safe_emergency,prediction_domain_infeasible_under_candidate_audit,False,False,True,False,0.12014239999916754,2.0
corner_hot_resistive_optimistic,oracle_mpc_recovery,2235.0,0.40553707921247373,0.408311937935246,4.0,3.828919948419103,35.64383457074342,True,slope_safe_emergency,prediction_domain_infeasible_under_candidate_audit,False,False,True,False,0.07057630000053905,2.0
corner_hot_resistive_optimistic,oracle_mpc_recovery,2240.0,0.40553707921247373,0.4095617434646519,0.0,3.7194419422300316,35.608390945621025,True,hard_safety_emergency,hard_safety_slew_conflict,False,False,True,True,0.11749450000024808,4.0
corner_hot_resistive_optimistic,oracle_mpc_recovery,2245.0,0.406154363163091,0.40958288836610623,2.0,3.77241972172124,35.59301894138743,True,slope_safe_emergency,prediction_domain_infeasible_under_candidate_audit,False,False,True,False,0.07025109999995038,2.0
corner_hot_resistive_optimistic,oracle_mpc_recovery,2250.0,0.40738893106432555,0.4103495846906597,4.0,3.8323876098565735,35.619791830772634,True,slope_safe_emergency,prediction_domain_infeasible_under_candidate_audit,False,False,True,False,0.2456409000005806,2.0
corner_hot_resistive_optimistic,oracle_mpc_recovery,2255.0,0.40738893106432555,0.41178553784025707,0.0,3.722582042616777,35.58449919926755,True,hard_safety_emergency,hard_safety_slew_conflict,False,False,True,True,0.07110970000030647,4.0
corner_hot_resistive_optimistic,oracle_mpc_recovery,2260.0,0.40738893106432555,0.4120231702216418,0.0,3.7168423481766526,35.54942799951197,True,hard_safety_emergency,hard_safety_slew_conflict,False,False,True,True,0.34802099999978964,0.0
corner_hot_resistive_optimistic,oracle_mpc_recovery,2265.0,0.40738893106432555,0.41366779710894264,0.0,3.7123291257783144,35.514577050312155,False,hard_safety_emergency,hard_safety_slew_conflict,False,False,True,True,0.0,0.0
corner_hot_resistive_optimistic,oracle_mpc_recovery,2270.0,0.40738893106432555,0.4138041181028005,0.0,3.708740793731663,35.47994496847312,False,hard_safety_emergency,hard_safety_slew_conflict,False,False,True,True,0.0,0.0
corner_hot_resistive_optimistic,oracle_mpc_recovery,2275.0,0.40738893106432555,0.4132118180592891,0.0,3.705851447978228,35.4455303794865,False,hard_safety_emergency,hard_safety_slew_conflict,False,False,True,True,0.0,0.0
corner_hot_resistive_optimistic,oracle_mpc_recovery,2280.0,0.40738893106432555,0.41219547049534955,0.0,3.703491821005086,35.41133191747596,False,hard_safety_emergency,hard_safety_slew_conflict,False,False,True,True,0.0,0.0
corner_hot_resistive_optimistic,oracle_mpc_recovery,2285.0,0.40800621501494283,0.4117612007554498,2.0,3.7600015405971354,35.394060049013426,True,slope_safe_emergency,prediction_domain_infeasible_under_candidate_audit,False,False,True,False,0.7929918999998335,2.0
corner_hot_resistive_optimistic,oracle_mpc_recovery,2290.0,0.4092407829161774,0.4122291900798855,4.0,3.8226398909927375,35.41704420272027,True,slope_safe_emergency,prediction_domain_infeasible_under_candidate_audit,False,False,True,False,0.0719797000001563,2.0
corner_hot_resistive_optimistic,oracle_mpc_recovery,2295.0,0.4110926347680292,0.4136655147728606,6.0,3.890257804424964,35.50647871233549,True,slope_safe_emergency,prediction_domain_infeasible_under_candidate_audit,False,False,True,False,0.2837120000003779,2.0
corner_hot_resistive_optimistic,oracle_mpc_recovery,2300.0,0.41324078291617733,0.4153673874601001,6.96,3.9315844489533953,35.642485040854126,True,slope_safe_emergency,prediction_domain_infeasible_under_candidate_audit,False,False,True,False,0.33980440000050294,0.96
corner_hot_resistive_optimistic,oracle_mpc_recovery,2305.0,0.41538893106432545,0.4168913699491246,6.96,3.945274308404688,35.78694324815048,False,slope_safe_emergency,prediction_domain_infeasible_under_candidate_audit,False,False,True,False,0.0,0.0
corner_hot_resistive_optimistic,oracle_mpc_recovery,2310.0,0.41753707921247357,0.4183801627745622,6.96,3.956656646587784,35.93794345331661,False,slope_safe_emergency,prediction_domain_infeasible_under_candidate_audit,False,False,True,False,0.0,0.0
corner_hot_resistive_optimistic,oracle_mpc_recovery,2315.0,0.4196852273606217,0.42066938723495567,6.96,3.966289349136302,36.094039361878124,False,slope_safe_emergency,prediction_domain_infeasible_under_candidate_audit,False,False,True,False,0.0,0.0
corner_hot_resistive_optimistic,oracle_mpc_recovery,2320.0,0.4218333755087698,0.4218610176023781,6.96,3.974590667191731,36.25413211387435,False,slope_safe_emergency,prediction_domain_infeasible_under_candidate_audit,False,False,True,False,0.0,0.0
corner_hot_resistive_optimistic,oracle_mpc_recovery,2325.0,0.4218333755087698,0.4249524801732292,0.0,3.7784292961256614,36.21485622521712,True,hard_safety_emergency,hard_safety_slew_conflict,False,False,True,True,0.4458994000015082,6.96
corner_hot_resistive_optimistic,oracle_mpc_recovery,2330.0,0.4218333755087698,0.424138008541781,0.0,3.764691208108088,36.17582632184541,True,hard_safety_emergency,hard_safety_slew_conflict,False,False,True,True,0.6440529000010429,0.0
corner_hot_resistive_optimistic,oracle_mpc_recovery,2335.0,0.4218333755087698,0.4239600711785837,0.0,3.754094250658635,36.13704153007436,False,hard_safety_emergency,hard_safety_slew_conflict,False,False,True,True,0.0,0.0
corner_hot_resistive_optimistic,oracle_mpc_recovery,2340.0,0.4218333755087698,0.4245387824976684,0.0,3.745858128302166,36.09850031057919,False,hard_safety_emergency,hard_safety_slew_conflict,False,False,True,True,0.0,0.0
corner_hot_resistive_optimistic,oracle_mpc_recovery,2345.0,0.4218333755087698,0.4243737745534184,0.0,3.7393986142276394,36.06020113370227,False,hard_safety_emergency,hard_safety_slew_conflict,False,False,True,True,0.0,0.0
corner_hot_resistive_optimistic,oracle_mpc_recovery,2350.0,0.4218333755087698,0.4243185763039604,0.0,3.7342782092000038,36.022142479392336,False,hard_safety_emergency,hard_safety_slew_conflict,False,False,True,True,0.0,0.0
corner_hot_resistive_optimistic,oracle_mpc_recovery,2355.0,0.4218333755087698,0.4250986488567113,0.0,3.7301692196804774,35.98432283714419,True,hard_safety_emergency,hard_safety_slew_conflict,False,False,True,True,0.6045480000011594,0.0
corner_hot_resistive_optimistic,oracle_mpc_recovery,2360.0,0.4218333755087698,0.424305450487039,0.0,3.7268261291471307,35.94674070593878,False,hard_safety_emergency,hard_safety_slew_conflict,False,False,True,True,0.0,0.0
corner_hot_resistive_optimistic,oracle_mpc_recovery,2365.0,0.4218333755087698,0.4255923539700028,0.0,3.7240649234499905,35.90939459418359,False,hard_safety_emergency,hard_safety_slew_conflict,False,False,True,True,0.0,0.0
corner_hot_resistive_optimistic,oracle_mpc_recovery,2370.0,0.4218333755087698,0.4261555487906667,0.0,3.721747619822346,35.872283019653445,False,hard_safety_emergency,hard_safety_slew_conflict,False,False,True,True,0.0,0.0
corner_hot_resistive_optimistic,oracle_mpc_recovery,2375.0,0.4218333755087698,0.42592168083545606,0.0,3.719770689754625,35.83540450943169,False,hard_safety_emergency,hard_safety_slew_conflict,False,False,True,True,0.0,0.0
corner_hot_resistive_optimistic,oracle_mpc_recovery,2380.0,0.42244448661988093,0.42700207299792997,1.98,3.7759331909048357,35.81604658879207,True,slope_safe_emergency,prediction_domain_infeasible_under_candidate_audit,False,False,True,False,0.6020038000006025,1.98
corner_hot_resistive_optimistic,oracle_mpc_recovery,2385.0,0.42266559773099205,0.42755932569070554,0.7163999999999997,3.743245649512314,35.78362500713861,True,slope_safe_emergency,prediction_domain_infeasible_under_candidate_audit,False,False,True,False,0.16525539999929606,1.2636000000000003
corner_hot_resistive_optimistic,oracle_mpc_recovery,2390.0,0.42288670884210317,0.4271078576062661,0.7163999999999997,3.7429139345110074,35.751370313474744,False,slope_safe_emergency,prediction_domain_infeasible_under_candidate_audit,False,False,True,False,0.0,0.0
corner_hot_resistive_optimistic,oracle_mpc_recovery,2395.0,0.4231078199532143,0.42665510893228636,0.7163999999999997,3.742583614487675,35.71928141527302,False,slope_safe_emergency,prediction_domain_infeasible_under_candidate_audit,False,False,True,False,0.0,0.0
corner_hot_resistive_optimistic,oracle_mpc_recovery,2400.0,0.4233289310643254,0.42642394374342946,0.7163999999999997,3.74225852925605,35.68735750934169,False,slope_safe_emergency,prediction_domain_infeasible_under_candidate_audit,False,False,True,False,0.0,0.0
corner_hot_resistive_optimistic,oracle_mpc_recovery,2405.0,0.4235500421754365,0.42754209423276485,0.7163999999999997,3.741941415082435,35.65559803224414,False,slope_safe_emergency,prediction_domain_infeasible_under_candidate_audit,False,False,True,False,0.0,0.0
corner_hot_resistive_optimistic,oracle_mpc_recovery,2410.0,0.4243884372371649,0.42876560259548085,2.7163999999999997,3.80009512657969,35.64972724927355,True,slope_safe_emergency,prediction_domain_infeasible_under_candidate_audit,False,False,True,False,0.6478831999993417,2.0
corner_hot_resistive_optimistic,oracle_mpc_recovery,2415.0,0.4258441162495106,0.4294462211073742,4.7164,3.8640756722702885,35.69397365513936,True,slope_safe_emergency,prediction_domain_infeasible_under_candidate_audit,False,False,True,False,0.39936069999930623,2.0000000000000004
corner_hot_resistive_optimistic,oracle_mpc_recovery,2420.0,0.4272257211877822,0.4293371297245772,4.4764,3.8673315076411985,35.73556111987176,True,slope_safe_emergency,prediction_domain_infeasible_under_candidate_audit,False,False,True,False,0.037195799999608425,0.2400000000000002
corner_hot_resistive_optimistic,oracle_mpc_recovery,2425.0,0.4286073261260538,0.42986901521145054,4.4764,3.875026936131733,35.780188744727056,False,slope_safe_emergency,prediction_domain_infeasible_under_candidate_audit,False,False,True,False,0.0,0.0
corner_hot_resistive_optimistic,oracle_mpc_recovery,2430.0,0.4299889310643254,0.4320912600862707,4.4764,3.8814330952132834,35.82716952103102,False,slope_safe_emergency,prediction_domain_infeasible_under_candidate_audit,False,False,True,False,0.0,0.0
corner_hot_resistive_optimistic,oracle_mpc_recovery,2435.0,0.431370536002597,0.43341793051007965,4.4764,3.8868626875890087,35.87598353065772,False,slope_safe_emergency,prediction_domain_infeasible_under_candidate_audit,False,False,True,False,0.0,0.0
corner_hot_resistive_optimistic,oracle_mpc_recovery,2440.0,0.4327521409408686,0.435532019147573,4.4764,3.8915501043838363,35.9262361152765,False,slope_safe_emergency,prediction_domain_infeasible_under_candidate_audit,False,False,True,False,0.0,0.0
corner_hot_resistive_optimistic,oracle_mpc_recovery,2445.0,0.4327521409408686,0.4359185204930888,0.0,3.764827314426999,35.88901906922113,True,hard_safety_emergency,hard_safety_slew_conflict,False,False,True,True,0.3396100000009028,4.4764
corner_hot_resistive_optimistic,oracle_mpc_recovery,2450.0,0.4327521409408686,0.4355434960644588,0.0,3.7554997785331294,35.852035454975436,True,hard_safety_emergency,hard_safety_slew_conflict,False,False,True,True,0.3057405999988987,0.0
corner_hot_resistive_optimistic,oracle_mpc_recovery,2455.0,0.4327521409408686,0.43578204129256903,0.0,3.74824556343266,35.815284101435076,False,hard_safety_emergency,hard_safety_slew_conflict,False,False,True,True,0.0,0.0
corner_hot_resistive_optimistic,oracle_mpc_recovery,2460.0,0.4327521409408686,0.43498410070955373,0.0,3.7425517661557275,35.77876354998014,False,hard_safety_emergency,hard_safety_slew_conflict,False,False,True,True,0.0,0.0
corner_hot_resistive_optimistic,oracle_mpc_recovery,2465.0,0.4327521409408686,0.435345812262647,0.0,3.7380342926706147,35.74247235115104,False,hard_safety_emergency,hard_safety_slew_conflict,False,False,True,True,0.0,0.0
corner_hot_resistive_optimistic,oracle_mpc_recovery,2470.0,0.4327521409408686,0.4348502909975799,0.0,3.7344054451601307,35.706409064590886,False,hard_safety_emergency,hard_safety_slew_conflict,False,False,True,True,0.0,0.0
corner_hot_resistive_optimistic,oracle_mpc_recovery,2475.0,0.4327521409408686,0.43438540678839793,0.0,3.7314496675420137,35.670572258988415,True,hard_safety_emergency,hard_safety_slew_conflict,False,False,True,True,0.4197372999988147,0.0
corner_hot_resistive_optimistic,oracle_mpc_recovery,2480.0,0.4327521409408686,0.43447723240368025,0.0,3.729005395744497,35.63496051202112,False,hard_safety_emergency,hard_safety_slew_conflict,False,False,True,True,0.0,0.0
corner_hot_resistive_optimistic,oracle_mpc_recovery,2485.0,0.4327521409408686,0.43535931987739235,0.0,3.726951476128363,35.59957241029879,False,hard_safety_emergency,hard_safety_slew_conflict,False,False,True,True,0.0,0.0
corner_hot_resistive_optimistic,oracle_mpc_recovery,2490.0,0.4327521409408686,0.4349314726555469,0.0,3.725197002223916,35.564406549307506,False,hard_safety_emergency,hard_safety_slew_conflict,False,False,True,True,0.0,0.0
corner_hot_resistive_optimistic,oracle_mpc_recovery,2495.0,0.4327521409408686,0.4349898708004064,0.0,3.7236737093733105,35.529461533353775,False,hard_safety_emergency,hard_safety_slew_conflict,False,False,True,True,0.0,0.0
corner_hot_resistive_optimistic,oracle_mpc_recovery,2500.0,0.4333694248914859,0.4348216356190163,2.0,3.7807897139683693,35.51131533199261,True,slope_safe_emergency,prediction_domain_infeasible_under_candidate_audit,False,False,True,False,1.0023621000000276,2.0
corner_hot_resistive_optimistic,oracle_mpc_recovery,2505.0,0.43460399279272044,0.4353774485007872,4.0,3.8438614678034657,35.53350948660576,True,slope_safe_emergency,prediction_domain_infeasible_under_candidate_audit,False,False,True,False,0.43505089999962365,2.0
corner_hot_resistive_optimistic,oracle_mpc_recovery,2510.0,0.43532004217543646,0.43637328444368584,2.32,3.804218569241016,35.52333364738256,True,slope_safe_emergency,prediction_domain_infeasible_under_candidate_audit,False,False,True,False,0.11353389999931096,1.6800000000000002
corner_hot_resistive_optimistic,oracle_mpc_recovery,2515.0,0.4360360915581525,0.4371716892700836,2.32,3.8069975368670614,35.51379636244593,False,slope_safe_emergency,prediction_domain_infeasible_under_candidate_audit,False,False,True,False,0.0,0.0
corner_hot_resistive_optimistic,oracle_mpc_recovery,2520.0,0.4367521409408685,0.43861395637451883,2.32,3.8093230971521557,35.5047718021345,False,slope_safe_emergency,prediction_domain_infeasible_under_candidate_audit,False,False,True,False,0.0,0.0
corner_hot_resistive_optimistic,oracle_mpc_recovery,2525.0,0.4374681903235845,0.4391056392916145,2.32,3.8113062098043047,35.49616476346023,False,slope_safe_emergency,prediction_domain_infeasible_under_candidate_audit,False,False,True,False,0.0,0.0
corner_hot_resistive_optimistic,oracle_mpc_recovery,2530.0,0.43818423970630055,0.43942302726620347,2.32,3.8130300103442534,35.487903075427205,False,slope_safe_emergency,prediction_domain_infeasible_under_candidate_audit,False,False,True,False,0.0,0.0
corner_hot_resistive_optimistic,oracle_mpc_recovery,2535.0,0.43818423970630055,0.4403576613367928,0.0,3.746744316278356,35.453438597580586,True,hard_safety_emergency,hard_safety_slew_conflict,False,False,True,True,0.42400439999983064,2.32
corner_hot_resistive_optimistic,oracle_mpc_recovery,2540.0,0.43818423970630055,0.440923372983391,0.0,3.741376269223866,35.41919047118895,True,hard_safety_emergency,hard_safety_slew_conflict,False,False,True,True,0.07089219999943452,0.0
corner_hot_resistive_optimistic,oracle_mpc_recovery,2545.0,0.43818423970630055,0.4408548120823888,0.0,3.7371412923592615,35.385157426372054,False,hard_safety_emergency,hard_safety_slew_conflict,False,False,True,True,0.0,0.0
corner_hot_resistive_optimistic,oracle_mpc_recovery,2550.0,0.43818423970630055,0.4410894993429449,0.0,3.7337613092952657,35.351338112396625,False,hard_safety_emergency,hard_safety_slew_conflict,False,False,True,True,0.0,0.0
corner_hot_resistive_optimistic,oracle_mpc_recovery,2555.0,0.43818423970630055,0.4421309660729666,0.0,3.731028004945769,35.317731187012136,False,hard_safety_emergency,hard_safety_slew_conflict,False,False,True,True,0.0,0.0
corner_hot_resistive_optimistic,oracle_mpc_recovery,2560.0,0.43818423970630055,0.44249861414345903,0.0,3.7287852736266527,35.284335316397524,False,hard_safety_emergency,hard_safety_slew_conflict,False,False,True,True,0.0,0.0
corner_hot_resistive_optimistic,oracle_mpc_recovery,2565.0,0.4388015236569178,0.44160598344429924,2.0,3.7853751330187007,35.267797394728426,True,slope_safe_emergency,prediction_domain_infeasible_under_candidate_audit,False,False,True,False,0.42549979999967036,2.0
corner_hot_resistive_optimistic,oracle_mpc_recovery,2570.0,0.4400360915581524,0.4422102610186509,4.0,3.848065010129299,35.29147782795335,True,slope_safe_emergency,prediction_domain_infeasible_under_candidate_audit,False,False,True,False,0.07154570000056992,2.0
corner_hot_resistive_optimistic,oracle_mpc_recovery,2575.0,0.44111016563222644,0.4441907528355947,3.48,3.8420545469367555,35.305936750511194,True,slope_safe_emergency,prediction_domain_infeasible_under_candidate_audit,False,False,True,False,0.1965710999993462,0.52
corner_hot_resistive_optimistic,oracle_mpc_recovery,2580.0,0.4421842397063005,0.44517639053854025,3.48,3.8480123048037878,35.322296034179566,False,slope_safe_emergency,prediction_domain_infeasible_under_candidate_audit,False,False,True,False,0.0,0.0
corner_hot_resistive_optimistic,oracle_mpc_recovery,2585.0,0.44325831378037456,0.4455342702446307,3.48,3.8529522751711665,35.34013348133456,False,slope_safe_emergency,prediction_domain_infeasible_under_candidate_audit,False,False,True,False,0.0,0.0
corner_hot_resistive_optimistic,oracle_mpc_recovery,2590.0,0.4443323878544486,0.4454342007159561,3.48,3.857122255723367,35.35912981289049,False,slope_safe_emergency,prediction_domain_infeasible_under_candidate_audit,False,False,True,False,0.0,0.0
corner_hot_resistive_optimistic,oracle_mpc_recovery,2595.0,0.4454064619285227,0.44669017208482337,3.48,3.860707953441444,35.37904291032752,False,slope_safe_emergency,prediction_domain_infeasible_under_candidate_audit,False,False,True,False,0.0,0.0
corner_hot_resistive_optimistic,oracle_mpc_recovery,2600.0,0.447097819953214,0.4483911873138971,5.48,3.922307840108948,35.46077426495005,True,slope_safe_emergency,prediction_domain_infeasible_under_candidate_audit,False,False,True,False,0.6075676000000385,2.0000000000000004
corner_hot_resistive_optimistic,oracle_mpc_recovery,2605.0,0.4474630051383992,0.4504198979374809,1.1832000000000003,3.805328562539921,35.4385493815652,True,hard_safety_emergency,hard_safety_slew_conflict,False,False,True,True,0.406670700000177,4.2968
corner_hot_resistive_optimistic,oracle_mpc_recovery,2610.0,0.44759072612605355,0.45175470300182047,0.4138160000000002,3.777623996296735,35.40748681464119,True,slope_safe_emergency,prediction_domain_infeasible_under_candidate_audit,False,False,True,False,0.11835749999954714,0.7693840000000001
corner_hot_resistive_optimistic,oracle_mpc_recovery,2615.0,0.4477184471137079,0.45298224227563555,0.4138160000000002,3.7714661975022956,35.37632299422787,False,slope_safe_emergency,prediction_domain_infeasible_under_candidate_audit,False,False,True,False,0.0,0.0
corner_hot_resistive_optimistic,oracle_mpc_recovery,2620.0,0.44784616810136224,0.4520595479898897,0.4138160000000002,3.766694301475868,35.345125168990386,False,slope_safe_emergency,prediction_domain_infeasible_under_candidate_audit,False,False,True,False,0.0,0.0
corner_hot_resistive_optimistic,oracle_mpc_recovery,2625.0,0.4479738890890166,0.45269240587256177,0.4138160000000002,3.7629656974600527,35.31394363783833,False,slope_safe_emergency,prediction_domain_infeasible_under_candidate_audit,False,False,True,False,0.0,0.0
corner_hot_resistive_optimistic,oracle_mpc_recovery,2630.0,0.44810161007667093,0.4530051811405769,0.4138160000000002,3.7600238091010643,35.28281602967863,False,slope_safe_emergency,prediction_domain_infeasible_under_candidate_audit,False,False,True,False,0.0,0.0
corner_hot_resistive_optimistic,oracle_mpc_recovery,2635.0,0.44884661501494255,0.4533582623872581,2.413816,3.8161358398086573,35.27519895724365,True,slope_safe_emergency,prediction_domain_infeasible_under_candidate_audit,False,False,True,False,1.2428483000003325,2.0
corner_hot_resistive_optimistic,oracle_mpc_recovery,2640.0,0.45020890390383145,0.45410407925132984,4.413816000000001,3.878513289797159,35.314480716962954,True,slope_safe_emergency,prediction_domain_infeasible_under_candidate_audit,False,False,True,False,0.07049650000044494,2.0000000000000004
corner_hot_resistive_optimistic,oracle_mpc_recovery,2645.0,0.4521884767433376,0.456092789214574,6.413816000000001,3.9459726686331313,35.4269318024889,True,slope_safe_emergency,prediction_domain_infeasible_under_candidate_audit,False,False,True,False,0.03785040000002482,2.0
corner_hot_resistive_optimistic,oracle_mpc_recovery,2650.0,0.454390271805066,0.45795346602449544,7.133816,3.9802057916702314,35.578307523873434,True,slope_safe_emergency,prediction_domain_infeasible_under_candidate_audit,False,False,True,False,0.2149879000007786,0.7199999999999998
corner_hot_resistive_optimistic,oracle_mpc_recovery,2655.0,0.45659206686679443,0.4597415826110457,7.133816,3.9931822857284573,35.73765890240577,False,slope_safe_emergency,prediction_domain_infeasible_under_candidate_audit,False,False,True,False,0.0,0.0
corner_hot_resistive_optimistic,oracle_mpc_recovery,2660.0,0.45879386192852284,0.4622132991683463,7.133816,4.004027927858622,35.903175637199254,False,slope_safe_emergency,prediction_domain_infeasible_under_candidate_audit,False,False,True,False,0.0,0.0
corner_hot_resistive_optimistic,oracle_mpc_recovery,2665.0,0.46099565699025125,0.46355811846353295,7.133816,4.01325772501151,36.07348602577274,False,slope_safe_emergency,prediction_domain_infeasible_under_candidate_audit,False,False,True,False,0.0,0.0
corner_hot_resistive_optimistic,oracle_mpc_recovery,2670.0,0.46319745205197965,0.46532952200696354,7.133816,4.021257830338383,36.2475471201167,False,slope_safe_emergency,prediction_domain_infeasible_under_candidate_audit,False,False,True,False,0.0,0.0
corner_hot_resistive_optimistic,oracle_mpc_recovery,2675.0,0.46319745205197965,0.4674864081584533,0.0,3.8197868983024295,36.20831263268518,True,hard_safety_emergency,hard_safety_slew_conflict,False,False,True,True,0.6017220000012458,7.133816
corner_hot_resistive_optimistic,oracle_mpc_recovery,2680.0,0.46319745205197965,0.46632910079722606,0.0,3.8053698476052746,36.16932382371292,True,hard_safety_emergency,hard_safety_slew_conflict,False,False,True,True,0.4263699999992241,0.0
corner_hot_resistive_optimistic,oracle_mpc_recovery,2685.0,0.46319745205197965,0.46522718633194277,0.0,3.794229306606259,36.130579868264476,False,hard_safety_emergency,hard_safety_slew_conflict,False,False,True,True,0.0,0.0
corner_hot_resistive_optimistic,oracle_mpc_recovery,2690.0,0.46319745205197965,0.46456881636859076,0.0,3.7855520644453367,36.09207922863584,False,hard_safety_emergency,hard_safety_slew_conflict,False,False,True,True,0.0,0.0
corner_hot_resistive_optimistic,oracle_mpc_recovery,2695.0,0.46319745205197965,0.4640969518948353,0.0,3.7787292260813823,36.05382037677992,False,hard_safety_emergency,hard_safety_slew_conflict,False,False,True,True,0.0,0.0
corner_hot_resistive_optimistic,oracle_mpc_recovery,2700.0,0.46319745205197965,0.46402543235195787,0.0,3.77330479656466,36.01580179424591,False,hard_safety_emergency,hard_safety_slew_conflict,False,False,True,True,0.0,0.0
corner_hot_resistive_optimistic,oracle_mpc_recovery,2705.0,0.46319745205197965,0.46450067839900894,0.0,3.7689372066814886,35.97802197211904,True,hard_safety_emergency,hard_safety_slew_conflict,False,False,True,True,1.0787206999993941,0.0
corner_hot_resistive_optimistic,oracle_mpc_recovery,2710.0,0.46319745205197965,0.4640029454755408,0.0,3.765370522531293,35.94047941096066,False,hard_safety_emergency,hard_safety_slew_conflict,False,False,True,True,0.0,0.0
corner_hot_resistive_optimistic,oracle_mpc_recovery,2715.0,0.46319745205197965,0.4642005075855625,0.0,3.7624129015209746,35.90317262074874,False,hard_safety_emergency,hard_safety_slew_conflict,False,False,True,True,0.0,0.0
corner_hot_resistive_optimistic,oracle_mpc_recovery,2720.0,0.46319745205197965,0.46522860322284837,0.0,3.7599204708042833,35.866100120818736,False,hard_safety_emergency,hard_safety_slew_conflict,False,False,True,True,0.0,0.0
corner_hot_resistive_optimistic,oracle_mpc_recovery,2725.0,0.46319745205197965,0.4654381555575492,0.0,3.7577852633027673,35.82926043980483,False,hard_safety_emergency,hard_safety_slew_conflict,False,False,True,True,0.0,0.0
corner_hot_resistive_optimistic,oracle_mpc_recovery,2730.0,0.46319745205197965,0.46561823822256154,0.0,3.7559261899921585,35.792652115581504,True,hard_safety_emergency,hard_safety_slew_conflict,False,False,True,True,0.32907689999956347,0.0
corner_hot_resistive_optimistic,oracle_mpc_recovery,2735.0,0.46319745205197965,0.4648648339745968,0.0,3.7542822842115853,35.75627369520555,False,hard_safety_emergency,hard_safety_slew_conflict,False,False,True,True,0.0,0.0
corner_hot_resistive_optimistic,oracle_mpc_recovery,2740.0,0.46319745205197965,0.4644275983424588,0.0,3.752807646118999,35.720123734858376,False,hard_safety_emergency,hard_safety_slew_conflict,False,False,True,True,0.0,0.0
corner_hot_resistive_optimistic,oracle_mpc_recovery,2745.0,0.46319745205197965,0.46481453480994955,0.0,3.7514676593620084,35.68420079978871,False,hard_safety_emergency,hard_safety_slew_conflict,False,False,True,True,0.0,0.0
corner_hot_resistive_optimistic,oracle_mpc_recovery,2750.0,0.46319745205197965,0.46532789702117305,0.0,3.7502361597468075,35.648503464255676,False,hard_safety_emergency,hard_safety_slew_conflict,False,False,True,True,0.0,0.0
corner_hot_resistive_optimistic,oracle_mpc_recovery,2755.0,0.46319745205197965,0.4664116053714139,0.0,3.7490933162889384,35.61303031147217,True,hard_safety_emergency,hard_safety_slew_conflict,False,False,True,True,0.6551626999989821,0.0
corner_hot_resistive_optimistic,oracle_mpc_recovery,2760.0,0.46319745205197965,0.46594836928482475,0.0,3.7480240453427798,35.577779933548655,False,hard_safety_emergency,hard_safety_slew_conflict,False,False,True,True,0.0,0.0
corner_hot_resistive_optimistic,oracle_mpc_recovery,2765.0,0.46319745205197965,0.4660826644398005,0.0,3.7470168236384254,35.542750931437276,False,hard_safety_emergency,hard_safety_slew_conflict,False,False,True,True,0.0,0.0
corner_hot_resistive_optimistic,oracle_mpc_recovery,2770.0,0.46319745205197965,0.4664496020221526,0.0,3.746062799826413,35.507941914876334,False,hard_safety_emergency,hard_safety_slew_conflict,False,False,True,True,0.0,0.0
corner_hot_resistive_optimistic,oracle_mpc_recovery,2775.0,0.46319745205197965,0.46604086909149334,0.0,3.745155129401855,35.47335150233512,False,hard_safety_emergency,hard_safety_slew_conflict,False,False,True,True,0.0,0.0
corner_hot_resistive_optimistic,oracle_mpc_recovery,2780.0,0.46381473600259693,0.4665693725546408,2.0,3.8027509232674452,35.45485011794638,True,slope_safe_emergency,prediction_domain_infeasible_under_candidate_audit,False,False,True,False,0.831938799999989,2.0
corner_hot_resistive_optimistic,oracle_mpc_recovery,2785.0,0.4650493039038315,0.46753682177987615,4.0,3.866201820266553,35.47615298515633,True,slope_safe_emergency,prediction_domain_infeasible_under_candidate_audit,False,False,True,False,0.49329129999932775,2.0
corner_hot_resistive_optimistic,oracle_mpc_recovery,2790.0,0.4650493039038315,0.46907640354637825,0.0,3.759039887357623,35.44176239817155,True,hard_safety_emergency,hard_safety_slew_conflict,False,False,True,True,0.16340370000034454,4.0
corner_hot_resistive_optimistic,oracle_mpc_recovery,2795.0,0.46566658785444875,0.46931122016356597,2.0,3.8137714719495883,35.42563311738646,True,slope_safe_emergency,prediction_domain_infeasible_under_candidate_audit,False,False,True,False,0.9183341999996628,2.0
corner_hot_resistive_optimistic,oracle_mpc_recovery,2800.0,0.46671597057049813,0.4702362953587443,3.4,3.8575329512619723,35.43608316674984,True,slope_safe_emergency,prediction_domain_infeasible_under_candidate_audit,False,False,True,False,0.3607921999991959,1.4
corner_hot_resistive_optimistic,oracle_mpc_recovery,2805.0,0.4677653532865475,0.47098164753699373,3.4,3.8639350663918806,35.44859475601396,False,slope_safe_emergency,prediction_domain_infeasible_under_candidate_audit,False,False,True,False,0.0,0.0
corner_hot_resistive_optimistic,oracle_mpc_recovery,2810.0,0.4688147360025969,0.47135005225502996,3.4,3.869201459333192,35.462707039310786,False,slope_safe_emergency,prediction_domain_infeasible_under_candidate_audit,False,False,True,False,0.0,0.0
corner_hot_resistive_optimistic,oracle_mpc_recovery,2815.0,0.46986411871864625,0.4732402381781668,3.4,3.873609882449922,35.47807200313444,False,slope_safe_emergency,prediction_domain_infeasible_under_candidate_audit,False,False,True,False,0.0,0.0
corner_hot_resistive_optimistic,oracle_mpc_recovery,2820.0,0.4709135014346956,0.47434571458328934,3.4,3.8773684533022914,35.49442611873798,False,slope_safe_emergency,prediction_domain_infeasible_under_candidate_audit,False,False,True,False,0.0,0.0
corner_hot_resistive_optimistic,oracle_mpc_recovery,2825.0,0.4709135014346956,0.47617114224049273,0.0,3.7812421720952187,35.45992075844151,True,hard_safety_emergency,hard_safety_slew_conflict,False,False,True,True,0.558718599999338,3.4
corner_hot_resistive_optimistic,oracle_mpc_recovery,2830.0,0.4709135014346956,0.47544943706543175,0.0,3.774234344109559,35.42563192344732,True,hard_safety_emergency,hard_safety_slew_conflict,False,False,True,True,0.5032854000000953,0.0
corner_hot_resistive_optimistic,oracle_mpc_recovery,2835.0,0.4709135014346956,0.4747190462202277,0.0,3.7687660449760814,35.39155842568186,False,hard_safety_emergency,hard_safety_slew_conflict,False,False,True,True,0.0,0.0
corner_hot_resistive_optimistic,oracle_mpc_recovery,2840.0,0.4709135014346956,0.47538208497272283,0.0,3.764457094686074,35.35769891280633,False,hard_safety_emergency,hard_safety_slew_conflict,False,False,True,True,0.0,0.0
corner_hot_resistive_optimistic,oracle_mpc_recovery,2845.0,0.4709135014346956,0.47495152816378633,0.0,3.7610227681656645,35.324052040974756,False,hard_safety_emergency,hard_safety_slew_conflict,False,False,True,True,0.0,0.0
corner_hot_resistive_optimistic,oracle_mpc_recovery,2850.0,0.4709135014346956,0.4756169971766743,0.0,3.758249776289403,35.290616474780634,False,hard_safety_emergency,hard_safety_slew_conflict,False,False,True,True,0.0,0.0
corner_hot_resistive_optimistic,oracle_mpc_recovery,2855.0,0.4709135014346956,0.47539736702433244,0.0,3.755978292420267,35.257390887203954,True,hard_safety_emergency,hard_safety_slew_conflict,False,False,True,True,0.8493887000004179,0.0
corner_hot_resistive_optimistic,oracle_mpc_recovery,2860.0,0.4709135014346956,0.4761018733614591,0.0,3.754088502774256,35.2243739595585,False,hard_safety_emergency,hard_safety_slew_conflict,False,False,True,True,0.0,0.0
corner_hot_resistive_optimistic,oracle_mpc_recovery,2865.0,0.4709135014346956,0.47524085590317156,0.0,3.7524905419327186,35.19156438143956,False,hard_safety_emergency,hard_safety_slew_conflict,False,False,True,True,0.0,0.0
corner_hot_resistive_optimistic,oracle_mpc_recovery,2870.0,0.4709135014346956,0.47541680421046184,0.0,3.7511169614398936,35.15896085067188,False,hard_safety_emergency,hard_safety_slew_conflict,False,False,True,True,0.0,0.0
corner_hot_resistive_optimistic,oracle_mpc_recovery,2875.0,0.4709135014346956,0.4760791454668588,0.0,3.749917093894223,35.12656207325799,False,hard_safety_emergency,hard_safety_slew_conflict,False,False,True,True,0.0,0.0
corner_hot_resistive_optimistic,oracle_mpc_recovery,2880.0,0.4715307853853129,0.47545597447683424,2.0,3.8073180410689904,35.10988209424113,True,slope_safe_emergency,prediction_domain_infeasible_under_candidate_audit,False,False,True,False,1.171759299999394,2.0
corner_hot_resistive_optimistic,oracle_mpc_recovery,2885.0,0.47276535328654745,0.4761434303034413,4.0,3.870647138401451,35.13257366611359,True,slope_safe_emergency,prediction_domain_infeasible_under_candidate_audit,False,False,True,False,0.876184299999295,2.0
corner_hot_resistive_optimistic,oracle_mpc_recovery,2890.0,0.4746172051383993,0.47779048132379626,6.0,3.9388082617104634,35.22104725523473,True,slope_safe_emergency,prediction_domain_infeasible_under_candidate_audit,False,False,True,False,0.12044269999933022,2.0
corner_hot_resistive_optimistic,oracle_mpc_recovery,2895.0,0.47708634094086844,0.48041551191762144,8.0,4.01097397922564,35.40368529574509,True,slope_safe_emergency,prediction_domain_infeasible_under_candidate_audit,False,False,True,False,0.04016290000072331,2.0
corner_hot_resistive_optimistic,oracle_mpc_recovery,2900.0,0.4799752298297573,0.4827226288247415,9.36,4.0678084897394235,35.67220868440835,True,slope_safe_emergency,prediction_domain_infeasible_under_candidate_audit,False,False,True,False,0.37747290000152134,1.3599999999999994
corner_hot_resistive_optimistic,oracle_mpc_recovery,2905.0,0.4828641187186462,0.48589495224779866,9.36,4.085922271161899,35.95547825645556,False,slope_safe_emergency,prediction_domain_infeasible_under_candidate_audit,False,False,True,False,0.0,0.0
corner_hot_resistive_optimistic,oracle_mpc_recovery,2910.0,0.4857530076075351,0.4884429336059635,9.36,4.101092318609491,36.250206263614544,False,slope_safe_emergency,prediction_domain_infeasible_under_candidate_audit,False,False,True,False,0.0,0.0
corner_hot_resistive_optimistic,oracle_mpc_recovery,2915.0,0.488641896496424,0.4914216568307614,9.36,4.1140296290579705,36.553899261546086,False,slope_safe_emergency,prediction_domain_infeasible_under_candidate_audit,False,False,True,False,0.0,0.0
corner_hot_resistive_optimistic,oracle_mpc_recovery,2920.0,0.49153078538531286,0.494213773270098,9.36,4.1252674282875095,36.86465922255153,False,slope_safe_emergency,prediction_domain_infeasible_under_candidate_audit,False,False,True,False,0.0,0.0
corner_hot_resistive_optimistic,oracle_mpc_recovery,2925.0,0.49153078538531286,0.4983870790914446,0.0,3.8615319710810825,36.821549683617945,True,hard_safety_emergency,hard_safety_slew_conflict,False,False,True,True,0.5214742999996815,9.36
corner_hot_resistive_optimistic,oracle_mpc_recovery,2930.0,0.49153078538531286,0.49858855130964885,0.0,3.8431653274196096,36.77870968614276,True,hard_safety_emergency,hard_safety_slew_conflict,False,False,True,True,0.3780912999991415,0.0
corner_hot_resistive_optimistic,oracle_mpc_recovery,2935.0,0.49153078538531286,0.4977423259544367,0.0,3.8290517100088906,36.736138728030895,False,hard_safety_emergency,hard_safety_slew_conflict,False,False,True,True,0.0,0.0
corner_hot_resistive_optimistic,oracle_mpc_recovery,2940.0,0.49153078538531286,0.4975291298226774,0.0,3.81813268655814,36.693835119688885,False,hard_safety_emergency,hard_safety_slew_conflict,False,False,True,True,0.0,0.0
corner_hot_resistive_optimistic,oracle_mpc_recovery,2945.0,0.49153078538531286,0.49807754237649116,0.0,3.809615846082805,36.65179718213411,False,hard_safety_emergency,hard_safety_slew_conflict,False,False,True,True,0.0,0.0
corner_hot_resistive_optimistic,oracle_mpc_recovery,2950.0,0.49153078538531286,0.49828397222436044,0.0,3.802907851998516,36.6100232469281,False,hard_safety_emergency,hard_safety_slew_conflict,False,False,True,True,0.0,0.0
corner_hot_resistive_optimistic,oracle_mpc_recovery,2955.0,0.49153078538531286,0.4975926029944169,0.0,3.797564345896262,36.56851165611035,True,hard_safety_emergency,hard_safety_slew_conflict,False,False,True,True,0.7443359999997483,0.0
corner_hot_resistive_optimistic,oracle_mpc_recovery,2960.0,0.49153078538531286,0.49739781131977573,0.0,3.7932524605534566,36.527260762132514,False,hard_safety_emergency,hard_safety_slew_conflict,False,False,True,True,0.0,0.0
corner_hot_resistive_optimistic,oracle_mpc_recovery,2965.0,0.49153078538531286,0.4968650245738229,0.0,3.7897227683427994,36.486268927793,False,hard_safety_emergency,hard_safety_slew_conflict,False,False,True,True,0.0,0.0
corner_hot_resistive_optimistic,oracle_mpc_recovery,2970.0,0.49153078538531286,0.49557301465081044,0.0,3.786788290082317,36.44553452617202,False,hard_safety_emergency,hard_safety_slew_conflict,False,False,True,True,0.0,0.0
corner_hot_resistive_optimistic,oracle_mpc_recovery,2975.0,0.49153078538531286,0.49542483573185897,0.0,3.7843087871662466,36.40505594056697,False,hard_safety_emergency,hard_safety_slew_conflict,False,False,True,True,0.0,0.0
corner_hot_resistive_optimistic,oracle_mpc_recovery,2980.0,0.49153078538531286,0.49598086366530786,0.0,3.7821790071423154,36.36483156442833,True,hard_safety_emergency,hard_safety_slew_conflict,False,False,True,True,1.1202773000004527,0.0
corner_hot_resistive_optimistic,oracle_mpc_recovery,2985.0,0.49153078538531286,0.4970581498758098,0.0,3.7803198876311437,36.32485980129584,False,hard_safety_emergency,hard_safety_slew_conflict,False,False,True,True,0.0,0.0
corner_hot_resistive_optimistic,oracle_mpc_recovery,2990.0,0.49153078538531286,0.4970722335422753,0.0,3.7786719739593284,36.28513906473519,False,hard_safety_emergency,hard_safety_slew_conflict,False,False,True,True,0.0,0.0
corner_hot_resistive_optimistic,oracle_mpc_recovery,2995.0,0.49153078538531286,0.4967046171213638,0.0,3.7771904933066374,36.24566777827501,False,hard_safety_emergency,hard_safety_slew_conflict,False,False,True,True,0.0,0.0
corner_hot_resistive_optimistic,oracle_mpc_recovery,3000.0,0.49153078538531286,0.4957683707479421,0.0,3.775841668419263,36.20644437534434,False,hard_safety_emergency,hard_safety_slew_conflict,False,False,True,True,0.0,0.0
corner_hot_resistive_optimistic,oracle_mpc_recovery,3005.0,0.49153078538531286,0.4953857076611944,0.0,3.774599958890083,36.167467299210436,True,hard_safety_emergency,hard_safety_slew_conflict,False,False,True,True,0.8235179000002972,0.0
corner_hot_resistive_optimistic,oracle_mpc_recovery,3010.0,0.49153078538531286,0.495204652631793,0.0,3.7734459965393454,36.128735002916976,False,hard_safety_emergency,hard_safety_slew_conflict,False,False,True,True,0.0,0.0
corner_hot_resistive_optimistic,oracle_mpc_recovery,3015.0,0.49153078538531286,0.49606766813160863,0.0,3.7723650401943862,36.090245949222684,False,hard_safety_emergency,hard_safety_slew_conflict,False,False,True,True,0.0,0.0
corner_hot_resistive_optimistic,oracle_mpc_recovery,3020.0,0.49153078538531286,0.4952434153027134,0.0,3.7713458191405063,36.051998610540316,False,hard_safety_emergency,hard_safety_slew_conflict,False,False,True,True,0.0,0.0
corner_hot_resistive_optimistic,oracle_mpc_recovery,3025.0,0.49153078538531286,0.4954681257766473,0.0,3.7703796674201224,36.013991468876014,False,hard_safety_emergency,hard_safety_slew_conflict,False,False,True,True,0.0,0.0
corner_hot_resistive_optimistic,oracle_mpc_recovery,3030.0,0.49153078538531286,0.494197880364229,0.0,3.769459875779887,35.97622301576907,True,hard_safety_emergency,hard_safety_slew_conflict,False,False,True,True,0.5198101000005408,0.0
corner_hot_resistive_optimistic,oracle_mpc_recovery,3035.0,0.49153078538531286,0.49461989902684034,0.0,3.768581206490307,35.93869175223206,False,hard_safety_emergency,hard_safety_slew_conflict,False,False,True,True,0.0,0.0
corner_hot_resistive_optimistic,oracle_mpc_recovery,3040.0,0.49153078538531286,0.4944804516553241,0.0,3.7677395300495773,35.90139618869134,False,hard_safety_emergency,hard_safety_slew_conflict,False,False,True,True,0.0,0.0
corner_hot_resistive_optimistic,oracle_mpc_recovery,3045.0,0.49153078538531286,0.4951026618775384,0.0,3.7669315531001795,35.86433484492797,False,hard_safety_emergency,hard_safety_slew_conflict,False,False,True,True,0.0,0.0
corner_hot_resistive_optimistic,oracle_mpc_recovery,3050.0,0.49153078538531286,0.4948809479721567,0.0,3.766154614606791,35.82750625001885,False,hard_safety_emergency,hard_safety_slew_conflict,False,False,True,True,0.0,0.0
corner_hot_resistive_optimistic,oracle_mpc_recovery,3055.0,0.49153078538531286,0.4937420597063191,0.0,3.7654065331208963,35.79090894227851,True,hard_safety_emergency,hard_safety_slew_conflict,False,False,True,True,0.4622748000001593,0.0
corner_hot_resistive_optimistic,oracle_mpc_recovery,3060.0,0.49153078538531286,0.4942907783819752,0.0,3.7646854922802304,35.75454146920095,False,hard_safety_emergency,hard_safety_slew_conflict,False,False,True,True,0.0,0.0
corner_hot_resistive_optimistic,oracle_mpc_recovery,3065.0,0.49153078538531286,0.49484303805195634,0.0,3.763989954925885,35.71840238740207,False,hard_safety_emergency,hard_safety_slew_conflict,False,False,True,True,0.0,0.0
corner_hot_resistive_optimistic,oracle_mpc_recovery,3070.0,0.49153078538531286,0.4950124404214999,0.0,3.7633185986404114,35.68249026256236,False,hard_safety_emergency,hard_safety_slew_conflict,False,False,True,True,0.0,0.0
corner_hot_resistive_optimistic,oracle_mpc_recovery,3075.0,0.49153078538531286,0.49394363368578353,0.0,3.762670267321485,35.64680366936998,False,hard_safety_emergency,hard_safety_slew_conflict,False,False,True,True,0.0,0.0
corner_hot_resistive_optimistic,oracle_mpc_recovery,3080.0,0.49153078538531286,0.49450941649776875,0.0,3.762043934761058,35.61134119146417,True,hard_safety_emergency,hard_safety_slew_conflict,False,False,True,True,0.49744079999982205,0.0
corner_hot_resistive_optimistic,oracle_mpc_recovery,3085.0,0.49153078538531286,0.4936409500275369,0.0,3.7614386772141284,35.57610142137908,False,hard_safety_emergency,hard_safety_slew_conflict,False,False,True,True,0.0,0.0
corner_hot_resistive_optimistic,oracle_mpc_recovery,3090.0,0.49153078538531286,0.49333423383035496,0.0,3.7608536527001646,35.54108296048787,False,hard_safety_emergency,hard_safety_slew_conflict,False,False,True,True,0.0,0.0
corner_hot_resistive_optimistic,oracle_mpc_recovery,3095.0,0.49153078538531286,0.4944740440721837,0.0,3.760288085348146,35.50628441894721,False,hard_safety_emergency,hard_safety_slew_conflict,False,False,True,True,0.0,0.0
corner_hot_resistive_optimistic,oracle_mpc_recovery,3100.0,0.49153078538531286,0.49513323581404356,0.0,3.759741253521137,35.47170441564212,False,hard_safety_emergency,hard_safety_slew_conflict,False,False,True,True,0.0,0.0
corner_hot_resistive_optimistic,oracle_mpc_recovery,3105.0,0.49214806933593014,0.4956899742853652,2.0,3.817689016295187,35.45138873388938,True,slope_safe_emergency,prediction_domain_infeasible_under_candidate_audit,False,False,True,False,0.3589308999999048,2.0
corner_hot_resistive_optimistic,oracle_mpc_recovery,3110.0,0.4933826372371647,0.49667663899477016,4.0,3.881487284720866,35.469194861121636,True,slope_safe_emergency,prediction_domain_infeasible_under_candidate_audit,False,False,True,False,0.07554040000104578,2.0
corner_hot_resistive_optimistic,oracle_mpc_recovery,3115.0,0.4952344890890165,0.49932518769317774,6.0,3.9500620150186854,35.55168950385387,True,slope_safe_emergency,prediction_domain_infeasible_under_candidate_audit,False,False,True,False,0.12174960000083956,2.0
corner_hot_resistive_optimistic,oracle_mpc_recovery,3120.0,0.4977036248914857,0.502357834507452,8.0,4.022603124084977,35.72737782554961,True,slope_safe_emergency,prediction_domain_infeasible_under_candidate_audit,False,False,True,False,0.037604499999360996,2.0
corner_hot_resistive_optimistic,oracle_mpc_recovery,3125.0,0.4989073285951894,0.5043103520295156,3.9,3.9201273435321125,35.75726691048342,True,hard_safety_emergency,hard_safety_slew_conflict,False,False,True,True,0.037757100000817445,4.1
corner_hot_resistive_optimistic,oracle_mpc_recovery,3130.0,0.4989073285951894,0.5047159125173786,0.0,3.808573485195662,35.72111093546238,True,hard_safety_emergency,hard_safety_slew_conflict,False,False,True,True,0.06992300000092655,3.9
corner_hot_resistive_optimistic,oracle_mpc_recovery,3135.0,0.49952461254580666,0.5050190372190455,2.0,3.8581200541750094,35.706857611926765,True,slope_safe_emergency,prediction_domain_infeasible_under_candidate_audit,False,False,True,False,0.16635990000031597,2.0
corner_hot_resistive_optimistic,oracle_mpc_recovery,3140.0,0.5007591804470413,0.5051739453773094,4.0,3.915563598785775,35.735372701383284,True,slope_safe_emergency,prediction_domain_infeasible_under_candidate_audit,False,False,True,False,0.36567330000070797,2.0
corner_hot_resistive_optimistic,oracle_mpc_recovery,3145.0,0.5007591804470413,0.5060829210536569,0.0,3.803868105211392,35.699354219048715,True,hard_safety_emergency,hard_safety_slew_conflict,False,False,True,True,0.3041367000005266,4.0
corner_hot_resistive_optimistic,oracle_mpc_recovery,3150.0,0.5013764643976586,0.505726115283316,2.0,3.8552181162952097,35.68415967832311,True,slope_safe_emergency,prediction_domain_infeasible_under_candidate_audit,False,False,True,False,0.30399519999991753,2.0
corner_hot_resistive_optimistic,oracle_mpc_recovery,3155.0,0.5026110322988931,0.5070597306803867,4.0,3.914003217719088,35.711288449088954,True,slope_safe_emergency,prediction_domain_infeasible_under_candidate_audit,False,False,True,False,0.07074930000089807,2.0
corner_hot_resistive_optimistic,oracle_mpc_recovery,3160.0,0.5043764643976586,0.5077206239864087,5.72,3.9705634321228946,35.79535096278033,True,slope_safe_emergency,prediction_domain_infeasible_under_candidate_audit,False,False,True,False,0.07177330000013171,1.7199999999999998
corner_hot_resistive_optimistic,oracle_mpc_recovery,3165.0,0.506141896496424,0.508431271521148,5.72,3.9808643385298597,35.8845165601527,False,slope_safe_emergency,prediction_domain_infeasible_under_candidate_audit,False,False,True,False,0.0,0.0
corner_hot_resistive_optimistic,oracle_mpc_recovery,3170.0,0.5079073285951895,0.5098204044913786,5.72,3.989492226616708,35.97764637279017,False,slope_safe_emergency,prediction_domain_infeasible_under_candidate_audit,False,False,True,False,0.0,0.0
corner_hot_resistive_optimistic,oracle_mpc_recovery,3175.0,0.509672760693955,0.5115728626438562,5.72,3.9968506924954097,36.07387725560652,False,slope_safe_emergency,prediction_domain_infeasible_under_candidate_audit,False,False,True,False,0.0,0.0
corner_hot_resistive_optimistic,oracle_mpc_recovery,3180.0,0.5114381927927204,0.5132790327454838,5.72,4.00324235763274,36.172552658752736,False,slope_safe_emergency,prediction_domain_infeasible_under_candidate_audit,False,False,True,False,0.0,0.0
corner_hot_resistive_optimistic,oracle_mpc_recovery,3185.0,0.5114381927927204,0.5150012649446865,0.0,3.8416386340787496,36.13378888880961,True,hard_safety_emergency,hard_safety_slew_conflict,False,False,True,True,0.340105000001131,5.72
corner_hot_resistive_optimistic,oracle_mpc_recovery,3190.0,0.5114381927927204,0.5150491360596954,0.0,3.830029588266491,36.0952680962189,True,hard_safety_emergency,hard_safety_slew_conflict,False,False,True,True,0.44638709999890125,0.0
corner_hot_resistive_optimistic,oracle_mpc_recovery,3195.0,0.5114381927927204,0.5142889302452147,0.0,3.821056851248269,36.056989217963476,False,hard_safety_emergency,hard_safety_slew_conflict,False,False,True,True,0.0,0.0
corner_hot_resistive_optimistic,oracle_mpc_recovery,3200.0,0.5114381927927204,0.5147879094384343,0.0,3.8140661800297773,36.0189507347977,False,hard_safety_emergency,hard_safety_slew_conflict,False,False,True,True,0.0,0.0
corner_hot_resistive_optimistic,oracle_mpc_recovery,3205.0,0.5114381927927204,0.515509846095001,0.0,3.8085677049841338,35.98115113701698,False,hard_safety_emergency,hard_safety_slew_conflict,False,False,True,True,0.0,0.0
corner_hot_resistive_optimistic,oracle_mpc_recovery,3210.0,0.5114381927927204,0.5153759390164101,0.0,3.8041945656541087,35.94358892439778,False,hard_safety_emergency,hard_safety_slew_conflict,False,False,True,True,0.0,0.0
corner_hot_resistive_optimistic,oracle_mpc_recovery,3215.0,0.5114381927927204,0.5151530642455608,0.0,3.800671957947335,35.906262606138135,True,hard_safety_emergency,hard_safety_slew_conflict,False,False,True,True,1.0392655999985436,0.0
corner_hot_resistive_optimistic,oracle_mpc_recovery,3220.0,0.5114381927927204,0.5153710224865005,0.0,3.7977939720993943,35.869170700798456,False,hard_safety_emergency,hard_safety_slew_conflict,False,False,True,True,0.0,0.0
corner_hot_resistive_optimistic,oracle_mpc_recovery,3225.0,0.5114381927927204,0.5158985232760039,0.0,3.7954062604128387,35.83231173624273,False,hard_safety_emergency,hard_safety_slew_conflict,False,False,True,True,0.0,0.0
corner_hot_resistive_optimistic,oracle_mpc_recovery,3230.0,0.5114381927927204,0.5151808219853349,0.0,3.7933930673781524,35.79568424958011,False,hard_safety_emergency,hard_safety_slew_conflict,False,False,True,True,0.0,0.0
corner_hot_resistive_optimistic,oracle_mpc_recovery,3235.0,0.5114381927927204,0.5149523219859923,0.0,3.791667524137827,35.75928678710685,False,hard_safety_emergency,hard_safety_slew_conflict,False,False,True,True,0.0,0.0
corner_hot_resistive_optimistic,oracle_mpc_recovery,3240.0,0.5114381927927204,0.5136382142381749,0.0,3.790164385640061,35.72311790424861,True,hard_safety_emergency,hard_safety_slew_conflict,False,False,True,True,0.6987272999995184,0.0
corner_hot_resistive_optimistic,oracle_mpc_recovery,3245.0,0.5114381927927204,0.5141448355713231,0.0,3.788834595645456,35.68717616550309,False,hard_safety_emergency,hard_safety_slew_conflict,False,False,True,True,0.0,0.0
corner_hot_resistive_optimistic,oracle_mpc_recovery,3250.0,0.5114381927927204,0.5151743416213715,0.0,3.787641219509343,35.651460144383115,False,hard_safety_emergency,hard_safety_slew_conflict,False,False,True,True,0.0,0.0
corner_hot_resistive_optimistic,oracle_mpc_recovery,3255.0,0.5114381927927204,0.5151677229194607,0.0,3.786556400467478,35.61596842335997,False,hard_safety_emergency,hard_safety_slew_conflict,False,False,True,True,0.0,0.0
corner_hot_resistive_optimistic,oracle_mpc_recovery,3260.0,0.5114381927927204,0.5159945212186122,0.0,3.785559081808804,35.58069959380718,False,hard_safety_emergency,hard_safety_slew_conflict,False,False,True,True,0.0,0.0
corner_hot_resistive_optimistic,oracle_mpc_recovery,3265.0,0.5120554767433377,0.5162613467487942,2.0,3.8431143034100903,35.561378491294,True,slope_safe_emergency,prediction_domain_infeasible_under_candidate_audit,False,False,True,False,0.5825327999991714,2.0
corner_hot_resistive_optimistic,oracle_mpc_recovery,3270.0,0.5132900446445723,0.5165400581103298,4.0,3.906565149060195,35.5817021583939,True,slope_safe_emergency,prediction_domain_infeasible_under_candidate_audit,False,False,True,False,0.11948620000111987,2.0
corner_hot_resistive_optimistic,oracle_mpc_recovery,3275.0,0.5151418964964242,0.5181037224933617,6.0,3.9748262843664284,35.668100362870575,True,slope_safe_emergency,prediction_domain_infeasible_under_candidate_audit,False,False,True,False,0.8463759999995091,2.0
corner_hot_resistive_optimistic,oracle_mpc_recovery,3280.0,0.5174505384717328,0.5203567526414993,7.48,4.031872120090637,35.82431115361141,True,slope_safe_emergency,prediction_domain_infeasible_under_candidate_audit,False,False,True,False,0.037435300000652205,1.4800000000000004
corner_hot_resistive_optimistic,oracle_mpc_recovery,3285.0,0.5197591804470415,0.5227631637322806,7.48,4.047492171717435,35.991009638827606,False,slope_safe_emergency,prediction_domain_infeasible_under_candidate_audit,False,False,True,False,0.0,0.0
corner_hot_resistive_optimistic,oracle_mpc_recovery,3290.0,0.5220678224223502,0.5250645591232515,7.48,4.060449761875113,36.16582344042489,False,slope_safe_emergency,prediction_domain_infeasible_under_candidate_audit,False,False,True,False,0.0,0.0
corner_hot_resistive_optimistic,oracle_mpc_recovery,3295.0,0.5243764643976588,0.5278795071411954,7.48,4.071390665486334,36.34695682469792,False,slope_safe_emergency,prediction_domain_infeasible_under_candidate_audit,False,False,True,False,0.0,0.0
corner_hot_resistive_optimistic,oracle_mpc_recovery,3300.0,0.5266851063729675,0.5294753989614415,7.48,4.080799021112046,36.53304616316176,False,slope_safe_emergency,prediction_domain_infeasible_under_candidate_audit,False,False,True,False,0.0,0.0
corner_hot_resistive_optimistic,oracle_mpc_recovery,3305.0,0.5266851063729675,0.532028721026532,0.0,3.8703117371058595,36.492018760394515,True,hard_safety_emergency,hard_safety_slew_conflict,False,False,True,True,0.8074382000013429,7.48
corner_hot_resistive_optimistic,oracle_mpc_recovery,3310.0,0.5266851063729675,0.5321609576881806,0.0,3.8558164815965434,36.451248249263884,True,hard_safety_emergency,hard_safety_slew_conflict,False,False,True,True,0.8697181000006822,0.0
corner_hot_resistive_optimistic,oracle_mpc_recovery,3315.0,0.5266851063729675,0.532693150349511,0.0,3.8446509739053085,36.410733780920424,False,hard_safety_emergency,hard_safety_slew_conflict,False,False,True,True,0.0,0.0
corner_hot_resistive_optimistic,oracle_mpc_recovery,3320.0,0.5266851063729675,0.5326306055854015,0.0,3.8359875063111057,36.37047374739047,False,hard_safety_emergency,hard_safety_slew_conflict,False,False,True,True,0.0,0.0
corner_hot_resistive_optimistic,oracle_mpc_recovery,3325.0,0.5266851063729675,0.5334331400832648,0.0,3.829206371719216,36.330466550798576,False,hard_safety_emergency,hard_safety_slew_conflict,False,False,True,True,0.0,0.0
corner_hot_resistive_optimistic,oracle_mpc_recovery,3330.0,0.5266851063729675,0.5318148922826703,0.0,3.8238435192658997,36.29071060330409,False,hard_safety_emergency,hard_safety_slew_conflict,False,False,True,True,0.0,0.0
corner_hot_resistive_optimistic,oracle_mpc_recovery,3335.0,0.5266851063729675,0.5323121115334041,0.0,3.81955138508705,36.25120432703818,True,hard_safety_emergency,hard_safety_slew_conflict,False,False,True,True,0.6115880999986985,0.0
corner_hot_resistive_optimistic,oracle_mpc_recovery,3340.0,0.5266851063729675,0.532921665640164,0.0,3.8160695819624,36.21194615404118,False,hard_safety_emergency,hard_safety_slew_conflict,False,False,True,True,0.0,0.0
corner_hot_resistive_optimistic,oracle_mpc_recovery,3345.0,0.5266851063729675,0.532573934186099,0.0,3.813202966284345,36.17293452620034,False,hard_safety_emergency,hard_safety_slew_conflict,False,False,True,True,0.0,0.0
corner_hot_resistive_optimistic,oracle_mpc_recovery,3350.0,0.5266851063729675,0.5335189500187235,0.0,3.810805225427409,36.13416789518804,False,hard_safety_emergency,hard_safety_slew_conflict,False,False,True,True,0.0,0.0
corner_hot_resistive_optimistic,oracle_mpc_recovery,3355.0,0.5266851063729675,0.5335618527340021,0.0,3.808766595997541,36.095644722400294,False,hard_safety_emergency,hard_safety_slew_conflict,False,False,True,True,0.0,0.0
corner_hot_resistive_optimistic,oracle_mpc_recovery,3360.0,0.5266851063729675,0.5325187179486169,0.0,3.807004673194209,36.05736347889571,True,hard_safety_emergency,hard_safety_slew_conflict,False,False,True,True,1.3654184000006353,0.0
corner_hot_resistive_optimistic,oracle_mpc_recovery,3365.0,0.5266851063729675,0.5317862227453317,0.0,3.8054575332360843,36.019322645334775,False,hard_safety_emergency,hard_safety_slew_conflict,False,False,True,True,0.0,0.0
corner_hot_resistive_optimistic,oracle_mpc_recovery,3370.0,0.5266851063729675,0.5320744963828975,0.0,3.8040785866423685,35.9815207119196,False,hard_safety_emergency,hard_safety_slew_conflict,False,False,True,True,0.0,0.0
corner_hot_resistive_optimistic,oracle_mpc_recovery,3375.0,0.5266851063729675,0.5320038496865577,0.0,3.802832726708145,35.943956178333956,False,hard_safety_emergency,hard_safety_slew_conflict,False,False,True,True,0.0,0.0
corner_hot_resistive_optimistic,oracle_mpc_recovery,3380.0,0.5266851063729675,0.5333696048282139,0.0,3.8016934471715675,35.90662755368377,False,hard_safety_emergency,hard_safety_slew_conflict,False,False,True,True,0.0,0.0
corner_hot_resistive_optimistic,oracle_mpc_recovery,3385.0,0.5273023903235848,0.5332613249297216,2.0,3.859123414404866,35.88583395188618,True,slope_safe_emergency,prediction_domain_infeasible_under_candidate_audit,False,False,True,False,0.42632530000082625,2.0
corner_hot_resistive_optimistic,oracle_mpc_recovery,3390.0,0.5285369582248194,0.5332088436238015,4.0,3.922463143931009,35.905220483768886,True,slope_safe_emergency,prediction_domain_infeasible_under_candidate_audit,False,False,True,False,0.2164824999999837,2.0
corner_hot_resistive_optimistic,oracle_mpc_recovery,3395.0,0.5294999211877823,0.5339458177749491,3.12,3.9064096836736852,35.90767746440157,True,slope_safe_emergency,prediction_domain_infeasible_under_candidate_audit,False,False,True,False,0.5515320000013162,0.8799999999999999
corner_hot_resistive_optimistic,oracle_mpc_recovery,3400.0,0.5304628841507453,0.5330313998475011,3.12,3.9116813564389314,35.911686251553704,False,slope_safe_emergency,prediction_domain_infeasible_under_candidate_audit,False,False,True,False,0.0,0.0
corner_hot_resistive_optimistic,oracle_mpc_recovery,3405.0,0.5314258471137082,0.5333264500582917,3.12,3.916040173366732,35.91690686997123,False,slope_safe_emergency,prediction_domain_infeasible_under_candidate_audit,False,False,True,False,0.0,0.0
corner_hot_resistive_optimistic,oracle_mpc_recovery,3410.0,0.5323888100766712,0.5335331142562243,3.12,3.919709419258728,35.92308245539225,False,slope_safe_emergency,prediction_domain_infeasible_under_candidate_audit,False,False,True,False,0.0,0.0
corner_hot_resistive_optimistic,oracle_mpc_recovery,3415.0,0.5333517730396341,0.5349723400620485,3.12,3.922856399839684,35.93001846646575,False,slope_safe_emergency,prediction_domain_infeasible_under_candidate_audit,False,False,True,False,0.0,0.0
corner_hot_resistive_optimistic,oracle_mpc_recovery,3420.0,0.5333517730396341,0.5367289086938246,0.0,3.834370071694765,35.89277752132324,True,hard_safety_emergency,hard_safety_slew_conflict,False,False,True,True,0.43241500000112865,3.12
corner_hot_resistive_optimistic,oracle_mpc_recovery,3425.0,0.5333517730396341,0.5368598529567892,0.0,3.8277061487554778,35.85577030363171,True,hard_safety_emergency,hard_safety_slew_conflict,False,False,True,True,0.07218640000064624,0.0
corner_hot_resistive_optimistic,oracle_mpc_recovery,3430.0,0.5333517730396341,0.5365344242019606,0.0,3.8224880991127757,35.81899549487743,False,hard_safety_emergency,hard_safety_slew_conflict,False,False,True,True,0.0,0.0
corner_hot_resistive_optimistic,oracle_mpc_recovery,3435.0,0.5333517730396341,0.5364939275996147,0.0,3.8183595483814052,35.782451635509624,False,hard_safety_emergency,hard_safety_slew_conflict,False,False,True,True,0.0,0.0
corner_hot_resistive_optimistic,oracle_mpc_recovery,3440.0,0.5333517730396341,0.5361981080097202,0.0,3.8150535774621512,35.74613727514361,False,hard_safety_emergency,hard_safety_slew_conflict,False,False,True,True,0.0,0.0
corner_hot_resistive_optimistic,oracle_mpc_recovery,3445.0,0.5333517730396341,0.5362365947567465,0.0,3.812370213965236,35.71005097250326,False,hard_safety_emergency,hard_safety_slew_conflict,False,False,True,True,0.0,0.0
corner_hot_resistive_optimistic,oracle_mpc_recovery,3450.0,0.5339690569902514,0.5363422920483908,2.0,3.868644428877838,35.69135042528662,True,slope_safe_emergency,prediction_domain_infeasible_under_candidate_audit,False,False,True,False,0.8334802999997919,2.0
corner_hot_resistive_optimistic,oracle_mpc_recovery,3455.0,0.5350307853853131,0.536832781300283,3.44,3.914743916339398,35.69995970705767,True,slope_safe_emergency,prediction_domain_infeasible_under_candidate_audit,False,False,True,False,0.11908309999853373,1.44
corner_hot_resistive_optimistic,oracle_mpc_recovery,3460.0,0.5360925137803748,0.5383602411382852,3.44,3.922139901761765,35.71104617375674,False,slope_safe_emergency,prediction_domain_infeasible_under_candidate_audit,False,False,True,False,0.0,0.0
corner_hot_resistive_optimistic,oracle_mpc_recovery,3465.0,0.5371542421754365,0.5388936751367188,3.44,3.9281609648242046,35.72404525349051,False,slope_safe_emergency,prediction_domain_infeasible_under_candidate_audit,False,False,True,False,0.0,0.0
corner_hot_resistive_optimistic,oracle_mpc_recovery,3470.0,0.5382159705704982,0.5394464191559993,3.44,3.933145149579001,35.738531290783285,False,slope_safe_emergency,prediction_domain_infeasible_under_candidate_audit,False,False,True,False,0.0,0.0
corner_hot_resistive_optimistic,oracle_mpc_recovery,3475.0,0.5392776989655599,0.5403927770136512,3.44,3.937345690685519,35.75418263374422,False,slope_safe_emergency,prediction_domain_infeasible_under_candidate_audit,False,False,True,False,0.0,0.0
corner_hot_resistive_optimistic,oracle_mpc_recovery,3480.0,0.5392776989655599,0.542252850744188,0.0,3.8403538213039603,35.71804598034993,True,hard_safety_emergency,hard_safety_slew_conflict,False,False,True,True,1.0240362999993522,3.44
corner_hot_resistive_optimistic,oracle_mpc_recovery,3485.0,0.5392776989655599,0.54192539407836,0.0,3.833458367751836,35.682136093781274,True,hard_safety_emergency,hard_safety_slew_conflict,False,False,True,True,0.5575308999996196,0.0
corner_hot_resistive_optimistic,oracle_mpc_recovery,3490.0,0.5392776989655599,0.543211276401299,0.0,3.828067929448723,35.646451724803384,False,hard_safety_emergency,hard_safety_slew_conflict,False,False,True,True,0.0,0.0
corner_hot_resistive_optimistic,oracle_mpc_recovery,3495.0,0.5392776989655599,0.5426066361698318,0.0,3.8238112172560843,35.61099145714379,False,hard_safety_emergency,hard_safety_slew_conflict,False,False,True,True,0.0,0.0
corner_hot_resistive_optimistic,oracle_mpc_recovery,3500.0,0.5392776989655599,0.5415676549314316,0.0,3.8204101524133036,35.57575388342435,False,hard_safety_emergency,hard_safety_slew_conflict,False,False,True,True,0.0,0.0
corner_hot_resistive_optimistic,oracle_mpc_recovery,3505.0,0.5392776989655599,0.5413171034790467,0.0,3.81765641274253,35.54073760510539,False,hard_safety_emergency,hard_safety_slew_conflict,False,False,True,True,0.0,0.0
corner_hot_resistive_optimistic,oracle_mpc_recovery,3510.0,0.5398949829161772,0.5408688589541895,2.0,3.8738812902953135,35.52311856127642,True,slope_safe_emergency,prediction_domain_infeasible_under_candidate_audit,False,False,True,False,0.7492571999991924,2.0
corner_hot_resistive_optimistic,oracle_mpc_recovery,3515.0,0.5411295508174118,0.5415347359239174,4.0,3.9363239238585486,35.54611460865658,True,slope_safe_emergency,prediction_domain_infeasible_under_candidate_audit,False,False,True,False,0.11699729999963893,2.0
corner_hot_resistive_optimistic,oracle_mpc_recovery,3520.0,0.5429814026692636,0.5421384001225772,6.0,4.003822371035382,35.63584405562526,True,slope_safe_emergency,prediction_domain_infeasible_under_candidate_audit,False,False,True,False,0.4687615000002552,2.0
corner_hot_resistive_optimistic,oracle_mpc_recovery,3525.0,0.5454505384717327,0.5442611917469992,8.0,4.075500230835884,35.820492917555086,True,slope_safe_emergency,prediction_domain_infeasible_under_candidate_audit,False,False,True,False,0.26828050000040093,2.0
corner_hot_resistive_optimistic,oracle_mpc_recovery,3530.0,0.545672760693955,0.5472745286775745,0.7200000000000006,3.8792946118330076,35.79066668563401,True,hard_safety_emergency,hard_safety_slew_conflict,False,False,True,True,0.2138533000015741,7.279999999999999
corner_hot_resistive_optimistic,oracle_mpc_recovery,3535.0,0.5465122668667944,0.5468827191813782,2.7200000000000006,3.9303641636389797,35.79212258166099,True,slope_safe_emergency,prediction_domain_infeasible_under_candidate_audit,False,False,True,False,0.837087199999587,2.0
corner_hot_resistive_optimistic,oracle_mpc_recovery,3540.0,0.5465122668667944,0.5474783839196731,0.0,3.8510044051644985,35.755747614773114,True,hard_safety_emergency,hard_safety_slew_conflict,False,False,True,True,0.07108250000055705,2.7200000000000006
corner_hot_resistive_optimistic,oracle_mpc_recovery,3545.0,0.5471295508174118,0.547768578553692,2.0,3.901981219429082,35.74163588530373,True,slope_safe_emergency,prediction_domain_infeasible_under_candidate_audit,False,False,True,False,0.07174279999890132,2.0
corner_hot_resistive_optimistic,oracle_mpc_recovery,3550.0,0.5483641187186463,0.5466708234313246,4.0,3.9604515996576914,35.77113480474658,True,slope_safe_emergency,prediction_domain_infeasible_under_candidate_audit,False,False,True,False,0.07201789999999164,2.0
corner_hot_resistive_optimistic,oracle_mpc_recovery,3555.0,0.550030785385313,0.5489631279312003,5.4,4.007387615824382,35.846929834194704,True,slope_safe_emergency,prediction_domain_infeasible_under_candidate_audit,False,False,True,False,0.11855470000045898,1.4000000000000004
corner_hot_resistive_optimistic,oracle_mpc_recovery,3560.0,0.5516974520519797,0.5517543154072028,5.4,4.0165208817163345,35.92689496249874,False,slope_safe_emergency,prediction_domain_infeasible_under_candidate_audit,False,False,True,False,0.0,0.0
corner_hot_resistive_optimistic,oracle_mpc_recovery,3565.0,0.5533641187186464,0.5533368173147893,5.4,4.024180732008034,36.01008112369655,False,slope_safe_emergency,prediction_domain_infeasible_under_candidate_audit,False,False,True,False,0.0,0.0
corner_hot_resistive_optimistic,oracle_mpc_recovery,3570.0,0.5550307853853131,0.5560485319907265,5.4,4.030724253640514,36.095769550227686,False,slope_safe_emergency,prediction_domain_infeasible_under_candidate_audit,False,False,True,False,0.0,0.0
corner_hot_resistive_optimistic,oracle_mpc_recovery,3575.0,0.5566974520519798,0.5579278074966233,5.4,4.036419168114539,36.18341401938595,False,slope_safe_emergency,prediction_domain_infeasible_under_candidate_audit,False,False,True,False,0.0,0.0
corner_hot_resistive_optimistic,oracle_mpc_recovery,3580.0,0.5566974520519798,0.5595592171959802,0.0,3.883518577380332,36.144582002182574,True,hard_safety_emergency,hard_safety_slew_conflict,False,False,True,True,1.2444903000014165,5.4
corner_hot_resistive_optimistic,oracle_mpc_recovery,3585.0,0.5566974520519798,0.5601680738974509,0.0,3.872258014742408,36.10599342778698,True,hard_safety_emergency,hard_safety_slew_conflict,False,False,True,True,0.43775079999977606,0.0
corner_hot_resistive_optimistic,oracle_mpc_recovery,3590.0,0.5566974520519798,0.5609591650102616,0.0,3.8635152872418344,36.06764719340301,False,hard_safety_emergency,hard_safety_slew_conflict,False,False,True,True,0.0,0.0
corner_hot_resistive_optimistic,oracle_mpc_recovery,3595.0,0.5566974520519798,0.5614403893857156,0.0,3.8566669777271705,36.02954177711177,False,hard_safety_emergency,hard_safety_slew_conflict,False,False,True,True,0.0,0.0
corner_hot_resistive_optimistic,oracle_mpc_recovery,3600.0,0.5566974520519798,0.5617543720132758,0.0,3.851246250449098,35.991675666552126,False,hard_safety_emergency,hard_safety_slew_conflict,False,False,True,True,0.0,0.0
