scenario_id,controller,time_s,true_soc,estimated_soc,charge_current_a,terminal_voltage_v,true_average_temperature_c,control_decision_updated,decision_source,failure_type,optimizer_success,selected_sequence_feasible,used_emergency_fallback,hard_safety_slew_conflict,solve_time_s,current_change_a
lhs_002,nominal_mpc_recovery,0.0,0.20386549241193286,0.20386549241193286,0.0,3.490038059063302,28.712054372962264,False,initial,none,True,True,False,False,0.0,
lhs_002,nominal_mpc_recovery,5.0,0.204391119951811,0.20732483501609153,2.0000000000000004,3.5304523603751674,28.716941042180874,True,slsqp,none,True,True,False,False,1.7584968999999546,2.0000000000000004
lhs_002,nominal_mpc_recovery,10.0,0.20544237503156726,0.2083318757254042,3.9999999999999987,3.575539225057802,28.737695744971003,True,slsqp,none,True,True,False,False,0.8295959000006405,1.9999999999999982
lhs_002,nominal_mpc_recovery,15.0,0.20701925765120166,0.20957244607570644,6.0,3.6243249291238997,28.786631329756318,True,slsqp,none,True,True,False,False,0.6574882000004436,2.0000000000000013
lhs_002,nominal_mpc_recovery,20.0,0.2089820277426454,0.21097189541509972,7.468292441065118,3.6653663046168425,28.866063582321118,True,slsqp,none,True,True,False,False,0.9403762000001734,1.4682924410651177
lhs_002,nominal_mpc_recovery,25.0,0.21094479783408915,0.2134748363405728,7.468292441065118,3.678011815848162,28.950814398203793,False,slsqp,none,True,True,False,False,0.0,0.0
lhs_002,nominal_mpc_recovery,30.0,0.2129075679255329,0.21531028872084715,7.468292441065118,3.6883992469414237,29.039534674854774,False,slsqp,none,True,True,False,False,0.0,0.0
lhs_002,nominal_mpc_recovery,35.0,0.21487033801697664,0.21845249616339438,7.468292441065118,3.6971580054566826,29.13125904886779,False,slsqp,none,True,True,False,False,0.0,0.0
lhs_002,nominal_mpc_recovery,40.0,0.21683310810842038,0.22010689136814823,7.468292441065118,3.704731360199961,29.22529212901135,False,slsqp,none,True,True,False,False,0.0,0.0
lhs_002,nominal_mpc_recovery,45.0,0.21859971740015793,0.22220357283089365,6.721905371043341,3.696377172050712,29.30507200019023,True,slsqp,none,True,True,False,False,0.5143750000006548,0.7463870700217763
lhs_002,nominal_mpc_recovery,50.0,0.2203663266918955,0.22465549666534296,6.721905371043341,3.7007125562930065,29.385406780927323,False,slsqp,none,True,True,False,False,0.0,0.0
lhs_002,nominal_mpc_recovery,55.0,0.22213293598363304,0.225921654819269,6.721905371043341,3.7049153703983,29.466243448430745,False,slsqp,none,True,True,False,False,0.0,0.0
lhs_002,nominal_mpc_recovery,60.0,0.2238995452753706,0.2272584271163853,6.721905371043341,3.708993805791503,29.547532918114236,False,slsqp,none,True,True,False,False,0.0,0.0
lhs_002,nominal_mpc_recovery,65.0,0.22566615456710815,0.22892735998938582,6.721905371043341,3.712954838730791,29.629229422751962,False,slsqp,none,True,True,False,False,0.0,0.0
lhs_002,nominal_mpc_recovery,70.0,0.22731234728542146,0.2308488969913738,6.263723239063895,3.7075711416358295,29.701764549539465,True,slsqp,none,True,True,False,False,0.7912781999984873,0.4581821319794468
lhs_002,nominal_mpc_recovery,75.0,0.22895854000373478,0.2329955795263195,6.263723239063895,3.7102705301532923,29.77418269259879,False,slsqp,none,True,True,False,False,0.0,0.0
lhs_002,nominal_mpc_recovery,80.0,0.2306047327220481,0.2336549561574541,6.263723239063895,3.713090766224773,29.846560036384325,False,slsqp,none,True,True,False,False,0.0,0.0
lhs_002,nominal_mpc_recovery,85.0,0.2322509254403614,0.23643684250004432,6.263723239063895,3.7159730941156512,29.91894224475275,False,slsqp,none,True,True,False,False,0.0,0.0
lhs_002,nominal_mpc_recovery,90.0,0.23389711815867473,0.23894869155809656,6.263723239063895,3.718877207153625,29.991353940734882,False,slsqp,none,True,True,False,False,0.0,0.0
lhs_002,nominal_mpc_recovery,95.0,0.2354810510148743,0.24029403181202558,6.026825978588575,3.717005020334083,30.05899131545889,True,slsqp,none,True,True,False,False,0.39350889999877836,0.23689726047531945
lhs_002,nominal_mpc_recovery,100.0,0.23706498387107386,0.24071862028666835,6.026825978588575,3.7193425442065347,30.12645984518589,False,slsqp,none,True,True,False,False,0.0,0.0
lhs_002,nominal_mpc_recovery,105.0,0.23864891672727342,0.24202088595517787,6.026825978588575,3.7217584198137876,30.193809245312423,False,slsqp,none,True,True,False,False,0.0,0.0
lhs_002,nominal_mpc_recovery,110.0,0.240232849583473,0.24415892144794496,6.026825978588575,3.7242122851330612,30.26106898603945,False,slsqp,none,True,True,False,False,0.0,0.0
lhs_002,nominal_mpc_recovery,115.0,0.24181678243967256,0.2454917762224645,6.026825978588575,3.7266765383236313,30.3282545966902,False,slsqp,none,True,True,False,False,0.0,0.0
lhs_002,nominal_mpc_recovery,120.0,0.24330898417214178,0.2460362250539337,5.677791284738223,3.7221074008088935,30.388426327445163,True,slsqp,none,True,True,False,False,0.7586667000014131,0.3490346938503519
lhs_002,nominal_mpc_recovery,125.0,0.244801185904611,0.24754840516492746,5.677791284738223,3.7237548579583,30.44824674776853,False,slsqp,none,True,True,False,False,0.0,0.0
lhs_002,nominal_mpc_recovery,130.0,0.24629338763708022,0.24819720112561483,5.677791284738223,3.725541632356357,30.507788582165993,False,slsqp,none,True,True,False,False,0.0,0.0
lhs_002,nominal_mpc_recovery,135.0,0.24778558936954945,0.2495705690752,5.677791284738223,3.7274145082494874,30.567099557961427,False,slsqp,none,True,True,False,False,0.0,0.0
lhs_002,nominal_mpc_recovery,140.0,0.24927779110201867,0.25000813738860167,5.677791284738223,3.729336670604329,30.62621004209825,False,slsqp,none,True,True,False,False,0.0,0.0
lhs_002,nominal_mpc_recovery,145.0,0.25070623144112314,0.25137650298598924,5.435180734387189,3.7264016703848606,30.68045220643451,True,slsqp,none,True,True,False,False,0.42552530000102706,0.24261055035103407
lhs_002,nominal_mpc_recovery,150.0,0.25213467178022764,0.2527632841550957,5.435180734387189,3.727808588028921,30.73433978652015,False,slsqp,none,True,True,False,False,0.0,0.0
lhs_002,nominal_mpc_recovery,155.0,0.25356311211933213,0.2550599842403107,5.435180734387189,3.7293271366893546,30.78792835989133,False,slsqp,none,True,True,False,False,0.0,0.0
lhs_002,nominal_mpc_recovery,160.0,0.25499155245843663,0.25558762680741803,5.435180734387189,3.730916119440773,30.84125495493288,False,slsqp,none,True,True,False,False,0.0,0.0
lhs_002,nominal_mpc_recovery,165.0,0.25641999279754113,0.2564969764777008,5.435180734387189,3.7325470193936288,30.894343701593577,False,slsqp,none,True,True,False,False,0.0,0.0
lhs_002,nominal_mpc_recovery,170.0,0.2577754364752906,0.2575002587379755,5.157430214039984,3.7286136640768457,30.94199839326116,True,slsqp,none,True,True,False,False,0.5038450000010926,0.2777505203472055
lhs_002,nominal_mpc_recovery,175.0,0.2591308801530401,0.25865850279366537,5.157430214039984,3.729652083315223,30.98924515289173,False,slsqp,none,True,True,False,False,0.0,0.0
lhs_002,nominal_mpc_recovery,180.0,0.26048632383078957,0.26082000280635803,5.157430214039984,3.730823558228258,31.036144301965315,False,slsqp,none,True,True,False,False,0.0,0.0
lhs_002,nominal_mpc_recovery,185.0,0.26184176750853905,0.2615084914755164,5.157430214039984,3.732083751253011,31.082737264561647,False,slsqp,none,True,True,False,False,0.0,0.0
lhs_002,nominal_mpc_recovery,190.0,0.2631972111862885,0.263458890255587,5.157430214039984,3.733401822297144,31.129052276337546,False,slsqp,none,True,True,False,False,0.0,0.0
lhs_002,nominal_mpc_recovery,195.0,0.26450299139403205,0.26492457692174176,4.96846191904735,3.7309562367390323,31.171670520114944,True,slsqp,none,True,True,False,False,0.46847449999950186,0.1889682949926339
lhs_002,nominal_mpc_recovery,200.0,0.2658087716017756,0.26598914108044663,4.96846191904735,3.731908776361352,31.21391775071026,False,slsqp,none,True,True,False,False,0.0,0.0
lhs_002,nominal_mpc_recovery,205.0,0.2671145518095191,0.2675516011348198,4.96846191904735,3.7329634706516526,31.255838443277938,False,slsqp,none,True,True,False,False,0.0,0.0
lhs_002,nominal_mpc_recovery,210.0,0.2684203320172626,0.2693703584835694,4.96846191904735,3.7340874005828755,31.29746353143485,False,slsqp,none,True,True,False,False,0.0,0.0
lhs_002,nominal_mpc_recovery,215.0,0.26972611222500614,0.27142556258108597,4.96846191904735,3.7352576597748484,31.338814486273947,False,slsqp,none,True,True,False,False,0.0,0.0
lhs_002,nominal_mpc_recovery,220.0,0.27105165945469306,0.2730164515784376,5.043674956583445,3.737970775140431,31.381262575738738,True,slsqp,none,True,True,False,False,0.7368315000003349,0.07521303753609487
lhs_002,nominal_mpc_recovery,225.0,0.27237720668438,0.2753816469742075,5.043674956583445,3.7393595633749594,31.423511738299844,False,slsqp,none,True,True,False,False,0.0,0.0
lhs_002,nominal_mpc_recovery,230.0,0.2737027539140669,0.27682555977268186,5.043674956583445,3.7407243515652753,31.465554349751777,False,slsqp,none,True,True,False,False,0.0,0.0
lhs_002,nominal_mpc_recovery,235.0,0.2750283011437538,0.2793897267180554,5.043674956583445,3.7420704219162646,31.507384805581697,False,slsqp,none,True,True,False,False,0.0,0.0
lhs_002,nominal_mpc_recovery,240.0,0.27635384837344074,0.2808657610251193,5.043674956583445,3.7434016711134745,31.548998945560577,False,slsqp,none,True,True,False,False,0.0,0.0
lhs_002,nominal_mpc_recovery,245.0,0.2776165157103849,0.2821285332073119,4.804418494650925,3.7399099387619397,31.586108842097268,True,slsqp,none,True,True,False,False,0.4328385000007984,0.23925646193251993
lhs_002,nominal_mpc_recovery,250.0,0.2788791830473291,0.2835100474144847,4.804418494650925,3.740683092343643,31.622844909467943,False,slsqp,none,True,True,False,False,0.0,0.0
lhs_002,nominal_mpc_recovery,255.0,0.2801418503842733,0.284610579861714,4.804418494650925,3.741562574296451,31.659250201829394,False,slsqp,none,True,True,False,False,0.0,0.0
lhs_002,nominal_mpc_recovery,260.0,0.2814045177212175,0.2865158518985259,4.804418494650925,3.742516775698426,31.695355206270094,False,slsqp,none,True,True,False,False,0.0,0.0
lhs_002,nominal_mpc_recovery,265.0,0.2826671850581617,0.28768110395166996,4.804418494650925,3.7435236362202335,31.731181607612925,False,slsqp,none,True,True,False,False,0.0,0.0
lhs_002,nominal_mpc_recovery,270.0,0.2838898457837335,0.28911047626023734,4.652194311794576,3.7415065362615008,31.76410123608545,True,slsqp,none,True,True,False,False,0.4119678000006388,0.1522241828563491
lhs_002,nominal_mpc_recovery,275.0,0.2851125065093053,0.2902012924394066,4.652194311794576,3.742235609728449,31.79667739100362,False,slsqp,none,True,True,False,False,0.0,0.0
lhs_002,nominal_mpc_recovery,280.0,0.2863351672348771,0.29134630159838304,4.652194311794576,3.7430565419237873,31.828945552018872,False,slsqp,none,True,True,False,False,0.0,0.0
lhs_002,nominal_mpc_recovery,285.0,0.28755782796044893,0.2922495704325165,4.652194311794576,3.7439432710956457,31.860931157415877,False,slsqp,none,True,True,False,False,0.0,0.0
lhs_002,nominal_mpc_recovery,290.0,0.28878048868602074,0.29325753153627904,4.652194311794576,3.74487758601932,31.892652599061645,False,slsqp,none,True,True,False,False,0.0,0.0
lhs_002,nominal_mpc_recovery,295.0,0.28993940046407446,0.29356429109248716,4.40963111758716,3.7409680215771415,31.92004588495817,True,slsqp,none,True,True,False,False,0.5419688999991195,0.242563194207416
lhs_002,nominal_mpc_recovery,300.0,0.2910983122421282,0.294992117767139,4.40963111758716,3.7414178517011334,31.947061585835062,False,slsqp,none,True,True,False,False,0.0,0.0
lhs_002,nominal_mpc_recovery,305.0,0.2922572240201819,0.29572050966242086,4.40963111758716,3.7420031510878577,31.97374846858035,False,slsqp,none,True,True,False,False,0.0,0.0
lhs_002,nominal_mpc_recovery,310.0,0.2934161357982356,0.29705136029761675,4.40963111758716,3.742686231809045,32.00014160172696,False,slsqp,none,True,True,False,False,0.0,0.0
lhs_002,nominal_mpc_recovery,315.0,0.29457504757628933,0.29748690977510023,4.40963111758716,3.7434406687303725,32.026266429531994,False,slsqp,none,True,True,False,False,0.0,0.0
lhs_002,nominal_mpc_recovery,320.0,0.2957073232438777,0.2990192654106897,4.308281365359722,3.7422090110583297,32.05049450572914,True,slsqp,none,True,True,False,False,0.7254586000017298,0.10134975222743758
lhs_002,nominal_mpc_recovery,325.0,0.2968395989114661,0.2998379069563179,4.308281365359722,3.7428277616286385,32.07443167631154,False,slsqp,none,True,True,False,False,0.0,0.0
lhs_002,nominal_mpc_recovery,330.0,0.2979718745790545,0.30067845951788735,4.308281365359722,3.743525524983204,32.09810522531437,False,slsqp,none,True,True,False,False,0.0,0.0
lhs_002,nominal_mpc_recovery,335.0,0.2991041502466429,0.3012447380501559,4.308281365359722,3.7442819721585874,32.12153518343074,False,slsqp,none,True,True,False,False,0.0,0.0
lhs_002,nominal_mpc_recovery,340.0,0.3002364259142313,0.3026017506795941,4.308281365359722,3.745082677895338,32.144736470868075,False,slsqp,none,True,True,False,False,0.0,0.0
lhs_002,nominal_mpc_recovery,345.0,0.30138399170273794,0.30355389555491685,4.366459903424202,3.7470832207905516,32.168656935140646,True,slsqp,none,True,True,False,False,0.8661806999989494,0.05817853806447992
lhs_002,nominal_mpc_recovery,350.0,0.3025315574912446,0.3048737522600729,4.366459903424202,3.748063941004623,32.1924011302983,False,slsqp,none,True,True,False,False,0.0,0.0
lhs_002,nominal_mpc_recovery,355.0,0.3036791232797513,0.30595470614662046,4.366459903424202,3.7490313655619025,32.215966200053,False,slsqp,none,True,True,False,False,0.0,0.0
lhs_002,nominal_mpc_recovery,360.0,0.30482668906825794,0.3063399517351497,4.366459903424202,3.7499898887954717,32.2393508398419,False,slsqp,none,True,True,False,False,0.0,0.0
lhs_002,nominal_mpc_recovery,365.0,0.3059742548567646,0.3072250351753244,4.366459903424202,3.750942561475344,32.26255481426893,False,slsqp,none,True,True,False,False,0.0,0.0
lhs_002,nominal_mpc_recovery,370.0,0.3070862563673275,0.3081637373882775,4.2311386911756275,3.7491690184819393,32.283415933801535,True,slsqp,none,True,True,False,False,0.3984805999989476,0.13532121224857452
lhs_002,nominal_mpc_recovery,375.0,0.3081982578778904,0.3086973823742133,4.2311386911756275,3.749811026272398,32.30402446045438,False,slsqp,none,True,True,False,False,0.0,0.0
lhs_002,nominal_mpc_recovery,380.0,0.3093102593884533,0.308858022408306,4.2311386911756275,3.7505165701242418,32.32440396910507,False,slsqp,none,True,True,False,False,0.0,0.0
lhs_002,nominal_mpc_recovery,385.0,0.3104222608990162,0.31066057633397115,4.2311386911756275,3.751267671654639,32.344571789329656,False,slsqp,none,True,True,False,False,0.0,0.0
lhs_002,nominal_mpc_recovery,390.0,0.3115342624095791,0.3124552362774423,4.2311386911756275,3.752051666961288,32.364540850927376,False,slsqp,none,True,True,False,False,0.0,0.0
lhs_002,nominal_mpc_recovery,395.0,0.31265634902096406,0.3139054722145138,4.2695122544193325,3.7536315564897316,32.38492620973217,True,slsqp,none,True,True,False,False,0.7530361999997695,0.038373563243705
lhs_002,nominal_mpc_recovery,400.0,0.31377843563234903,0.3152700255264564,4.2695122544193325,3.7545434602603964,32.40515112729313,False,slsqp,none,True,True,False,False,0.0,0.0
lhs_002,nominal_mpc_recovery,405.0,0.314900522243734,0.31649362288205507,4.2695122544193325,3.755450155651778,32.425215335305644,False,slsqp,none,True,True,False,False,0.0,0.0
lhs_002,nominal_mpc_recovery,410.0,0.31602260885511896,0.3169420610618903,4.2695122544193325,3.7563537500913116,32.445119285065026,False,slsqp,none,True,True,False,False,0.0,0.0
lhs_002,nominal_mpc_recovery,415.0,0.3171446954665039,0.3187427603245339,4.2695122544193325,3.7572556895787415,32.46486391473209,False,slsqp,none,True,True,False,False,0.0,0.0
lhs_002,nominal_mpc_recovery,420.0,0.31827991806084094,0.32025610124686266,4.319494349935495,3.759162304597851,32.48524286026668,True,slsqp,none,True,True,False,False,0.6642924999996467,0.04998209551616295
lhs_002,nominal_mpc_recovery,425.0,0.31941514065517795,0.32160024311119434,4.319494349935495,3.7601758670774696,32.505493058143784,False,slsqp,none,True,True,False,False,0.0,0.0
lhs_002,nominal_mpc_recovery,430.0,0.32055036324951497,0.32214328998108677,4.319494349935495,3.7611659170130807,32.52560773528307,False,slsqp,none,True,True,False,False,0.0,0.0
lhs_002,nominal_mpc_recovery,435.0,0.321685585843852,0.3225193689127193,4.319494349935495,3.76213962240522,32.545582634264,False,slsqp,none,True,True,False,False,0.0,0.0
lhs_002,nominal_mpc_recovery,440.0,0.322820808438189,0.32323349988273536,4.319494349935495,3.763101997466604,32.56541525012243,False,slsqp,none,True,True,False,False,0.0,0.0
lhs_002,nominal_mpc_recovery,445.0,0.32391962538739355,0.3246064235191437,4.1809717560055,3.7612705546898084,32.582923419555655,True,slsqp,none,True,True,False,False,0.3687370000006922,0.138522593929995
lhs_002,nominal_mpc_recovery,450.0,0.3250184423365981,0.3252483580857579,4.1809717560055,3.7619087362117516,32.60021288344178,False,slsqp,none,True,True,False,False,0.0,0.0
lhs_002,nominal_mpc_recovery,455.0,0.32611725928580265,0.32726372666443,4.1809717560055,3.7626095739737844,32.617306319020614,False,slsqp,none,True,True,False,False,0.0,0.0
lhs_002,nominal_mpc_recovery,460.0,0.3272160762350072,0.3270503253249946,4.1809717560055,3.7633551637507683,32.634220258670354,False,slsqp,none,True,True,False,False,0.0,0.0
lhs_002,nominal_mpc_recovery,465.0,0.32831489318421175,0.3283333582798801,4.1809717560055,3.7641329073697674,32.65096691079577,False,slsqp,none,True,True,False,False,0.0,0.0
lhs_002,nominal_mpc_recovery,470.0,0.32946646132261825,0.3292702294159758,4.381688747410382,3.7689704472472276,32.67071457298189,True,slsqp,none,True,True,False,False,0.656835099998716,0.20071699140488164
lhs_002,nominal_mpc_recovery,475.0,0.33061802946102475,0.3299340372732439,4.381688747410382,3.7702387817309146,32.69042422649233,False,slsqp,none,True,True,False,False,0.0,0.0
lhs_002,nominal_mpc_recovery,480.0,0.33176959759943125,0.3297327546083792,4.381688747410382,3.7714236147693203,32.71006738111608,False,slsqp,none,True,True,False,False,0.0,0.0
lhs_002,nominal_mpc_recovery,485.0,0.33292116573783775,0.3321103805881249,4.381688747410382,3.772549472737873,32.72962432534258,False,slsqp,none,True,True,False,False,0.0,0.0
lhs_002,nominal_mpc_recovery,490.0,0.33407273387624425,0.3343551772815216,4.381688747410382,3.773633573320298,32.74908149786989,False,slsqp,none,True,True,False,False,0.0,0.0
lhs_002,nominal_mpc_recovery,495.0,0.3351565322507032,0.33528707337087843,4.123826444520743,3.7695026728449563,32.76437325916632,True,slsqp,none,True,True,False,False,0.32550480000099924,0.25786230288963896
lhs_002,nominal_mpc_recovery,500.0,0.3362403306251621,0.33594778985260243,4.123826444520743,3.769957821490697,32.779411427111675,False,slsqp,none,True,True,False,False,0.0,0.0
lhs_002,nominal_mpc_recovery,505.0,0.33732412899962105,0.33734530578580535,4.123826444520743,3.770521202092684,32.794233518689914,False,slsqp,none,True,True,False,False,0.0,0.0
lhs_002,nominal_mpc_recovery,510.0,0.33840792737408,0.3386071559219325,4.123826444520743,3.7711614792871058,32.808866455523585,False,slsqp,none,True,True,False,False,0.0,0.0
lhs_002,nominal_mpc_recovery,515.0,0.3394917257485389,0.3394832981048589,4.123826444520743,3.77185662971135,32.82332971663351,False,slsqp,none,True,True,False,False,0.0,0.0
lhs_002,nominal_mpc_recovery,520.0,0.34056590970027517,0.34136918829902013,4.087243799993017,3.7718555730798307,32.83707946677014,True,slsqp,none,True,True,False,False,0.5067211000005045,0.036582644527726416
lhs_002,nominal_mpc_recovery,525.0,0.3416400936520114,0.3422227937544244,4.087243799993017,3.7725366164504788,32.85066535090272,False,slsqp,none,True,True,False,False,0.0,0.0
lhs_002,nominal_mpc_recovery,530.0,0.3427142776037477,0.343481130485945,4.087243799993017,3.773255966339317,32.864101058596574,False,slsqp,none,True,True,False,False,0.0,0.0
lhs_002,nominal_mpc_recovery,535.0,0.3437884615554839,0.34424448358782694,4.087243799993017,3.7740031580090485,32.87739676565493,False,slsqp,none,True,True,False,False,0.0,0.0
lhs_002,nominal_mpc_recovery,540.0,0.3448626455072202,0.3458388387691149,4.087243799993017,3.7747708111872313,32.89056016687143,False,slsqp,none,True,True,False,False,0.0,0.0
lhs_002,nominal_mpc_recovery,545.0,0.34592937037047167,0.34652569412689876,4.058862149798414,3.774983052982709,32.90316825306093,True,slsqp,none,True,True,False,False,0.4912641999999323,0.028381650194602592
lhs_002,nominal_mpc_recovery,550.0,0.34699609523372316,0.3483511552742267,4.058862149798414,3.7757139380517097,32.91563993538712,False,slsqp,none,True,True,False,False,0.0,0.0
lhs_002,nominal_mpc_recovery,555.0,0.34806282009697465,0.3494404495602096,4.058862149798414,3.776467333342344,32.92798346728561,False,slsqp,none,True,True,False,False,0.0,0.0
lhs_002,nominal_mpc_recovery,560.0,0.34912954496022613,0.35065367649434437,4.058862149798414,3.7772374548482266,32.940205167505106,False,slsqp,none,True,True,False,False,0.0,0.0
lhs_002,nominal_mpc_recovery,565.0,0.3501962698234776,0.3517913658426089,4.058862149798414,3.7780202090536514,32.95230998256738,False,slsqp,none,True,True,False,False,0.0,0.0
lhs_002,nominal_mpc_recovery,570.0,0.3512249343262561,0.353365790734822,3.9140434042592664,3.77590100435175,32.96215077553243,True,slsqp,none,True,True,False,False,0.2849744999984978,0.14481874553914764
lhs_002,nominal_mpc_recovery,575.0,0.3522535988290346,0.35442502400647974,3.9140434042592664,3.7763768933226696,32.971809615385666,False,slsqp,none,True,True,False,False,0.0,0.0
lhs_002,nominal_mpc_recovery,580.0,0.3532822633318131,0.35526481402621296,3.9140434042592664,3.776928240955119,32.981311215337705,False,slsqp,none,True,True,False,False,0.0,0.0
lhs_002,nominal_mpc_recovery,585.0,0.3543109278345916,0.35622620641778946,3.9140434042592664,3.777534020720243,32.99067354047478,False,slsqp,none,True,True,False,False,0.0,0.0
lhs_002,nominal_mpc_recovery,590.0,0.3553395923373701,0.3568638639805768,3.9140434042592664,3.778179424969801,32.99990980491714,False,slsqp,none,True,True,False,False,0.0,0.0
lhs_002,nominal_mpc_recovery,595.0,0.3563898996094311,0.3584566096690557,3.996393614781017,3.7805096671702856,33.01023845591882,True,slsqp,none,True,True,False,False,0.3410476999997627,0.08235021052175062
lhs_002,nominal_mpc_recovery,600.0,0.35744020688149214,0.3588585965383294,3.996393614781017,3.7813903908827795,33.02050024919922,False,slsqp,none,True,True,False,False,0.0,0.0
lhs_002,nominal_mpc_recovery,605.0,0.35849051415355315,0.3597978048939887,3.996393614781017,3.782248301053493,33.030688310251435,False,slsqp,none,True,True,False,False,0.0,0.0
lhs_002,nominal_mpc_recovery,610.0,0.35954082142561417,0.36159949167781613,3.996393614781017,3.783091033155545,33.04079825163702,False,slsqp,none,True,True,False,False,0.0,0.0
lhs_002,nominal_mpc_recovery,615.0,0.3605911286976752,0.363782609577961,3.996393614781017,3.7839239153361484,33.05082741525253,False,slsqp,none,True,True,False,False,0.0,0.0
lhs_002,nominal_mpc_recovery,620.0,0.36163694339664476,0.36515842912537555,3.97929948347853,3.784406988632577,33.06052225332665,True,slsqp,none,True,True,False,False,0.4903551999996125,0.01709413130248727
lhs_002,nominal_mpc_recovery,625.0,0.36268275809561434,0.36575175360014894,3.97929948347853,3.7851919146791455,33.070125456062755,False,slsqp,none,True,True,False,False,0.0,0.0
lhs_002,nominal_mpc_recovery,630.0,0.3637285727945839,0.3674723292088081,3.97929948347853,3.7859832399988242,33.07963961378907,False,slsqp,none,True,True,False,False,0.0,0.0
lhs_002,nominal_mpc_recovery,635.0,0.3647743874935535,0.3678609803052449,3.97929948347853,3.7867798379437225,33.08906693755177,False,slsqp,none,True,True,False,False,0.0,0.0
lhs_002,nominal_mpc_recovery,640.0,0.3658202021925231,0.3679491969968949,3.97929948347853,3.787580893142392,33.09840936117511,False,slsqp,none,True,True,False,False,0.0,0.0
lhs_002,nominal_mpc_recovery,645.0,0.36679792319591126,0.3690216013840596,3.7202046286038852,3.783176904719365,33.1039423662108,True,slsqp,none,True,True,False,False,0.43656820000069274,0.25909485487464456
lhs_002,nominal_mpc_recovery,650.0,0.3677756441992994,0.36990814728019605,3.7202046286038852,3.7834054593952575,33.109270794135504,False,slsqp,none,True,True,False,False,0.0,0.0
lhs_002,nominal_mpc_recovery,655.0,0.3687533652026876,0.37014495474948367,3.7202046286038852,3.7837610089863745,33.11443349072612,False,slsqp,none,True,True,False,False,0.0,0.0
lhs_002,nominal_mpc_recovery,660.0,0.36973108620607575,0.37190200294389786,3.7202046286038852,3.784207597968919,33.11945834308138,False,slsqp,none,True,True,False,False,0.0,0.0
lhs_002,nominal_mpc_recovery,665.0,0.3707088072094639,0.37336176185582187,3.7202046286038852,3.784719931345034,33.124365534298654,False,slsqp,none,True,True,False,False,0.0,0.0
lhs_002,nominal_mpc_recovery,670.0,0.3717242585026198,0.374989838575662,3.8637674631406256,3.78816639811989,33.131192950652355,True,slsqp,none,True,True,False,False,0.5064988999984052,0.14356283453674035
lhs_002,nominal_mpc_recovery,675.0,0.3727397097957757,0.3765057463212175,3.8637674631406256,3.7890832764131224,33.13799839112918,False,slsqp,none,True,True,False,False,0.0,0.0
lhs_002,nominal_mpc_recovery,680.0,0.3737551610889316,0.3771918224667018,3.8637674631406256,3.789958004681111,33.14476882031906,False,slsqp,none,True,True,False,False,0.0,0.0
lhs_002,nominal_mpc_recovery,685.0,0.3747706123820875,0.3778624987271547,3.8637674631406256,3.7908040809230608,33.15149546431631,False,slsqp,none,True,True,False,False,0.0,0.0
lhs_002,nominal_mpc_recovery,690.0,0.37578606367524336,0.37834902539608367,3.8637674631406256,3.7916309464689135,33.15817252278928,False,slsqp,none,True,True,False,False,0.0,0.0
lhs_002,nominal_mpc_recovery,695.0,0.3768065900401711,0.37953972539162756,3.88307798774906,3.7928334195174824,33.16507237543674,True,slsqp,none,True,True,False,False,0.32477099999960046,0.01931052460843441
lhs_002,nominal_mpc_recovery,700.0,0.3778271164050988,0.3806258842377462,3.88307798774906,3.7936828723997125,33.17192633809428,False,slsqp,none,True,True,False,False,0.0,0.0
lhs_002,nominal_mpc_recovery,705.0,0.3788476427700265,0.3823026660759205,3.88307798774906,3.7945182874753303,33.1787302100653,False,slsqp,none,True,True,False,False,0.0,0.0
lhs_002,nominal_mpc_recovery,710.0,0.37986816913495425,0.38306239818191723,3.88307798774906,3.795344551837462,33.18548133327588,False,slsqp,none,True,True,False,False,0.0,0.0
lhs_002,nominal_mpc_recovery,715.0,0.38088869549988197,0.38404434889989275,3.88307798774906,3.7961650765170645,33.19217812268439,False,slsqp,none,True,True,False,False,0.0,0.0
lhs_002,nominal_mpc_recovery,720.0,0.3819000281242292,0.3842317522520619,3.848096028536571,3.796278949294246,33.19832046841436,True,slsqp,none,True,True,False,False,0.3167281999994884,0.034981959212489144
lhs_002,nominal_mpc_recovery,725.0,0.3829113607485764,0.3855791962551505,3.848096028536571,3.797016109332845,33.204389918868934,False,slsqp,none,True,True,False,False,0.0,0.0
lhs_002,nominal_mpc_recovery,730.0,0.3839226933729236,0.38802405271313034,3.848096028536571,3.797769424238718,33.21039173583643,False,slsqp,none,True,True,False,False,0.0,0.0
lhs_002,nominal_mpc_recovery,735.0,0.38493402599727083,0.38953958509785996,3.848096028536571,3.798534862548786,33.21632990115718,False,slsqp,none,True,True,False,False,0.0,0.0
lhs_002,nominal_mpc_recovery,740.0,0.38594535862161805,0.38946797521532767,3.848096028536571,3.7993095762739655,33.22220749067362,False,slsqp,none,True,True,False,False,0.0,0.0
lhs_002,nominal_mpc_recovery,745.0,0.386951255436383,0.3903845723785564,3.8274129053364696,3.799675720949078,33.22773378472168,True,slsqp,none,True,True,False,False,0.5210187000011501,0.02068312320010124
lhs_002,nominal_mpc_recovery,750.0,0.3879571522511479,0.3914092443797051,3.8274129053364696,3.800417221751237,33.23319370751235,False,slsqp,none,True,True,False,False,0.0,0.0
lhs_002,nominal_mpc_recovery,755.0,0.38896304906591284,0.3922335984420854,3.8274129053364696,3.8011734128831525,33.23859196854323,False,slsqp,none,True,True,False,False,0.0,0.0
lhs_002,nominal_mpc_recovery,760.0,0.38996894588067776,0.3931378680723218,3.8274129053364696,3.8019407118458135,33.24393214568462,False,slsqp,none,True,True,False,False,0.0,0.0
lhs_002,nominal_mpc_recovery,765.0,0.3909748426954427,0.39380424512536005,3.8274129053364696,3.8027165864878167,33.24921701484312,False,slsqp,none,True,True,False,False,0.0,0.0
lhs_002,nominal_mpc_recovery,770.0,0.39196127440662126,0.39497595524621315,3.7533486598030623,3.802010164651259,33.25340974661019,True,slsqp,none,True,True,False,False,0.6346403999996255,0.07406424553340729
lhs_002,nominal_mpc_recovery,775.0,0.39294770611779983,0.39619807740651636,3.7533486598030623,3.802632493997637,33.25751541698593,False,slsqp,none,True,True,False,False,0.0,0.0
lhs_002,nominal_mpc_recovery,780.0,0.3939341378289784,0.3963052927728969,3.7533486598030623,3.8032948127642463,33.26154630831925,False,slsqp,none,True,True,False,False,0.0,0.0
lhs_002,nominal_mpc_recovery,785.0,0.394920569540157,0.39770710072417764,3.7533486598030623,3.803986260857759,33.26551135795833,False,slsqp,none,True,True,False,False,0.0,0.0
lhs_002,nominal_mpc_recovery,790.0,0.39590700125133554,0.39851079067122813,3.7533486598030623,3.804699190609502,33.26941714746279,False,slsqp,none,True,True,False,False,0.0,0.0
lhs_002,nominal_mpc_recovery,795.0,0.39691475175845825,0.3992097730926211,3.834466159655016,3.8070591497549877,33.27440287565148,True,slsqp,none,True,True,False,False,0.3232846000009886,0.08111749985195349
lhs_002,nominal_mpc_recovery,800.0,0.39792250226558096,0.39991118690707417,3.834466159655016,3.8079821338701154,33.27937801349231,False,slsqp,none,True,True,False,False,0.0,0.0
lhs_002,nominal_mpc_recovery,805.0,0.39893025277270366,0.4009539105673381,3.834466159655016,3.8088759408662334,33.2843334335454,False,slsqp,none,True,True,False,False,0.0,0.0
lhs_002,nominal_mpc_recovery,810.0,0.39993800327982637,0.4031993945496111,3.834466159655016,3.8097498331804682,33.289262907078935,False,slsqp,none,True,True,False,False,0.0,0.0
lhs_002,nominal_mpc_recovery,815.0,0.4009457537869491,0.4045919340637585,3.834466159655016,3.81060960280353,33.2941622318349,False,slsqp,none,True,True,False,False,0.0,0.0
lhs_002,nominal_mpc_recovery,820.0,0.40194072068685816,0.4059374341478553,3.785824845249745,3.810480929785956,33.29834590766481,True,slsqp,none,True,True,False,False,0.4274310999990121,0.04864131440527064
lhs_002,nominal_mpc_recovery,825.0,0.40293568758676723,0.40679832069257515,3.785824845249745,3.811214042802372,33.30247095060046,False,slsqp,none,True,True,False,False,0.0,0.0
lhs_002,nominal_mpc_recovery,830.0,0.4039306544866763,0.40813334982751975,3.785824845249745,3.8119653799695676,33.30654342996043,False,slsqp,none,True,True,False,False,0.0,0.0
lhs_002,nominal_mpc_recovery,835.0,0.4049256213865854,0.4087084252270252,3.785824845249745,3.812729796328415,33.31056781230979,False,slsqp,none,True,True,False,False,0.0,0.0
lhs_002,nominal_mpc_recovery,840.0,0.40592058828649447,0.40960902345130445,3.785824845249745,3.813503668332962,33.314547434561376,False,slsqp,none,True,True,False,False,0.0,0.0
lhs_002,nominal_mpc_recovery,845.0,0.40681501706700607,0.41072597918398107,3.4032797471721508,3.8065934009058067,33.313327908509905,True,slsqp,none,True,True,False,False,0.7219446999988577,0.3825450980775944
lhs_002,nominal_mpc_recovery,850.0,0.40770944584751767,0.41234692411196366,3.4032797471721508,3.8065230844988016,33.31190259910477,False,slsqp,none,True,True,False,False,0.0,0.0
lhs_002,nominal_mpc_recovery,855.0,0.4086038746280293,0.413054109562657,3.4032797471721508,3.8066396349975937,33.31032352382352,False,slsqp,none,True,True,False,False,0.0,0.0
lhs_002,nominal_mpc_recovery,860.0,0.4094983034085409,0.41272663788482683,3.4032797471721508,3.8068894304655863,33.30862775684811,False,slsqp,none,True,True,False,False,0.0,0.0
lhs_002,nominal_mpc_recovery,865.0,0.4103927321890525,0.4126072337687664,3.4032797471721508,3.807234766427684,33.30684187491046,False,slsqp,none,True,True,False,False,0.0,0.0
lhs_002,nominal_mpc_recovery,870.0,0.4118127885094422,0.41428563651964795,5.403279747172151,3.8478572374752282,33.33549283878345,True,slope_safe_emergency,prediction_domain_infeasible_under_candidate_audit,False,False,True,False,0.37755990000005113,2.0000000000000004
lhs_002,nominal_mpc_recovery,875.0,0.41375847236971003,0.4152349454478972,7.403279747172151,3.89300387759577,33.40637584309623,True,slope_safe_emergency,prediction_domain_infeasible_under_candidate_audit,False,False,True,False,0.9266159000017069,2.0
lhs_002,nominal_mpc_recovery,880.0,0.416229783769856,0.41618048776771976,9.403279747172151,3.94170345010689,33.53236738996816,True,slope_safe_emergency,prediction_domain_infeasible_under_candidate_audit,False,False,True,False,2.7082267999994656,2.0
lhs_002,nominal_mpc_recovery,885.0,0.4188579214692466,0.4194082819530773,10.0,3.9650539290313978,33.68191332726396,True,slope_safe_emergency,prediction_domain_infeasible_under_candidate_audit,False,False,True,False,1.8560937999991438,0.5967202528278488
lhs_002,nominal_mpc_recovery,890.0,0.42148605916863724,0.4218511317425291,10.0,3.975637354276454,33.8367969659638,False,slope_safe_emergency,prediction_domain_infeasible_under_candidate_audit,False,False,True,False,0.0,0.0
lhs_002,nominal_mpc_recovery,895.0,0.42411419686802787,0.4243942322804023,10.0,3.9844308814751455,33.9955677403446,False,slope_safe_emergency,prediction_domain_infeasible_under_candidate_audit,False,False,True,False,0.0,0.0
lhs_002,nominal_mpc_recovery,900.0,0.4267423345674185,0.4265003992865411,10.0,3.991939680602545,34.15718787648699,False,slope_safe_emergency,prediction_domain_infeasible_under_candidate_audit,False,False,True,False,0.0,0.0
lhs_002,nominal_mpc_recovery,905.0,0.42937047226680913,0.42919627136071214,10.0,3.998519397936543,34.320910052013566,False,slope_safe_emergency,prediction_domain_infeasible_under_candidate_audit,False,False,True,False,0.0,0.0
lhs_002,nominal_mpc_recovery,910.0,0.43199860996619976,0.43190107745690665,10.0,4.004420739791174,34.4861915700452,True,slope_safe_emergency,prediction_domain_infeasible_under_candidate_audit,False,False,True,False,1.5989803000011307,0.0
lhs_002,nominal_mpc_recovery,915.0,0.4346267476655904,0.4345576705646515,10.0,4.009820750942704,34.65263411489521,False,slope_safe_emergency,prediction_domain_infeasible_under_candidate_audit,False,False,True,False,0.0,0.0
lhs_002,nominal_mpc_recovery,920.0,0.437254885364981,0.4372599164574611,10.0,4.014844758972331,34.81994145540755,False,slope_safe_emergency,prediction_domain_infeasible_under_candidate_audit,False,False,True,False,0.0,0.0
lhs_002,nominal_mpc_recovery,925.0,0.43988302306437166,0.4400450284591943,10.0,4.019581770442895,34.98788974037174,False,slope_safe_emergency,prediction_domain_infeasible_under_candidate_audit,False,False,True,False,0.0,0.0
lhs_002,nominal_mpc_recovery,930.0,0.4425111607637623,0.4423330047090401,10.0,4.024095273304356,35.15630662889422,False,slope_safe_emergency,prediction_domain_infeasible_under_candidate_audit,False,False,True,False,0.0,0.0
lhs_002,nominal_mpc_recovery,935.0,0.4425111607637623,0.44559313710923626,0.0,3.827414889948378,35.1124015153496,True,hard_safety_emergency,hard_safety_slew_conflict,False,False,True,True,1.6562076000009256,10.0
lhs_002,nominal_mpc_recovery,940.0,0.4425111607637623,0.4452078831274781,0.0,3.8092531608670557,35.06879487649254,True,hard_safety_emergency,hard_safety_slew_conflict,False,False,True,True,0.4013142000003427,0.0
lhs_002,nominal_mpc_recovery,945.0,0.4425111607637623,0.4462420818292493,0.0,3.7957509656240243,35.02548533698182,False,hard_safety_emergency,hard_safety_slew_conflict,False,False,True,True,0.0,0.0
lhs_002,nominal_mpc_recovery,950.0,0.4425111607637623,0.44596244756813774,0.0,3.7855478521062342,34.98247087262976,False,hard_safety_emergency,hard_safety_slew_conflict,False,False,True,True,0.0,0.0
lhs_002,nominal_mpc_recovery,955.0,0.4425111607637623,0.44556662977933525,0.0,3.77768822253587,34.939749473039804,False,hard_safety_emergency,hard_safety_slew_conflict,False,False,True,True,0.0,0.0
lhs_002,nominal_mpc_recovery,960.0,0.4425111607637623,0.4453243709237475,0.0,3.7715005427564146,34.897319141512554,False,hard_safety_emergency,hard_safety_slew_conflict,False,False,True,True,0.0,0.0
lhs_002,nominal_mpc_recovery,965.0,0.4425111607637623,0.44620304437715297,0.0,3.766512602561859,34.85517789495246,True,hard_safety_emergency,hard_safety_slew_conflict,False,False,True,True,0.4411022000003868,0.0
lhs_002,nominal_mpc_recovery,970.0,0.4425111607637623,0.4454921834853026,0.0,3.76239206682632,34.81332376377516,False,hard_safety_emergency,hard_safety_slew_conflict,False,False,True,True,0.0,0.0
lhs_002,nominal_mpc_recovery,975.0,0.4425111607637623,0.444493786569837,0.0,3.758904768846884,34.77175479181537,False,hard_safety_emergency,hard_safety_slew_conflict,False,False,True,True,0.0,0.0
lhs_002,nominal_mpc_recovery,980.0,0.4425111607637623,0.4453464513539559,0.0,3.7558854503707293,34.7304690362355,False,hard_safety_emergency,hard_safety_slew_conflict,False,False,True,True,0.0,0.0
lhs_002,nominal_mpc_recovery,985.0,0.4425111607637623,0.44514656708678313,0.0,3.7532172333553846,34.68946456743483,False,hard_safety_emergency,hard_safety_slew_conflict,False,False,True,True,0.0,0.0
lhs_002,nominal_mpc_recovery,990.0,0.4427844870844989,0.4459451722039461,1.04,3.771722855994495,34.6534556563165,True,slope_safe_emergency,prediction_domain_infeasible_under_candidate_audit,False,False,True,False,0.4823341999999684,1.04
lhs_002,nominal_mpc_recovery,995.0,0.44305781340523553,0.4471305306726053,1.04,3.7718565654331804,34.61770259756081,False,slope_safe_emergency,prediction_domain_infeasible_under_candidate_audit,False,False,True,False,0.0,0.0
lhs_002,nominal_mpc_recovery,1000.0,0.44333113972597216,0.44703152888971626,1.04,3.771659922978989,34.58217545025722,False,slope_safe_emergency,prediction_domain_infeasible_under_candidate_audit,False,False,True,False,0.0,0.0
lhs_002,nominal_mpc_recovery,1005.0,0.4436044660467088,0.44703099001363544,1.04,3.7712457826948653,34.54685390095732,False,slope_safe_emergency,prediction_domain_infeasible_under_candidate_audit,False,False,True,False,0.0,0.0
lhs_002,nominal_mpc_recovery,1010.0,0.4438777923674454,0.4473104482464334,1.04,3.77069274750155,34.51172433553642,False,slope_safe_emergency,prediction_domain_infeasible_under_candidate_audit,False,False,True,False,0.0,0.0
lhs_002,nominal_mpc_recovery,1015.0,0.44467674622806014,0.449001144079621,3.04,3.810258618365386,34.492989326097785,True,slope_safe_emergency,prediction_domain_infeasible_under_candidate_audit,False,False,True,False,0.32438770000044315,2.0
lhs_002,nominal_mpc_recovery,1020.0,0.44600132762855305,0.44918700627459723,5.04,3.8542484200351943,34.501636278371166,True,slope_safe_emergency,prediction_domain_infeasible_under_candidate_audit,False,False,True,False,0.9058451000000787,2.0
lhs_002,nominal_mpc_recovery,1025.0,0.44785153656892407,0.4507751035484906,7.04,3.9017321053878624,34.549893952627485,True,slope_safe_emergency,prediction_domain_infeasible_under_candidate_audit,False,False,True,False,0.4885078000006615,2.0
lhs_002,nominal_mpc_recovery,1030.0,0.4502273730491732,0.45386218016757846,9.04,3.952047224176338,34.65082622590749,True,slope_safe_emergency,prediction_domain_infeasible_under_candidate_audit,False,False,True,False,1.140923599999951,1.9999999999999991
lhs_002,nominal_mpc_recovery,1035.0,0.45285551074856384,0.45605879349253453,10.0,3.98381365057068,34.78580005650552,True,slope_safe_emergency,prediction_domain_infeasible_under_candidate_audit,False,False,True,False,0.9004355999986728,0.9600000000000009
lhs_002,nominal_mpc_recovery,1040.0,0.45548364844795447,0.4592050607650844,10.0,3.995972443679303,34.927451753844615,False,slope_safe_emergency,prediction_domain_infeasible_under_candidate_audit,False,False,True,False,0.0,0.0
lhs_002,nominal_mpc_recovery,1045.0,0.4581117861473451,0.46066022179963284,10.0,4.005923413376766,35.073984428638305,False,slope_safe_emergency,prediction_domain_infeasible_under_candidate_audit,False,False,True,False,0.0,0.0
lhs_002,nominal_mpc_recovery,1050.0,0.46073992384673573,0.4616019053309546,10.0,4.014296043834094,35.22411568389449,False,slope_safe_emergency,prediction_domain_infeasible_under_candidate_audit,False,False,True,False,0.0,0.0
lhs_002,nominal_mpc_recovery,1055.0,0.46336806154612636,0.46401262914902935,10.0,4.021533269084691,35.37692496480513,False,slope_safe_emergency,prediction_domain_infeasible_under_candidate_audit,False,False,True,False,0.0,0.0
lhs_002,nominal_mpc_recovery,1060.0,0.46336806154612636,0.46625766160860405,0.0,3.826915198659796,35.33151669789399,True,hard_safety_emergency,hard_safety_slew_conflict,False,False,True,True,2.172861000000921,10.0
lhs_002,nominal_mpc_recovery,1065.0,0.46336806154612636,0.4660363088826522,0.0,3.810354388984479,35.28641719053765,True,hard_safety_emergency,hard_safety_slew_conflict,False,False,True,True,0.506085200000598,0.0
lhs_002,nominal_mpc_recovery,1070.0,0.46336806154612636,0.465870819444665,0.0,3.798123298259174,35.24162495369119,False,hard_safety_emergency,hard_safety_slew_conflict,False,False,True,True,0.0,0.0
lhs_002,nominal_mpc_recovery,1075.0,0.46336806154612636,0.4648927982419494,0.0,3.788954024339572,35.1971378938691,False,hard_safety_emergency,hard_safety_slew_conflict,False,False,True,True,0.0,0.0
lhs_002,nominal_mpc_recovery,1080.0,0.46336806154612636,0.4656764833348204,0.0,3.781956130092787,35.15295393184909,False,hard_safety_emergency,hard_safety_slew_conflict,False,False,True,True,0.0,0.0
lhs_002,nominal_mpc_recovery,1085.0,0.46336806154612636,0.4649905613369188,0.0,3.7765040183665186,35.109071002575,False,hard_safety_emergency,hard_safety_slew_conflict,False,False,True,True,0.0,0.0
lhs_002,nominal_mpc_recovery,1090.0,0.46336806154612636,0.46393058748224864,0.0,3.7721579211242675,35.065487055060224,True,hard_safety_emergency,hard_safety_slew_conflict,False,False,True,True,0.9837842999986606,0.0
lhs_002,nominal_mpc_recovery,1095.0,0.46336806154612636,0.46385050044458437,0.0,3.768608469834854,35.02220005229187,False,hard_safety_emergency,hard_safety_slew_conflict,False,False,True,True,0.0,0.0
lhs_002,nominal_mpc_recovery,1100.0,0.46336806154612636,0.4635580676289191,0.0,3.765637808770871,34.97920797113558,False,hard_safety_emergency,hard_safety_slew_conflict,False,False,True,True,0.0,0.0
lhs_002,nominal_mpc_recovery,1105.0,0.46336806154612636,0.4634884034063457,0.0,3.7630923136352945,34.93650880224091,False,hard_safety_emergency,hard_safety_slew_conflict,False,False,True,True,0.0,0.0
lhs_002,nominal_mpc_recovery,1110.0,0.46336806154612636,0.4647532870995126,0.0,3.7608634516754065,34.89410054994749,False,hard_safety_emergency,hard_safety_slew_conflict,False,False,True,True,0.0,0.0
lhs_002,nominal_mpc_recovery,1115.0,0.4638936890860045,0.4644993614813733,2.0,3.7990804502146367,34.862147992711016,True,slope_safe_emergency,prediction_domain_infeasible_under_candidate_audit,False,False,True,False,0.3170568000005005,2.0
lhs_002,nominal_mpc_recovery,1120.0,0.46494494416576077,0.46365586097368183,4.0,3.841956238149964,34.85109463721978,True,slope_safe_emergency,prediction_domain_infeasible_under_candidate_audit,False,False,True,False,0.7276426999997057,2.0
lhs_002,nominal_mpc_recovery,1125.0,0.46652182678539517,0.46388372408055123,6.0,3.888496396096899,34.87278461444181,True,slope_safe_emergency,prediction_domain_infeasible_under_candidate_audit,False,False,True,False,0.9894710000007763,2.0
lhs_002,nominal_mpc_recovery,1130.0,0.4686243369449077,0.4654932871324807,8.0,3.9379936262324504,34.9400039455879,True,slope_safe_emergency,prediction_domain_infeasible_under_candidate_audit,False,False,True,False,1.0939748999990115,2.0
lhs_002,nominal_mpc_recovery,1135.0,0.4711999118903105,0.46706421920638513,9.8,3.9859219425323826,35.06041898982827,True,slope_safe_emergency,prediction_domain_infeasible_under_candidate_audit,False,False,True,False,0.7950270000001183,1.8000000000000007
lhs_002,nominal_mpc_recovery,1140.0,0.47377548683571336,0.47065703730788677,9.8,3.9993032761630536,35.188423625822594,False,slope_safe_emergency,prediction_domain_infeasible_under_candidate_audit,False,False,True,False,0.0,0.0
lhs_002,nominal_mpc_recovery,1145.0,0.4763510617811162,0.4734210247185227,9.8,4.010127435503318,35.32197445144077,False,slope_safe_emergency,prediction_domain_infeasible_under_candidate_audit,False,False,True,False,0.0,0.0
lhs_002,nominal_mpc_recovery,1150.0,0.47892663672651903,0.4760105406266695,9.8,4.019128162760306,35.459615909114966,False,slope_safe_emergency,prediction_domain_infeasible_under_candidate_audit,False,False,True,False,0.0,0.0
lhs_002,nominal_mpc_recovery,1155.0,0.48150221167192186,0.47944625400737,9.8,4.02682155488171,35.60030570820327,False,slope_safe_emergency,prediction_domain_infeasible_under_candidate_audit,False,False,True,False,0.0,0.0
lhs_002,nominal_mpc_recovery,1160.0,0.48150221167192186,0.48260908646600637,0.0,3.836526167879177,35.553375478036756,True,hard_safety_emergency,hard_safety_slew_conflict,False,False,True,True,0.9581239999988611,9.8
lhs_002,nominal_mpc_recovery,1165.0,0.48150221167192186,0.48259970298176436,0.0,3.82062773313572,35.50676440959041,True,hard_safety_emergency,hard_safety_slew_conflict,False,False,True,True,0.34284889999980805,0.0
lhs_002,nominal_mpc_recovery,1170.0,0.48150221167192186,0.4829850175845655,0.0,3.8089016921352603,35.46047091017326,False,hard_safety_emergency,hard_safety_slew_conflict,False,False,True,True,0.0,0.0
lhs_002,nominal_mpc_recovery,1175.0,0.48150221167192186,0.48378641976210235,0.0,3.8001254932414077,35.41449281613421,False,hard_safety_emergency,hard_safety_slew_conflict,False,False,True,True,0.0,0.0
lhs_002,nominal_mpc_recovery,1180.0,0.48150221167192186,0.4845276075132379,0.0,3.79344057782047,35.36882797856353,False,hard_safety_emergency,hard_safety_slew_conflict,False,False,True,True,0.0,0.0
lhs_002,nominal_mpc_recovery,1185.0,0.48150221167192186,0.48552093268920926,0.0,3.78824377371647,35.32347426319233,False,hard_safety_emergency,hard_safety_slew_conflict,False,False,True,True,0.0,0.0
lhs_002,nominal_mpc_recovery,1190.0,0.48150221167192186,0.48372438510833726,0.0,3.7841111035718225,35.27842955029288,True,hard_safety_emergency,hard_safety_slew_conflict,False,False,True,True,0.707940399999643,0.0
lhs_002,nominal_mpc_recovery,1195.0,0.48150221167192186,0.483087502888571,0.0,3.7807443330445145,35.23369173457949,False,hard_safety_emergency,hard_safety_slew_conflict,False,False,True,True,0.0,0.0
lhs_002,nominal_mpc_recovery,1200.0,0.48150221167192186,0.4837818374301585,0.0,3.7779334716964215,35.18925872511014,False,hard_safety_emergency,hard_safety_slew_conflict,False,False,True,True,0.0,0.0
lhs_002,nominal_mpc_recovery,1205.0,0.48150221167192186,0.48453607451585395,0.0,3.775530465139232,35.14512844518877,False,hard_safety_emergency,hard_safety_slew_conflict,False,False,True,True,0.0,0.0
lhs_002,nominal_mpc_recovery,1210.0,0.48150221167192186,0.4839020890101916,0.0,3.7734307381830843,35.101298832268164,False,hard_safety_emergency,hard_safety_slew_conflict,False,False,True,True,0.0,0.0
lhs_002,nominal_mpc_recovery,1215.0,0.48150221167192186,0.4837301071390866,0.0,3.7715602457120854,35.05776783785361,True,hard_safety_emergency,hard_safety_slew_conflict,False,False,True,True,0.8940065999995568,0.0
lhs_002,nominal_mpc_recovery,1220.0,0.48150221167192186,0.4841580885307832,0.0,3.76986638741713,35.01453342740713,False,hard_safety_emergency,hard_safety_slew_conflict,False,False,True,True,0.0,0.0
lhs_002,nominal_mpc_recovery,1225.0,0.48150221167192186,0.4845986020817275,0.0,3.7683116331678024,34.97159358025239,False,hard_safety_emergency,hard_safety_slew_conflict,False,False,True,True,0.0,0.0
lhs_002,nominal_mpc_recovery,1230.0,0.48150221167192186,0.4848474082878767,0.0,3.7668690500096638,34.928946289480265,False,hard_safety_emergency,hard_safety_slew_conflict,False,False,True,True,0.0,0.0
lhs_002,nominal_mpc_recovery,1235.0,0.48150221167192186,0.48450749731560383,0.0,3.765519163241484,34.88658956185504,False,hard_safety_emergency,hard_safety_slew_conflict,False,False,True,True,0.0,0.0
lhs_002,nominal_mpc_recovery,1240.0,0.4820278392118,0.4851086645388128,2.0,3.8044604879644495,34.85334190308314,True,slope_safe_emergency,prediction_domain_infeasible_under_candidate_audit,False,False,True,False,0.3796191999990697,2.0
lhs_002,nominal_mpc_recovery,1245.0,0.48307909429155627,0.4856058379410098,4.0,3.8479504003986547,34.83982973231486,True,slope_safe_emergency,prediction_domain_infeasible_under_candidate_audit,False,False,True,False,0.7406737999990582,2.0
lhs_002,nominal_mpc_recovery,1250.0,0.48465597691119067,0.48770520440532095,6.0,3.8950262505764393,34.85803867267604,True,slope_safe_emergency,prediction_domain_infeasible_under_candidate_audit,False,False,True,False,0.8146622999993269,2.0
lhs_002,nominal_mpc_recovery,1255.0,0.48673746196910805,0.48834660547805286,7.92,3.943395099403636,34.919048001684686,True,slope_safe_emergency,prediction_domain_infeasible_under_candidate_audit,False,False,True,False,1.3574001000015414,1.92
lhs_002,nominal_mpc_recovery,1260.0,0.4870797506230767,0.4906839831375377,1.3023999999999996,3.8223237495028437,34.88417004684944,True,hard_safety_emergency,hard_safety_slew_conflict,False,False,True,True,0.4754458000006707,6.6176
lhs_002,nominal_mpc_recovery,1265.0,0.4879476668169234,0.4899270184308741,3.3023999999999996,3.8573101300342327,34.86755193770158,True,slope_safe_emergency,prediction_domain_infeasible_under_candidate_audit,False,False,True,False,1.2602908999997453,2.0
lhs_002,nominal_mpc_recovery,1270.0,0.48871045750279457,0.491154833050332,2.9023999999999996,3.8499818025985153,34.8465325600073,True,slope_safe_emergency,prediction_domain_infeasible_under_candidate_audit,False,False,True,False,0.5151158000007854,0.3999999999999999
lhs_002,nominal_mpc_recovery,1275.0,0.4894732481886657,0.49279211112437954,2.9023999999999996,3.849876476103828,34.82547858227317,False,slope_safe_emergency,prediction_domain_infeasible_under_candidate_audit,False,False,True,False,0.0,0.0
lhs_002,nominal_mpc_recovery,1280.0,0.4902360388745369,0.4930281245141264,2.9023999999999996,3.8500135069266803,34.80444641685517,False,slope_safe_emergency,prediction_domain_infeasible_under_candidate_audit,False,False,True,False,0.0,0.0
lhs_002,nominal_mpc_recovery,1285.0,0.490998829560408,0.4923352445896318,2.9023999999999996,3.8503201210407294,34.783475191939196,False,slope_safe_emergency,prediction_domain_infeasible_under_candidate_audit,False,False,True,False,0.0,0.0
lhs_002,nominal_mpc_recovery,1290.0,0.4917616202462792,0.4931836580663439,2.9023999999999996,3.850745293643034,34.76259192767993,False,slope_safe_emergency,prediction_domain_infeasible_under_candidate_audit,False,False,True,False,0.0,0.0
lhs_002,nominal_mpc_recovery,1295.0,0.4924403105257698,0.4940542773187123,2.5824000000000003,3.8448183060041443,34.73855131181146,True,slope_safe_emergency,prediction_domain_infeasible_under_candidate_audit,False,False,True,False,0.5301798000000417,0.3199999999999994
lhs_002,nominal_mpc_recovery,1300.0,0.49311900080526044,0.4947450378560864,2.5824000000000003,3.844666162579558,34.71452626088777,False,slope_safe_emergency,prediction_domain_infeasible_under_candidate_audit,False,False,True,False,0.0,0.0
lhs_002,nominal_mpc_recovery,1305.0,0.4937976910847511,0.4954482395662596,2.5824000000000003,3.8447070526178,34.69055627478802,False,slope_safe_emergency,prediction_domain_infeasible_under_candidate_audit,False,False,True,False,0.0,0.0
lhs_002,nominal_mpc_recovery,1310.0,0.4944763813642417,0.4973638403487473,2.5824000000000003,3.844884588619815,34.66666894094471,False,slope_safe_emergency,prediction_domain_infeasible_under_candidate_audit,False,False,True,False,0.0,0.0
lhs_002,nominal_mpc_recovery,1315.0,0.49515507164373235,0.4981728774033281,2.5824000000000003,3.8451591730249417,34.64288349015466,False,slope_safe_emergency,prediction_domain_infeasible_under_candidate_audit,False,False,True,False,0.0,0.0
lhs_002,nominal_mpc_recovery,1320.0,0.4963593894631011,0.49965927153456474,4.5824,3.8857236528973758,34.64337235027823,True,slope_safe_emergency,prediction_domain_infeasible_under_candidate_audit,False,False,True,False,0.3726611000001867,1.9999999999999996
lhs_002,nominal_mpc_recovery,1325.0,0.4970245059370019,0.5016758004582915,2.5307519999999997,3.849346044998694,34.6199537672919,True,hard_safety_emergency,hard_safety_slew_conflict,False,False,True,True,0.292037999999593,2.051648
lhs_002,nominal_mpc_recovery,1330.0,0.49821524995078087,0.5027492783214992,4.530752,3.888925530760899,34.62076118403451,True,slope_safe_emergency,prediction_domain_infeasible_under_candidate_audit,False,False,True,False,0.46756210000057763,2.0
lhs_002,nominal_mpc_recovery,1335.0,0.499931621504438,0.5036952940430909,6.530752,3.9333228848318007,34.65721766383163,True,slope_safe_emergency,prediction_domain_infeasible_under_candidate_audit,False,False,True,False,0.37577149999924586,2.0
lhs_002,nominal_mpc_recovery,1340.0,0.5006460679127054,0.5047235527933795,2.7184511999999996,3.864591621756746,34.63732572295706,True,hard_safety_emergency,hard_safety_slew_conflict,False,False,True,True,0.4350635999999213,3.8123008
lhs_002,nominal_mpc_recovery,1345.0,0.5015182025829362,0.5059196002707768,3.3184511999999993,3.874565079311911,34.62383811730766,True,slope_safe_emergency,prediction_domain_infeasible_under_candidate_audit,False,False,True,False,0.8592018999988795,0.5999999999999996
lhs_002,nominal_mpc_recovery,1350.0,0.5023903372531671,0.5070222014898885,3.3184511999999993,3.8745891230084606,34.61024244895892,False,slope_safe_emergency,prediction_domain_infeasible_under_candidate_audit,False,False,True,False,0.0,0.0
lhs_002,nominal_mpc_recovery,1355.0,0.5032624719233979,0.5072476656483732,3.3184511999999993,3.874868248255133,34.59660738956143,False,slope_safe_emergency,prediction_domain_infeasible_under_candidate_audit,False,False,True,False,0.0,0.0
lhs_002,nominal_mpc_recovery,1360.0,0.5041346065936287,0.5088536308049342,3.3184511999999993,3.87532479124952,34.582980551185685,False,slope_safe_emergency,prediction_domain_infeasible_under_candidate_audit,False,False,True,False,0.0,0.0
lhs_002,nominal_mpc_recovery,1365.0,0.5050067412638596,0.5102082713357188,3.3184511999999993,3.875904333484111,34.569394774645325,False,slope_safe_emergency,prediction_domain_infeasible_under_candidate_audit,False,False,True,False,0.0,0.0
lhs_002,nominal_mpc_recovery,1370.0,0.5064045034739685,0.5104230958746357,5.318451199999999,3.916791007525014,34.58476915096823,True,slope_safe_emergency,prediction_domain_infeasible_under_candidate_audit,False,False,True,False,0.28100869999980205,2.0
lhs_002,nominal_mpc_recovery,1375.0,0.5080966171064092,0.5116414820950369,6.438451199999999,3.9445271507353725,34.62246213346011,True,slope_safe_emergency,prediction_domain_infeasible_under_candidate_audit,False,False,True,False,0.5780180000001565,1.12
lhs_002,nominal_mpc_recovery,1380.0,0.5097887307388499,0.5128328524424624,6.438451199999999,3.9513358350121575,34.66252127902014,False,slope_safe_emergency,prediction_domain_infeasible_under_candidate_audit,False,False,True,False,0.0,0.0
lhs_002,nominal_mpc_recovery,1385.0,0.5114808443712906,0.5136146005999255,6.438451199999999,3.9569545884367514,34.70432335527609,False,slope_safe_emergency,prediction_domain_infeasible_under_candidate_audit,False,False,True,False,0.0,0.0
lhs_002,nominal_mpc_recovery,1390.0,0.5131729580037313,0.5146242627840173,6.438451199999999,3.9617224735325807,34.747423626812946,False,slope_safe_emergency,prediction_domain_infeasible_under_candidate_audit,False,False,True,False,0.0,0.0
lhs_002,nominal_mpc_recovery,1395.0,0.514865071636172,0.5180904662197364,6.438451199999999,3.9658780378614367,34.79150286672568,False,slope_safe_emergency,prediction_domain_infeasible_under_candidate_audit,False,False,True,False,0.0,0.0
lhs_002,nominal_mpc_recovery,1400.0,0.5161261706859126,0.5204160050628736,4.798451199999999,3.936607314483166,34.80474744770543,True,slope_safe_emergency,prediction_domain_infeasible_under_candidate_audit,False,False,True,False,1.1633943999986514,1.6400000000000006
lhs_002,nominal_mpc_recovery,1405.0,0.5173872697356532,0.5212178697710217,4.798451199999999,3.936311578136912,34.81734018198931,False,slope_safe_emergency,prediction_domain_infeasible_under_candidate_audit,False,False,True,False,0.0,0.0
lhs_002,nominal_mpc_recovery,1410.0,0.5186483687853938,0.5217402639747215,4.798451199999999,3.936557712714617,34.829494528000225,False,slope_safe_emergency,prediction_domain_infeasible_under_candidate_audit,False,False,True,False,0.0,0.0
lhs_002,nominal_mpc_recovery,1415.0,0.5199094678351344,0.5229281252228429,4.798451199999999,3.937179006725991,34.84135839375803,False,slope_safe_emergency,prediction_domain_infeasible_under_candidate_audit,False,False,True,False,0.0,0.0
lhs_002,nominal_mpc_recovery,1420.0,0.521170566884875,0.5254528142163967,4.798451199999999,3.9380587286343145,34.85303384488242,False,slope_safe_emergency,prediction_domain_infeasible_under_candidate_audit,False,False,True,False,0.0,0.0
lhs_002,nominal_mpc_recovery,1425.0,0.521170566884875,0.5269004265654383,0.0,3.842612534368721,34.81119448803207,True,hard_safety_emergency,hard_safety_slew_conflict,False,False,True,True,0.5408413000004657,4.798451199999999
lhs_002,nominal_mpc_recovery,1430.0,0.521170566884875,0.527010860934799,0.0,3.8330167589824606,34.76964002318514,True,hard_safety_emergency,hard_safety_slew_conflict,False,False,True,True,1.123343899998872,0.0
lhs_002,nominal_mpc_recovery,1435.0,0.521170566884875,0.526190745609381,0.0,3.825794691480779,34.72836867587874,False,hard_safety_emergency,hard_safety_slew_conflict,False,False,True,True,0.0,0.0
lhs_002,nominal_mpc_recovery,1440.0,0.521170566884875,0.5256969746518138,0.0,3.820257358642813,34.687378517185564,False,hard_safety_emergency,hard_safety_slew_conflict,False,False,True,True,0.0,0.0
lhs_002,nominal_mpc_recovery,1445.0,0.521170566884875,0.5268188242426399,0.0,3.8159206513641797,34.64666763132042,False,hard_safety_emergency,hard_safety_slew_conflict,False,False,True,True,0.0,0.0
lhs_002,nominal_mpc_recovery,1450.0,0.521170566884875,0.5267711243270069,0.0,3.8124442088525865,34.60623411555068,False,hard_safety_emergency,hard_safety_slew_conflict,False,False,True,True,0.0,0.0
lhs_002,nominal_mpc_recovery,1455.0,0.521170566884875,0.5274033425429714,0.0,3.8095885431048093,34.56607608010733,True,hard_safety_emergency,hard_safety_slew_conflict,False,False,True,True,0.9041398999997909,0.0
lhs_002,nominal_mpc_recovery,1460.0,0.521170566884875,0.5273208937349998,0.0,3.8071849594543066,34.52619164809671,False,hard_safety_emergency,hard_safety_slew_conflict,False,False,True,True,0.0,0.0
lhs_002,nominal_mpc_recovery,1465.0,0.521170566884875,0.5272414574664441,0.0,3.805114453935111,34.48657895541274,False,hard_safety_emergency,hard_safety_slew_conflict,False,False,True,True,0.0,0.0
lhs_002,nominal_mpc_recovery,1470.0,0.521170566884875,0.5267753174305407,0.0,3.803292908155988,34.44723615064977,False,hard_safety_emergency,hard_safety_slew_conflict,False,False,True,True,0.0,0.0
lhs_002,nominal_mpc_recovery,1475.0,0.521170566884875,0.5263461672068689,0.0,3.801660702081699,34.40816139501614,False,hard_safety_emergency,hard_safety_slew_conflict,False,False,True,True,0.0,0.0
lhs_002,nominal_mpc_recovery,1480.0,0.5216961944247531,0.5262812670748681,2.0,3.8403977996048764,34.37842213910489,True,slope_safe_emergency,prediction_domain_infeasible_under_candidate_audit,False,False,True,False,0.8034850000003644,2.0
lhs_002,nominal_mpc_recovery,1485.0,0.5227474495045094,0.5257115259092552,4.0,3.883741239126745,34.3685932966214,True,slope_safe_emergency,prediction_domain_infeasible_under_candidate_audit,False,False,True,False,0.07235760000003211,2.0
lhs_002,nominal_mpc_recovery,1490.0,0.5243243321241438,0.5262120071946031,6.0,3.93071340028271,34.390625820677045,True,slope_safe_emergency,prediction_domain_infeasible_under_candidate_audit,False,False,True,False,0.26187410000056843,2.0
lhs_002,nominal_mpc_recovery,1495.0,0.5264268422836563,0.5282942809078005,8.0,3.980618629572599,34.457395878999954,True,slope_safe_emergency,prediction_domain_infeasible_under_candidate_audit,False,False,True,False,0.5092222000002948,2.0
lhs_002,nominal_mpc_recovery,1500.0,0.5284137143843957,0.5299541520529975,7.5600000000000005,3.98388685358459,34.5198239911042,True,slope_safe_emergency,prediction_domain_infeasible_under_candidate_audit,False,False,True,False,1.4841618000009476,0.4399999999999995
lhs_002,nominal_mpc_recovery,1505.0,0.530400586485135,0.5327025360630108,7.5600000000000005,3.9926020469126335,34.585837339015185,False,slope_safe_emergency,prediction_domain_infeasible_under_candidate_audit,False,False,True,False,0.0,0.0
lhs_002,nominal_mpc_recovery,1510.0,0.5323874585858743,0.5348403930314112,7.5600000000000005,3.9998086084312456,34.654507258161644,False,slope_safe_emergency,prediction_domain_infeasible_under_candidate_audit,False,False,True,False,0.0,0.0
lhs_002,nominal_mpc_recovery,1515.0,0.5343743306866137,0.5358199612831729,7.5600000000000005,4.0059347528622515,34.72516962932653,False,slope_safe_emergency,prediction_domain_infeasible_under_candidate_audit,False,False,True,False,0.0,0.0
lhs_002,nominal_mpc_recovery,1520.0,0.536361202787353,0.5363516233000662,7.5600000000000005,4.011281866184879,34.79734648857833,False,slope_safe_emergency,prediction_domain_infeasible_under_candidate_audit,False,False,True,False,0.0,0.0
lhs_002,nominal_mpc_recovery,1525.0,0.536361202787353,0.538483373400479,0.0,3.8640064063520216,34.755886725139916,True,hard_safety_emergency,hard_safety_slew_conflict,False,False,True,True,0.519315400000778,7.5600000000000005
lhs_002,nominal_mpc_recovery,1530.0,0.536361202787353,0.5376384124925798,0.0,3.8513814371581456,34.71470908136047,True,hard_safety_emergency,hard_safety_slew_conflict,False,False,True,True,1.3293174000009458,0.0
lhs_002,nominal_mpc_recovery,1535.0,0.536361202787353,0.537979673386394,0.0,3.8420573891114307,34.67381198777639,False,hard_safety_emergency,hard_safety_slew_conflict,False,False,True,True,0.0,0.0
lhs_002,nominal_mpc_recovery,1540.0,0.536361202787353,0.5384425039698904,0.0,3.8350676209708943,34.63319353295215,False,hard_safety_emergency,hard_safety_slew_conflict,False,False,True,True,0.0,0.0
lhs_002,nominal_mpc_recovery,1545.0,0.536361202787353,0.5386794898894907,0.0,3.8297332690047945,34.59285181847511,False,hard_safety_emergency,hard_safety_slew_conflict,False,False,True,True,0.0,0.0
lhs_002,nominal_mpc_recovery,1550.0,0.536361202787353,0.5388076138106825,0.0,3.8255773821938877,34.55278495886687,False,hard_safety_emergency,hard_safety_slew_conflict,False,False,True,True,0.0,0.0
lhs_002,nominal_mpc_recovery,1555.0,0.5368868303272312,0.5386886378581446,2.0,3.8624908418144925,34.52335406331725,True,slope_safe_emergency,prediction_domain_infeasible_under_candidate_audit,False,False,True,False,0.38830330000018876,2.0
lhs_002,nominal_mpc_recovery,1560.0,0.5379380854069874,0.5390244085053006,4.0,3.904505517499892,34.514708151844715,True,slope_safe_emergency,prediction_domain_infeasible_under_candidate_audit,False,False,True,False,0.5622177999994165,2.0
lhs_002,nominal_mpc_recovery,1565.0,0.5395149680266218,0.5397708298979063,6.0,3.9505002588056986,34.5385406842387,True,slope_safe_emergency,prediction_domain_infeasible_under_candidate_audit,False,False,True,False,0.0761566999990464,2.0
lhs_002,nominal_mpc_recovery,1570.0,0.5416174781861344,0.5429081721872114,8.0,3.9996792397924676,34.60757285431132,True,slope_safe_emergency,prediction_domain_infeasible_under_candidate_audit,False,False,True,False,0.664454100000512,2.0
lhs_002,nominal_mpc_recovery,1575.0,0.544245615885525,0.5446923672826486,10.0,4.0514757067537985,34.735222488566336,True,slope_safe_emergency,prediction_domain_infeasible_under_candidate_audit,False,False,True,False,1.6549285000000964,2.0
lhs_002,nominal_mpc_recovery,1580.0,0.5464690203792095,0.5468373373387918,8.46,4.034276042601665,34.827649574302875,True,slope_safe_emergency,prediction_domain_infeasible_under_candidate_audit,False,False,True,False,1.44836800000121,1.5399999999999991
lhs_002,nominal_mpc_recovery,1585.0,0.548692424872894,0.5488466863096046,8.46,4.042007071516987,34.92309592924293,False,slope_safe_emergency,prediction_domain_infeasible_under_candidate_audit,False,False,True,False,0.0,0.0
lhs_002,nominal_mpc_recovery,1590.0,0.5509158293665786,0.5504473967520542,8.46,4.048630614919429,35.02079878417324,False,slope_safe_emergency,prediction_domain_infeasible_under_candidate_audit,False,False,True,False,0.0,0.0
lhs_002,nominal_mpc_recovery,1595.0,0.5531392338602631,0.5524970624604775,8.46,4.054454871854687,35.120208203675574,False,slope_safe_emergency,prediction_domain_infeasible_under_candidate_audit,False,False,True,False,0.0,0.0
lhs_002,nominal_mpc_recovery,1600.0,0.5553626383539476,0.5552879733684964,8.46,4.059697115922608,35.2209242965461,False,slope_safe_emergency,prediction_domain_infeasible_under_candidate_audit,False,False,True,False,0.0,0.0
lhs_002,nominal_mpc_recovery,1605.0,0.5553626383539476,0.5581009308558825,0.0,3.894309985420024,35.176578723782725,True,hard_safety_emergency,hard_safety_slew_conflict,False,False,True,True,2.1988490000003367,8.46
lhs_002,nominal_mpc_recovery,1610.0,0.5553626383539476,0.5578551805539308,0.0,3.879746354370487,35.1325348348377,True,hard_safety_emergency,hard_safety_slew_conflict,False,False,True,True,0.8940414999997301,0.0
lhs_002,nominal_mpc_recovery,1615.0,0.5553626383539476,0.5571588267658694,0.0,3.8689782394486025,35.08879102429723,False,hard_safety_emergency,hard_safety_slew_conflict,False,False,True,True,0.0,0.0
lhs_002,nominal_mpc_recovery,1620.0,0.5553626383539476,0.556735840739547,0.0,3.860894720572723,35.0453452476768,False,hard_safety_emergency,hard_safety_slew_conflict,False,False,True,True,0.0,0.0
lhs_002,nominal_mpc_recovery,1625.0,0.5553626383539476,0.5562842686843306,0.0,3.8547155855889654,35.00219547442131,False,hard_safety_emergency,hard_safety_slew_conflict,False,False,True,True,0.0,0.0
lhs_002,nominal_mpc_recovery,1630.0,0.5553626383539476,0.5554193661543169,0.0,3.849892657136553,34.959339687810186,False,hard_safety_emergency,hard_safety_slew_conflict,False,False,True,True,0.0,0.0
lhs_002,nominal_mpc_recovery,1635.0,0.5553626383539476,0.5549640541681649,0.0,3.8460405695486544,34.916775884863085,True,hard_safety_emergency,hard_safety_slew_conflict,False,False,True,True,0.8778639000011026,0.0
lhs_002,nominal_mpc_recovery,1640.0,0.5553626383539476,0.55537604016584,0.0,3.8428882057577995,34.87450207624632,False,hard_safety_emergency,hard_safety_slew_conflict,False,False,True,True,0.0,0.0
lhs_002,nominal_mpc_recovery,1645.0,0.5553626383539476,0.5569743279471004,0.0,3.8402446277732327,34.83251628617988,False,hard_safety_emergency,hard_safety_slew_conflict,False,False,True,True,0.0,0.0
lhs_002,nominal_mpc_recovery,1650.0,0.5553626383539476,0.5568703124387209,0.0,3.8379751748186606,34.79081655234504,False,hard_safety_emergency,hard_safety_slew_conflict,False,False,True,True,0.0,0.0
lhs_002,nominal_mpc_recovery,1655.0,0.5553626383539476,0.5567447435343105,0.0,3.8359846943913265,34.74940092579272,False,hard_safety_emergency,hard_safety_slew_conflict,False,False,True,True,0.0,0.0
lhs_002,nominal_mpc_recovery,1660.0,0.5558882658938258,0.5557753538921542,2.0,3.874441798640034,34.71789771525308,True,slope_safe_emergency,prediction_domain_infeasible_under_candidate_audit,False,False,True,False,0.3418904999998631,2.0
lhs_002,nominal_mpc_recovery,1665.0,0.556939520973582,0.5566269740854057,4.0,3.917566770000362,34.706806698864504,True,slope_safe_emergency,prediction_domain_infeasible_under_candidate_audit,False,False,True,False,1.2986012999990635,2.0
lhs_002,nominal_mpc_recovery,1670.0,0.5585164035932164,0.5575321051648672,6.0,3.9643712722587106,34.72802034292375,True,slope_safe_emergency,prediction_domain_infeasible_under_candidate_audit,False,False,True,False,0.252927899999122,2.0
lhs_002,nominal_mpc_recovery,1675.0,0.560618913752729,0.5593580781447978,8.0,4.014153430237422,34.794367278356646,True,slope_safe_emergency,prediction_domain_infeasible_under_candidate_audit,False,False,True,False,0.6864518000002136,2.0
lhs_002,nominal_mpc_recovery,1680.0,0.5631524384949416,0.5619918967336608,9.64,4.059169839906676,34.909089166008826,True,slope_safe_emergency,prediction_domain_infeasible_under_candidate_audit,False,False,True,False,0.0379133999995247,1.6400000000000006
lhs_002,nominal_mpc_recovery,1685.0,0.5656859632371541,0.564407449187499,9.64,4.072494055989182,35.03115381905813,False,slope_safe_emergency,prediction_domain_infeasible_under_candidate_audit,False,False,True,False,0.0,0.0
lhs_002,nominal_mpc_recovery,1690.0,0.5682194879793667,0.5667550780956813,9.64,4.083335186027758,35.158605274186954,False,slope_safe_emergency,prediction_domain_infeasible_under_candidate_audit,False,False,True,False,0.0,0.0
lhs_002,nominal_mpc_recovery,1695.0,0.5707530127215793,0.5700442764292265,9.64,4.092406014995754,35.29004919106741,False,slope_safe_emergency,prediction_domain_infeasible_under_candidate_audit,False,False,True,False,0.0,0.0
lhs_002,nominal_mpc_recovery,1700.0,0.5732865374637919,0.573840367002444,9.64,4.100207993646488,35.424486112489525,False,slope_safe_emergency,prediction_domain_infeasible_under_candidate_audit,False,False,True,False,0.0,0.0
lhs_002,nominal_mpc_recovery,1705.0,0.5732865374637919,0.5756240513008987,0.0,3.913081931271413,35.378753747634896,True,hard_safety_emergency,hard_safety_slew_conflict,False,False,True,True,1.7376107000000047,9.64
lhs_002,nominal_mpc_recovery,1710.0,0.5732865374637919,0.5767247583616221,0.0,3.897509550669896,35.33333240633379,True,hard_safety_emergency,hard_safety_slew_conflict,False,False,True,True,0.3638925000013842,0.0
lhs_002,nominal_mpc_recovery,1715.0,0.5732865374637919,0.5768538148915755,0.0,3.8860433656335855,35.28822052825122,False,hard_safety_emergency,hard_safety_slew_conflict,False,False,True,True,0.0,0.0
lhs_002,nominal_mpc_recovery,1720.0,0.5732865374637919,0.57613305170562,0.0,3.8774793443451676,35.24341600496239,False,hard_safety_emergency,hard_safety_slew_conflict,False,False,True,True,0.0,0.0
lhs_002,nominal_mpc_recovery,1725.0,0.5732865374637919,0.5762707211989846,0.0,3.87097196959571,35.198916742407505,False,hard_safety_emergency,hard_safety_slew_conflict,False,False,True,True,0.0,0.0
lhs_002,nominal_mpc_recovery,1730.0,0.5732865374637919,0.5758922996114993,0.0,3.865927265458712,35.15472066079397,False,hard_safety_emergency,hard_safety_slew_conflict,False,False,True,True,0.0,0.0
lhs_002,nominal_mpc_recovery,1735.0,0.5732865374637919,0.5762874332484446,0.0,3.8619277514195742,35.110825694499184,True,hard_safety_emergency,hard_safety_slew_conflict,False,False,True,True,0.35624170000119193,0.0
lhs_002,nominal_mpc_recovery,1740.0,0.5732865374637919,0.5754243775989025,0.0,3.858679794481799,35.06722979197394,False,hard_safety_emergency,hard_safety_slew_conflict,False,False,True,True,0.0,0.0
lhs_002,nominal_mpc_recovery,1745.0,0.5732865374637919,0.5751892491018974,0.0,3.8559766740759263,35.02393091564663,False,hard_safety_emergency,hard_safety_slew_conflict,False,False,True,True,0.0,0.0
lhs_002,nominal_mpc_recovery,1750.0,0.5732865374637919,0.5754546795573506,0.0,3.8536726699494164,34.98092704182791,False,hard_safety_emergency,hard_safety_slew_conflict,False,False,True,True,0.0,0.0
lhs_002,nominal_mpc_recovery,1755.0,0.5732865374637919,0.5757332026888029,0.0,3.851664883006136,34.93821616061621,False,hard_safety_emergency,hard_safety_slew_conflict,False,False,True,True,0.0,0.0
lhs_002,nominal_mpc_recovery,1760.0,0.5732865374637919,0.5766456588080535,0.0,3.8498804810528227,34.89579627580374,True,hard_safety_emergency,hard_safety_slew_conflict,False,False,True,True,1.4237710000015795,0.0
lhs_002,nominal_mpc_recovery,1765.0,0.5732865374637919,0.5761414533860738,0.0,3.8482677503000375,34.853665404783214,False,hard_safety_emergency,hard_safety_slew_conflict,False,False,True,True,0.0,0.0
lhs_002,nominal_mpc_recovery,1770.0,0.5732865374637919,0.5763738715024304,0.0,3.846789816739176,34.81182157845518,False,hard_safety_emergency,hard_safety_slew_conflict,False,False,True,True,0.0,0.0
lhs_002,nominal_mpc_recovery,1775.0,0.5732865374637919,0.5773982960434811,0.0,3.8454202405462046,34.770262841135995,False,hard_safety_emergency,hard_safety_slew_conflict,False,False,True,True,0.0,0.0
lhs_002,nominal_mpc_recovery,1780.0,0.5732865374637919,0.577060808475623,0.0,3.844139924500428,34.7289872504664,False,hard_safety_emergency,hard_safety_slew_conflict,False,False,True,True,0.0,0.0
lhs_002,nominal_mpc_recovery,1785.0,0.57381216500367,0.5759301198283493,2.0,3.8831854978624016,34.696600657429315,True,slope_safe_emergency,prediction_domain_infeasible_under_candidate_audit,False,False,True,False,0.522633799999312,2.0
lhs_002,nominal_mpc_recovery,1790.0,0.5748634200834263,0.5757167126587478,4.0,3.9268153354757587,34.683748108047624,True,slope_safe_emergency,prediction_domain_infeasible_under_candidate_audit,False,False,True,False,0.0745628000004217,2.0
lhs_002,nominal_mpc_recovery,1795.0,0.5764403027030607,0.5771326783929266,6.0,3.9740685236299913,34.70243261571931,True,slope_safe_emergency,prediction_domain_infeasible_under_candidate_audit,False,False,True,False,0.07280859999991662,2.0
lhs_002,nominal_mpc_recovery,1800.0,0.5785428128625733,0.5772098445752979,8.0,4.024263252924412,34.76557080013183,True,slope_safe_emergency,prediction_domain_infeasible_under_candidate_audit,False,False,True,False,0.5295044000013149,2.0
lhs_002,nominal_mpc_recovery,1805.0,0.5811709505619639,0.5797588029239577,10.0,4.076914630602849,34.886707214201294,True,slope_safe_emergency,prediction_domain_infeasible_under_candidate_audit,False,False,True,False,0.5034832000001188,2.0
lhs_002,nominal_mpc_recovery,1810.0,0.5834416615342374,0.5823147782712265,8.64,4.064038250470704,34.978511573968056,True,slope_safe_emergency,prediction_domain_infeasible_under_candidate_audit,False,False,True,False,0.03848639999887382,1.3599999999999994
lhs_002,nominal_mpc_recovery,1815.0,0.5857123725065109,0.5840368734469396,8.64,4.07278177547041,35.073957162398855,False,slope_safe_emergency,prediction_domain_infeasible_under_candidate_audit,False,False,True,False,0.0,0.0
lhs_002,nominal_mpc_recovery,1820.0,0.5879830834787844,0.5865633042900589,8.64,4.0802641951461975,35.17215248942092,False,slope_safe_emergency,prediction_domain_infeasible_under_candidate_audit,False,False,True,False,0.0,0.0
lhs_002,nominal_mpc_recovery,1825.0,0.5902537944510579,0.58979053567245,8.64,4.086837764625122,35.2724545577848,False,slope_safe_emergency,prediction_domain_infeasible_under_candidate_audit,False,False,True,False,0.0,0.0
lhs_002,nominal_mpc_recovery,1830.0,0.5925245054233313,0.5929884738763417,8.64,4.092750813555591,35.37439553282156,False,slope_safe_emergency,prediction_domain_infeasible_under_candidate_audit,False,False,True,False,0.0,0.0
lhs_002,nominal_mpc_recovery,1835.0,0.5925245054233313,0.594961997077839,0.0,3.924199779281872,35.329004341828806,True,hard_safety_emergency,hard_safety_slew_conflict,False,False,True,True,1.5892034000007698,8.64
lhs_002,nominal_mpc_recovery,1840.0,0.5925245054233313,0.595541809685024,0.0,3.909641099269392,35.283921951575834,True,hard_safety_emergency,hard_safety_slew_conflict,False,False,True,True,0.12431370000012976,0.0
lhs_002,nominal_mpc_recovery,1845.0,0.5925245054233313,0.5948111268375803,0.0,3.898927902010005,35.23914671521106,False,hard_safety_emergency,hard_safety_slew_conflict,False,False,True,True,0.0,0.0
lhs_002,nominal_mpc_recovery,1850.0,0.5925245054233313,0.5950245927297801,0.0,3.890932306088991,35.194676540043496,False,hard_safety_emergency,hard_safety_slew_conflict,False,False,True,True,0.0,0.0
lhs_002,nominal_mpc_recovery,1855.0,0.5925245054233313,0.5943842532908759,0.0,3.8848622820419876,35.15050934764004,False,hard_safety_emergency,hard_safety_slew_conflict,False,False,True,True,0.0,0.0
lhs_002,nominal_mpc_recovery,1860.0,0.5925245054233313,0.5945546776489157,0.0,3.8801614406168303,35.10664307372829,False,hard_safety_emergency,hard_safety_slew_conflict,False,False,True,True,0.0,0.0
lhs_002,nominal_mpc_recovery,1865.0,0.5925245054233313,0.5955009869105056,0.0,3.876438730433987,35.06307566810008,True,hard_safety_emergency,hard_safety_slew_conflict,False,False,True,True,0.6181491000006645,0.0
lhs_002,nominal_mpc_recovery,1870.0,0.5925245054233313,0.5951805006404257,0.0,3.873419117901314,35.01980509451564,False,hard_safety_emergency,hard_safety_slew_conflict,False,False,True,True,0.0,0.0
lhs_002,nominal_mpc_recovery,1875.0,0.5925245054233313,0.5949790731109226,0.0,3.8709089867622333,34.976829330608474,False,hard_safety_emergency,hard_safety_slew_conflict,False,False,True,True,0.0,0.0
lhs_002,nominal_mpc_recovery,1880.0,0.5925245054233313,0.5949572459566338,0.0,3.868771863887438,34.93414636779078,False,hard_safety_emergency,hard_safety_slew_conflict,False,False,True,True,0.0,0.0
lhs_002,nominal_mpc_recovery,1885.0,0.5925245054233313,0.5950710828812082,0.0,3.8669113892334903,34.89175421115962,False,hard_safety_emergency,hard_safety_slew_conflict,False,False,True,True,0.0,0.0
lhs_002,nominal_mpc_recovery,1890.0,0.5930501329632095,0.5953853673047327,2.0,3.905531165666983,34.85885320843981,True,slope_safe_emergency,prediction_domain_infeasible_under_candidate_audit,False,False,True,False,0.6635731000005762,2.0
lhs_002,nominal_mpc_recovery,1895.0,0.5937860115190389,0.5955334733194357,2.8,3.9246879523358578,34.83317270477963,True,slope_safe_emergency,prediction_domain_infeasible_under_candidate_audit,False,False,True,False,0.2154264000000694,0.7999999999999998
lhs_002,nominal_mpc_recovery,1900.0,0.5945218900748682,0.5966703569325038,2.8,3.928722121706477,34.80840729682356,False,slope_safe_emergency,prediction_domain_infeasible_under_candidate_audit,False,False,True,False,0.0,0.0
lhs_002,nominal_mpc_recovery,1905.0,0.5952577686306976,0.5972369259915592,2.8,3.9317951335586443,34.78433551502396,False,slope_safe_emergency,prediction_domain_infeasible_under_candidate_audit,False,False,True,False,0.0,0.0
lhs_002,nominal_mpc_recovery,1910.0,0.5959936471865269,0.5979239092876945,2.8,3.934193073612138,34.7608014274777,False,slope_safe_emergency,prediction_domain_infeasible_under_candidate_audit,False,False,True,False,0.0,0.0
lhs_002,nominal_mpc_recovery,1915.0,0.5967295257423563,0.5978287238903559,2.8,3.9361166896979847,34.737695078460646,False,slope_safe_emergency,prediction_domain_infeasible_under_candidate_audit,False,False,True,False,0.0,0.0
lhs_002,nominal_mpc_recovery,1920.0,0.5979910318380638,0.5984696165235512,4.8,3.9779850586323477,34.73973631602462,True,slope_safe_emergency,prediction_domain_infeasible_under_candidate_audit,False,False,True,False,0.9009590999994543,2.0
lhs_002,nominal_mpc_recovery,1925.0,0.5997781654736495,0.5987042426740226,6.8,4.024169286808408,34.778784728976404,True,slope_safe_emergency,prediction_domain_infeasible_under_candidate_audit,False,False,True,False,0.07296899999892048,2.0
lhs_002,nominal_mpc_recovery,1930.0,0.6020909266491132,0.6005964351026942,8.8,4.07379547189381,34.86774865447692,True,slope_safe_emergency,prediction_domain_infeasible_under_candidate_audit,False,False,True,False,0.17156149999937043,2.000000000000001
lhs_002,nominal_mpc_recovery,1935.0,0.6038244462756313,0.6025134387420498,6.596000000000001,4.0415588247845555,34.91067645934649,True,hard_safety_emergency,hard_safety_slew_conflict,False,False,True,True,0.3514453000007052,2.2039999999999997
lhs_002,nominal_mpc_recovery,1940.0,0.6051059262178541,0.6045363022665567,4.876000000000001,4.011852833529179,34.922083946967334,True,slope_safe_emergency,prediction_domain_infeasible_under_candidate_audit,False,False,True,False,0.5495500999986689,1.7199999999999998
lhs_002,nominal_mpc_recovery,1945.0,0.6063874061600769,0.6063233125839257,4.876000000000001,4.012360639046271,34.93306053711467,False,slope_safe_emergency,prediction_domain_infeasible_under_candidate_audit,False,False,True,False,0.0,0.0
lhs_002,nominal_mpc_recovery,1950.0,0.6076688861022997,0.6082932880995626,4.876000000000001,4.013313363481165,34.943781633749225,False,slope_safe_emergency,prediction_domain_infeasible_under_candidate_audit,False,False,True,False,0.0,0.0
lhs_002,nominal_mpc_recovery,1955.0,0.6089503660445226,0.6099413034098335,4.876000000000001,4.01457212882565,34.95436723525684,False,slope_safe_emergency,prediction_domain_infeasible_under_candidate_audit,False,False,True,False,0.0,0.0
lhs_002,nominal_mpc_recovery,1960.0,0.6102318459867454,0.6107464081272268,4.876000000000001,4.016039769565168,34.96489866547916,False,slope_safe_emergency,prediction_domain_infeasible_under_candidate_audit,False,False,True,False,0.0,0.0
lhs_002,nominal_mpc_recovery,1965.0,0.6120389534688464,0.6123546202704625,6.876000000000001,4.05795845498725,35.01402432534125,True,slope_safe_emergency,prediction_domain_infeasible_under_candidate_audit,False,False,True,False,1.4124699000003602,2.0
lhs_002,nominal_mpc_recovery,1970.0,0.6143716884908256,0.6145534615144922,8.876000000000001,4.10455923561422,35.114132749695905,True,slope_safe_emergency,prediction_domain_infeasible_under_candidate_audit,False,False,True,False,0.07256099999904109,2.0
lhs_002,nominal_mpc_recovery,1975.0,0.6161607248981056,0.617530666705624,6.807240000000001,4.07283991634231,35.166904656317456,True,hard_safety_emergency,hard_safety_slew_conflict,False,False,True,True,0.03805680000004941,2.06876
lhs_002,nominal_mpc_recovery,1980.0,0.617133549726005,0.6193006780942527,3.701574800000001,4.013875164353568,35.161753219053175,True,hard_safety_emergency,hard_safety_slew_conflict,False,False,True,True,0.03816439999900467,3.1056652000000002
lhs_002,nominal_mpc_recovery,1985.0,0.6174778916377814,0.6191296570519901,1.3102125960000006,3.962025613708109,35.12723973751925,True,hard_safety_emergency,hard_safety_slew_conflict,False,False,True,True,0.26253410000026633,2.391362204
lhs_002,nominal_mpc_recovery,1990.0,0.618347861089436,0.6195305882242965,3.3102125960000004,3.994580250744572,35.113345260638184,True,slope_safe_emergency,prediction_domain_infeasible_under_candidate_audit,False,False,True,False,0.20231339999918418,1.9999999999999998
lhs_002,nominal_mpc_recovery,1995.0,0.6197434580809686,0.6203068919460489,5.310212596,4.033825833695969,35.129702300732745,True,slope_safe_emergency,prediction_domain_infeasible_under_candidate_audit,False,False,True,False,0.5334512999997969,2.0
lhs_002,nominal_mpc_recovery,2000.0,0.6205177308929412,0.622387793850708,2.9460892104400003,3.9902029775970003,35.11131748631039,True,hard_safety_emergency,hard_safety_slew_conflict,False,False,True,True,0.6659753000003548,2.36412338556
lhs_002,nominal_mpc_recovery,2005.0,0.6205177308929412,0.6245854150482267,0.0,3.928832834171183,35.06771831210659,True,hard_safety_emergency,hard_safety_slew_conflict,False,False,True,True,0.1228516999999556,2.9460892104400003
lhs_002,nominal_mpc_recovery,2010.0,0.6210433584328193,0.6243850973154761,2.0,3.9611398374806783,35.037637187805416,True,slope_safe_emergency,prediction_domain_infeasible_under_candidate_audit,False,False,True,False,0.41468109999914304,2.0
lhs_002,nominal_mpc_recovery,2015.0,0.621505910667912,0.6245315953242115,1.7599999999999998,3.954789627866963,35.00538544618827,True,slope_safe_emergency,prediction_domain_infeasible_under_candidate_audit,False,False,True,False,0.41868849999991653,0.2400000000000002
lhs_002,nominal_mpc_recovery,2020.0,0.6219684629030048,0.624987529935159,1.7599999999999998,3.9531336625848823,34.97307117668061,False,slope_safe_emergency,prediction_domain_infeasible_under_candidate_audit,False,False,True,False,0.0,0.0
lhs_002,nominal_mpc_recovery,2025.0,0.6224310151380975,0.6250476849196351,1.7599999999999998,3.9518861344084986,34.9407513689598,False,slope_safe_emergency,prediction_domain_infeasible_under_candidate_audit,False,False,True,False,0.0,0.0
lhs_002,nominal_mpc_recovery,2030.0,0.6228935673731902,0.624534654773266,1.7599999999999998,3.9509346293191347,34.90846683928916,False,slope_safe_emergency,prediction_domain_infeasible_under_candidate_audit,False,False,True,False,0.0,0.0
lhs_002,nominal_mpc_recovery,2035.0,0.623356119608283,0.6252460813248529,1.7599999999999998,3.950199912566373,34.876247012710735,False,slope_safe_emergency,prediction_domain_infeasible_under_candidate_audit,False,False,True,False,0.0,0.0
lhs_002,nominal_mpc_recovery,2040.0,0.623356119608283,0.6253348577461054,0.0,3.914134151998212,34.83424936526044,True,hard_safety_emergency,hard_safety_slew_conflict,False,False,True,True,1.0986278000000311,1.7599999999999998
lhs_002,nominal_mpc_recovery,2045.0,0.623356119608283,0.6248351643262192,0.0,3.909633951243066,34.792537823667075,False,hard_safety_emergency,hard_safety_slew_conflict,False,False,True,True,0.0,0.0
lhs_002,nominal_mpc_recovery,2050.0,0.623356119608283,0.6255792433922909,0.0,3.9060678490041023,34.75111046980446,False,hard_safety_emergency,hard_safety_slew_conflict,False,False,True,True,0.0,0.0
lhs_002,nominal_mpc_recovery,2055.0,0.623356119608283,0.6266434380176027,0.0,3.9031733233467025,34.70996536745391,False,hard_safety_emergency,hard_safety_slew_conflict,False,False,True,True,0.0,0.0
lhs_002,nominal_mpc_recovery,2060.0,0.623356119608283,0.6255914162715516,0.0,3.90076556037491,34.669100593588524,False,hard_safety_emergency,hard_safety_slew_conflict,False,False,True,True,0.0,0.0
lhs_002,nominal_mpc_recovery,2065.0,0.6238817471481611,0.6267468951767985,2.0,3.9390460251192025,34.6380297232469,True,slope_safe_emergency,prediction_domain_infeasible_under_candidate_audit,False,False,True,False,1.010861599999771,2.0
lhs_002,nominal_mpc_recovery,2070.0,0.6249330022279174,0.6272542650624358,4.0,3.9821922241690686,34.62719484068155,True,slope_safe_emergency,prediction_domain_infeasible_under_candidate_audit,False,False,True,False,0.07448980000117444,2.0
lhs_002,nominal_mpc_recovery,2075.0,0.6265098848475518,0.6292845020351088,6.0,4.0291872399999304,34.648464885722035,True,slope_safe_emergency,prediction_domain_infeasible_under_candidate_audit,False,False,True,False,0.46003620000010415,2.0
lhs_002,nominal_mpc_recovery,2080.0,0.6286123950070643,0.6314333240512634,8.0,4.079310308788206,34.714665054017225,True,slope_safe_emergency,prediction_domain_infeasible_under_candidate_audit,False,False,True,False,0.335768700000699,2.0
lhs_002,nominal_mpc_recovery,2085.0,0.6304836290490304,0.6332815949646744,7.12,4.073957138846548,34.76655786427409,True,slope_safe_emergency,prediction_domain_infeasible_under_candidate_audit,False,False,True,False,0.4659407999988616,0.8799999999999999
lhs_002,nominal_mpc_recovery,2090.0,0.6323548630909965,0.6355530663069858,7.12,4.081955875369068,34.82130947356396,False,slope_safe_emergency,prediction_domain_infeasible_under_candidate_audit,False,False,True,False,0.0,0.0
lhs_002,nominal_mpc_recovery,2095.0,0.6342260971329626,0.6373922906025512,7.12,4.0886886209748985,34.8781830365032,False,slope_safe_emergency,prediction_domain_infeasible_under_candidate_audit,False,False,True,False,0.0,0.0
lhs_002,nominal_mpc_recovery,2100.0,0.6360973311749287,0.6397703132442487,7.12,4.0945146366317084,34.936651196461156,False,slope_safe_emergency,prediction_domain_infeasible_under_candidate_audit,False,False,True,False,0.0,0.0
lhs_002,nominal_mpc_recovery,2105.0,0.6379685652168948,0.6414564020180354,7.12,4.099686556620868,34.99633405157718,False,slope_safe_emergency,prediction_domain_infeasible_under_candidate_audit,False,False,True,False,0.0,0.0
lhs_002,nominal_mpc_recovery,2110.0,0.6396400607937073,0.6440417247199982,6.36,4.089049406870522,35.040009492635434,True,slope_safe_emergency,prediction_domain_infeasible_under_candidate_audit,False,False,True,False,0.8572542000001704,0.7599999999999998
lhs_002,nominal_mpc_recovery,2115.0,0.6413115563705197,0.6455745331771887,6.36,4.091638879563053,35.08366363814984,False,slope_safe_emergency,prediction_domain_infeasible_under_candidate_audit,False,False,True,False,0.0,0.0
lhs_002,nominal_mpc_recovery,2120.0,0.6429830519473322,0.6475078852044145,6.36,4.094328466633525,35.12734989938705,False,slope_safe_emergency,prediction_domain_infeasible_under_candidate_audit,False,False,True,False,0.0,0.0
lhs_002,nominal_mpc_recovery,2125.0,0.6446545475241446,0.6487398632772946,6.36,4.097076135498187,35.171099989828974,False,slope_safe_emergency,prediction_domain_infeasible_under_candidate_audit,False,False,True,False,0.0,0.0
lhs_002,nominal_mpc_recovery,2130.0,0.6463260431009571,0.650075302887225,6.36,4.099852762776066,35.21493069011712,False,slope_safe_emergency,prediction_domain_infeasible_under_candidate_audit,False,False,True,False,0.0,0.0
lhs_002,nominal_mpc_recovery,2135.0,0.6463260431009571,0.6516197085414648,0.0,3.974315846271049,35.17062577657321,True,hard_safety_emergency,hard_safety_slew_conflict,False,False,True,True,0.6402570000009291,6.36
lhs_002,nominal_mpc_recovery,2140.0,0.6463260431009571,0.651721717065322,0.0,3.962403256635022,35.12662244605624,True,hard_safety_emergency,hard_safety_slew_conflict,False,False,True,True,4.004248900000675,0.0
lhs_002,nominal_mpc_recovery,2145.0,0.6463260431009571,0.651869066842892,0.0,3.953516669406556,35.082918917612446,False,hard_safety_emergency,hard_safety_slew_conflict,False,False,True,True,0.0,0.0
lhs_002,nominal_mpc_recovery,2150.0,0.6463260431009571,0.651848699842864,0.0,3.9467739788932996,35.03951314864002,False,hard_safety_emergency,hard_safety_slew_conflict,False,False,True,True,0.0,0.0
lhs_002,nominal_mpc_recovery,2155.0,0.6463260431009571,0.6517917396413595,0.0,3.9415555265224276,34.99640311045371,False,hard_safety_emergency,hard_safety_slew_conflict,False,False,True,True,0.0,0.0
lhs_002,nominal_mpc_recovery,2160.0,0.6463260431009571,0.6509733476489223,0.0,3.937425800448122,34.95358678819007,False,hard_safety_emergency,hard_safety_slew_conflict,False,False,True,True,0.0,0.0
lhs_002,nominal_mpc_recovery,2165.0,0.6468516706408353,0.6500105014582164,2.0,3.9744312987742263,34.922002249251115,True,slope_safe_emergency,prediction_domain_infeasible_under_candidate_audit,False,False,True,False,0.4213952000009158,2.0
lhs_002,nominal_mpc_recovery,2170.0,0.6479029257205915,0.6510261765775208,4.0,4.016624001476292,34.911779995620826,True,slope_safe_emergency,prediction_domain_infeasible_under_candidate_audit,False,False,True,False,1.8673304000003554,2.0
lhs_002,nominal_mpc_recovery,2175.0,0.6494798083402259,0.6515020870211435,6.0,4.062896327855576,34.934581863850525,True,slope_safe_emergency,prediction_domain_infeasible_under_candidate_audit,False,False,True,False,0.35578419999910693,2.0
lhs_002,nominal_mpc_recovery,2180.0,0.6515823184997385,0.6538504808923553,8.0,4.112460747753274,35.00309072095057,True,slope_safe_emergency,prediction_domain_infeasible_under_candidate_audit,False,False,True,False,0.24678040000071633,2.0
lhs_002,nominal_mpc_recovery,2185.0,0.6527492116382679,0.6568872972140222,4.4399999999999995,4.052570631935732,35.00575224754618,True,hard_safety_emergency,hard_safety_slew_conflict,False,False,True,True,0.6585517000003165,3.5600000000000005
lhs_002,nominal_mpc_recovery,2190.0,0.6541684059959388,0.6583361547963074,5.3999999999999995,4.0733576159919505,35.02459428786448,True,slope_safe_emergency,prediction_domain_infeasible_under_candidate_audit,False,False,True,False,0.07651450000048499,0.96
lhs_002,nominal_mpc_recovery,2195.0,0.6555876003536097,0.6593622401459442,5.3999999999999995,4.077060681776731,35.04416577305855,False,slope_safe_emergency,prediction_domain_infeasible_under_candidate_audit,False,False,True,False,0.0,0.0
lhs_002,nominal_mpc_recovery,2200.0,0.6570067947112807,0.6599495864059669,5.3999999999999995,4.0803478515223235,35.06428474546135,False,slope_safe_emergency,prediction_domain_infeasible_under_candidate_audit,False,False,True,False,0.0,0.0
lhs_002,nominal_mpc_recovery,2205.0,0.6584259890689516,0.6620862918531192,5.3999999999999995,4.0833341306415125,35.084820198883946,False,slope_safe_emergency,prediction_domain_infeasible_under_candidate_audit,False,False,True,False,0.0,0.0
lhs_002,nominal_mpc_recovery,2210.0,0.6598451834266225,0.6638220685153989,5.3999999999999995,4.086100458228846,35.105676986052174,False,slope_safe_emergency,prediction_domain_infeasible_under_candidate_audit,False,False,True,False,0.0,0.0
lhs_002,nominal_mpc_recovery,2215.0,0.6607913129984031,0.6639254415128857,3.599999999999999,4.052387166676685,35.097312555508346,True,slope_safe_emergency,prediction_domain_infeasible_under_candidate_audit,False,False,True,False,0.48916259999896283,1.8000000000000003
lhs_002,nominal_mpc_recovery,2220.0,0.6617374425701837,0.662194779284442,3.599999999999999,4.050711774424811,35.08822845463489,False,slope_safe_emergency,prediction_domain_infeasible_under_candidate_audit,False,False,True,False,0.0,0.0
lhs_002,nominal_mpc_recovery,2225.0,0.6626835721419644,0.66386605672174,3.599999999999999,4.0498040333698855,35.07865045326147,False,slope_safe_emergency,prediction_domain_infeasible_under_candidate_audit,False,False,True,False,0.0,0.0
lhs_002,nominal_mpc_recovery,2230.0,0.663629701713745,0.6644926700762686,3.599999999999999,4.049436300737275,35.06873723686619,False,slope_safe_emergency,prediction_domain_infeasible_under_candidate_audit,False,False,True,False,0.0,0.0
lhs_002,nominal_mpc_recovery,2235.0,0.6645758312855257,0.6656164413888999,3.599999999999999,4.0494487821260945,35.058600471250394,False,slope_safe_emergency,prediction_domain_infeasible_under_candidate_audit,False,False,True,False,0.0,0.0
lhs_002,nominal_mpc_recovery,2240.0,0.6660475883971845,0.6669397642404744,5.6,4.090078474231853,35.08031167271875,True,slope_safe_emergency,prediction_domain_infeasible_under_candidate_audit,False,False,True,False,0.8990811000003305,2.0000000000000004
lhs_002,nominal_mpc_recovery,2245.0,0.6676560086692116,0.6686954639024563,6.119999999999999,4.105653218499712,35.11342219941976,True,slope_safe_emergency,prediction_domain_infeasible_under_candidate_audit,False,False,True,False,0.03885750000154076,0.5199999999999996
lhs_002,nominal_mpc_recovery,2250.0,0.6692644289412387,0.6709916263352197,6.119999999999999,4.1111123167367,35.148029943104426,False,slope_safe_emergency,prediction_domain_infeasible_under_candidate_audit,False,False,True,False,0.0,0.0
lhs_002,nominal_mpc_recovery,2255.0,0.6708728492132658,0.6722601095343492,6.119999999999999,4.115733979324301,35.18372035520705,False,slope_safe_emergency,prediction_domain_infeasible_under_candidate_audit,False,False,True,False,0.0,0.0
lhs_002,nominal_mpc_recovery,2260.0,0.672481269485293,0.6737761467119192,6.119999999999999,4.11975583870715,35.22019804567992,False,slope_safe_emergency,prediction_domain_infeasible_under_candidate_audit,False,False,True,False,0.0,0.0
lhs_002,nominal_mpc_recovery,2265.0,0.6740896897573201,0.6756995236000152,6.119999999999999,4.123344899178301,35.25725140221104,False,slope_safe_emergency,prediction_domain_infeasible_under_candidate_audit,False,False,True,False,0.0,0.0
lhs_002,nominal_mpc_recovery,2270.0,0.6740896897573201,0.6765615158890399,0.0,4.003175988485684,35.212658130473756,True,hard_safety_emergency,hard_safety_slew_conflict,False,False,True,True,0.8744322000002285,6.119999999999999
lhs_002,nominal_mpc_recovery,2275.0,0.6740896897573201,0.6761298649111895,0.0,3.9921228881034385,35.16836842647796,True,hard_safety_emergency,hard_safety_slew_conflict,False,False,True,True,0.17789280000033614,0.0
lhs_002,nominal_mpc_recovery,2280.0,0.6740896897573201,0.6761467341907313,0.0,3.983827995363298,35.124380475665895,False,hard_safety_emergency,hard_safety_slew_conflict,False,False,True,True,0.0,0.0
lhs_002,nominal_mpc_recovery,2285.0,0.6740896897573201,0.6759833952482784,0.0,3.977489582624074,35.0806922221425,False,hard_safety_emergency,hard_safety_slew_conflict,False,False,True,True,0.0,0.0
lhs_002,nominal_mpc_recovery,2290.0,0.6740896897573201,0.6749614661700718,0.0,3.972544360725417,35.037301624019875,False,hard_safety_emergency,hard_safety_slew_conflict,False,False,True,True,0.0,0.0
lhs_002,nominal_mpc_recovery,2295.0,0.6740896897573201,0.6736577138281495,0.0,3.9685963452727684,34.99420665332183,False,hard_safety_emergency,hard_safety_slew_conflict,False,False,True,True,0.0,0.0
lhs_002,nominal_mpc_recovery,2300.0,0.6740896897573201,0.674424884498036,0.0,3.965366953168359,34.951405295889124,True,hard_safety_emergency,hard_safety_slew_conflict,False,False,True,True,0.3808919999992213,0.0
lhs_002,nominal_mpc_recovery,2305.0,0.6740896897573201,0.6740323727945424,0.0,3.9626599927542125,34.90889555128532,False,hard_safety_emergency,hard_safety_slew_conflict,False,False,True,True,0.0,0.0
lhs_002,nominal_mpc_recovery,2310.0,0.6740896897573201,0.6742114920345816,0.0,3.9603371022549143,34.866675432703296,False,hard_safety_emergency,hard_safety_slew_conflict,False,False,True,True,0.0,0.0
lhs_002,nominal_mpc_recovery,2315.0,0.6740896897573201,0.6744091574175398,0.0,3.958300518018432,34.82474296687237,False,hard_safety_emergency,hard_safety_slew_conflict,False,False,True,True,0.0,0.0
lhs_002,nominal_mpc_recovery,2320.0,0.6740896897573201,0.6750240282483146,0.0,3.9564809848446467,34.783096193966095,False,hard_safety_emergency,hard_safety_slew_conflict,False,False,True,True,0.0,0.0
lhs_002,nominal_mpc_recovery,2325.0,0.6746153172971983,0.6735384454561563,2.0,3.995170626146046,34.75123804652406,True,slope_safe_emergency,prediction_domain_infeasible_under_candidate_audit,False,False,True,False,0.629347099998995,2.0
lhs_002,nominal_mpc_recovery,2330.0,0.6756665723769545,0.6748310178801821,4.0,4.038599591344202,34.73969859496025,True,slope_safe_emergency,prediction_domain_infeasible_under_candidate_audit,False,False,True,False,2.8578106999993906,2.0
lhs_002,nominal_mpc_recovery,2335.0,0.6772434549965889,0.6765564192118506,6.0,4.08578243106941,34.76038991690133,True,slope_safe_emergency,prediction_domain_infeasible_under_candidate_audit,False,False,True,False,0.15298230000007607,2.0
lhs_002,nominal_mpc_recovery,2340.0,0.6793459651561015,0.6781838270126647,8.0,4.136013745116317,34.82615367082183,True,slope_safe_emergency,prediction_domain_infeasible_under_candidate_audit,False,False,True,False,0.3002931000009994,2.0
lhs_002,nominal_mpc_recovery,2345.0,0.6815851384759823,0.6802158353589763,8.52,4.158938347349722,34.91050159994585,True,slope_safe_emergency,prediction_domain_infeasible_under_candidate_audit,False,False,True,False,0.03796650000003865,0.5199999999999996
lhs_002,nominal_mpc_recovery,2350.0,0.6838243117958632,0.6820845754498632,8.52,4.170148897921399,34.99999885672526,False,slope_safe_emergency,prediction_domain_infeasible_under_candidate_audit,False,False,True,False,0.0,0.0
lhs_002,nominal_mpc_recovery,2355.0,0.6860634851157441,0.6852256058800572,8.52,4.1793802251664065,35.09328431852397,False,slope_safe_emergency,prediction_domain_infeasible_under_candidate_audit,False,False,True,False,0.0,0.0
lhs_002,nominal_mpc_recovery,2360.0,0.688302658435625,0.6880707985850977,8.52,4.18719074106911,35.18938672797265,False,slope_safe_emergency,prediction_domain_infeasible_under_candidate_audit,False,False,True,False,0.0,0.0
lhs_002,nominal_mpc_recovery,2365.0,0.6905418317555059,0.6904818965825584,8.52,4.1939729090646445,35.287609020669045,False,slope_safe_emergency,prediction_domain_infeasible_under_candidate_audit,False,False,True,False,0.0,0.0
lhs_002,nominal_mpc_recovery,2370.0,0.6905418317555059,0.6928924703439682,0.0,4.028266048340455,35.24280910738874,True,hard_safety_emergency,hard_safety_slew_conflict,False,False,True,True,0.7321580999996513,8.52
lhs_002,nominal_mpc_recovery,2375.0,0.6905418317555059,0.6928386457555831,0.0,4.0142431819184,35.19831397972883,True,hard_safety_emergency,hard_safety_slew_conflict,False,False,True,True,0.47427870000137773,0.0
lhs_002,nominal_mpc_recovery,2380.0,0.6905418317555059,0.6917911725010073,0.0,4.003894197704985,35.154122004838555,False,hard_safety_emergency,hard_safety_slew_conflict,False,False,True,True,0.0,0.0
lhs_002,nominal_mpc_recovery,2385.0,0.6905418317555059,0.6913354337279003,0.0,3.9961428973168505,35.11023111728722,False,hard_safety_emergency,hard_safety_slew_conflict,False,False,True,True,0.0,0.0
lhs_002,nominal_mpc_recovery,2390.0,0.6905418317555059,0.691214554875499,0.0,3.9902334897583542,35.06663926571629,False,hard_safety_emergency,hard_safety_slew_conflict,False,False,True,True,0.0,0.0
lhs_002,nominal_mpc_recovery,2395.0,0.6905418317555059,0.6912228475866999,0.0,3.985634990228309,35.02334441274343,False,hard_safety_emergency,hard_safety_slew_conflict,False,False,True,True,0.0,0.0
lhs_002,nominal_mpc_recovery,2400.0,0.691067459295384,0.6910992805793548,2.0,4.02228967202111,34.991239250869285,True,slope_safe_emergency,prediction_domain_infeasible_under_candidate_audit,False,False,True,False,0.3149804000004224,2.0
lhs_002,nominal_mpc_recovery,2405.0,0.6921187143751403,0.6910377144122656,4.0,4.064198920742472,34.98038619071615,True,slope_safe_emergency,prediction_domain_infeasible_under_candidate_audit,False,False,True,False,0.2617712000010215,2.0
lhs_002,nominal_mpc_recovery,2410.0,0.6936955969947747,0.6929465743726138,6.0,4.110214944388303,35.00241575361808,True,slope_safe_emergency,prediction_domain_infeasible_under_candidate_audit,False,False,True,False,0.6322039000006043,2.0
lhs_002,nominal_mpc_recovery,2415.0,0.6957981071542872,0.6938780310922421,8.0,4.159516194415175,35.07000126365231,True,slope_safe_emergency,prediction_domain_infeasible_under_candidate_audit,False,False,True,False,0.46759100000053877,2.0
lhs_002,nominal_mpc_recovery,2420.0,0.6977849792550266,0.6963097527041694,7.5600000000000005,4.162343204446595,35.132546364565634,True,slope_safe_emergency,prediction_domain_infeasible_under_candidate_audit,False,False,True,False,0.8712706999995135,0.4399999999999995
lhs_002,nominal_mpc_recovery,2425.0,0.6997718513557659,0.6988640363009575,7.5600000000000005,4.170741374596461,35.19834281832889,False,slope_safe_emergency,prediction_domain_infeasible_under_candidate_audit,False,False,True,False,0.0,0.0
lhs_002,nominal_mpc_recovery,2430.0,0.7017587234565053,0.7009449746582075,7.5600000000000005,4.177719874926137,35.26652593742721,False,slope_safe_emergency,prediction_domain_infeasible_under_candidate_audit,False,False,True,False,0.0,0.0
lhs_002,nominal_mpc_recovery,2435.0,0.7037455955572446,0.7032059633360828,7.5600000000000005,4.1836869227657525,35.336478227817466,False,slope_safe_emergency,prediction_domain_infeasible_under_candidate_audit,False,False,True,False,0.0,0.0
lhs_002,nominal_mpc_recovery,2440.0,0.7057324676579839,0.7056255159909364,7.5600000000000005,4.188923933275089,35.407756106926094,False,slope_safe_emergency,prediction_domain_infeasible_under_candidate_audit,False,False,True,False,0.0,0.0
lhs_002,nominal_mpc_recovery,2445.0,0.7057324676579839,0.7070263652573598,0.0,4.041329677811517,35.36213753053021,True,hard_safety_emergency,hard_safety_slew_conflict,False,False,True,True,0.03853189999972528,7.5600000000000005
lhs_002,nominal_mpc_recovery,2450.0,0.7057324676579839,0.706156985983899,0.0,4.028418020927398,35.31682939830391,True,hard_safety_emergency,hard_safety_slew_conflict,False,False,True,True,0.5495382999997673,0.0
lhs_002,nominal_mpc_recovery,2455.0,0.7057324676579839,0.7063872167487671,0.0,4.01883231899556,35.27182995798374,False,hard_safety_emergency,hard_safety_slew_conflict,False,False,True,True,0.0,0.0
lhs_002,nominal_mpc_recovery,2460.0,0.7057324676579839,0.7062899661402394,0.0,4.011600868216228,35.22713710639995,False,hard_safety_emergency,hard_safety_slew_conflict,False,False,True,True,0.0,0.0
lhs_002,nominal_mpc_recovery,2465.0,0.7057324676579839,0.7064792917717587,0.0,4.006041157446113,35.18274875471206,False,hard_safety_emergency,hard_safety_slew_conflict,False,False,True,True,0.0,0.0
lhs_002,nominal_mpc_recovery,2470.0,0.7057324676579839,0.7065349487368684,0.0,4.00167358483312,35.13866282831117,False,hard_safety_emergency,hard_safety_slew_conflict,False,False,True,True,0.0,0.0
lhs_002,nominal_mpc_recovery,2475.0,0.7057324676579839,0.7062025017288864,0.0,3.998160926514764,35.09487726672309,True,hard_safety_emergency,hard_safety_slew_conflict,False,False,True,True,0.9620641000001342,0.0
lhs_002,nominal_mpc_recovery,2480.0,0.7057324676579839,0.7058277253844945,0.0,3.995265871097456,35.051390023511935,False,hard_safety_emergency,hard_safety_slew_conflict,False,False,True,True,0.0,0.0
lhs_002,nominal_mpc_recovery,2485.0,0.7057324676579839,0.7067806870579819,0.0,3.9928212277915396,35.00819906618455,False,hard_safety_emergency,hard_safety_slew_conflict,False,False,True,True,0.0,0.0
lhs_002,nominal_mpc_recovery,2490.0,0.7057324676579839,0.7066441644322523,0.0,3.9907090254870146,34.96530237609553,False,hard_safety_emergency,hard_safety_slew_conflict,False,False,True,True,0.0,0.0
lhs_002,nominal_mpc_recovery,2495.0,0.7057324676579839,0.7065871502083999,0.0,3.9888458490971304,34.92269794835279,False,hard_safety_emergency,hard_safety_slew_conflict,False,False,True,True,0.0,0.0
lhs_002,nominal_mpc_recovery,2500.0,0.7062580951978621,0.7072967252257429,2.0,4.027463828076515,34.88980057842192,True,slope_safe_emergency,prediction_domain_infeasible_under_candidate_audit,False,False,True,False,0.3405000000002474,2.0
lhs_002,nominal_mpc_recovery,2505.0,0.7073093502776183,0.7072288452872133,4.0,4.070787039890003,34.877137193992496,True,slope_safe_emergency,prediction_domain_infeasible_under_candidate_audit,False,False,True,False,0.07272899999952642,2.0
lhs_002,nominal_mpc_recovery,2510.0,0.7088862328972527,0.7085885961962793,6.0,4.117827132124486,34.89662176769809,True,slope_safe_emergency,prediction_domain_infeasible_under_candidate_audit,False,False,True,False,0.5085530000014842,2.0
lhs_002,nominal_mpc_recovery,2515.0,0.7097797997150456,0.7111965943769117,3.4,4.075215015307641,34.880690054916414,True,hard_safety_emergency,hard_safety_slew_conflict,False,False,True,True,0.4823137000003044,2.6
lhs_002,nominal_mpc_recovery,2520.0,0.7111989940727165,0.7130490255125714,5.4,4.117299086750605,34.893850802257894,True,slope_safe_emergency,prediction_domain_infeasible_under_candidate_audit,False,False,True,False,0.27372119999927236,2.0000000000000004
lhs_002,nominal_mpc_recovery,2525.0,0.7128074143447436,0.7154472042293943,6.12,4.137944646058369,34.92188812564459,True,slope_safe_emergency,prediction_domain_infeasible_under_candidate_audit,False,False,True,False,0.17121590000169817,0.7199999999999998
lhs_002,nominal_mpc_recovery,2530.0,0.7144158346167707,0.7169086810661635,6.12,4.14461945640565,34.95210647943127,False,slope_safe_emergency,prediction_domain_infeasible_under_candidate_audit,False,False,True,False,0.0,0.0
lhs_002,nominal_mpc_recovery,2535.0,0.7160242548887978,0.7184596547448218,6.12,4.150160193770446,34.983942385680024,False,slope_safe_emergency,prediction_domain_infeasible_under_candidate_audit,False,False,True,False,0.0,0.0
lhs_002,nominal_mpc_recovery,2540.0,0.717632675160825,0.7195963809668505,6.12,4.154889015768183,35.01699363536725,False,slope_safe_emergency,prediction_domain_infeasible_under_candidate_audit,False,False,True,False,0.0,0.0
lhs_002,nominal_mpc_recovery,2545.0,0.7192410954328521,0.7216320649567232,6.12,4.159032534374879,35.05097142750488,False,slope_safe_emergency,prediction_domain_infeasible_under_candidate_audit,False,False,True,False,0.0,0.0
lhs_002,nominal_mpc_recovery,2550.0,0.7192410954328521,0.7241920530277483,0.0,4.039485610339838,35.007783561940954,True,hard_safety_emergency,hard_safety_slew_conflict,False,False,True,True,0.2829751999997825,6.12
lhs_002,nominal_mpc_recovery,2555.0,0.7192410954328521,0.7240194528835306,0.0,4.028971100321554,34.96488970275205,True,hard_safety_emergency,hard_safety_slew_conflict,False,False,True,True,0.12158699999963574,0.0
lhs_002,nominal_mpc_recovery,2560.0,0.7192410954328521,0.7239869301229881,0.0,4.0211522235768316,34.92228808662204,False,hard_safety_emergency,hard_safety_slew_conflict,False,False,True,True,0.0,0.0
lhs_002,nominal_mpc_recovery,2565.0,0.7192410954328521,0.7239615891861383,0.0,4.0152420215571665,34.879976722449925,False,hard_safety_emergency,hard_safety_slew_conflict,False,False,True,True,0.0,0.0
lhs_002,nominal_mpc_recovery,2570.0,0.7192410954328521,0.7245698702804296,0.0,4.010687721531766,34.83795363270042,False,hard_safety_emergency,hard_safety_slew_conflict,False,False,True,True,0.0,0.0
lhs_002,nominal_mpc_recovery,2575.0,0.7192410954328521,0.7251303807398067,0.0,4.007100865993658,34.79621685331152,False,hard_safety_emergency,hard_safety_slew_conflict,False,False,True,True,0.0,0.0
lhs_002,nominal_mpc_recovery,2580.0,0.7197667229727303,0.7251535561887403,2.0,4.044491217090141,34.76474653663159,True,slope_safe_emergency,prediction_domain_infeasible_under_candidate_audit,False,False,True,False,0.35177870000006806,2.0
lhs_002,nominal_mpc_recovery,2585.0,0.7208179780524865,0.7249034406726488,4.0,4.086932671732305,34.753791087930935,True,slope_safe_emergency,prediction_domain_infeasible_under_candidate_audit,False,False,True,False,1.1693932999987737,2.0
lhs_002,nominal_mpc_recovery,2590.0,0.7222056347577648,0.7254513656449145,5.28,4.1188302505939,34.76296529393731,True,slope_safe_emergency,prediction_domain_infeasible_under_candidate_audit,False,False,True,False,0.4062374000004638,1.2800000000000002
lhs_002,nominal_mpc_recovery,2595.0,0.7235932914630431,0.7269035702268284,5.28,4.126490397054632,34.77465884949202,False,slope_safe_emergency,prediction_domain_infeasible_under_candidate_audit,False,False,True,False,0.0,0.0
lhs_002,nominal_mpc_recovery,2600.0,0.7249809481683214,0.7271377372290162,5.28,4.132571754530678,34.788192440952294,False,slope_safe_emergency,prediction_domain_infeasible_under_candidate_audit,False,False,True,False,0.0,0.0
lhs_002,nominal_mpc_recovery,2605.0,0.7263686048735997,0.7288534276566644,5.28,4.137532692614489,34.80308473502171,False,slope_safe_emergency,prediction_domain_infeasible_under_candidate_audit,False,False,True,False,0.0,0.0
lhs_002,nominal_mpc_recovery,2610.0,0.727756261578878,0.7292260181870345,5.28,4.141695251154287,34.81899345493874,False,slope_safe_emergency,prediction_domain_infeasible_under_candidate_audit,False,False,True,False,0.0,0.0
lhs_002,nominal_mpc_recovery,2615.0,0.7293962195032977,0.7304565944788932,6.24,4.164618641061552,34.853590173138684,True,slope_safe_emergency,prediction_domain_infeasible_under_candidate_audit,False,False,True,False,0.5026280000001861,0.96
lhs_002,nominal_mpc_recovery,2620.0,0.7310361774277174,0.7318954000436384,6.24,4.169976582724292,34.889719550501724,False,slope_safe_emergency,prediction_domain_infeasible_under_candidate_audit,False,False,True,False,0.0,0.0
lhs_002,nominal_mpc_recovery,2625.0,0.7326761353521372,0.7330371353018427,6.24,4.174573966017197,34.92699791726836,False,slope_safe_emergency,prediction_domain_infeasible_under_candidate_audit,False,False,True,False,0.0,0.0
lhs_002,nominal_mpc_recovery,2630.0,0.7343160932765569,0.7364061917808571,6.24,4.1786221426820225,34.9651494984558,False,slope_safe_emergency,prediction_domain_infeasible_under_candidate_audit,False,False,True,False,0.0,0.0
lhs_002,nominal_mpc_recovery,2635.0,0.7359560512009766,0.7381719926523235,6.24,4.182269961516271,35.00397446397996,False,slope_safe_emergency,prediction_domain_infeasible_under_candidate_audit,False,False,True,False,0.0,0.0
lhs_002,nominal_mpc_recovery,2640.0,0.7373857581094452,0.7395189171326215,5.4399999999999995,4.169513835452458,35.0274688526072,True,slope_safe_emergency,prediction_domain_infeasible_under_candidate_audit,False,False,True,False,0.41551929999877757,0.8000000000000007
lhs_002,nominal_mpc_recovery,2645.0,0.7388154650179137,0.7407636420484424,5.4399999999999995,4.170830456410316,35.05072658809474,False,slope_safe_emergency,prediction_domain_infeasible_under_candidate_audit,False,False,True,False,0.0,0.0
lhs_002,nominal_mpc_recovery,2650.0,0.7402451719263823,0.7420350697462614,5.4399999999999995,4.172361759175219,35.073845905117025,False,slope_safe_emergency,prediction_domain_infeasible_under_candidate_audit,False,False,True,False,0.0,0.0
lhs_002,nominal_mpc_recovery,2655.0,0.7416748788348508,0.7431272329874482,5.4399999999999995,4.17403488061621,35.09689256263822,False,slope_safe_emergency,prediction_domain_infeasible_under_candidate_audit,False,False,True,False,0.0,0.0
lhs_002,nominal_mpc_recovery,2660.0,0.7431045857433194,0.7452495272509102,5.4399999999999995,4.175799022340292,35.11990970785121,False,slope_safe_emergency,prediction_domain_infeasible_under_candidate_audit,False,False,True,False,0.0,0.0
lhs_002,nominal_mpc_recovery,2665.0,0.7431045857433194,0.7466740976963605,0.0,4.068091906118116,35.07625212175086,True,hard_safety_emergency,hard_safety_slew_conflict,False,False,True,True,0.23071549999986019,5.4399999999999995
lhs_002,nominal_mpc_recovery,2670.0,0.7431045857433194,0.7455367159564462,0.0,4.0576119446132966,35.03289177477711,True,hard_safety_emergency,hard_safety_slew_conflict,False,False,True,True,0.11504259999856004,0.0
lhs_002,nominal_mpc_recovery,2675.0,0.7431045857433194,0.7454647024908402,0.0,4.049750018928847,34.98982684912179,False,hard_safety_emergency,hard_safety_slew_conflict,False,False,True,True,0.0,0.0
lhs_002,nominal_mpc_recovery,2680.0,0.7431045857433194,0.7461412301751466,0.0,4.043745009453431,34.94705533202989,False,hard_safety_emergency,hard_safety_slew_conflict,False,False,True,True,0.0,0.0
lhs_002,nominal_mpc_recovery,2685.0,0.7431045857433194,0.7460331355142288,0.0,4.039062163536869,34.90457522445965,False,hard_safety_emergency,hard_safety_slew_conflict,False,False,True,True,0.0,0.0
lhs_002,nominal_mpc_recovery,2690.0,0.7431045857433194,0.7455569424005494,0.0,4.035325562868426,34.8623845409891,False,hard_safety_emergency,hard_safety_slew_conflict,False,False,True,True,0.0,0.0
lhs_002,nominal_mpc_recovery,2695.0,0.7431045857433194,0.7451730043032777,0.0,4.032270746343983,34.8204813097233,True,hard_safety_emergency,hard_safety_slew_conflict,False,False,True,True,4.849285000000236,0.0
lhs_002,nominal_mpc_recovery,2700.0,0.7431045857433194,0.7457923400899156,0.0,4.029711472572606,34.778863572202155,False,hard_safety_emergency,hard_safety_slew_conflict,False,False,True,True,0.0,0.0
lhs_002,nominal_mpc_recovery,2705.0,0.7431045857433194,0.747030761995379,0.0,4.027516401748965,34.73752938330888,False,hard_safety_emergency,hard_safety_slew_conflict,False,False,True,True,0.0,0.0
lhs_002,nominal_mpc_recovery,2710.0,0.7431045857433194,0.7465531123088751,0.0,4.0255927362603385,34.69647681117911,False,hard_safety_emergency,hard_safety_slew_conflict,False,False,True,True,0.0,0.0
lhs_002,nominal_mpc_recovery,2715.0,0.7431045857433194,0.7478689569379632,0.0,4.023874743068135,34.65570393711058,False,hard_safety_emergency,hard_safety_slew_conflict,False,False,True,True,0.0,0.0
lhs_002,nominal_mpc_recovery,2720.0,0.7436302132831976,0.7483928290295019,2.0,4.062583258988028,34.624450560932736,True,slope_safe_emergency,prediction_domain_infeasible_under_candidate_audit,False,False,True,False,4.737730799999554,2.0
lhs_002,nominal_mpc_recovery,2725.0,0.7446814683629538,0.7489721113927545,4.0,4.105951019090903,34.6132720809848,True,slope_safe_emergency,prediction_domain_infeasible_under_candidate_audit,False,False,True,False,0.35152670000024955,2.0
lhs_002,nominal_mpc_recovery,2730.0,0.7462583509825882,0.7497253752574827,6.0,4.1529956605008564,34.63410318869681,True,slope_safe_emergency,prediction_domain_infeasible_under_candidate_audit,False,False,True,False,0.07271730000138632,2.0
lhs_002,nominal_mpc_recovery,2735.0,0.7478772838054129,0.7510936897206775,6.16,4.165972687291422,34.66156754867707,True,slope_safe_emergency,prediction_domain_infeasible_under_candidate_audit,False,False,True,False,0.03891299999850162,0.16000000000000014
lhs_002,nominal_mpc_recovery,2740.0,0.7494962166282375,0.7516714021741543,6.16,4.174035262812911,34.691935591347004,False,slope_safe_emergency,prediction_domain_infeasible_under_candidate_audit,False,False,True,False,0.0,0.0
lhs_002,nominal_mpc_recovery,2745.0,0.7511151494510622,0.7537629193191205,6.16,4.180561646994415,34.724437888079336,False,slope_safe_emergency,prediction_domain_infeasible_under_candidate_audit,False,False,True,False,0.0,0.0
lhs_002,nominal_mpc_recovery,2750.0,0.7527340822738868,0.7559877291186506,6.16,4.185992741829301,34.75852712715282,False,slope_safe_emergency,prediction_domain_infeasible_under_candidate_audit,False,False,True,False,0.0,0.0
lhs_002,nominal_mpc_recovery,2755.0,0.7543530150967115,0.7575147759187889,6.16,4.190638508989997,34.79381213700486,False,slope_safe_emergency,prediction_domain_infeasible_under_candidate_audit,False,False,True,False,0.0,0.0
lhs_002,nominal_mpc_recovery,2760.0,0.7556460588448117,0.7586377199679321,4.92,4.169756295626176,34.80693057060693,True,slope_safe_emergency,prediction_domain_infeasible_under_candidate_audit,False,False,True,False,0.038240700001551886,1.2400000000000002
lhs_002,nominal_mpc_recovery,2765.0,0.756939102592912,0.7613769532288749,4.92,4.1706160239764465,34.81977738804593,False,slope_safe_emergency,prediction_domain_infeasible_under_candidate_audit,False,False,True,False,0.0,0.0
lhs_002,nominal_mpc_recovery,2770.0,0.7582321463410122,0.7616646007521884,4.92,4.171764567989854,34.83247070988231,False,slope_safe_emergency,prediction_domain_infeasible_under_candidate_audit,False,False,True,False,0.0,0.0
lhs_002,nominal_mpc_recovery,2775.0,0.7595251900891125,0.7630723873679367,4.92,4.173107638117103,34.84509064018532,False,slope_safe_emergency,prediction_domain_infeasible_under_candidate_audit,False,False,True,False,0.0,0.0
lhs_002,nominal_mpc_recovery,2780.0,0.7608182338372127,0.7645670625841791,4.92,4.174579382134019,34.857690777419215,False,slope_safe_emergency,prediction_domain_infeasible_under_candidate_audit,False,False,True,False,0.0,0.0
lhs_002,nominal_mpc_recovery,2785.0,0.7620166646281349,0.765319415069925,4.5600000000000005,4.168887988715417,34.864313928211764,True,slope_safe_emergency,prediction_domain_infeasible_under_candidate_audit,False,False,True,False,2.1094059999995807,0.35999999999999943
lhs_002,nominal_mpc_recovery,2790.0,0.7632150954190571,0.7654514587314616,4.5600000000000005,4.169679638814243,34.8707517122762,False,slope_safe_emergency,prediction_domain_infeasible_under_candidate_audit,False,False,True,False,0.0,0.0
lhs_002,nominal_mpc_recovery,2795.0,0.7644135262099793,0.766655988198886,4.5600000000000005,4.17067240841307,34.87708034703806,False,slope_safe_emergency,prediction_domain_infeasible_under_candidate_audit,False,False,True,False,0.0,0.0
lhs_002,nominal_mpc_recovery,2800.0,0.7656119570009015,0.7672887107071812,4.5600000000000005,4.1718014110157675,34.88335182952234,False,slope_safe_emergency,prediction_domain_infeasible_under_candidate_audit,False,False,True,False,0.0,0.0
lhs_002,nominal_mpc_recovery,2805.0,0.7668103877918236,0.7677385668514745,4.5600000000000005,4.173021296631853,34.889601240298504,False,slope_safe_emergency,prediction_domain_infeasible_under_candidate_audit,False,False,True,False,0.0,0.0
lhs_002,nominal_mpc_recovery,2810.0,0.7679983060319482,0.768687233117458,4.5200000000000005,4.1734953960630525,34.895206947591895,True,slope_safe_emergency,prediction_domain_infeasible_under_candidate_audit,False,False,True,False,0.12059120000049006,0.040000000000000036
lhs_002,nominal_mpc_recovery,2815.0,0.7691862242720727,0.770602902147471,4.5200000000000005,4.174721369388885,34.90080472578397,False,slope_safe_emergency,prediction_domain_infeasible_under_candidate_audit,False,False,True,False,0.0,0.0
lhs_002,nominal_mpc_recovery,2820.0,0.7703741425121973,0.7726858173241387,4.5200000000000005,4.17598836831949,34.906410855931675,False,slope_safe_emergency,prediction_domain_infeasible_under_candidate_audit,False,False,True,False,0.0,0.0
lhs_002,nominal_mpc_recovery,2825.0,0.7715620607523218,0.7742253521815418,4.5200000000000005,4.177280280064857,34.91203565815093,False,slope_safe_emergency,prediction_domain_infeasible_under_candidate_audit,False,False,True,False,0.0,0.0
lhs_002,nominal_mpc_recovery,2830.0,0.7727499789924464,0.7738843461756689,4.5200000000000005,4.178585931407677,34.91768531965078,False,slope_safe_emergency,prediction_domain_infeasible_under_candidate_audit,False,False,True,False,0.0,0.0
lhs_002,nominal_mpc_recovery,2835.0,0.7727499789924464,0.7753168953268289,0.0,4.088939013728543,34.875405464175344,True,hard_safety_emergency,hard_safety_slew_conflict,False,False,True,True,0.07667760000003909,4.5200000000000005
lhs_002,nominal_mpc_recovery,2840.0,0.7727499789924464,0.774227512456264,0.0,4.0800509855663325,34.83341351917538,True,hard_safety_emergency,hard_safety_slew_conflict,False,False,True,True,0.168803200000184,0.0
lhs_002,nominal_mpc_recovery,2845.0,0.7727499789924464,0.77406266571738,0.0,4.073323245593985,34.79170767234162,False,hard_safety_emergency,hard_safety_slew_conflict,False,False,True,True,0.0,0.0
lhs_002,nominal_mpc_recovery,2850.0,0.7727499789924464,0.7735439483869865,0.0,4.06813060751224,34.750285974439265,False,hard_safety_emergency,hard_safety_slew_conflict,False,False,True,True,0.0,0.0
lhs_002,nominal_mpc_recovery,2855.0,0.7727499789924464,0.7732874721905484,0.0,4.064033706919965,34.70914648951397,False,hard_safety_emergency,hard_safety_slew_conflict,False,False,True,True,0.0,0.0
lhs_002,nominal_mpc_recovery,2860.0,0.7727499789924464,0.7734988156195906,0.0,4.0607235692644155,34.66828729480137,False,hard_safety_emergency,hard_safety_slew_conflict,False,False,True,True,0.0,0.0
lhs_002,nominal_mpc_recovery,2865.0,0.7732756065323245,0.7737872866522566,2.0,4.0982301196966375,34.63808329308483,True,slope_safe_emergency,prediction_domain_infeasible_under_candidate_audit,False,False,True,False,4.257411500000671,2.0
lhs_002,nominal_mpc_recovery,2870.0,0.7743268616120808,0.7748185279537161,4.0,4.140666136353355,34.62880890210566,True,slope_safe_emergency,prediction_domain_infeasible_under_candidate_audit,False,False,True,False,0.11048660000051314,2.0
lhs_002,nominal_mpc_recovery,2875.0,0.7757250308681566,0.7765815810544126,5.32,4.173281471870802,34.640576745419956,True,slope_safe_emergency,prediction_domain_infeasible_under_candidate_audit,False,False,True,False,1.8412511000005907,1.3200000000000003
lhs_002,nominal_mpc_recovery,2880.0,0.7771232001242324,0.7777608700652366,5.32,4.180904782090626,34.654894359509655,False,slope_safe_emergency,prediction_domain_infeasible_under_candidate_audit,False,False,True,False,0.0,0.0
lhs_002,nominal_mpc_recovery,2885.0,0.7785213693803082,0.7801191718712109,5.32,4.186903564185769,34.67105756543426,False,slope_safe_emergency,prediction_domain_infeasible_under_candidate_audit,False,False,True,False,0.0,0.0
lhs_002,nominal_mpc_recovery,2890.0,0.7799195386363841,0.7817494844131211,5.32,4.191750985761696,34.68856810567612,False,slope_safe_emergency,prediction_domain_infeasible_under_candidate_audit,False,False,True,False,0.0,0.0
lhs_002,nominal_mpc_recovery,2895.0,0.7813177078924599,0.7827230066783801,5.32,4.195779418559176,34.70707232842377,False,slope_safe_emergency,prediction_domain_infeasible_under_candidate_audit,False,False,True,False,0.0,0.0
lhs_002,nominal_mpc_recovery,2900.0,0.7824005006246089,0.7843493249073655,4.12,4.175078053042504,34.70672397528856,True,slope_safe_emergency,prediction_domain_infeasible_under_candidate_audit,False,False,True,False,0.03718529999969178,1.2000000000000002
lhs_002,nominal_mpc_recovery,2905.0,0.7834832933567578,0.7851972639122079,4.12,4.175396324815057,34.706146880483146,False,slope_safe_emergency,prediction_domain_infeasible_under_candidate_audit,False,False,True,False,0.0,0.0
lhs_002,nominal_mpc_recovery,2910.0,0.7845660860889068,0.7859894537613213,4.12,4.175983923322784,34.70543246941208,False,slope_safe_emergency,prediction_domain_infeasible_under_candidate_audit,False,False,True,False,0.0,0.0
lhs_002,nominal_mpc_recovery,2915.0,0.7856488788210557,0.7872623573475777,4.12,4.176756988919767,34.70464385176987,False,slope_safe_emergency,prediction_domain_infeasible_under_candidate_audit,False,False,True,False,0.0,0.0
lhs_002,nominal_mpc_recovery,2920.0,0.7867316715532047,0.7873645400618879,4.12,4.177656810105245,34.70382435324191,False,slope_safe_emergency,prediction_domain_infeasible_under_candidate_audit,False,False,True,False,0.0,0.0
lhs_002,nominal_mpc_recovery,2925.0,0.7878039517345561,0.787582252168963,4.08,4.177837574888087,34.70241571448011,True,slope_safe_emergency,prediction_domain_infeasible_under_candidate_audit,False,False,True,False,3.9567783000002237,0.040000000000000036
lhs_002,nominal_mpc_recovery,2930.0,0.7888762319159075,0.7880103001357832,4.08,4.178790003715298,34.701004046969096,False,slope_safe_emergency,prediction_domain_infeasible_under_candidate_audit,False,False,True,False,0.0,0.0
lhs_002,nominal_mpc_recovery,2935.0,0.7899485120972589,0.7880945395966636,4.08,4.179798532352648,34.69960862880344,False,slope_safe_emergency,prediction_domain_infeasible_under_candidate_audit,False,False,True,False,0.0,0.0
lhs_002,nominal_mpc_recovery,2940.0,0.7910207922786103,0.7885930085170701,4.08,4.180843696039965,34.698242241225984,False,slope_safe_emergency,prediction_domain_infeasible_under_candidate_audit,False,False,True,False,0.0,0.0
lhs_002,nominal_mpc_recovery,2945.0,0.7920930724599617,0.7901029990262413,4.08,4.181911928201909,34.69691313857966,False,slope_safe_emergency,prediction_domain_infeasible_under_candidate_audit,False,False,True,False,0.0,0.0
lhs_002,nominal_mpc_recovery,2950.0,0.7920930724599617,0.7916483407536088,0.0,4.100917653042478,34.65613741472004,True,hard_safety_emergency,hard_safety_slew_conflict,False,False,True,True,4.411131099999693,4.08
lhs_002,nominal_mpc_recovery,2955.0,0.7926186999998399,0.7919427110759175,2.0,4.133060712989067,34.62866639013166,True,slope_safe_emergency,prediction_domain_infeasible_under_candidate_audit,False,False,True,False,0.11960179999914544,2.0
lhs_002,nominal_mpc_recovery,2960.0,0.7936699550795961,0.7922112218845526,4.0,4.171658427414498,34.623549211909044,True,slope_safe_emergency,prediction_domain_infeasible_under_candidate_audit,False,False,True,False,0.07937330000095244,2.0
lhs_002,nominal_mpc_recovery,2965.0,0.7948158231165304,0.7937646268559562,4.359999999999999,4.182196994079856,34.624363620823786,True,slope_safe_emergency,prediction_domain_infeasible_under_candidate_audit,False,False,True,False,4.625759200000175,0.35999999999999943
lhs_002,nominal_mpc_recovery,2970.0,0.7959616911534647,0.7960325993163309,4.359999999999999,4.185657335216489,34.62600369456911,False,slope_safe_emergency,prediction_domain_infeasible_under_candidate_audit,False,False,True,False,0.0,0.0
lhs_002,nominal_mpc_recovery,2975.0,0.797107559190399,0.7972250473868114,4.359999999999999,4.188489116120006,34.62824629117189,False,slope_safe_emergency,prediction_domain_infeasible_under_candidate_audit,False,False,True,False,0.0,0.0
lhs_002,nominal_mpc_recovery,2980.0,0.7982534272273333,0.7985926462184522,4.359999999999999,4.190875245605894,34.63093350500141,False,slope_safe_emergency,prediction_domain_infeasible_under_candidate_audit,False,False,True,False,0.0,0.0
lhs_002,nominal_mpc_recovery,2985.0,0.7993992952642676,0.7985050609210728,4.359999999999999,4.192944202937371,34.63395324274469,False,slope_safe_emergency,prediction_domain_infeasible_under_candidate_audit,False,False,True,False,0.0,0.0
