scenario_id,controller,time_s,true_soc,estimated_soc,charge_current_a,terminal_voltage_v,true_average_temperature_c,control_decision_updated,decision_source,failure_type,optimizer_success,selected_sequence_feasible,used_emergency_fallback,hard_safety_slew_conflict,solve_time_s,current_change_a
lhs_005,nominal_mpc_recovery,0.0,0.1340854501460514,0.1340854501460514,0.0,3.3720350546048543,23.421210887807092,False,initial,none,True,True,False,False,0.0,
lhs_005,nominal_mpc_recovery,5.0,0.134643238617033,0.13774580220875288,2.0,3.4177086958081233,23.428752768398606,True,slsqp,none,True,True,False,False,0.7953776000013022,2.0
lhs_005,nominal_mpc_recovery,10.0,0.13575881555899624,0.13741514659019358,3.9999999999999973,3.468540752828163,23.46048364239865,True,slsqp,none,True,True,False,False,0.6446550999989995,1.9999999999999973
lhs_005,nominal_mpc_recovery,15.0,0.13743218097194113,0.13928624776217327,5.999999999999996,3.5237212971036413,23.53485833842015,True,slsqp,none,True,True,False,False,0.5937044000002061,1.9999999999999982
lhs_005,nominal_mpc_recovery,20.0,0.13966333485586763,0.14067521177567635,7.999999999999994,3.5826189555823578,23.671623127792483,True,slsqp,none,True,True,False,False,0.6648709999990388,1.9999999999999982
lhs_005,nominal_mpc_recovery,25.0,0.14245227721077575,0.14178263314772413,9.999999999999993,3.644734314646543,23.891451981205364,True,slsqp,none,True,True,False,False,0.4794277000000875,1.9999999999999991
lhs_005,nominal_mpc_recovery,30.0,0.14524121956568387,0.1447742048176011,10.0,3.66405230554583,24.123303464346343,True,slsqp,none,True,True,False,False,0.4518495000011171,7.105427357601002e-15
lhs_005,nominal_mpc_recovery,35.0,0.14803016192059198,0.1472073001895727,10.0,3.68080447277858,24.364502747096516,False,slsqp,none,True,True,False,False,0.0,0.0
lhs_005,nominal_mpc_recovery,40.0,0.1508191042755001,0.1491037502737872,10.0,3.695569625630786,24.613002646028306,False,slsqp,none,True,True,False,False,0.0,0.0
lhs_005,nominal_mpc_recovery,45.0,0.15360804663040822,0.1520643278279441,10.0,3.7087851795139617,24.86723076533762,False,slsqp,none,True,True,False,False,0.0,0.0
lhs_005,nominal_mpc_recovery,50.0,0.15639698898531634,0.1551859967706055,10.0,3.7207817668835634,25.125974184296464,False,slsqp,none,True,True,False,False,0.0,0.0
lhs_005,nominal_mpc_recovery,55.0,0.15902537963284294,0.15783066191989983,9.42432762334087,3.7187046348516075,25.36216310809414,True,slsqp,none,True,True,False,False,0.4129181999996945,0.5756723766591296
lhs_005,nominal_mpc_recovery,60.0,0.16165377028036954,0.16015697706579188,9.42432762334087,3.727517030515271,25.600017184749102,False,slsqp,none,True,True,False,False,0.0,0.0
lhs_005,nominal_mpc_recovery,65.0,0.16428216092789613,0.16249506360208976,9.42432762334087,3.7359310934416805,25.839224155195414,False,slsqp,none,True,True,False,False,0.0,0.0
lhs_005,nominal_mpc_recovery,70.0,0.16691055157542273,0.16488998783825412,9.42432762334087,3.7440012827364515,26.07952904502385,False,slsqp,none,True,True,False,False,0.0,0.0
lhs_005,nominal_mpc_recovery,75.0,0.16953894222294932,0.16661542011947417,9.42432762334087,3.751768988694963,26.32072091771934,False,slsqp,none,True,True,False,False,0.0,0.0
lhs_005,nominal_mpc_recovery,80.0,0.1719246438811213,0.1690388011659802,8.554144742265853,3.7394950949711965,26.524072479313975,True,slsqp,none,True,True,False,False,0.4844850999998016,0.8701828810750172
lhs_005,nominal_mpc_recovery,85.0,0.17431034553929328,0.17122510401117166,8.554144742265853,3.744613970960095,26.7265519331723,False,slsqp,none,True,True,False,False,0.0,0.0
lhs_005,nominal_mpc_recovery,90.0,0.17669604719746526,0.17300785274813682,8.554144742265853,3.7498650042053763,26.928358884074207,False,slsqp,none,True,True,False,False,0.0,0.0
lhs_005,nominal_mpc_recovery,95.0,0.17908174885563724,0.17501707919706092,8.554144742265853,3.7551808205535973,27.129631900476987,False,slsqp,none,True,True,False,False,0.0,0.0
lhs_005,nominal_mpc_recovery,100.0,0.18146745051380922,0.17791270918402413,8.554144742265853,3.760510743104706,27.330464023618028,False,slsqp,none,True,True,False,False,0.0,0.0
lhs_005,nominal_mpc_recovery,105.0,0.18368977138461384,0.1796208088426395,7.968328448573585,3.7525324821919215,27.506205748056846,True,slsqp,none,True,True,False,False,0.503853700000036,0.5858162936922682
lhs_005,nominal_mpc_recovery,110.0,0.18591209225541847,0.18185927912270908,7.968328448573585,3.756376841129622,27.680764835419936,False,slsqp,none,True,True,False,False,0.0,0.0
lhs_005,nominal_mpc_recovery,115.0,0.1881344131262231,0.18488099535301147,7.968328448573585,3.76038995879225,27.854354835913636,False,slsqp,none,True,True,False,False,0.0,0.0
lhs_005,nominal_mpc_recovery,120.0,0.1903567339970277,0.18761669057362507,7.968328448573585,3.764500925187138,28.027129171090618,False,slsqp,none,True,True,False,False,0.0,0.0
lhs_005,nominal_mpc_recovery,125.0,0.19257905486783233,0.19123785384434155,7.968328448573585,3.7686563228970846,28.199196239716976,False,slsqp,none,True,True,False,False,0.0,0.0
lhs_005,nominal_mpc_recovery,130.0,0.19469821495768388,0.1937850772245958,7.598436325233316,3.7644444029513395,28.35556752114567,True,slsqp,none,True,True,False,False,0.41456319999997504,0.3698921233402688
lhs_005,nominal_mpc_recovery,135.0,0.19681737504753544,0.19600794464718796,7.598436325233316,3.7677046358853366,28.510869926531598,False,slsqp,none,True,True,False,False,0.0,0.0
lhs_005,nominal_mpc_recovery,140.0,0.198936535137387,0.19814191564066158,7.598436325233316,3.771069375736475,28.665252845171832,False,slsqp,none,True,True,False,False,0.0,0.0
lhs_005,nominal_mpc_recovery,145.0,0.20105569522723854,0.1996525014413011,7.598436325233316,3.7744891090417676,28.818823913565147,False,slsqp,none,True,True,False,False,0.0,0.0
lhs_005,nominal_mpc_recovery,150.0,0.2031748553170901,0.20231378737748987,7.598436325233316,3.7779392928606983,28.97165950567614,False,slsqp,none,True,True,False,False,0.0,0.0
lhs_005,nominal_mpc_recovery,155.0,0.20521305177204885,0.20494216882488028,7.308134036445142,3.7748359294983533,29.112272756303092,True,slsqp,none,True,True,False,False,0.49845790000108536,0.2903022887881743
lhs_005,nominal_mpc_recovery,160.0,0.2072512482270076,0.20694060468376152,7.308134036445142,3.7776013760195664,29.251879528161247,False,slsqp,none,True,True,False,False,0.0,0.0
lhs_005,nominal_mpc_recovery,165.0,0.20928944468196636,0.20867096278715536,7.308134036445142,3.7804565326890507,29.39059203969731,False,slsqp,none,True,True,False,False,0.0,0.0
lhs_005,nominal_mpc_recovery,170.0,0.21132764113692512,0.2103661147200588,7.308134036445142,3.783363701788204,29.528491720488972,False,slsqp,none,True,True,False,False,0.0,0.0
lhs_005,nominal_mpc_recovery,175.0,0.21336583759188388,0.21264571294487447,7.308134036445142,3.7862949482299295,29.665636940853197,False,slsqp,none,True,True,False,False,0.0,0.0
lhs_005,nominal_mpc_recovery,180.0,0.2152816252497188,0.21404907291660666,6.869226445155512,3.779325122303083,29.785136940443294,True,slsqp,none,True,True,False,False,0.4821408000007068,0.4389075912896301
lhs_005,nominal_mpc_recovery,185.0,0.21719741290755373,0.21634010375046794,6.869226445155512,3.7812373770977254,29.903451782254777,False,slsqp,none,True,True,False,False,0.0,0.0
lhs_005,nominal_mpc_recovery,190.0,0.21911320056538866,0.2182922490269209,6.869226445155512,3.783305198157786,30.02072755685404,False,slsqp,none,True,True,False,False,0.0,0.0
lhs_005,nominal_mpc_recovery,195.0,0.2210289882232236,0.22121379675427852,6.869226445155512,3.7854794159254883,30.137073032796085,False,slsqp,none,True,True,False,False,0.0,0.0
lhs_005,nominal_mpc_recovery,200.0,0.22294477588105852,0.22289527774371054,6.869226445155512,3.787723307285972,30.25256892882816,False,slsqp,none,True,True,False,False,0.0,0.0
lhs_005,nominal_mpc_recovery,205.0,0.22477775430088753,0.22523949265819493,6.572306582827874,3.783315644840873,30.356233096419924,True,slsqp,none,True,True,False,False,0.5464100999997754,0.2969198623276377
lhs_005,nominal_mpc_recovery,210.0,0.22661073272071655,0.22717004123204879,6.572306582827874,3.784945972781173,30.458836556591436,False,slsqp,none,True,True,False,False,0.0,0.0
lhs_005,nominal_mpc_recovery,215.0,0.22844371114054557,0.22884053830465487,6.572306582827874,3.7867032728161463,30.560493034950824,False,slsqp,none,True,True,False,False,0.0,0.0
lhs_005,nominal_mpc_recovery,220.0,0.2302766895603746,0.2313466228809557,6.572306582827874,3.788548627125891,30.661287918064133,False,slsqp,none,True,True,False,False,0.0,0.0
lhs_005,nominal_mpc_recovery,225.0,0.2321096679802036,0.23345829457746123,6.572306582827874,3.790452971689618,30.761285272829596,False,slsqp,none,True,True,False,False,0.0,0.0
lhs_005,nominal_mpc_recovery,230.0,0.23383728326933398,0.23490145311177094,6.194517739278595,3.7838842153749823,30.846980366161322,True,slsqp,none,True,True,False,False,0.5121357000007265,0.3777888435492791
lhs_005,nominal_mpc_recovery,235.0,0.23556489855846435,0.23632266843352748,6.194517739278595,3.784990512917592,30.931591516599056,False,slsqp,none,True,True,False,False,0.0,0.0
lhs_005,nominal_mpc_recovery,240.0,0.23729251384759473,0.23760427634153466,6.194517739278595,3.786258112239021,31.015243782327545,False,slsqp,none,True,True,False,False,0.0,0.0
lhs_005,nominal_mpc_recovery,245.0,0.2390201291367251,0.2406421160733535,6.194517739278595,3.787642747706867,31.098032018612017,False,slsqp,none,True,True,False,False,0.0,0.0
lhs_005,nominal_mpc_recovery,250.0,0.24074774442585548,0.24160729626150695,6.194517739278595,3.789111231099716,31.180028320594023,False,slsqp,none,True,True,False,False,0.0,0.0
lhs_005,nominal_mpc_recovery,255.0,0.24242854326965965,0.24402062305950076,6.026653225177716,3.7868594611570763,31.255466173335634,True,slsqp,none,True,True,False,False,0.32280720000017027,0.167864514100879
lhs_005,nominal_mpc_recovery,260.0,0.24410934211346383,0.2461253802357179,6.026653225177716,3.7880487505277998,31.330051831092995,False,slsqp,none,True,True,False,False,0.0,0.0
lhs_005,nominal_mpc_recovery,265.0,0.245790140957268,0.2469993219117456,6.026653225177716,3.789331973638121,31.40385972871352,False,slsqp,none,True,True,False,False,0.0,0.0
lhs_005,nominal_mpc_recovery,270.0,0.24747093980107218,0.24771235088418264,6.026653225177716,3.790683130339686,31.476946857527246,False,slsqp,none,True,True,False,False,0.0,0.0
lhs_005,nominal_mpc_recovery,275.0,0.24915173864487636,0.24846375997470918,6.026653225177716,3.7920827861878923,31.549357052423275,False,slsqp,none,True,True,False,False,0.0,0.0
lhs_005,nominal_mpc_recovery,280.0,0.25076387066164135,0.24977524641227253,5.780442230826005,3.7879757275312245,31.612805093976515,True,slsqp,none,True,True,False,False,0.51918889999979,0.2462109943517108
lhs_005,nominal_mpc_recovery,285.0,0.2523760026784064,0.2523298127921553,5.780442230826005,3.7888792974118184,31.675416504003813,False,slsqp,none,True,True,False,False,0.0,0.0
lhs_005,nominal_mpc_recovery,290.0,0.2539881346951714,0.25468792730832535,5.780442230826005,3.7898964445503696,31.73727177597778,False,slsqp,none,True,True,False,False,0.0,0.0
lhs_005,nominal_mpc_recovery,295.0,0.2556002667119364,0.25649021298263086,5.780442230826005,3.7909981507377744,31.798432831640742,False,slsqp,none,True,True,False,False,0.0,0.0
lhs_005,nominal_mpc_recovery,300.0,0.25721239872870144,0.25714115069763166,5.780442230826005,3.7921626559715396,31.858947572302633,False,slsqp,none,True,True,False,False,0.0,0.0
lhs_005,nominal_mpc_recovery,305.0,0.2587549322212083,0.2590067441386995,5.530890553518353,3.787759413998855,31.910698667191063,True,slsqp,none,True,True,False,False,0.5195640000001731,0.24955167730765204
lhs_005,nominal_mpc_recovery,310.0,0.2602974657137152,0.2610147585149245,5.530890553518353,3.7884452604158474,31.961660062942045,False,slsqp,none,True,True,False,False,0.0,0.0
lhs_005,nominal_mpc_recovery,315.0,0.2618399992062221,0.2622574548872482,5.530890553518353,3.7892557075946343,32.01191271541989,False,slsqp,none,True,True,False,False,0.0,0.0
lhs_005,nominal_mpc_recovery,320.0,0.26338253269872897,0.26377068687536265,5.530890553518353,3.790160550498798,32.061519146585844,False,slsqp,none,True,True,False,False,0.0,0.0
lhs_005,nominal_mpc_recovery,325.0,0.26492506619123585,0.26525476742201837,5.530890553518353,3.7911370911688675,32.1105279486581,False,slsqp,none,True,True,False,False,0.0,0.0
lhs_005,nominal_mpc_recovery,330.0,0.26651199365768363,0.26730161700701816,5.690069081761484,3.795748805963477,32.16411547110426,True,slsqp,none,True,True,False,False,0.5229208000000654,0.15917852824313083
lhs_005,nominal_mpc_recovery,335.0,0.2680989211241314,0.26930510175698463,5.690069081761484,3.7971784214677986,32.21731171277346,False,slsqp,none,True,True,False,False,0.0,0.0
lhs_005,nominal_mpc_recovery,340.0,0.2696858485905792,0.27124689465225876,5.690069081761484,3.798577308694789,32.27010283204541,False,slsqp,none,True,True,False,False,0.0,0.0
lhs_005,nominal_mpc_recovery,345.0,0.271272776057027,0.27339302554118383,5.690069081761484,3.799953414138308,32.322479470664305,False,slsqp,none,True,True,False,False,0.0,0.0
lhs_005,nominal_mpc_recovery,350.0,0.2728597035234748,0.27462644143670767,5.690069081761484,3.801312876925231,32.374435630836444,False,slsqp,none,True,True,False,False,0.0,0.0
lhs_005,nominal_mpc_recovery,355.0,0.27436891603484054,0.27666993917990473,5.411415222368267,3.7963928689880526,32.41703105259712,True,slsqp,none,True,True,False,False,0.5479627999993681,0.2786538593932173
lhs_005,nominal_mpc_recovery,360.0,0.2758781285462063,0.2785505884062348,5.411415222368267,3.797108329669532,32.45896772450464,False,slsqp,none,True,True,False,False,0.0,0.0
lhs_005,nominal_mpc_recovery,365.0,0.27738734105757207,0.2805976146218939,5.411415222368267,3.797928863473299,32.50030963448666,False,slsqp,none,True,True,False,False,0.0,0.0
lhs_005,nominal_mpc_recovery,370.0,0.27889655356893783,0.2821863208011965,5.411415222368267,3.798830562093803,32.541106434991654,False,slsqp,none,True,True,False,False,0.0,0.0
lhs_005,nominal_mpc_recovery,375.0,0.2804057660803036,0.2837174316468841,5.411415222368267,3.799795467992578,32.581396942952004,False,slsqp,none,True,True,False,False,0.0,0.0
lhs_005,nominal_mpc_recovery,380.0,0.2818967048011929,0.286362952329923,5.345892926992348,3.7993362743950305,32.6191661658641,True,slsqp,none,True,True,False,False,0.37794750000102795,0.06552229537591892
lhs_005,nominal_mpc_recovery,385.0,0.2833876435220822,0.28684083399044275,5.345892926992348,3.800243718983516,32.65643113789053,False,slsqp,none,True,True,False,False,0.0,0.0
lhs_005,nominal_mpc_recovery,390.0,0.28487858224297147,0.28844624907386196,5.345892926992348,3.8012091898038727,32.69322617328997,False,slsqp,none,True,True,False,False,0.0,0.0
lhs_005,nominal_mpc_recovery,395.0,0.28636952096386076,0.2908307324643657,5.345892926992348,3.8022209375358904,32.72957847247233,False,slsqp,none,True,True,False,False,0.0,0.0
lhs_005,nominal_mpc_recovery,400.0,0.28786045968475005,0.29269046596641884,5.345892926992348,3.8032701794131856,32.76550984003451,False,slsqp,none,True,True,False,False,0.0,0.0
lhs_005,nominal_mpc_recovery,405.0,0.28925489796479326,0.29469713479809756,4.999882043417581,3.79656600928073,32.7905520549947,True,slsqp,none,True,True,False,False,0.6100227999995695,0.34601088357476684
lhs_005,nominal_mpc_recovery,410.0,0.29064933624483646,0.2966972672808278,4.999882043417581,3.7968950857385675,32.81494605106689,False,slsqp,none,True,True,False,False,0.0,0.0
lhs_005,nominal_mpc_recovery,415.0,0.2920437745248797,0.29841528622251706,4.999882043417581,3.797382949099063,32.83877677831906,False,slsqp,none,True,True,False,False,0.0,0.0
lhs_005,nominal_mpc_recovery,420.0,0.2934382128049229,0.2996836507836047,4.999882043417581,3.797994366179534,32.86210988218514,False,slsqp,none,True,True,False,False,0.0,0.0
lhs_005,nominal_mpc_recovery,425.0,0.2948326510849661,0.3013896837443904,4.999882043417581,3.7987027735065273,32.884996410946755,False,slsqp,none,True,True,False,False,0.0,0.0
lhs_005,nominal_mpc_recovery,430.0,0.2962361681172843,0.3029519506752387,5.0324347143576675,3.80022068956486,32.908433279117816,True,slsqp,none,True,True,False,False,0.8879531000002316,0.032552670940086514
lhs_005,nominal_mpc_recovery,435.0,0.29763968514960254,0.30428722757986193,5.0324347143576675,3.801141303988849,32.931519386281046,False,slsqp,none,True,True,False,False,0.0,0.0
lhs_005,nominal_mpc_recovery,440.0,0.29904320218192076,0.30472788868875506,5.0324347143576675,3.802099694984623,32.95427315734557,False,slsqp,none,True,True,False,False,0.0,0.0
lhs_005,nominal_mpc_recovery,445.0,0.300446719214239,0.3055305883664704,5.0324347143576675,3.8030898350094398,32.97670980292358,False,slsqp,none,True,True,False,False,0.0,0.0
lhs_005,nominal_mpc_recovery,450.0,0.3018502362465572,0.3073373466283826,5.0324347143576675,3.8040992765959416,32.998842070694224,False,slsqp,none,True,True,False,False,0.0,0.0
lhs_005,nominal_mpc_recovery,455.0,0.30320280857105497,0.30970407404442907,4.849767949192043,3.801011021390888,33.015387152916134,True,slsqp,none,True,True,False,False,0.719932099998914,0.1826667651656244
lhs_005,nominal_mpc_recovery,460.0,0.30455538089555273,0.30994715206564916,4.849767949192043,3.801633305443192,33.03151513549229,False,slsqp,none,True,True,False,False,0.0,0.0
lhs_005,nominal_mpc_recovery,465.0,0.3059079532200505,0.31112678408907374,4.849767949192043,3.802336904489502,33.04727161737878,False,slsqp,none,True,True,False,False,0.0,0.0
lhs_005,nominal_mpc_recovery,470.0,0.30726052554454825,0.311184154204034,4.849767949192043,3.803103116670413,33.062692332353016,False,slsqp,none,True,True,False,False,0.0,0.0
lhs_005,nominal_mpc_recovery,475.0,0.308613097869046,0.31244771404694655,4.849767949192043,3.8039177757602847,33.07780553805883,False,slsqp,none,True,True,False,False,0.0,0.0
lhs_005,nominal_mpc_recovery,480.0,0.3099988241469278,0.3137962407853176,4.968644387515362,3.8074451194703998,33.096038217117865,True,slsqp,none,True,True,False,False,1.2280929000007745,0.11887643832331918
lhs_005,nominal_mpc_recovery,485.0,0.3113845504248096,0.3155314328421965,4.968644387515362,3.8085942471687573,33.11409288414131,False,slsqp,none,True,True,False,False,0.0,0.0
lhs_005,nominal_mpc_recovery,490.0,0.3127702767026914,0.3173852390039751,4.968644387515362,3.809719518917492,33.13195976445409,False,slsqp,none,True,True,False,False,0.0,0.0
lhs_005,nominal_mpc_recovery,495.0,0.3141560029805732,0.31840454646370747,4.968644387515362,3.8108274027308733,33.149632503909906,False,slsqp,none,True,True,False,False,0.0,0.0
lhs_005,nominal_mpc_recovery,500.0,0.31554172925845503,0.31921748756878243,4.968644387515362,3.8119227575606174,33.16710729763471,False,slsqp,none,True,True,False,False,0.0,0.0
lhs_005,nominal_mpc_recovery,505.0,0.31693039187213146,0.3205748253678967,4.979172879757149,3.8132461119776226,33.18468583660183,True,slsqp,none,True,True,False,False,1.206893399999899,0.010528492241786758
lhs_005,nominal_mpc_recovery,510.0,0.3183190544858079,0.3217040925232746,4.979172879757149,3.8143500659936476,33.20207207493831,False,slsqp,none,True,True,False,False,0.0,0.0
lhs_005,nominal_mpc_recovery,515.0,0.3197077170994843,0.3227172598605125,4.979172879757149,3.815445726828786,33.21926432749062,False,slsqp,none,True,True,False,False,0.0,0.0
lhs_005,nominal_mpc_recovery,520.0,0.32109637971316074,0.3236017729578763,4.979172879757149,3.8165356061849898,33.23626220445839,False,slsqp,none,True,True,False,False,0.0,0.0
lhs_005,nominal_mpc_recovery,525.0,0.32248504232683717,0.32514831560463614,4.979172879757149,3.8176215831036284,33.25306627094378,False,slsqp,none,True,True,False,False,0.0,0.0
lhs_005,nominal_mpc_recovery,530.0,0.32379981781406564,0.32645231842621814,4.7142440391952265,3.812745038953591,33.262179654828564,True,slsqp,none,True,True,False,False,1.0090244000002713,0.26492884056192256
lhs_005,nominal_mpc_recovery,535.0,0.3251145933012941,0.32700899943625533,4.7142440391952265,3.8132329425777525,33.270912599571396,False,slsqp,none,True,True,False,False,0.0,0.0
lhs_005,nominal_mpc_recovery,540.0,0.3264293687885226,0.3282486197813098,4.7142440391952265,3.813825320107622,33.279320171671564,False,slsqp,none,True,True,False,False,0.0,0.0
lhs_005,nominal_mpc_recovery,545.0,0.32774414427575105,0.3298744704347683,4.7142440391952265,3.814497819039527,33.28744497453726,False,slsqp,none,True,True,False,False,0.0,0.0
lhs_005,nominal_mpc_recovery,550.0,0.3290589197629795,0.33012177813399973,4.7142440391952265,3.8152320129569355,33.29532018432517,False,slsqp,none,True,True,False,False,0.0,0.0
lhs_005,nominal_mpc_recovery,555.0,0.33036456869409153,0.33234671126849036,4.6815199633447255,3.815277837502692,33.30207178078815,True,slsqp,none,True,True,False,False,1.5869463999988511,0.03272407585050097
lhs_005,nominal_mpc_recovery,560.0,0.33167021762520354,0.3340921901054245,4.6815199633447255,3.8160236302906716,33.3085976019463,False,slsqp,none,True,True,False,False,0.0,0.0
lhs_005,nominal_mpc_recovery,565.0,0.33297586655631556,0.33581598805003854,4.6815199633447255,3.8168115676487226,33.31492051277301,False,slsqp,none,True,True,False,False,0.0,0.0
lhs_005,nominal_mpc_recovery,570.0,0.33428151548742757,0.33669609273634765,4.6815199633447255,3.8176324863622457,33.32105869881383,False,slsqp,none,True,True,False,False,0.0,0.0
lhs_005,nominal_mpc_recovery,575.0,0.3355871644185396,0.337817037186027,4.6815199633447255,3.818479432810784,33.327026785853185,False,slsqp,none,True,True,False,False,0.0,0.0
lhs_005,nominal_mpc_recovery,580.0,0.3367398224787523,0.3391773673763795,4.132957636016325,3.8070084372898787,33.31843025836599,True,slsqp,none,True,True,False,False,1.1384223000004567,0.5485623273284004
lhs_005,nominal_mpc_recovery,585.0,0.337892480538965,0.3412116316709488,4.132957636016325,3.8066646509759474,33.309354032300504,False,slsqp,none,True,True,False,False,0.0,0.0
lhs_005,nominal_mpc_recovery,590.0,0.3390451385991777,0.3431861879225958,4.132957636016325,3.806552093130888,33.29990156642751,False,slsqp,none,True,True,False,False,0.0,0.0
lhs_005,nominal_mpc_recovery,595.0,0.3401977966593904,0.34547383155613004,4.132957636016325,3.8066168158419926,33.290152174530974,False,slsqp,none,True,True,False,False,0.0,0.0
lhs_005,nominal_mpc_recovery,600.0,0.34135045471960307,0.3462787711699494,4.132957636016325,3.8068180034001102,33.280166922668435,False,slsqp,none,True,True,False,False,0.0,0.0
lhs_005,nominal_mpc_recovery,605.0,0.34306090125079736,0.34704946097530553,6.132957636016325,3.8521074864435736,33.32704272663128,True,slope_safe_emergency,prediction_domain_infeasible_under_candidate_audit,False,False,True,False,4.826351199999408,2.0
lhs_005,nominal_mpc_recovery,610.0,0.3453291362529733,0.3494942296471106,8.132957636016325,3.901953304990318,33.44851209856307,True,slope_safe_emergency,prediction_domain_infeasible_under_candidate_audit,False,False,True,False,0.2482244000002538,2.0
lhs_005,nominal_mpc_recovery,615.0,0.3481180786078814,0.3515599830673289,10.0,3.9525528727992634,33.65739549666591,True,slope_safe_emergency,prediction_domain_infeasible_under_candidate_audit,False,False,True,False,0.5709447999997792,1.8670423639836748
lhs_005,nominal_mpc_recovery,620.0,0.35090702096278953,0.35465478626265384,10.0,3.963989721718909,33.87377226453136,False,slope_safe_emergency,prediction_domain_infeasible_under_candidate_audit,False,False,True,False,0.0,0.0
lhs_005,nominal_mpc_recovery,625.0,0.35369596331769765,0.3570111330482417,10.0,3.9736585599092322,34.09574924343613,False,slope_safe_emergency,prediction_domain_infeasible_under_candidate_audit,False,False,True,False,0.0,0.0
lhs_005,nominal_mpc_recovery,630.0,0.35648490567260577,0.35936890342347866,10.0,3.98197739185369,34.32188436392509,False,slope_safe_emergency,prediction_domain_infeasible_under_candidate_audit,False,False,True,False,0.0,0.0
lhs_005,nominal_mpc_recovery,635.0,0.3592738480275139,0.3612394459264354,10.0,3.989262413784559,34.55107651121094,False,slope_safe_emergency,prediction_domain_infeasible_under_candidate_audit,False,False,True,False,0.0,0.0
lhs_005,nominal_mpc_recovery,640.0,0.3592738480275139,0.3631675987658448,0.0,3.7708664954635926,34.460454727072495,True,hard_safety_emergency,hard_safety_slew_conflict,False,False,True,True,1.5973266000000876,10.0
lhs_005,nominal_mpc_recovery,645.0,0.3592738480275139,0.3630828003768623,0.0,3.7543916417595558,34.370569983792926,True,hard_safety_emergency,hard_safety_slew_conflict,False,False,True,True,0.6529633000009198,0.0
lhs_005,nominal_mpc_recovery,650.0,0.3592738480275139,0.3637138767397365,0.0,3.7414029952602093,34.28141710831084,False,hard_safety_emergency,hard_safety_slew_conflict,False,False,True,True,0.0,0.0
lhs_005,nominal_mpc_recovery,655.0,0.3592738480275139,0.36355110796138534,0.0,3.7310639168724715,34.192990141545145,False,hard_safety_emergency,hard_safety_slew_conflict,False,False,True,True,0.0,0.0
lhs_005,nominal_mpc_recovery,660.0,0.3592738480275139,0.3636868998663523,0.0,3.7227421775582874,34.10528317293534,False,hard_safety_emergency,hard_safety_slew_conflict,False,False,True,True,0.0,0.0
lhs_005,nominal_mpc_recovery,665.0,0.3592738480275139,0.3640080730634423,0.0,3.7159598989179967,34.018290340046434,False,hard_safety_emergency,hard_safety_slew_conflict,False,False,True,True,0.0,0.0
lhs_005,nominal_mpc_recovery,670.0,0.35983163649849553,0.36342486547558905,2.0,3.7553332502341275,33.95398580198258,True,slope_safe_emergency,prediction_domain_infeasible_under_candidate_audit,False,False,True,False,0.33405000000129803,2.0
lhs_005,nominal_mpc_recovery,675.0,0.36094721344045877,0.36442579612556786,4.0,3.8000821934983264,33.927042634668126,True,slope_safe_emergency,prediction_domain_infeasible_under_candidate_audit,False,False,True,False,0.7777346999992005,2.0
lhs_005,nominal_mpc_recovery,680.0,0.36262057885340365,0.365508306804088,6.0,3.8492072541422893,33.954389518651816,True,slope_safe_emergency,prediction_domain_infeasible_under_candidate_audit,False,False,True,False,0.8492545000008249,2.0
lhs_005,nominal_mpc_recovery,685.0,0.3648517327373301,0.3673216672490904,8.0,3.9019471149225065,34.0545602860627,True,slope_safe_emergency,prediction_domain_infeasible_under_candidate_audit,False,False,True,False,0.6684888999989198,2.0
lhs_005,nominal_mpc_recovery,690.0,0.36764067509223824,0.3696995042144981,10.0,3.9577206420364583,34.24723661686751,True,slope_safe_emergency,prediction_domain_infeasible_under_candidate_audit,False,False,True,False,0.5306244999992487,2.0
lhs_005,nominal_mpc_recovery,695.0,0.37042961744714636,0.37211482657926176,10.0,3.971107031285454,34.44957814649862,True,slope_safe_emergency,prediction_domain_infeasible_under_candidate_audit,False,False,True,False,0.6321901999999682,0.0
lhs_005,nominal_mpc_recovery,700.0,0.3732185598020545,0.37531635148394843,10.0,3.9822719090309118,34.659197162038,False,slope_safe_emergency,prediction_domain_infeasible_under_candidate_audit,False,False,True,False,0.0,0.0
lhs_005,nominal_mpc_recovery,705.0,0.3760075021569626,0.3778099155671002,10.0,3.9917445185213234,34.8742771715755,False,slope_safe_emergency,prediction_domain_infeasible_under_candidate_audit,False,False,True,False,0.0,0.0
lhs_005,nominal_mpc_recovery,710.0,0.3787964445118707,0.38089661991309653,10.0,3.999925068339084,35.09343336630649,False,slope_safe_emergency,prediction_domain_infeasible_under_candidate_audit,False,False,True,False,0.0,0.0
lhs_005,nominal_mpc_recovery,715.0,0.38158538686677884,0.38388335445507027,10.0,4.007116328201941,35.31560740507288,False,slope_safe_emergency,prediction_domain_infeasible_under_candidate_audit,False,False,True,False,0.0,0.0
lhs_005,nominal_mpc_recovery,720.0,0.38158538686677884,0.3872482043990841,0.0,3.788663638414485,35.21876058548046,True,hard_safety_emergency,hard_safety_slew_conflict,False,False,True,True,0.5884338000014395,10.0
lhs_005,nominal_mpc_recovery,725.0,0.38158538686677884,0.38616912565035844,0.0,3.7721544170727292,35.12270149471815,True,hard_safety_emergency,hard_safety_slew_conflict,False,False,True,True,0.4829377000005479,0.0
lhs_005,nominal_mpc_recovery,730.0,0.38158538686677884,0.38574834470648167,0.0,3.7591480490402067,35.02742454509146,False,hard_safety_emergency,hard_safety_slew_conflict,False,False,True,True,0.0,0.0
lhs_005,nominal_mpc_recovery,735.0,0.38158538686677884,0.3849595904599276,0.0,3.74880355657022,34.932923368179125,False,hard_safety_emergency,hard_safety_slew_conflict,False,False,True,True,0.0,0.0
lhs_005,nominal_mpc_recovery,740.0,0.38158538686677884,0.3837737695609805,0.0,3.740485443123909,34.83919164741343,False,hard_safety_emergency,hard_safety_slew_conflict,False,False,True,True,0.0,0.0
lhs_005,nominal_mpc_recovery,745.0,0.38158538686677884,0.38426500000542635,0.0,3.733713371278182,34.746223117658,False,hard_safety_emergency,hard_safety_slew_conflict,False,False,True,True,0.0,0.0
lhs_005,nominal_mpc_recovery,750.0,0.38158538686677884,0.38443849614725467,0.0,3.7281241681242476,34.654011564789016,True,hard_safety_emergency,hard_safety_slew_conflict,False,False,True,True,0.900041599999895,0.0
lhs_005,nominal_mpc_recovery,755.0,0.38158538686677884,0.38435481736795946,0.0,3.7234431381534985,34.562550825279864,False,hard_safety_emergency,hard_safety_slew_conflict,False,False,True,True,0.0,0.0
lhs_005,nominal_mpc_recovery,760.0,0.38158538686677884,0.3837502698557877,0.0,3.719462403475127,34.47183478578918,False,hard_safety_emergency,hard_safety_slew_conflict,False,False,True,True,0.0,0.0
lhs_005,nominal_mpc_recovery,765.0,0.38158538686677884,0.3838040276392288,0.0,3.7160245498077766,34.38185738275219,False,hard_safety_emergency,hard_safety_slew_conflict,False,False,True,True,0.0,0.0
lhs_005,nominal_mpc_recovery,770.0,0.38158538686677884,0.3844594179333884,0.0,3.713010278438656,34.29261260197545,False,hard_safety_emergency,hard_safety_slew_conflict,False,False,True,True,0.0,0.0
lhs_005,nominal_mpc_recovery,775.0,0.3821431753377605,0.38498784926196145,2.0,3.755305708361176,34.222445170233726,True,slope_safe_emergency,prediction_domain_infeasible_under_candidate_audit,False,False,True,False,1.247827999999572,2.0
lhs_005,nominal_mpc_recovery,780.0,0.3832587522797237,0.3857645830036534,4.0,3.8023358764470623,34.18699256750398,True,slope_safe_emergency,prediction_domain_infeasible_under_candidate_audit,False,False,True,False,0.6505254000003333,2.0
lhs_005,nominal_mpc_recovery,785.0,0.3849321176926686,0.3870212779288273,6.0,3.853256871561841,34.20383651892262,True,slope_safe_emergency,prediction_domain_infeasible_under_candidate_audit,False,False,True,False,0.8353451999992103,2.0
lhs_005,nominal_mpc_recovery,790.0,0.3871632715765951,0.3895334316540532,8.0,3.9074256833131122,34.29195251380782,True,slope_safe_emergency,prediction_domain_infeasible_under_candidate_audit,False,False,True,False,0.6345996000000014,2.0
lhs_005,nominal_mpc_recovery,795.0,0.3899522139315032,0.3910015918842358,10.0,3.9643514808807145,34.47132189815163,True,slope_safe_emergency,prediction_domain_infeasible_under_candidate_audit,False,False,True,False,0.6365172000005259,2.0
lhs_005,nominal_mpc_recovery,800.0,0.3905323139413241,0.39459553577004447,2.08,3.800565508297945,34.40853899541648,True,hard_safety_emergency,hard_safety_slew_conflict,False,False,True,True,0.2899503000007826,7.92
lhs_005,nominal_mpc_recovery,805.0,0.3916702024221266,0.39490012016805015,4.08,3.839778597123998,34.38518611903672,True,slope_safe_emergency,prediction_domain_infeasible_under_candidate_audit,False,False,True,False,0.938802200000282,2.0
lhs_005,nominal_mpc_recovery,810.0,0.3933658793739107,0.39572614911262904,6.08,3.8847832496098147,34.41677193499162,True,slope_safe_emergency,prediction_domain_infeasible_under_candidate_audit,False,False,True,False,0.24065949999931036,2.0
lhs_005,nominal_mpc_recovery,815.0,0.3956193447966765,0.39681564807835057,8.08,3.93447262661652,34.52100686356887,True,slope_safe_emergency,prediction_domain_infeasible_under_candidate_audit,False,False,True,False,0.3966421999994054,2.0
lhs_005,nominal_mpc_recovery,820.0,0.397970980990335,0.39950697469909513,8.432,3.9509421783638423,34.64409947250315,True,slope_safe_emergency,prediction_domain_infeasible_under_candidate_audit,False,False,True,False,0.817540400001235,0.3520000000000003
lhs_005,nominal_mpc_recovery,825.0,0.40032261718399353,0.4021327681278209,8.432,3.9590106893655728,34.77134489064388,False,slope_safe_emergency,prediction_domain_infeasible_under_candidate_audit,False,False,True,False,0.0,0.0
lhs_005,nominal_mpc_recovery,830.0,0.40267425337765206,0.4037595419949605,8.432,3.9659640561838048,34.90173544222182,False,slope_safe_emergency,prediction_domain_infeasible_under_candidate_audit,False,False,True,False,0.0,0.0
lhs_005,nominal_mpc_recovery,835.0,0.4050258895713106,0.406559354689888,8.432,3.972060219940717,35.034501103124704,False,slope_safe_emergency,prediction_domain_infeasible_under_candidate_audit,False,False,True,False,0.0,0.0
lhs_005,nominal_mpc_recovery,840.0,0.4073775257649691,0.40809346350646536,8.432,3.9774968049559876,35.169051619451494,False,slope_safe_emergency,prediction_domain_infeasible_under_candidate_audit,False,False,True,False,0.0,0.0
lhs_005,nominal_mpc_recovery,845.0,0.4073775257649691,0.40927567765022005,0.0,3.7927995429938823,35.07339787033602,True,hard_safety_emergency,hard_safety_slew_conflict,False,False,True,True,0.9144871999997122,8.432
lhs_005,nominal_mpc_recovery,850.0,0.4073775257649691,0.40942729509900266,0.0,3.778484595860978,34.978522365199986,True,hard_safety_emergency,hard_safety_slew_conflict,False,False,True,True,0.24200609999934386,0.0
lhs_005,nominal_mpc_recovery,855.0,0.4073775257649691,0.40939526492036826,0.0,3.767202044252227,34.884419364100175,False,hard_safety_emergency,hard_safety_slew_conflict,False,False,True,True,0.0,0.0
lhs_005,nominal_mpc_recovery,860.0,0.4073775257649691,0.4099972996589405,0.0,3.758224038391876,34.79108257708341,False,hard_safety_emergency,hard_safety_slew_conflict,False,False,True,True,0.0,0.0
lhs_005,nominal_mpc_recovery,865.0,0.4073775257649691,0.4107595676228404,0.0,3.751000562687606,34.69850576541111,False,hard_safety_emergency,hard_safety_slew_conflict,False,False,True,True,0.0,0.0
lhs_005,nominal_mpc_recovery,870.0,0.4073775257649691,0.41019323806622054,0.0,3.7451158845439134,34.60668274114237,False,hard_safety_emergency,hard_safety_slew_conflict,False,False,True,True,0.0,0.0
lhs_005,nominal_mpc_recovery,875.0,0.40793531423595075,0.41102205897304517,2.0,3.7852332392129755,34.53562467796202,True,slope_safe_emergency,prediction_domain_infeasible_under_candidate_audit,False,False,True,False,0.8300725000008242,2.0
lhs_005,nominal_mpc_recovery,880.0,0.409050891177914,0.41210723709297203,4.0,3.830607779389307,34.50026634458125,True,slope_safe_emergency,prediction_domain_infeasible_under_candidate_audit,False,False,True,False,0.917349600000307,2.0
lhs_005,nominal_mpc_recovery,885.0,0.41072425659085887,0.4129762148954119,6.0,3.8802662130249455,34.517739585858045,True,slope_safe_emergency,prediction_domain_infeasible_under_candidate_audit,False,False,True,False,0.7111363000003621,2.0
lhs_005,nominal_mpc_recovery,890.0,0.41295541047478534,0.4141990546509635,8.0,3.9334664960693617,34.60674032753528,True,slope_safe_emergency,prediction_domain_infeasible_under_candidate_audit,False,False,True,False,0.5169914999987668,2.0
lhs_005,nominal_mpc_recovery,895.0,0.41566626244375604,0.4170526412257846,9.72,3.983344975938684,34.77435223555035,True,slope_safe_emergency,prediction_domain_infeasible_under_candidate_audit,False,False,True,False,0.5776896000006673,1.7200000000000006
lhs_005,nominal_mpc_recovery,900.0,0.41837711441272674,0.4194838832380083,9.72,3.9964606108615826,34.951303537813594,False,slope_safe_emergency,prediction_domain_infeasible_under_candidate_audit,False,False,True,False,0.0,0.0
lhs_005,nominal_mpc_recovery,905.0,0.42108796638169743,0.42132598788341674,9.72,4.007427823225694,35.13535163796259,False,slope_safe_emergency,prediction_domain_infeasible_under_candidate_audit,False,False,True,False,0.0,0.0
lhs_005,nominal_mpc_recovery,910.0,0.4237988183506681,0.4238522088442633,9.72,4.016756203459989,35.324788651837544,False,slope_safe_emergency,prediction_domain_infeasible_under_candidate_audit,False,False,True,False,0.0,0.0
lhs_005,nominal_mpc_recovery,915.0,0.4265096703196388,0.4269361265019832,9.72,4.024831124141694,35.51831086016102,False,slope_safe_emergency,prediction_domain_infeasible_under_candidate_audit,False,False,True,False,0.0,0.0
lhs_005,nominal_mpc_recovery,920.0,0.4265096703196388,0.4307832142556272,0.0,3.8133810713723997,35.41981350019143,True,hard_safety_emergency,hard_safety_slew_conflict,False,False,True,True,1.386543199998414,9.72
lhs_005,nominal_mpc_recovery,925.0,0.4265096703196388,0.43028202024117873,0.0,3.7980529352660124,35.322117377954186,True,hard_safety_emergency,hard_safety_slew_conflict,False,False,True,True,0.9750433000008343,0.0
lhs_005,nominal_mpc_recovery,930.0,0.4265096703196388,0.43043857537946334,0.0,3.7860018016569903,35.225216726040316,False,hard_safety_emergency,hard_safety_slew_conflict,False,False,True,True,0.0,0.0
lhs_005,nominal_mpc_recovery,935.0,0.4265096703196388,0.42986718338897745,0.0,3.776440010592107,35.12910506749843,False,hard_safety_emergency,hard_safety_slew_conflict,False,False,True,True,0.0,0.0
lhs_005,nominal_mpc_recovery,940.0,0.4265096703196388,0.4309491186235208,0.0,3.7687723851331634,35.033775978114356,False,hard_safety_emergency,hard_safety_slew_conflict,False,False,True,True,0.0,0.0
lhs_005,nominal_mpc_recovery,945.0,0.4265096703196388,0.42985445136612005,0.0,3.7625490915763913,34.93922308598176,False,hard_safety_emergency,hard_safety_slew_conflict,False,False,True,True,0.0,0.0
lhs_005,nominal_mpc_recovery,950.0,0.42706745879062047,0.42948436729267514,2.0,3.802402051752781,34.86569496887227,True,slope_safe_emergency,prediction_domain_infeasible_under_candidate_audit,False,False,True,False,0.3452930999992532,2.0
lhs_005,nominal_mpc_recovery,955.0,0.4281830357325837,0.42954751589558865,4.0,3.8475673650929645,34.82804213425551,True,slope_safe_emergency,prediction_domain_infeasible_under_candidate_audit,False,False,True,False,0.2400419999994483,2.0
lhs_005,nominal_mpc_recovery,960.0,0.4298564011455286,0.43014265870716134,6.0,3.8970578388122874,34.843341409301786,True,slope_safe_emergency,prediction_domain_infeasible_under_candidate_audit,False,False,True,False,1.377884500001528,2.0
lhs_005,nominal_mpc_recovery,965.0,0.43208755502945506,0.43171578469741506,8.0,3.9501215144972623,34.93025344882231,True,slope_safe_emergency,prediction_domain_infeasible_under_candidate_audit,False,False,True,False,0.5507347000002483,2.0
lhs_005,nominal_mpc_recovery,970.0,0.43431870891338153,0.4334249860455881,8.0,3.9612133650099355,35.02399808121198,True,slope_safe_emergency,prediction_domain_infeasible_under_candidate_audit,False,False,True,False,0.23881059999985155,0.0
lhs_005,nominal_mpc_recovery,975.0,0.436549862797308,0.43552635133502554,8.0,3.970401103290937,35.12293567565511,False,slope_safe_emergency,prediction_domain_infeasible_under_candidate_audit,False,False,True,False,0.0,0.0
lhs_005,nominal_mpc_recovery,980.0,0.4387810166812345,0.43737989863499954,8.0,3.978139843176117,35.225819781716396,False,slope_safe_emergency,prediction_domain_infeasible_under_candidate_audit,False,False,True,False,0.0,0.0
lhs_005,nominal_mpc_recovery,985.0,0.44101217056516095,0.43939658507084267,8.0,3.9847736252806043,35.33170101843079,False,slope_safe_emergency,prediction_domain_infeasible_under_candidate_audit,False,False,True,False,0.0,0.0
lhs_005,nominal_mpc_recovery,990.0,0.44324332444908743,0.44146668878549844,8.0,3.990562616533918,35.43985462093921,False,slope_safe_emergency,prediction_domain_infeasible_under_candidate_audit,False,False,True,False,0.0,0.0
lhs_005,nominal_mpc_recovery,995.0,0.44324332444908743,0.4443629717362955,0.0,3.8158202657788345,35.34199585234605,True,hard_safety_emergency,hard_safety_slew_conflict,False,False,True,True,1.5084431000013865,8.0
lhs_005,nominal_mpc_recovery,1000.0,0.44324332444908743,0.44383594146142213,0.0,3.8026041229437713,35.24493334409551,True,hard_safety_emergency,hard_safety_slew_conflict,False,False,True,True,0.5459879000009096,0.0
lhs_005,nominal_mpc_recovery,1005.0,0.44324332444908743,0.4456142795426721,0.0,3.792169445698522,35.14866114709845,False,hard_safety_emergency,hard_safety_slew_conflict,False,False,True,True,0.0,0.0
lhs_005,nominal_mpc_recovery,1010.0,0.44324332444908743,0.4452927723838051,0.0,3.7838492792568146,35.05317282641014,False,hard_safety_emergency,hard_safety_slew_conflict,False,False,True,True,0.0,0.0
lhs_005,nominal_mpc_recovery,1015.0,0.44324332444908743,0.4462412460477779,0.0,3.7771396031317126,34.95846199948102,False,hard_safety_emergency,hard_safety_slew_conflict,False,False,True,True,0.0,0.0
lhs_005,nominal_mpc_recovery,1020.0,0.44324332444908743,0.44582784112311596,0.0,3.7716594295804877,34.86452233573013,False,hard_safety_emergency,hard_safety_slew_conflict,False,False,True,True,0.0,0.0
lhs_005,nominal_mpc_recovery,1025.0,0.4438011129200691,0.44490545731727527,2.0,3.8120914892097346,34.7907983432904,True,slope_safe_emergency,prediction_domain_infeasible_under_candidate_audit,False,False,True,False,0.35303680000106397,2.0
lhs_005,nominal_mpc_recovery,1030.0,0.4449166898620323,0.44540800067342223,4.0,3.8577115054734135,34.75233339183595,True,slope_safe_emergency,prediction_domain_infeasible_under_candidate_audit,False,False,True,False,0.3418563000013819,2.0
lhs_005,nominal_mpc_recovery,1035.0,0.4465900552749772,0.446410853200986,6.0,3.9075626485262336,34.76633702272905,True,slope_safe_emergency,prediction_domain_infeasible_under_candidate_audit,False,False,True,False,0.45200389999990875,2.0
lhs_005,nominal_mpc_recovery,1040.0,0.44882120915890367,0.4482641020763557,8.0,3.960916413990042,34.85156166181196,True,slope_safe_emergency,prediction_domain_infeasible_under_candidate_audit,False,False,True,False,0.3034504000006564,2.0
lhs_005,nominal_mpc_recovery,1045.0,0.45152090535845474,0.45101721367038816,9.68,4.010021683682918,35.013403924427486,True,slope_safe_emergency,prediction_domain_infeasible_under_candidate_audit,False,False,True,False,0.3997263999990537,1.6799999999999997
lhs_005,nominal_mpc_recovery,1050.0,0.4542206015580058,0.45560627079767047,9.68,4.0231581863663255,35.18462630914898,False,slope_safe_emergency,prediction_domain_infeasible_under_candidate_audit,False,False,True,False,0.0,0.0
lhs_005,nominal_mpc_recovery,1055.0,0.4569202977575569,0.4581993129339222,9.68,4.034150964703803,35.362993909718725,False,slope_safe_emergency,prediction_domain_infeasible_under_candidate_audit,False,False,True,False,0.0,0.0
lhs_005,nominal_mpc_recovery,1060.0,0.45961999395710795,0.46124314009475875,9.68,4.043509564996066,35.54680429482034,False,slope_safe_emergency,prediction_domain_infeasible_under_candidate_audit,False,False,True,False,0.0,0.0
lhs_005,nominal_mpc_recovery,1065.0,0.462319690156659,0.4642180803133298,9.68,4.051619334686315,35.73475752218409,False,slope_safe_emergency,prediction_domain_infeasible_under_candidate_audit,False,False,True,False,0.0,0.0
lhs_005,nominal_mpc_recovery,1070.0,0.462319690156659,0.4658960258414058,0.0,3.84109801176533,35.63449778056216,True,hard_safety_emergency,hard_safety_slew_conflict,False,False,True,True,1.1568589999988035,9.68
lhs_005,nominal_mpc_recovery,1075.0,0.462319690156659,0.465738347108539,0.0,3.8258873517278347,35.53505363629475,True,hard_safety_emergency,hard_safety_slew_conflict,False,False,True,True,0.632415599999149,0.0
lhs_005,nominal_mpc_recovery,1080.0,0.462319690156659,0.46523542139284507,0.0,3.81393673936471,35.43641919525596,False,hard_safety_emergency,hard_safety_slew_conflict,False,False,True,True,0.0,0.0
lhs_005,nominal_mpc_recovery,1085.0,0.462319690156659,0.46619988198059203,0.0,3.804462293710054,35.33858786460593,False,hard_safety_emergency,hard_safety_slew_conflict,False,False,True,True,0.0,0.0
lhs_005,nominal_mpc_recovery,1090.0,0.462319690156659,0.4660811465809674,0.0,3.7968717028970587,35.24155310518561,False,hard_safety_emergency,hard_safety_slew_conflict,False,False,True,True,0.0,0.0
lhs_005,nominal_mpc_recovery,1095.0,0.462319690156659,0.465660643675802,0.0,3.790717307894816,35.145308431079705,False,hard_safety_emergency,hard_safety_slew_conflict,False,False,True,True,0.0,0.0
lhs_005,nominal_mpc_recovery,1100.0,0.46287747862764067,0.46526742669541404,2.0,3.8306343151559394,35.06982919141142,True,slope_safe_emergency,prediction_domain_infeasible_under_candidate_audit,False,False,True,False,0.8175365999995847,2.0
lhs_005,nominal_mpc_recovery,1105.0,0.4638480305671487,0.4655163449435128,3.48,3.8641675775849187,35.01942667191963,True,slope_safe_emergency,prediction_domain_infeasible_under_candidate_audit,False,False,True,False,1.2621252999997523,1.48
lhs_005,nominal_mpc_recovery,1110.0,0.4648185825066567,0.46621914870553965,3.48,3.867582660059749,34.97039166442619,False,slope_safe_emergency,prediction_domain_infeasible_under_candidate_audit,False,False,True,False,0.0,0.0
lhs_005,nominal_mpc_recovery,1115.0,0.4657891344461647,0.4667070375676173,3.48,3.870309660904287,34.922462505598446,False,slope_safe_emergency,prediction_domain_infeasible_under_candidate_audit,False,False,True,False,0.0,0.0
lhs_005,nominal_mpc_recovery,1120.0,0.4667596863856727,0.46892075623083895,3.48,3.872518885366663,34.87544159047483,False,slope_safe_emergency,prediction_domain_infeasible_under_candidate_audit,False,False,True,False,0.0,0.0
lhs_005,nominal_mpc_recovery,1125.0,0.46773023832518074,0.47047932939065884,3.48,3.8743388712118603,34.82917961800535,False,slope_safe_emergency,prediction_domain_infeasible_under_candidate_audit,False,False,True,False,0.0,0.0
lhs_005,nominal_mpc_recovery,1130.0,0.46773023832518074,0.4720366739148751,0.0,3.7976095720883354,34.73629273153602,True,hard_safety_emergency,hard_safety_slew_conflict,False,False,True,True,0.5173746999989817,3.48
lhs_005,nominal_mpc_recovery,1135.0,0.4682880267961624,0.4725812520294008,2.0,3.836117073350657,34.664443585274284,True,slope_safe_emergency,prediction_domain_infeasible_under_candidate_audit,False,False,True,False,1.243902899999739,2.0
lhs_005,nominal_mpc_recovery,1140.0,0.4694036037381256,0.47346582032715945,4.0,3.880307769772779,34.628064062800824,True,slope_safe_emergency,prediction_domain_infeasible_under_candidate_audit,False,False,True,False,0.847997500000929,2.0
lhs_005,nominal_mpc_recovery,1145.0,0.4710769691510705,0.47506296882504034,6.0,3.929105157644353,34.64398876727173,True,slope_safe_emergency,prediction_domain_infeasible_under_candidate_audit,False,False,True,False,0.5764727999994648,2.0
lhs_005,nominal_mpc_recovery,1150.0,0.4722371691707123,0.4775641151069518,4.16,3.895335371799199,34.61512551018992,True,slope_safe_emergency,prediction_domain_infeasible_under_candidate_audit,False,False,True,False,1.379870500000834,1.8399999999999999
lhs_005,nominal_mpc_recovery,1155.0,0.4733973691903541,0.47847119805660043,4.16,3.8975232458118665,34.587016234523944,False,slope_safe_emergency,prediction_domain_infeasible_under_candidate_audit,False,False,True,False,0.0,0.0
lhs_005,nominal_mpc_recovery,1160.0,0.47455756920999587,0.47976394440264797,4.16,3.8994456595851843,34.559539481433106,False,slope_safe_emergency,prediction_domain_infeasible_under_candidate_audit,False,False,True,False,0.0,0.0
lhs_005,nominal_mpc_recovery,1165.0,0.47571776922963765,0.4798899242753572,4.16,3.901166936576675,34.532602571579815,False,slope_safe_emergency,prediction_domain_infeasible_under_candidate_audit,False,False,True,False,0.0,0.0
lhs_005,nominal_mpc_recovery,1170.0,0.47687796924927944,0.4816337086149947,4.16,3.902735681521554,34.50613466351549,False,slope_safe_emergency,prediction_domain_infeasible_under_candidate_audit,False,False,True,False,0.0,0.0
lhs_005,nominal_mpc_recovery,1175.0,0.4785959577399028,0.48204015795913385,6.16,3.9491679403332567,34.53417737343167,True,slope_safe_emergency,prediction_domain_infeasible_under_candidate_audit,False,False,True,False,0.5804011000000173,2.0
lhs_005,nominal_mpc_recovery,1180.0,0.48087173470150785,0.4842949686482475,8.16,3.999987485524548,34.63480125279736,True,slope_safe_emergency,prediction_domain_infeasible_under_candidate_audit,False,False,True,False,1.0540371999995841,2.0
lhs_005,nominal_mpc_recovery,1185.0,0.48366067705641597,0.4862059667345489,10.0,4.050828183392274,34.82000798210337,True,slope_safe_emergency,prediction_domain_infeasible_under_candidate_audit,False,False,True,False,0.43157570000039414,1.8399999999999999
lhs_005,nominal_mpc_recovery,1190.0,0.4864496194113241,0.48830172383058645,10.0,4.062961912882718,35.0135559144218,False,slope_safe_emergency,prediction_domain_infeasible_under_candidate_audit,False,False,True,False,0.0,0.0
lhs_005,nominal_mpc_recovery,1195.0,0.4892385617662322,0.49077819841572196,10.0,4.07326861236139,35.213472567220585,False,slope_safe_emergency,prediction_domain_infeasible_under_candidate_audit,False,False,True,False,0.0,0.0
lhs_005,nominal_mpc_recovery,1200.0,0.4920275041211403,0.4933224584246141,10.0,4.082180602128217,35.41825213783708,False,slope_safe_emergency,prediction_domain_infeasible_under_candidate_audit,False,False,True,False,0.0,0.0
lhs_005,nominal_mpc_recovery,1205.0,0.49481644647604844,0.49692151734810625,10.0,4.0900249673504145,35.626741676494404,False,slope_safe_emergency,prediction_domain_infeasible_under_candidate_audit,False,False,True,False,0.0,0.0
lhs_005,nominal_mpc_recovery,1210.0,0.49481644647604844,0.499218612063039,0.0,3.8721020440788743,35.52736148215758,True,hard_safety_emergency,hard_safety_slew_conflict,False,False,True,True,0.9996988999992027,10.0
lhs_005,nominal_mpc_recovery,1215.0,0.49481644647604844,0.4989636229571378,0.0,3.8560691119972446,35.42878967288143,True,hard_safety_emergency,hard_safety_slew_conflict,False,False,True,True,2.1138511000008293,0.0
lhs_005,nominal_mpc_recovery,1220.0,0.49481644647604844,0.4994916679134845,0.0,3.8434962393205354,35.33102046402796,False,hard_safety_emergency,hard_safety_slew_conflict,False,False,True,True,0.0,0.0
lhs_005,nominal_mpc_recovery,1225.0,0.49481644647604844,0.4991462383044159,0.0,3.833550591017687,35.234047320590406,False,hard_safety_emergency,hard_safety_slew_conflict,False,False,True,True,0.0,0.0
lhs_005,nominal_mpc_recovery,1230.0,0.49481644647604844,0.49860669270737273,0.0,3.8256028926142593,35.13786376077198,False,hard_safety_emergency,hard_safety_slew_conflict,False,False,True,True,0.0,0.0
lhs_005,nominal_mpc_recovery,1235.0,0.49481644647604844,0.49907116220956005,0.0,3.819177576276434,35.04246335555253,False,hard_safety_emergency,hard_safety_slew_conflict,False,False,True,True,0.0,0.0
lhs_005,nominal_mpc_recovery,1240.0,0.49481644647604844,0.5006820705783832,0.0,3.813915139765094,34.947839728258884,True,hard_safety_emergency,hard_safety_slew_conflict,False,False,True,True,0.5509244999993825,0.0
lhs_005,nominal_mpc_recovery,1245.0,0.49481644647604844,0.5016203499165869,0.0,3.8095437263343976,34.85398655413861,False,hard_safety_emergency,hard_safety_slew_conflict,False,False,True,True,0.0,0.0
lhs_005,nominal_mpc_recovery,1250.0,0.49481644647604844,0.5022279472644763,0.0,3.805857666618438,34.76089755993722,False,hard_safety_emergency,hard_safety_slew_conflict,False,False,True,True,0.0,0.0
lhs_005,nominal_mpc_recovery,1255.0,0.49481644647604844,0.501347746175393,0.0,3.802701276954132,34.66856652347893,False,hard_safety_emergency,hard_safety_slew_conflict,False,False,True,True,0.0,0.0
lhs_005,nominal_mpc_recovery,1260.0,0.49481644647604844,0.5020996903612904,0.0,3.799956626418541,34.576987273250715,False,hard_safety_emergency,hard_safety_slew_conflict,False,False,True,True,0.0,0.0
lhs_005,nominal_mpc_recovery,1265.0,0.4953742349470301,0.5022536486803874,2.0,3.842523005081303,34.50309860267762,True,slope_safe_emergency,prediction_domain_infeasible_under_candidate_audit,False,False,True,False,0.9505057000005763,2.0
lhs_005,nominal_mpc_recovery,1270.0,0.4964898118889933,0.5031474385396294,4.0,3.889827243078122,34.462640505143966,True,slope_safe_emergency,prediction_domain_infeasible_under_candidate_audit,False,False,True,False,0.7864050999996834,2.0
lhs_005,nominal_mpc_recovery,1275.0,0.4981631773019382,0.5047552548624511,6.0,3.941027965439757,34.47329126432048,True,slope_safe_emergency,prediction_domain_infeasible_under_candidate_audit,False,False,True,False,0.4543095999997604,2.0
lhs_005,nominal_mpc_recovery,1280.0,0.5003943311858647,0.5068296606256067,8.0,3.9954853305187994,34.55411749180612,True,slope_safe_emergency,prediction_domain_infeasible_under_candidate_audit,False,False,True,False,0.4708416999983456,2.0
lhs_005,nominal_mpc_recovery,1285.0,0.5031832735407729,0.5094337836964243,10.0,4.052704430972035,34.72518664027782,True,slope_safe_emergency,prediction_domain_infeasible_under_candidate_audit,False,False,True,False,0.5079776999991736,2.0
lhs_005,nominal_mpc_recovery,1290.0,0.5053251812693423,0.510795811264379,7.68,4.01512351186012,34.81004600700234,True,hard_safety_emergency,hard_safety_slew_conflict,False,False,True,True,0.03908640000008745,2.3200000000000003
lhs_005,nominal_mpc_recovery,1295.0,0.5069427678351891,0.5119387477489344,5.8,3.9798453556497213,34.83334845231859,True,slope_safe_emergency,prediction_domain_infeasible_under_candidate_audit,False,False,True,False,0.037713699999585515,1.88
lhs_005,nominal_mpc_recovery,1300.0,0.5085603544010359,0.5141847369150049,5.8,3.9817365874492925,34.85669873149939,False,slope_safe_emergency,prediction_domain_infeasible_under_candidate_audit,False,False,True,False,0.0,0.0
lhs_005,nominal_mpc_recovery,1305.0,0.5101779409668826,0.5156747970648381,5.8,3.983676494843516,34.880128222703114,False,slope_safe_emergency,prediction_domain_infeasible_under_candidate_audit,False,False,True,False,0.0,0.0
lhs_005,nominal_mpc_recovery,1310.0,0.5117955275327294,0.5164523807291973,5.8,3.9856478129480726,34.90365729931936,False,slope_safe_emergency,prediction_domain_infeasible_under_candidate_audit,False,False,True,False,0.0,0.0
lhs_005,nominal_mpc_recovery,1315.0,0.5134131140985762,0.5171787319418075,5.8,3.9876377079934717,34.92729826322506,False,slope_safe_emergency,prediction_domain_infeasible_under_candidate_audit,False,False,True,False,0.0,0.0
lhs_005,nominal_mpc_recovery,1320.0,0.5146179371958964,0.5189134332111506,4.32,3.956343606403295,34.90903382316768,True,slope_safe_emergency,prediction_domain_infeasible_under_candidate_audit,False,False,True,False,0.6314394999990327,1.4799999999999995
lhs_005,nominal_mpc_recovery,1325.0,0.5158227602932167,0.52078810612074,4.32,3.955026278847399,34.88985305458195,False,slope_safe_emergency,prediction_domain_infeasible_under_candidate_audit,False,False,True,False,0.0,0.0
lhs_005,nominal_mpc_recovery,1330.0,0.517027583390537,0.5210288237439654,4.32,3.954291954835644,34.87002641246511,False,slope_safe_emergency,prediction_domain_infeasible_under_candidate_audit,False,False,True,False,0.0,0.0
lhs_005,nominal_mpc_recovery,1335.0,0.5182324064878573,0.5231903870478286,4.32,3.953997728077481,34.84975757819688,False,slope_safe_emergency,prediction_domain_infeasible_under_candidate_audit,False,False,True,False,0.0,0.0
lhs_005,nominal_mpc_recovery,1340.0,0.5194372295851776,0.5237318677955979,4.32,3.9540357197971043,34.82919990337834,False,slope_safe_emergency,prediction_domain_infeasible_under_candidate_audit,False,False,True,False,0.0,0.0
lhs_005,nominal_mpc_recovery,1345.0,0.5211998411534795,0.5245722517105342,6.32,3.9993156174741658,34.86570656336586,True,slope_safe_emergency,prediction_domain_infeasible_under_candidate_audit,False,False,True,False,0.7908690999993269,2.0
lhs_005,nominal_mpc_recovery,1350.0,0.5234086834985667,0.5255428241532883,7.92,4.040272002276093,34.961315061740294,True,slope_safe_emergency,prediction_domain_infeasible_under_candidate_audit,False,False,True,False,0.5144387999989704,1.5999999999999996
lhs_005,nominal_mpc_recovery,1355.0,0.525617525843654,0.5270118238955633,7.92,4.048175226105378,35.06093321377543,False,slope_safe_emergency,prediction_domain_infeasible_under_candidate_audit,False,False,True,False,0.0,0.0
lhs_005,nominal_mpc_recovery,1360.0,0.5278263681887412,0.5298231591794116,7.92,4.054950102239569,35.16359911223244,False,slope_safe_emergency,prediction_domain_infeasible_under_candidate_audit,False,False,True,False,0.0,0.0
lhs_005,nominal_mpc_recovery,1365.0,0.5300352105338284,0.5310169374832904,7.92,4.0608631370509,35.26857871329079,False,slope_safe_emergency,prediction_domain_infeasible_under_candidate_audit,False,False,True,False,0.0,0.0
lhs_005,nominal_mpc_recovery,1370.0,0.5322440528789156,0.5323991855347003,7.92,4.066115965431331,35.37531021717622,False,slope_safe_emergency,prediction_domain_infeasible_under_candidate_audit,False,False,True,False,0.0,0.0
lhs_005,nominal_mpc_recovery,1375.0,0.5322440528789156,0.5342623309460542,0.0,3.8926849391588068,35.27797698290217,True,hard_safety_emergency,hard_safety_slew_conflict,False,False,True,True,1.4196343999992678,7.92
lhs_005,nominal_mpc_recovery,1380.0,0.5322440528789156,0.5339858536368203,0.0,3.879264296807054,35.181435734959734,True,hard_safety_emergency,hard_safety_slew_conflict,False,False,True,True,2.0851296999990154,0.0
lhs_005,nominal_mpc_recovery,1385.0,0.5322440528789156,0.5333963344329368,0.0,3.86867261728348,35.08568055401732,False,hard_safety_emergency,hard_safety_slew_conflict,False,False,True,True,0.0,0.0
lhs_005,nominal_mpc_recovery,1390.0,0.5322440528789156,0.5350711100427937,0.0,3.860231392232425,34.99070503968813,False,hard_safety_emergency,hard_safety_slew_conflict,False,False,True,True,0.0,0.0
lhs_005,nominal_mpc_recovery,1395.0,0.5322440528789156,0.5350328185204877,0.0,3.853427875409338,34.89650284369919,False,hard_safety_emergency,hard_safety_slew_conflict,False,False,True,True,0.0,0.0
lhs_005,nominal_mpc_recovery,1400.0,0.5322440528789156,0.5347899808082178,0.0,3.847874488443736,34.803067669467,False,hard_safety_emergency,hard_safety_slew_conflict,False,False,True,True,0.0,0.0
lhs_005,nominal_mpc_recovery,1405.0,0.5328018413498973,0.5355841406572397,2.0,3.8882719090214337,34.72993234916004,True,slope_safe_emergency,prediction_domain_infeasible_under_candidate_audit,False,False,True,False,0.4624465999986569,2.0
lhs_005,nominal_mpc_recovery,1410.0,0.5339174182918606,0.5362775754117743,4.0,3.9338925909645908,34.69212102256112,True,slope_safe_emergency,prediction_domain_infeasible_under_candidate_audit,False,False,True,False,0.07433300000047893,2.0
lhs_005,nominal_mpc_recovery,1415.0,0.5355907837048054,0.5372593146823333,6.0,3.9837778666096244,34.706829797564815,True,slope_safe_emergency,prediction_domain_infeasible_under_candidate_audit,False,False,True,False,0.21264439999868046,2.0
lhs_005,nominal_mpc_recovery,1420.0,0.5378219375887319,0.5385638567350425,8.0,4.0371986426602104,34.79280162337454,True,slope_safe_emergency,prediction_domain_infeasible_under_candidate_audit,False,False,True,False,0.12031190000016068,2.0
lhs_005,nominal_mpc_recovery,1425.0,0.5401981164751136,0.5415658504195138,8.52,4.060302153218054,34.90619965664633,True,slope_safe_emergency,prediction_domain_infeasible_under_candidate_audit,False,False,True,False,0.07388619999983348,0.5199999999999996
lhs_005,nominal_mpc_recovery,1430.0,0.5425742953614954,0.5447353234810031,8.52,4.07093754640541,35.02606580316201,False,slope_safe_emergency,prediction_domain_infeasible_under_candidate_audit,False,False,True,False,0.0,0.0
lhs_005,nominal_mpc_recovery,1435.0,0.5449504742478771,0.5466042771131199,8.52,4.079894587799438,35.15085712612895,False,slope_safe_emergency,prediction_domain_infeasible_under_candidate_audit,False,False,True,False,0.0,0.0
lhs_005,nominal_mpc_recovery,1440.0,0.5473266531342589,0.5498556602342696,8.52,4.087573007751285,35.27939822356053,False,slope_safe_emergency,prediction_domain_infeasible_under_candidate_audit,False,False,True,False,0.0,0.0
lhs_005,nominal_mpc_recovery,1445.0,0.5497028320206406,0.5523953679702424,8.52,4.094275122145507,35.41079155864543,False,slope_safe_emergency,prediction_domain_infeasible_under_candidate_audit,False,False,True,False,0.0,0.0
lhs_005,nominal_mpc_recovery,1450.0,0.5497028320206406,0.5548473272193158,0.0,3.908519032805888,35.31316948940444,True,hard_safety_emergency,hard_safety_slew_conflict,False,False,True,True,0.414969999999812,8.52
lhs_005,nominal_mpc_recovery,1455.0,0.5497028320206406,0.5544039401531858,0.0,3.8947393343813936,35.21634169380907,True,hard_safety_emergency,hard_safety_slew_conflict,False,False,True,True,0.4057366000015463,0.0
lhs_005,nominal_mpc_recovery,1460.0,0.5497028320206406,0.5548178135072087,0.0,3.883883764521743,35.1203022983683,False,hard_safety_emergency,hard_safety_slew_conflict,False,False,True,True,0.0,0.0
lhs_005,nominal_mpc_recovery,1465.0,0.5497028320206406,0.5534211393726922,0.0,3.8752502726991196,35.02504488369809,False,hard_safety_emergency,hard_safety_slew_conflict,False,False,True,True,0.0,0.0
lhs_005,nominal_mpc_recovery,1470.0,0.5497028320206406,0.5538048548159669,0.0,3.868308345150002,34.930563082682916,False,hard_safety_emergency,hard_safety_slew_conflict,False,False,True,True,0.0,0.0
lhs_005,nominal_mpc_recovery,1475.0,0.5497028320206406,0.5543367315620822,0.0,3.862656995719543,34.836850580050196,False,hard_safety_emergency,hard_safety_slew_conflict,False,False,True,True,0.0,0.0
lhs_005,nominal_mpc_recovery,1480.0,0.5502606204916223,0.5542692438614596,2.0,3.9029949777659985,34.76334179303869,True,slope_safe_emergency,prediction_domain_infeasible_under_candidate_audit,False,False,True,False,0.7918503999990207,2.0
lhs_005,nominal_mpc_recovery,1485.0,0.5513761974335856,0.554214424416095,4.0,3.948587603398235,34.72504142537669,True,slope_safe_emergency,prediction_domain_infeasible_under_candidate_audit,False,False,True,False,0.96856729999854,2.0
lhs_005,nominal_mpc_recovery,1490.0,0.5530495628465304,0.5548442733555302,6.0,3.998471428893957,34.739136989279295,True,slope_safe_emergency,prediction_domain_infeasible_under_candidate_audit,False,False,True,False,0.07192340000074182,2.0
lhs_005,nominal_mpc_recovery,1495.0,0.5550910686503231,0.5561537732336461,7.32,4.036612668302648,34.79990699038904,True,slope_safe_emergency,prediction_domain_infeasible_under_candidate_audit,False,False,True,False,0.19956439999987197,1.3200000000000003
lhs_005,nominal_mpc_recovery,1500.0,0.5571325744541158,0.5578759391232975,7.32,4.0465205876755475,34.86621937840719,False,slope_safe_emergency,prediction_domain_infeasible_under_candidate_audit,False,False,True,False,0.0,0.0
lhs_005,nominal_mpc_recovery,1505.0,0.5591740802579085,0.5603376970114871,7.32,4.054769158479116,34.93676134957585,False,slope_safe_emergency,prediction_domain_infeasible_under_candidate_audit,False,False,True,False,0.0,0.0
lhs_005,nominal_mpc_recovery,1510.0,0.5612155860617012,0.5628209906597067,7.32,4.061756469667768,35.010534726644515,False,slope_safe_emergency,prediction_domain_infeasible_under_candidate_audit,False,False,True,False,0.0,0.0
lhs_005,nominal_mpc_recovery,1515.0,0.5632570918654939,0.5648247381137252,7.32,4.067783465583695,35.08677907311091,False,slope_safe_emergency,prediction_domain_infeasible_under_candidate_audit,False,False,True,False,0.0,0.0
lhs_005,nominal_mpc_recovery,1520.0,0.5632570918654939,0.5674073938536529,0.0,3.908332183501703,34.99179505869051,True,hard_safety_emergency,hard_safety_slew_conflict,False,False,True,True,0.4003128000003926,7.32
lhs_005,nominal_mpc_recovery,1525.0,0.5632570918654939,0.5676707528430093,0.0,3.8965673317915734,34.897583987448904,True,hard_safety_emergency,hard_safety_slew_conflict,False,False,True,True,0.07044519999908516,0.0
lhs_005,nominal_mpc_recovery,1530.0,0.5632570918654939,0.5675218519665174,0.0,3.887264518816392,34.804140010228956,False,hard_safety_emergency,hard_safety_slew_conflict,False,False,True,True,0.0,0.0
lhs_005,nominal_mpc_recovery,1535.0,0.5632570918654939,0.566636631099725,0.0,3.879833899586333,34.71145688112738,False,hard_safety_emergency,hard_safety_slew_conflict,False,False,True,True,0.0,0.0
lhs_005,nominal_mpc_recovery,1540.0,0.5632570918654939,0.5663149418863669,0.0,3.8738297091061886,34.61952840509689,False,hard_safety_emergency,hard_safety_slew_conflict,False,False,True,True,0.0,0.0
lhs_005,nominal_mpc_recovery,1545.0,0.5632570918654939,0.565918867946468,0.0,3.8689149786480046,34.52834843753204,False,hard_safety_emergency,hard_safety_slew_conflict,False,False,True,True,0.0,0.0
lhs_005,nominal_mpc_recovery,1550.0,0.5638148803364755,0.5668366640175966,2.0,3.9098467086490585,34.45635508436834,True,slope_safe_emergency,prediction_domain_infeasible_under_candidate_audit,False,False,True,False,0.901552500001344,2.0
lhs_005,nominal_mpc_recovery,1555.0,0.5649304572784388,0.5680401902637878,4.0,3.955927135754111,34.41875020649057,True,slope_safe_emergency,prediction_domain_infeasible_under_candidate_audit,False,False,True,False,1.68536370000038,2.0
lhs_005,nominal_mpc_recovery,1560.0,0.5666038226913837,0.5692339380853714,6.0,4.006221196066321,34.432861690479804,True,slope_safe_emergency,prediction_domain_infeasible_under_candidate_audit,False,False,True,False,0.07080669999959355,2.0
lhs_005,nominal_mpc_recovery,1565.0,0.5688126650364709,0.5699795094135872,7.92,4.058218286650436,34.514594549363615,True,slope_safe_emergency,prediction_domain_infeasible_under_candidate_audit,False,False,True,False,0.36424760000045353,1.92
lhs_005,nominal_mpc_recovery,1570.0,0.571054974689817,0.5713256603439881,8.04,4.072482235519911,34.607894732930575,True,slope_safe_emergency,prediction_domain_infeasible_under_candidate_audit,False,False,True,False,0.39816549999886774,0.11999999999999922
lhs_005,nominal_mpc_recovery,1575.0,0.5732972843431632,0.5740046611808733,8.04,4.082382095193661,34.706823933115786,False,slope_safe_emergency,prediction_domain_infeasible_under_candidate_audit,False,False,True,False,0.0,0.0
lhs_005,nominal_mpc_recovery,1580.0,0.5755395939965093,0.5763758122295383,8.04,4.090764366043934,34.81006125475483,False,slope_safe_emergency,prediction_domain_infeasible_under_candidate_audit,False,False,True,False,0.0,0.0
lhs_005,nominal_mpc_recovery,1585.0,0.5777819036498555,0.5782152954465237,8.04,4.097990869712838,34.916599743751696,False,slope_safe_emergency,prediction_domain_infeasible_under_candidate_audit,False,False,True,False,0.0,0.0
lhs_005,nominal_mpc_recovery,1590.0,0.5800242133032016,0.5804486477783618,8.04,4.104335267597311,35.02566983858125,False,slope_safe_emergency,prediction_domain_infeasible_under_candidate_audit,False,False,True,False,0.0,0.0
lhs_005,nominal_mpc_recovery,1595.0,0.5800242133032016,0.5829131655253111,0.0,3.9289870372248146,34.93118347687977,True,hard_safety_emergency,hard_safety_slew_conflict,False,False,True,True,0.7869874999996682,8.04
lhs_005,nominal_mpc_recovery,1600.0,0.5800242133032016,0.5824391827259425,0.0,3.915945960245676,34.83746592281653,True,hard_safety_emergency,hard_safety_slew_conflict,False,False,True,True,0.4291119000008621,0.0
lhs_005,nominal_mpc_recovery,1605.0,0.5800242133032016,0.5831269145080353,0.0,3.9056788747245688,34.74451144441412,False,hard_safety_emergency,hard_safety_slew_conflict,False,False,True,True,0.0,0.0
lhs_005,nominal_mpc_recovery,1610.0,0.5800242133032016,0.583049490215641,0.0,3.8975195348721634,34.65231382848795,False,hard_safety_emergency,hard_safety_slew_conflict,False,False,True,True,0.0,0.0
lhs_005,nominal_mpc_recovery,1615.0,0.5800242133032016,0.5822645552012033,0.0,3.890964491056474,34.56086691244296,False,hard_safety_emergency,hard_safety_slew_conflict,False,False,True,True,0.0,0.0
lhs_005,nominal_mpc_recovery,1620.0,0.5800242133032016,0.5822536868004202,0.0,3.885633220963767,34.47016458386176,False,hard_safety_emergency,hard_safety_slew_conflict,False,False,True,True,0.0,0.0
lhs_005,nominal_mpc_recovery,1625.0,0.5805820017741833,0.5821867596743361,2.0,3.9262663276283933,34.398861517822176,True,slope_safe_emergency,prediction_domain_infeasible_under_candidate_audit,False,False,True,False,0.3612850999998045,2.0
lhs_005,nominal_mpc_recovery,1630.0,0.5816975787161466,0.583550407061891,4.0,3.972141689107478,34.362058400839935,True,slope_safe_emergency,prediction_domain_infeasible_under_candidate_audit,False,False,True,False,0.0703522999992856,2.0
lhs_005,nominal_mpc_recovery,1635.0,0.5833709441290914,0.5846752736437232,6.0,4.022306435276108,34.37701899483371,True,slope_safe_emergency,prediction_domain_infeasible_under_candidate_audit,False,False,True,False,0.16442370000004303,2.0
lhs_005,nominal_mpc_recovery,1640.0,0.5856020980130179,0.5865240714810054,8.0,4.0760378795040815,34.46254705715271,True,slope_safe_emergency,prediction_domain_infeasible_under_candidate_audit,False,False,True,False,0.5100301000002219,2.0
lhs_005,nominal_mpc_recovery,1645.0,0.588391040367926,0.5881512528781578,10.0,4.132788084302083,34.63854813972417,True,slope_safe_emergency,prediction_domain_infeasible_under_candidate_audit,False,False,True,False,0.2597456000003149,2.0
lhs_005,nominal_mpc_recovery,1650.0,0.5911799827228341,0.5910859311763865,10.0,4.147100256460332,34.82492803674229,True,slope_safe_emergency,prediction_domain_infeasible_under_candidate_audit,False,False,True,False,0.04146180000134336,0.0
lhs_005,nominal_mpc_recovery,1655.0,0.5939689250777422,0.5948241135521584,10.0,4.159154121574514,35.01923700802707,False,slope_safe_emergency,prediction_domain_infeasible_under_candidate_audit,False,False,True,False,0.0,0.0
lhs_005,nominal_mpc_recovery,1660.0,0.5967578674326504,0.5976110904451492,10.0,4.16948969145781,35.219608102259045,False,slope_safe_emergency,prediction_domain_infeasible_under_candidate_audit,False,False,True,False,0.0,0.0
lhs_005,nominal_mpc_recovery,1665.0,0.5995468097875585,0.6005053050415051,10.0,4.178515425473051,35.424614905865965,False,slope_safe_emergency,prediction_domain_infeasible_under_candidate_audit,False,False,True,False,0.0,0.0
lhs_005,nominal_mpc_recovery,1670.0,0.6023357521424666,0.6050190759646576,10.0,4.186547353973917,35.63316426983812,False,slope_safe_emergency,prediction_domain_infeasible_under_candidate_audit,False,False,True,False,0.0,0.0
lhs_005,nominal_mpc_recovery,1675.0,0.6023357521424666,0.6085375516143523,0.0,3.9685095760135614,35.533731781163695,True,hard_safety_emergency,hard_safety_slew_conflict,False,False,True,True,0.46530560000064725,10.0
lhs_005,nominal_mpc_recovery,1680.0,0.6023357521424666,0.6086196326404603,0.0,3.952393208664293,35.435108103054944,True,hard_safety_emergency,hard_safety_slew_conflict,False,False,True,True,0.46411799999987124,0.0
lhs_005,nominal_mpc_recovery,1685.0,0.6023357521424666,0.6078265545228456,0.0,3.9397605189442904,35.337287447700035,False,hard_safety_emergency,hard_safety_slew_conflict,False,False,True,True,0.0,0.0
lhs_005,nominal_mpc_recovery,1690.0,0.6023357521424666,0.6076818085089091,0.0,3.929772785077682,35.24026327665347,False,hard_safety_emergency,hard_safety_slew_conflict,False,False,True,True,0.0,0.0
lhs_005,nominal_mpc_recovery,1695.0,0.6023357521424666,0.6081154472951412,0.0,3.9217962911854385,35.1440291047077,False,hard_safety_emergency,hard_safety_slew_conflict,False,False,True,True,0.0,0.0
lhs_005,nominal_mpc_recovery,1700.0,0.6023357521424666,0.6071435864328066,0.0,3.9153521191851053,35.04857849945961,False,hard_safety_emergency,hard_safety_slew_conflict,False,False,True,True,0.0,0.0
lhs_005,nominal_mpc_recovery,1705.0,0.6023357521424666,0.6062274675340225,0.0,3.9100782403328007,34.953905080880595,True,hard_safety_emergency,hard_safety_slew_conflict,False,False,True,True,0.41574649999893154,0.0
lhs_005,nominal_mpc_recovery,1710.0,0.6023357521424666,0.6060294252328491,0.0,3.905700893224105,34.86000252089012,False,hard_safety_emergency,hard_safety_slew_conflict,False,False,True,True,0.0,0.0
lhs_005,nominal_mpc_recovery,1715.0,0.6023357521424666,0.6060818807355837,0.0,3.902012973247462,34.7668645429327,False,hard_safety_emergency,hard_safety_slew_conflict,False,False,True,True,0.0,0.0
lhs_005,nominal_mpc_recovery,1720.0,0.6023357521424666,0.6060303301409935,0.0,3.8988577158202116,34.67448492155841,False,hard_safety_emergency,hard_safety_slew_conflict,False,False,True,True,0.0,0.0
lhs_005,nominal_mpc_recovery,1725.0,0.6023357521424666,0.6058325477858064,0.0,3.8961163765361397,34.582857482006744,False,hard_safety_emergency,hard_safety_slew_conflict,False,False,True,True,0.0,0.0
lhs_005,nominal_mpc_recovery,1730.0,0.6028935406134482,0.6058193830065128,2.0,3.938760071188493,34.50886457527511,True,slope_safe_emergency,prediction_domain_infeasible_under_candidate_audit,False,False,True,False,0.30424130000028526,2.0
lhs_005,nominal_mpc_recovery,1735.0,0.6040091175554115,0.6060760772025842,4.0,3.986218658771553,34.46824860261319,True,slope_safe_emergency,prediction_domain_infeasible_under_candidate_audit,False,False,True,False,0.9896998000003805,2.0
lhs_005,nominal_mpc_recovery,1740.0,0.6056824829683564,0.6068762957301561,6.0,4.037657079731749,34.4786907403896,True,slope_safe_emergency,prediction_domain_infeasible_under_candidate_audit,False,False,True,False,0.2973308000000543,2.0
lhs_005,nominal_mpc_recovery,1745.0,0.6079136368522828,0.6087365531352332,8.0,4.092444564685478,34.55926075731316,True,slope_safe_emergency,prediction_domain_infeasible_under_candidate_audit,False,False,True,False,0.6374288000006345,2.0
lhs_005,nominal_mpc_recovery,1750.0,0.610702579207191,0.6109238439489758,10.0,4.150104946309646,34.730029377394395,True,slope_safe_emergency,prediction_domain_infeasible_under_candidate_audit,False,False,True,False,0.03628919999937352,2.0
lhs_005,nominal_mpc_recovery,1755.0,0.6115281061442438,0.6138912282028538,2.96,4.006487608328216,34.679713358512586,True,hard_safety_emergency,hard_safety_slew_conflict,False,False,True,True,0.03665560000081314,7.04
lhs_005,nominal_mpc_recovery,1760.0,0.6115281061442438,0.6145676715262318,0.0,3.9363383366781908,34.58804345627988,True,hard_safety_emergency,hard_safety_slew_conflict,False,False,True,True,0.572445499999958,2.96
lhs_005,nominal_mpc_recovery,1765.0,0.6120858946152254,0.6143223156658746,2.0,3.9721860284348205,34.51895158761753,True,slope_safe_emergency,prediction_domain_infeasible_under_candidate_audit,False,False,True,False,2.4057283000001917,2.0
lhs_005,nominal_mpc_recovery,1770.0,0.6132014715571887,0.6157766143986284,4.0,4.014517520039035,34.485986003774805,True,slope_safe_emergency,prediction_domain_infeasible_under_candidate_audit,False,False,True,False,0.07175189999907161,2.0
lhs_005,nominal_mpc_recovery,1775.0,0.6148748369701336,0.6159756562653196,6.0,4.062093422387696,34.50543027838164,True,slope_safe_emergency,prediction_domain_infeasible_under_candidate_audit,False,False,True,False,0.11809940000057395,2.0
lhs_005,nominal_mpc_recovery,1780.0,0.61710599085406,0.6176500954340594,8.0,4.113976392147041,34.595492913415356,True,slope_safe_emergency,prediction_domain_infeasible_under_candidate_audit,False,False,True,False,0.06882990000121936,2.0
lhs_005,nominal_mpc_recovery,1785.0,0.6198949332089682,0.6197896508893032,10.0,4.169457286515462,34.77573919587613,True,slope_safe_emergency,prediction_domain_infeasible_under_candidate_audit,False,False,True,False,0.12772430000040913,2.0
lhs_005,nominal_mpc_recovery,1790.0,0.6211890024616455,0.6220807536874978,4.640000000000001,4.06201284736516,34.76714891524797,True,hard_safety_emergency,hard_safety_slew_conflict,False,False,True,True,0.4212915999996767,5.359999999999999
lhs_005,nominal_mpc_recovery,1795.0,0.6211890024616455,0.6235221791463689,0.0,3.9565030176223046,34.674767196858966,True,hard_safety_emergency,hard_safety_slew_conflict,False,False,True,True,0.5535376999996515,4.640000000000001
lhs_005,nominal_mpc_recovery,1800.0,0.6217467909326272,0.6243920882476865,2.0,3.9906768089661298,34.60661828494201,True,slope_safe_emergency,prediction_domain_infeasible_under_candidate_audit,False,False,True,False,0.852102200000445,2.0
lhs_005,nominal_mpc_recovery,1805.0,0.6228623678745905,0.6253398582055623,4.0,4.031743439444045,34.57569895234025,True,slope_safe_emergency,prediction_domain_infeasible_under_candidate_audit,False,False,True,False,1.5609271000012086,2.0
lhs_005,nominal_mpc_recovery,1810.0,0.6245357332875353,0.6267337093367465,6.0,4.078366792959235,34.59793058789043,True,slope_safe_emergency,prediction_domain_infeasible_under_candidate_audit,False,False,True,False,0.45796039999913773,2.0
lhs_005,nominal_mpc_recovery,1815.0,0.6249261852172224,0.6284339798782662,1.4,3.980669858768126,34.52176815686294,True,hard_safety_emergency,hard_safety_slew_conflict,False,False,True,True,0.5686060000007274,4.6
lhs_005,nominal_mpc_recovery,1820.0,0.6258744256178912,0.6286366562753181,3.4,4.020404641453275,34.47824212950557,True,slope_safe_emergency,prediction_domain_infeasible_under_candidate_audit,False,False,True,False,0.5978641000001517,2.0
lhs_005,nominal_mpc_recovery,1825.0,0.6272019621788275,0.6294428253200967,4.760000000000001,4.0514902546473,34.46572693112731,True,slope_safe_emergency,prediction_domain_infeasible_under_candidate_audit,False,False,True,False,0.07028579999860085,1.3600000000000008
lhs_005,nominal_mpc_recovery,1830.0,0.6285294987397638,0.6304747378291641,4.760000000000001,4.055141278053767,34.454387759258,False,slope_safe_emergency,prediction_domain_infeasible_under_candidate_audit,False,False,True,False,0.0,0.0
lhs_005,nominal_mpc_recovery,1835.0,0.6298570353007001,0.6324486931966612,4.760000000000001,4.058338874573272,34.44398834828051,False,slope_safe_emergency,prediction_domain_infeasible_under_candidate_audit,False,False,True,False,0.0,0.0
lhs_005,nominal_mpc_recovery,1840.0,0.6311845718616365,0.6333250729510028,4.760000000000001,4.061192266316665,34.434348792291395,False,slope_safe_emergency,prediction_domain_infeasible_under_candidate_audit,False,False,True,False,0.0,0.0
lhs_005,nominal_mpc_recovery,1845.0,0.6325121084225728,0.6357586299280108,4.760000000000001,4.063783945109009,34.42533172940013,False,slope_safe_emergency,prediction_domain_infeasible_under_candidate_audit,False,False,True,False,0.0,0.0
lhs_005,nominal_mpc_recovery,1850.0,0.6343974334544906,0.6371087959541637,6.760000000000001,4.111297315705287,34.47639864506039,True,slope_safe_emergency,prediction_domain_infeasible_under_candidate_audit,False,False,True,False,0.610521599999629,2.0
lhs_005,nominal_mpc_recovery,1855.0,0.6368405469573901,0.6392954427608104,8.760000000000002,4.163278525390201,34.605934370048516,True,slope_safe_emergency,prediction_domain_infeasible_under_candidate_audit,False,False,True,False,0.037014499999713735,2.000000000000001
lhs_005,nominal_mpc_recovery,1860.0,0.6379905952268601,0.6423829650444749,4.123600000000001,4.069241606232447,34.5854444555565,True,hard_safety_emergency,hard_safety_slew_conflict,False,False,True,True,0.11900140000034298,4.636400000000001
lhs_005,nominal_mpc_recovery,1865.0,0.6387055684889643,0.6431112792583443,2.5636000000000005,4.032421955811147,34.530107411409126,True,slope_safe_emergency,prediction_domain_infeasible_under_candidate_audit,False,False,True,False,0.32581959999879473,1.56
lhs_005,nominal_mpc_recovery,1870.0,0.6394205417510685,0.6429515968284678,2.5636000000000005,4.027896169288883,34.47382290992654,False,slope_safe_emergency,prediction_domain_infeasible_under_candidate_audit,False,False,True,False,0.0,0.0
lhs_005,nominal_mpc_recovery,1875.0,0.6401355150131728,0.6446535610660972,2.5636000000000005,4.024516323078932,34.416904437903106,False,slope_safe_emergency,prediction_domain_infeasible_under_candidate_audit,False,False,True,False,0.0,0.0
lhs_005,nominal_mpc_recovery,1880.0,0.640850488275277,0.6457130322744742,2.5636000000000005,4.022006790372892,34.35958912091224,False,slope_safe_emergency,prediction_domain_infeasible_under_candidate_audit,False,False,True,False,0.0,0.0
lhs_005,nominal_mpc_recovery,1885.0,0.6415654615373813,0.6470226276416338,2.5636000000000005,4.020159301408692,34.30205645530017,False,slope_safe_emergency,prediction_domain_infeasible_under_candidate_audit,False,False,True,False,0.0,0.0
lhs_005,nominal_mpc_recovery,1890.0,0.6428382232704671,0.6472226892937252,4.563600000000001,4.063944237357597,34.28582126407912,True,slope_safe_emergency,prediction_domain_infeasible_under_candidate_audit,False,False,True,False,0.3364700999991328,2.0000000000000004
lhs_005,nominal_mpc_recovery,1895.0,0.6446687734745347,0.6486386088736723,6.563600000000001,4.112738158524657,34.32770134509398,True,slope_safe_emergency,prediction_domain_infeasible_under_candidate_audit,False,False,True,False,0.5622654999988299,2.0
lhs_005,nominal_mpc_recovery,1900.0,0.6470571121495837,0.6494690860088551,8.563600000000001,4.165661032075479,34.44626894965901,True,slope_safe_emergency,prediction_domain_infeasible_under_candidate_audit,False,False,True,False,0.03704479999942123,2.0
lhs_005,nominal_mpc_recovery,1905.0,0.6494243619581219,0.6522319373812621,8.487984,4.175205361759643,34.56822046782061,True,slope_safe_emergency,prediction_domain_infeasible_under_candidate_audit,False,False,True,False,0.5722675000015442,0.07561600000000013
lhs_005,nominal_mpc_recovery,1910.0,0.6517916117666601,0.6549656691808032,8.487984,4.184600607327904,34.694955456340324,False,slope_safe_emergency,prediction_domain_infeasible_under_candidate_audit,False,False,True,False,0.0,0.0
lhs_005,nominal_mpc_recovery,1915.0,0.6541588615751983,0.6573589095899888,8.487984,4.192742698158356,34.825330906226455,False,slope_safe_emergency,prediction_domain_infeasible_under_candidate_audit,False,False,True,False,0.0,0.0
lhs_005,nominal_mpc_recovery,1920.0,0.6565261113837365,0.6604927176111316,8.487984,4.199924704332734,34.95847372972463,False,slope_safe_emergency,prediction_domain_infeasible_under_candidate_audit,False,False,True,False,0.0,0.0
lhs_005,nominal_mpc_recovery,1925.0,0.6588933611922747,0.662573293417912,8.487984,4.20636797800951,35.09371503442945,False,slope_safe_emergency,prediction_domain_infeasible_under_candidate_audit,False,False,True,False,0.0,0.0
lhs_005,nominal_mpc_recovery,1930.0,0.6588933611922747,0.6645305060935014,0.0,4.0207124712387525,34.998674697950385,True,hard_safety_emergency,hard_safety_slew_conflict,False,False,True,True,0.5887210000000778,8.487984
lhs_005,nominal_mpc_recovery,1935.0,0.6592726573525423,0.6644331558036439,1.3599999999999999,4.037213458791483,34.92130503540975,True,slope_safe_emergency,prediction_domain_infeasible_under_candidate_audit,False,False,True,False,0.8998634999989008,1.3599999999999999
lhs_005,nominal_mpc_recovery,1940.0,0.6596519535128098,0.6659995160168584,1.3599999999999999,4.029187829244387,34.84339246474122,False,slope_safe_emergency,prediction_domain_infeasible_under_candidate_audit,False,False,True,False,0.0,0.0
lhs_005,nominal_mpc_recovery,1945.0,0.6600312496730774,0.6668283673757492,1.3599999999999999,4.0229165145268215,34.76518958327443,False,slope_safe_emergency,prediction_domain_infeasible_under_candidate_audit,False,False,True,False,0.0,0.0
lhs_005,nominal_mpc_recovery,1950.0,0.6604105458333449,0.6657314558405872,1.3599999999999999,4.0179796921651105,34.68688740828092,False,slope_safe_emergency,prediction_domain_infeasible_under_candidate_audit,False,False,True,False,0.0,0.0
lhs_005,nominal_mpc_recovery,1955.0,0.6607898419936125,0.6655212834792722,1.3599999999999999,4.014060071212759,34.60863038510768,False,slope_safe_emergency,prediction_domain_infeasible_under_candidate_audit,False,False,True,False,0.0,0.0
lhs_005,nominal_mpc_recovery,1960.0,0.6617269266248615,0.6655582332620869,3.36,4.05604620349187,34.5622989530148,True,slope_safe_emergency,prediction_domain_infeasible_under_candidate_audit,False,False,True,False,0.5163833999995404,2.0
lhs_005,nominal_mpc_recovery,1965.0,0.6632217997270923,0.6663542060705552,5.359999999999999,4.103248798304921,34.563804771951204,True,slope_safe_emergency,prediction_domain_infeasible_under_candidate_audit,False,False,True,False,0.32618580000053043,1.9999999999999996
lhs_005,nominal_mpc_recovery,1970.0,0.6652744613003047,0.6682468001946206,7.359999999999999,4.154735674986013,34.63102595463629,True,slope_safe_emergency,prediction_domain_infeasible_under_candidate_audit,False,False,True,False,0.34945410000000265,2.0
lhs_005,nominal_mpc_recovery,1975.0,0.6674386805677134,0.6706965383675244,7.76,4.173694558955083,34.71820357302596,True,slope_safe_emergency,prediction_domain_infeasible_under_candidate_audit,False,False,True,False,0.6934985000007146,0.40000000000000036
lhs_005,nominal_mpc_recovery,1980.0,0.6696028998351221,0.6733407808069347,7.76,4.182963549809332,34.81009211862043,False,slope_safe_emergency,prediction_domain_infeasible_under_candidate_audit,False,False,True,False,0.0,0.0
lhs_005,nominal_mpc_recovery,1985.0,0.6717671191025308,0.6756223044006461,7.76,4.190862616155751,34.90555486466819,False,slope_safe_emergency,prediction_domain_infeasible_under_candidate_audit,False,False,True,False,0.0,0.0
lhs_005,nominal_mpc_recovery,1990.0,0.6739313383699396,0.6778361551047397,7.76,4.197714139638347,35.00372617205195,False,slope_safe_emergency,prediction_domain_infeasible_under_candidate_audit,False,False,True,False,0.0,0.0
lhs_005,nominal_mpc_recovery,1995.0,0.6760955576373483,0.6795576403854516,7.76,4.203761601978123,35.10394534142428,False,slope_safe_emergency,prediction_domain_infeasible_under_candidate_audit,False,False,True,False,0.0,0.0
lhs_005,nominal_mpc_recovery,2000.0,0.6760955576373483,0.6820539785890914,0.0,4.034147362736183,35.008821616541475,True,hard_safety_emergency,hard_safety_slew_conflict,False,False,True,True,0.9122889999998733,7.76
lhs_005,nominal_mpc_recovery,2005.0,0.67665334610833,0.6816613006791604,2.0,4.06634362603225,34.94085379239358,True,slope_safe_emergency,prediction_domain_infeasible_under_candidate_audit,False,False,True,False,0.11053290000018023,2.0
lhs_005,nominal_mpc_recovery,2010.0,0.6777689230502932,0.6811110514686322,4.0,4.105856004675421,34.91237560604417,True,slope_safe_emergency,prediction_domain_infeasible_under_candidate_audit,False,False,True,False,1.3214239999997517,2.0
lhs_005,nominal_mpc_recovery,2015.0,0.6794422884632381,0.6816129287257197,6.0,4.151238194611837,34.938848363397206,True,slope_safe_emergency,prediction_domain_infeasible_under_candidate_audit,False,False,True,False,0.1881138999997347,2.0
lhs_005,nominal_mpc_recovery,2020.0,0.6813387692645756,0.6839110399440763,6.8,4.1743231591177965,34.99361099068847,True,slope_safe_emergency,prediction_domain_infeasible_under_candidate_audit,False,False,True,False,0.3821351999995386,0.7999999999999998
lhs_005,nominal_mpc_recovery,2025.0,0.6832352500659131,0.6857317383356532,6.8,4.1805359860154905,35.05080983272407,False,slope_safe_emergency,prediction_domain_infeasible_under_candidate_audit,False,False,True,False,0.0,0.0
lhs_005,nominal_mpc_recovery,2030.0,0.6851317308672507,0.6882265749118317,6.8,4.1859189851057,35.109846484565985,False,slope_safe_emergency,prediction_domain_infeasible_under_candidate_audit,False,False,True,False,0.0,0.0
lhs_005,nominal_mpc_recovery,2035.0,0.6870282116685882,0.6900516061455769,6.8,4.190665569838076,35.17026516066969,False,slope_safe_emergency,prediction_domain_infeasible_under_candidate_audit,False,False,True,False,0.0,0.0
lhs_005,nominal_mpc_recovery,2040.0,0.6889246924699257,0.6926831724451469,6.8,4.194921810480269,35.23171786716018,False,slope_safe_emergency,prediction_domain_infeasible_under_candidate_audit,False,False,True,False,0.0,0.0
lhs_005,nominal_mpc_recovery,2045.0,0.6889246924699257,0.6947948271829285,0.0,4.045485292817348,35.135553683663375,True,hard_safety_emergency,hard_safety_slew_conflict,False,False,True,True,0.03701529999852937,6.8
lhs_005,nominal_mpc_recovery,2050.0,0.6889246924699257,0.694780895857542,0.0,4.033487581007678,35.04017208776555,True,hard_safety_emergency,hard_safety_slew_conflict,False,False,True,True,2.0843412000012904,0.0
lhs_005,nominal_mpc_recovery,2055.0,0.6889246924699257,0.6935938566257638,0.0,4.023963516312999,34.94556711664254,False,hard_safety_emergency,hard_safety_slew_conflict,False,False,True,True,0.0,0.0
lhs_005,nominal_mpc_recovery,2060.0,0.6889246924699257,0.694092792694715,0.0,4.016321849532923,34.85173244678892,False,hard_safety_emergency,hard_safety_slew_conflict,False,False,True,True,0.0,0.0
lhs_005,nominal_mpc_recovery,2065.0,0.6889246924699257,0.6932283390455476,0.0,4.010115709856086,34.75866180618706,False,hard_safety_emergency,hard_safety_slew_conflict,False,False,True,True,0.0,0.0
lhs_005,nominal_mpc_recovery,2070.0,0.6889246924699257,0.6933571374325709,0.0,4.005007249476517,34.666348973887935,False,hard_safety_emergency,hard_safety_slew_conflict,False,False,True,True,0.0,0.0
lhs_005,nominal_mpc_recovery,2075.0,0.6894824809409074,0.693423210832859,2.0,4.045834311343673,34.594246963020886,True,slope_safe_emergency,prediction_domain_infeasible_under_candidate_audit,False,False,True,False,1.802108899999439,2.0
lhs_005,nominal_mpc_recovery,2080.0,0.6905980578828707,0.6938516311304987,4.0,4.0918936862916695,34.55748364580462,True,slope_safe_emergency,prediction_domain_infeasible_under_candidate_audit,False,False,True,False,0.12178499999936321,2.0
lhs_005,nominal_mpc_recovery,2085.0,0.6922714232958155,0.6940513803923248,6.0,4.142239756695507,34.57331713071175,True,slope_safe_emergency,prediction_domain_infeasible_under_candidate_audit,False,False,True,False,0.5126636999993934,2.0
lhs_005,nominal_mpc_recovery,2090.0,0.6942348387136708,0.6954622433372739,7.04,4.174506805291153,34.626420407040875,True,slope_safe_emergency,prediction_domain_infeasible_under_candidate_audit,False,False,True,False,0.1656846999994741,1.04
lhs_005,nominal_mpc_recovery,2095.0,0.696198254131526,0.6992978542877893,7.04,4.184144009423996,34.68457403698499,False,slope_safe_emergency,prediction_domain_infeasible_under_candidate_audit,False,False,True,False,0.0,0.0
lhs_005,nominal_mpc_recovery,2100.0,0.6981616695493813,0.7016263610845237,7.04,4.192175979181846,34.74657333972749,False,slope_safe_emergency,prediction_domain_infeasible_under_candidate_audit,False,False,True,False,0.0,0.0
lhs_005,nominal_mpc_recovery,2105.0,0.7001250849672366,0.7024502368489174,7.04,4.198982281206066,34.81150286212288,False,slope_safe_emergency,prediction_domain_infeasible_under_candidate_audit,False,False,True,False,0.0,0.0
lhs_005,nominal_mpc_recovery,2110.0,0.7020885003850919,0.7036220915046681,7.04,4.204857439632418,34.87866569159352,False,slope_safe_emergency,prediction_domain_infeasible_under_candidate_audit,False,False,True,False,0.0,0.0
lhs_005,nominal_mpc_recovery,2115.0,0.7030724392479034,0.7051468735495866,3.528,4.130888974868122,34.84327581119964,True,hard_safety_emergency,hard_safety_slew_conflict,False,False,True,True,0.13420880000012403,3.512
lhs_005,nominal_mpc_recovery,2120.0,0.7046141665816966,0.7059426737681834,5.5280000000000005,4.172574830454987,34.85935666329145,True,slope_safe_emergency,prediction_domain_infeasible_under_candidate_audit,False,False,True,False,0.41211910000129137,2.0000000000000004
lhs_005,nominal_mpc_recovery,2125.0,0.7056985073692849,0.7077444275120943,3.8880000000000003,4.137774734523529,34.83114896340965,True,slope_safe_emergency,prediction_domain_infeasible_under_candidate_audit,False,False,True,False,0.3111375999997108,1.6400000000000001
lhs_005,nominal_mpc_recovery,2130.0,0.7067828481568731,0.7080802330984947,3.8880000000000003,4.136136285631032,34.80208165499016,False,slope_safe_emergency,prediction_domain_infeasible_under_candidate_audit,False,False,True,False,0.0,0.0
lhs_005,nominal_mpc_recovery,2135.0,0.7078671889444613,0.7097391022248808,3.8880000000000003,4.135103397629226,34.772407717712845,False,slope_safe_emergency,prediction_domain_infeasible_under_candidate_audit,False,False,True,False,0.0,0.0
lhs_005,nominal_mpc_recovery,2140.0,0.7089515297320496,0.7107637574114233,3.8880000000000003,4.134529251942662,34.74231839048374,False,slope_safe_emergency,prediction_domain_infeasible_under_candidate_audit,False,False,True,False,0.0,0.0
lhs_005,nominal_mpc_recovery,2145.0,0.7100358705196378,0.7128121083253072,3.8880000000000003,4.134302937903008,34.711958357955815,False,slope_safe_emergency,prediction_domain_infeasible_under_candidate_audit,False,False,True,False,0.0,0.0
lhs_005,nominal_mpc_recovery,2150.0,0.7116668440087881,0.7137306631509915,5.848,4.178500237260337,34.734006849754245,True,slope_safe_emergency,prediction_domain_infeasible_under_candidate_audit,False,False,True,False,0.07500590000017837,1.9599999999999995
lhs_005,nominal_mpc_recovery,2155.0,0.7129854559541886,0.7143988790033623,4.728,4.157966810500495,34.72554693007402,True,slope_safe_emergency,prediction_domain_infeasible_under_candidate_audit,False,False,True,False,0.11055879999912577,1.12
lhs_005,nominal_mpc_recovery,2160.0,0.7143040678995891,0.7160116273724123,4.728,4.1594929230477025,34.7172592953681,False,slope_safe_emergency,prediction_domain_infeasible_under_candidate_audit,False,False,True,False,0.0,0.0
lhs_005,nominal_mpc_recovery,2165.0,0.7156226798449896,0.7166395135581034,4.728,4.160986661089817,34.709127883993524,False,slope_safe_emergency,prediction_domain_infeasible_under_candidate_audit,False,False,True,False,0.0,0.0
lhs_005,nominal_mpc_recovery,2170.0,0.7169412917903901,0.7180676302739939,4.728,4.162454667862458,34.70113996011048,False,slope_safe_emergency,prediction_domain_infeasible_under_candidate_audit,False,False,True,False,0.0,0.0
lhs_005,nominal_mpc_recovery,2175.0,0.7182599037357906,0.7196005910474568,4.728,4.163901982362102,34.693285374415474,False,slope_safe_emergency,prediction_domain_infeasible_under_candidate_audit,False,False,True,False,0.0,0.0
lhs_005,nominal_mpc_recovery,2180.0,0.7196231387588697,0.7212703438216927,4.888,4.168936861671801,34.68987489473112,True,slope_safe_emergency,prediction_domain_infeasible_under_candidate_audit,False,False,True,False,0.07274099999995087,0.16000000000000014
lhs_005,nominal_mpc_recovery,2185.0,0.7209863737819489,0.7228910040299829,4.888,4.170717130444798,34.686708448642946,False,slope_safe_emergency,prediction_domain_infeasible_under_candidate_audit,False,False,True,False,0.0,0.0
lhs_005,nominal_mpc_recovery,2190.0,0.722349608805028,0.7236619383409223,4.888,4.172422154443671,34.68374712504527,False,slope_safe_emergency,prediction_domain_infeasible_under_candidate_audit,False,False,True,False,0.0,0.0
lhs_005,nominal_mpc_recovery,2195.0,0.7237128438281071,0.7241383572748692,4.888,4.174068674650432,34.680960874521965,False,slope_safe_emergency,prediction_domain_infeasible_under_candidate_audit,False,False,True,False,0.0,0.0
lhs_005,nominal_mpc_recovery,2200.0,0.7250760788511862,0.7258649636638526,4.888,4.175669365342175,34.67832635188209,False,slope_safe_emergency,prediction_domain_infeasible_under_candidate_audit,False,False,True,False,0.0,0.0
lhs_005,nominal_mpc_recovery,2205.0,0.726506248490783,0.7274372549844623,5.128,4.182639920933303,34.68252339567694,True,slope_safe_emergency,prediction_domain_infeasible_under_candidate_audit,False,False,True,False,0.49970570000004955,0.2400000000000002
lhs_005,nominal_mpc_recovery,2210.0,0.7279364181303799,0.7300252033484174,5.128,4.1847205353643,34.68703977596572,False,slope_safe_emergency,prediction_domain_infeasible_under_candidate_audit,False,False,True,False,0.0,0.0
lhs_005,nominal_mpc_recovery,2215.0,0.7293665877699768,0.7317139433656941,5.128,4.186682458437805,34.691811205901246,False,slope_safe_emergency,prediction_domain_infeasible_under_candidate_audit,False,False,True,False,0.0,0.0
lhs_005,nominal_mpc_recovery,2220.0,0.7307967574095736,0.7335347203785593,5.128,4.188552463314837,34.69678825693288,False,slope_safe_emergency,prediction_domain_infeasible_under_candidate_audit,False,False,True,False,0.0,0.0
lhs_005,nominal_mpc_recovery,2225.0,0.7322269270491705,0.7344860158144082,5.128,4.190350815813864,34.70193273852281,False,slope_safe_emergency,prediction_domain_infeasible_under_candidate_audit,False,False,True,False,0.0,0.0
lhs_005,nominal_mpc_recovery,2230.0,0.733210865911982,0.7363758782515865,3.528,4.156056048290986,34.66626519334437,True,slope_safe_emergency,prediction_domain_infeasible_under_candidate_audit,False,False,True,False,0.3128017999988515,1.6
lhs_005,nominal_mpc_recovery,2235.0,0.7341948047747936,0.7365109603596788,3.528,4.154123077151684,34.62984993410055,False,slope_safe_emergency,prediction_domain_infeasible_under_candidate_audit,False,False,True,False,0.0,0.0
lhs_005,nominal_mpc_recovery,2240.0,0.7351787436376052,0.7376263680035385,3.528,4.152789266896888,34.59291351662988,False,slope_safe_emergency,prediction_domain_infeasible_under_candidate_audit,False,False,True,False,0.0,0.0
lhs_005,nominal_mpc_recovery,2245.0,0.7361626825004167,0.7382522009184119,3.528,4.151910877383654,34.555627638896965,False,slope_safe_emergency,prediction_domain_infeasible_under_candidate_audit,False,False,True,False,0.0,0.0
lhs_005,nominal_mpc_recovery,2250.0,0.7371466213632283,0.7394209102786686,3.528,4.151379275925484,34.518122618470194,False,slope_safe_emergency,prediction_domain_infeasible_under_candidate_audit,False,False,True,False,0.0,0.0
lhs_005,nominal_mpc_recovery,2255.0,0.7385321679251466,0.7400707167077202,4.968,4.183543045120035,34.51550804573319,True,slope_safe_emergency,prediction_domain_infeasible_under_candidate_audit,False,False,True,False,0.6055496000008134,1.44
lhs_005,nominal_mpc_recovery,2260.0,0.739917714487065,0.7412930882443549,4.968,4.186743572767489,34.5138733822878,False,slope_safe_emergency,prediction_domain_infeasible_under_candidate_audit,False,False,True,False,0.0,0.0
lhs_005,nominal_mpc_recovery,2265.0,0.7413032610489834,0.7427615912869665,4.968,4.189528195516412,34.51299656972098,False,slope_safe_emergency,prediction_domain_infeasible_under_candidate_audit,False,False,True,False,0.0,0.0
lhs_005,nominal_mpc_recovery,2270.0,0.7426888076109017,0.7442681254066228,4.968,4.191996754252361,34.5127092090523,False,slope_safe_emergency,prediction_domain_infeasible_under_candidate_audit,False,False,True,False,0.0,0.0
lhs_005,nominal_mpc_recovery,2275.0,0.7440743541728201,0.7451283777322889,4.968,4.194224675015153,34.51288337647928,False,slope_safe_emergency,prediction_domain_infeasible_under_candidate_audit,False,False,True,False,0.0,0.0
lhs_005,nominal_mpc_recovery,2280.0,0.7453260315017028,0.7474510030990141,4.4879999999999995,4.185459896949771,34.500582224967964,True,slope_safe_emergency,prediction_domain_infeasible_under_candidate_audit,False,False,True,False,1.5967707999989216,0.4800000000000004
lhs_005,nominal_mpc_recovery,2285.0,0.7465777088305856,0.7487047633838381,4.4879999999999995,4.186276528047427,34.488209604379556,False,slope_safe_emergency,prediction_domain_infeasible_under_candidate_audit,False,False,True,False,0.0,0.0
lhs_005,nominal_mpc_recovery,2290.0,0.7478293861594684,0.7510221099079816,4.4879999999999995,4.187175687064231,34.47580566478887,False,slope_safe_emergency,prediction_domain_infeasible_under_candidate_audit,False,False,True,False,0.0,0.0
lhs_005,nominal_mpc_recovery,2295.0,0.7490810634883511,0.7527057172699347,4.4879999999999995,4.188136859461274,34.46340059102912,False,slope_safe_emergency,prediction_domain_infeasible_under_candidate_audit,False,False,True,False,0.0,0.0
lhs_005,nominal_mpc_recovery,2300.0,0.7503327408172339,0.7540445327050284,4.4879999999999995,4.189144549035838,34.45101706663311,False,slope_safe_emergency,prediction_domain_infeasible_under_candidate_audit,False,False,True,False,0.0,0.0
lhs_005,nominal_mpc_recovery,2305.0,0.7515063277601792,0.7557480390167421,4.207999999999999,4.1838823780423855,34.431617782313296,True,slope_safe_emergency,prediction_domain_infeasible_under_candidate_audit,False,False,True,False,2.4899743999994826,0.28000000000000025
lhs_005,nominal_mpc_recovery,2310.0,0.7526799147031246,0.7570317381609484,4.207999999999999,4.1843173113904735,34.412091003639084,False,slope_safe_emergency,prediction_domain_infeasible_under_candidate_audit,False,False,True,False,0.0,0.0
lhs_005,nominal_mpc_recovery,2315.0,0.7538535016460699,0.7576553150072226,4.207999999999999,4.184882656205166,34.392495584341056,False,slope_safe_emergency,prediction_domain_infeasible_under_candidate_audit,False,False,True,False,0.0,0.0
lhs_005,nominal_mpc_recovery,2320.0,0.7550270885890152,0.7594070415938913,4.207999999999999,4.185547028382425,34.372876106083865,False,slope_safe_emergency,prediction_domain_infeasible_under_candidate_audit,False,False,True,False,0.0,0.0
lhs_005,nominal_mpc_recovery,2325.0,0.7562006755319606,0.7604337781453583,4.207999999999999,4.186286699662426,34.353266374794615,False,slope_safe_emergency,prediction_domain_infeasible_under_candidate_audit,False,False,True,False,0.0,0.0
lhs_005,nominal_mpc_recovery,2330.0,0.757340795166647,0.7614798516476908,4.087999999999999,4.184381971156683,34.330786955157514,True,slope_safe_emergency,prediction_domain_infeasible_under_candidate_audit,False,False,True,False,1.7723919000000024,0.1200000000000001
lhs_005,nominal_mpc_recovery,2335.0,0.7584809148013334,0.7621423522085735,4.087999999999999,4.184951498859217,34.3082894286709,False,slope_safe_emergency,prediction_domain_infeasible_under_candidate_audit,False,False,True,False,0.0,0.0
lhs_005,nominal_mpc_recovery,2340.0,0.7596210344360198,0.7635413707646562,4.087999999999999,4.185602138831326,34.2858089763863,False,slope_safe_emergency,prediction_domain_infeasible_under_candidate_audit,False,False,True,False,0.0,0.0
lhs_005,nominal_mpc_recovery,2345.0,0.7607611540707062,0.7648083102837666,4.087999999999999,4.186314813652903,34.26337235622278,False,slope_safe_emergency,prediction_domain_infeasible_under_candidate_audit,False,False,True,False,0.0,0.0
lhs_005,nominal_mpc_recovery,2350.0,0.7619012737053926,0.7658024079181814,4.087999999999999,4.18707508027572,34.240999956064364,False,slope_safe_emergency,prediction_domain_infeasible_under_candidate_audit,False,False,True,False,0.0,0.0
lhs_005,nominal_mpc_recovery,2355.0,0.763041393340079,0.7670111159596021,4.087999999999999,4.187871995897398,34.21870733895039,True,slope_safe_emergency,prediction_domain_infeasible_under_candidate_audit,False,False,True,False,1.4392321999985143,0.0
lhs_005,nominal_mpc_recovery,2360.0,0.7641815129747654,0.7678953097106169,4.087999999999999,4.188697261637993,34.19650641028505,False,slope_safe_emergency,prediction_domain_infeasible_under_candidate_audit,False,False,True,False,0.0,0.0
lhs_005,nominal_mpc_recovery,2365.0,0.7653216326094519,0.7686340610064011,4.087999999999999,4.18954457596369,34.17440629964624,False,slope_safe_emergency,prediction_domain_infeasible_under_candidate_audit,False,False,True,False,0.0,0.0
lhs_005,nominal_mpc_recovery,2370.0,0.7664617522441383,0.7698392716620561,4.087999999999999,4.1904091464743285,34.152414027094025,False,slope_safe_emergency,prediction_domain_infeasible_under_candidate_audit,False,False,True,False,0.0,0.0
lhs_005,nominal_mpc_recovery,2375.0,0.7676018718788247,0.770764315704654,4.087999999999999,4.19128732125957,34.13053500675526,False,slope_safe_emergency,prediction_domain_infeasible_under_candidate_audit,False,False,True,False,0.0,0.0
lhs_005,nominal_mpc_recovery,2380.0,0.7686527453581541,0.7727521986248693,3.7679999999999993,4.184972960681388,34.10137775718633,True,slope_safe_emergency,prediction_domain_infeasible_under_candidate_audit,False,False,True,False,1.517005199999403,0.31999999999999984
lhs_005,nominal_mpc_recovery,2385.0,0.7697036188374835,0.7745217019938643,3.7679999999999993,4.185148561783121,34.07216094033842,False,slope_safe_emergency,prediction_domain_infeasible_under_candidate_audit,False,False,True,False,0.0,0.0
lhs_005,nominal_mpc_recovery,2390.0,0.7707544923168129,0.7755076966808435,3.7679999999999993,4.185458185791735,34.042937923907786,False,slope_safe_emergency,prediction_domain_infeasible_under_candidate_audit,False,False,True,False,0.0,0.0
lhs_005,nominal_mpc_recovery,2395.0,0.7718053657961423,0.77541733400522,3.7679999999999993,4.185870470106775,34.01374930179242,False,slope_safe_emergency,prediction_domain_infeasible_under_candidate_audit,False,False,True,False,0.0,0.0
lhs_005,nominal_mpc_recovery,2400.0,0.7728562392754718,0.7761348166772367,3.7679999999999993,4.1863616766512095,33.98462601498688,False,slope_safe_emergency,prediction_domain_infeasible_under_candidate_audit,False,False,True,False,0.0,0.0
lhs_005,nominal_mpc_recovery,2405.0,0.7739071127548012,0.7777046590960802,3.767999999999999,4.186913825834671,33.95559169467021,True,slope_safe_emergency,prediction_domain_infeasible_under_candidate_audit,False,False,True,False,4.109837199999674,4.440892098500626e-16
lhs_005,nominal_mpc_recovery,2410.0,0.7749579862341306,0.7793939202157296,3.767999999999999,4.187513287604991,33.92666443206728,False,slope_safe_emergency,prediction_domain_infeasible_under_candidate_audit,False,False,True,False,0.0,0.0
lhs_005,nominal_mpc_recovery,2415.0,0.77600885971346,0.7804835853875598,3.767999999999999,4.188149717611145,33.89785811548816,False,slope_safe_emergency,prediction_domain_infeasible_under_candidate_audit,False,False,True,False,0.0,0.0
lhs_005,nominal_mpc_recovery,2420.0,0.7770597331927894,0.7829315930036032,3.767999999999999,4.188815253933126,33.86918344055447,False,slope_safe_emergency,prediction_domain_infeasible_under_candidate_audit,False,False,True,False,0.0,0.0
lhs_005,nominal_mpc_recovery,2425.0,0.7781106066721188,0.7833057631791653,3.767999999999999,4.189503910546133,33.84064867365195,False,slope_safe_emergency,prediction_domain_infeasible_under_candidate_audit,False,False,True,False,0.0,0.0
lhs_005,nominal_mpc_recovery,2430.0,0.7791057013043501,0.7838298934905724,3.5679999999999987,4.185709802385969,33.807918499064705,True,slope_safe_emergency,prediction_domain_infeasible_under_candidate_audit,False,False,True,False,4.140976000000592,0.20000000000000018
lhs_005,nominal_mpc_recovery,2435.0,0.7801007959365813,0.7844634046976889,3.5679999999999987,4.18598154584349,33.775234295846005,False,slope_safe_emergency,prediction_domain_infeasible_under_candidate_audit,False,False,True,False,0.0,0.0
lhs_005,nominal_mpc_recovery,2440.0,0.7810958905688126,0.7848679446471966,3.5679999999999987,4.186345021864427,33.74262994153347,False,slope_safe_emergency,prediction_domain_infeasible_under_candidate_audit,False,False,True,False,0.0,0.0
lhs_005,nominal_mpc_recovery,2445.0,0.7820909852010438,0.7853066100386471,3.5679999999999987,4.186779351846367,33.71013126528198,False,slope_safe_emergency,prediction_domain_infeasible_under_candidate_audit,False,False,True,False,0.0,0.0
lhs_005,nominal_mpc_recovery,2450.0,0.783086079833275,0.7869588533642087,3.5679999999999987,4.187268710488504,33.67775800586198,False,slope_safe_emergency,prediction_domain_infeasible_under_candidate_audit,False,False,True,False,0.0,0.0
lhs_005,nominal_mpc_recovery,2455.0,0.7840365513878277,0.7880734036604619,3.4079999999999986,4.184200333803647,33.64219766929092,True,slope_safe_emergency,prediction_domain_infeasible_under_candidate_audit,False,False,True,False,1.3762924000002386,0.16000000000000014
lhs_005,nominal_mpc_recovery,2460.0,0.7849870229423803,0.7883817760139281,3.4079999999999986,4.184406485144097,33.60671076955224,False,slope_safe_emergency,prediction_domain_infeasible_under_candidate_audit,False,False,True,False,0.0,0.0
lhs_005,nominal_mpc_recovery,2465.0,0.785937494496933,0.7895684117576104,3.4079999999999986,4.184703072570298,33.57132888363636,False,slope_safe_emergency,prediction_domain_infeasible_under_candidate_audit,False,False,True,False,0.0,0.0
lhs_005,nominal_mpc_recovery,2470.0,0.7868879660514856,0.7900577547171936,3.4079999999999986,4.185069752712389,33.536076101022616,False,slope_safe_emergency,prediction_domain_infeasible_under_candidate_audit,False,False,True,False,0.0,0.0
lhs_005,nominal_mpc_recovery,2475.0,0.7878384376060382,0.7913635792515599,3.4079999999999986,4.185491098396487,33.50097084139293,False,slope_safe_emergency,prediction_domain_infeasible_under_candidate_audit,False,False,True,False,0.0,0.0
lhs_005,nominal_mpc_recovery,2480.0,0.7888000649300105,0.7925895699914592,3.4479999999999986,4.186855513180091,33.46684041821106,True,slope_safe_emergency,prediction_domain_infeasible_under_candidate_audit,False,False,True,False,4.01633000000038,0.040000000000000036
lhs_005,nominal_mpc_recovery,2485.0,0.7897616922539828,0.7932116879546306,3.4479999999999986,4.187443815557372,33.43290255802103,False,slope_safe_emergency,prediction_domain_infeasible_under_candidate_audit,False,False,True,False,0.0,0.0
lhs_005,nominal_mpc_recovery,2490.0,0.7907233195779552,0.7932199509301903,3.4479999999999986,4.1880435059001515,33.3991598910624,False,slope_safe_emergency,prediction_domain_infeasible_under_candidate_audit,False,False,True,False,0.0,0.0
lhs_005,nominal_mpc_recovery,2495.0,0.7916849469019275,0.7951671644954696,3.4479999999999986,4.188653162298749,33.36561452853378,False,slope_safe_emergency,prediction_domain_infeasible_under_candidate_audit,False,False,True,False,0.0,0.0
lhs_005,nominal_mpc_recovery,2500.0,0.7926465742258998,0.7964143549790325,3.4479999999999986,4.189271657341351,33.332268170425536,False,slope_safe_emergency,prediction_domain_infeasible_under_candidate_audit,False,False,True,False,0.0,0.0
lhs_005,nominal_mpc_recovery,2505.0,0.7935635784721936,0.7974806895698999,3.2879999999999985,4.1862979152783275,33.29592366320424,True,slope_safe_emergency,prediction_domain_infeasible_under_candidate_audit,False,False,True,False,4.183578199999829,0.16000000000000014
lhs_005,nominal_mpc_recovery,2510.0,0.7944805827184874,0.7976854047277981,3.2879999999999985,4.1865720053613575,33.259703007503866,False,slope_safe_emergency,prediction_domain_infeasible_under_candidate_audit,False,False,True,False,0.0,0.0
