high_current_a,low_current_a,switch_temperature_c,switch_soc,predicted_charge_time_s,predicted_maximum_temperature_c,predicted_switch_time_s,predicted_final_soc,predicted_empty_interval_count,predicted_feasible
5.0,3.0,34.0,0.55,1900.0,34.85592790910759,310.0,0.8000000000000058,0,True
5.0,3.0,34.0,0.6,1900.0,34.85592790910759,310.0,0.8000000000000058,0,True
5.0,3.0,34.0,0.65,1900.0,34.85592790910759,310.0,0.8000000000000058,0,True
5.0,3.0,34.0,0.7,1900.0,34.85592790910759,310.0,0.8000000000000058,0,True
5.0,3.0,34.0,0.74,1900.0,34.85592790910759,310.0,0.8000000000000058,0,True
6.0,3.0,34.0,0.55,1900.0,34.87104309139885,210.0,0.8002777777777841,0,True
6.0,3.0,34.0,0.6,1900.0,34.87104309139885,210.0,0.8002777777777841,0,True
6.0,3.0,34.0,0.65,1900.0,34.87104309139885,210.0,0.8002777777777841,0,True
6.0,3.0,34.0,0.7,1900.0,34.87104309139885,210.0,0.8002777777777841,0,True
6.0,3.0,34.0,0.74,1900.0,34.87104309139885,210.0,0.8002777777777841,0,True
8.0,3.0,34.0,0.55,1905.0,34.90160335796927,125.0,0.800000000000007,0,True
8.0,3.0,34.0,0.6,1905.0,34.90160335796927,125.0,0.800000000000007,0,True
8.0,3.0,34.0,0.65,1905.0,34.90160335796927,125.0,0.800000000000007,0,True
8.0,3.0,34.0,0.7,1905.0,34.90160335796927,125.0,0.800000000000007,0,True
8.0,3.0,34.0,0.74,1905.0,34.90160335796927,125.0,0.800000000000007,0,True
10.0,3.0,34.0,0.5,1910.0,34.93921861392121,90.0,0.8002777777777845,0,True
10.0,3.0,34.0,0.55,1910.0,34.93921861392121,90.0,0.8002777777777845,0,True
10.0,3.0,34.0,0.6,1910.0,34.93921861392121,90.0,0.8002777777777845,0,True
10.0,3.0,34.0,0.65,1910.0,34.93921861392121,90.0,0.8002777777777845,0,True
10.0,3.0,34.0,0.7,1910.0,34.93921861392121,90.0,0.8002777777777845,0,True
10.0,3.0,34.0,0.74,1910.0,34.93921861392121,90.0,0.8002777777777845,0,True
8.0,3.0,34.0,0.5,1915.0,34.88555628852872,120.0,0.8002777777777849,0,True
6.0,3.0,33.5,0.55,1925.0,34.82815321134391,185.0,0.8002777777777841,0,True
6.0,3.0,33.5,0.6,1925.0,34.82815321134391,185.0,0.8002777777777841,0,True
6.0,3.0,33.5,0.65,1925.0,34.82815321134391,185.0,0.8002777777777841,0,True
6.0,3.0,33.5,0.7,1925.0,34.82815321134391,185.0,0.8002777777777841,0,True
6.0,3.0,33.5,0.74,1925.0,34.82815321134391,185.0,0.8002777777777841,0,True
4.0,3.0,34.0,0.6,1930.0,34.820509402237306,520.0,0.8000000000000029,0,True
4.0,3.0,34.0,0.65,1930.0,34.820509402237306,520.0,0.8000000000000029,0,True
4.0,3.0,34.0,0.7,1930.0,34.820509402237306,520.0,0.8000000000000029,0,True
4.0,3.0,34.0,0.74,1930.0,34.820509402237306,520.0,0.8000000000000029,0,True
5.0,3.0,33.5,0.55,1930.0,34.80489632248288,265.0,0.8000000000000062,0,True
5.0,3.0,33.5,0.6,1930.0,34.80489632248288,265.0,0.8000000000000062,0,True
5.0,3.0,33.5,0.65,1930.0,34.80489632248288,265.0,0.8000000000000062,0,True
5.0,3.0,33.5,0.7,1930.0,34.80489632248288,265.0,0.8000000000000062,0,True
5.0,3.0,33.5,0.74,1930.0,34.80489632248288,265.0,0.8000000000000062,0,True
8.0,3.0,33.5,0.5,1930.0,34.854180939218,110.0,0.8000000000000071,0,True
8.0,3.0,33.5,0.55,1930.0,34.854180939218,110.0,0.8000000000000071,0,True
8.0,3.0,33.5,0.6,1930.0,34.854180939218,110.0,0.8000000000000071,0,True
8.0,3.0,33.5,0.65,1930.0,34.854180939218,110.0,0.8000000000000071,0,True
8.0,3.0,33.5,0.7,1930.0,34.854180939218,110.0,0.8000000000000071,0,True
8.0,3.0,33.5,0.74,1930.0,34.854180939218,110.0,0.8000000000000071,0,True
10.0,3.0,33.5,0.5,1930.0,34.88809562666094,80.0,0.7997222222222291,0,True
10.0,3.0,33.5,0.55,1930.0,34.88809562666094,80.0,0.7997222222222291,0,True
10.0,3.0,33.5,0.6,1930.0,34.88809562666094,80.0,0.7997222222222291,0,True
10.0,3.0,33.5,0.65,1930.0,34.88809562666094,80.0,0.7997222222222291,0,True
10.0,3.0,33.5,0.7,1930.0,34.88809562666094,80.0,0.7997222222222291,0,True
10.0,3.0,33.5,0.74,1930.0,34.88809562666094,80.0,0.7997222222222291,0,True
4.0,3.0,34.0,0.55,1950.0,34.77955832696126,455.0,0.7997222222222261,0,True
6.0,3.0,33.5,0.5,1950.0,34.78940323752939,160.0,0.8002777777777841,0,True
6.0,3.0,34.0,0.5,1950.0,34.78940323752939,160.0,0.8002777777777841,0,True
5.0,3.0,33.0,0.55,1955.0,34.76487718425562,225.0,0.7997222222222287,0,True
5.0,3.0,33.0,0.6,1955.0,34.76487718425562,225.0,0.7997222222222287,0,True
5.0,3.0,33.0,0.65,1955.0,34.76487718425562,225.0,0.7997222222222287,0,True
5.0,3.0,33.0,0.7,1955.0,34.76487718425562,225.0,0.7997222222222287,0,True
5.0,3.0,33.0,0.74,1955.0,34.76487718425562,225.0,0.7997222222222287,0,True
6.0,3.0,33.0,0.5,1955.0,34.782123399630606,155.0,0.8002777777777842,0,True
6.0,3.0,33.0,0.55,1955.0,34.782123399630606,155.0,0.8002777777777842,0,True
6.0,3.0,33.0,0.6,1955.0,34.782123399630606,155.0,0.8002777777777842,0,True
6.0,3.0,33.0,0.65,1955.0,34.782123399630606,155.0,0.8002777777777842,0,True
6.0,3.0,33.0,0.7,1955.0,34.782123399630606,155.0,0.8002777777777842,0,True
6.0,3.0,33.0,0.74,1955.0,34.782123399630606,155.0,0.8002777777777842,0,True
8.0,3.0,33.0,0.5,1955.0,34.810663975682154,95.0,0.8000000000000073,0,True
8.0,3.0,33.0,0.55,1955.0,34.810663975682154,95.0,0.8000000000000073,0,True
8.0,3.0,33.0,0.6,1955.0,34.810663975682154,95.0,0.8000000000000073,0,True
8.0,3.0,33.0,0.65,1955.0,34.810663975682154,95.0,0.8000000000000073,0,True
8.0,3.0,33.0,0.7,1955.0,34.810663975682154,95.0,0.8000000000000073,0,True
8.0,3.0,33.0,0.74,1955.0,34.810663975682154,95.0,0.8000000000000073,0,True
10.0,3.0,33.0,0.5,1955.0,34.841074455887274,70.0,0.800000000000007,0,True
10.0,3.0,33.0,0.55,1955.0,34.841074455887274,70.0,0.800000000000007,0,True
10.0,3.0,33.0,0.6,1955.0,34.841074455887274,70.0,0.800000000000007,0,True
10.0,3.0,33.0,0.65,1955.0,34.841074455887274,70.0,0.800000000000007,0,True
10.0,3.0,33.0,0.7,1955.0,34.841074455887274,70.0,0.800000000000007,0,True
10.0,3.0,33.0,0.74,1955.0,34.841074455887274,70.0,0.800000000000007,0,True
4.0,3.0,33.5,0.55,1960.0,34.76915232888119,435.0,0.800277777777782,0,True
4.0,3.0,33.5,0.6,1960.0,34.76915232888119,435.0,0.800277777777782,0,True
4.0,3.0,33.5,0.65,1960.0,34.76915232888119,435.0,0.800277777777782,0,True
4.0,3.0,33.5,0.7,1960.0,34.76915232888119,435.0,0.800277777777782,0,True
4.0,3.0,33.5,0.74,1960.0,34.76915232888119,435.0,0.800277777777782,0,True
6.0,3.0,32.5,0.5,1980.0,34.74794887162622,130.0,0.8002777777777844,0,True
6.0,3.0,32.5,0.55,1980.0,34.74794887162622,130.0,0.8002777777777844,0,True
6.0,3.0,32.5,0.6,1980.0,34.74794887162622,130.0,0.8002777777777844,0,True
6.0,3.0,32.5,0.65,1980.0,34.74794887162622,130.0,0.8002777777777844,0,True
6.0,3.0,32.5,0.7,1980.0,34.74794887162622,130.0,0.8002777777777844,0,True
6.0,3.0,32.5,0.74,1980.0,34.74794887162622,130.0,0.8002777777777844,0,True
8.0,3.0,32.5,0.5,1980.0,34.770812700811774,80.0,0.8000000000000074,0,True
8.0,3.0,32.5,0.55,1980.0,34.770812700811774,80.0,0.8000000000000074,0,True
8.0,3.0,32.5,0.6,1980.0,34.770812700811774,80.0,0.8000000000000074,0,True
8.0,3.0,32.5,0.65,1980.0,34.770812700811774,80.0,0.8000000000000074,0,True
8.0,3.0,32.5,0.7,1980.0,34.770812700811774,80.0,0.8000000000000074,0,True
8.0,3.0,32.5,0.74,1980.0,34.770812700811774,80.0,0.8000000000000074,0,True
10.0,3.0,32.5,0.5,1980.0,34.79764819159726,60.0,0.800277777777785,0,True
10.0,3.0,32.5,0.55,1980.0,34.79764819159726,60.0,0.800277777777785,0,True
10.0,3.0,32.5,0.6,1980.0,34.79764819159726,60.0,0.800277777777785,0,True
10.0,3.0,32.5,0.65,1980.0,34.79764819159726,60.0,0.800277777777785,0,True
10.0,3.0,32.5,0.7,1980.0,34.79764819159726,60.0,0.800277777777785,0,True
10.0,3.0,32.5,0.74,1980.0,34.79764819159726,60.0,0.800277777777785,0,True
4.0,3.0,33.0,0.55,1985.0,34.72857063044504,355.0,0.8000000000000054,0,True
4.0,3.0,33.0,0.6,1985.0,34.72857063044504,355.0,0.8000000000000054,0,True
4.0,3.0,33.0,0.65,1985.0,34.72857063044504,355.0,0.8000000000000054,0,True
4.0,3.0,33.0,0.7,1985.0,34.72857063044504,355.0,0.8000000000000054,0,True
4.0,3.0,33.0,0.74,1985.0,34.72857063044504,355.0,0.8000000000000054,0,True
5.0,3.0,32.5,0.5,1985.0,34.73125557769743,185.0,0.8002777777777845,0,True
5.0,3.0,32.5,0.55,1985.0,34.73125557769743,185.0,0.8002777777777845,0,True
5.0,3.0,32.5,0.6,1985.0,34.73125557769743,185.0,0.8002777777777845,0,True
5.0,3.0,32.5,0.65,1985.0,34.73125557769743,185.0,0.8002777777777845,0,True
5.0,3.0,32.5,0.7,1985.0,34.73125557769743,185.0,0.8002777777777845,0,True
5.0,3.0,32.5,0.74,1985.0,34.73125557769743,185.0,0.8002777777777845,0,True
5.0,3.0,33.0,0.5,1985.0,34.73125557769743,185.0,0.8002777777777845,0,True
5.0,3.0,33.5,0.5,1985.0,34.73125557769743,185.0,0.8002777777777845,0,True
5.0,3.0,34.0,0.5,1985.0,34.73125557769743,185.0,0.8002777777777845,0,True
10.0,3.0,32.0,0.5,2000.0,34.75617999524491,50.0,0.7997222222222296,0,True
10.0,3.0,32.0,0.55,2000.0,34.75617999524491,50.0,0.7997222222222296,0,True
10.0,3.0,32.0,0.6,2000.0,34.75617999524491,50.0,0.7997222222222296,0,True
10.0,3.0,32.0,0.65,2000.0,34.75617999524491,50.0,0.7997222222222296,0,True
10.0,3.0,32.0,0.7,2000.0,34.75617999524491,50.0,0.7997222222222296,0,True
10.0,3.0,32.0,0.74,2000.0,34.75617999524491,50.0,0.7997222222222296,0,True
6.0,3.0,32.0,0.5,2005.0,34.717283012264815,105.0,0.8002777777777847,0,True
6.0,3.0,32.0,0.55,2005.0,34.717283012264815,105.0,0.8002777777777847,0,True
6.0,3.0,32.0,0.6,2005.0,34.717283012264815,105.0,0.8002777777777847,0,True
6.0,3.0,32.0,0.65,2005.0,34.717283012264815,105.0,0.8002777777777847,0,True
6.0,3.0,32.0,0.7,2005.0,34.717283012264815,105.0,0.8002777777777847,0,True
6.0,3.0,32.0,0.74,2005.0,34.717283012264815,105.0,0.8002777777777847,0,True
8.0,3.0,32.0,0.5,2005.0,34.73440057112701,65.0,0.8000000000000075,0,True
8.0,3.0,32.0,0.55,2005.0,34.73440057112701,65.0,0.8000000000000075,0,True
8.0,3.0,32.0,0.6,2005.0,34.73440057112701,65.0,0.8000000000000075,0,True
8.0,3.0,32.0,0.65,2005.0,34.73440057112701,65.0,0.8000000000000075,0,True
8.0,3.0,32.0,0.7,2005.0,34.73440057112701,65.0,0.8000000000000075,0,True
8.0,3.0,32.0,0.74,2005.0,34.73440057112701,65.0,0.8000000000000075,0,True
4.0,3.0,32.5,0.55,2010.0,34.7000187079489,285.0,0.8002777777777842,0,True
4.0,3.0,32.5,0.6,2010.0,34.7000187079489,285.0,0.8002777777777842,0,True
4.0,3.0,32.5,0.65,2010.0,34.7000187079489,285.0,0.8002777777777842,0,True
4.0,3.0,32.5,0.7,2010.0,34.7000187079489,285.0,0.8002777777777842,0,True
4.0,3.0,32.5,0.74,2010.0,34.7000187079489,285.0,0.8002777777777842,0,True
5.0,3.0,32.0,0.5,2010.0,34.70059836973263,145.0,0.800000000000007,0,True
5.0,3.0,32.0,0.55,2010.0,34.70059836973263,145.0,0.800000000000007,0,True
5.0,3.0,32.0,0.6,2010.0,34.70059836973263,145.0,0.800000000000007,0,True
5.0,3.0,32.0,0.65,2010.0,34.70059836973263,145.0,0.800000000000007,0,True
5.0,3.0,32.0,0.7,2010.0,34.70059836973263,145.0,0.800000000000007,0,True
5.0,3.0,32.0,0.74,2010.0,34.70059836973263,145.0,0.800000000000007,0,True
8.0,3.0,31.5,0.5,2020.0,34.71135781590779,55.0,0.7997222222222298,0,True
8.0,3.0,31.5,0.55,2020.0,34.71135781590779,55.0,0.7997222222222298,0,True
8.0,3.0,31.5,0.6,2020.0,34.71135781590779,55.0,0.7997222222222298,0,True
8.0,3.0,31.5,0.65,2020.0,34.71135781590779,55.0,0.7997222222222298,0,True
8.0,3.0,31.5,0.7,2020.0,34.71135781590779,55.0,0.7997222222222298,0,True
8.0,3.0,31.5,0.74,2020.0,34.71135781590779,55.0,0.7997222222222298,0,True
4.0,3.0,32.5,0.5,2025.0,34.67932747116383,230.0,0.7997222222222294,0,True
4.0,3.0,33.0,0.5,2025.0,34.67932747116383,230.0,0.7997222222222294,0,True
4.0,3.0,33.5,0.5,2025.0,34.67932747116383,230.0,0.7997222222222294,0,True
4.0,3.0,34.0,0.5,2025.0,34.67932747116383,230.0,0.7997222222222294,0,True
10.0,3.0,31.5,0.5,2025.0,34.7191139601362,40.0,0.8000000000000075,0,True
10.0,3.0,31.5,0.55,2025.0,34.7191139601362,40.0,0.8000000000000075,0,True
10.0,3.0,31.5,0.6,2025.0,34.7191139601362,40.0,0.8000000000000075,0,True
10.0,3.0,31.5,0.65,2025.0,34.7191139601362,40.0,0.8000000000000075,0,True
10.0,3.0,31.5,0.7,2025.0,34.7191139601362,40.0,0.8000000000000075,0,True
10.0,3.0,31.5,0.74,2025.0,34.7191139601362,40.0,0.8000000000000075,0,True
4.0,3.0,32.0,0.5,2030.0,34.676729621875914,220.0,0.8000000000000073,0,True
4.0,3.0,32.0,0.55,2030.0,34.676729621875914,220.0,0.8000000000000073,0,True
4.0,3.0,32.0,0.6,2030.0,34.676729621875914,220.0,0.8000000000000073,0,True
4.0,3.0,32.0,0.65,2030.0,34.676729621875914,220.0,0.8000000000000073,0,True
4.0,3.0,32.0,0.7,2030.0,34.676729621875914,220.0,0.8000000000000073,0,True
4.0,3.0,32.0,0.74,2030.0,34.676729621875914,220.0,0.8000000000000073,0,True
6.0,3.0,31.5,0.5,2030.0,34.689868658512296,80.0,0.800277777777785,0,True
6.0,3.0,31.5,0.55,2030.0,34.689868658512296,80.0,0.800277777777785,0,True
6.0,3.0,31.5,0.6,2030.0,34.689868658512296,80.0,0.800277777777785,0,True
6.0,3.0,31.5,0.65,2030.0,34.689868658512296,80.0,0.800277777777785,0,True
6.0,3.0,31.5,0.7,2030.0,34.689868658512296,80.0,0.800277777777785,0,True
6.0,3.0,31.5,0.74,2030.0,34.689868658512296,80.0,0.800277777777785,0,True
5.0,3.0,31.5,0.5,2035.0,34.678236594891096,110.0,0.8002777777777851,0,True
5.0,3.0,31.5,0.55,2035.0,34.678236594891096,110.0,0.8002777777777851,0,True
5.0,3.0,31.5,0.6,2035.0,34.678236594891096,110.0,0.8002777777777851,0,True
5.0,3.0,31.5,0.65,2035.0,34.678236594891096,110.0,0.8002777777777851,0,True
5.0,3.0,31.5,0.7,2035.0,34.678236594891096,110.0,0.8002777777777851,0,True
5.0,3.0,31.5,0.74,2035.0,34.678236594891096,110.0,0.8002777777777851,0,True
10.0,3.0,31.0,0.5,2035.0,34.700839284996995,35.0,0.7997222222222298,0,True
10.0,3.0,31.0,0.55,2035.0,34.700839284996995,35.0,0.7997222222222298,0,True
10.0,3.0,31.0,0.6,2035.0,34.700839284996995,35.0,0.7997222222222298,0,True
10.0,3.0,31.0,0.65,2035.0,34.700839284996995,35.0,0.7997222222222298,0,True
10.0,3.0,31.0,0.7,2035.0,34.700839284996995,35.0,0.7997222222222298,0,True
10.0,3.0,31.0,0.74,2035.0,34.700839284996995,35.0,0.7997222222222298,0,True
8.0,3.0,31.0,0.5,2045.0,34.68014281996936,40.0,0.7997222222222299,0,True
8.0,3.0,31.0,0.55,2045.0,34.68014281996936,40.0,0.7997222222222299,0,True
8.0,3.0,31.0,0.6,2045.0,34.68014281996936,40.0,0.7997222222222299,0,True
8.0,3.0,31.0,0.65,2045.0,34.68014281996936,40.0,0.7997222222222299,0,True
8.0,3.0,31.0,0.7,2045.0,34.68014281996936,40.0,0.7997222222222299,0,True
8.0,3.0,31.0,0.74,2045.0,34.68014281996936,40.0,0.7997222222222299,0,True
4.0,3.0,31.5,0.5,2050.0,34.65910380455458,160.0,0.8000000000000075,0,True
4.0,3.0,31.5,0.55,2050.0,34.65910380455458,160.0,0.8000000000000075,0,True
4.0,3.0,31.5,0.6,2050.0,34.65910380455458,160.0,0.8000000000000075,0,True
4.0,3.0,31.5,0.65,2050.0,34.65910380455458,160.0,0.8000000000000075,0,True
4.0,3.0,31.5,0.7,2050.0,34.65910380455458,160.0,0.8000000000000075,0,True
4.0,3.0,31.5,0.74,2050.0,34.65910380455458,160.0,0.8000000000000075,0,True
5.0,3.0,31.0,0.5,2055.0,34.65676460481724,75.0,0.7997222222222298,0,True
5.0,3.0,31.0,0.55,2055.0,34.65676460481724,75.0,0.7997222222222298,0,True
5.0,3.0,31.0,0.6,2055.0,34.65676460481724,75.0,0.7997222222222298,0,True
5.0,3.0,31.0,0.65,2055.0,34.65676460481724,75.0,0.7997222222222298,0,True
5.0,3.0,31.0,0.7,2055.0,34.65676460481724,75.0,0.7997222222222298,0,True
5.0,3.0,31.0,0.74,2055.0,34.65676460481724,75.0,0.7997222222222298,0,True
6.0,3.0,31.0,0.5,2055.0,34.66546561786057,55.0,0.8002777777777853,0,True
6.0,3.0,31.0,0.55,2055.0,34.66546561786057,55.0,0.8002777777777853,0,True
6.0,3.0,31.0,0.6,2055.0,34.66546561786057,55.0,0.8002777777777853,0,True
6.0,3.0,31.0,0.65,2055.0,34.66546561786057,55.0,0.8002777777777853,0,True
6.0,3.0,31.0,0.7,2055.0,34.66546561786057,55.0,0.8002777777777853,0,True
6.0,3.0,31.0,0.74,2055.0,34.66546561786057,55.0,0.8002777777777853,0,True
10.0,3.0,30.5,0.5,2060.0,34.66815830508219,25.0,0.8000000000000077,0,True
10.0,3.0,30.5,0.55,2060.0,34.66815830508219,25.0,0.8000000000000077,0,True
10.0,3.0,30.5,0.6,2060.0,34.66815830508219,25.0,0.8000000000000077,0,True
10.0,3.0,30.5,0.65,2060.0,34.66815830508219,25.0,0.8000000000000077,0,True
10.0,3.0,30.5,0.7,2060.0,34.66815830508219,25.0,0.8000000000000077,0,True
10.0,3.0,30.5,0.74,2060.0,34.66815830508219,25.0,0.8000000000000077,0,True
4.0,3.0,31.0,0.5,2070.0,34.64616357647716,105.0,0.8002777777777854,0,True
4.0,3.0,31.0,0.55,2070.0,34.64616357647716,105.0,0.8002777777777854,0,True
4.0,3.0,31.0,0.6,2070.0,34.64616357647716,105.0,0.8002777777777854,0,True
4.0,3.0,31.0,0.65,2070.0,34.64616357647716,105.0,0.8002777777777854,0,True
4.0,3.0,31.0,0.7,2070.0,34.64616357647716,105.0,0.8002777777777854,0,True
4.0,3.0,31.0,0.74,2070.0,34.64616357647716,105.0,0.8002777777777854,0,True
8.0,3.0,30.5,0.5,2070.0,34.65182839108029,25.0,0.79972222222223,0,True
8.0,3.0,30.5,0.55,2070.0,34.65182839108029,25.0,0.79972222222223,0,True
8.0,3.0,30.5,0.6,2070.0,34.65182839108029,25.0,0.79972222222223,0,True
8.0,3.0,30.5,0.65,2070.0,34.65182839108029,25.0,0.79972222222223,0,True
8.0,3.0,30.5,0.7,2070.0,34.65182839108029,25.0,0.79972222222223,0,True
8.0,3.0,30.5,0.74,2070.0,34.65182839108029,25.0,0.79972222222223,0,True
5.0,3.0,30.5,0.5,2080.0,34.639932454529344,40.0,0.8000000000000078,0,True
5.0,3.0,30.5,0.55,2080.0,34.639932454529344,40.0,0.8000000000000078,0,True
5.0,3.0,30.5,0.6,2080.0,34.639932454529344,40.0,0.8000000000000078,0,True
5.0,3.0,30.5,0.65,2080.0,34.639932454529344,40.0,0.8000000000000078,0,True
5.0,3.0,30.5,0.7,2080.0,34.639932454529344,40.0,0.8000000000000078,0,True
5.0,3.0,30.5,0.74,2080.0,34.639932454529344,40.0,0.8000000000000078,0,True
6.0,3.0,30.5,0.5,2080.0,34.64384959634743,30.0,0.8002777777777855,0,True
6.0,3.0,30.5,0.55,2080.0,34.64384959634743,30.0,0.8002777777777855,0,True
6.0,3.0,30.5,0.6,2080.0,34.64384959634743,30.0,0.8002777777777855,0,True
6.0,3.0,30.5,0.65,2080.0,34.64384959634743,30.0,0.8002777777777855,0,True
6.0,3.0,30.5,0.7,2080.0,34.64384959634743,30.0,0.8002777777777855,0,True
6.0,3.0,30.5,0.74,2080.0,34.64384959634743,30.0,0.8002777777777855,0,True
4.0,3.0,30.5,0.5,2085.0,34.63492315787034,55.0,0.8000000000000078,0,True
4.0,3.0,30.5,0.55,2085.0,34.63492315787034,55.0,0.8000000000000078,0,True
4.0,3.0,30.5,0.6,2085.0,34.63492315787034,55.0,0.8000000000000078,0,True
4.0,3.0,30.5,0.65,2085.0,34.63492315787034,55.0,0.8000000000000078,0,True
4.0,3.0,30.5,0.7,2085.0,34.63492315787034,55.0,0.8000000000000078,0,True
4.0,3.0,30.5,0.74,2085.0,34.63492315787034,55.0,0.8000000000000078,0,True
3.0,3.0,30.5,0.5,2100.0,34.62526481945677,90.0,0.7997222222222302,0,True
3.0,3.0,30.5,0.55,2100.0,34.62526481945677,90.0,0.7997222222222302,0,True
3.0,3.0,30.5,0.6,2100.0,34.62526481945677,90.0,0.7997222222222302,0,True
3.0,3.0,30.5,0.65,2100.0,34.62526481945677,90.0,0.7997222222222302,0,True
3.0,3.0,30.5,0.7,2100.0,34.62526481945677,90.0,0.7997222222222302,0,True
3.0,3.0,30.5,0.74,2100.0,34.62526481945677,90.0,0.7997222222222302,0,True
3.0,3.0,31.0,0.5,2100.0,34.62526481945677,185.0,0.7997222222222302,0,True
3.0,3.0,31.0,0.55,2100.0,34.62526481945677,185.0,0.7997222222222302,0,True
3.0,3.0,31.0,0.6,2100.0,34.62526481945677,185.0,0.7997222222222302,0,True
3.0,3.0,31.0,0.65,2100.0,34.62526481945677,185.0,0.7997222222222302,0,True
3.0,3.0,31.0,0.7,2100.0,34.62526481945677,185.0,0.7997222222222302,0,True
3.0,3.0,31.0,0.74,2100.0,34.62526481945677,185.0,0.7997222222222302,0,True
3.0,3.0,31.5,0.5,2100.0,34.62526481945677,290.0,0.7997222222222302,0,True
3.0,3.0,31.5,0.55,2100.0,34.62526481945677,290.0,0.7997222222222302,0,True
3.0,3.0,31.5,0.6,2100.0,34.62526481945677,290.0,0.7997222222222302,0,True
3.0,3.0,31.5,0.65,2100.0,34.62526481945677,290.0,0.7997222222222302,0,True
3.0,3.0,31.5,0.7,2100.0,34.62526481945677,290.0,0.7997222222222302,0,True
3.0,3.0,31.5,0.74,2100.0,34.62526481945677,290.0,0.7997222222222302,0,True
3.0,3.0,32.0,0.5,2100.0,34.62526481945677,305.0,0.7997222222222302,0,True
3.0,3.0,32.0,0.55,2100.0,34.62526481945677,415.0,0.7997222222222302,0,True
3.0,3.0,32.0,0.6,2100.0,34.62526481945677,415.0,0.7997222222222302,0,True
3.0,3.0,32.0,0.65,2100.0,34.62526481945677,415.0,0.7997222222222302,0,True
3.0,3.0,32.0,0.7,2100.0,34.62526481945677,415.0,0.7997222222222302,0,True
3.0,3.0,32.0,0.74,2100.0,34.62526481945677,415.0,0.7997222222222302,0,True
3.0,3.0,32.5,0.5,2100.0,34.62526481945677,305.0,0.7997222222222302,0,True
3.0,3.0,32.5,0.55,2100.0,34.62526481945677,560.0,0.7997222222222302,0,True
3.0,3.0,32.5,0.6,2100.0,34.62526481945677,560.0,0.7997222222222302,0,True
3.0,3.0,32.5,0.65,2100.0,34.62526481945677,560.0,0.7997222222222302,0,True
3.0,3.0,32.5,0.7,2100.0,34.62526481945677,560.0,0.7997222222222302,0,True
3.0,3.0,32.5,0.74,2100.0,34.62526481945677,560.0,0.7997222222222302,0,True
3.0,3.0,33.0,0.5,2100.0,34.62526481945677,305.0,0.7997222222222302,0,True
3.0,3.0,33.0,0.55,2100.0,34.62526481945677,605.0,0.7997222222222302,0,True
3.0,3.0,33.0,0.6,2100.0,34.62526481945677,740.0,0.7997222222222302,0,True
3.0,3.0,33.0,0.65,2100.0,34.62526481945677,740.0,0.7997222222222302,0,True
3.0,3.0,33.0,0.7,2100.0,34.62526481945677,740.0,0.7997222222222302,0,True
3.0,3.0,33.0,0.74,2100.0,34.62526481945677,740.0,0.7997222222222302,0,True
3.0,3.0,33.5,0.5,2100.0,34.62526481945677,305.0,0.7997222222222302,0,True
3.0,3.0,33.5,0.55,2100.0,34.62526481945677,605.0,0.7997222222222302,0,True
3.0,3.0,33.5,0.6,2100.0,34.62526481945677,905.0,0.7997222222222302,0,True
3.0,3.0,33.5,0.65,2100.0,34.62526481945677,970.0,0.7997222222222302,0,True
3.0,3.0,33.5,0.7,2100.0,34.62526481945677,970.0,0.7997222222222302,0,True
3.0,3.0,33.5,0.74,2100.0,34.62526481945677,970.0,0.7997222222222302,0,True
3.0,3.0,34.0,0.5,2100.0,34.62526481945677,305.0,0.7997222222222302,0,True
3.0,3.0,34.0,0.55,2100.0,34.62526481945677,605.0,0.7997222222222302,0,True
3.0,3.0,34.0,0.6,2100.0,34.62526481945677,905.0,0.7997222222222302,0,True
3.0,3.0,34.0,0.65,2100.0,34.62526481945677,1205.0,0.7997222222222302,0,True
3.0,3.0,34.0,0.7,2100.0,34.62526481945677,1300.0,0.7997222222222302,0,True
3.0,3.0,34.0,0.74,2100.0,34.62526481945677,1300.0,0.7997222222222302,0,True
5.0,2.5,34.0,0.74,2145.0,34.04038807893187,310.0,0.7999999999999984,0,True
4.0,2.5,34.0,0.74,2150.0,34.02759785386182,520.0,0.8001388888888846,0,True
5.0,2.5,34.0,0.7,2160.0,34.04038807893187,310.0,0.7998611111111096,0,True
6.0,2.5,34.0,0.74,2160.0,34.040369595078324,210.0,0.8001388888888873,0,True
4.0,2.5,34.0,0.7,2165.0,34.02759785386182,520.0,0.8001388888888848,0,True
6.0,2.5,34.0,0.7,2170.0,34.040369595078324,210.0,0.7998611111111096,0,True
5.0,2.5,34.0,0.65,2175.0,34.04038807893187,310.0,0.7997222222222208,0,True
4.0,2.5,34.0,0.65,2180.0,34.02759785386182,520.0,0.7997222222222184,0,True
6.0,2.5,34.0,0.65,2190.0,34.040369595078324,210.0,0.7998611111111097,0,True
8.0,2.5,34.0,0.74,2190.0,34.21223008771376,125.0,0.7998611111111099,0,True
5.0,2.5,34.0,0.6,2195.0,34.04015601458477,310.0,0.7997222222222209,0,True
4.0,2.5,34.0,0.6,2200.0,34.02759785386182,520.0,0.7999999999999965,0,True
8.0,2.5,34.0,0.7,2200.0,34.21223008771376,125.0,0.7995833333333322,0,True
6.0,2.5,34.0,0.6,2205.0,34.04026082894933,210.0,0.7997222222222209,0,True
5.0,2.5,34.0,0.55,2210.0,34.03981387811498,310.0,0.7995833333333321,0,True
10.0,2.5,34.0,0.74,2210.0,34.53814315787564,90.0,0.7995833333333319,0,True
8.0,2.5,34.0,0.65,2220.0,34.21223008771376,125.0,0.7995833333333323,0,True
6.0,2.5,34.0,0.55,2225.0,34.03977370140107,210.0,0.799722222222221,0,True
3.0,2.5,34.0,0.74,2230.0,34.006029379171004,1300.0,0.7997222222222273,0,True
10.0,2.5,34.0,0.7,2230.0,34.53814315787564,90.0,0.8001388888888875,0,True
8.0,2.5,34.0,0.6,2240.0,34.21223008771376,125.0,0.800138888888888,0,True
3.0,2.5,34.0,0.7,2245.0,34.005953311745024,1300.0,0.7995833333333381,0,True
10.0,2.5,34.0,0.65,2245.0,34.53814315787564,90.0,0.7999999999999987,0,True
4.0,2.5,34.0,0.55,2250.0,33.64410290893024,455.0,0.7998611111111084,0,True
4.0,2.5,33.5,0.55,2260.0,33.56879956234945,435.0,0.7995833333333308,0,True
4.0,2.5,33.5,0.6,2260.0,33.56879956234945,435.0,0.7995833333333308,0,True
4.0,2.5,33.5,0.65,2260.0,33.56879956234945,435.0,0.7995833333333308,0,True
4.0,2.5,33.5,0.7,2260.0,33.56879956234945,435.0,0.7995833333333308,0,True
4.0,2.5,33.5,0.74,2260.0,33.56879956234945,435.0,0.7995833333333308,0,True
5.0,2.5,33.5,0.55,2260.0,33.57111969387866,265.0,0.799722222222221,0,True
5.0,2.5,33.5,0.6,2260.0,33.57111969387866,265.0,0.799722222222221,0,True
5.0,2.5,33.5,0.65,2260.0,33.57111969387866,265.0,0.799722222222221,0,True
5.0,2.5,33.5,0.7,2260.0,33.57111969387866,265.0,0.799722222222221,0,True
5.0,2.5,33.5,0.74,2260.0,33.57111969387866,265.0,0.799722222222221,0,True
8.0,2.5,34.0,0.55,2260.0,34.21223008771376,125.0,0.8001388888888881,0,True
10.0,2.5,34.0,0.6,2265.0,34.53814315787564,90.0,0.7999999999999988,0,True
6.0,2.5,33.5,0.55,2270.0,33.60041022602226,185.0,0.7999999999999986,0,True
6.0,2.5,33.5,0.6,2270.0,33.60041022602226,185.0,0.7999999999999986,0,True
6.0,2.5,33.5,0.65,2270.0,33.60041022602226,185.0,0.7999999999999986,0,True
6.0,2.5,33.5,0.7,2270.0,33.60041022602226,185.0,0.7999999999999986,0,True
6.0,2.5,33.5,0.74,2270.0,33.60041022602226,185.0,0.7999999999999986,0,True
8.0,2.5,34.0,0.5,2270.0,34.04753839169945,120.0,0.7999999999999992,0,True
10.0,2.5,34.0,0.5,2270.0,34.53814315787564,90.0,0.8001388888888877,0,True
10.0,2.5,34.0,0.55,2270.0,34.53814315787564,90.0,0.8001388888888877,0,True
3.0,2.5,34.0,0.65,2280.0,33.87970370411299,1205.0,0.7998611111111151,0,True
8.0,2.5,33.5,0.5,2290.0,33.715045290209495,110.0,0.7997222222222214,0,True
8.0,2.5,33.5,0.55,2290.0,33.715045290209495,110.0,0.7997222222222214,0,True
8.0,2.5,33.5,0.6,2290.0,33.715045290209495,110.0,0.7997222222222214,0,True
8.0,2.5,33.5,0.65,2290.0,33.715045290209495,110.0,0.7997222222222214,0,True
8.0,2.5,33.5,0.7,2290.0,33.715045290209495,110.0,0.7997222222222214,0,True
8.0,2.5,33.5,0.74,2290.0,33.715045290209495,110.0,0.7997222222222214,0,True
4.0,2.0,34.0,0.74,2300.0,34.02760642348727,520.0,0.7999999999999873,0,True
5.0,2.0,34.0,0.74,2300.0,34.03981387811498,310.0,0.7997222222222105,0,True
5.0,2.5,33.0,0.55,2300.0,33.53623114237896,225.0,0.799722222222221,0,True
5.0,2.5,33.0,0.6,2300.0,33.53623114237896,225.0,0.799722222222221,0,True
5.0,2.5,33.0,0.65,2300.0,33.53623114237896,225.0,0.799722222222221,0,True
5.0,2.5,33.0,0.7,2300.0,33.53623114237896,225.0,0.799722222222221,0,True
5.0,2.5,33.0,0.74,2300.0,33.53623114237896,225.0,0.799722222222221,0,True
10.0,2.5,33.5,0.5,2300.0,34.01217901952323,80.0,0.8001388888888877,0,True
10.0,2.5,33.5,0.55,2300.0,34.01217901952323,80.0,0.8001388888888877,0,True
10.0,2.5,33.5,0.6,2300.0,34.01217901952323,80.0,0.8001388888888877,0,True
10.0,2.5,33.5,0.65,2300.0,34.01217901952323,80.0,0.8001388888888877,0,True
10.0,2.5,33.5,0.7,2300.0,34.01217901952323,80.0,0.8001388888888877,0,True
10.0,2.5,33.5,0.74,2300.0,34.01217901952323,80.0,0.8001388888888877,0,True
6.0,2.5,33.5,0.5,2305.0,33.54487072738268,160.0,0.7999999999999984,0,True
6.0,2.5,34.0,0.5,2305.0,33.54487072738268,160.0,0.7999999999999984,0,True
4.0,2.5,33.0,0.55,2310.0,33.52479504021805,355.0,0.7998611111111092,0,True
4.0,2.5,33.0,0.6,2310.0,33.52479504021805,355.0,0.7998611111111092,0,True
4.0,2.5,33.0,0.65,2310.0,33.52479504021805,355.0,0.7998611111111092,0,True
4.0,2.5,33.0,0.7,2310.0,33.52479504021805,355.0,0.7998611111111092,0,True
4.0,2.5,33.0,0.74,2310.0,33.52479504021805,355.0,0.7998611111111092,0,True
6.0,2.5,33.0,0.5,2310.0,33.53899861353905,155.0,0.7997222222222207,0,True
6.0,2.5,33.0,0.55,2310.0,33.53899861353905,155.0,0.7997222222222207,0,True
6.0,2.5,33.0,0.6,2310.0,33.53899861353905,155.0,0.7997222222222207,0,True
6.0,2.5,33.0,0.65,2310.0,33.53899861353905,155.0,0.7997222222222207,0,True
6.0,2.5,33.0,0.7,2310.0,33.53899861353905,155.0,0.7997222222222207,0,True
6.0,2.5,33.0,0.74,2310.0,33.53899861353905,155.0,0.7997222222222207,0,True
6.0,2.0,34.0,0.74,2320.0,34.03827648960644,210.0,0.7999999999999876,0,True
3.0,2.5,33.5,0.65,2325.0,33.56069506791644,970.0,0.7995833333333363,0,True
3.0,2.5,33.5,0.7,2325.0,33.56069506791644,970.0,0.7995833333333363,0,True
3.0,2.5,33.5,0.74,2325.0,33.56069506791644,970.0,0.7995833333333363,0,True
8.0,2.5,33.0,0.5,2325.0,33.55136263442344,95.0,0.7999999999999992,0,True
8.0,2.5,33.0,0.55,2325.0,33.55136263442344,95.0,0.7999999999999992,0,True
8.0,2.5,33.0,0.6,2325.0,33.55136263442344,95.0,0.7999999999999992,0,True
8.0,2.5,33.0,0.65,2325.0,33.55136263442344,95.0,0.7999999999999992,0,True
8.0,2.5,33.0,0.7,2325.0,33.55136263442344,95.0,0.7999999999999992,0,True
8.0,2.5,33.0,0.74,2325.0,33.55136263442344,95.0,0.7999999999999992,0,True
10.0,2.5,33.0,0.5,2330.0,33.56836561532883,70.0,0.8001388888888877,0,True
10.0,2.5,33.0,0.55,2330.0,33.56836561532883,70.0,0.8001388888888877,0,True
10.0,2.5,33.0,0.6,2330.0,33.56836561532883,70.0,0.8001388888888877,0,True
10.0,2.5,33.0,0.65,2330.0,33.56836561532883,70.0,0.8001388888888877,0,True
10.0,2.5,33.0,0.7,2330.0,33.56836561532883,70.0,0.8001388888888877,0,True
10.0,2.5,33.0,0.74,2330.0,33.56836561532883,70.0,0.8001388888888877,0,True
3.0,2.5,33.5,0.6,2340.0,33.541092453497434,905.0,0.7998611111111138,0,True
3.0,2.5,34.0,0.6,2340.0,33.541092453497434,905.0,0.7998611111111138,0,True
5.0,2.5,32.5,0.5,2340.0,33.506386472165964,185.0,0.799722222222221,0,True
5.0,2.5,32.5,0.55,2340.0,33.506386472165964,185.0,0.799722222222221,0,True
5.0,2.5,32.5,0.6,2340.0,33.506386472165964,185.0,0.799722222222221,0,True
5.0,2.5,32.5,0.65,2340.0,33.506386472165964,185.0,0.799722222222221,0,True
5.0,2.5,32.5,0.7,2340.0,33.506386472165964,185.0,0.799722222222221,0,True
5.0,2.5,32.5,0.74,2340.0,33.506386472165964,185.0,0.799722222222221,0,True
5.0,2.5,33.0,0.5,2340.0,33.506386472165964,185.0,0.799722222222221,0,True
5.0,2.5,33.5,0.5,2340.0,33.506386472165964,185.0,0.799722222222221,0,True
5.0,2.5,34.0,0.5,2340.0,33.506386472165964,185.0,0.799722222222221,0,True
3.0,2.0,34.0,0.74,2345.0,34.006067473230665,1300.0,0.8000000000000026,0,True
6.0,2.5,32.5,0.5,2345.0,33.51206652653208,130.0,0.7997222222222208,0,True
6.0,2.5,32.5,0.55,2345.0,33.51206652653208,130.0,0.7997222222222208,0,True
6.0,2.5,32.5,0.6,2345.0,33.51206652653208,130.0,0.7997222222222208,0,True
6.0,2.5,32.5,0.65,2345.0,33.51206652653208,130.0,0.7997222222222208,0,True
6.0,2.5,32.5,0.7,2345.0,33.51206652653208,130.0,0.7997222222222208,0,True
6.0,2.5,32.5,0.74,2345.0,33.51206652653208,130.0,0.7997222222222208,0,True
4.0,2.5,32.5,0.55,2350.0,33.49362343532573,285.0,0.7995833333333321,0,True
4.0,2.5,32.5,0.6,2350.0,33.49362343532573,285.0,0.7995833333333321,0,True
4.0,2.5,32.5,0.65,2350.0,33.49362343532573,285.0,0.7995833333333321,0,True
4.0,2.5,32.5,0.7,2350.0,33.49362343532573,285.0,0.7995833333333321,0,True
4.0,2.5,32.5,0.74,2350.0,33.49362343532573,285.0,0.7995833333333321,0,True
8.0,2.5,32.5,0.5,2355.0,33.52233413929085,80.0,0.7995833333333324,0,True
8.0,2.5,32.5,0.55,2355.0,33.52233413929085,80.0,0.7995833333333324,0,True
8.0,2.5,32.5,0.6,2355.0,33.52233413929085,80.0,0.7995833333333324,0,True
8.0,2.5,32.5,0.65,2355.0,33.52233413929085,80.0,0.7995833333333324,0,True
8.0,2.5,32.5,0.7,2355.0,33.52233413929085,80.0,0.7995833333333324,0,True
8.0,2.5,32.5,0.74,2355.0,33.52233413929085,80.0,0.7995833333333324,0,True
8.0,2.0,34.0,0.74,2360.0,34.21223008771376,125.0,0.7999999999999874,0,True
10.0,2.5,32.5,0.5,2360.0,33.537800242189505,60.0,0.8001388888888877,0,True
10.0,2.5,32.5,0.55,2360.0,33.537800242189505,60.0,0.8001388888888877,0,True
10.0,2.5,32.5,0.6,2360.0,33.537800242189505,60.0,0.8001388888888877,0,True
10.0,2.5,32.5,0.65,2360.0,33.537800242189505,60.0,0.8001388888888877,0,True
10.0,2.5,32.5,0.7,2360.0,33.537800242189505,60.0,0.8001388888888877,0,True
10.0,2.5,32.5,0.74,2360.0,33.537800242189505,60.0,0.8001388888888877,0,True
3.0,2.5,33.0,0.6,2375.0,33.50068110988051,740.0,0.8001388888888908,0,True
3.0,2.5,33.0,0.65,2375.0,33.50068110988051,740.0,0.8001388888888908,0,True
3.0,2.5,33.0,0.7,2375.0,33.50068110988051,740.0,0.8001388888888908,0,True
3.0,2.5,33.0,0.74,2375.0,33.50068110988051,740.0,0.8001388888888908,0,True
4.0,2.0,34.0,0.7,2375.0,34.02760642348727,520.0,0.7999999999999873,0,True
5.0,2.0,34.0,0.7,2380.0,34.03981387811498,310.0,0.7997222222222105,0,True
5.0,2.5,32.0,0.5,2380.0,33.481020934990724,145.0,0.799722222222221,0,True
5.0,2.5,32.0,0.55,2380.0,33.481020934990724,145.0,0.799722222222221,0,True
5.0,2.5,32.0,0.6,2380.0,33.481020934990724,145.0,0.799722222222221,0,True
5.0,2.5,32.0,0.65,2380.0,33.481020934990724,145.0,0.799722222222221,0,True
5.0,2.5,32.0,0.7,2380.0,33.481020934990724,145.0,0.799722222222221,0,True
5.0,2.5,32.0,0.74,2380.0,33.481020934990724,145.0,0.799722222222221,0,True
6.0,2.5,32.0,0.5,2380.0,33.48834749668896,105.0,0.7997222222222208,0,True
6.0,2.5,32.0,0.55,2380.0,33.48834749668896,105.0,0.7997222222222208,0,True
6.0,2.5,32.0,0.6,2380.0,33.48834749668896,105.0,0.7997222222222208,0,True
6.0,2.5,32.0,0.65,2380.0,33.48834749668896,105.0,0.7997222222222208,0,True
6.0,2.5,32.0,0.7,2380.0,33.48834749668896,105.0,0.7997222222222208,0,True
6.0,2.5,32.0,0.74,2380.0,33.48834749668896,105.0,0.7997222222222208,0,True
4.0,2.5,32.5,0.5,2385.0,33.47372466430575,230.0,0.7998611111111104,0,True
4.0,2.5,33.0,0.5,2385.0,33.47372466430575,230.0,0.7998611111111104,0,True
4.0,2.5,33.5,0.5,2385.0,33.47372466430575,230.0,0.7998611111111104,0,True
4.0,2.5,34.0,0.5,2385.0,33.47372466430575,230.0,0.7998611111111104,0,True
4.0,2.5,32.0,0.5,2390.0,33.47030135316527,220.0,0.7997222222222214,0,True
4.0,2.5,32.0,0.55,2390.0,33.47030135316527,220.0,0.7997222222222214,0,True
4.0,2.5,32.0,0.6,2390.0,33.47030135316527,220.0,0.7997222222222214,0,True
4.0,2.5,32.0,0.65,2390.0,33.47030135316527,220.0,0.7997222222222214,0,True
4.0,2.5,32.0,0.7,2390.0,33.47030135316527,220.0,0.7997222222222214,0,True
4.0,2.5,32.0,0.74,2390.0,33.47030135316527,220.0,0.7997222222222214,0,True
8.0,2.5,32.0,0.5,2390.0,33.49649935906679,65.0,0.7998611111111101,0,True
8.0,2.5,32.0,0.55,2390.0,33.49649935906679,65.0,0.7998611111111101,0,True
8.0,2.5,32.0,0.6,2390.0,33.49649935906679,65.0,0.7998611111111101,0,True
8.0,2.5,32.0,0.65,2390.0,33.49649935906679,65.0,0.7998611111111101,0,True
8.0,2.5,32.0,0.7,2390.0,33.49649935906679,65.0,0.7998611111111101,0,True
8.0,2.5,32.0,0.74,2390.0,33.49649935906679,65.0,0.7998611111111101,0,True
10.0,2.5,32.0,0.5,2390.0,33.50986535428327,50.0,0.8001388888888877,0,True
10.0,2.5,32.0,0.55,2390.0,33.50986535428327,50.0,0.8001388888888877,0,True
10.0,2.5,32.0,0.6,2390.0,33.50986535428327,50.0,0.8001388888888877,0,True
10.0,2.5,32.0,0.65,2390.0,33.50986535428327,50.0,0.8001388888888877,0,True
10.0,2.5,32.0,0.7,2390.0,33.50986535428327,50.0,0.8001388888888877,0,True
10.0,2.5,32.0,0.74,2390.0,33.50986535428327,50.0,0.8001388888888877,0,True
6.0,2.0,34.0,0.7,2395.0,34.03827648960644,210.0,0.7999999999999876,0,True
10.0,2.0,34.0,0.74,2395.0,34.53814315787564,90.0,0.7999999999999868,0,True
3.0,2.5,33.0,0.55,2400.0,33.47547267916429,605.0,0.7998611111111125,0,True
3.0,2.5,33.5,0.55,2400.0,33.47547267916429,605.0,0.7998611111111125,0,True
3.0,2.5,34.0,0.55,2400.0,33.47547267916429,605.0,0.7998611111111125,0,True
3.0,2.5,32.5,0.55,2410.0,33.46862909497915,560.0,0.8000000000000012,0,True
3.0,2.5,32.5,0.6,2410.0,33.46862909497915,560.0,0.8000000000000012,0,True
3.0,2.5,32.5,0.65,2410.0,33.46862909497915,560.0,0.8000000000000012,0,True
3.0,2.5,32.5,0.7,2410.0,33.46862909497915,560.0,0.8000000000000012,0,True
3.0,2.5,32.5,0.74,2410.0,33.46862909497915,560.0,0.8000000000000012,0,True
8.0,2.5,31.5,0.5,2410.0,33.48046184329566,55.0,0.7995833333333323,0,True
8.0,2.5,31.5,0.55,2410.0,33.48046184329566,55.0,0.7995833333333323,0,True
8.0,2.5,31.5,0.6,2410.0,33.48046184329566,55.0,0.7995833333333323,0,True
8.0,2.5,31.5,0.65,2410.0,33.48046184329566,55.0,0.7995833333333323,0,True
8.0,2.5,31.5,0.7,2410.0,33.48046184329566,55.0,0.7995833333333323,0,True
8.0,2.5,31.5,0.74,2410.0,33.48046184329566,55.0,0.7995833333333323,0,True
5.0,2.5,31.5,0.5,2415.0,33.46210064441666,110.0,0.799722222222221,0,True
5.0,2.5,31.5,0.55,2415.0,33.46210064441666,110.0,0.799722222222221,0,True
5.0,2.5,31.5,0.6,2415.0,33.46210064441666,110.0,0.799722222222221,0,True
5.0,2.5,31.5,0.65,2415.0,33.46210064441666,110.0,0.799722222222221,0,True
5.0,2.5,31.5,0.7,2415.0,33.46210064441666,110.0,0.799722222222221,0,True
5.0,2.5,31.5,0.74,2415.0,33.46210064441666,110.0,0.799722222222221,0,True
6.0,2.5,31.5,0.5,2415.0,33.46755476987614,80.0,0.7997222222222209,0,True
6.0,2.5,31.5,0.55,2415.0,33.46755476987614,80.0,0.7997222222222209,0,True
6.0,2.5,31.5,0.6,2415.0,33.46755476987614,80.0,0.7997222222222209,0,True
6.0,2.5,31.5,0.65,2415.0,33.46755476987614,80.0,0.7997222222222209,0,True
6.0,2.5,31.5,0.7,2415.0,33.46755476987614,80.0,0.7997222222222209,0,True
6.0,2.5,31.5,0.74,2415.0,33.46755476987614,80.0,0.7997222222222209,0,True
10.0,2.5,31.5,0.5,2420.0,33.4843905084476,40.0,0.8001388888888877,0,True
10.0,2.5,31.5,0.55,2420.0,33.4843905084476,40.0,0.8001388888888877,0,True
10.0,2.5,31.5,0.6,2420.0,33.4843905084476,40.0,0.8001388888888877,0,True
10.0,2.5,31.5,0.65,2420.0,33.4843905084476,40.0,0.8001388888888877,0,True
10.0,2.5,31.5,0.7,2420.0,33.4843905084476,40.0,0.8001388888888877,0,True
10.0,2.5,31.5,0.74,2420.0,33.4843905084476,40.0,0.8001388888888877,0,True
4.0,2.5,31.5,0.5,2425.0,33.452487245111804,160.0,0.7995833333333324,0,True
4.0,2.5,31.5,0.55,2425.0,33.452487245111804,160.0,0.7995833333333324,0,True
4.0,2.5,31.5,0.6,2425.0,33.452487245111804,160.0,0.7995833333333324,0,True
4.0,2.5,31.5,0.65,2425.0,33.452487245111804,160.0,0.7995833333333324,0,True
4.0,2.5,31.5,0.7,2425.0,33.452487245111804,160.0,0.7995833333333324,0,True
4.0,2.5,31.5,0.74,2425.0,33.452487245111804,160.0,0.7995833333333324,0,True
3.0,2.0,34.0,0.7,2430.0,34.005942123258286,1300.0,0.8000000000000007,0,True
8.0,2.0,34.0,0.7,2435.0,34.21223008771376,125.0,0.7999999999999874,0,True
10.0,2.5,31.0,0.5,2435.0,33.47252505243138,35.0,0.8001388888888877,0,True
10.0,2.5,31.0,0.55,2435.0,33.47252505243138,35.0,0.8001388888888877,0,True
10.0,2.5,31.0,0.6,2435.0,33.47252505243138,35.0,0.8001388888888877,0,True
10.0,2.5,31.0,0.65,2435.0,33.47252505243138,35.0,0.8001388888888877,0,True
10.0,2.5,31.0,0.7,2435.0,33.47252505243138,35.0,0.8001388888888877,0,True
10.0,2.5,31.0,0.74,2435.0,33.47252505243138,35.0,0.8001388888888877,0,True
3.0,2.5,32.0,0.55,2440.0,33.450251913779205,415.0,0.8001388888888894,0,True
3.0,2.5,32.0,0.6,2440.0,33.450251913779205,415.0,0.8001388888888894,0,True
3.0,2.5,32.0,0.65,2440.0,33.450251913779205,415.0,0.8001388888888894,0,True
3.0,2.5,32.0,0.7,2440.0,33.450251913779205,415.0,0.8001388888888894,0,True
3.0,2.5,32.0,0.74,2440.0,33.450251913779205,415.0,0.8001388888888894,0,True
4.0,2.0,33.5,0.74,2445.0,33.530765701250374,435.0,0.7999999999999873,0,True
8.0,2.5,31.0,0.5,2445.0,33.459096702150795,40.0,0.79986111111111,0,True
8.0,2.5,31.0,0.55,2445.0,33.459096702150795,40.0,0.79986111111111,0,True
8.0,2.5,31.0,0.6,2445.0,33.459096702150795,40.0,0.79986111111111,0,True
8.0,2.5,31.0,0.65,2445.0,33.459096702150795,40.0,0.79986111111111,0,True
8.0,2.5,31.0,0.7,2445.0,33.459096702150795,40.0,0.79986111111111,0,True
8.0,2.5,31.0,0.74,2445.0,33.459096702150795,40.0,0.79986111111111,0,True
5.0,2.5,31.0,0.5,2450.0,33.44591435603003,75.0,0.799722222222221,0,True
5.0,2.5,31.0,0.55,2450.0,33.44591435603003,75.0,0.799722222222221,0,True
5.0,2.5,31.0,0.6,2450.0,33.44591435603003,75.0,0.799722222222221,0,True
5.0,2.5,31.0,0.65,2450.0,33.44591435603003,75.0,0.799722222222221,0,True
5.0,2.5,31.0,0.7,2450.0,33.44591435603003,75.0,0.799722222222221,0,True
5.0,2.5,31.0,0.74,2450.0,33.44591435603003,75.0,0.799722222222221,0,True
6.0,2.5,31.0,0.5,2450.0,33.44942467131813,55.0,0.7997222222222209,0,True
6.0,2.5,31.0,0.55,2450.0,33.44942467131813,55.0,0.7997222222222209,0,True
6.0,2.5,31.0,0.6,2450.0,33.44942467131813,55.0,0.7997222222222209,0,True
6.0,2.5,31.0,0.65,2450.0,33.44942467131813,55.0,0.7997222222222209,0,True
6.0,2.5,31.0,0.7,2450.0,33.44942467131813,55.0,0.7997222222222209,0,True
6.0,2.5,31.0,0.74,2450.0,33.44942467131813,55.0,0.7997222222222209,0,True
5.0,2.0,33.5,0.74,2455.0,33.53869093192364,265.0,0.7999999999999877,0,True
3.0,2.0,33.5,0.74,2460.0,33.50924325195233,970.0,0.7997222222222222,0,True
3.0,2.5,32.0,0.5,2460.0,33.43928060655977,305.0,0.7998611111111111,0,True
3.0,2.5,32.5,0.5,2460.0,33.43928060655977,305.0,0.7998611111111111,0,True
3.0,2.5,33.0,0.5,2460.0,33.43928060655977,305.0,0.7998611111111111,0,True
3.0,2.5,33.5,0.5,2460.0,33.43928060655977,305.0,0.7998611111111111,0,True
3.0,2.5,34.0,0.5,2460.0,33.43928060655977,305.0,0.7998611111111111,0,True
4.0,2.5,31.0,0.5,2460.0,33.439525050413906,105.0,0.7998611111111101,0,True
4.0,2.5,31.0,0.55,2460.0,33.439525050413906,105.0,0.7998611111111101,0,True
4.0,2.5,31.0,0.6,2460.0,33.439525050413906,105.0,0.7998611111111101,0,True
4.0,2.5,31.0,0.65,2460.0,33.439525050413906,105.0,0.7998611111111101,0,True
4.0,2.5,31.0,0.7,2460.0,33.439525050413906,105.0,0.7998611111111101,0,True
4.0,2.5,31.0,0.74,2460.0,33.439525050413906,105.0,0.7998611111111101,0,True
3.0,2.5,31.5,0.5,2465.0,33.43836461038248,290.0,0.800138888888889,0,True
3.0,2.5,31.5,0.55,2465.0,33.43836461038248,290.0,0.800138888888889,0,True
3.0,2.5,31.5,0.6,2465.0,33.43836461038248,290.0,0.800138888888889,0,True
3.0,2.5,31.5,0.65,2465.0,33.43836461038248,290.0,0.800138888888889,0,True
3.0,2.5,31.5,0.7,2465.0,33.43836461038248,290.0,0.800138888888889,0,True
3.0,2.5,31.5,0.74,2465.0,33.43836461038248,290.0,0.800138888888889,0,True
10.0,2.5,30.5,0.5,2465.0,33.450442137842,25.0,0.8001388888888877,0,True
10.0,2.5,30.5,0.55,2465.0,33.450442137842,25.0,0.8001388888888877,0,True
10.0,2.5,30.5,0.6,2465.0,33.450442137842,25.0,0.8001388888888877,0,True
10.0,2.5,30.5,0.65,2465.0,33.450442137842,25.0,0.8001388888888877,0,True
10.0,2.5,30.5,0.7,2465.0,33.450442137842,25.0,0.8001388888888877,0,True
10.0,2.5,30.5,0.74,2465.0,33.450442137842,25.0,0.8001388888888877,0,True
4.0,2.0,34.0,0.65,2470.0,34.02760642348727,520.0,0.7999999999999873,0,True
5.0,2.0,34.0,0.65,2475.0,34.03981387811498,310.0,0.7997222222222105,0,True
6.0,2.0,33.5,0.74,2475.0,33.60041022602226,185.0,0.799999999999987,0,True
10.0,2.0,34.0,0.7,2475.0,34.53814315787564,90.0,0.7999999999999868,0,True
8.0,2.5,30.5,0.5,2480.0,33.44018799632695,25.0,0.8001388888888877,0,True
8.0,2.5,30.5,0.55,2480.0,33.44018799632695,25.0,0.8001388888888877,0,True
8.0,2.5,30.5,0.6,2480.0,33.44018799632695,25.0,0.8001388888888877,0,True
8.0,2.5,30.5,0.65,2480.0,33.44018799632695,25.0,0.8001388888888877,0,True
8.0,2.5,30.5,0.7,2480.0,33.44018799632695,25.0,0.8001388888888877,0,True
8.0,2.5,30.5,0.74,2480.0,33.44018799632695,25.0,0.8001388888888877,0,True
3.0,2.5,31.0,0.5,2485.0,33.430585109899425,185.0,0.7999999999999996,0,True
3.0,2.5,31.0,0.55,2485.0,33.430585109899425,185.0,0.7999999999999996,0,True
3.0,2.5,31.0,0.6,2485.0,33.430585109899425,185.0,0.7999999999999996,0,True
3.0,2.5,31.0,0.65,2485.0,33.430585109899425,185.0,0.7999999999999996,0,True
3.0,2.5,31.0,0.7,2485.0,33.430585109899425,185.0,0.7999999999999996,0,True
3.0,2.5,31.0,0.74,2485.0,33.430585109899425,185.0,0.7999999999999996,0,True
5.0,2.5,30.5,0.5,2485.0,33.432183471237714,40.0,0.799722222222221,0,True
5.0,2.5,30.5,0.55,2485.0,33.432183471237714,40.0,0.799722222222221,0,True
5.0,2.5,30.5,0.6,2485.0,33.432183471237714,40.0,0.799722222222221,0,True
5.0,2.5,30.5,0.65,2485.0,33.432183471237714,40.0,0.799722222222221,0,True
5.0,2.5,30.5,0.7,2485.0,33.432183471237714,40.0,0.799722222222221,0,True
5.0,2.5,30.5,0.74,2485.0,33.432183471237714,40.0,0.799722222222221,0,True
6.0,2.5,30.5,0.5,2485.0,33.433714835438465,30.0,0.799722222222221,0,True
6.0,2.5,30.5,0.55,2485.0,33.433714835438465,30.0,0.799722222222221,0,True
6.0,2.5,30.5,0.6,2485.0,33.433714835438465,30.0,0.799722222222221,0,True
6.0,2.5,30.5,0.65,2485.0,33.433714835438465,30.0,0.799722222222221,0,True
6.0,2.5,30.5,0.7,2485.0,33.433714835438465,30.0,0.799722222222221,0,True
6.0,2.5,30.5,0.74,2485.0,33.433714835438465,30.0,0.799722222222221,0,True
4.0,2.5,30.5,0.5,2490.0,33.429584530373454,55.0,0.79986111111111,0,True
4.0,2.5,30.5,0.55,2490.0,33.429584530373454,55.0,0.79986111111111,0,True
4.0,2.5,30.5,0.6,2490.0,33.429584530373454,55.0,0.79986111111111,0,True
4.0,2.5,30.5,0.65,2490.0,33.429584530373454,55.0,0.79986111111111,0,True
4.0,2.5,30.5,0.7,2490.0,33.429584530373454,55.0,0.79986111111111,0,True
4.0,2.5,30.5,0.74,2490.0,33.429584530373454,55.0,0.79986111111111,0,True
6.0,2.0,34.0,0.65,2490.0,34.03827648960644,210.0,0.7999999999999876,0,True
4.0,1.5,34.0,0.74,2495.0,34.01896627785738,520.0,0.7997222222222126,0,True
4.0,2.0,33.5,0.7,2500.0,33.530765701250374,435.0,0.7999999999999873,0,True
5.0,1.5,34.0,0.74,2500.0,34.03981387811498,310.0,0.7995833333333258,0,True
3.0,2.5,30.5,0.5,2505.0,33.42546535650577,90.0,0.8001388888888881,0,True
3.0,2.5,30.5,0.55,2505.0,33.42546535650577,90.0,0.8001388888888881,0,True
3.0,2.5,30.5,0.6,2505.0,33.42546535650577,90.0,0.8001388888888881,0,True
3.0,2.5,30.5,0.65,2505.0,33.42546535650577,90.0,0.8001388888888881,0,True
3.0,2.5,30.5,0.7,2505.0,33.42546535650577,90.0,0.8001388888888881,0,True
3.0,2.5,30.5,0.74,2505.0,33.42546535650577,90.0,0.8001388888888881,0,True
5.0,2.0,33.5,0.7,2510.0,33.53869093192364,265.0,0.7999999999999877,0,True
8.0,2.0,33.5,0.74,2510.0,33.715045290209495,110.0,0.7999999999999872,0,True
3.0,2.0,33.5,0.7,2525.0,33.50904363596756,970.0,0.7999999999999986,0,True
6.0,1.5,34.0,0.74,2525.0,34.03827648960644,210.0,0.7998611111111035,0,True
3.0,1.5,34.0,0.74,2530.0,34.00598231595412,1300.0,0.7997222222222207,0,True
6.0,2.0,33.5,0.7,2530.0,33.60041022602226,185.0,0.799999999999987,0,True
8.0,2.0,34.0,0.65,2530.0,34.21223008771376,125.0,0.7999999999999874,0,True
10.0,2.0,33.5,0.74,2545.0,34.01217901952323,80.0,0.7999999999999866,0,True
3.0,2.0,34.0,0.65,2550.0,33.87970370411299,1205.0,0.799999999999998,0,True
8.0,1.5,34.0,0.74,2565.0,34.21223008771376,125.0,0.7998611111111035,0,True
4.0,2.0,33.5,0.65,2570.0,33.530765701250374,435.0,0.7999999999999873,0,True
4.0,2.0,34.0,0.6,2570.0,34.0273866653804,520.0,0.7999999999999873,0,True
5.0,2.0,34.0,0.6,2570.0,34.03981387811498,310.0,0.7997222222222105,0,True
8.0,2.0,33.5,0.7,2570.0,33.715045290209495,110.0,0.7999999999999872,0,True
10.0,2.0,34.0,0.65,2570.0,34.53814315787564,90.0,0.7999999999999868,0,True
5.0,2.0,33.5,0.65,2580.0,33.53869093192364,265.0,0.7999999999999877,0,True
6.0,2.0,34.0,0.6,2585.0,34.03827648960644,210.0,0.7999999999999876,0,True
6.0,2.0,33.5,0.65,2600.0,33.60041022602226,185.0,0.799999999999987,0,True
10.0,2.0,33.5,0.7,2600.0,34.01217901952323,80.0,0.7999999999999866,0,True
3.0,2.0,33.5,0.65,2605.0,33.50904363596756,970.0,0.7999999999999968,0,True
4.0,2.0,33.0,0.74,2615.0,33.03390570592858,355.0,0.7999999999999873,0,True
10.0,1.5,34.0,0.74,2615.0,34.53814315787564,90.0,0.7998611111111023,0,True
3.0,2.0,33.0,0.74,2620.0,33.012365794563635,740.0,0.7999999999999965,0,True
8.0,2.0,34.0,0.6,2625.0,34.21223008771376,125.0,0.7999999999999874,0,True
5.0,2.0,33.0,0.74,2630.0,33.068912598730826,225.0,0.7999999999999873,0,True
8.0,2.0,33.5,0.65,2640.0,33.715045290209495,110.0,0.7999999999999872,0,True
4.0,2.0,33.5,0.6,2645.0,33.529508388399584,435.0,0.7999999999999873,0,True
4.0,2.0,33.0,0.7,2650.0,33.03390570592858,355.0,0.7999999999999873,0,True
6.0,2.0,33.0,0.74,2650.0,33.056551397322984,155.0,0.7999999999999865,0,True
5.0,2.0,33.5,0.6,2655.0,33.53869093192364,265.0,0.7999999999999877,0,True
3.0,1.5,33.5,0.74,2660.0,33.509051541039625,970.0,0.7997222222222178,0,True
3.0,2.0,33.0,0.7,2660.0,33.012365794563635,740.0,0.7999999999999956,0,True
4.0,1.5,33.5,0.74,2665.0,33.522485880806165,435.0,0.7998611111110996,0,True
5.0,2.0,33.0,0.7,2665.0,33.068912598730826,225.0,0.7999999999999873,0,True
5.0,2.0,34.0,0.55,2665.0,34.03981387811498,310.0,0.7997222222222105,0,True
10.0,2.0,34.0,0.6,2665.0,34.53814315787564,90.0,0.7999999999999868,0,True
6.0,2.0,33.5,0.6,2670.0,33.60041022602226,185.0,0.799999999999987,0,True
5.0,1.5,33.5,0.74,2675.0,33.53869093192364,265.0,0.7998611111111007,0,True
10.0,2.0,33.5,0.65,2675.0,34.01217901952323,80.0,0.7999999999999866,0,True
6.0,2.0,33.0,0.7,2685.0,33.056551397322984,155.0,0.7999999999999865,0,True
6.0,2.0,34.0,0.55,2685.0,34.03827648960644,210.0,0.7999999999999876,0,True
8.0,2.0,33.0,0.74,2685.0,33.208433296593746,95.0,0.7999999999999868,0,True
4.0,1.5,34.0,0.7,2690.0,34.01896627785738,520.0,0.7998611111110971,0,True
4.0,2.0,33.0,0.65,2695.0,33.03390570592858,355.0,0.7999999999999873,0,True
5.0,1.5,34.0,0.7,2695.0,34.03981387811498,310.0,0.7997222222222103,0,True
3.0,2.0,33.5,0.6,2700.0,33.37529654274573,905.0,0.7999999999999947,0,True
3.0,2.0,34.0,0.6,2700.0,33.37529654274573,905.0,0.7999999999999947,0,True
4.0,2.0,34.0,0.55,2700.0,33.64410290893024,455.0,0.7999999999999873,0,True
6.0,1.5,33.5,0.74,2700.0,33.60041022602226,185.0,0.7998611111111001,0,True
3.0,2.0,33.0,0.65,2705.0,33.01230327190867,740.0,0.7997222222222168,0,True
5.0,2.0,33.0,0.65,2705.0,33.068912598730826,225.0,0.7999999999999873,0,True
6.0,1.5,34.0,0.7,2710.0,34.03827648960644,210.0,0.7997222222222105,0,True
8.0,2.0,33.5,0.6,2710.0,33.715045290209495,110.0,0.7999999999999872,0,True
4.0,2.0,33.5,0.55,2715.0,33.524900369293505,435.0,0.7999999999999873,0,True
10.0,2.0,33.0,0.74,2715.0,33.47958712650121,70.0,0.7999999999999864,0,True
8.0,2.0,33.0,0.7,2720.0,33.208433296593746,95.0,0.7999999999999868,0,True
8.0,2.0,34.0,0.55,2720.0,34.21223008771376,125.0,0.7999999999999874,0,True
5.0,2.0,33.5,0.55,2725.0,33.53869093192364,265.0,0.7999999999999877,0,True
6.0,2.0,33.0,0.65,2725.0,33.056551397322984,155.0,0.7999999999999865,0,True
3.0,1.5,34.0,0.7,2730.0,34.00598231595412,1300.0,0.7997222222222162,0,True
4.0,2.0,33.0,0.6,2735.0,33.03390570592858,355.0,0.7999999999999873,0,True
8.0,1.5,33.5,0.74,2740.0,33.715045290209495,110.0,0.7995833333333227,0,True
6.0,2.0,33.5,0.55,2745.0,33.60041022602226,185.0,0.799999999999987,0,True
10.0,2.0,33.5,0.6,2745.0,34.01217901952323,80.0,0.7999999999999866,0,True
5.0,2.0,33.0,0.6,2750.0,33.068912598730826,225.0,0.7999999999999873,0,True
10.0,2.0,33.0,0.7,2750.0,33.47958712650121,70.0,0.7999999999999864,0,True
3.0,2.0,33.0,0.6,2755.0,33.01221109367997,740.0,0.7999999999999935,0,True
8.0,1.5,34.0,0.7,2755.0,34.21223008771376,125.0,0.7995833333333214,0,True
10.0,2.0,34.0,0.55,2760.0,34.53814315787564,90.0,0.7999999999999868,0,True
8.0,2.0,33.0,0.65,2765.0,33.208433296593746,95.0,0.7999999999999868,0,True
6.0,2.0,33.0,0.6,2770.0,33.056551397322984,155.0,0.7999999999999865,0,True
4.0,2.0,33.0,0.55,2780.0,33.03228295846469,355.0,0.7999999999999873,0,True
8.0,2.0,33.5,0.55,2780.0,33.715045290209495,110.0,0.7999999999999872,0,True
10.0,1.5,33.5,0.74,2785.0,34.01217901952323,80.0,0.7998611111110998,0,True
10.0,2.0,33.0,0.65,2790.0,33.47958712650121,70.0,0.7999999999999864,0,True
5.0,2.0,33.0,0.55,2795.0,33.068912598730826,225.0,0.7999999999999873,0,True
10.0,1.5,34.0,0.7,2800.0,34.53814315787564,90.0,0.7997222222222092,0,True
8.0,2.0,33.0,0.6,2805.0,33.208433296593746,95.0,0.7999999999999868,0,True
8.0,2.0,34.0,0.5,2805.0,34.04753839169945,120.0,0.7999999999999873,0,True
6.0,2.0,33.0,0.55,2810.0,33.056551397322984,155.0,0.7999999999999865,0,True
10.0,2.0,34.0,0.5,2810.0,34.53814315787564,90.0,0.7999999999999868,0,True
10.0,2.0,33.5,0.55,2815.0,34.01217901952323,80.0,0.7999999999999866,0,True
4.0,2.0,32.5,0.74,2820.0,32.53704514669059,285.0,0.7999999999999873,0,True
3.0,2.0,32.5,0.74,2825.0,32.515453232158634,560.0,0.7997222222222141,0,True
4.0,1.5,33.5,0.7,2830.0,33.522485880806165,435.0,0.799722222222207,0,True
4.0,2.0,32.5,0.7,2830.0,32.53704514669059,285.0,0.7999999999999873,0,True
3.0,1.5,33.5,0.7,2835.0,33.509051541039625,970.0,0.7997222222222139,0,True
3.0,2.0,32.5,0.7,2835.0,32.5154354150258,560.0,0.7997222222222139,0,True
5.0,2.0,32.5,0.74,2835.0,32.57500392483352,185.0,0.7999999999999868,0,True
8.0,2.0,33.5,0.5,2835.0,33.715045290209495,110.0,0.7999999999999872,0,True
10.0,2.0,33.0,0.6,2835.0,33.47958712650121,70.0,0.7999999999999864,0,True
3.0,1.5,33.0,0.74,2840.0,33.01237944268111,740.0,0.7997222222222138,0,True
4.0,2.0,32.5,0.65,2840.0,32.53704514669059,285.0,0.7999999999999873,0,True
6.0,2.0,33.5,0.5,2840.0,33.14861927373634,160.0,0.7999999999999865,0,True
6.0,2.0,34.0,0.5,2840.0,33.14861927373634,160.0,0.7999999999999865,0,True
3.0,2.0,32.5,0.65,2845.0,32.51542030522462,560.0,0.7997222222222137,0,True
5.0,1.5,33.5,0.7,2845.0,33.53869093192364,265.0,0.7995833333333191,0,True
5.0,2.0,32.5,0.7,2845.0,32.57500392483352,185.0,0.7999999999999868,0,True
3.0,2.0,33.0,0.55,2850.0,32.6408946746424,605.0,0.7999999999999914,0,True
3.0,2.0,33.5,0.55,2850.0,32.6408946746424,605.0,0.7999999999999914,0,True
3.0,2.0,34.0,0.55,2850.0,32.6408946746424,605.0,0.7999999999999914,0,True
4.0,2.0,32.5,0.6,2850.0,32.53695901298083,285.0,0.7999999999999873,0,True
6.0,2.0,33.0,0.5,2850.0,33.056551397322984,155.0,0.7999999999999865,0,True
8.0,2.0,33.0,0.55,2850.0,33.208433296593746,95.0,0.7999999999999868,0,True
10.0,2.0,33.5,0.5,2850.0,34.01217901952323,80.0,0.7999999999999866,0,True
5.0,2.0,32.5,0.65,2855.0,32.57500392483352,185.0,0.7999999999999868,0,True
6.0,2.0,32.5,0.74,2855.0,32.587465061681094,130.0,0.7999999999999863,0,True
3.0,2.0,32.5,0.6,2860.0,32.51536734130076,560.0,0.7999999999999912,0,True
4.0,2.0,32.5,0.55,2860.0,32.53695901298083,285.0,0.7999999999999873,0,True
4.0,1.5,33.0,0.74,2865.0,33.022424645378905,355.0,0.7998611111110969,0,True
5.0,2.0,32.5,0.6,2865.0,32.57500392483352,185.0,0.7999999999999868,0,True
6.0,1.5,33.5,0.7,2865.0,33.60041022602226,185.0,0.7997222222222076,0,True
6.0,2.0,32.5,0.7,2865.0,32.587465061681094,130.0,0.7999999999999863,0,True
3.0,2.0,32.5,0.55,2870.0,32.5147793007487,560.0,0.7999999999999909,0,True
4.0,1.0,34.0,0.74,2870.0,34.02749515193146,520.0,0.799722222222229,0,True
5.0,2.0,32.5,0.55,2875.0,32.57500392483352,185.0,0.7999999999999868,0,True
6.0,2.0,32.5,0.65,2875.0,32.587465061681094,130.0,0.7999999999999863,0,True
5.0,2.0,32.5,0.5,2880.0,32.57500392483352,185.0,0.7999999999999868,0,True
5.0,2.0,33.0,0.5,2880.0,32.57500392483352,185.0,0.7999999999999868,0,True
5.0,2.0,33.5,0.5,2880.0,32.57500392483352,185.0,0.7999999999999868,0,True
5.0,2.0,34.0,0.5,2880.0,32.57500392483352,185.0,0.7999999999999868,0,True
8.0,2.0,33.0,0.5,2880.0,33.208433296593746,95.0,0.7999999999999868,0,True
10.0,2.0,33.0,0.55,2880.0,33.47958712650121,70.0,0.7999999999999864,0,True
5.0,1.5,33.0,0.74,2885.0,33.068912598730826,225.0,0.7995833333333191,0,True
6.0,2.0,32.5,0.6,2885.0,32.587465061681094,130.0,0.7999999999999863,0,True
8.0,2.0,32.5,0.74,2885.0,32.69221535637582,80.0,0.7999999999999865,0,True
3.0,1.0,34.0,0.74,2890.0,34.005846318321844,1300.0,0.799722222222239,0,True
10.0,2.0,33.0,0.5,2890.0,33.47958712650121,70.0,0.7999999999999864,0,True
6.0,2.0,32.5,0.55,2895.0,32.587465061681094,130.0,0.7999999999999863,0,True
8.0,2.0,32.5,0.7,2895.0,32.69221535637582,80.0,0.7999999999999865,0,True
6.0,2.0,32.5,0.5,2900.0,32.587465061681094,130.0,0.7999999999999863,0,True
10.0,2.0,32.5,0.74,2900.0,32.94028396145783,60.0,0.7999999999999862,0,True
8.0,2.0,32.5,0.65,2905.0,32.69221535637582,80.0,0.7999999999999865,0,True
6.0,1.5,33.0,0.74,2910.0,33.056551397322984,155.0,0.7998611111110963,0,True
8.0,1.5,33.5,0.7,2910.0,33.715045290209495,110.0,0.7998611111110967,0,True
10.0,2.0,32.5,0.7,2910.0,32.94028396145783,60.0,0.7999999999999862,0,True
8.0,2.0,32.5,0.6,2915.0,32.69221535637582,80.0,0.7999999999999865,0,True
10.0,2.0,32.5,0.65,2920.0,32.94028396145783,60.0,0.7999999999999862,0,True
4.0,2.0,32.5,0.5,2925.0,32.3622169434014,230.0,0.7999999999999873,0,True
4.0,2.0,33.0,0.5,2925.0,32.3622169434014,230.0,0.7999999999999873,0,True
4.0,2.0,33.5,0.5,2925.0,32.3622169434014,230.0,0.7999999999999873,0,True
4.0,2.0,34.0,0.5,2925.0,32.3622169434014,230.0,0.7999999999999873,0,True
8.0,2.0,32.5,0.5,2925.0,32.69221535637582,80.0,0.7999999999999865,0,True
8.0,2.0,32.5,0.55,2925.0,32.69221535637582,80.0,0.7999999999999865,0,True
4.0,1.5,34.0,0.65,2930.0,34.01896627785738,520.0,0.7998611111110918,0,True
10.0,2.0,32.5,0.5,2930.0,32.94028396145783,60.0,0.7999999999999862,0,True
10.0,2.0,32.5,0.55,2930.0,32.94028396145783,60.0,0.7999999999999862,0,True
10.0,2.0,32.5,0.6,2930.0,32.94028396145783,60.0,0.7999999999999862,0,True
4.0,2.0,32.0,0.5,2935.0,32.35978787377864,220.0,0.7999999999999872,0,True
4.0,2.0,32.0,0.55,2935.0,32.35978787377864,220.0,0.7999999999999872,0,True
4.0,2.0,32.0,0.6,2935.0,32.35978787377864,220.0,0.7999999999999872,0,True
4.0,2.0,32.0,0.65,2935.0,32.35978787377864,220.0,0.7999999999999872,0,True
4.0,2.0,32.0,0.7,2935.0,32.35978787377864,220.0,0.7999999999999872,0,True
4.0,2.0,32.0,0.74,2935.0,32.35978787377864,220.0,0.7999999999999872,0,True
5.0,1.5,34.0,0.65,2935.0,34.03981387811498,310.0,0.799722222222205,0,True
5.0,2.0,32.0,0.5,2940.0,32.36248357008698,145.0,0.7999999999999864,0,True
5.0,2.0,32.0,0.55,2940.0,32.36248357008698,145.0,0.7999999999999864,0,True
5.0,2.0,32.0,0.6,2940.0,32.36248357008698,145.0,0.7999999999999864,0,True
5.0,2.0,32.0,0.65,2940.0,32.36248357008698,145.0,0.7999999999999864,0,True
5.0,2.0,32.0,0.7,2940.0,32.36248357008698,145.0,0.7999999999999864,0,True
5.0,2.0,32.0,0.74,2940.0,32.36248357008698,145.0,0.7999999999999864,0,True
3.0,2.0,32.0,0.55,2945.0,32.35690112795714,415.0,0.7999999999999893,0,True
3.0,2.0,32.0,0.6,2945.0,32.35690112795714,415.0,0.7999999999999893,0,True
3.0,2.0,32.0,0.65,2945.0,32.35690112795714,415.0,0.7999999999999893,0,True
3.0,2.0,32.0,0.7,2945.0,32.35690112795714,415.0,0.7999999999999893,0,True
3.0,2.0,32.0,0.74,2945.0,32.35690112795714,415.0,0.7999999999999893,0,True
6.0,1.5,34.0,0.65,2950.0,34.03827648960644,210.0,0.7997222222222051,0,True
6.0,2.0,32.0,0.5,2950.0,32.364429520953706,105.0,0.799999999999986,0,True
6.0,2.0,32.0,0.55,2950.0,32.364429520953706,105.0,0.799999999999986,0,True
6.0,2.0,32.0,0.6,2950.0,32.364429520953706,105.0,0.799999999999986,0,True
6.0,2.0,32.0,0.65,2950.0,32.364429520953706,105.0,0.799999999999986,0,True
6.0,2.0,32.0,0.7,2950.0,32.364429520953706,105.0,0.799999999999986,0,True
6.0,2.0,32.0,0.74,2950.0,32.364429520953706,105.0,0.799999999999986,0,True
10.0,1.5,33.5,0.7,2950.0,34.01217901952323,80.0,0.7997222222222072,0,True
8.0,1.5,33.0,0.74,2955.0,33.208433296593746,95.0,0.7998611111110973,0,True
8.0,2.0,32.0,0.5,2970.0,32.36661161040022,65.0,0.7999999999999862,0,True
8.0,2.0,32.0,0.55,2970.0,32.36661161040022,65.0,0.7999999999999862,0,True
8.0,2.0,32.0,0.6,2970.0,32.36661161040022,65.0,0.7999999999999862,0,True
8.0,2.0,32.0,0.65,2970.0,32.36661161040022,65.0,0.7999999999999862,0,True
8.0,2.0,32.0,0.7,2970.0,32.36661161040022,65.0,0.7999999999999862,0,True
8.0,2.0,32.0,0.74,2970.0,32.36661161040022,65.0,0.7999999999999862,0,True
10.0,2.0,32.0,0.5,2970.0,32.39418495462638,50.0,0.799999999999986,0,True
10.0,2.0,32.0,0.55,2970.0,32.39418495462638,50.0,0.799999999999986,0,True
10.0,2.0,32.0,0.6,2970.0,32.39418495462638,50.0,0.799999999999986,0,True
10.0,2.0,32.0,0.65,2970.0,32.39418495462638,50.0,0.799999999999986,0,True
10.0,2.0,32.0,0.7,2970.0,32.39418495462638,50.0,0.799999999999986,0,True
10.0,2.0,32.0,0.74,2970.0,32.39418495462638,50.0,0.799999999999986,0,True
5.0,1.0,34.0,0.74,2975.0,34.06027617116599,310.0,0.79972222222224,0,True
3.0,1.5,33.0,0.7,2985.0,33.01237944268111,740.0,0.7997222222222106,0,True
5.0,2.0,31.5,0.5,2990.0,32.35044516952978,110.0,0.7997222222222082,0,True
5.0,2.0,31.5,0.55,2990.0,32.35044516952978,110.0,0.7997222222222082,0,True
5.0,2.0,31.5,0.6,2990.0,32.35044516952978,110.0,0.7997222222222082,0,True
5.0,2.0,31.5,0.65,2990.0,32.35044516952978,110.0,0.7997222222222082,0,True
5.0,2.0,31.5,0.7,2990.0,32.35044516952978,110.0,0.7997222222222082,0,True
5.0,2.0,31.5,0.74,2990.0,32.35044516952978,110.0,0.7997222222222082,0,True
3.0,1.5,34.0,0.65,2995.0,33.87970370411299,1205.0,0.7997222222222103,0,True
4.0,2.0,31.5,0.5,2995.0,32.34708099038544,160.0,0.7999999999999865,0,True
4.0,2.0,31.5,0.55,2995.0,32.34708099038544,160.0,0.7999999999999865,0,True
4.0,2.0,31.5,0.6,2995.0,32.34708099038544,160.0,0.7999999999999865,0,True
4.0,2.0,31.5,0.65,2995.0,32.34708099038544,160.0,0.7999999999999865,0,True
4.0,2.0,31.5,0.7,2995.0,32.34708099038544,160.0,0.7999999999999865,0,True
4.0,2.0,31.5,0.74,2995.0,32.34708099038544,160.0,0.7999999999999865,0,True
8.0,1.5,34.0,0.65,2995.0,34.21223008771376,125.0,0.7995833333333161,0,True
10.0,1.5,33.0,0.74,2995.0,33.47958712650121,70.0,0.7998611111110966,0,True
3.0,2.0,32.0,0.5,3000.0,32.34470074900439,305.0,0.799999999999988,0,True
3.0,2.0,32.5,0.5,3000.0,32.34470074900439,305.0,0.799999999999988,0,True
3.0,2.0,33.0,0.5,3000.0,32.34470074900439,305.0,0.799999999999988,0,True
3.0,2.0,33.5,0.5,3000.0,32.34470074900439,305.0,0.799999999999988,0,True
3.0,2.0,34.0,0.5,3000.0,32.34470074900439,305.0,0.799999999999988,0,True
6.0,2.0,31.5,0.5,3000.0,32.35214069762048,80.0,0.7999999999999857,0,True
6.0,2.0,31.5,0.55,3000.0,32.35214069762048,80.0,0.7999999999999857,0,True
6.0,2.0,31.5,0.6,3000.0,32.35214069762048,80.0,0.7999999999999857,0,True
6.0,2.0,31.5,0.65,3000.0,32.35214069762048,80.0,0.7999999999999857,0,True
6.0,2.0,31.5,0.7,3000.0,32.35214069762048,80.0,0.7999999999999857,0,True
6.0,2.0,31.5,0.74,3000.0,32.35214069762048,80.0,0.7999999999999857,0,True
8.0,2.0,31.5,0.5,3000.0,32.35785312584484,55.0,0.799999999999986,0,True
8.0,2.0,31.5,0.55,3000.0,32.35785312584484,55.0,0.799999999999986,0,True
8.0,2.0,31.5,0.6,3000.0,32.35785312584484,55.0,0.799999999999986,0,True
8.0,2.0,31.5,0.65,3000.0,32.35785312584484,55.0,0.799999999999986,0,True
8.0,2.0,31.5,0.7,3000.0,32.35785312584484,55.0,0.799999999999986,0,True
8.0,2.0,31.5,0.74,3000.0,32.35785312584484,55.0,0.799999999999986,0,True
3.0,2.0,31.5,0.5,3005.0,32.3432174538727,290.0,0.7997222222222102,0,True
3.0,2.0,31.5,0.55,3005.0,32.3432174538727,290.0,0.7997222222222102,0,True
3.0,2.0,31.5,0.6,3005.0,32.3432174538727,290.0,0.7997222222222102,0,True
3.0,2.0,31.5,0.65,3005.0,32.3432174538727,290.0,0.7997222222222102,0,True
3.0,2.0,31.5,0.7,3005.0,32.3432174538727,290.0,0.7997222222222102,0,True
3.0,2.0,31.5,0.74,3005.0,32.3432174538727,290.0,0.7997222222222102,0,True
4.0,1.5,33.0,0.7,3005.0,33.02241440716113,355.0,0.7998611111110938,0,True
6.0,1.0,34.0,0.74,3005.0,34.06026768385281,210.0,0.7997222222222408,0,True
10.0,2.0,31.5,0.5,3010.0,32.35897639675754,40.0,0.7999999999999857,0,True
10.0,2.0,31.5,0.55,3010.0,32.35897639675754,40.0,0.7999999999999857,0,True
10.0,2.0,31.5,0.6,3010.0,32.35897639675754,40.0,0.7999999999999857,0,True
10.0,2.0,31.5,0.65,3010.0,32.35897639675754,40.0,0.7999999999999857,0,True
10.0,2.0,31.5,0.7,3010.0,32.35897639675754,40.0,0.7999999999999857,0,True
10.0,2.0,31.5,0.74,3010.0,32.35897639675754,40.0,0.7999999999999857,0,True
5.0,1.5,33.0,0.7,3025.0,33.068912598730826,225.0,0.799583333333316,0,True
10.0,2.0,31.0,0.5,3030.0,32.35269568639716,35.0,0.7999999999999856,0,True
10.0,2.0,31.0,0.55,3030.0,32.35269568639716,35.0,0.7999999999999856,0,True
10.0,2.0,31.0,0.6,3030.0,32.35269568639716,35.0,0.7999999999999856,0,True
10.0,2.0,31.0,0.65,3030.0,32.35269568639716,35.0,0.7999999999999856,0,True
10.0,2.0,31.0,0.7,3030.0,32.35269568639716,35.0,0.7999999999999856,0,True
10.0,2.0,31.0,0.74,3030.0,32.35269568639716,35.0,0.7999999999999856,0,True
3.0,1.0,33.5,0.74,3040.0,33.50891063051456,970.0,0.7997222222222407,0,True
10.0,1.5,34.0,0.65,3040.0,34.53814315787564,90.0,0.7997222222222039,0,True
4.0,1.5,33.5,0.65,3045.0,33.522485880806165,435.0,0.7998611111110911,0,True
5.0,2.0,31.0,0.5,3045.0,32.34060962263361,75.0,0.7999999999999856,0,True
5.0,2.0,31.0,0.55,3045.0,32.34060962263361,75.0,0.7999999999999856,0,True
5.0,2.0,31.0,0.6,3045.0,32.34060962263361,75.0,0.7999999999999856,0,True
5.0,2.0,31.0,0.65,3045.0,32.34060962263361,75.0,0.7999999999999856,0,True
5.0,2.0,31.0,0.7,3045.0,32.34060962263361,75.0,0.7999999999999856,0,True
5.0,2.0,31.0,0.74,3045.0,32.34060962263361,75.0,0.7999999999999856,0,True
8.0,2.0,31.0,0.5,3045.0,32.34612617315817,40.0,0.7999999999999856,0,True
8.0,2.0,31.0,0.55,3045.0,32.34612617315817,40.0,0.7999999999999856,0,True
8.0,2.0,31.0,0.6,3045.0,32.34612617315817,40.0,0.7999999999999856,0,True
8.0,2.0,31.0,0.65,3045.0,32.34612617315817,40.0,0.7999999999999856,0,True
8.0,2.0,31.0,0.7,3045.0,32.34612617315817,40.0,0.7999999999999856,0,True
8.0,2.0,31.0,0.74,3045.0,32.34612617315817,40.0,0.7999999999999856,0,True
4.0,2.0,31.0,0.5,3050.0,32.337919567782414,105.0,0.799999999999986,0,True
4.0,2.0,31.0,0.55,3050.0,32.337919567782414,105.0,0.799999999999986,0,True
4.0,2.0,31.0,0.6,3050.0,32.337919567782414,105.0,0.799999999999986,0,True
4.0,2.0,31.0,0.65,3050.0,32.337919567782414,105.0,0.799999999999986,0,True
4.0,2.0,31.0,0.7,3050.0,32.337919567782414,105.0,0.799999999999986,0,True
4.0,2.0,31.0,0.74,3050.0,32.337919567782414,105.0,0.799999999999986,0,True
6.0,1.5,33.0,0.7,3050.0,33.056551397322984,155.0,0.7998611111110931,0,True
6.0,2.0,31.0,0.5,3050.0,32.34174102994311,55.0,0.7999999999999854,0,True
6.0,2.0,31.0,0.55,3050.0,32.34174102994311,55.0,0.7999999999999854,0,True
6.0,2.0,31.0,0.6,3050.0,32.34174102994311,55.0,0.7999999999999854,0,True
6.0,2.0,31.0,0.65,3050.0,32.34174102994311,55.0,0.7999999999999854,0,True
6.0,2.0,31.0,0.7,3050.0,32.34174102994311,55.0,0.7999999999999854,0,True
6.0,2.0,31.0,0.74,3050.0,32.34174102994311,55.0,0.7999999999999854,0,True
3.0,1.5,33.5,0.65,3055.0,33.509051541039625,970.0,0.799722222222209,0,True
4.0,1.0,33.5,0.74,3055.0,33.53081997963935,435.0,0.7997222222222324,0,True
5.0,1.5,33.5,0.65,3055.0,33.53869093192364,265.0,0.7998611111110923,0,True
3.0,2.0,31.0,0.5,3060.0,32.33510551201326,185.0,0.7999999999999868,0,True
3.0,2.0,31.0,0.55,3060.0,32.33510551201326,185.0,0.7999999999999868,0,True
3.0,2.0,31.0,0.6,3060.0,32.33510551201326,185.0,0.7999999999999868,0,True
3.0,2.0,31.0,0.65,3060.0,32.33510551201326,185.0,0.7999999999999868,0,True
3.0,2.0,31.0,0.7,3060.0,32.33510551201326,185.0,0.7999999999999868,0,True
3.0,2.0,31.0,0.74,3060.0,32.33510551201326,185.0,0.7999999999999868,0,True
8.0,1.0,34.0,0.74,3065.0,34.21223008771376,125.0,0.7997222222222421,0,True
10.0,2.0,30.5,0.5,3070.0,32.341195892766486,25.0,0.7999999999999854,0,True
10.0,2.0,30.5,0.55,3070.0,32.341195892766486,25.0,0.7999999999999854,0,True
10.0,2.0,30.5,0.6,3070.0,32.341195892766486,25.0,0.7999999999999854,0,True
10.0,2.0,30.5,0.65,3070.0,32.341195892766486,25.0,0.7999999999999854,0,True
10.0,2.0,30.5,0.7,3070.0,32.341195892766486,25.0,0.7999999999999854,0,True
10.0,2.0,30.5,0.74,3070.0,32.341195892766486,25.0,0.7999999999999854,0,True
3.0,1.5,32.5,0.74,3075.0,32.51545962044277,560.0,0.7997222222222086,0,True
6.0,1.5,33.5,0.65,3080.0,33.60041022602226,185.0,0.7998611111110917,0,True
8.0,2.0,30.5,0.5,3090.0,32.335947073270944,25.0,0.7999999999999853,0,True
8.0,2.0,30.5,0.55,3090.0,32.335947073270944,25.0,0.7999999999999853,0,True
8.0,2.0,30.5,0.6,3090.0,32.335947073270944,25.0,0.7999999999999853,0,True
8.0,2.0,30.5,0.65,3090.0,32.335947073270944,25.0,0.7999999999999853,0,True
8.0,2.0,30.5,0.7,3090.0,32.335947073270944,25.0,0.7999999999999853,0,True
8.0,2.0,30.5,0.74,3090.0,32.335947073270944,25.0,0.7999999999999853,0,True
5.0,2.0,30.5,0.5,3095.0,32.332382690108375,40.0,0.7997222222222075,0,True
5.0,2.0,30.5,0.55,3095.0,32.332382690108375,40.0,0.7997222222222075,0,True
5.0,2.0,30.5,0.6,3095.0,32.332382690108375,40.0,0.7997222222222075,0,True
5.0,2.0,30.5,0.65,3095.0,32.332382690108375,40.0,0.7997222222222075,0,True
5.0,2.0,30.5,0.7,3095.0,32.332382690108375,40.0,0.7997222222222075,0,True
5.0,2.0,30.5,0.74,3095.0,32.332382690108375,40.0,0.7997222222222075,0,True
8.0,1.5,33.0,0.7,3095.0,33.208433296593746,95.0,0.7998611111110941,0,True
4.0,2.0,30.5,0.5,3100.0,32.33133759272096,55.0,0.7999999999999854,0,True
4.0,2.0,30.5,0.55,3100.0,32.33133759272096,55.0,0.7999999999999854,0,True
4.0,2.0,30.5,0.6,3100.0,32.33133759272096,55.0,0.7999999999999854,0,True
4.0,2.0,30.5,0.65,3100.0,32.33133759272096,55.0,0.7999999999999854,0,True
4.0,2.0,30.5,0.7,3100.0,32.33133759272096,55.0,0.7999999999999854,0,True
4.0,2.0,30.5,0.74,3100.0,32.33133759272096,55.0,0.7999999999999854,0,True
6.0,2.0,30.5,0.5,3100.0,32.333013370566945,30.0,0.7999999999999852,0,True
6.0,2.0,30.5,0.55,3100.0,32.333013370566945,30.0,0.7999999999999852,0,True
6.0,2.0,30.5,0.6,3100.0,32.333013370566945,30.0,0.7999999999999852,0,True
6.0,2.0,30.5,0.65,3100.0,32.333013370566945,30.0,0.7999999999999852,0,True
6.0,2.0,30.5,0.7,3100.0,32.333013370566945,30.0,0.7999999999999852,0,True
6.0,2.0,30.5,0.74,3100.0,32.333013370566945,30.0,0.7999999999999852,0,True
3.0,2.0,30.5,0.5,3105.0,32.32956237681929,90.0,0.799722222222208,0,True
3.0,2.0,30.5,0.55,3105.0,32.32956237681929,90.0,0.799722222222208,0,True
3.0,2.0,30.5,0.6,3105.0,32.32956237681929,90.0,0.799722222222208,0,True
3.0,2.0,30.5,0.65,3105.0,32.32956237681929,90.0,0.799722222222208,0,True
3.0,2.0,30.5,0.7,3105.0,32.32956237681929,90.0,0.799722222222208,0,True
3.0,2.0,30.5,0.74,3105.0,32.32956237681929,90.0,0.799722222222208,0,True
10.0,1.0,34.0,0.74,3115.0,34.53814315787564,90.0,0.7997222222222423,0,True
4.0,1.5,32.5,0.74,3120.0,32.525524879853734,285.0,0.7997222222222039,0,True
8.0,1.5,33.5,0.65,3120.0,33.715045290209495,110.0,0.7995833333333142,0,True
10.0,1.5,33.0,0.7,3135.0,33.47958712650121,70.0,0.7998611111110935,0,True
5.0,1.5,32.5,0.74,3140.0,32.57500392483352,185.0,0.7997222222222032,0,True
6.0,1.5,32.5,0.74,3165.0,32.587465061681094,130.0,0.7998611111110921,0,True
10.0,1.5,33.5,0.65,3165.0,34.01217901952323,80.0,0.7998611111110914,0,True
4.0,1.5,34.0,0.6,3170.0,34.01896627785738,520.0,0.7998611111110865,0,True
3.0,1.5,33.0,0.65,3175.0,33.01237944268111,740.0,0.7997222222222063,0,True
5.0,1.0,33.5,0.74,3175.0,33.566252960358675,265.0,0.7997222222222422,0,True
5.0,1.5,34.0,0.6,3175.0,34.03981387811498,310.0,0.7997222222221997,0,True
4.0,1.5,33.0,0.65,3185.0,33.02239642039213,355.0,0.7998611111110898,0,True
3.0,1.5,32.5,0.7,3190.0,32.51545962044277,560.0,0.799722222222206,0,True
6.0,1.0,33.5,0.74,3190.0,33.60041022602226,185.0,0.7997222222222425,0,True
6.0,1.5,34.0,0.6,3190.0,34.03827648960644,210.0,0.7997222222221998,0,True
5.0,1.5,33.0,0.65,3200.0,33.068912598730826,225.0,0.799722222222201,0,True
8.0,1.5,32.5,0.74,3205.0,32.69221535637582,80.0,0.7997222222222039,0,True
6.0,1.5,33.0,0.65,3220.0,33.056551397322984,155.0,0.7995833333333116,0,True
4.0,1.5,32.5,0.7,3225.0,32.525524879853734,285.0,0.7995833333333127,0,True
8.0,1.5,34.0,0.6,3235.0,34.21223008771376,125.0,0.7995833333333108,0,True
5.0,1.5,32.5,0.7,3245.0,32.57500392483352,185.0,0.799583333333312,0,True
10.0,1.5,32.5,0.74,3245.0,32.94028396145783,60.0,0.7998611111110924,0,True
3.0,1.0,33.0,0.74,3250.0,33.01238094510652,740.0,0.799722222222243,0,True
4.0,1.5,33.5,0.6,3250.0,33.522485880806165,435.0,0.7997222222221977,0,True
8.0,1.0,33.5,0.74,3250.0,33.715045290209495,110.0,0.7997222222222439,0,True
4.0,1.0,33.0,0.74,3265.0,33.03358754068819,355.0,0.7997222222222389,0,True
5.0,1.5,33.5,0.6,3265.0,33.53869093192364,265.0,0.7995833333333098,0,True
8.0,1.5,33.0,0.65,3265.0,33.208433296593746,95.0,0.7995833333333126,0,True
6.0,1.5,32.5,0.7,3270.0,32.587465061681094,130.0,0.7997222222222009,0,True
10.0,1.5,34.0,0.6,3280.0,34.53814315787564,90.0,0.7997222222221986,0,True
6.0,1.5,33.5,0.6,3285.0,33.60041022602226,185.0,0.7997222222221982,0,True
4.0,1.0,34.0,0.7,3290.0,34.02749515193146,520.0,0.7997222222222351,0,True
3.0,1.5,33.5,0.6,3295.0,33.37529654274573,905.0,0.7997222222222037,0,True
3.0,1.5,34.0,0.6,3295.0,33.37529654274573,905.0,0.7997222222222037,0,True
8.0,1.5,32.5,0.7,3310.0,32.69221535637582,80.0,0.7995833333333127,0,True
10.0,1.0,33.5,0.74,3315.0,34.01217901952323,80.0,0.7997222222222433,0,True
10.0,1.5,33.0,0.65,3315.0,33.47958712650121,70.0,0.7998611111110895,0,True
3.0,1.0,34.0,0.7,3330.0,34.00582885023252,1300.0,0.7997222222222439,0,True
3.0,1.5,32.5,0.65,3335.0,32.51545962044277,560.0,0.7997222222222028,0,True
8.0,1.5,33.5,0.6,3335.0,33.715045290209495,110.0,0.7997222222221984,0,True
10.0,1.5,32.5,0.7,3350.0,32.94028396145783,60.0,0.7997222222222011,0,True
4.0,1.5,33.0,0.6,3355.0,33.02238283180361,355.0,0.7995833333333082,0,True
3.0,1.5,33.0,0.6,3360.0,33.01237944268111,740.0,0.7997222222222022,0,True
4.0,1.5,32.5,0.65,3360.0,32.52552443066738,285.0,0.7997222222221986,0,True
5.0,1.0,33.0,0.74,3365.0,33.07225539497995,225.0,0.7997222222222443,0,True
6.0,1.0,33.0,0.74,3370.0,33.072274188215,155.0,0.7997222222222443,0,True
10.0,1.5,33.5,0.6,3375.0,34.01217901952323,80.0,0.7995833333333089,0,True
5.0,1.5,32.5,0.65,3380.0,32.57500392483352,185.0,0.7997222222221979,0,True
5.0,1.5,33.0,0.6,3380.0,33.068912598730826,225.0,0.799722222222197,0,True
5.0,1.0,34.0,0.7,3385.0,34.06027617116599,310.0,0.7997222222222445,0,True
3.0,1.5,32.0,0.74,3390.0,32.01802964414675,415.0,0.7997222222222016,0,True
6.0,1.5,33.0,0.6,3400.0,33.056551397322984,155.0,0.7995833333333076,0,True
6.0,1.5,32.5,0.65,3410.0,32.587465061681094,130.0,0.7997222222221978,0,True
5.0,1.5,34.0,0.55,3415.0,34.03981387811498,310.0,0.7997222222221944,0,True
6.0,1.0,34.0,0.7,3415.0,34.06026768385281,210.0,0.7997222222222453,0,True
4.0,1.5,32.0,0.74,3430.0,32.02873404494222,220.0,0.7998611111110874,0,True
6.0,1.5,34.0,0.55,3430.0,34.03827648960644,210.0,0.7997222222221945,0,True
4.0,1.5,34.0,0.55,3445.0,33.64410290893024,455.0,0.7998611111110818,0,True
8.0,1.0,33.0,0.74,3445.0,33.208433296593746,95.0,0.7997222222222451,0,True
8.0,1.0,34.0,0.7,3445.0,34.21223008771376,125.0,0.7997222222222463,0,True
8.0,1.5,33.0,0.6,3445.0,33.208433296593746,95.0,0.7995833333333086,0,True
3.0,1.0,33.5,0.7,3450.0,33.50889464943479,970.0,0.7997222222222452,0,True
8.0,1.5,32.5,0.65,3450.0,32.69221535637582,80.0,0.7995833333333096,0,True
4.0,1.0,33.5,0.7,3455.0,33.53081997963935,435.0,0.7997222222222381,0,True
5.0,1.5,32.0,0.74,3460.0,32.05572544620926,145.0,0.7997222222221981,0,True
3.0,1.5,32.0,0.7,3465.0,32.0180217750532,415.0,0.7997222222221999,0,True
4.0,1.5,33.5,0.55,3465.0,33.522485880806165,435.0,0.7998611111110818,0,True
3.0,1.5,32.5,0.6,3475.0,32.51535092348014,560.0,0.7997222222221997,0,True
8.0,1.5,34.0,0.55,3475.0,34.21223008771376,125.0,0.7995833333333054,0,True
5.0,1.5,33.5,0.55,3480.0,33.53869093192364,265.0,0.7997222222221939,0,True
6.0,1.5,32.0,0.74,3480.0,32.1051379309253,105.0,0.799861111111087,0,True
10.0,1.5,32.5,0.65,3485.0,32.94028396145783,60.0,0.799861111111087,0,True
10.0,1.5,33.0,0.6,3485.0,33.47958712650121,70.0,0.7995833333333079,0,True
4.0,1.5,32.0,0.7,3495.0,32.02873404494222,220.0,0.799722222222197,0,True
4.0,1.5,32.5,0.6,3495.0,32.525523448178426,285.0,0.7998611111110845,0,True
10.0,1.0,33.0,0.74,3495.0,33.47958712650121,70.0,0.7997222222222446,0,True
6.0,1.5,33.5,0.55,3500.0,33.60041022602226,185.0,0.7998611111110824,0,True
10.0,1.0,34.0,0.7,3505.0,34.53814315787564,90.0,0.7997222222222466,0,True
8.0,1.5,32.0,0.74,3515.0,32.167494408431246,65.0,0.7995833333333098,0,True
5.0,1.5,32.0,0.7,3520.0,32.05572544620926,145.0,0.7997222222221968,0,True
5.0,1.5,32.5,0.6,3520.0,32.57500392483352,185.0,0.7997222222221948,0,True
10.0,1.5,34.0,0.55,3520.0,34.53814315787564,90.0,0.7997222222221932,0,True
3.0,1.0,32.5,0.74,3530.0,32.51550450923824,560.0,0.7997222222222461,0,True
4.0,1.5,33.0,0.55,3530.0,33.022340947977554,355.0,0.7997222222221932,0,True
5.0,1.0,33.5,0.7,3535.0,33.566252960358675,265.0,0.7997222222222462,0,True
8.0,1.5,33.5,0.55,3540.0,33.715045290209495,110.0,0.7995833333333049,0,True
4.0,1.0,32.5,0.74,3545.0,32.51550035776095,285.0,0.7997222222222456,0,True
6.0,1.5,32.0,0.7,3545.0,32.1051379309253,105.0,0.7997222222221967,0,True
6.0,1.5,32.5,0.6,3545.0,32.587465061681094,130.0,0.7998611111110837,0,True
10.0,1.5,32.0,0.74,3545.0,32.39418495462638,50.0,0.7995833333333093,0,True
3.0,1.5,32.0,0.65,3550.0,32.01800777621733,415.0,0.799722222222198,0,True
5.0,1.5,33.0,0.55,3555.0,33.068912598730826,225.0,0.799861111111082,0,True
5.0,1.0,32.5,0.74,3575.0,32.57500392483352,185.0,0.7997222222222466,0,True
6.0,1.5,33.0,0.55,3575.0,33.056551397322984,155.0,0.7997222222221926,0,True
4.0,1.5,32.0,0.65,3580.0,32.02872339106408,220.0,0.7995833333333062,0,True
6.0,1.0,33.5,0.7,3580.0,33.60041022602226,185.0,0.7997222222222469,0,True
8.0,1.5,32.0,0.7,3585.0,32.167494408431246,65.0,0.799861111111086,0,True
8.0,1.5,32.5,0.6,3585.0,32.69221535637582,80.0,0.7997222222221955,0,True
10.0,1.5,33.5,0.55,3585.0,34.01217901952323,80.0,0.799861111111082,0,True
3.0,1.5,33.0,0.55,3595.0,32.6408946746424,605.0,0.799722222222197,0,True
3.0,1.5,33.5,0.55,3595.0,32.6408946746424,605.0,0.799722222222197,0,True
3.0,1.5,34.0,0.55,3595.0,32.6408946746424,605.0,0.799722222222197,0,True
5.0,1.5,32.0,0.65,3605.0,32.05572544620926,145.0,0.799583333333306,0,True
6.0,1.0,32.5,0.74,3605.0,32.587465061681094,130.0,0.7997222222222462,0,True
10.0,1.5,32.0,0.7,3615.0,32.39418495462638,50.0,0.7998611111110856,0,True
10.0,1.5,32.5,0.6,3615.0,32.94028396145783,60.0,0.7995833333333063,0,True
3.0,1.0,33.0,0.7,3620.0,33.01233631699293,740.0,0.7997222222222471,0,True
3.0,1.5,32.5,0.55,3620.0,32.514879942790515,560.0,0.7997222222221965,0,True
8.0,1.5,33.0,0.55,3620.0,33.208433296593746,95.0,0.7997222222221936,0,True
4.0,1.5,32.5,0.55,3625.0,32.525523448178426,285.0,0.7995833333333038,0,True
6.0,1.5,32.0,0.65,3630.0,32.1051379309253,105.0,0.7995833333333059,0,True
3.0,1.5,32.0,0.6,3640.0,32.01798287278938,415.0,0.799722222222196,0,True
8.0,1.0,33.5,0.7,3640.0,33.715045290209495,110.0,0.7997222222222482,0,True
4.0,1.0,33.0,0.7,3645.0,33.03358754068819,355.0,0.7997222222222437,0,True
8.0,1.0,32.5,0.74,3650.0,32.69221535637582,80.0,0.7997222222222466,0,True
5.0,1.5,32.5,0.55,3655.0,32.57500392483352,185.0,0.7998611111110807,0,True
4.0,1.5,32.0,0.6,3660.0,32.02870023367361,220.0,0.7995833333333044,0,True
10.0,1.5,33.0,0.55,3660.0,33.47958712650121,70.0,0.7997222222221929,0,True
8.0,1.5,32.0,0.65,3670.0,32.167494408431246,65.0,0.7997222222221952,0,True
6.0,1.5,32.5,0.55,3675.0,32.587465061681094,130.0,0.799583333333303,0,True
5.0,1.5,32.0,0.6,3685.0,32.05572544620926,145.0,0.7995833333333042,0,True
8.0,1.5,34.0,0.5,3690.0,34.04753839169945,120.0,0.7995833333333009,0,True
10.0,1.0,33.5,0.7,3695.0,34.01217901952323,80.0,0.7997222222222475,0,True
10.0,1.5,32.0,0.65,3700.0,32.39418495462638,50.0,0.7997222222221948,0,True
10.0,1.0,32.5,0.74,3705.0,32.94028396145783,60.0,0.7997222222222463,0,True
10.0,1.5,34.0,0.5,3705.0,34.53814315787564,90.0,0.7995833333333002,0,True
6.0,1.5,32.0,0.6,3710.0,32.1051379309253,105.0,0.7995833333333041,0,True
8.0,1.5,32.5,0.55,3720.0,32.69221535637582,80.0,0.7998611111110814,0,True
5.0,1.0,33.0,0.7,3725.0,33.07222746049673,225.0,0.7997222222222483,0,True
6.0,1.5,33.5,0.5,3725.0,33.14861927373634,160.0,0.7995833333333001,0,True
6.0,1.5,34.0,0.5,3725.0,33.14861927373634,160.0,0.7995833333333001,0,True
3.0,1.5,32.0,0.55,3730.0,32.01792289906627,415.0,0.799722222222194,0,True
8.0,1.5,33.5,0.5,3735.0,33.715045290209495,110.0,0.7997222222221895,0,True
6.0,1.0,33.0,0.7,3740.0,33.07224204536769,155.0,0.7997222222222484,0,True
6.0,1.5,33.0,0.5,3740.0,33.056551397322984,155.0,0.7995833333333,0,True
4.0,1.5,32.0,0.55,3750.0,32.028649898506764,220.0,0.7998611111110803,0,True
8.0,1.5,32.0,0.6,3750.0,32.167494408431246,65.0,0.7997222222221935,0,True
10.0,1.5,32.5,0.55,3750.0,32.94028396145783,60.0,0.7997222222221922,0,True
10.0,1.5,33.5,0.5,3765.0,34.01217901952323,80.0,0.799861111111078,0,True
5.0,1.5,32.0,0.55,3775.0,32.05572544620926,145.0,0.79986111111108,0,True
5.0,1.5,32.5,0.5,3775.0,32.57500392483352,185.0,0.799861111111078,0,True
5.0,1.5,33.0,0.5,3775.0,32.57500392483352,185.0,0.799861111111078,0,True
5.0,1.5,33.5,0.5,3775.0,32.57500392483352,185.0,0.799861111111078,0,True
5.0,1.5,34.0,0.5,3775.0,32.57500392483352,185.0,0.799861111111078,0,True
10.0,1.5,32.0,0.6,3780.0,32.39418495462638,50.0,0.799722222222193,0,True
6.0,1.5,32.0,0.55,3800.0,32.1051379309253,105.0,0.7998611111110799,0,True
8.0,1.5,33.0,0.5,3800.0,33.208433296593746,95.0,0.7997222222221896,0,True
8.0,1.0,33.0,0.7,3805.0,33.208433296593746,95.0,0.7997222222222491,0,True
3.0,1.5,31.5,0.74,3810.0,31.521718041070912,290.0,0.7997222222221926,0,True
6.0,1.5,32.5,0.5,3810.0,32.587465061681094,130.0,0.7997222222221889,0,True
4.0,1.0,34.0,0.65,3820.0,34.02741355837133,520.0,0.7997222222222429,0,True
4.0,1.5,32.5,0.5,3820.0,32.08522094348487,230.0,0.7998611111110785,0,True
4.0,1.5,33.0,0.5,3820.0,32.08522094348487,230.0,0.7998611111110785,0,True
4.0,1.5,33.5,0.5,3820.0,32.08522094348487,230.0,0.7998611111110785,0,True
4.0,1.5,34.0,0.5,3820.0,32.08522094348487,230.0,0.7998611111110785,0,True
10.0,1.5,33.0,0.5,3820.0,33.47958712650121,70.0,0.7997222222221894,0,True
3.0,1.5,31.5,0.7,3825.0,31.521718041070912,290.0,0.7997222222221922,0,True
4.0,1.5,31.5,0.74,3830.0,31.53187908158724,160.0,0.7998611111110808,0,True
4.0,1.5,32.0,0.5,3830.0,32.026615706494205,220.0,0.7998611111110785,0,True
8.0,1.5,32.0,0.55,3835.0,32.167494408431246,65.0,0.7995833333333027,0,True
3.0,1.5,31.5,0.65,3845.0,31.52171363163273,290.0,0.7997222222221918,0,True
4.0,1.5,31.5,0.7,3850.0,31.53187393330944,160.0,0.7998611111110804,0,True
8.0,1.5,32.5,0.5,3850.0,32.69221535637582,80.0,0.7995833333333007,0,True
5.0,1.5,31.5,0.74,3855.0,31.579522802288903,110.0,0.7997222222221917,0,True
10.0,1.0,33.0,0.7,3855.0,33.47958712650121,70.0,0.7997222222222486,0,True
5.0,1.5,32.0,0.5,3860.0,32.05572544620926,145.0,0.7997222222221892,0,True
3.0,1.5,31.5,0.6,3865.0,31.52171363163273,290.0,0.7997222222221914,0,True
10.0,1.5,32.0,0.55,3865.0,32.39418495462638,50.0,0.7995833333333022,0,True
3.0,1.0,32.5,0.7,3870.0,32.51548667515998,560.0,0.7997222222222499,0,True
4.0,1.5,31.5,0.65,3870.0,31.53186034581626,160.0,0.7998611111110799,0,True
5.0,1.5,31.5,0.7,3870.0,31.579522802288903,110.0,0.7998611111110803,0,True
6.0,1.5,31.5,0.74,3875.0,31.60885920157946,80.0,0.7998611111110804,0,True
10.0,1.5,32.5,0.5,3875.0,32.94028396145783,60.0,0.7995833333333006,0,True
6.0,1.5,32.0,0.5,3880.0,32.1051379309253,105.0,0.7998611111110782,0,True
3.0,1.5,31.5,0.55,3885.0,31.521698775363287,290.0,0.7997222222221909,0,True
4.0,1.0,32.5,0.7,3885.0,32.51550035776095,285.0,0.7997222222222494,0,True
3.0,1.0,34.0,0.65,3890.0,33.87970370411299,1205.0,0.7997222222222501,0,True
4.0,1.5,31.5,0.6,3890.0,31.53182448528609,160.0,0.7998611111110795,0,True
5.0,1.5,31.5,0.65,3890.0,31.579522802288903,110.0,0.7998611111110798,0,True
3.0,1.5,32.0,0.5,3895.0,31.57162733432219,305.0,0.7997222222221904,0,True
3.0,1.5,32.5,0.5,3895.0,31.57162733432219,305.0,0.7997222222221904,0,True
3.0,1.5,33.0,0.5,3895.0,31.57162733432219,305.0,0.7997222222221904,0,True
3.0,1.5,33.5,0.5,3895.0,31.57162733432219,305.0,0.7997222222221904,0,True
3.0,1.5,34.0,0.5,3895.0,31.57162733432219,305.0,0.7997222222221904,0,True
5.0,1.0,34.0,0.65,3895.0,34.060145941709294,310.0,0.7997222222222502,0,True
6.0,1.5,31.5,0.7,3895.0,31.60885920157946,80.0,0.7998611111110799,0,True
8.0,1.5,31.5,0.74,3900.0,31.81351766680512,55.0,0.7997222222221915,0,True
3.0,1.0,32.0,0.74,3910.0,32.018628563313285,415.0,0.7997222222222503,0,True
3.0,1.5,31.5,0.5,3910.0,31.506888192981453,290.0,0.7997222222221904,0,True
4.0,1.5,31.5,0.55,3910.0,31.53182448528609,160.0,0.799861111111079,0,True
5.0,1.5,31.5,0.6,3910.0,31.579522802288903,110.0,0.7998611111110794,0,True
5.0,1.0,32.5,0.7,3915.0,32.57500392483352,185.0,0.7997222222222504,0,True
6.0,1.5,31.5,0.65,3915.0,31.60885920157946,80.0,0.7998611111110795,0,True
8.0,1.5,31.5,0.7,3915.0,31.81351766680512,55.0,0.79986111111108,0,True
8.0,1.5,32.0,0.5,3915.0,32.167494408431246,65.0,0.7995833333333009,0,True
10.0,1.5,31.5,0.74,3915.0,31.844518115551,40.0,0.7995833333333026,0,True
6.0,1.0,34.0,0.65,3925.0,34.06011587745695,210.0,0.799722222222251,0,True
4.0,0.5,34.0,0.74,3930.0,34.02758985156947,520.0,0.7995833333333351,0,True
4.0,1.5,31.5,0.5,3930.0,31.531504383439724,160.0,0.7998611111110786,0,True
5.0,1.5,31.5,0.55,3930.0,31.579522802288903,110.0,0.7998611111110789,0,True
10.0,1.5,31.5,0.7,3930.0,31.844518115551,40.0,0.7997222222221911,0,True
6.0,1.5,31.5,0.6,3935.0,31.60885920157946,80.0,0.799861111111079,0,True
8.0,1.5,31.5,0.65,3935.0,31.81351766680512,55.0,0.7998611111110796,0,True
10.0,1.5,32.0,0.5,3935.0,32.39418495462638,50.0,0.7998611111110785,0,True
4.0,1.0,32.0,0.74,3940.0,32.01858356775076,220.0,0.7997222222222505,0,True
3.0,0.5,34.0,0.74,3945.0,34.005846318321844,1300.0,0.7995833333333501,0,True
4.0,1.0,33.5,0.65,3945.0,33.53070855475156,435.0,0.7997222222222451,0,True
6.0,1.0,32.5,0.7,3945.0,32.587465061681094,130.0,0.79972222222225,0,True
5.0,1.5,31.5,0.5,3950.0,31.579522802288903,110.0,0.7998611111110785,0,True
10.0,1.5,31.5,0.65,3950.0,31.844518115551,40.0,0.7997222222221907,0,True
6.0,1.5,31.5,0.55,3955.0,31.60885920157946,80.0,0.7998611111110786,0,True
8.0,1.5,31.5,0.6,3955.0,31.81351766680512,55.0,0.7998611111110792,0,True
3.0,1.0,33.5,0.65,3960.0,33.508872379231235,970.0,0.7997222222222509,0,True
6.0,1.5,31.5,0.5,3965.0,31.60885920157946,80.0,0.7995833333333006,0,True
10.0,1.5,31.5,0.6,3970.0,31.844518115551,40.0,0.7997222222221902,0,True
5.0,1.0,32.0,0.74,3975.0,32.05572544620926,145.0,0.7997222222222501,0,True
8.0,1.5,31.5,0.5,3975.0,31.81351766680512,55.0,0.7998611111110787,0,True
8.0,1.5,31.5,0.55,3975.0,31.81351766680512,55.0,0.7998611111110787,0,True
8.0,1.0,34.0,0.65,3985.0,34.21223008771376,125.0,0.7997222222222523,0,True
8.0,1.0,32.5,0.7,3990.0,32.69221535637582,80.0,0.7997222222222504,0,True
10.0,1.5,31.5,0.5,3990.0,31.844518115551,40.0,0.7997222222221898,0,True
10.0,1.5,31.5,0.55,3990.0,31.844518115551,40.0,0.7997222222221898,0,True
6.0,1.0,32.0,0.74,4010.0,32.1051379309253,105.0,0.7997222222222498,0,True
3.0,1.5,31.0,0.5,4015.0,31.377095735905733,185.0,0.7997222222221904,0,True
3.0,1.5,31.0,0.55,4015.0,31.377095735905733,185.0,0.7997222222221904,0,True
3.0,1.5,31.0,0.6,4015.0,31.377095735905733,185.0,0.7997222222221904,0,True
3.0,1.5,31.0,0.65,4015.0,31.377095735905733,185.0,0.7997222222221904,0,True
3.0,1.5,31.0,0.7,4015.0,31.377095735905733,185.0,0.7997222222221904,0,True
3.0,1.5,31.0,0.74,4015.0,31.377095735905733,185.0,0.7997222222221904,0,True
10.0,1.5,31.0,0.5,4020.0,31.567162294656423,35.0,0.7998611111110787,0,True
10.0,1.5,31.0,0.55,4020.0,31.567162294656423,35.0,0.7998611111110787,0,True
10.0,1.5,31.0,0.6,4020.0,31.567162294656423,35.0,0.7998611111110787,0,True
10.0,1.5,31.0,0.65,4020.0,31.567162294656423,35.0,0.7998611111110787,0,True
10.0,1.5,31.0,0.7,4020.0,31.567162294656423,35.0,0.7998611111110787,0,True
10.0,1.5,31.0,0.74,4020.0,31.567162294656423,35.0,0.7998611111110787,0,True
4.0,1.5,31.0,0.5,4025.0,31.377374899832468,105.0,0.799583333333301,0,True
4.0,1.5,31.0,0.55,4025.0,31.377374899832468,105.0,0.799583333333301,0,True
4.0,1.5,31.0,0.6,4025.0,31.377374899832468,105.0,0.799583333333301,0,True
4.0,1.5,31.0,0.65,4025.0,31.377374899832468,105.0,0.799583333333301,0,True
4.0,1.5,31.0,0.7,4025.0,31.377374899832468,105.0,0.799583333333301,0,True
4.0,1.5,31.0,0.74,4025.0,31.377374899832468,105.0,0.799583333333301,0,True
5.0,1.5,31.0,0.5,4030.0,31.3779679444786,75.0,0.7997222222221898,0,True
5.0,1.5,31.0,0.55,4030.0,31.3779679444786,75.0,0.7997222222221898,0,True
5.0,1.5,31.0,0.6,4030.0,31.3779679444786,75.0,0.7997222222221898,0,True
5.0,1.5,31.0,0.65,4030.0,31.3779679444786,75.0,0.7997222222221898,0,True
5.0,1.5,31.0,0.7,4030.0,31.3779679444786,75.0,0.7997222222221898,0,True
5.0,1.5,31.0,0.74,4030.0,31.3779679444786,75.0,0.7997222222221898,0,True
5.0,1.0,33.5,0.65,4035.0,33.56623562341921,265.0,0.7997222222222518,0,True
10.0,1.0,32.5,0.7,4035.0,32.94028396145783,60.0,0.79972222222225,0,True
10.0,1.0,34.0,0.65,4035.0,34.53814315787564,90.0,0.7997222222222525,0,True
6.0,1.5,31.0,0.5,4040.0,31.37813532996289,55.0,0.7995833333333009,0,True
6.0,1.5,31.0,0.55,4040.0,31.37813532996289,55.0,0.7995833333333009,0,True
6.0,1.5,31.0,0.6,4040.0,31.37813532996289,55.0,0.7995833333333009,0,True
6.0,1.5,31.0,0.65,4040.0,31.37813532996289,55.0,0.7995833333333009,0,True
6.0,1.5,31.0,0.7,4040.0,31.37813532996289,55.0,0.7995833333333009,0,True
6.0,1.5,31.0,0.74,4040.0,31.37813532996289,55.0,0.7995833333333009,0,True
8.0,1.5,31.0,0.5,4040.0,31.37936654145049,40.0,0.7998611111110788,0,True
8.0,1.5,31.0,0.55,4040.0,31.37936654145049,40.0,0.7998611111110788,0,True
8.0,1.5,31.0,0.6,4040.0,31.37936654145049,40.0,0.7998611111110788,0,True
8.0,1.5,31.0,0.65,4040.0,31.37936654145049,40.0,0.7998611111110788,0,True
8.0,1.5,31.0,0.7,4040.0,31.37936654145049,40.0,0.7998611111110788,0,True
8.0,1.5,31.0,0.74,4040.0,31.37936654145049,40.0,0.7998611111110788,0,True
5.0,0.5,34.0,0.74,4045.0,34.03981387811498,310.0,0.7995833333333423,0,True
6.0,0.5,34.0,0.74,4045.0,34.03827648960644,210.0,0.7995833333333422,0,True
6.0,1.0,33.5,0.65,4050.0,33.60041022602226,185.0,0.7997222222222521,0,True
8.0,1.0,32.0,0.74,4055.0,32.167494408431246,65.0,0.7997222222222501,0,True
10.0,1.5,30.5,0.5,4075.0,31.37768906876448,25.0,0.79972222222219,0,True
10.0,1.5,30.5,0.55,4075.0,31.37768906876448,25.0,0.79972222222219,0,True
10.0,1.5,30.5,0.6,4075.0,31.37768906876448,25.0,0.79972222222219,0,True
10.0,1.5,30.5,0.65,4075.0,31.37768906876448,25.0,0.79972222222219,0,True
10.0,1.5,30.5,0.7,4075.0,31.37768906876448,25.0,0.79972222222219,0,True
10.0,1.5,30.5,0.74,4075.0,31.37768906876448,25.0,0.79972222222219,0,True
8.0,0.5,34.0,0.74,4085.0,34.21223008771376,125.0,0.7995833333333426,0,True
3.0,1.0,33.0,0.65,4090.0,33.012274126127906,740.0,0.7997222222222523,0,True
10.0,1.0,32.0,0.74,4095.0,32.39418495462638,50.0,0.7997222222222496,0,True
3.0,0.5,33.5,0.74,4100.0,33.50891063051456,970.0,0.7995833333333517,0,True
4.0,1.0,33.0,0.65,4105.0,33.03358754068819,355.0,0.7997222222222494,0,True
8.0,1.5,30.5,0.5,4105.0,31.376052191516514,25.0,0.7998611111110789,0,True
8.0,1.5,30.5,0.55,4105.0,31.376052191516514,25.0,0.7998611111110789,0,True
8.0,1.5,30.5,0.6,4105.0,31.376052191516514,25.0,0.7998611111110789,0,True
8.0,1.5,30.5,0.65,4105.0,31.376052191516514,25.0,0.7998611111110789,0,True
8.0,1.5,30.5,0.7,4105.0,31.376052191516514,25.0,0.7998611111110789,0,True
8.0,1.5,30.5,0.74,4105.0,31.376052191516514,25.0,0.7998611111110789,0,True
3.0,1.5,30.5,0.5,4110.0,31.37446462972748,90.0,0.7997222222221904,0,True
3.0,1.5,30.5,0.55,4110.0,31.37446462972748,90.0,0.7997222222221904,0,True
3.0,1.5,30.5,0.6,4110.0,31.37446462972748,90.0,0.7997222222221904,0,True
3.0,1.5,30.5,0.65,4110.0,31.37446462972748,90.0,0.7997222222221904,0,True
3.0,1.5,30.5,0.7,4110.0,31.37446462972748,90.0,0.7997222222221904,0,True
3.0,1.5,30.5,0.74,4110.0,31.37446462972748,90.0,0.7997222222221904,0,True
4.0,1.5,30.5,0.5,4110.0,31.37480299831806,55.0,0.7997222222221901,0,True
4.0,1.5,30.5,0.55,4110.0,31.37480299831806,55.0,0.7997222222221901,0,True
4.0,1.5,30.5,0.6,4110.0,31.37480299831806,55.0,0.7997222222221901,0,True
4.0,1.5,30.5,0.65,4110.0,31.37480299831806,55.0,0.7997222222221901,0,True
4.0,1.5,30.5,0.7,4110.0,31.37480299831806,55.0,0.7997222222221901,0,True
4.0,1.5,30.5,0.74,4110.0,31.37480299831806,55.0,0.7997222222221901,0,True
5.0,1.5,30.5,0.5,4110.0,31.37505222606947,40.0,0.7995833333333012,0,True
5.0,1.5,30.5,0.55,4110.0,31.37505222606947,40.0,0.7995833333333012,0,True
5.0,1.5,30.5,0.6,4110.0,31.37505222606947,40.0,0.7995833333333012,0,True
5.0,1.5,30.5,0.65,4110.0,31.37505222606947,40.0,0.7995833333333012,0,True
5.0,1.5,30.5,0.7,4110.0,31.37505222606947,40.0,0.7995833333333012,0,True
5.0,1.5,30.5,0.74,4110.0,31.37505222606947,40.0,0.7995833333333012,0,True
8.0,1.0,33.5,0.65,4110.0,33.715045290209495,110.0,0.7997222222222534,0,True
6.0,1.5,30.5,0.5,4115.0,31.37515316697852,30.0,0.7995833333333011,0,True
6.0,1.5,30.5,0.55,4115.0,31.37515316697852,30.0,0.7995833333333011,0,True
6.0,1.5,30.5,0.6,4115.0,31.37515316697852,30.0,0.7995833333333011,0,True
6.0,1.5,30.5,0.65,4115.0,31.37515316697852,30.0,0.7995833333333011,0,True
6.0,1.5,30.5,0.7,4115.0,31.37515316697852,30.0,0.7995833333333011,0,True
6.0,1.5,30.5,0.74,4115.0,31.37515316697852,30.0,0.7995833333333011,0,True
4.0,0.5,33.5,0.74,4165.0,33.530822784962155,435.0,0.7995833333333371,0,True
5.0,1.0,33.0,0.65,4175.0,33.07215995288912,225.0,0.7997222222222533,0,True
10.0,0.5,34.0,0.74,4175.0,34.53814315787564,90.0,0.7995833333333426,0,True
10.0,1.0,33.5,0.65,4175.0,34.01217901952323,80.0,0.7997222222222529,0,True
6.0,1.0,33.0,0.65,4190.0,33.07218557597219,155.0,0.7997222222222534,0,True
3.0,1.0,32.0,0.7,4200.0,32.018628563313285,415.0,0.7997222222222535,0,True
4.0,1.0,32.0,0.7,4220.0,32.01858356775076,220.0,0.7997222222222536,0,True
5.0,0.5,33.5,0.74,4230.0,33.543706909939665,265.0,0.7995833333333431,0,True
5.0,1.0,32.0,0.7,4255.0,32.05572544620926,145.0,0.7997222222222532,0,True
8.0,1.0,33.0,0.65,4255.0,33.208433296593746,95.0,0.7997222222222541,0,True
3.0,1.0,32.5,0.65,4280.0,32.51548667515998,560.0,0.7997222222222544,0,True
6.0,0.5,33.5,0.74,4280.0,33.60041022602226,185.0,0.7995833333333431,0,True
6.0,1.0,32.0,0.7,4290.0,32.1051379309253,105.0,0.7997222222222529,0,True
4.0,1.0,32.5,0.65,4305.0,32.51550035776095,285.0,0.7997222222222541,0,True
10.0,1.0,33.0,0.65,4305.0,33.47958712650121,70.0,0.7997222222222536,0,True
3.0,0.5,33.0,0.74,4315.0,33.01238094510652,740.0,0.7995833333333541,0,True
5.0,1.0,32.5,0.65,4335.0,32.57500392483352,185.0,0.7997222222222551,0,True
8.0,1.0,32.0,0.7,4335.0,32.167494408431246,65.0,0.7997222222222532,0,True
8.0,0.5,33.5,0.74,4350.0,33.715045290209495,110.0,0.7995833333333439,0,True
6.0,1.0,32.5,0.65,4355.0,32.587465061681094,130.0,0.7997222222222545,0,True
4.0,1.0,34.0,0.6,4360.0,34.02603289858644,520.0,0.7997222222222508,0,True
4.0,0.5,33.0,0.74,4365.0,33.02134228866572,355.0,0.7995833333333393,0,True
10.0,1.0,32.0,0.7,4375.0,32.39418495462638,50.0,0.7997222222222528,0,True
10.0,0.5,33.5,0.74,4385.0,34.01217901952323,80.0,0.7995833333333437,0,True
5.0,1.0,34.0,0.6,4395.0,34.060145941709294,310.0,0.7997222222222558,0,True
8.0,1.0,32.5,0.65,4410.0,32.69221535637582,80.0,0.7997222222222551,0,True
6.0,1.0,34.0,0.6,4425.0,34.06011587745695,210.0,0.7997222222222565,0,True
3.0,1.0,31.5,0.74,4440.0,31.521752419071262,290.0,0.7997222222222561,0,True
4.0,1.0,33.5,0.6,4455.0,33.53070855475156,435.0,0.7997222222222524,0,True
10.0,1.0,32.5,0.65,4455.0,32.94028396145783,60.0,0.7997222222222546,0,True
4.0,1.0,31.5,0.74,4480.0,31.52175255737841,160.0,0.7997222222222551,0,True
8.0,1.0,34.0,0.6,4485.0,34.21223008771376,125.0,0.7997222222222579,0,True
3.0,1.0,33.5,0.6,4490.0,33.37529654274573,905.0,0.7997222222222568,0,True
3.0,1.0,34.0,0.6,4490.0,33.37529654274573,905.0,0.7997222222222568,0,True
5.0,1.0,31.5,0.74,4515.0,31.579522802288903,110.0,0.7997222222222545,0,True
5.0,1.0,33.5,0.6,4515.0,33.56621841448157,265.0,0.7997222222222571,0,True
6.0,1.0,33.5,0.6,4530.0,33.60041022602226,185.0,0.7997222222222574,0,True
6.0,1.0,31.5,0.74,4535.0,31.60885920157946,80.0,0.7997222222222542,0,True
10.0,1.0,34.0,0.6,4545.0,34.53814315787564,90.0,0.7997222222222582,0,True
3.0,1.0,32.0,0.65,4550.0,32.018628563313285,415.0,0.7997222222222574,0,True
5.0,0.5,33.0,0.74,4550.0,33.068912598730826,225.0,0.7995833333333446,0,True
3.0,1.0,33.0,0.6,4570.0,33.01206668992421,740.0,0.7997222222222576,0,True
4.0,1.0,33.0,0.6,4575.0,33.03358754068819,355.0,0.7997222222222553,0,True
4.0,1.0,32.0,0.65,4580.0,32.01858356775076,220.0,0.7997222222222576,0,True
8.0,1.0,33.5,0.6,4580.0,33.715045290209495,110.0,0.7997222222222586,0,True
8.0,1.0,31.5,0.74,4585.0,31.81351766680512,55.0,0.7997222222222543,0,True
6.0,0.5,33.0,0.74,4590.0,33.056551397322984,155.0,0.7995833333333444,0,True
8.0,0.5,33.0,0.74,4595.0,33.208433296593746,95.0,0.7995833333333451,0,True
5.0,1.0,32.0,0.65,4605.0,32.05572544620926,145.0,0.7997222222222571,0,True
10.0,1.0,31.5,0.74,4615.0,31.844518115551,40.0,0.7997222222222541,0,True
3.0,0.5,32.5,0.74,4620.0,32.5155144935379,560.0,0.7995833333333543,0,True
5.0,1.0,33.0,0.6,4625.0,33.07204135375698,225.0,0.7997222222222583,0,True
6.0,1.0,32.0,0.65,4640.0,32.1051379309253,105.0,0.7997222222222568,0,True
6.0,1.0,33.0,0.6,4640.0,33.072086369060024,155.0,0.7997222222222584,0,True
10.0,1.0,33.5,0.6,4645.0,34.01217901952323,80.0,0.7997222222222581,0,True
3.0,1.0,31.5,0.7,4650.0,31.521752419071262,290.0,0.7997222222222584,0,True
8.0,1.0,32.0,0.65,4685.0,32.167494408431246,65.0,0.7997222222222571,0,True
4.0,1.0,31.5,0.7,4690.0,31.52175255737841,160.0,0.7997222222222574,0,True
10.0,0.5,33.0,0.74,4695.0,33.47958712650121,70.0,0.7995833333333453,0,True
3.0,1.0,32.5,0.6,4700.0,32.51548667515998,560.0,0.7997222222222591,0,True
8.0,1.0,33.0,0.6,4705.0,33.208433296593746,95.0,0.7997222222222591,0,True
4.0,1.0,32.5,0.6,4715.0,32.51546778432304,285.0,0.7997222222222586,0,True
5.0,1.0,31.5,0.7,4725.0,31.579522802288903,110.0,0.7997222222222569,0,True
10.0,1.0,32.0,0.65,4725.0,32.39418495462638,50.0,0.7997222222222566,0,True
5.0,1.0,32.5,0.6,4745.0,32.57500392483352,185.0,0.7997222222222596,0,True
6.0,1.0,31.5,0.7,4745.0,31.60885920157946,80.0,0.7997222222222565,0,True
10.0,1.0,33.0,0.6,4755.0,33.47958712650121,70.0,0.7997222222222586,0,True
4.0,0.5,32.5,0.74,4775.0,32.53505362428929,285.0,0.7995833333333415,0,True
6.0,1.0,32.5,0.6,4775.0,32.587465061681094,130.0,0.7997222222222592,0,True
8.0,1.0,31.5,0.7,4805.0,31.81351766680512,55.0,0.7997222222222568,0,True
10.0,1.0,31.5,0.7,4825.0,31.844518115551,40.0,0.7997222222222564,0,True
8.0,1.0,32.5,0.6,4830.0,32.69221535637582,80.0,0.7997222222222597,0,True
10.0,1.0,32.5,0.6,4875.0,32.94028396145783,60.0,0.7997222222222593,0,True
3.0,1.0,32.0,0.6,4900.0,32.01853696986305,415.0,0.7997222222222613,0,True
3.0,1.0,31.5,0.65,4920.0,31.521752419071262,290.0,0.7997222222222614,0,True
5.0,1.0,34.0,0.55,4925.0,34.05350147298768,310.0,0.7997222222222616,0,True
6.0,1.0,34.0,0.55,4925.0,34.05868681355974,210.0,0.7997222222222621,0,True
4.0,1.0,32.0,0.6,4930.0,32.01858356775076,220.0,0.7997222222222615,0,True
4.0,1.0,34.0,0.55,4935.0,33.64410290893024,455.0,0.7997222222222592,0,True
4.0,1.0,31.5,0.65,4950.0,31.52175255737841,160.0,0.7997222222222603,0,True
4.0,1.0,33.5,0.55,4955.0,33.52843050731969,435.0,0.7997222222222595,0,True
5.0,1.0,32.0,0.6,4965.0,32.05572544620926,145.0,0.7997222222222611,0,True
5.0,0.5,32.5,0.74,4970.0,32.57500392483352,185.0,0.7995833333333467,0,True
5.0,1.0,31.5,0.65,4985.0,31.579522802288903,110.0,0.7997222222222597,0,True
6.0,0.5,32.5,0.74,4985.0,32.587465061681094,130.0,0.7995833333333464,0,True
8.0,1.0,34.0,0.55,4985.0,34.21223008771376,125.0,0.7997222222222634,0,True
6.0,1.0,32.0,0.6,4990.0,32.1051379309253,105.0,0.7997222222222606,0,True
5.0,1.0,33.5,0.55,4995.0,33.565234076484906,265.0,0.7997222222222624,0,True
6.0,1.0,33.5,0.55,5000.0,33.60041022602226,185.0,0.7997222222222626,0,True
6.0,1.0,31.5,0.65,5015.0,31.60885920157946,80.0,0.7997222222222595,0,True
3.0,0.5,32.0,0.74,5035.0,32.01858285537057,415.0,0.7995833333333511,0,True
4.0,1.0,33.0,0.55,5035.0,33.03358754068819,355.0,0.7997222222222611,0,True
8.0,1.0,32.0,0.6,5035.0,32.167494408431246,65.0,0.799722222222261,0,True
8.0,0.5,32.5,0.74,5040.0,32.69221535637582,80.0,0.7995833333333473,0,True
10.0,1.0,34.0,0.55,5045.0,34.53814315787564,90.0,0.7997222222222637,0,True
8.0,1.0,31.5,0.65,5065.0,31.81351766680512,55.0,0.7997222222222596,0,True
5.0,1.0,33.0,0.55,5075.0,33.07183299569727,225.0,0.7997222222222633,0,True
10.0,1.0,32.0,0.6,5075.0,32.39418495462638,50.0,0.7997222222222605,0,True
8.0,1.0,33.5,0.55,5080.0,33.715045290209495,110.0,0.7997222222222642,0,True
10.0,1.0,31.5,0.65,5085.0,31.844518115551,40.0,0.7997222222222593,0,True
3.0,1.0,33.0,0.55,5090.0,32.6408946746424,605.0,0.7997222222222634,0,True
3.0,1.0,33.5,0.55,5090.0,32.6408946746424,605.0,0.7997222222222634,0,True
3.0,1.0,34.0,0.55,5090.0,32.6408946746424,605.0,0.7997222222222634,0,True
6.0,1.0,33.0,0.55,5090.0,33.07191207975992,155.0,0.7997222222222634,0,True
4.0,0.5,34.0,0.7,5100.0,34.02758985156947,520.0,0.7995833333333426,0,True
10.0,0.5,32.5,0.74,5105.0,32.94028396145783,60.0,0.7995833333333474,0,True
3.0,0.5,34.0,0.7,5110.0,34.00582885023252,1300.0,0.799583333333355,0,True
3.0,1.0,32.5,0.55,5120.0,32.51486337887008,560.0,0.7997222222222637,0,True
10.0,1.0,33.5,0.55,5125.0,34.01217901952323,80.0,0.7997222222222634,0,True
4.0,1.0,32.5,0.55,5135.0,32.51546778432304,285.0,0.7997222222222633,0,True
8.0,1.0,33.0,0.55,5155.0,33.208433296593746,95.0,0.7997222222222641,0,True
5.0,0.5,34.0,0.7,5165.0,34.03981387811498,310.0,0.7995833333333485,0,True
5.0,1.0,32.5,0.55,5165.0,32.57500392483352,185.0,0.7997222222222643,0,True
6.0,0.5,34.0,0.7,5165.0,34.03827648960644,210.0,0.7995833333333484,0,True
3.0,1.0,31.5,0.6,5180.0,31.521752419071262,290.0,0.7997222222222643,0,True
3.0,1.0,31.0,0.74,5190.0,31.0248773320239,185.0,0.7997222222222615,0,True
6.0,1.0,32.5,0.55,5195.0,32.587465061681094,130.0,0.7997222222222639,0,True
10.0,1.0,33.0,0.55,5205.0,33.47958712650121,70.0,0.7997222222222636,0,True
4.0,1.0,31.5,0.6,5210.0,31.52175255737841,160.0,0.7997222222222632,0,True
4.0,1.0,31.0,0.74,5225.0,31.024752646828844,105.0,0.7997222222222607,0,True
3.0,0.5,33.5,0.7,5230.0,33.50889464943479,970.0,0.7995833333333563,0,True
4.0,0.5,33.5,0.7,5235.0,33.530822784962155,435.0,0.7995833333333439,0,True
4.0,0.5,32.0,0.74,5240.0,32.042239676983655,220.0,0.7995833333333447,0,True
8.0,1.0,32.5,0.55,5240.0,32.69221535637582,80.0,0.7997222222222643,0,True
5.0,1.0,31.5,0.6,5245.0,31.579522802288903,110.0,0.7997222222222626,0,True
3.0,1.0,32.0,0.55,5250.0,32.018231462010874,415.0,0.7997222222222652,0,True
5.0,1.0,31.0,0.74,5255.0,31.081984793145004,75.0,0.7997222222222604,0,True
8.0,0.5,34.0,0.7,5265.0,34.21223008771376,125.0,0.7995833333333492,0,True
6.0,1.0,31.5,0.6,5275.0,31.60885920157946,80.0,0.7997222222222624,0,True
4.0,1.0,32.0,0.55,5280.0,32.01858356775076,220.0,0.7997222222222654,0,True
6.0,1.0,31.0,0.74,5280.0,31.096798194880545,55.0,0.7997222222222603,0,True
10.0,0.5,34.0,0.7,5295.0,34.53814315787564,90.0,0.7995833333333489,0,True
10.0,1.0,32.5,0.55,5295.0,32.94028396145783,60.0,0.799722222222264,0,True
3.0,1.0,31.0,0.7,5310.0,31.0248773320239,185.0,0.7997222222222629,0,True
5.0,0.5,32.0,0.74,5310.0,32.06232715025455,145.0,0.7995833333333483,0,True
5.0,1.0,32.0,0.55,5315.0,32.05572544620926,145.0,0.799722222222265,0,True
8.0,1.0,31.0,0.74,5320.0,31.27417155115577,40.0,0.7997222222222603,0,True
8.0,1.0,31.5,0.6,5325.0,31.81351766680512,55.0,0.7997222222222625,0,True
4.0,1.0,31.0,0.7,5335.0,31.024752646828844,105.0,0.799722222222262,0,True
6.0,0.5,32.0,0.74,5340.0,32.1051379309253,105.0,0.7995833333333483,0,True
6.0,1.0,32.0,0.55,5340.0,32.1051379309253,105.0,0.7997222222222645,0,True
10.0,1.0,31.0,0.74,5340.0,31.567162294656423,35.0,0.7997222222222603,0,True
10.0,1.0,31.5,0.6,5355.0,31.844518115551,40.0,0.7997222222222623,0,True
5.0,0.5,33.5,0.7,5370.0,33.543706909939665,265.0,0.7995833333333494,0,True
5.0,1.0,31.0,0.7,5375.0,31.081984793145004,75.0,0.7997222222222617,0,True
8.0,1.0,32.0,0.55,5385.0,32.167494408431246,65.0,0.7997222222222649,0,True
6.0,1.0,31.0,0.7,5390.0,31.096798194880545,55.0,0.7997222222222615,0,True
3.0,0.5,33.0,0.7,5395.0,33.01233631699293,740.0,0.7995833333333582,0,True
6.0,0.5,33.5,0.7,5400.0,33.60041022602226,185.0,0.7995833333333493,0,True
8.0,0.5,32.0,0.74,5405.0,32.167494408431246,65.0,0.799583333333349,0,True
8.0,1.0,31.0,0.7,5430.0,31.27417155115577,40.0,0.7997222222222615,0,True
10.0,1.0,32.0,0.55,5435.0,32.39418495462638,50.0,0.7997222222222645,0,True
3.0,1.0,31.5,0.55,5440.0,31.52168870316589,290.0,0.7997222222222672,0,True
4.0,0.5,33.0,0.7,5445.0,33.02124002032789,355.0,0.799583333333346,0,True
3.0,1.0,31.0,0.65,5450.0,31.0248773320239,185.0,0.7997222222222644,0,True
10.0,1.0,31.0,0.7,5450.0,31.567162294656423,35.0,0.7997222222222615,0,True
10.0,0.5,32.0,0.74,5455.0,32.39418495462638,50.0,0.7995833333333492,0,True
8.0,0.5,33.5,0.7,5470.0,33.715045290209495,110.0,0.7995833333333501,0,True
8.0,1.0,34.0,0.5,5470.0,34.04753839169945,120.0,0.7997222222222687,0,True
4.0,1.0,31.5,0.55,5480.0,31.52175255737841,160.0,0.7997222222222662,0,True
4.0,1.0,31.0,0.65,5485.0,31.024752646828844,105.0,0.7997222222222636,0,True
6.0,1.0,33.5,0.5,5505.0,33.14861927373634,160.0,0.799722222222268,0,True
6.0,1.0,34.0,0.5,5505.0,33.14861927373634,160.0,0.799722222222268,0,True
10.0,1.0,34.0,0.5,5505.0,34.53814315787564,90.0,0.7997222222222689,0,True
5.0,1.0,31.0,0.65,5515.0,31.081984793145004,75.0,0.7997222222222633,0,True
5.0,1.0,31.5,0.55,5515.0,31.579522802288903,110.0,0.7997222222222656,0,True
10.0,0.5,33.5,0.7,5525.0,34.01217901952323,80.0,0.7995833333333501,0,True
6.0,1.0,33.0,0.5,5530.0,33.056551397322984,155.0,0.7997222222222683,0,True
6.0,1.0,31.0,0.65,5540.0,31.096798194880545,55.0,0.7997222222222632,0,True
8.0,1.0,33.5,0.5,5540.0,33.715045290209495,110.0,0.7997222222222693,0,True
6.0,1.0,31.5,0.55,5545.0,31.60885920157946,80.0,0.7997222222222654,0,True
5.0,1.0,32.5,0.5,5565.0,32.57500392483352,185.0,0.7997222222222687,0,True
5.0,1.0,33.0,0.5,5565.0,32.57500392483352,185.0,0.7997222222222687,0,True
5.0,1.0,33.5,0.5,5565.0,32.57500392483352,185.0,0.7997222222222687,0,True
5.0,1.0,34.0,0.5,5565.0,32.57500392483352,185.0,0.7997222222222687,0,True
5.0,0.5,33.0,0.7,5570.0,33.068912598730826,225.0,0.7995833333333503,0,True
8.0,1.0,31.0,0.65,5570.0,31.27417155115577,40.0,0.7997222222222631,0,True
3.0,1.0,31.0,0.6,5590.0,31.0248773320239,185.0,0.799722222222266,0,True
10.0,1.0,31.0,0.65,5590.0,31.567162294656423,35.0,0.7997222222222631,0,True
8.0,1.0,31.5,0.55,5595.0,31.81351766680512,55.0,0.7997222222222655,0,True
10.0,1.0,33.5,0.5,5595.0,34.01217901952323,80.0,0.7997222222222686,0,True
8.0,1.0,33.0,0.5,5605.0,33.208433296593746,95.0,0.7997222222222691,0,True
4.0,1.0,32.5,0.5,5610.0,32.08522094348487,230.0,0.7997222222222692,0,True
4.0,1.0,33.0,0.5,5610.0,32.08522094348487,230.0,0.7997222222222692,0,True
4.0,1.0,33.5,0.5,5610.0,32.08522094348487,230.0,0.7997222222222692,0,True
4.0,1.0,34.0,0.5,5610.0,32.08522094348487,230.0,0.7997222222222692,0,True
6.0,0.5,33.0,0.7,5610.0,33.056551397322984,155.0,0.7995833333333501,0,True
6.0,1.0,32.5,0.5,5615.0,32.587465061681094,130.0,0.7997222222222685,0,True
10.0,1.0,31.5,0.55,5615.0,31.844518115551,40.0,0.7997222222222652,0,True
4.0,1.0,31.0,0.6,5625.0,31.024752646828844,105.0,0.7997222222222652,0,True
4.0,1.0,32.0,0.5,5630.0,32.01549770717249,220.0,0.7997222222222693,0,True
5.0,1.0,31.0,0.6,5655.0,31.081984793145004,75.0,0.7997222222222649,0,True
10.0,1.0,33.0,0.5,5655.0,33.47958712650121,70.0,0.7997222222222686,0,True
8.0,1.0,32.5,0.5,5660.0,32.69221535637582,80.0,0.799722222222269,0,True
5.0,1.0,32.0,0.5,5665.0,32.05572544620926,145.0,0.7997222222222689,0,True
3.0,0.5,32.5,0.7,5670.0,32.5155144935379,560.0,0.7995833333333586,0,True
6.0,1.0,31.0,0.6,5680.0,31.096798194880545,55.0,0.7997222222222647,0,True
3.0,1.0,32.0,0.5,5690.0,31.57162733432219,305.0,0.7997222222222701,0,True
3.0,1.0,32.5,0.5,5690.0,31.57162733432219,305.0,0.7997222222222701,0,True
3.0,1.0,33.0,0.5,5690.0,31.57162733432219,305.0,0.7997222222222701,0,True
3.0,1.0,33.5,0.5,5690.0,31.57162733432219,305.0,0.7997222222222701,0,True
3.0,1.0,34.0,0.5,5690.0,31.57162733432219,305.0,0.7997222222222701,0,True
6.0,1.0,32.0,0.5,5690.0,32.1051379309253,105.0,0.7997222222222684,0,True
8.0,0.5,33.0,0.7,5695.0,33.208433296593746,95.0,0.7995833333333512,0,True
3.0,0.5,31.5,0.74,5700.0,31.51284507744463,290.0,0.7995833333333513,0,True
10.0,1.0,32.5,0.5,5705.0,32.94028396145783,60.0,0.7997222222222685,0,True
3.0,1.0,31.5,0.5,5710.0,31.517363440286545,290.0,0.7997222222222702,0,True
8.0,1.0,31.0,0.6,5710.0,31.27417155115577,40.0,0.7997222222222646,0,True
3.0,1.0,31.0,0.55,5730.0,31.0248773320239,185.0,0.7997222222222675,0,True
10.0,1.0,31.0,0.6,5730.0,31.567162294656423,35.0,0.7997222222222646,0,True
8.0,1.0,32.0,0.5,5735.0,32.167494408431246,65.0,0.7997222222222687,0,True
4.0,1.0,31.5,0.5,5740.0,31.5216890252266,160.0,0.7997222222222691,0,True
4.0,0.5,31.5,0.74,5750.0,31.51293183503098,160.0,0.7995833333333509,0,True
10.0,0.5,33.0,0.7,5755.0,33.47958712650121,70.0,0.7995833333333512,0,True
4.0,1.0,31.0,0.55,5765.0,31.024752646828844,105.0,0.7997222222222667,0,True
5.0,1.0,31.5,0.5,5775.0,31.579522802288903,110.0,0.7997222222222685,0,True
5.0,0.5,31.5,0.74,5785.0,31.579522802288903,110.0,0.7995833333333509,0,True
10.0,1.0,32.0,0.5,5785.0,32.39418495462638,50.0,0.7997222222222684,0,True
5.0,1.0,31.0,0.55,5795.0,31.081984793145004,75.0,0.7997222222222664,0,True
4.0,0.5,32.5,0.7,5805.0,32.53470890803392,285.0,0.799583333333348,0,True
6.0,1.0,31.5,0.5,5805.0,31.60885920157946,80.0,0.7997222222222683,0,True
6.0,0.5,31.5,0.74,5815.0,31.60885920157946,80.0,0.7995833333333509,0,True
6.0,1.0,31.0,0.55,5820.0,31.096798194880545,55.0,0.7997222222222663,0,True
8.0,1.0,31.5,0.5,5855.0,31.81351766680512,55.0,0.7997222222222684,0,True
8.0,1.0,31.0,0.55,5860.0,31.27417155115577,40.0,0.7997222222222663,0,True
10.0,1.0,31.5,0.5,5875.0,31.844518115551,40.0,0.7997222222222681,0,True
3.0,1.0,31.0,0.5,5880.0,31.0248773320239,185.0,0.7997222222222692,0,True
10.0,1.0,31.0,0.55,5880.0,31.567162294656423,35.0,0.7997222222222663,0,True
8.0,0.5,31.5,0.74,5895.0,31.81351766680512,55.0,0.7995833333333516,0,True
4.0,1.0,31.0,0.5,5905.0,31.024752646828844,105.0,0.7997222222222683,0,True
10.0,0.5,31.5,0.74,5925.0,31.844518115551,40.0,0.7995833333333515,0,True
5.0,1.0,31.0,0.5,5935.0,31.081984793145004,75.0,0.799722222222268,0,True
5.0,0.5,32.5,0.7,5950.0,32.57500392483352,185.0,0.7995833333333522,0,True
6.0,1.0,31.0,0.5,5960.0,31.096798194880545,55.0,0.7997222222222679,0,True
6.0,0.5,32.5,0.7,5965.0,32.587465061681094,130.0,0.7995833333333519,0,True
8.0,1.0,31.0,0.5,6000.0,31.27417155115577,40.0,0.7997222222222679,0,True
10.0,1.0,31.0,0.5,6000.0,31.567162294656423,35.0,0.7997222222222676,0,True
8.0,0.5,32.5,0.7,6020.0,32.69221535637582,80.0,0.7995833333333527,0,True
3.0,0.5,32.0,0.7,6025.0,32.01858285537057,415.0,0.7995833333333561,0,True
10.0,0.5,32.5,0.7,6085.0,32.94028396145783,60.0,0.7995833333333529,0,True
10.0,1.0,30.5,0.5,6090.0,31.007213618813605,25.0,0.7997222222222674,0,True
10.0,1.0,30.5,0.55,6090.0,31.007213618813605,25.0,0.7997222222222674,0,True
10.0,1.0,30.5,0.6,6090.0,31.007213618813605,25.0,0.7997222222222674,0,True
10.0,1.0,30.5,0.65,6090.0,31.007213618813605,25.0,0.7997222222222674,0,True
10.0,1.0,30.5,0.7,6090.0,31.007213618813605,25.0,0.7997222222222674,0,True
10.0,1.0,30.5,0.74,6090.0,31.007213618813605,25.0,0.7997222222222674,0,True
3.0,1.0,30.5,0.5,6120.0,30.597973125188783,90.0,0.7997222222222679,0,True
3.0,1.0,30.5,0.55,6120.0,30.597973125188783,90.0,0.7997222222222679,0,True
3.0,1.0,30.5,0.6,6120.0,30.597973125188783,90.0,0.7997222222222679,0,True
3.0,1.0,30.5,0.65,6120.0,30.597973125188783,90.0,0.7997222222222679,0,True
3.0,1.0,30.5,0.7,6120.0,30.597973125188783,90.0,0.7997222222222679,0,True
3.0,1.0,30.5,0.74,6120.0,30.597973125188783,90.0,0.7997222222222679,0,True
4.0,1.0,30.5,0.5,6135.0,30.597985845431584,55.0,0.7997222222222674,0,True
4.0,1.0,30.5,0.55,6135.0,30.597985845431584,55.0,0.7997222222222674,0,True
4.0,1.0,30.5,0.6,6135.0,30.597985845431584,55.0,0.7997222222222674,0,True
4.0,1.0,30.5,0.65,6135.0,30.597985845431584,55.0,0.7997222222222674,0,True
4.0,1.0,30.5,0.7,6135.0,30.597985845431584,55.0,0.7997222222222674,0,True
4.0,1.0,30.5,0.74,6135.0,30.597985845431584,55.0,0.7997222222222674,0,True
8.0,1.0,30.5,0.5,6135.0,30.724598812267505,25.0,0.7997222222222673,0,True
8.0,1.0,30.5,0.55,6135.0,30.724598812267505,25.0,0.7997222222222673,0,True
8.0,1.0,30.5,0.6,6135.0,30.724598812267505,25.0,0.7997222222222673,0,True
8.0,1.0,30.5,0.65,6135.0,30.724598812267505,25.0,0.7997222222222673,0,True
8.0,1.0,30.5,0.7,6135.0,30.724598812267505,25.0,0.7997222222222673,0,True
8.0,1.0,30.5,0.74,6135.0,30.724598812267505,25.0,0.7997222222222673,0,True
5.0,1.0,30.5,0.5,6145.0,30.59799857201051,40.0,0.7997222222222673,0,True
5.0,1.0,30.5,0.55,6145.0,30.59799857201051,40.0,0.7997222222222673,0,True
5.0,1.0,30.5,0.6,6145.0,30.59799857201051,40.0,0.7997222222222673,0,True
5.0,1.0,30.5,0.65,6145.0,30.59799857201051,40.0,0.7997222222222673,0,True
5.0,1.0,30.5,0.7,6145.0,30.59799857201051,40.0,0.7997222222222673,0,True
5.0,1.0,30.5,0.74,6145.0,30.59799857201051,40.0,0.7997222222222673,0,True
6.0,1.0,30.5,0.5,6155.0,30.598001868894897,30.0,0.7997222222222672,0,True
6.0,1.0,30.5,0.55,6155.0,30.598001868894897,30.0,0.7997222222222672,0,True
6.0,1.0,30.5,0.6,6155.0,30.598001868894897,30.0,0.7997222222222672,0,True
6.0,1.0,30.5,0.65,6155.0,30.598001868894897,30.0,0.7997222222222672,0,True
6.0,1.0,30.5,0.7,6155.0,30.598001868894897,30.0,0.7997222222222672,0,True
6.0,1.0,30.5,0.74,6155.0,30.598001868894897,30.0,0.7997222222222672,0,True
4.0,0.5,32.0,0.7,6210.0,32.042239676983655,220.0,0.7995833333333507,0,True
5.0,0.5,32.0,0.7,6270.0,32.06232715025455,145.0,0.7995833333333536,0,True
6.0,0.5,32.0,0.7,6300.0,32.1051379309253,105.0,0.7995833333333536,0,True
8.0,0.5,32.0,0.7,6365.0,32.167494408431246,65.0,0.7995833333333543,0,True
10.0,0.5,32.0,0.7,6395.0,32.39418495462638,50.0,0.7995833333333544,0,True
4.0,0.5,34.0,0.65,6500.0,34.02758985156947,520.0,0.7995833333333516,0,True
3.0,0.5,34.0,0.65,6565.0,33.87970370411299,1205.0,0.7995833333333612,0,True
5.0,0.5,34.0,0.65,6585.0,34.03981387811498,310.0,0.7995833333333564,0,True
3.0,0.5,31.5,0.7,6600.0,31.51284507744463,290.0,0.7995833333333563,0,True
6.0,0.5,34.0,0.65,6605.0,34.03827648960644,210.0,0.7995833333333564,0,True
3.0,0.5,33.5,0.65,6635.0,33.508872379231235,970.0,0.799583333333362,0,True
8.0,0.5,34.0,0.65,6645.0,34.21223008771376,125.0,0.7995833333333568,0,True
4.0,0.5,31.5,0.7,6650.0,31.51293183503098,160.0,0.7995833333333559,0,True
4.0,0.5,33.5,0.65,6655.0,33.530822784962155,435.0,0.7995833333333529,0,True
5.0,0.5,31.5,0.7,6685.0,31.579522802288903,110.0,0.7995833333333559,0,True
6.0,0.5,31.5,0.7,6715.0,31.60885920157946,80.0,0.7995833333333559,0,True
5.0,0.5,33.5,0.65,6730.0,33.543706909939665,265.0,0.799583333333357,0,True
10.0,0.5,34.0,0.65,6735.0,34.53814315787564,90.0,0.7995833333333568,0,True
3.0,0.5,31.0,0.74,6765.0,31.01800861553871,185.0,0.7995833333333566,0,True
3.0,0.5,33.0,0.65,6765.0,33.012274126127906,740.0,0.7995833333333634,0,True
6.0,0.5,33.5,0.65,6780.0,33.60041022602226,185.0,0.799583333333357,0,True
4.0,0.5,33.0,0.65,6795.0,33.02102673213904,355.0,0.7995833333333543,0,True
8.0,0.5,31.5,0.7,6795.0,31.81351766680512,55.0,0.7995833333333566,0,True
4.0,0.5,31.0,0.74,6815.0,31.0156788255266,105.0,0.7995833333333564,0,True
10.0,0.5,31.5,0.7,6825.0,31.844518115551,40.0,0.7995833333333565,0,True
8.0,0.5,33.5,0.65,6830.0,33.715045290209495,110.0,0.7995833333333576,0,True
5.0,0.5,31.0,0.74,6860.0,31.081984793145004,75.0,0.7995833333333565,0,True
10.0,0.5,33.5,0.65,6885.0,34.01217901952323,80.0,0.7995833333333576,0,True
6.0,0.5,31.0,0.74,6890.0,31.096798194880545,55.0,0.7995833333333566,0,True
5.0,0.5,33.0,0.65,6930.0,33.068912598730826,225.0,0.7995833333333578,0,True
8.0,0.5,31.0,0.74,6960.0,31.27417155115577,40.0,0.7995833333333573,0,True
3.0,0.5,32.5,0.65,6970.0,32.5155144935379,560.0,0.799583333333364,0,True
6.0,0.5,33.0,0.65,6970.0,33.056551397322984,155.0,0.7995833333333576,0,True
8.0,0.5,33.0,0.65,6995.0,33.208433296593746,95.0,0.7995833333333584,0,True
10.0,0.5,31.0,0.74,7020.0,31.567162294656423,35.0,0.7995833333333576,0,True
4.0,0.5,32.5,0.65,7085.0,32.53470890803392,285.0,0.799583333333356,0,True
10.0,0.5,33.0,0.65,7095.0,33.47958712650121,70.0,0.7995833333333586,0,True
5.0,0.5,32.5,0.65,7170.0,32.57500392483352,185.0,0.799583333333359,0,True
6.0,0.5,32.5,0.65,7265.0,32.587465061681094,130.0,0.7995833333333591,0,True
3.0,0.5,32.0,0.65,7275.0,32.01857707794444,415.0,0.7995833333333624,0,True
8.0,0.5,32.5,0.65,7320.0,32.69221535637582,80.0,0.79958333333336,0,True
4.0,0.5,32.0,0.65,7380.0,32.042239676983655,220.0,0.799583333333358,0,True
10.0,0.5,32.5,0.65,7385.0,32.94028396145783,60.0,0.7995833333333601,0,True
5.0,0.5,32.0,0.65,7470.0,32.06232715025455,145.0,0.7995833333333603,0,True
6.0,0.5,32.0,0.65,7500.0,32.1051379309253,105.0,0.7995833333333603,0,True
3.0,0.5,31.0,0.7,7525.0,31.01800861553871,185.0,0.7995833333333608,0,True
8.0,0.5,32.0,0.65,7565.0,32.167494408431246,65.0,0.799583333333361,0,True
4.0,0.5,31.0,0.7,7575.0,31.0156788255266,105.0,0.7995833333333606,0,True
10.0,0.5,32.0,0.65,7615.0,32.39418495462638,50.0,0.7995833333333612,0,True
5.0,0.5,31.0,0.7,7620.0,31.081984793145004,75.0,0.7995833333333607,0,True
6.0,0.5,31.0,0.7,7650.0,31.096798194880545,55.0,0.7995833333333608,0,True
3.0,0.5,31.5,0.65,7720.0,31.51284497293836,290.0,0.7995833333333625,0,True
8.0,0.5,31.0,0.7,7720.0,31.27417155115577,40.0,0.7995833333333615,0,True
4.0,0.5,31.5,0.65,7770.0,31.51293183503098,160.0,0.7995833333333621,0,True
10.0,0.5,31.0,0.7,7780.0,31.567162294656423,35.0,0.7995833333333618,0,True
5.0,0.5,31.5,0.65,7805.0,31.579522802288903,110.0,0.7995833333333621,0,True
6.0,0.5,31.5,0.65,7855.0,31.60885920157946,80.0,0.7995833333333622,0,True
8.0,0.5,31.5,0.65,7915.0,31.81351766680512,55.0,0.7995833333333628,0,True
10.0,0.5,31.5,0.65,7945.0,31.844518115551,40.0,0.7995833333333627,0,True
4.0,0.5,34.0,0.6,7950.0,34.02758985156947,520.0,0.799583333333361,0,True
5.0,0.5,34.0,0.6,7965.0,34.03981387811498,310.0,0.7995833333333641,0,True
6.0,0.5,34.0,0.6,8025.0,34.03827648960644,210.0,0.7995833333333643,0,True
4.0,0.5,33.5,0.6,8055.0,33.530822784962155,435.0,0.7995833333333617,0,True
3.0,0.5,33.5,0.6,8065.0,33.37529654274573,905.0,0.7995833333333678,0,True
3.0,0.5,34.0,0.6,8065.0,33.37529654274573,905.0,0.7995833333333678,0,True
8.0,0.5,34.0,0.6,8085.0,34.21223008771376,125.0,0.7995833333333648,0,True
10.0,0.5,34.0,0.6,8095.0,34.53814315787564,90.0,0.7995833333333644,0,True
5.0,0.5,33.5,0.6,8110.0,33.543706909939665,265.0,0.7995833333333646,0,True
6.0,0.5,33.5,0.6,8140.0,33.60041022602226,185.0,0.7995833333333645,0,True
4.0,0.5,33.0,0.6,8145.0,33.02065202186596,355.0,0.7995833333333626,0,True
3.0,0.5,33.0,0.6,8160.0,33.01206668992421,740.0,0.7995833333333687,0,True
8.0,0.5,33.5,0.6,8210.0,33.715045290209495,110.0,0.7995833333333653,0,True
5.0,0.5,33.0,0.6,8250.0,33.068912598730826,225.0,0.7995833333333652,0,True
10.0,0.5,33.5,0.6,8265.0,34.01217901952323,80.0,0.7995833333333653,0,True
6.0,0.5,33.0,0.6,8290.0,33.056551397322984,155.0,0.799583333333365,0,True
3.0,0.5,32.5,0.6,8300.0,32.51508998439539,560.0,0.7995833333333694,0,True
4.0,0.5,32.5,0.6,8335.0,32.53470890803392,285.0,0.7995833333333637,0,True
8.0,0.5,33.0,0.6,8355.0,33.208433296593746,95.0,0.799583333333366,0,True
10.0,0.5,33.0,0.6,8375.0,33.47958712650121,70.0,0.7995833333333657,0,True
3.0,0.5,31.0,0.65,8465.0,31.01800861553871,185.0,0.7995833333333661,0,True
5.0,0.5,32.5,0.6,8470.0,32.57500392483352,185.0,0.7995833333333662,0,True
6.0,0.5,32.5,0.6,8485.0,32.587465061681094,130.0,0.7995833333333658,0,True
3.0,0.5,32.0,0.6,8515.0,32.018354477310645,415.0,0.7995833333333686,0,True
4.0,0.5,31.0,0.65,8515.0,31.0156788255266,105.0,0.7995833333333658,0,True
8.0,0.5,32.5,0.6,8540.0,32.69221535637582,80.0,0.7995833333333667,0,True
5.0,0.5,31.0,0.65,8560.0,31.081984793145004,75.0,0.799583333333366,0,True
6.0,0.5,31.0,0.65,8590.0,31.096798194880545,55.0,0.7995833333333661,0,True
10.0,0.5,32.5,0.6,8605.0,32.94028396145783,60.0,0.7995833333333668,0,True
4.0,0.5,32.0,0.6,8620.0,32.042239676983655,220.0,0.7995833333333656,0,True
5.0,0.5,32.0,0.6,8630.0,32.06232715025455,145.0,0.7995833333333667,0,True
3.0,0.5,30.5,0.74,8660.0,30.519176168987848,90.0,0.7995833333333666,0,True
6.0,0.5,32.0,0.6,8660.0,32.1051379309253,105.0,0.7995833333333667,0,True
8.0,0.5,31.0,0.65,8660.0,31.27417155115577,40.0,0.7995833333333667,0,True
4.0,0.5,30.5,0.74,8705.0,30.53764247677989,55.0,0.7995833333333666,0,True
10.0,0.5,31.0,0.65,8720.0,31.567162294656423,35.0,0.7995833333333671,0,True
8.0,0.5,32.0,0.6,8725.0,32.167494408431246,65.0,0.7995833333333674,0,True
5.0,0.5,30.5,0.74,8735.0,30.5623793552753,40.0,0.7995833333333667,0,True
6.0,0.5,30.5,0.74,8745.0,30.568453014890405,30.0,0.7995833333333668,0,True
8.0,0.5,30.5,0.74,8785.0,30.724598812267505,25.0,0.7995833333333672,0,True
10.0,0.5,32.0,0.6,8815.0,32.39418495462638,50.0,0.7995833333333678,0,True
10.0,0.5,30.5,0.74,8830.0,31.007213618813605,25.0,0.7995833333333674,0,True
3.0,0.5,31.5,0.6,8840.0,31.51284481607315,290.0,0.7995833333333687,0,True
4.0,0.5,31.5,0.6,8890.0,31.51293183503098,160.0,0.7995833333333683,0,True
5.0,0.5,31.5,0.6,8945.0,31.579522802288903,110.0,0.7995833333333684,0,True
6.0,0.5,31.5,0.6,8975.0,31.60885920157946,80.0,0.7995833333333684,0,True
3.0,0.5,30.5,0.5,,30.51902081111149,90.0,0.7245833333333718,0,False
3.0,0.5,30.5,0.55,,30.519153835542564,90.0,0.7423611111111488,0,False
3.0,0.5,30.5,0.6,,30.51917011360484,90.0,0.7595833333333702,0,False
3.0,0.5,30.5,0.65,,30.519174595334817,90.0,0.7773611111111473,0,False
3.0,0.5,30.5,0.7,,30.519175829259584,90.0,0.7951388888889243,0,False
3.0,0.5,31.0,0.5,,31.01800861553871,185.0,0.735555555555594,0,False
3.0,0.5,31.0,0.55,,31.01800861553871,185.0,0.761666666666704,0,False
3.0,0.5,31.0,0.6,,31.01800861553871,185.0,0.7883333333333695,0,False
3.0,0.5,31.5,0.5,,31.50874189574176,290.0,0.7412500000000388,0,False
3.0,0.5,31.5,0.55,,31.5128444729676,290.0,0.7723611111111486,0,False
3.0,0.5,32.0,0.5,,31.57162733432219,305.0,0.7422222222222611,0,False
3.0,0.5,32.0,0.55,,32.018354477310645,415.0,0.7788888888889272,0,False
3.0,0.5,32.5,0.5,,31.57162733432219,305.0,0.7422222222222611,0,False
3.0,0.5,32.5,0.55,,32.51441287615613,560.0,0.7829166666667055,0,False
3.0,0.5,33.0,0.5,,31.57162733432219,305.0,0.7422222222222611,0,False
3.0,0.5,33.0,0.55,,32.6408946746424,605.0,0.7838888888889276,0,False
3.0,0.5,33.5,0.5,,31.57162733432219,305.0,0.7422222222222611,0,False
3.0,0.5,33.5,0.55,,32.6408946746424,605.0,0.7838888888889276,0,False
3.0,0.5,34.0,0.5,,31.57162733432219,305.0,0.7422222222222611,0,False
3.0,0.5,34.0,0.55,,32.6408946746424,605.0,0.7838888888889276,0,False
4.0,0.5,30.5,0.5,,30.53764247677989,55.0,0.7233333333333716,0,False
4.0,0.5,30.5,0.55,,30.53764247677989,55.0,0.7411111111111486,0,False
4.0,0.5,30.5,0.6,,30.53764247677989,55.0,0.7588888888889256,0,False
4.0,0.5,30.5,0.65,,30.53764247677989,55.0,0.7761111111111471,0,False
4.0,0.5,30.5,0.7,,30.53764247677989,55.0,0.7938888888889241,0,False
4.0,0.5,31.0,0.5,,31.0156788255266,105.0,0.7341666666667047,0,False
4.0,0.5,31.0,0.55,,31.0156788255266,105.0,0.7602777777778147,0,False
4.0,0.5,31.0,0.6,,31.0156788255266,105.0,0.7869444444444802,0,False
4.0,0.5,31.5,0.5,,31.51254452722128,160.0,0.7398611111111493,0,False
4.0,0.5,31.5,0.55,,31.51293183503098,160.0,0.7715277777778146,0,False
4.0,0.5,32.0,0.5,,32.00562666369051,220.0,0.7437500000000383,0,False
4.0,0.5,32.0,0.55,,32.042239676983655,220.0,0.777638888888925,0,False
4.0,0.5,32.5,0.5,,32.08522094348487,230.0,0.7445833333333717,0,False
4.0,0.5,32.5,0.55,,32.53470890803392,285.0,0.7819444444444802,0,False
4.0,0.5,33.0,0.5,,32.08522094348487,230.0,0.7445833333333717,0,False
4.0,0.5,33.0,0.55,,33.01999372104991,355.0,0.7858333333333688,0,False
4.0,0.5,33.5,0.5,,32.08522094348487,230.0,0.7445833333333717,0,False
4.0,0.5,33.5,0.55,,33.52724730039979,435.0,0.7883333333333685,0,False
4.0,0.5,34.0,0.5,,32.08522094348487,230.0,0.7445833333333717,0,False
4.0,0.5,34.0,0.55,,33.64410290893024,455.0,0.7883333333333685,0,False
5.0,0.5,30.5,0.5,,30.5623793552753,40.0,0.7225000000000382,0,False
5.0,0.5,30.5,0.55,,30.5623793552753,40.0,0.7402777777778152,0,False
5.0,0.5,30.5,0.6,,30.5623793552753,40.0,0.7580555555555922,0,False
5.0,0.5,30.5,0.65,,30.5623793552753,40.0,0.7752777777778137,0,False
5.0,0.5,30.5,0.7,,30.5623793552753,40.0,0.7930555555555907,0,False
5.0,0.5,31.0,0.5,,31.081984793145004,75.0,0.7329166666667046,0,False
5.0,0.5,31.0,0.55,,31.081984793145004,75.0,0.7590277777778146,0,False
5.0,0.5,31.0,0.6,,31.081984793145004,75.0,0.7856944444444801,0,False
5.0,0.5,31.5,0.5,,31.579522802288903,110.0,0.7388888888889269,0,False
5.0,0.5,31.5,0.55,,31.579522802288903,110.0,0.7700000000000367,0,False
5.0,0.5,32.0,0.5,,32.06152426791059,145.0,0.7420833333333713,0,False
5.0,0.5,32.0,0.55,,32.06232715025455,145.0,0.7754166666667032,0,False
5.0,0.5,32.5,0.5,,32.57500392483352,185.0,0.7459722222222603,0,False
5.0,0.5,32.5,0.55,,32.57500392483352,185.0,0.7804166666667033,0,False
5.0,0.5,33.0,0.5,,32.57500392483352,185.0,0.7459722222222603,0,False
5.0,0.5,33.0,0.55,,33.068912598730826,225.0,0.7843055555555922,0,False
5.0,0.5,33.5,0.5,,32.57500392483352,185.0,0.7459722222222603,0,False
5.0,0.5,33.5,0.55,,33.543706909939665,265.0,0.7865277777778146,0,False
5.0,0.5,34.0,0.5,,32.57500392483352,185.0,0.7459722222222603,0,False
5.0,0.5,34.0,0.55,,34.03981387811498,310.0,0.7883333333333703,0,False
6.0,0.5,30.5,0.5,,30.568453014890405,30.0,0.7222222222222605,0,False
6.0,0.5,30.5,0.55,,30.568453014890405,30.0,0.7400000000000375,0,False
6.0,0.5,30.5,0.6,,30.568453014890405,30.0,0.757222222222259,0,False
6.0,0.5,30.5,0.65,,30.568453014890405,30.0,0.775000000000036,0,False
6.0,0.5,30.5,0.7,,30.568453014890405,30.0,0.792777777777813,0,False
6.0,0.5,31.0,0.5,,31.096798194880545,55.0,0.7320833333333713,0,False
6.0,0.5,31.0,0.55,,31.096798194880545,55.0,0.7581944444444813,0,False
6.0,0.5,31.0,0.6,,31.096798194880545,55.0,0.7848611111111468,0,False
6.0,0.5,31.5,0.5,,31.60885920157946,80.0,0.7380555555555934,0,False
6.0,0.5,31.5,0.55,,31.60885920157946,80.0,0.7691666666667032,0,False
6.0,0.5,32.0,0.5,,32.1051379309253,105.0,0.7412500000000378,0,False
6.0,0.5,32.0,0.55,,32.1051379309253,105.0,0.7745833333333697,0,False
6.0,0.5,32.5,0.5,,32.587465061681094,130.0,0.7438888888889267,0,False
6.0,0.5,32.5,0.55,,32.587465061681094,130.0,0.7783333333333696,0,False
6.0,0.5,33.0,0.5,,33.056551397322984,155.0,0.7470833333333712,0,False
6.0,0.5,33.0,0.55,,33.056551397322984,155.0,0.7831944444444807,0,False
6.0,0.5,33.5,0.5,,33.14861927373634,160.0,0.7486111111111489,0,False
6.0,0.5,33.5,0.55,,33.60041022602226,185.0,0.7851388888889255,0,False
6.0,0.5,34.0,0.5,,33.14861927373634,160.0,0.7486111111111489,0,False
6.0,0.5,34.0,0.55,,34.03827648960644,210.0,0.7883333333333702,0,False
8.0,0.5,30.5,0.5,,30.724598812267505,25.0,0.7211111111111496,0,False
8.0,0.5,30.5,0.55,,30.724598812267505,25.0,0.738333333333371,0,False
8.0,0.5,30.5,0.6,,30.724598812267505,25.0,0.756111111111148,0,False
8.0,0.5,30.5,0.65,,30.724598812267505,25.0,0.773888888888925,0,False
8.0,0.5,30.5,0.7,,30.724598812267505,25.0,0.7911111111111465,0,False
8.0,0.5,31.0,0.5,,31.27417155115577,40.0,0.7306944444444827,0,False
8.0,0.5,31.0,0.55,,31.27417155115577,40.0,0.7568055555555927,0,False
8.0,0.5,31.0,0.6,,31.27417155115577,40.0,0.7829166666667027,0,False
8.0,0.5,31.5,0.5,,31.81351766680512,55.0,0.7358333333333716,0,False
8.0,0.5,31.5,0.55,,31.81351766680512,55.0,0.7669444444444814,0,False
8.0,0.5,31.5,0.6,,31.81351766680512,55.0,0.7986111111111467,0,False
8.0,0.5,32.0,0.5,,32.167494408431246,65.0,0.7394444444444827,0,False
8.0,0.5,32.0,0.55,,32.167494408431246,65.0,0.7727777777778145,0,False
8.0,0.5,32.5,0.5,,32.69221535637582,80.0,0.7423611111111496,0,False
8.0,0.5,32.5,0.55,,32.69221535637582,80.0,0.7768055555555925,0,False
8.0,0.5,33.0,0.5,,33.208433296593746,95.0,0.7441666666667053,0,False
8.0,0.5,33.0,0.55,,33.208433296593746,95.0,0.7813888888889259,0,False
8.0,0.5,33.5,0.5,,33.715045290209495,110.0,0.7454166666667054,0,False
8.0,0.5,33.5,0.55,,33.715045290209495,110.0,0.783750000000037,0,False
8.0,0.5,34.0,0.5,,34.04753839169945,120.0,0.749583333333372,0,False
8.0,0.5,34.0,0.55,,34.21223008771376,125.0,0.7855555555555928,0,False
10.0,0.5,30.5,0.5,,31.007213618813605,25.0,0.7198611111111496,0,False
10.0,0.5,30.5,0.55,,31.007213618813605,25.0,0.7376388888889266,0,False
10.0,0.5,30.5,0.6,,31.007213618813605,25.0,0.7548611111111481,0,False
10.0,0.5,30.5,0.65,,31.007213618813605,25.0,0.7726388888889251,0,False
10.0,0.5,30.5,0.7,,31.007213618813605,25.0,0.7904166666667021,0,False
10.0,0.5,31.0,0.5,,31.567162294656423,35.0,0.7290277777778161,0,False
10.0,0.5,31.0,0.55,,31.567162294656423,35.0,0.7551388888889261,0,False
10.0,0.5,31.0,0.6,,31.567162294656423,35.0,0.7812500000000361,0,False
10.0,0.5,31.5,0.5,,31.844518115551,40.0,0.7350000000000381,0,False
10.0,0.5,31.5,0.55,,31.844518115551,40.0,0.7666666666667034,0,False
10.0,0.5,31.5,0.6,,31.844518115551,40.0,0.7977777777778131,0,False
10.0,0.5,32.0,0.5,,32.39418495462638,50.0,0.7380555555555938,0,False
10.0,0.5,32.0,0.55,,32.39418495462638,50.0,0.7713888888889257,0,False
10.0,0.5,32.5,0.5,,32.94028396145783,60.0,0.7405555555555938,0,False
10.0,0.5,32.5,0.55,,32.94028396145783,60.0,0.7750000000000368,0,False
10.0,0.5,33.0,0.5,,33.47958712650121,70.0,0.7430555555555939,0,False
10.0,0.5,33.0,0.55,,33.47958712650121,70.0,0.7791666666667034,0,False
10.0,0.5,33.5,0.5,,34.01217901952323,80.0,0.7438888888889273,0,False
10.0,0.5,33.5,0.55,,34.01217901952323,80.0,0.782222222222259,0,False
10.0,0.5,34.0,0.5,,34.53814315787564,90.0,0.7469444444444828,0,False
10.0,0.5,34.0,0.55,,34.53814315787564,90.0,0.784722222222259,0,False
