time_s,charge_current_a,raw_requested_current_a,soc,terminal_voltage_v,average_temperature_c,core_temperature_c,surface_temperature_c,evaluation_time_s,optimizer_success,prediction_feasible,used_fallback,target_current_cap_active,source
0.0,0.0,0.0,0.1,3.2959070147319616,25.0,25.0,25.0,0.0,True,True,False,False,phase6r_full_state_feasible_interval_reduced
5.0,1.9989828954576976,1.9989828954576976,0.10055527302651603,3.3454803773174024,25.006997336120662,25.007038266156147,25.006833615978717,0.0001083,True,True,False,False,phase6r_full_state_feasible_interval_reduced
10.0,3.996935697336827,3.996935697336827,0.10166553294244292,3.400747389634187,25.036469514835552,25.0366431880431,25.035774822005354,6.7e-05,True,True,False,False,phase6r_full_state_feasible_interval_reduced
15.0,5.994808917658672,5.994808917658672,0.10333075764179254,3.460820433201155,25.105623419278075,25.106034594649753,25.10397871779136,0.00011580000000000001,True,True,False,False,phase6r_full_state_feasible_interval_reduced
20.0,7.992498144763459,7.992498144763459,0.10555089601533794,3.5250009214304288,25.23289688990547,25.2336606732115,25.229841756681342,6.280000000000001e-05,True,True,False,False,phase6r_full_state_feasible_interval_reduced
25.0,9.966500858282688,9.966500858282688,0.10831936847597202,3.592166512554068,25.43671874549687,25.43795356128918,25.431779482327613,6.620000000000001e-05,True,True,False,False,phase6r_full_state_feasible_interval_reduced
30.0,9.525358216802804,9.525358216802804,0.11096530131397281,3.6025688829218216,25.635119227828348,25.636359601766372,25.630157732076253,8.790000000000001e-05,True,True,False,False,phase6r_full_state_feasible_interval_reduced
35.0,9.338687885137723,9.338687885137723,0.11355938128206662,3.615206352808525,25.834239329649,25.83552019287434,25.82911587674764,7.3e-05,True,True,False,False,phase6r_full_state_feasible_interval_reduced
40.0,9.171288447177563,9.171288447177563,0.11610696140628261,3.625836866858868,26.032691211275065,26.034004577269922,26.027437747295632,7.09e-05,True,True,False,False,phase6r_full_state_feasible_interval_reduced
45.0,9.010176069087175,9.010176069087175,0.11860978809214016,3.634727538353776,26.229176546590182,26.23051469879378,26.22382393777579,8.32e-05,True,True,False,False,phase6r_full_state_feasible_interval_reduced
50.0,8.85579632967481,8.85579632967481,0.12106973151704983,3.642300149897912,26.422819713015762,26.424177170002494,26.41738988506884,4.32e-05,True,True,False,False,phase6r_full_state_feasible_interval_reduced
55.0,8.708495979204205,8.708495979204205,0.12348875817793989,3.648875331907848,26.613056618413886,26.614429560890343,26.607564848508037,4.63e-05,True,True,False,False,phase6r_full_state_feasible_interval_reduced
60.0,8.568716198904301,8.568716198904301,0.12586895712207996,3.6547019249539994,26.799559073269496,26.8009449586682,26.794015531674678,3.32e-05,True,True,False,False,phase6r_full_state_feasible_interval_reduced
65.0,8.436940161284587,8.436940161284587,0.1282125516113257,3.6599745861042305,26.982178115608722,26.98357538971334,26.976589019190246,3.16e-05,True,True,False,False,phase6r_full_state_feasible_interval_reduced
70.0,8.313340958560994,8.313340958560994,0.13052181298870374,3.6648390978221896,27.160889445267387,27.162297255812316,27.155258203087673,3.08e-05,True,True,False,False,phase6r_full_state_feasible_interval_reduced
75.0,8.197706786795829,8.197706786795829,0.1327989537628137,3.66940003815355,27.335747258799554,27.33716520822993,27.33007546107805,3.03e-05,True,True,False,False,phase6r_full_state_feasible_interval_reduced
80.0,8.089571465361232,8.089571465361232,0.13504605694763627,3.673730854683597,27.506851295652893,27.50827926272027,27.50113942738338,3.0600000000000005e-05,True,True,False,False,phase6r_full_state_feasible_interval_reduced
85.0,7.988346759146376,7.988346759146376,0.13726504215851026,3.677882536061617,27.674325069586864,27.675763090345313,27.66857298655307,3.0200000000000002e-05,True,True,False,False,phase6r_full_state_feasible_interval_reduced
90.0,7.8878763879459495,7.8878763879459495,0.1394561189329397,3.6817533892693777,27.838098624156693,27.83954562556621,27.832310618518623,3.03e-05,True,True,False,False,phase6r_full_state_feasible_interval_reduced
95.0,7.756529343069379,7.756529343069379,0.1416107104171256,3.684585554011549,27.99696863174671,27.99841689846679,27.99117556486639,2.9900000000000002e-05,True,True,False,False,phase6r_full_state_feasible_interval_reduced
100.0,7.648136301296949,7.648136301296949,0.14373519272304144,3.6876407651946224,28.151681622112307,28.153134624226013,28.145869613657492,3.0100000000000003e-05,True,True,False,False,phase6r_full_state_feasible_interval_reduced
105.0,7.544664243238576,7.544664243238576,0.14583093279060771,3.690564862287511,28.30237041256914,28.303828166801082,28.296539395641364,3.03e-05,True,True,False,False,phase6r_full_state_feasible_interval_reduced
110.0,7.448929637765329,7.448929637765329,0.1479000799122092,3.6934526480433414,28.449280794498176,28.450744002699267,28.443427961693803,3.0100000000000003e-05,True,True,False,False,phase6r_full_state_feasible_interval_reduced
115.0,7.358468792429017,7.358468792429017,0.14994409902121725,3.696272151877488,28.592581890855758,28.59405085135835,28.586706048845397,2.9800000000000003e-05,True,True,False,False,phase6r_full_state_feasible_interval_reduced
120.0,7.272610034971614,7.272610034971614,0.15196426847537603,3.6990244498771805,28.732425065610062,28.7339000037951,28.72652531286991,3e-05,True,True,False,False,phase6r_full_state_feasible_interval_reduced
125.0,7.190485096909268,7.190485096909268,0.15396162544673972,3.7017016647900602,28.868935104671777,28.870416118134226,28.863011050821964,3.0100000000000003e-05,True,True,False,False,phase6r_full_state_feasible_interval_reduced
130.0,7.1114787417399095,7.1114787417399095,0.15593703620833413,3.7042983518426302,29.002217628707218,29.003704725756442,28.996269240510312,2.9900000000000002e-05,True,True,False,False,phase6r_full_state_feasible_interval_reduced
135.0,7.035079140479195,7.035079140479195,0.15789122485846724,3.7068092120101848,29.132361895952922,29.13385500850265,29.126389445754004,2.9800000000000003e-05,True,True,False,False,phase6r_full_state_feasible_interval_reduced
140.0,6.960885515258641,6.960885515258641,0.1598248041682613,3.7092299876783565,29.25944418667014,29.2609431870433,29.253448185177515,5.5700000000000005e-05,True,True,False,False,phase6r_full_state_feasible_interval_reduced
145.0,6.888586538908837,6.888586538908837,0.1617383004290693,3.711557507551823,29.383530659277145,29.385035374539196,29.37751179822893,5.9800000000000003e-05,True,True,False,False,phase6r_full_state_feasible_interval_reduced
150.0,6.81794820447549,6.81794820447549,0.1636321749303125,3.7137897895513325,29.50467991590715,29.506190141022064,29.498639015447488,5.2000000000000004e-05,True,True,False,False,phase6r_full_state_feasible_interval_reduced
155.0,6.748801486697758,6.748801486697758,0.16550684200995078,3.7159260271723897,29.62294521548046,29.624460724873984,29.616883177906363,4.9000000000000005e-05,True,True,False,False,phase6r_full_state_feasible_interval_reduced
160.0,6.681031020895371,6.681031020895371,0.1673626839601995,3.7179665135874087,29.738376331837166,29.73989688928863,29.73229410203131,5e-05,True,True,False,False,phase6r_full_state_feasible_interval_reduced
165.0,6.6145644808504676,6.6145644808504676,0.16920006298265794,3.7199125170799343,29.851021057305083,29.85254642410501,29.844919590105377,4.77e-05,True,True,False,False,phase6r_full_state_feasible_interval_reduced
170.0,6.549362834205608,6.549362834205608,0.17101933043660394,3.7217661277618816,29.960926367700992,29.96245630910325,29.95480660209196,4.5e-05,True,True,False,False,phase6r_full_state_feasible_interval_reduced
175.0,6.485411637225986,6.485411637225986,0.17282083366916673,3.723530091958287,30.068139277022166,30.069673567094053,30.062002116734615,4.7000000000000004e-05,True,True,False,False,phase6r_full_state_feasible_interval_reduced
180.0,6.422713500570619,6.422713500570619,0.17460492075265857,3.72520764751058,30.17270741915156,30.174245844183382,30.16655371902428,4.89e-05,True,True,False,False,phase6r_full_state_feasible_interval_reduced
185.0,6.361281790291135,6.361281790291135,0.17637194347218388,3.726802369732496,30.274679399036266,30.276221759708843,30.26850995634596,4.85e-05,True,True,False,False,phase6r_full_state_feasible_interval_reduced
190.0,6.301135557514179,6.301135557514179,0.17812225890482672,3.728318034447942,30.3741049573012,30.375651069826333,30.36792050720068,5.84e-05,True,True,False,False,phase6r_full_state_feasible_interval_reduced
195.0,6.242295628844512,6.242295628844512,0.1798562299128391,3.729758501664581,30.47103499078305,30.472584687231283,30.464836204990117,4.72e-05,True,True,False,False,phase6r_full_state_feasible_interval_reduced
200.0,6.184781743594229,6.184781743594229,0.18157422484161526,3.731127621104579,30.56552146781631,30.56707459583285,30.559308955750158,4.75e-05,True,True,False,False,phase6r_full_state_feasible_interval_reduced
205.0,6.1286105949437495,6.1286105949437495,0.18327661667354408,3.73242915905098,30.657617272072,30.659173694159193,30.651391583723225,4.7600000000000005e-05,True,True,False,False,phase6r_full_state_feasible_interval_reduced
210.0,6.073794618895766,6.073794618895766,0.18496378184545959,3.7336667447456793,30.747376003046675,30.74893559556439,30.741137632975814,4.94e-05,True,True,False,False,phase6r_full_state_feasible_interval_reduced
215.0,6.020341374813527,6.020341374813527,0.1866360988940189,3.7348438338296193,30.83485175549814,30.836414407504492,30.828601147472718,4.7600000000000005e-05,True,True,False,False,phase6r_full_state_feasible_interval_reduced
220.0,5.968253371241872,5.968253371241872,0.1882939470526972,3.735963685965056,30.92009889464724,30.921664506674247,30.913836446539214,4.8700000000000005e-05,True,True,False,False,phase6r_full_state_feasible_interval_reduced
225.0,5.917528207315443,5.917528207315443,0.1899377048880626,3.737029353733763,31.00317183909216,31.00474032192537,30.996897907759326,4.99e-05,True,True,False,False,phase6r_full_state_feasible_interval_reduced
230.0,5.86815892037133,5.86815892037133,0.1915677490326102,3.7380436800764625,31.08412485926454,31.0856961327739,31.077839765227104,4.77e-05,True,True,False,False,phase6r_full_state_feasible_interval_reduced
235.0,5.820134451918067,5.820134451918067,0.19318445304703188,3.739009301848905,31.163011895946152,31.164585887997358,31.156715927741335,6.54e-05,True,True,False,False,phase6r_full_state_feasible_interval_reduced
240.0,5.773440164988343,5.773440164988343,0.1947881864261953,3.7399286574535715,31.239886400835765,31.24146304629739,31.233579818989263,5.3400000000000004e-05,True,True,False,False,phase6r_full_state_feasible_interval_reduced
245.0,5.728058364837144,5.728058364837144,0.19637931374976117,3.740803996911938,31.31480119933376,31.316380439185213,31.30848423992796,4.9300000000000006e-05,True,True,False,False,phase6r_full_state_feasible_interval_reduced
250.0,5.683968791187851,5.683968791187851,0.19795819396953557,3.7416373931339137,31.38780837449427,31.389390155032444,31.381481252341565,4.7300000000000005e-05,True,True,False,False,phase6r_full_state_feasible_interval_reduced
255.0,5.641149063449871,5.641149063449871,0.19952517982049386,3.7424307534941326,31.458959170366995,31.460543442505163,31.452622081814333,4.9000000000000005e-05,True,True,False,False,phase6r_full_state_feasible_interval_reduced
260.0,5.599575070523589,5.599575070523589,0.20108061734008376,3.7431881904505397,31.528303912600602,31.52989063125054,31.521957038000842,4.66e-05,True,True,False,False,phase6r_full_state_feasible_interval_reduced
265.0,5.559221304180776,5.559221304180776,0.20262484548013396,3.74391859058765,31.595891944102018,31.597481067629747,31.5895354499911,4.5600000000000004e-05,True,True,False,False,phase6r_full_state_feasible_interval_reduced
270.0,5.5200611399056205,5.5200611399056205,0.2041581957967744,3.7446245508793936,31.661771573651606,31.663363063397096,31.65540561466964,4.72e-05,True,True,False,False,phase6r_full_state_feasible_interval_reduced
275.0,5.482067071920575,5.482067071920575,0.20568099220564123,3.7453080753692722,31.725990035587827,31.727583855440088,31.719614756178785,4.66e-05,True,True,False,False,phase6r_full_state_feasible_interval_reduced
280.0,5.445210910342974,5.445210910342974,0.20719355079184762,3.745971026696577,31.788593458939626,31.79018957495967,31.782208994859452,4.72e-05,True,True,False,False,phase6r_full_state_feasible_interval_reduced
285.0,5.409463948452768,5.409463948452768,0.20869617966641782,3.746615135617106,31.849626844657614,31.85122522474316,31.84323332431544,4.5900000000000004e-05,True,True,False,False,phase6r_full_state_feasible_interval_reduced
290.0,5.374797107290627,5.374797107290627,0.21018917886288743,3.747242009830825,31.909134049848614,31.91073466343558,31.902731595500747,4.9300000000000006e-05,True,True,False,False,phase6r_full_state_feasible_interval_reduced
295.0,5.341181063586875,5.341181063586875,0.21167284026943933,3.7478531422361296,31.96715777813513,31.96876059593209,31.96074650694729,4.4800000000000005e-05,True,True,False,False,phase6r_full_state_feasible_interval_reduced
300.0,5.3085863656169625,5.3085863656169625,0.21314744759322182,3.7484499187142006,32.02373957543572,32.02534456918828,32.01731960042547,4.4500000000000004e-05,True,True,False,False,phase6r_full_state_feasible_interval_reduced
305.0,5.276983540192158,5.276983540192158,0.21461327635438632,3.7490336255242585,32.07891983059271,32.08052697287549,32.072491261461586,4.86e-05,True,True,False,False,phase6r_full_state_feasible_interval_reduced
310.0,5.246343192761678,5.246343192761678,0.21607059390793124,3.7496054563661474,32.132737780365716,32.13434704439997,32.1263007242287,4.8100000000000004e-05,True,True,False,False,phase6r_full_state_feasible_interval_reduced
315.0,5.2166361016023775,5.2166361016023775,0.21751965949170968,3.7501665191441393,32.185231518368845,32.186842877864066,32.178786080387965,4.89e-05,True,True,False,False,phase6r_full_state_feasible_interval_reduced
320.0,5.187833306334091,5.187833306334091,0.2189607242990247,3.750717842447082,32.23643800756502,32.238051436582985,32.229984291493174,4.7300000000000005e-05,True,True,False,False,phase6r_full_state_feasible_interval_reduced
325.0,5.159906190515414,5.159906190515414,0.22039403157416787,3.7512603817460377,32.28639309594975,32.2880085687895,32.27993120459073,4.7600000000000005e-05,True,True,False,False,phase6r_full_state_feasible_interval_reduced
330.0,5.132826557815578,5.132826557815578,0.22181981672911663,3.751795025301534,32.33513153506564,32.33674902616792,32.32866157065652,5.16e-05,True,True,False,False,phase6r_full_state_feasible_interval_reduced
335.0,5.1065667011788625,5.1065667011788625,0.2232383074794441,3.752322599767923,32.38268700099405,32.38430648486357,32.376209065515994,4.7900000000000006e-05,True,True,False,False,phase6r_full_state_feasible_interval_reduced
340.0,5.081099464450505,5.081099464450505,0.224649723997347,3.752843875481391,32.429092117474426,32.43071356861844,32.422606312898395,6.54e-05,True,True,False,False,phase6r_full_state_feasible_interval_reduced
345.0,5.056398296071352,5.056398296071352,0.22605427907958905,3.7533595714199657,32.47437848080883,32.47600187369038,32.46788490928265,4.78e-05,True,True,False,False,phase6r_full_state_feasible_interval_reduced
350.0,5.032437294632676,5.032437294632676,0.22745217832809814,3.753870359827468,32.518576686219646,32.52020199522386,32.5120754502028,5.7e-05,True,True,False,False,phase6r_full_state_feasible_interval_reduced
355.0,5.009191246281004,5.009191246281004,0.22884362034095398,3.7543768704979463,32.561716355342774,32.563343554754624,32.55520755769537,4.6200000000000005e-05,True,True,False,False,phase6r_full_state_feasible_interval_reduced
360.0,4.98663565415279,4.98663565415279,0.23022879691155199,3.754879694722125,32.603826164557546,32.60545522854953,32.597309908589594,4.8e-05,True,True,False,False,phase6r_full_state_feasible_interval_reduced
365.0,4.964746760184823,4.964746760184823,0.23160789323382555,3.7553793889021363,32.64493387387637,32.646564776504654,32.63841026336325,4.66e-05,True,True,False,False,phase6r_full_state_feasible_interval_reduced
370.0,4.943501559780678,4.943501559780678,0.23298108811154242,3.755876477845115,32.68506635614173,32.68669907134933,32.678535495311316,4.5400000000000006e-05,True,True,False,False,phase6r_full_state_feasible_interval_reduced
375.0,4.922877809912762,4.922877809912762,0.2343485541698515,3.7563714577498257,32.7242496263041,32.72588412792996,32.71771161980068,4.71e-05,True,True,False,False,phase6r_full_state_feasible_interval_reduced
380.0,4.902854031304635,4.902854031304635,0.23571045806743612,3.756864798903237,32.76250887058149,32.76414513237412,32.75596382341098,4.7600000000000005e-05,True,True,False,False,phase6r_full_state_feasible_interval_reduced
385.0,4.883409505372217,4.883409505372217,0.2370669607078173,3.7573569481059708,32.79986847532744,32.801506470962266,32.79331649278815,4.71e-05,True,True,False,False,phase6r_full_state_feasible_interval_reduced
390.0,4.864524266609881,4.864524266609881,0.23841821744854227,3.7578483308467603,32.836352055460814,32.8379917585602,32.829793243063286,6.340000000000001e-05,True,True,False,False,phase6r_full_state_feasible_interval_reduced
395.0,4.846179091093272,4.846179091093272,0.23976437830717928,3.7583393532465945,32.87198248233467,32.87362386648986,32.86541694571392,4.99e-05,True,True,False,False,phase6r_full_state_feasible_interval_reduced
400.0,4.828355481740195,4.828355481740195,0.24110558816321823,3.7588304037932323,32.906781910944794,32.9084249497391,32.90020975576755,4.72e-05,True,True,False,False,phase6r_full_state_feasible_interval_reduced
405.0,4.8110356509284475,4.8110356509284475,0.2424419869551428,3.759321854886279,32.94077180639906,32.94241647343171,32.934193138268455,4.6800000000000006e-05,True,True,False,False,phase6r_full_state_feasible_interval_reduced
410.0,4.794202501019639,4.794202501019639,0.2437737098720927,3.759814064212193,32.97397296958776,32.97561923849788,32.967387893947304,4.5400000000000006e-05,True,True,False,False,phase6r_full_state_feasible_interval_reduced
415.0,4.777839603283714,4.777839603283714,0.24510088753967152,3.760307375967536,33.00640556201147,33.008053406501844,32.999814184049995,4.4500000000000004e-05,True,True,False,False,phase6r_full_state_feasible_interval_reduced
420.0,4.761931175663285,4.761931175663285,0.246423646199578,3.7608021219474965,33.038089129737806,33.0397385235981,33.03149155429661,6.08e-05,True,True,False,False,phase6r_full_state_feasible_interval_reduced
425.0,4.746462059761834,4.746462059761834,0.24774210788284518,3.7612986225153886,33.06904262647077,33.07069354359996,33.062438957954015,6.31e-05,True,True,False,False,phase6r_full_state_feasible_interval_reduced
430.0,4.73141769738691,4.73141769738691,0.24905639057656376,3.7617971874674363,33.09928443572708,33.100936850154795,33.092674778016224,5.27e-05,True,True,False,False,phase6r_full_state_feasible_interval_reduced
435.0,4.71678410692998,4.71678410692998,0.2503666083840443,3.762298116805768,33.12883239212277,33.13048627802957,33.12221684849554,5.64e-05,True,True,False,False,phase6r_full_state_feasible_interval_reduced
440.0,4.70254785981871,4.70254785981871,0.2516728716784384,3.7628017014311976,33.15770380178061,33.159359133517,33.15108247483505,7.66e-05,True,True,False,False,phase6r_full_state_feasible_interval_reduced
445.0,4.688696057236203,4.688696057236203,0.2529752872498929,3.763308223766086,33.185915461874984,33.18757221397905,33.179288453458696,4.1700000000000004e-05,True,True,False,False,phase6r_full_state_feasible_interval_reduced
450.0,4.675216307264613,4.675216307264613,0.25427395844635525,3.7638179583163867,33.21348367933518,33.21514182654898,33.20685109047999,3.2200000000000003e-05,True,True,False,False,phase6r_full_state_feasible_interval_reduced
455.0,4.662096702577961,4.662096702577961,0.25556898530818245,3.7643311721808534,33.2404242887321,33.24208380601659,33.23378621959414,3.12e-05,True,True,False,False,phase6r_full_state_feasible_interval_reduced
460.0,4.649325798780441,4.649325798780441,0.25686046469673257,3.7648481255143915,33.26675266937555,33.26841353192425,33.26010921918075,3.0500000000000003e-05,True,True,False,False,phase6r_full_state_feasible_interval_reduced
465.0,4.636892593462022,4.636892593462022,0.25814849041713867,3.7653690719515995,33.29248376165163,33.29414594490293,33.28583502864644,3.0600000000000005e-05,True,True,False,False,phase6r_full_state_feasible_interval_reduced
470.0,4.624786506022123,4.624786506022123,0.2594331533354781,3.765894258995742,33.317632082630425,33.31929556227861,33.3109781640377,3e-05,True,True,False,False,phase6r_full_state_feasible_interval_reduced
475.0,4.612997358294526,4.612997358294526,0.26071454149055995,3.7664239283776593,33.34221174097536,33.343876492980414,33.335552732955136,4.49e-05,True,True,False,False,phase6r_full_state_feasible_interval_reduced
480.0,4.601515355991864,4.601515355991864,0.2619927402005577,3.766958316388464,33.36623645118525,33.3679024517815,33.35957244880028,3.0500000000000003e-05,True,True,False,False,phase6r_full_state_feasible_interval_reduced
485.0,4.59033107097594,4.59033107097594,0.26326783216471766,3.7674976541893344,33.38971954720035,33.391386772903935,33.383050644386024,3e-05,True,True,False,False,phase6r_full_state_feasible_interval_reduced
490.0,4.579435424350223,4.579435424350223,0.2645398975603705,3.76804216810119,33.41267399540279,33.414342423018155,33.406000284941356,3.0200000000000002e-05,True,True,False,False,phase6r_full_state_feasible_interval_reduced
495.0,4.568819670362913,4.568819670362913,0.2658090141354713,3.7685920798766506,33.43511240704148,33.436782013666814,33.428433980540134,2.9900000000000002e-05,True,True,False,False,phase6r_full_state_feasible_interval_reduced
500.0,4.558475381102815,4.558475381102815,0.26707525729688875,3.76914760695626,33.457047050110255,33.45871781314206,33.450363997983054,4.5e-05,True,True,False,False,phase6r_full_state_feasible_interval_reduced
505.0,4.54839443196549,4.54839443196549,0.26833870019465694,3.769708962710696,33.47848986070749,33.48016175784422,33.47180227216057,4.8e-05,True,True,False,False,phase6r_full_state_feasible_interval_reduced
510.0,4.53856898786353,4.53856898786353,0.2695994138023968,3.770276356670379,33.49945245390375,33.501125463148725,33.49276041692386,4.43e-05,True,True,False,False,phase6r_full_state_feasible_interval_reduced
515.0,4.528991490152434,4.528991490152434,0.27085746699410584,3.770849994743689,33.51994613414338,33.5216202338069,33.513249735489296,4.46e-05,True,True,False,False,phase6r_full_state_feasible_interval_reduced
520.0,4.519654644241738,4.519654644241738,0.2721129266175063,3.7714300794247944,33.539981905204414,33.54165707390523,33.533281230401144,4.9000000000000005e-05,True,True,False,False,phase6r_full_state_feasible_interval_reduced
525.0,4.5105514078602456,4.5105514078602456,0.2733658575641342,3.7720168099919484,33.559570479740124,33.561246696406265,33.55286561307556,5.6300000000000006e-05,True,True,False,False,phase6r_full_state_feasible_interval_reduced
530.0,4.501674979943658,4.501674979943658,0.27461632283634074,3.7726103826969632,33.57872228842423,33.58039953229326,33.57201331294811,4.07e-05,True,True,False,False,phase6r_full_state_feasible_interval_reduced
535.0,4.493018790113154,4.493018790113154,0.27586438361137217,3.7732109909464633,33.59744748872066,33.599125739339414,33.590734486245644,3.1e-05,True,True,False,False,phase6r_full_state_feasible_interval_reduced
540.0,4.484576488713664,4.484576488713664,0.2771100993026815,3.773818825475438,33.61575597329767,33.617435210521506,33.6090390244023,3.0500000000000003e-05,True,True,False,False,phase6r_full_state_feasible_interval_reduced
545.0,4.476341937381555,4.476341937381555,0.2783535276186208,3.774434074513516,33.63365737810476,33.635337582096405,33.626936562138184,3.0200000000000002e-05,True,True,False,False,phase6r_full_state_feasible_interval_reduced
550.0,4.468309200112139,4.468309200112139,0.279594724618652,3.7750569239443545,33.65116109013017,33.65284224135811,33.64443648521838,3.0200000000000002e-05,True,True,False,False,phase6r_full_state_feasible_interval_reduced
555.0,4.4604725347985825,4.4604725347985825,0.2808337447672071,3.775687557458435,33.668276254855144,33.669958334091746,33.66154793790872,3.0500000000000003e-05,True,True,False,False,phase6r_full_state_feasible_interval_reduced
560.0,4.452826385215043,4.452826385215043,0.2820706409853224,3.776326156699588,33.68501178342088,33.68669477174013,33.67827983014389,3.07e-05,True,True,False,False,phase6r_full_state_feasible_interval_reduced
565.0,4.445365373417941,4.445365373417941,0.2833054647001607,3.77697290140546,33.701376359522385,33.70306023829735,33.69464084442252,3.0200000000000002e-05,True,True,False,False,phase6r_full_state_feasible_interval_reduced
570.0,4.438084292540784,4.438084292540784,0.28453826589253317,3.777627969542169,33.717378446043185,33.71906319694325,33.710639442442925,3.0600000000000005e-05,True,True,False,False,phase6r_full_state_feasible_interval_reduced
575.0,4.430978099959042,4.430978099959042,0.2857690931425218,3.7782915374333466,33.733026291443835,33.73471189643169,33.72628387149241,3.0100000000000003e-05,True,True,False,False,phase6r_full_state_feasible_interval_reduced
580.0,4.42404191080301,4.42404191080301,0.2869979936733004,3.778963779883743,33.74832793591609,33.75001437724451,33.7415821706024,3.04e-05,True,True,False,False,phase6r_full_state_feasible_interval_reduced
585.0,4.4172709917978965,4.4172709917978965,0.2882250133932443,3.7796448702975844,33.76329121731442,33.76497847752289,33.75654217648055,3.0100000000000003e-05,True,True,False,False,phase6r_full_state_feasible_interval_reduced
590.0,4.4106607554114206,4.4106607554114206,0.28945019693641416,3.7803349807918356,33.77792377687542,33.779611838786565,33.77117152923083,3.04e-05,True,True,False,False,phase6r_full_state_feasible_interval_reduced
595.0,4.404206754290644,4.404206754290644,0.2906735877014949,3.7810342823045215,33.792233064735136,33.79392191145107,33.78547767787139,3.0100000000000003e-05,True,True,False,False,phase6r_full_state_feasible_interval_reduced
600.0,4.397904675970746,4.397904675970746,0.29189522788926453,3.7817429446982738,33.80622634525396,33.80791596015247,33.79946788565991,3e-05,True,True,False,False,phase6r_full_state_feasible_interval_reduced
605.0,4.391750337839589,4.391750337839589,0.29311515853866443,3.7824611368592165,33.81991070215775,33.821601068888405,33.81314923523513,3.0100000000000003e-05,True,True,False,False,phase6r_full_state_feasible_interval_reduced
610.0,4.385739682343,4.385739682343,0.29433341956153747,3.783189026791368,33.8332930435038,33.83498414598396,33.82652863358318,2.9800000000000003e-05,True,True,False,False,phase6r_full_state_feasible_interval_reduced
615.0,4.379868772416606,4.379868772416606,0.2955500497760976,3.783926781706668,33.84638010647938,33.84807192889014,33.83961281683634,2.9900000000000002e-05,True,True,False,False,phase6r_full_state_feasible_interval_reduced
620.0,4.3741337871310435,4.3741337871310435,0.29676508693918957,3.784674568110776,33.85917846204034,33.860870988822434,33.85240835491198,4.41e-05,True,True,False,False,phase6r_full_state_feasible_interval_reduced
625.0,4.368531017538215,4.368531017538215,0.2979785677773946,3.785432551884775,33.87169451939683,33.873387735246446,33.86492165599836,4.7300000000000005e-05,True,True,False,False,phase6r_full_state_feasible_interval_reduced
630.0,4.363056862707084,4.363056862707084,0.2991905280170355,3.7862008983629023,33.883934530352676,33.885628420217294,33.877158970894214,6.83e-05,True,True,False,False,phase6r_full_state_feasible_interval_reduced
635.0,4.357707825938203,4.357707825938203,0.30040100241312945,3.786979300744321,33.895904593504774,33.89759914257891,33.88912639720822,6.82e-05,True,True,False,False,phase6r_full_state_feasible_interval_reduced
640.0,4.35248051114701,4.35248051114701,0.30161002477733695,3.787761667735974,33.90761065830823,33.909305852029235,33.90082988342422,8.450000000000001e-05,True,True,False,False,phase6r_full_state_feasible_interval_reduced
645.0,4.347371619406456,4.347371619406456,0.3028176280049499,3.7885460613440793,33.91905852901302,33.9207543530568,33.9122752328379,6.74e-05,True,True,False,False,phase6r_full_state_feasible_interval_reduced
650.0,4.342377945640224,4.342377945640224,0.30402384410096106,3.7893324488058537,33.93025386847728,33.931950308754075,33.923468107370105,5.7300000000000004e-05,True,True,False,False,phase6r_full_state_feasible_interval_reduced
655.0,4.337496375458344,4.337496375458344,0.30522870420525505,3.7901207977427043,33.941202201862374,33.9428992445125,33.93441403126185,6.06e-05,True,True,False,False,phase6r_full_state_feasible_interval_reduced
660.0,4.332723882127541,4.332723882127541,0.3064322386169571,3.7909110761884217,33.95190892021432,33.95360655160396,33.945118394655765,7.16e-05,True,True,False,False,phase6r_full_state_feasible_interval_reduced
665.0,4.328057523669186,4.328057523669186,0.30763447681797634,3.791703252615779,33.96237928393624,33.964077490653196,33.95558645706839,6.32e-05,True,True,False,False,phase6r_full_state_feasible_interval_reduced
670.0,4.323494440078086,4.323494440078086,0.3088354474957758,3.792497295961566,33.97261842615589,33.97431719500543,33.96582335075772,7.13e-05,True,True,False,False,phase6r_full_state_feasible_interval_reduced
675.0,4.319031850655908,4.319031850655908,0.3100351785654024,3.7932931756501143,33.98263135599254,33.984330673993206,33.97583408398987,7.44e-05,True,True,False,False,phase6r_full_state_feasible_interval_reduced
680.0,4.314667051453327,4.314667051453327,0.3112336971908061,3.7940908616153615,33.992422961726824,33.99412281610631,33.98562354420888,6.440000000000001e-05,True,True,False,False,phase6r_full_state_feasible_interval_reduced
685.0,4.31039741281535,4.31039741281535,0.31243102980547705,3.7948903243214898,34.00199801387741,34.00369839206846,33.995196501113234,6.92e-05,True,True,False,False,phase6r_full_state_feasible_interval_reduced
690.0,4.306220377024722,4.306220377024722,0.31362720213242834,3.795691534782194,34.011361168187825,34.01306205782415,34.00455760964252,6.120000000000001e-05,True,True,False,False,phase6r_full_state_feasible_interval_reduced
695.0,4.302133456038489,4.302133456038489,0.3148222392035501,3.7964944645786285,34.02051696852679,34.02221835743909,34.013711412877605,4.19e-05,True,True,False,False,phase6r_full_state_feasible_interval_reduced
700.0,4.298134229313197,4.298134229313197,0.31601616537835936,3.7972990858760687,34.0294698497053,34.03117172591724,34.02266234485755,4.3e-05,True,True,False,False,phase6r_full_state_feasible_interval_reduced
705.0,4.294220341714419,4.294220341714419,0.3172090043621689,3.79810537143935,34.0382241402133,34.03992649193759,34.031414733316126,3.1700000000000005e-05,True,True,False,False,phase6r_full_state_feasible_interval_reduced
710.0,4.290389501506588,4.290389501506588,0.3184007792236985,3.7989132946471043,34.046784064878935,34.048486880513465,34.03997280234081,3.08e-05,True,True,False,False,phase6r_full_state_feasible_interval_reduced
715.0,4.28663947841934,4.28663947841934,0.31959151241214834,3.7997228295048773,34.055153747453105,34.05685701557707,34.04834067495724,4.66e-05,True,True,False,False,phase6r_full_state_feasible_interval_reduced
720.0,4.282968101786767,4.282968101786767,0.3207812257737558,3.8005339506571274,34.06333721312189,34.06504092249203,34.05652237564133,3.1400000000000004e-05,True,True,False,False,phase6r_full_state_feasible_interval_reduced
725.0,4.279373258756229,4.279373258756229,0.3219699405678547,3.8013466333981922,34.07133839094937,34.073042530496224,34.06452183276197,5.58e-05,True,True,False,False,phase6r_full_state_feasible_interval_reduced
730.0,4.275852892563527,4.275852892563527,0.3231576774824557,3.8021608536822287,34.079161116253246,34.08086567507746,34.07234288095636,5.4800000000000004e-05,True,True,False,False,phase6r_full_state_feasible_interval_reduced
735.0,4.272405000871435,4.272405000871435,0.32434445664936445,3.8029765881322057,34.08680913291547,34.08851410028421,34.07998926344051,3.18e-05,True,True,False,False,phase6r_full_state_feasible_interval_reduced
740.0,4.2690276341687605,4.2690276341687605,0.32553029765885577,3.8037938140479466,34.09428609563022,34.09599146097354,34.0874646342569,3.1400000000000004e-05,True,True,False,False,phase6r_full_state_feasible_interval_reduced
745.0,4.265718894227216,4.265718894227216,0.3267152195739189,3.8046125094133147,34.10159557209111,34.10330132499851,34.09477256046151,3.08e-05,True,True,False,False,phase6r_full_state_feasible_interval_reduced
750.0,4.262476932613588,4.262476932613588,0.32789924094408934,3.8054326529025295,34.10874104511985,34.110447175336745,34.10191652425225,3.09e-05,True,True,False,False,phase6r_full_state_feasible_interval_reduced
755.0,4.259299949254806,4.259299949254806,0.32908237981888233,3.8062542238856856,34.115725914738064,34.11743241216244,34.108899925040575,3.04e-05,True,True,False,False,phase6r_full_state_feasible_interval_reduced
760.0,4.256186191053566,4.256186191053566,0.33026465376084163,3.807077202433501,34.12255350018433,34.12426035486336,34.115726081468225,7.16e-05,True,True,False,False,phase6r_full_state_feasible_interval_reduced
765.0,4.25313395055246,4.25313395055246,0.33144607985821734,3.807901569321329,34.12922704187803,34.13093424400481,34.1223982333709,5.7e-05,True,True,False,False,phase6r_full_state_feasible_interval_reduced
770.0,4.250141564644412,4.250141564644412,0.33262667473728524,3.808727306032464,34.135749703331776,34.13745724324211,34.128919543690444,4.85e-05,True,True,False,False,phase6r_full_state_feasible_interval_reduced
775.0,4.2472074133276285,4.2472074133276285,0.3338064545743207,3.809554394760792,34.142124573014094,34.1438324411833,34.135293100337265,4.74e-05,True,True,False,False,phase6r_full_state_feasible_interval_reduced
780.0,4.244329918503086,4.244329918503086,0.3349854351072382,3.8103828184127972,34.14835466616379,34.15006285320361,34.14152191800453,4.71e-05,True,True,False,False,phase6r_full_state_feasible_interval_reduced
785.0,4.241507542812879,4.241507542812879,0.33616363164690843,3.8112125606089697,34.154442926557685,34.15615142321322,34.14760893993557,4.85e-05,True,True,False,False,phase6r_full_state_feasible_interval_reduced
790.0,4.238738788517716,4.238738788517716,0.33734105908816336,3.8120436056846425,34.16039222823298,34.1621010253797,34.15355703964612,4.7300000000000005e-05,True,True,False,False,phase6r_full_state_feasible_interval_reduced
795.0,4.236022196411985,4.236022196411985,0.33851773192050005,3.8128759386902793,34.166205377165774,34.16791446580659,34.159369022602505,4.9300000000000006e-05,True,True,False,False,phase6r_full_state_feasible_interval_reduced
800.0,4.233356344774878,4.233356344774878,0.33969366423849306,3.813709545391254,34.171885112907,34.17359448416939,34.165047627857426,4.7000000000000004e-05,True,True,False,False,phase6r_full_state_feasible_interval_reduced
805.0,4.230739848356126,4.230739848356126,0.3408688697519253,3.8145444122671406,34.1774341101771,34.17914375531029,34.17059552964436,4.97e-05,True,True,False,False,phase6r_full_state_feasible_interval_reduced
810.0,4.2281713573949755,4.2281713573949755,0.34204336179564615,3.815380526510533,34.18285498042069,34.18456489079287,34.17601533893198,4.83e-05,True,True,False,False,phase6r_full_state_feasible_interval_reduced
815.0,4.22564955667109,4.22564955667109,0.3432171533391659,3.816217876025444,34.18815027332228,34.189860440417924,34.181309604939706,4.72e-05,True,True,False,False,phase6r_full_state_feasible_interval_reduced
820.0,4.223173164586137,4.223173164586137,0.3443902569959954,3.8170564494252757,34.19332247828442,34.19503289370164,34.18648081661557,5.2100000000000006e-05,True,True,False,False,phase6r_full_state_feasible_interval_reduced
825.0,4.220740932274847,4.220740932274847,0.3455626850327384,3.817896236030409,34.198374025869214,34.200084681317136,34.1915314040775,5.03e-05,True,True,False,False,phase6r_full_state_feasible_interval_reduced
830.0,4.21835164274444,4.21835164274444,0.3467344493779452,3.818737225865425,34.20330728920423,34.205018176500516,34.1964637400191,6.13e-05,True,True,False,False,phase6r_full_state_feasible_interval_reduced
835.0,4.216004110041293,4.216004110041293,0.34790556163073444,3.8195794096559768,34.208124585354064,34.209835696422374,34.20128014108084,4.6200000000000005e-05,True,True,False,False,phase6r_full_state_feasible_interval_reduced
840.0,4.213697178443857,4.213697178443857,0.34907603306919105,3.82042277882534,34.21282817665824,34.214539503525835,34.20598286918787,3.0600000000000005e-05,True,True,False,False,phase6r_full_state_feasible_interval_reduced
845.0,4.211429721680778,4.211429721680778,0.35024587465854684,3.8212673254906506,34.21742027203667,34.21913180683203,34.21057413285521,5.6800000000000005e-05,True,True,False,False,phase6r_full_state_feasible_interval_reduced
850.0,4.209200642173303,4.209200642173303,0.3514150970591505,3.822113042458869,34.22190302826342,34.22361476321395,34.21505608846128,4.89e-05,True,True,False,False,phase6r_full_state_feasible_interval_reduced
855.0,4.207008870301075,4.207008870301075,0.35258371063423416,3.822959923222453,34.22627855120979,34.227990478639526,34.21943084149083,5.19e-05,True,True,False,False,phase6r_full_state_feasible_interval_reduced
860.0,4.204853363690421,4.204853363690421,0.3537517254574815,3.823807961954802,34.23054889705746,34.23226100938487,34.2237004477478,5.3e-05,True,True,False,False,phase6r_full_state_feasible_interval_reduced
865.0,4.20273310652431,4.20273310652431,0.3549191513204049,3.8246571535054503,34.23471607348262,34.23642836321845,34.227866914539305,4.88e-05,True,True,False,False,phase6r_full_state_feasible_interval_reduced
870.0,4.2006471088732,4.2006471088732,0.35608599773953636,3.825507493395042,34.238782040811856,34.240494500557006,34.23193220183126,5.520000000000001e-05,True,True,False,False,phase6r_full_state_feasible_interval_reduced
875.0,4.198594406045992,4.198594406045992,0.357252273963438,3.8263589778101093,34.24274871315052,34.24446133559399,34.235898223376616,4.9800000000000004e-05,True,True,False,False,phase6r_full_state_feasible_interval_reduced
880.0,4.196574057960379,4.196574057960379,0.35841798897953814,3.8272116035976493,34.24661795948439,34.2483307374013,34.23976684781677,5.19e-05,True,True,False,False,phase6r_full_state_feasible_interval_reduced
885.0,4.194585148531886,4.194585148531886,0.359583151520797,3.828065368259535,34.25039160475539,34.252104531004974,34.24353989975709,5.0700000000000006e-05,True,True,False,False,phase6r_full_state_feasible_interval_reduced
890.0,4.192626785080903,4.192626785080903,0.3607477700722084,3.828920269946748,34.254071430911914,34.25578449843563,34.247219160817046,4.92e-05,True,True,False,False,phase6r_full_state_feasible_interval_reduced
895.0,4.190698097757144,4.190698097757144,0.3619118528771409,3.8297763074534794,34.257659177934535,34.259372379754225,34.25080637065576,5.3400000000000004e-05,True,True,False,False,phase6r_full_state_feasible_interval_reduced
900.0,4.188798238980806,4.188798238980806,0.36307540794352444,3.830633480211072,34.261156544837796,34.26286987405385,34.25430322797358,5.56e-05,True,True,False,False,phase6r_full_state_feasible_interval_reduced
905.0,4.186926382899977,4.186926382899977,0.36423844304988556,3.8314917882818493,34.26456519064863,34.266278640438216,34.25771139149029,5.31e-05,True,True,False,False,phase6r_full_state_feasible_interval_reduced
910.0,4.18508172486357,4.18508172486357,0.36540096575123654,3.8323512323528197,34.267886735362026,34.26960029897737,34.261032480900646,5.5e-05,True,True,False,False,phase6r_full_state_feasible_interval_reduced
915.0,4.183263480909389,4.183263480909389,0.36656298338482246,3.833211813729274,34.27112276087459,34.27283643164131,34.26426807780771,7.14e-05,True,True,False,False,phase6r_full_state_feasible_interval_reduced
920.0,4.181470887266717,4.181470887266717,0.3677245030757299,3.834073534328296,34.27427481189652,34.275988583211976,34.26741972663467,5.0700000000000006e-05,True,True,False,False,phase6r_full_state_feasible_interval_reduced
925.0,4.1797031998729475,4.1797031998729475,0.3688855317423613,3.834936396672172,34.27734439684259,34.27905826217432,34.27048893551566,5.44e-05,True,True,False,False,phase6r_full_state_feasible_interval_reduced
930.0,4.177959693903819,4.177959693903819,0.370046076101779,3.8358004038817346,34.28033298870267,34.28204694158681,34.273477177166065,4.7900000000000006e-05,True,True,False,False,phase6r_full_state_feasible_interval_reduced
935.0,4.176239663316726,4.176239663316726,0.3712061426749225,3.8366655596696297,34.28324202589229,34.28495605993212,34.27638588973296,4.46e-05,True,True,False,False,phase6r_full_state_feasible_interval_reduced
940.0,4.174542420406733,4.174542420406733,0.3723657377917022,3.8375318683335253,34.28607291308377,34.287787021948205,34.27921647762603,0.00010130000000000001,True,True,False,False,phase6r_full_state_feasible_interval_reduced
945.0,4.1728672953748465,4.1728672953748465,0.373524867595973,3.838399334749271,34.288827022018374,34.29054119944057,34.281970312329605,6.3e-05,True,True,False,False,phase6r_full_state_feasible_interval_reduced
950.0,4.171213635908141,4.171213635908141,0.3746835380503919,3.839267964364003,34.291505692300035,34.29321993207599,34.28464873319619,8.59e-05,True,True,False,False,phase6r_full_state_feasible_interval_reduced
955.0,4.169580806771357,4.169580806771357,0.37584175494116173,3.8401377631892224,34.294110232171015,34.29582452815827,34.28725304822199,4.0100000000000006e-05,True,True,False,False,phase6r_full_state_feasible_interval_reduced
960.0,4.167968189409584,4.167968189409584,0.3769995238826644,3.841008737793831,34.296641919270066,34.29835626538636,34.28978453480488,4.3100000000000004e-05,True,True,False,False,phase6r_full_state_feasible_interval_reduced
965.0,4.166375181561721,4.166375181561721,0.3781568503219871,3.841880895297153,34.299102001373384,34.30081639159542,34.29224444048525,3.4200000000000005e-05,True,True,False,False,phase6r_full_state_feasible_interval_reduced
970.0,4.1648011968843175,4.1648011968843175,0.37931373954334385,3.842754243361931,34.30149169711892,34.303206125481125,34.2946339836701,3.16e-05,True,True,False,False,phase6r_full_state_feasible_interval_reduced
975.0,4.163245664585532,4.163245664585532,0.3804701966723954,3.8436287901873127,34.30381219671434,34.30552665730769,34.29695435434095,3.08e-05,True,True,False,False,phase6r_full_state_feasible_interval_reduced
980.0,4.161708029068846,4.161708029068846,0.3816262266804701,3.844504544501833,34.306064662629105,34.307779149599966,34.29920671474568,3.07e-05,True,True,False,False,phase6r_full_state_feasible_interval_reduced
985.0,4.16018774958627,4.16018774958627,0.3827818343886885,3.8453815155563937,34.308250230271064,34.309964737820074,34.301392200075014,5.2600000000000005e-05,True,True,False,False,phase6r_full_state_feasible_interval_reduced
990.0,4.158684299900742,4.158684299900742,0.3839370244719943,3.846259713117248,34.31037000864784,34.312084531028844,34.30351191912381,7.340000000000001e-05,True,True,False,False,phase6r_full_state_feasible_interval_reduced
995.0,4.157197167957466,4.157197167957466,0.3850918014630936,3.8471391474589964,34.312425081013515,34.314139612532514,34.30556695493752,7.570000000000001e-05,True,True,False,False,phase6r_full_state_feasible_interval_reduced
1000.0,4.155725855563913,4.155725855563913,0.38624616975630577,3.848019829357596,34.31441650550088,34.31613104051501,34.30755836544435,7.76e-05,True,True,False,False,phase6r_full_state_feasible_interval_reduced
1005.0,4.154269878078261,4.154269878078261,0.3874001336113275,3.8489017700833967,34.316345315739554,34.31805984865612,34.30948718407329,7.13e-05,True,True,False,False,phase6r_full_state_feasible_interval_reduced
1010.0,4.152828764106027,4.152828764106027,0.3885536971569125,3.8497849813941882,34.318212521460445,34.31992704673597,34.311354420358356,9.59e-05,True,True,False,False,phase6r_full_state_feasible_interval_reduced
1015.0,4.151402055204672,4.151402055204672,0.3897068643944694,3.850669475528294,34.32001910908679,34.3217336212261,34.313161060529566,7.620000000000001e-05,True,True,False,False,phase6r_full_state_feasible_interval_reduced
1020.0,4.149989305595952,4.149989305595952,0.3908596392015794,3.851555265197683,34.321766042312085,34.32348053586743,34.3149080680907,6.54e-05,True,True,False,False,phase6r_full_state_feasible_interval_reduced
1025.0,4.14859008188586,4.14859008188586,0.3920120253354366,3.8524423635811345,34.32345426266524,34.325168732235454,34.31659638438438,6.2e-05,True,True,False,False,phase6r_full_state_feasible_interval_reduced
1030.0,4.147203962791919,4.147203962791919,0.3931640264362121,3.853330784317431,34.3250846900633,34.32679913029296,34.31822692914465,4.97e-05,True,True,False,False,phase6r_full_state_feasible_interval_reduced
1035.0,4.14583053887767,4.14583053887767,0.3943156460303448,3.8542205414986137,34.32665822335197,34.32837262893062,34.31980060103734,7.000000000000001e-05,True,True,False,False,phase6r_full_state_feasible_interval_reduced
1040.0,4.144469412294187,4.144469412294187,0.39546688753375986,3.8551116496632694,34.328175740834254,34.329890106495654,34.32131827818866,6.74e-05,True,True,False,False,phase6r_full_state_feasible_interval_reduced
1045.0,4.143120196528443,4.143120196528443,0.3966177542550178,3.856004123789893,34.329638100787534,34.33135242130889,34.32278081870209,5e-05,True,True,False,False,phase6r_full_state_feasible_interval_reduced
1050.0,4.141782516158392,4.141782516158392,0.3977682493983951,3.856897979290292,34.33104614196926,34.33276041217057,34.32418906116402,4.72e-05,True,True,False,False,phase6r_full_state_feasible_interval_reduced
1055.0,4.140456006614607,4.140456006614607,0.39891837606689917,3.857793232003063,34.332400684111654,34.33411489885499,34.3255438251383,4.71e-05,True,True,False,False,phase6r_full_state_feasible_interval_reduced
1060.0,4.139140313948385,4.139140313948385,0.40006813726521817,3.858689894556533,34.33370252840558,34.33541668259447,34.32684591165003,4.78e-05,True,True,False,False,phase6r_full_state_feasible_interval_reduced
1065.0,4.137835094606103,4.137835094606103,0.4012175359026088,3.8595868343921027,34.33495245797394,34.33666654655272,34.32809610365884,4.8700000000000005e-05,True,True,False,False,phase6r_full_state_feasible_interval_reduced
1070.0,4.1365400152098175,4.1365400152098175,0.40236657479572263,3.8604831516245643,34.33615123833475,34.33786525628799,34.32929516652181,5.28e-05,True,True,False,False,phase6r_full_state_feasible_interval_reduced
1075.0,4.135254752343904,4.135254752343904,0.4035152566713737,3.861378860933,34.33729961785421,34.339013560206126,34.33044384844652,4.9500000000000004e-05,True,True,False,False,phase6r_full_state_feasible_interval_reduced
1080.0,4.133978992347713,4.133978992347713,0.4046635841692481,3.862273977380892,34.33839832818997,34.34011219000391,34.331542880934194,5.9000000000000004e-05,True,True,False,False,phase6r_full_state_feasible_interval_reduced
1085.0,4.132712431114089,4.132712431114089,0.4058115598445575,3.863168516410706,34.33944808472492,34.34116186110282,34.33259297921333,3.27e-05,True,True,False,False,phase6r_full_state_feasible_interval_reduced
1090.0,4.131454773893702,4.131454773893702,0.4069591861706391,3.864062493838552,34.340449586991646,34.34216327307354,34.333594842664084,3.1400000000000004e-05,True,True,False,False,phase6r_full_state_feasible_interval_reduced
1095.0,4.130205735105073,4.130205735105073,0.4081064655415016,3.8649559258489004,34.34140351908774,34.343117110051296,34.33454915523354,3.0500000000000003e-05,True,True,False,False,phase6r_full_state_feasible_interval_reduced
1100.0,4.128965038150312,4.128965038150312,0.4092534002743211,3.8658488289893893,34.342310550082395,34.34402404114246,34.33545658584211,3.03e-05,True,True,False,False,phase6r_full_state_feasible_interval_reduced
1105.0,4.127732415236364,4.127732415236364,0.41039999261188675,3.8667412201656917,34.34317133441424,34.34488472082245,34.33631778878137,3.03e-05,True,True,False,False,phase6r_full_state_feasible_interval_reduced
1110.0,4.126507607201839,4.126507607201839,0.4115462447249984,3.8676331166364744,34.3439865122809,34.34569978932525,34.337133404103476,8.11e-05,True,True,False,False,phase6r_full_state_feasible_interval_reduced
1115.0,4.1252903633492854,4.1252903633492854,0.4126921587148176,3.8685245360084464,34.3447567100203,34.34646987302479,34.33790405800234,4.5100000000000005e-05,True,True,False,False,phase6r_full_state_feasible_interval_reduced
1120.0,4.124080441282896,4.124080441282896,0.413837736615174,3.8694154962314813,34.345482540483985,34.34719558480825,34.33863036318692,4.05e-05,True,True,False,False,phase6r_full_state_feasible_interval_reduced
1125.0,4.122877606751627,4.122877606751627,0.41498298039482723,3.8703060155938562,34.34616460340274,34.34787752444174,34.33931291924674,3.12e-05,True,True,False,False,phase6r_full_state_feasible_interval_reduced
1130.0,4.121681633497603,4.121681633497603,0.4161278919596877,3.871196112717567,34.3468034857446,34.34851627892831,34.33995231300975,4.85e-05,True,True,False,False,phase6r_full_state_feasible_interval_reduced
1135.0,4.120492303109952,4.120492303109952,0.417272473154996,3.872085806553765,34.347399762065535,34.34911242285866,34.34054911889303,5.2000000000000004e-05,True,True,False,False,phase6r_full_state_feasible_interval_reduced
1140.0,4.119309404883829,4.119309404883829,0.41841672576746375,3.8729751163782877,34.347953994853015,34.34966651875473,34.34110389924615,6.88e-05,True,True,False,False,phase6r_full_state_feasible_interval_reduced
1145.0,4.118132735684808,4.118132735684808,0.4195606515273762,3.873864061787308,34.3484667348626,34.35017911740631,34.34161720468772,4.05e-05,True,True,False,False,phase6r_full_state_feasible_interval_reduced
1150.0,4.116962099818501,4.116962099818501,0.42070425211065915,3.8747526626930977,34.348938521447785,34.350650758200935,34.3420895744352,4.43e-05,True,True,False,False,phase6r_full_state_feasible_interval_reduced
1155.0,4.115797308905453,4.115797308905453,0.42184752914091067,3.875640939319909,34.34936988288338,34.35108196944721,34.34252153662807,3.15e-05,True,True,False,False,phase6r_full_state_feasible_interval_reduced
1160.0,4.114638181761288,4.114638181761288,0.4229904841913999,3.8765289121999826,34.349761336682384,34.35147326869179,34.34291360864474,5.7300000000000004e-05,True,True,False,False,phase6r_full_state_feasible_interval_reduced
1165.0,4.1134845442821355,4.1134845442821355,0.4241331187870338,3.8774166021696845,34.350113389906866,34.35182516303026,34.34326629741327,4.38e-05,True,True,False,False,phase6r_full_state_feasible_interval_reduced
1170.0,4.112336229335296,4.112336229335296,0.4252754344062936,3.8783040303657765,34.3504265394728,34.352138149411964,34.343580099716135,5.7700000000000007e-05,True,True,False,False,phase6r_full_state_feasible_interval_reduced
1175.0,4.111193076655198,4.111193076655198,0.4264174324831423,3.879191218221826,34.35070127244913,34.352412714939106,34.343855502489205,6.26e-05,True,True,False,False,phase6r_full_state_feasible_interval_reduced
1180.0,4.11005493274464,4.11005493274464,0.4275591144089047,3.880078187464754,34.350938066351276,34.35264933716031,34.34409298311516,3.35e-05,True,True,False,False,phase6r_full_state_feasible_interval_reduced
1185.0,4.108921650781329,4.108921650781329,0.42870048153412177,3.880964960111535,34.351137389429255,34.35284848435869,34.344293009711535,3.09e-05,True,True,False,False,phase6r_full_state_feasible_interval_reduced
1190.0,4.107793090529763,4.107793090529763,0.42984153517038004,3.881851558466045,34.35129970095055,34.35301061583482,34.34445604141347,3.0500000000000003e-05,True,True,False,False,phase6r_full_state_feasible_interval_reduced
1195.0,4.106669118258451,4.106669118258451,0.4309822765921185,3.8827380051160767,34.351425451478,34.35313618218461,34.34458252865156,3.23e-05,True,True,False,False,phase6r_full_state_feasible_interval_reduced
1200.0,4.105549606662509,4.105549606662509,0.43212270703841366,3.883624322930496,34.351515083142885,34.35322562557241,34.34467291342477,3.12e-05,True,True,False,False,phase6r_full_state_feasible_interval_reduced
1205.0,4.104434434791656,4.104434434791656,0.43326282771474467,3.8845105350565845,34.351569029913286,34.35327937999941,34.34472762956881,3.0500000000000003e-05,True,True,False,False,phase6r_full_state_feasible_interval_reduced
1210.0,4.103323487983678,4.103323487983678,0.43440263979474014,3.8853966649175447,34.35158771785805,34.35329787156759,34.34474710301991,3.0200000000000002e-05,True,True,False,False,phase6r_full_state_feasible_interval_reduced
1215.0,4.102216657803328,4.102216657803328,0.43554214442190775,3.8862827362101773,34.35157156540648,34.353281518739486,34.344731752074466,3.0500000000000003e-05,True,True,False,False,phase6r_full_state_feasible_interval_reduced
1220.0,4.101113841986754,4.101113841986754,0.4366813427113485,3.88716877290275,34.35152098360386,34.3532307325937,34.344681987644485,3.04e-05,True,True,False,False,phase6r_full_state_feasible_interval_reduced
1225.0,4.100014944391493,4.100014944391493,0.43782023575145723,3.888054799233039,34.351436376363154,34.35314591707665,34.34459821350914,3.03e-05,True,True,False,False,phase6r_full_state_feasible_interval_reduced
1230.0,4.098919874952028,4.098919874952028,0.4389588246056106,3.888940839706573,34.35131814071292,34.35302746925049,34.34448082656263,3.2500000000000004e-05,True,True,False,False,phase6r_full_state_feasible_interval_reduced
1235.0,4.097828549641005,4.097828549641005,0.4400971103138442,3.889826919095064,34.35116666704174,34.35287577953755,34.3443302170585,3.13e-05,True,True,False,False,phase6r_full_state_feasible_interval_reduced
1240.0,4.0967408904361085,4.0967408904361085,0.44123509389452087,3.8907130624350468,34.35098233933921,34.35269123196139,34.34414676885049,3.0500000000000003e-05,True,True,False,False,phase6r_full_state_feasible_interval_reduced
1245.0,4.095656825292664,4.095656825292664,0.44237277634599104,3.8915992950267144,34.350765535433794,34.35247420438465,34.34393085963039,3.72e-05,True,True,False,False,phase6r_full_state_feasible_interval_reduced
1250.0,4.094576288122043,4.094576288122043,0.44351015864824717,3.892485642432976,34.35051662722772,34.352225068743984,34.343682861162684,3.66e-05,True,True,False,False,phase6r_full_state_feasible_interval_reduced
1255.0,4.093499218775821,4.093499218775821,0.44464724176457376,3.8933721304787183,34.35023598092897,34.351944191282065,34.343403139516575,3.65e-05,True,True,False,False,phase6r_full_state_feasible_interval_reduced
1260.0,4.092425563035869,4.092425563035869,0.44578402664319483,3.8942587852502997,34.34992395728069,34.35163193277705,34.343092055295216,3.6e-05,True,True,False,False,phase6r_full_state_feasible_interval_reduced
1265.0,4.0913552726103095,4.0913552726103095,0.44692051421891993,3.8951456330952587,34.34958091178815,34.35128864876955,34.34274996386257,3.61e-05,True,True,False,False,phase6r_full_state_feasible_interval_reduced
1270.0,4.0902883051354655,4.0902883051354655,0.44805670541479087,3.896032700622264,34.349207194943446,34.35091468978731,34.34237721556798,3.7000000000000005e-05,True,True,False,False,phase6r_full_state_feasible_interval_reduced
1275.0,4.089224624183791,4.089224624183791,0.44919260114373083,3.8969200147012972,34.34880315244803,34.35051040156788,34.34197415596862,3.29e-05,True,True,False,False,phase6r_full_state_feasible_interval_reduced
1280.0,4.088164199277876,4.088164199277876,0.4503282023101969,3.8978076024640664,34.34836912543344,34.35007612527928,34.34154112605011,3.0600000000000005e-05,True,True,False,False,phase6r_full_state_feasible_interval_reduced
1285.0,4.087107005910549,4.087107005910549,0.4514635098118387,3.8986954913046867,34.34790545068026,34.349612197739006,34.34107846244528,3.0600000000000005e-05,True,True,False,False,phase6r_full_state_feasible_interval_reduced
1290.0,4.086053025571116,4.086053025571116,0.452598524541164,3.8995837088805905,34.347412460835464,34.349118951631446,34.34058649765152,3.0100000000000003e-05,True,True,False,False,phase6r_full_state_feasible_interval_reduced
1295.0,4.08500224577782,4.08500224577782,0.4537332473872134,3.9004722831137095,34.34689048462851,34.348596715723986,34.340065560246614,3e-05,True,True,False,False,phase6r_full_state_feasible_interval_reduced
1300.0,4.083954660116502,4.083954660116502,0.45486767923724575,3.901361242191909,34.3463398470862,34.34804581508186,34.33951597510356,3.0100000000000003e-05,True,True,False,False,phase6r_full_state_feasible_interval_reduced
1305.0,4.0829102682855725,4.0829102682855725,0.45600182097843617,3.9022506145706917,34.345760869746506,34.347466571282084,34.3389380636042,2.9800000000000003e-05,True,True,False,False,phase6r_full_state_feasible_interval_reduced
1310.0,4.081869076147268,4.081869076147268,0.45713567349958817,3.9031404289751723,34.34515387087162,34.34685930262647,34.3383321438522,3.07e-05,True,True,False,False,phase6r_full_state_feasible_interval_reduced
1315.0,4.080831095785301,4.080831095785301,0.4582692376928619,3.904030714402325,34.34451916566031,34.34622432435408,34.33769853088521,3.09e-05,True,True,False,False,phase6r_full_state_feasible_interval_reduced
1320.0,4.079796345568866,4.079796345568866,0.4594025144555199,3.9049215001235167,34.3438570664599,34.34556194885319,34.33703753688671,5.0900000000000004e-05,True,True,False,False,phase6r_full_state_feasible_interval_reduced
1325.0,4.0787648502230915,4.0787648502230915,0.46053550469169297,3.9058128156873217,34.34316788297783,34.344872485872926,34.33634947139746,7.14e-05,True,True,False,False,phase6r_full_state_feasible_interval_reduced
1330.0,4.0777366409059495,4.0777366409059495,0.46166820931416686,3.906704690922623,34.342451922493304,34.3441562427349,34.33563464152692,7.13e-05,True,True,False,False,phase6r_full_state_feasible_interval_reduced
1335.0,4.076711755291626,4.076711755291626,0.4628006292461923,3.9075971559420184,34.34170949006876,34.343413524544786,34.334893352164656,6.170000000000001e-05,True,True,False,False,phase6r_full_state_feasible_interval_reduced
1340.0,4.075690237660454,4.075690237660454,0.46393276542332024,3.908490241145512,34.34094088876186,34.342644634404294,34.334125906192085,6.0100000000000004e-05,True,True,False,False,phase6r_full_state_feasible_interval_reduced
1345.0,4.074672138995294,4.074672138995294,0.4650646187952634,3.909383977224522,34.34014641983768,34.34184987362346,34.33333260469456,6.31e-05,True,True,False,False,phase6r_full_state_feasible_interval_reduced
1350.0,4.073657517084567,4.073657517084567,0.46619619032778686,3.9102783951661864,34.339326382981696,34.34102954193358,34.33251374717416,7.41e-05,True,True,False,False,phase6r_full_state_feasible_interval_reduced
1355.0,4.072646436631777,4.072646436631777,0.467327481004629,3.911173526257986,34.338481076513396,34.340183937700964,34.33166963176313,7.2e-05,True,True,False,False,phase6r_full_state_feasible_interval_reduced
1360.0,4.071638969371653,4.071638969371653,0.4684584918294545,3.912069402092679,34.33761079760096,34.33931335814161,34.33080055543837,6.93e-05,True,True,False,False,phase6r_full_state_feasible_interval_reduced
1365.0,4.070635194192882,4.070635194192882,0.4695892238278414,3.912966054573563,34.33671584247704,34.33841809953703,34.32990681423706,6.890000000000001e-05,True,True,False,False,phase6r_full_state_feasible_interval_reduced
1370.0,4.069635197267412,4.069635197267412,0.4707196780493046,3.9138635159200525,34.335796506655804,34.337498457451375,34.32898870347352,6.66e-05,True,True,False,False,phase6r_full_state_feasible_interval_reduced
1375.0,4.068639072186403,4.068639072186403,0.4718498555693564,3.9147618186735924,34.33485308515155,34.33655472695005,34.32804651795758,6.86e-05,True,True,False,False,phase6r_full_state_feasible_interval_reduced
1380.0,4.067646920102745,4.067646920102745,0.47297975749160714,3.915660995703896,34.333885872698914,34.33558720281999,34.327080552214625,6.09e-05,True,True,False,False,phase6r_full_state_feasible_interval_reduced
1385.0,4.066658849880189,4.066658849880189,0.4741093849499072,3.9165610802155255,34.332895163974875,34.334596179791745,34.3260911007074,6.43e-05,True,True,False,False,phase6r_full_state_feasible_interval_reduced
1390.0,4.065674978249077,4.065674978249077,0.47523873911053194,3.9174621057548054,34.33188125382285,34.33358195276359,34.32507845805989,6.36e-05,True,True,False,False,phase6r_full_state_feasible_interval_reduced
1395.0,4.064695429968662,4.064695429968662,0.4763678211744121,3.918364106217089,34.330844437478845,34.33254481702774,34.324042919283265,7.43e-05,True,True,False,False,phase6r_full_state_feasible_interval_reduced
1400.0,4.063720337996011,4.063720337996011,0.47749663237941103,3.9192671158543564,34.32978501080002,34.331485068498985,34.32298478000419,6.86e-05,True,True,False,False,phase6r_full_state_feasible_interval_reduced
1405.0,4.062749843661462,4.062749843661462,0.4786251740026503,3.920171169283177,34.32870327049574,34.33040300394575,34.321904336695674,6.840000000000001e-05,True,True,False,False,phase6r_full_state_feasible_interval_reduced
1410.0,4.06178409685067,4.06178409685067,0.4797534473628866,3.921076301493017,34.32759951436117,34.32929892122384,34.32080188691048,6.780000000000001e-05,True,True,False,False,phase6r_full_state_feasible_interval_reduced
1415.0,4.06082325619318,4.06082325619318,0.4808814538229403,3.921982547854909,34.32647404151392,34.32817311951304,34.31967772951745,6.91e-05,True,True,False,False,phase6r_full_state_feasible_interval_reduced
1420.0,4.059867489257534,4.059867489257534,0.48200919479217846,3.922889944130479,34.32532715263351,34.3270258995567,34.31853216494074,6.390000000000001e-05,True,True,False,False,phase6r_full_state_feasible_interval_reduced
1425.0,4.058916972752914,4.058916972752914,0.4831366717290543,3.923798526481339,34.324159150204004,34.325857563904435,34.31736549540229,6.510000000000001e-05,True,True,False,False,phase6r_full_state_feasible_interval_reduced
1430.0,4.057971892737292,4.057971892737292,0.4842638861437035,3.924708331478847,34.322970338760044,34.32466841715818,34.3161780251675,6.36e-05,True,True,False,False,phase6r_full_state_feasible_interval_reduced
1435.0,4.057032444832111,4.057032444832111,0.4853908396006013,3.9256193961142416,34.32176102513626,34.32345876622172,34.31497006079445,7.19e-05,True,True,False,False,phase6r_full_state_feasible_interval_reduced
1440.0,4.056098834443438,4.056098834443438,0.48651753372128004,3.926531757809146,34.320531518720415,34.32222892055384,34.31374191138671,7.110000000000001e-05,True,True,False,False,phase6r_full_state_feasible_interval_reduced
1445.0,4.055171276989678,4.055171276989678,0.48764397018711053,3.9274454544264588,34.31928213171022,34.320979192425284,34.31249388884996,6.94e-05,True,True,False,False,phase6r_full_state_feasible_interval_reduced
1450.0,4.054249998135745,4.054249998135745,0.48877015074214825,3.9283605242816253,34.31801317937424,34.31970989717966,34.311226308152555,6.0200000000000006e-05,True,True,False,False,phase6r_full_state_feasible_interval_reduced
1455.0,4.053335234033833,4.053335234033833,0.48989607719604655,3.929277006154295,34.31672498031681,34.31842135349847,34.309939487590185,3.8700000000000006e-05,True,True,False,False,phase6r_full_state_feasible_interval_reduced
1460.0,4.052427231570709,4.052427231570709,0.4910217514270384,3.930194939300376,34.31541785674725,34.31711388367037,34.30863374905476,3.16e-05,True,True,False,False,phase6r_full_state_feasible_interval_reduced
1465.0,4.051526248621639,4.051526248621639,0.49214717538498887,3.9311143634644887,34.3140921347535,34.31578781386492,34.30730941830783,4.5900000000000004e-05,True,True,False,False,phase6r_full_state_feasible_interval_reduced
1470.0,4.050632554310935,4.050632554310935,0.49327235109451967,3.9320353188928188,34.31274814458039,34.314443474410886,34.30596682525841,7.54e-05,True,True,False,False,phase6r_full_state_feasible_interval_reduced
1475.0,4.049746429279249,4.049746429279249,0.49439728065820837,3.9329578463463872,34.31138622091257,34.313081200079274,34.30460630424572,6.0700000000000005e-05,True,True,False,False,phase6r_full_state_feasible_interval_reduced
1480.0,4.048868165957656,4.048868165957656,0.4955219662598633,3.9338819871147326,34.310006703162415,34.311701330371335,34.30322819432674,6.6e-05,True,True,False,False,phase6r_full_state_feasible_interval_reduced
1485.0,4.047998068848625,4.047998068848625,0.4966464101678768,3.9348077830300205,34.308609935763016,34.31030420981157,34.30183283956881,6.91e-05,True,True,False,False,phase6r_full_state_feasible_interval_reduced
1490.0,4.047136454814052,4.047136454814052,0.49777061473865847,3.9357352764815836,34.30719626846634,34.30889018824605,34.30042058934751,6.98e-05,True,True,False,False,phase6r_full_state_feasible_interval_reduced
1495.0,4.046283653370425,4.046283653370425,0.4988945824201503,3.936664510430912,34.305766056646874,34.30745962114611,34.29899179864994,8.900000000000001e-05,True,True,False,False,phase6r_full_state_feasible_interval_reduced
1500.0,4.045440006991356,4.045440006991356,0.5000183157554257,3.937595528142923,34.304319661610776,34.30601286991758,34.29754682838356,6.29e-05,True,True,False,False,phase6r_full_state_feasible_interval_reduced
1505.0,4.04460587141767,4.04460587141767,0.501141817386375,3.9385272722583915,34.30285745091087,34.3045503022159,34.29608604569075,5.8800000000000006e-05,True,True,False,False,phase6r_full_state_feasible_interval_reduced
1510.0,4.043781615975259,4.043781615975259,0.5022650900574792,3.9394587634409706,34.30137979866754,34.303072292267075,34.29460982426938,5.0100000000000005e-05,True,True,False,False,phase6r_full_state_feasible_interval_reduced
1515.0,4.042967623900981,4.042967623900981,0.503388136619674,3.940390059864163,34.29988708589575,34.30157922119482,34.29311854469945,6.31e-05,True,True,False,False,phase6r_full_state_feasible_interval_reduced
1520.0,4.042164292676923,4.042164292676923,0.5045109600343064,3.9413212203191432,34.298379700838424,34.300071477354,34.29161259477609,5.7700000000000007e-05,True,True,False,False,phase6r_full_state_feasible_interval_reduced
1525.0,4.041372034373388,4.041372034373388,0.5056335633771879,3.9422523042318938,34.296858039306336,34.29854945667067,34.29009236984901,6.48e-05,True,True,False,False,phase6r_full_state_feasible_interval_reduced
1530.0,4.040591276000909,4.040591276000909,0.5067559498427437,3.9431833716808424,34.2953225050248,34.29701356298879,34.28855827316883,8.790000000000001e-05,True,True,False,False,phase6r_full_state_feasible_interval_reduced
1535.0,4.039822459871832,4.039822459871832,0.5078781227482637,3.9441144834150332,34.29377350998723,34.29546420842398,34.28701071624023,7.670000000000001e-05,True,True,False,False,phase6r_full_state_feasible_interval_reduced
1540.0,4.03906604397187,4.03906604397187,0.5090000855382559,3.9450457008728455,34.29221147481606,34.29390181372448,34.28545011918237,7.19e-05,True,True,False,False,phase6r_full_state_feasible_interval_reduced
1545.0,4.038322502342168,4.038322502342168,0.5101218417889065,3.9459770862012817,34.290636829131,34.29232680863955,34.2838769110968,6.48e-05,True,True,False,False,phase6r_full_state_feasible_interval_reduced
1550.0,4.037592325472474,4.037592325472474,0.5112433952126488,3.946908702275853,34.28905001192507,34.2907396322956,34.28229153044297,6.49e-05,True,True,False,False,phase6r_full_state_feasible_interval_reduced
1555.0,4.03687602070604,4.03687602070604,0.512364749662845,3.947840612721083,34.28745147194863,34.289140733580325,34.280694425421856,6.58e-05,True,True,False,False,phase6r_full_state_feasible_interval_reduced
1560.0,4.036174112656912,4.036174112656912,0.5134859091385829,3.948772881931672,34.28584166810171,34.28753057153519,34.27908605436777,7.47e-05,True,True,False,False,phase6r_full_state_feasible_interval_reduced
1565.0,4.035487143640345,4.035487143640345,0.5146068777895941,3.9497055750943266,34.28422106983492,34.28590961575645,34.2774668861488,6.16e-05,True,True,False,False,phase6r_full_state_feasible_interval_reduced
1570.0,4.0348156741171595,4.0348156741171595,0.5157276599212933,3.950638758210321,34.282590157559355,34.28427834680514,34.27583740057622,6.99e-05,True,True,False,False,phase6r_full_state_feasible_interval_reduced
1575.0,4.034160283152844,4.034160283152844,0.5168482599999469,3.951572498118799,34.280949423065735,34.282637256626394,34.274198088823105,4.83e-05,True,True,False,False,phase6r_full_state_feasible_interval_reduced
1580.0,4.033521568892257,4.033521568892257,0.5179686826579725,3.952506862520864,34.27929936995324,34.2809868489784,34.27254945385263,4.8100000000000004e-05,True,True,False,False,phase6r_full_state_feasible_interval_reduced
1585.0,4.0329001490509455,4.0329001490509455,0.5190889326993755,3.9534419200044937,34.27764051406844,34.27932763987144,34.270892010856436,5.3400000000000004e-05,True,True,False,False,phase6r_full_state_feasible_interval_reduced
1590.0,4.0322966614239295,4.0322966614239295,0.5202090151053266,3.9543777400703304,34.275973383954614,34.27766015801741,34.26922628770343,5.910000000000001e-05,True,True,False,False,phase6r_full_state_feasible_interval_reduced
1595.0,4.031711764413014,4.031711764413014,0.5213289350398858,3.955314393158374,34.274298521312154,34.275984945290304,34.26755282539956,4.41e-05,True,True,False,False,phase6r_full_state_feasible_interval_reduced
1600.0,4.031146137573651,4.031146137573651,0.5224486978558784,3.956251950675631,34.27261648147023,34.27430255719806,34.26587217855889,3.3e-05,True,True,False,False,phase6r_full_state_feasible_interval_reduced
1605.0,4.030600482182326,4.030600482182326,0.5235683091009291,3.9571904850247717,34.27092783387042,34.27261356336637,34.2641849158866,3.12e-05,True,True,False,False,phase6r_full_state_feasible_interval_reduced
1610.0,4.030075521825557,4.030075521825557,0.5246877745236584,3.958130069633831,34.2692331625628,34.27091854803488,34.262491620674474,3.0600000000000005e-05,True,True,False,False,phase6r_full_state_feasible_interval_reduced
1615.0,4.029572003011437,4.029572003011437,0.5258071000800505,3.959070778986998,34.267533066714954,34.2692181105664,34.260792891309165,3.03e-05,True,True,False,False,phase6r_full_state_feasible_interval_reduced
1620.0,4.029090695804758,4.029090695804758,0.5269262919399963,3.9600126886565654,34.26582816113457,34.26751286596968,34.259089341794166,3.0100000000000003e-05,True,True,False,False,phase6r_full_state_feasible_interval_reduced
1625.0,4.02863239448656,4.02863239448656,0.5280453564940203,3.960955875336051,34.26411907680621,34.265803445436305,34.25738160228585,3.71e-05,True,True,False,False,phase6r_full_state_feasible_interval_reduced
1630.0,4.028197918238928,4.028197918238928,0.5291643003601978,3.9619004168745615,34.26240646144281,34.26409049689246,34.255670319644196,3.18e-05,True,True,False,False,phase6r_full_state_feasible_interval_reduced
1635.0,4.0277881118557115,4.0277881118557115,0.5302831303912688,3.962846392312427,34.26069098005264,34.26237468556603,34.25395615799907,3.0100000000000003e-05,True,True,False,False,phase6r_full_state_feasible_interval_reduced
1640.0,4.027403846479675,4.027403846479675,0.5314018536819577,3.9637938819181544,34.2589733155224,34.26065669456989,34.25223979933242,3.9800000000000005e-05,True,True,False,False,phase6r_full_state_feasible_interval_reduced
1645.0,4.027046020366375,4.027046020366375,0.5325204775765039,3.964742967226715,34.25725416921694,34.25893722550185,34.25052194407729,3.7300000000000005e-05,True,True,False,False,phase6r_full_state_feasible_interval_reduced
1650.0,4.026715559674778,4.026715559674778,0.5336390096764135,3.965693731079215,34.25553426159657,34.25721699906217,34.248803311734164,3.6e-05,True,True,False,False,phase6r_full_state_feasible_interval_reduced
1655.0,4.026413419284334,4.026413419284334,0.534757457848437,3.966646257663941,34.25381433285237,34.25549675568909,34.24708464150551,3.08e-05,True,True,False,False,phase6r_full_state_feasible_interval_reduced
1660.0,4.026140583637758,4.026140583637758,0.5358758302327808,3.9676006325588067,34.25209514356034,34.25377725621318,34.245366692948956,3.1e-05,True,True,False,False,phase6r_full_state_feasible_interval_reduced
1665.0,4.025898067608379,4.025898067608379,0.5369941352515609,3.9685569427751695,34.250377475354966,34.25205928253122,34.243650246649956,3.0200000000000002e-05,True,True,False,False,phase6r_full_state_feasible_interval_reduced
1670.0,4.025686917390223,4.025686917390223,0.5381123816175026,3.9695152768030164,34.248662131622865,34.25034363829997,34.24193610491446,4.7300000000000005e-05,True,True,False,False,phase6r_full_state_feasible_interval_reduced
1675.0,4.025508211408396,4.025508211408396,0.5392305783428939,3.9704757246574447,34.24694993821699,34.248631149650706,34.240225092482135,3.8700000000000006e-05,True,True,False,False,phase6r_full_state_feasible_interval_reduced
1680.0,4.025363061246483,4.025363061246483,0.5403487347487957,3.9714383779263924,34.24524174419203,34.246922665924856,34.238518057260734,5.2900000000000005e-05,True,True,False,False,phase6r_full_state_feasible_interval_reduced
1685.0,4.025252612586695,4.025252612586695,0.5414668604745143,3.9724033298194947,34.24353842256129,34.245219060431126,34.23681587108195,3.76e-05,True,True,False,False,phase6r_full_state_feasible_interval_reduced
1690.0,4.025178046157448,4.025178046157448,0.5425849654873358,3.973370675217947,34.24184087107544,34.24352123122452,34.2351194304791,3.7000000000000005e-05,True,True,False,False,phase6r_full_state_feasible_interval_reduced
1695.0,4.025140578681702,4.025140578681702,0.5437030600925252,3.9743405107251935,34.24015001302324,34.241830101907354,34.23342965748678,4.9600000000000006e-05,True,True,False,False,phase6r_full_state_feasible_interval_reduced
1700.0,4.025141463817894,4.025141463817894,0.5448211549435857,3.975312934718215,34.23846679805433,34.240146622452286,34.231747500462504,3.7500000000000003e-05,True,True,False,False,phase6r_full_state_feasible_interval_reduced
1705.0,4.025181993083583,4.025181993083583,0.5459392610527756,3.976288047399146,34.23679220302371,34.238471770047106,34.23007393493012,5.27e-05,True,True,False,False,phase6r_full_state_feasible_interval_reduced
1710.0,4.025263496749904,4.025263496749904,0.5470573898018728,3.9772659508468724,34.235127232857536,34.236806549960804,34.22840996444447,8.170000000000001e-05,True,True,False,False,phase6r_full_state_feasible_interval_reduced
1715.0,4.025387344692694,4.025387344692694,0.5481755529531763,3.97824674906819,34.23347292143945,34.23515199643016,34.2267566214766,6.450000000000001e-05,True,True,False,False,phase6r_full_state_feasible_interval_reduced
1720.0,4.025554947183453,4.025554947183453,0.5492937626607273,3.9792305480480503,34.23183033251616,34.23350917356562,34.2251149683183,9.61e-05,True,True,False,False,phase6r_full_state_feasible_interval_reduced
1725.0,4.025767755600447,4.025767755600447,0.5504120314817273,3.9802174557982526,34.23020056062082,34.23187917627495,34.223486098004315,5.58e-05,True,True,False,False,phase6r_full_state_feasible_interval_reduced
1730.0,4.026027263036776,4.026027263036776,0.5515303723881264,3.9812075824039277,34.228584732012024,34.23026313120245,34.221871135250346,4.99e-05,True,True,False,False,phase6r_full_state_feasible_interval_reduced
1735.0,4.026335004778521,4.026335004778521,0.5526487987783427,3.982201040066936,34.226984005625674,34.22866219768111,34.22027123740392,5.03e-05,True,True,False,False,phase6r_full_state_feasible_interval_reduced
1740.0,4.026692558621708,4.026692558621708,0.553767324489071,3.9831979431452385,34.225399574036345,34.22707756869421,34.21868759540489,4.8400000000000004e-05,True,True,False,False,phase6r_full_state_feasible_interval_reduced
1745.0,4.0271015449921155,4.0271015449921155,0.5548859638071243,3.9841984081870843,34.22383266442399,34.225510471842185,34.217121434751185,0.00011070000000000001,True,True,False,False,phase6r_full_state_feasible_interval_reduced
1750.0,4.027563626826501,4.027563626826501,0.5560047314812427,3.985202553958723,34.222284539540645,34.22396217030957,34.215574016464956,6.38e-05,True,True,False,False,phase6r_full_state_feasible_interval_reduced
1755.0,4.028080509167817,4.028080509167817,0.5571236427337893,3.986210501464098,34.22075649867117,34.2224339638258,34.21404663805265,0.00011970000000000001,True,True,False,False,phase6r_full_state_feasible_interval_reduced
1760.0,4.02865393842053,4.02865393842053,0.5582427132722395,3.98722237395481,34.21924987858027,34.220927189612425,34.21254063445167,8.19e-05,True,True,False,False,phase6r_full_state_feasible_interval_reduced
1765.0,4.029285701204679,4.029285701204679,0.5593619593003519,3.988238296928338,34.217766054437234,34.2194432233078,34.211057378954976,5.9300000000000005e-05,True,True,False,False,phase6r_full_state_feasible_interval_reduced
1770.0,4.0299776227395,4.0299776227395,0.5604813975288907,3.989258398112272,34.21630644070773,34.21798347985893,34.20959828410293,6.0400000000000004e-05,True,True,False,False,phase6r_full_state_feasible_interval_reduced
1775.0,4.030731564678713,4.030731564678713,0.5616010451857459,3.9902828074319743,34.21487249200061,34.216549414368124,34.20816480253053,9.27e-05,True,True,False,False,phase6r_full_state_feasible_interval_reduced
1780.0,4.031549422310364,4.031549422310364,0.5627209200252766,3.9913116569588016,34.21346570385535,34.21514252288028,34.20675842775563,5.67e-05,True,True,False,False,phase6r_full_state_feasible_interval_reduced
1785.0,4.032433121024105,4.032433121024105,0.5638410403366723,3.9923450808356242,34.21208761345379,34.21376434309428,34.20538069489182,6.340000000000001e-05,True,True,False,False,phase6r_full_state_feasible_interval_reduced
1790.0,4.033384611938473,4.033384611938473,0.5649614249510996,3.993383215176033,34.2107398002371,34.21241645497959,34.20403318126714,5.2100000000000006e-05,True,True,False,False,phase6r_full_state_feasible_interval_reduced
1795.0,4.034405866569848,4.034405866569848,0.566082093247369,3.994426197933223,34.20942388640629,34.21110048127615,34.202717506926874,5.03e-05,True,True,False,False,phase6r_full_state_feasible_interval_reduced
1800.0,4.0354988704138455,4.0354988704138455,0.5672030651558173,3.995474168734112,34.20814153728158,34.20981808785303,34.20143533499578,4.9500000000000004e-05,True,True,False,False,phase6r_full_state_feasible_interval_reduced
1805.0,4.036665615298964,4.036665615298964,0.568324361160067,3.9965272686738635,34.20689446149244,34.208570983897566,34.200188371871924,4.9600000000000006e-05,True,True,False,False,phase6r_full_state_feasible_interval_reduced
1810.0,4.037908090361903,4.037908090361903,0.5694460022962786,3.997585640065527,34.20568441096685,34.20736092190345,34.198978367220455,4.9300000000000006e-05,True,True,False,False,phase6r_full_state_feasible_interval_reduced
1815.0,4.039228271484458,4.039228271484458,0.5705680101494688,3.9986494261391443,34.20451318068428,34.20618969742233,34.19780711373209,4.9800000000000004e-05,True,True,False,False,phase6r_full_state_feasible_interval_reduced
1820.0,4.040628109024002,4.040628109024002,0.5716904068464199,3.999718770684262,34.20338260815289,34.20505914853937,34.196676446607,4.89e-05,True,True,False,False,phase6r_full_state_feasible_interval_reduced
1825.0,4.042109513663944,4.042109513663944,0.5728132150446599,4.000793817629502,34.20229457256745,34.20397115502918,34.19558824272055,4.8100000000000004e-05,True,True,False,False,phase6r_full_state_feasible_interval_reduced
1830.0,4.043674340208171,4.043674340208171,0.5739364579169399,4.001874710552586,34.20125099359985,34.20292763714406,34.19454441942303,5.7700000000000007e-05,True,True,False,False,phase6r_full_state_feasible_interval_reduced
1835.0,4.0453243691457175,4.0453243691457175,0.5750601591305915,4.002961592114118,34.20025382977011,34.20193055398229,34.19354693292141,4.91e-05,True,True,False,False,phase6r_full_state_feasible_interval_reduced
1840.0,4.047061285819543,4.047061285819543,0.5761843428210969,4.004054603408436,34.19930507634131,34.20098190138002,34.19259777618649,4.8400000000000004e-05,True,True,False,False,phase6r_full_state_feasible_interval_reduced
1845.0,4.048886657048655,4.048886657048655,0.577309033559166,4.005153883225128,34.198406762678154,34.20008370926627,34.19169897632567,5e-05,True,True,False,False,phase6r_full_state_feasible_interval_reduced
1850.0,4.050801905076941,4.050801905076941,0.5784342563105762,4.006259567215284,34.19756094900531,34.199238038417334,34.1908525913572,4.97e-05,True,True,False,False,phase6r_full_state_feasible_interval_reduced
1855.0,4.052808278757447,4.052808278757447,0.5795600363880088,4.007371786957407,34.196769722499155,34.19844697654397,34.19006070631991,5.69e-05,True,True,False,False,phase6r_full_state_feasible_interval_reduced
1860.0,4.054906821929069,4.054906821929069,0.5806863993941002,4.008490668919128,34.19603519264468,34.197712633643306,34.189325428650164,6.82e-05,True,True,False,False,phase6r_full_state_feasible_interval_reduced
1865.0,4.0570983390063455,4.0570983390063455,0.5818133711549353,4.009616333312557,34.195359485789076,34.19703713654693,34.18864888275766,6.390000000000001e-05,True,True,False,False,phase6r_full_state_feasible_interval_reduced
1870.0,4.059383357883473,4.059383357883473,0.5829409776432363,4.010748892843303,34.19474473882534,34.19642262259835,34.188033203733326,6.58e-05,True,True,False,False,phase6r_full_state_feasible_interval_reduced
1875.0,4.061762090353107,4.061762090353107,0.5840692448905566,4.011888451356049,34.19419309194236,34.19587123239647,34.1874805301259,6.950000000000001e-05,True,True,False,False,phase6r_full_state_feasible_interval_reduced
1880.0,4.06423439035981,4.06423439035981,0.5851981988878787,4.013035102383002,34.193706680384906,34.195385101548524,34.186992995730435,5.7600000000000004e-05,True,True,False,False,phase6r_full_state_feasible_interval_reduced
1885.0,4.066799710547042,4.066799710547042,0.5863278654741417,4.014188927605703,34.1932876251764,34.19496635138519,34.186572720341246,6.610000000000001e-05,True,True,False,False,phase6r_full_state_feasible_interval_reduced
1890.0,4.069457057714744,4.069457057714744,0.5874582702123958,4.015349995245483,34.19293802277047,34.19461707860423,34.18622179943542,6.93e-05,True,True,False,False,phase6r_full_state_feasible_interval_reduced
1895.0,4.072204947978427,4.072204947978427,0.588589438253501,4.016518358403283,34.19265993361482,34.19433934382611,34.18594229276968,6.500000000000001e-05,True,True,False,False,phase6r_full_state_feasible_interval_reduced
1900.0,4.075041362606011,4.075041362606011,0.5897213941875582,4.017694053375554,34.19245536963281,34.194135159067116,34.1857362118956,6.37e-05,True,True,False,False,phase6r_full_state_feasible_interval_reduced
1905.0,4.077963705696696,4.077963705696696,0.5908541618835851,4.018877097979137,34.19232628065421,34.19400647416172,34.185605506624185,5.47e-05,True,True,False,False,phase6r_full_state_feasible_interval_reduced
1910.0,4.080968765047806,4.080968765047806,0.5919877643183206,4.0200674899243936,34.19227453985769,34.19395516219678,34.18555205050133,5.64e-05,True,True,False,False,phase6r_full_state_feasible_interval_reduced
1915.0,4.084052677716179,4.084052677716179,0.5931222233954639,4.0212652052818605,34.192301928322486,34.19398300405535,34.18557762539103,5.27e-05,True,True,False,False,phase6r_full_state_feasible_interval_reduced
1920.0,4.087210901904716,4.087210901904716,0.5942575597571041,4.02247019709285,34.192410118825,34.194091672206014,34.18568390530096,5.47e-05,True,True,False,False,phase6r_full_state_feasible_interval_reduced
1925.0,4.090438196873695,4.090438196873695,0.595393792589569,4.023682394178361,34.192600659056744,34.194282713914504,34.18587243962572,6.560000000000001e-05,True,True,False,False,phase6r_full_state_feasible_interval_reduced
1930.0,4.093728612570912,4.093728612570912,0.5965309394263942,4.024901700202642,34.19287495448111,34.19455753409528,34.18614463602442,5.0700000000000006e-05,True,True,False,False,phase6r_full_state_feasible_interval_reduced
1935.0,4.097075490576408,4.097075490576408,0.5976690159515543,4.026127993047167,34.19323425108629,34.19491737806072,34.18650174318856,5.61e-05,True,True,False,False,phase6r_full_state_feasible_interval_reduced
1940.0,4.100471477750999,4.100471477750999,0.5988080358064851,4.027361124547229,34.193679618327195,34.19536331446098,34.186944833792076,7.110000000000001e-05,True,True,False,False,phase6r_full_state_feasible_interval_reduced
1945.0,4.103908553653581,4.103908553653581,0.5999480104047222,4.028600920636298,34.194211932578405,34.19589621873678,34.1874747879449,6.52e-05,True,True,False,False,phase6r_full_state_feasible_interval_reduced
1950.0,4.107378072349235,4.107378072349235,0.6010889487581526,4.029848716614585,34.194831861439496,34.19651675742677,34.18809227749038,6.27e-05,True,True,False,False,phase6r_full_state_feasible_interval_reduced
1955.0,4.1108708186789915,4.1108708186789915,0.6022308573188967,4.031106002840991,34.19553984924147,34.19722537367806,34.1887977514951,5.9900000000000006e-05,True,True,False,False,phase6r_full_state_feasible_interval_reduced
1960.0,4.114377078425582,4.114377078425582,0.6033737398406815,4.032372351417322,34.196336104095565,34.198022274301394,34.189591423272255,7.71e-05,True,True,False,False,phase6r_full_state_feasible_interval_reduced
1965.0,4.117886721123642,4.117886721123642,0.6045175972632159,4.033647309116368,34.19722058680269,34.19890741868913,34.19047325925695,0.00011370000000000001,True,True,False,False,phase6r_full_state_feasible_interval_reduced
1970.0,4.121389293575094,4.121389293575094,0.6056624276225423,4.034930403275985,34.19819300190208,34.19988050987437,34.19144297001292,6.110000000000001e-05,True,True,False,False,phase6r_full_state_feasible_interval_reduced
1975.0,4.1248741214956555,4.1248741214956555,0.6068082259896245,4.03622114448577,34.199252791082564,34.20094098795441,34.19250000359517,6.440000000000001e-05,True,True,False,False,phase6r_full_state_feasible_interval_reduced
1980.0,4.128330416193524,4.128330416193524,0.6079549844385671,4.037519029554787,34.200399129111496,34.202088026033195,34.19364354142469,7.02e-05,True,True,False,False,phase6r_full_state_feasible_interval_reduced
1985.0,4.131747382818215,4.131747382818215,0.6091026920449055,4.038823544668997,34.201630922357424,34.20332052875841,34.19487249675348,5.8800000000000006e-05,True,True,False,False,phase6r_full_state_feasible_interval_reduced
1990.0,4.135114326556313,4.135114326556313,0.6102513349133933,4.040134168636948,34.20294680989874,34.20463713344498,34.196185515713765,5.6000000000000006e-05,True,True,False,False,phase6r_full_state_feasible_interval_reduced
1995.0,4.138420753212897,4.138420753212897,0.6114008962337303,4.041450376118057,34.20434516712556,34.20603621369177,34.197580980860735,5.910000000000001e-05,True,True,False,False,phase6r_full_state_feasible_interval_reduced
2000.0,4.141656460902833,4.141656460902833,0.6125513563617588,4.042771640729965,34.20582411166216,34.207515885318195,34.19905701703803,6.53e-05,True,True,False,False,phase6r_full_state_feasible_interval_reduced
2005.0,4.144811620061708,4.144811620061708,0.613702692922887,4.044097437939742,34.20738151136661,34.20907401437715,34.20061149932447,7.890000000000001e-05,True,True,False,False,phase6r_full_state_feasible_interval_reduced
2010.0,4.147876839629113,4.147876839629113,0.6148548809338952,4.045427247657268,34.209014994107456,34.2107082269435,34.20224206276327,6.1000000000000005e-05,True,True,False,False,phase6r_full_state_feasible_interval_reduced
2015.0,4.150843218000015,4.150843218000015,0.6160078929388951,4.046760556466826,34.21072195897635,34.212415920336944,34.203946113533966,6.87e-05,True,True,False,False,phase6r_full_state_feasible_interval_reduced
2020.0,4.15370237811979,4.15370237811979,0.6171616991550395,4.048096859453062,34.212499588572925,34.21419427541516,34.205720841203984,5.56e-05,True,True,False,False,phase6r_full_state_feasible_interval_reduced
2025.0,4.156446486852119,4.156446486852119,0.6183162676236095,4.049435661598431,34.2143448619926,34.216040269568005,34.20756323169098,6.36e-05,True,True,False,False,phase6r_full_state_feasible_interval_reduced
2030.0,4.159068259423655,4.159068259423655,0.6194715643623383,4.050776478749447,34.216254568159215,34.21795069005453,34.20947008057796,5.7700000000000007e-05,True,True,False,False,phase6r_full_state_feasible_interval_reduced
2035.0,4.161560950304679,4.161560950304679,0.6206275535152007,4.05211883816713,34.21822531916939,34.21992214734985,34.21143800644758,5.9600000000000005e-05,True,True,False,False,phase6r_full_state_feasible_interval_reduced
2040.0,4.16391833229784,4.16391833229784,0.6217841974963946,4.053462278692117,34.22025356335146,34.22195108820483,34.21346346393797,5.8700000000000004e-05,True,True,False,False,phase6r_full_state_feasible_interval_reduced
2045.0,4.166134665870023,4.166134665870023,0.622941457125803,4.054806350566404,34.22233559778531,34.2240338081652,34.215542756265734,5.3500000000000006e-05,True,True,False,False,phase6r_full_state_feasible_interval_reduced
2050.0,4.168204660882036,4.168204660882036,0.6240992917538257,4.056150614961409,34.224467580077715,34.22616646334479,34.21767204700943,5.28e-05,True,True,False,False,phase6r_full_state_feasible_interval_reduced
2055.0,4.170123432864722,4.170123432864722,0.625257659374066,4.057494643266264,34.226645539236756,34.228345081296816,34.21984737099652,5.3700000000000004e-05,True,True,False,False,phase6r_full_state_feasible_interval_reduced
2060.0,4.171886455881458,4.171886455881458,0.626416516722922,4.058838016191249,34.228865385537176,34.23056557087537,34.22206464418438,5.41e-05,True,True,False,False,phase6r_full_state_feasible_interval_reduced
2065.0,4.1734895138329735,4.1734895138329735,0.6275758193656533,4.060180322739688,34.23112291931353,34.232823731024084,34.224319672471296,7.22e-05,True,True,False,False,phase6r_full_state_feasible_interval_reduced
2070.0,4.174928651826299,4.174928651826299,0.6287355217689384,4.0615211590980556,34.233413838658294,34.23511525846942,34.22660815941377,6.85e-05,True,True,False,False,phase6r_full_state_feasible_interval_reduced
2075.0,4.176200128969346,4.176200128969346,0.6298955773603188,4.0628601274890315,34.23573374603693,34.23743575433083,34.228925712861326,5.36e-05,True,True,False,False,phase6r_full_state_feasible_interval_reduced
2080.0,4.1773003736855765,4.1773003736855765,0.6310559385752315,4.064196835026426,34.23807815386118,34.23978072968916,34.23126785054927,5.19e-05,True,True,False,False,phase6r_full_state_feasible_interval_reduced
2085.0,4.178225942383814,4.178225942383814,0.6322165568925603,4.065530892604622,34.240442489084714,34.24214561017759,34.23363000471322,5.3400000000000004e-05,True,True,False,False,phase6r_full_state_feasible_interval_reduced
2090.0,4.17897348207793,4.17897348207793,0.6333773828598042,4.066861913849013,34.24282209690312,34.24452573967724,34.23600752580663,5.6000000000000006e-05,True,True,False,False,phase6r_full_state_feasible_interval_reduced
2095.0,4.179539697335474,4.179539697335474,0.634538366109064,4.068189514147834,34.24521224365219,34.246916383211456,34.238395685415135,5.8500000000000006e-05,True,True,False,False,phase6r_full_state_feasible_interval_reduced
2100.0,4.179921321748089,4.179921321748089,0.6356994553651051,4.069513309780341,34.24760811900633,34.2493127291406,34.24078967846926,5.36e-05,True,True,False,False,phase6r_full_state_feasible_interval_reduced
2105.0,4.180115093958873,4.180115093958873,0.6368605984467604,4.0708329171512,34.25000483758246,34.25170989076293,34.243184624860575,5.3200000000000006e-05,True,True,False,False,phase6r_full_state_feasible_interval_reduced
2110.0,4.180117738154071,4.180117738154071,0.6380217422629143,4.0721479521366915,34.252397440055034,34.25410290742705,34.245575570567,4.72e-05,True,True,False,False,phase6r_full_state_feasible_interval_reduced
2115.0,4.179925948824618,4.179925948824618,0.6391828328042545,4.073458029544533,34.25478089388526,34.256486745259025,34.247957488390206,4.5e-05,True,True,False,False,phase6r_full_state_feasible_interval_reduced
2120.0,4.179536379526439,4.179536379526439,0.6403438151319008,4.074762762686034,34.25715009376274,34.25885629760254,34.25032527840352,4.43e-05,True,True,False,False,phase6r_full_state_feasible_interval_reduced
2125.0,4.178945635312742,4.178945635312742,0.641504633363932,4.076061763056807,34.259499861851474,34.26120638526381,34.252673768202115,4.44e-05,True,True,False,False,phase6r_full_state_feasible_interval_reduced
2130.0,4.178150268475512,4.178150268475512,0.6426652306607308,4.077354640120273,34.26182494792433,34.26353175664543,34.25499771303993,4.46e-05,True,True,False,False,phase6r_full_state_feasible_interval_reduced
2135.0,4.17714677721346,4.17714677721346,0.6438255492099567,4.0786410011867265,34.264120029461665,34.26582708784482,34.25729179592905,4.8200000000000006e-05,True,True,False,False,phase6r_full_state_feasible_interval_reduced
2140.0,4.175931606838368,4.175931606838368,0.6449855302118562,4.079920451379788,34.26637971178099,34.268086982784105,34.259550627768554,4.5100000000000005e-05,True,True,False,False,phase6r_full_state_feasible_interval_reduced
2145.0,4.17450115313868,4.17450115313868,0.6461451138655059,4.081192593681426,34.268598528255495,34.27030597342915,34.26176874756085,4.4500000000000004e-05,True,True,False,False,phase6r_full_state_feasible_interval_reduced
2150.0,4.172851767537087,4.172851767537087,0.6473042393564884,4.082457029046601,34.27077094067045,34.272478520146876,34.26394062276476,4.47e-05,True,True,False,False,phase6r_full_state_feasible_interval_reduced
2155.0,4.170979763706229,4.170979763706229,0.6484628448464068,4.083713356578718,34.27289133975851,34.27459901224157,34.266060649826265,4.74e-05,True,True,False,False,phase6r_full_state_feasible_interval_reduced
2160.0,4.168881425341918,4.168881425341918,0.6496208674645574,4.084961173757552,34.2749540459468,34.27666176870341,34.26812315492036,4.7000000000000004e-05,True,True,False,False,phase6r_full_state_feasible_interval_reduced
2165.0,4.166553014836251,4.166553014836251,0.650778243302012,4.086200076712113,34.27695331034258,34.2786610391956,34.27012239493051,4.6700000000000003e-05,True,True,False,False,phase6r_full_state_feasible_interval_reduced
2170.0,4.16399078264132,4.16399078264132,0.6519349074083012,4.087429660531892,34.27888331597809,34.28059100530093,34.27205255868675,4.6500000000000005e-05,True,True,False,False,phase6r_full_state_feasible_interval_reduced
2175.0,4.1611909771684275,4.1611909771684275,0.653090793790848,4.088649519611243,34.280738179331216,34.28244578204428,34.27390776847897,6.6e-05,True,True,False,False,phase6r_full_state_feasible_interval_reduced
2180.0,4.1581498551244716,4.1581498551244716,0.6542458354172714,4.089859248023112,34.28251195213503,34.284219419704144,34.27568208185859,5.28e-05,True,True,False,False,phase6r_full_state_feasible_interval_reduced
2185.0,4.154863692248385,4.154863692248385,0.6553999642206738,4.091058439919878,34.28419862348802,34.28590590592492,34.27736949374042,5.9000000000000004e-05,True,True,False,False,phase6r_full_state_feasible_interval_reduced
2190.0,4.151328794470774,4.151328794470774,0.6565531111080268,4.092246689960925,34.28579212227608,34.28749916814114,34.27896393881582,6.58e-05,True,True,False,False,phase6r_full_state_feasible_interval_reduced
2195.0,4.14754150958237,4.14754150958237,0.6577052059717997,4.093423593768283,34.28728631991879,34.28899307632607,34.28045929428967,3.3e-05,True,True,False,False,phase6r_full_state_feasible_interval_reduced
2200.0,4.143498239555352,4.143498239555352,0.6588561777050095,4.094588748413597,34.28867503345506,34.290381446079834,34.28184938295594,6.450000000000001e-05,True,True,False,False,phase6r_full_state_feasible_interval_reduced
2205.0,4.1391954537182905,4.1391954537182905,0.6600059542199312,4.095741752941469,34.28995202898667,34.29165804207565,34.28312797663074,7.570000000000001e-05,True,True,False,False,phase6r_full_state_feasible_interval_reduced
2210.0,4.134629703035456,4.134629703035456,0.6611544624707745,4.09688220893599,34.29111102550392,34.2928165818883,34.28428879996641,7.060000000000001e-05,True,True,False,False,phase6r_full_state_feasible_interval_reduced
2215.0,4.129797635784273,4.129797635784273,0.6623016284807145,4.098009721138825,34.29214569912304,34.29385074023466,34.285325534676545,6.42e-05,True,True,False,False,phase6r_full_state_feasible_interval_reduced
2220.0,4.124696014957398,4.124696014957398,0.6634473773737583,4.099123898128587,34.29304968777199,34.294754153662936,34.286231824208215,6.55e-05,True,True,False,False,phase6r_full_state_feasible_interval_reduced
2225.0,4.119321737737011,4.119321737737011,0.6645916334120185,4.100224353072291,34.29381659636871,34.29552042573458,34.28700127890521,6.18e-05,True,True,False,False,phase6r_full_state_feasible_interval_reduced
2230.0,4.113671857393896,4.113671857393896,0.6657343200390724,4.101310704560277,34.294440002542494,34.29614313274987,34.28762748171299,6.38e-05,True,True,False,False,phase6r_full_state_feasible_interval_reduced
2235.0,4.107743607952782,4.107743607952782,0.6668753599301704,4.1023825775361935,34.29491346295686,34.296615830075275,34.28810399448322,5.78e-05,True,True,False,False,phase6r_full_state_feasible_interval_reduced
2240.0,4.101534431931996,4.101534431931996,0.6680146750501516,4.103439604333131,34.29523052029761,34.29693205913658,34.28842436494172,5.64e-05,True,True,False,False,phase6r_full_state_feasible_interval_reduced
2245.0,4.09504201141078,4.09504201141078,0.6691521867199879,4.104481425825899,34.29538471099481,34.297085355146486,34.2885821343881,5.84e-05,True,True,False,False,phase6r_full_state_feasible_interval_reduced
2250.0,4.08826430259511,4.08826430259511,0.6702878156929309,4.105507692707484,34.29536957374994,34.29706925563781,34.28857084619845,5.72e-05,True,True,False,False,phase6r_full_state_feasible_interval_reduced
2255.0,4.081199573944205,4.081199573944205,0.6714214822412488,4.106518066894918,34.295178658939236,34.29687730987355,34.28838405520195,5.910000000000001e-05,True,True,False,False,phase6r_full_state_feasible_interval_reduced
2260.0,4.073846447780034,4.073846447780034,0.672553106254521,4.107512223066024,34.294805538961036,34.29650308920148,34.28801533799925,5.41e-05,True,True,False,False,phase6r_full_state_feasible_interval_reduced
2265.0,4.066203945134076,4.066203945134076,0.6736826073503916,4.108489850323723,34.29424381958749,34.2959401984136,34.28745830428306,0.0002041,True,True,False,False,phase6r_full_state_feasible_interval_reduced
2270.0,4.058271533387369,4.058271533387369,0.6748099049985548,4.109450653978845,34.29348715236883,34.29518228815865,34.286706609209574,6.47e-05,True,True,False,False,phase6r_full_state_feasible_interval_reduced
2275.0,4.050049176037752,4.050049176037752,0.6759349186585653,4.11039435743563,34.292529248121475,34.294223068438825,34.285753966852084,5.67e-05,True,True,False,False,phase6r_full_state_feasible_interval_reduced
2280.0,4.041537383685228,4.041537383685228,0.6770575679318112,4.111320704156631,34.29136389150836,34.29305632319897,34.28459416474592,0.00019390000000000002,True,True,False,False,phase6r_full_state_feasible_interval_reduced
2285.0,4.032737265074045,4.032737265074045,0.6781777727276651,4.112229459675525,34.28998495669175,34.291675925988315,34.283221079505466,0.0002682,True,True,False,False,phase6r_full_state_feasible_interval_reduced
2290.0,4.023650576778542,4.023650576778542,0.6792954534434369,4.113120413618015,34.288386424004784,34.290075856640854,34.28162869346049,7.32e-05,True,True,False,False,phase6r_full_state_feasible_interval_reduced
2295.0,4.014279769886639,4.014279769886639,0.6804105311572943,4.113993381682712,34.28656239754943,34.28825021888176,34.27981111222012,7.53e-05,True,True,False,False,phase6r_full_state_feasible_interval_reduced
2300.0,4.004628031837513,4.004628031837513,0.6815229278328048,4.11484820752634,34.2845071235855,34.286193258724225,34.27776258303061,7.19e-05,True,True,False,False,phase6r_full_state_feasible_interval_reduced
2305.0,3.994699321431652,3.994699321431652,0.6826325665332025,4.115684764491441,34.282215009530276,34.28389938347607,34.2754775137471,6.900000000000001e-05,True,True,False,False,phase6r_full_state_feasible_interval_reduced
2310.0,3.9844983949726287,3.9844983949726287,0.6837393716429171,4.116502957110551,34.279680643342246,34.281363181129166,34.27295049219458,7.49e-05,True,True,False,False,phase6r_full_state_feasible_interval_reduced
2315.0,3.9740308215444737,3.9740308215444737,0.6848432690933461,4.117302722319406,34.27689881301846,34.278579439861,34.270176305648306,8.86e-05,True,True,False,False,phase6r_full_state_feasible_interval_reduced
2320.0,3.963302985592834,3.963302985592834,0.6859441865893442,4.118084030313675,34.27386452589533,34.2755431673379,34.267149960125046,7.15e-05,True,True,False,False,phase6r_full_state_feasible_interval_reduced
2325.0,3.9523220752758492,3.9523220752758492,0.6870420538324764,4.118846884989591,34.270573027411345,34.27224960947814,34.26386669914416,7.03e-05,True,True,False,False,phase6r_full_state_feasible_interval_reduced
2330.0,3.9410960554838197,3.9410960554838197,0.6881368027367775,4.119591323918884,34.26701981896848,34.26869426831148,34.26032202159646,6.780000000000001e-05,True,True,False,False,phase6r_full_state_feasible_interval_reduced
2335.0,3.9296336249883135,3.9296336249883135,0.6892283676326075,4.120317417822617,34.26320067452191,34.26487291856475,34.25651169835057,6.54e-05,True,True,False,False,phase6r_full_state_feasible_interval_reduced
2340.0,3.9179441578483756,3.9179441578483756,0.6903166854542321,4.1210252695265615,34.25911165553538,34.26078162261063,34.252431787234386,0.0002267,True,True,False,False,phase6r_full_state_feasible_interval_reduced
2345.0,3.906037629941176,3.906037629941176,0.6914016959069935,4.121715012401718,34.25474912396454,34.25641674344226,34.24807864605365,8.2e-05,True,True,False,False,phase6r_full_state_feasible_interval_reduced
2350.0,3.8939245322493763,3.8939245322493763,0.6924833416103962,4.122386808316495,34.25010975297343,34.25177495537879,34.243448943351986,7.15e-05,True,True,False,False,phase6r_full_state_feasible_interval_reduced
2355.0,3.881615773273672,3.881615773273672,0.6935615682140833,4.123040845150319,34.245190535147735,34.246853252265964,34.23853966667483,6.950000000000001e-05,True,True,False,False,phase6r_full_state_feasible_interval_reduced
2360.0,3.869122573589744,3.869122573589744,0.694636324484525,4.123677333940519,34.23998878804161,34.24164895300884,34.233348128172665,6.94e-05,True,True,False,False,phase6r_full_state_feasible_interval_reduced
2365.0,3.8564563560777,3.8564563560777,0.6957075623612132,4.124296505753499,34.23450215697868,34.23615970435779,34.22787196746224,7.15e-05,True,True,False,False,phase6r_full_state_feasible_interval_reduced
2370.0,3.843628635675849,3.843628635675849,0.6967752369822343,4.1248986083859815,34.22872861511804,34.230383480958935,34.22210915175445,6.94e-05,True,True,False,False,phase6r_full_state_feasible_interval_reduced
2375.0,3.8306509126159467,3.8306509126159467,0.6978393066801832,4.125483903011276,34.22266646088702,34.22431858277159,34.21605797334873,8.340000000000001e-05,True,True,False,False,phase6r_full_state_feasible_interval_reduced
2380.0,3.8175345729736994,3.8175345729736994,0.6988997329504537,4.126052660888356,34.21631431297039,34.21796363004267,34.209717044681256,8.120000000000001e-05,True,True,False,False,phase6r_full_state_feasible_interval_reduced
2385.0,3.804290800021259,3.804290800021259,0.6999564803949041,4.126605160247814,34.209671103123746,34.21131755610645,34.20308529119294,7.290000000000001e-05,True,True,False,False,phase6r_full_state_feasible_interval_reduced
2390.0,3.7909304993254285,3.7909304993254285,0.7010095166447167,4.127143524109256,34.20273606714411,34.20437959834304,34.19616194234837,7.03e-05,True,True,False,False,phase6r_full_state_feasible_interval_reduced
2395.0,3.7774642398355534,3.7774642398355534,0.7020588122668933,4.127670242103386,34.19550873437909,34.197149287677405,34.18894652118582,8.14e-05,True,True,False,False,phase6r_full_state_feasible_interval_reduced
2400.0,3.7639022123995898,3.7639022123995898,0.7031043406592264,4.128185669258241,34.18798891618593,34.18962643703029,34.181438832808475,7.2e-05,True,True,False,False,phase6r_full_state_feasible_interval_reduced
2405.0,3.750254206290284,3.750254206290284,0.7041460779387515,4.128690152697281,34.180176693761254,34.18181112914222,34.17363895223741,8.64e-05,True,True,False,False,phase6r_full_state_feasible_interval_reduced
2410.0,3.736529603466576,3.736529603466576,0.7051840028286034,4.129184034045189,34.172072405753305,34.17370370418219,34.165547212037765,7.32e-05,True,True,False,False,phase6r_full_state_feasible_interval_reduced
2415.0,3.7227373894858276,3.7227373894858276,0.706218096547905,4.129667648950159,34.16367663604052,34.16530474752501,34.157164190102534,5.2000000000000004e-05,True,True,False,False,phase6r_full_state_feasible_interval_reduced
2420.0,3.708886179255119,3.708886179255119,0.7072483427088092,4.130141327084865,34.154990202017046,34.156615078037525,34.14849069793511,4.92e-05,True,True,False,False,phase6r_full_state_feasible_interval_reduced
2425.0,3.6949842551910113,3.6949842551910113,0.7082747272241401,4.130605392578672,34.146014143668694,34.14763573715703,34.139527769715365,5.6800000000000005e-05,True,True,False,False,phase6r_full_state_feasible_interval_reduced
2430.0,3.6810396148635713,3.6810396148635713,0.7092972382282688,4.13106016481492,34.136749713656066,34.138367978978295,34.13027665236716,6.26e-05,True,True,False,False,phase6r_full_state_feasible_interval_reduced
2435.0,3.6670600248389187,3.6670600248389187,0.7103158660129463,4.131505959511798,34.12719836854716,34.128813261491125,34.12073879677133,4.75e-05,True,True,False,False,phase6r_full_state_feasible_interval_reduced
2440.0,3.6530530772088308,3.6530530772088308,0.7113306029788377,4.131943089993333,34.11736176126422,34.11897323903264,34.110915850190516,4.86e-05,True,True,False,False,phase6r_full_state_feasible_interval_reduced
2445.0,3.6390262452053324,3.6390262452053324,0.7123414436025058,4.132371868548872,34.1072417347302,34.10884975593946,34.100809649893165,4.78e-05,True,True,False,False,phase6r_full_state_feasible_interval_reduced
2450.0,3.6249869343411745,3.6249869343411745,0.7133483844176006,4.132792607775227,34.096840316624494,34.09844484130866,34.090422217887806,5.6500000000000005e-05,True,True,False,False,phase6r_full_state_feasible_interval_reduced
2455.0,3.610942525693284,3.610942525693284,0.714351424008071,4.13320562179539,34.086159715085216,34.08776070470473,34.07975575660717,5.6000000000000006e-05,True,True,False,False,phase6r_full_state_feasible_interval_reduced
2460.0,3.596900408254778,3.596900408254778,0.7153505630103639,4.1336112272518095,34.07520231513277,34.07679973258648,34.06881264531793,4.75e-05,True,True,False,False,phase6r_full_state_feasible_interval_reduced
2465.0,3.582867997720106,3.582867997720106,0.7163458041208417,4.134009743980436,34.0639706755357,34.06556448517491,34.057595436978836,4.6700000000000003e-05,True,True,False,False,phase6r_full_state_feasible_interval_reduced
2470.0,3.5688527396340355,3.5688527396340355,0.7173371521040733,4.134401495284409,34.05246752580028,34.05405769344291,34.046106855229766,4.61e-05,True,True,False,False,phase6r_full_state_feasible_interval_reduced
2475.0,3.5548620955176595,3.5548620955176595,0.7183246137972726,4.134786807742934,34.04069576294029,34.04228225588317,34.03434979116875,5.22e-05,True,True,False,False,phase6r_full_state_feasible_interval_reduced
2480.0,3.5409035113670715,3.5409035113670715,0.7193081981059857,4.135166010511545,34.02865844767526,34.03024123470257,34.02232729956603,5.53e-05,True,True,False,False,phase6r_full_state_feasible_interval_reduced
2485.0,3.5269843687738938,3.5269843687738938,0.7202879159862007,4.135539434093565,34.01635879971555,34.01793785110113,34.0100425941732,8.1e-05,True,True,False,False,phase6r_full_state_feasible_interval_reduced
2490.0,3.5131119198041234,3.5131119198041234,0.7212637804083685,4.135907408588511,34.003800191820154,34.00537547932186,33.997499041813306,7.120000000000001e-05,True,True,False,False,phase6r_full_state_feasible_interval_reduced
2495.0,3.4992932076433667,3.4992932076433667,0.7222358062993806,4.136270261449932,33.990986142358956,33.99255763920312,33.98470015498229,6.99e-05,True,True,False,False,phase6r_full_state_feasible_interval_reduced
2500.0,3.485534975817631,3.485534975817631,0.7232040104593299,4.136628314811246,33.97792030617121,33.979487987025784,33.97164958275289,7.2e-05,True,True,False,False,phase6r_full_state_feasible_interval_reduced
2505.0,3.4718435694719085,3.4718435694719085,0.7241684114508499,4.136981882461852,33.96460646358586,33.96617030452118,33.95835109984459,6.83e-05,True,True,False,False,phase6r_full_state_feasible_interval_reduced
2510.0,3.4582248326799654,3.4582248326799654,0.7251290294599276,4.137331266575398,33.95104850755093,33.952608485987334,33.94480859380531,6.15e-05,True,True,False,False,phase6r_full_state_feasible_interval_reduced
2515.0,3.444684006026563,3.444684006026563,0.7260858861282683,4.137676754306266,33.93725042890483,33.93880652354714,33.93102605033559,6.21e-05,True,True,False,False,phase6r_full_state_feasible_interval_reduced
2520.0,3.431225628721712,3.431225628721712,0.7270390043584688,4.138018614377755,33.923216299907416,33.92476849066648,33.91700753687114,5.0600000000000003e-05,True,True,False,False,phase6r_full_state_feasible_interval_reduced
2525.0,3.417853449272309,3.417853449272309,0.7279884080943778,4.138357093785808,33.908950256226746,33.91049852412898,33.90275718461781,5.9800000000000003e-05,True,True,False,False,phase6r_full_state_feasible_interval_reduced
2530.0,3.404570348268499,3.404570348268499,0.728934122080008,4.138692414735374,33.89445647764577,33.89600080473188,33.88827916930134,5.95e-05,True,True,False,False,phase6r_full_state_feasible_interval_reduced
2535.0,3.391378276180613,3.391378276180613,0.7298761716011692,4.139024771913328,33.87973916780634,33.881279537020916,33.87357769094805,6.42e-05,True,True,False,False,phase6r_full_state_feasible_interval_reduced
2540.0,3.3782782082643825,3.3782782082643825,0.7308145822145761,4.139354330183562,33.86480253334556,33.86633892841939,33.85865695305024,6.720000000000001e-05,True,True,False,False,phase6r_full_state_feasible_interval_reduced
2545.0,3.3652701178039157,3.3652701178039157,0.7317493794695216,4.139681222768025,33.8496507627983,33.85118316812552,33.84352114148938,4.6e-05,True,True,False,False,phase6r_full_state_feasible_interval_reduced
2550.0,3.3523529680505977,3.3523529680505977,0.7326805886273134,4.140005549953848,33.834288005641895,33.83581640615412,33.82817440359298,8.070000000000001e-05,True,True,False,False,phase6r_full_state_feasible_interval_reduced
2555.0,3.339524722405658,3.339524722405658,0.7336082343835373,4.140327378343132,33.818718351844886,33.82024273288441,33.8126208276868,7.08e-05,True,True,False,False,phase6r_full_state_feasible_interval_reduced
2560.0,3.326782371691557,3.326782371691557,0.7345323405978961,4.140646740639978,33.802945812253924,33.80446615944812,33.79686442347713,6.900000000000001e-05,True,True,False,False,phase6r_full_state_feasible_interval_reduced
2565.0,3.314121976800688,3.314121976800688,0.7354529300358963,4.14096363595024,33.78697430011486,33.78849059925365,33.780909103559736,5.94e-05,True,True,False,False,phase6r_full_state_feasible_interval_reduced
2570.0,3.3015387246119627,3.3015387246119627,0.7363700241260662,4.141278030553971,33.77080761397861,33.77231985089658,33.764758666306754,0.0001443,True,True,False,False,phase6r_full_state_feasible_interval_reduced
2575.0,3.289026994833022,3.289026994833022,0.7372836427357421,4.1415898590991835,33.754449422192614,33.755957582657366,33.7484167803336,7.16e-05,True,True,False,False,phase6r_full_state_feasible_interval_reduced
2580.0,3.2765804353400036,3.2765804353400036,0.738193803967781,4.141899026158219,33.73790324912862,33.739407318736404,33.7318869706975,5.910000000000001e-05,True,True,False,False,phase6r_full_state_feasible_interval_reduced
2585.0,3.264192043634179,3.264192043634179,0.7391005239799016,4.142205408084613,33.72117246324827,33.722672427327815,33.715172606930096,6.560000000000001e-05,True,True,False,False,phase6r_full_state_feasible_interval_reduced
2590.0,3.2518542521793545,3.2518542521793545,0.7400038168277292,4.142508855108063,33.70426026706231,33.705756110587615,33.69827689296111,0.0001426,True,True,False,False,phase6r_full_state_feasible_interval_reduced
2595.0,3.2395590156080036,3.2395590156080036,0.7409036943320647,4.142809193607759,33.68716968899891,33.68866139651131,33.68120285894931,8.1e-05,True,True,False,False,phase6r_full_state_feasible_interval_reduced
2600.0,3.227297898047088,3.227297898047088,0.7418001659704111,4.143106228508681,33.66990357716108,33.67139113270092,33.66395335500174,6.560000000000001e-05,True,True,False,False,phase6r_full_state_feasible_interval_reduced
2605.0,3.2150621591077098,3.2150621591077098,0.7426932387923855,4.1433997457514735,33.652464594924666,33.65394798197255,33.64653104673313,6.09e-05,True,True,False,False,phase6r_full_state_feasible_interval_reduced
2610.0,3.2028428373674465,3.2028428373674465,0.7435829173583208,4.143689514792961,33.63485521830488,33.63633441973251,33.62893841259432,6.120000000000001e-05,True,True,False,False,phase6r_full_state_feasible_interval_reduced
2615.0,3.1906308304580837,3.1906308304580837,0.7444692037001147,4.14397529110143,33.61707773500246,33.61855273303281,33.6111777428811,8.81e-05,True,True,False,False,phase6r_full_state_feasible_interval_reduced
2620.0,3.178416971116138,3.178416971116138,0.7453520973032025,4.1442568186173645,33.59913424502812,33.600605021204586,33.593251140322245,0.0010089,True,True,False,False,phase6r_full_state_feasible_interval_reduced
2625.0,3.1661920987874743,3.1661920987874743,0.7462315951084213,4.144533832156968,33.58102666279611,33.58249319796052,33.57516052213849,7.93e-05,True,True,False,False,phase6r_full_state_feasible_interval_reduced
2630.0,3.15394712655426,3.15394712655426,0.7471076915324641,4.144806059741305,33.562756720574384,33.56421899485318,33.55690762345921,7.680000000000001e-05,True,True,False,False,phase6r_full_state_feasible_interval_reduced
2635.0,3.1416731033271628,3.1416731033271628,0.7479803785056106,4.145073224839421,33.54432597317741,33.54578396597581,33.53849400198379,7.780000000000001e-05,True,True,False,False,phase6r_full_state_feasible_interval_reduced
2640.0,3.129361271350155,3.129361271350155,0.7488496455254301,4.145335048517758,33.525735803789935,33.527189493793564,33.51992104377541,7.390000000000001e-05,True,True,False,False,phase6r_full_state_feasible_interval_reduced
2645.0,3.1170031191921623,3.1170031191921623,0.7497154797252057,4.145591251492571,33.50698743081359,33.50843679599713,33.50118997007945,5.0700000000000006e-05,True,True,False,False,phase6r_full_state_feasible_interval_reduced
2650.0,3.1045904304365286,3.1045904304365286,0.7505778659558825,4.145841556084225,33.488081915632826,33.489526933275286,33.48230184506298,5.42e-05,True,True,False,False,phase6r_full_state_feasible_interval_reduced
2655.0,3.0921153283828775,3.0921153283828775,0.7514367868804332,4.146085688076006,33.46902017120348,33.47046081790977,33.463257584378326,7.13e-05,True,True,False,False,phase6r_full_state_feasible_interval_reduced
2660.0,3.0795703170464055,3.0795703170464055,0.7522922230796129,4.146323378480441,33.44980297137314,33.4512392231014,33.44405796446007,7.49e-05,True,True,False,False,phase6r_full_state_feasible_interval_reduced
2665.0,3.066948318855741,3.066948318855741,0.7531441531681838,4.146554365219884,33.43043096085037,33.4318627929449,33.42470363247229,0.00026460000000000003,True,True,False,False,phase6r_full_state_feasible_interval_reduced
2670.0,3.054242709341408,3.054242709341408,0.7539925539207787,4.146778394726439,33.41090466574616,33.41233205297539,33.40519511682923,0.0002762,True,True,False,False,phase6r_full_state_feasible_interval_reduced
2675.0,3.041447349286633,3.041447349286633,0.7548374004066917,4.146995223471275,33.39122450461954,33.392647421219024,33.38553283822159,0.0001123,True,True,False,False,phase6r_full_state_feasible_interval_reduced
2680.0,3.0285566145810088,3.0285566145810088,0.7556786661329642,4.147204619428657,33.371390799964885,33.3728092196848,33.36571712108524,0.00010690000000000001,True,True,False,False,phase6r_full_state_feasible_interval_reduced
2685.0,3.0155654243442287,3.0155654243442287,0.7565163231952821,4.147406363488256,33.351403790088014,33.35281768624505,33.34574820545989,8.22e-05,True,True,False,False,phase6r_full_state_feasible_interval_reduced
2690.0,3.0024692674337015,3.0024692674337015,0.7573503424362359,4.147600250819217,33.331263641321385,33.33267298685481,33.325626259187686,8.05e-05,True,True,False,False,phase6r_full_state_feasible_interval_reduced
2695.0,2.9892642280760993,2.9892642280760993,0.7581806936107015,4.147786092204546,33.31097046054113,33.31237522807285,33.30535139041423,0.0005437,True,True,False,False,phase6r_full_state_feasible_interval_reduced
2700.0,2.9759470104784067,2.9759470104784067,0.7590073455580566,4.14796371534416,33.29052430794699,33.29192446984544,33.284923660353186,7.65e-05,True,True,False,False,phase6r_full_state_feasible_interval_reduced
2705.0,2.962514963491547,2.962514963491547,0.7598302663812487,4.14813296615365,33.26992521008387,33.27132073853162,33.26434309629287,0.0009446000000000001,True,True,False,False,phase6r_full_state_feasible_interval_reduced
2710.0,2.948966104668959,2.948966104668959,0.7606494236325456,4.148293710045833,33.249173173073395,33.25056404013841,33.24360970481333,8.340000000000001e-05,True,True,False,False,phase6r_full_state_feasible_interval_reduced
2715.0,2.935299145437138,2.935299145437138,0.7614647845062782,4.14844583323764,33.22826819605149,33.22965437376199,33.222723485209464,9.020000000000001e-05,True,True,False,False,phase6r_full_state_feasible_interval_reduced
2720.0,2.921513515711134,2.921513515711134,0.7622763160384202,4.148589244046348,33.20721028478135,33.208591745204174,33.201684443090045,8.75e-05,True,True,False,False,phase6r_full_state_feasible_interval_reduced
2725.0,2.907609390914279,2.907609390914279,0.7630839853136742,4.148723874246799,33.18599946545796,33.187376180780504,33.18049260416778,7.21e-05,True,True,False,False,phase6r_full_state_feasible_interval_reduced
2730.0,2.8935877177811737,2.8935877177811737,0.7638877596797244,4.148849680408182,33.164635798662786,33.16600774127838,33.159148028200434,4.9600000000000006e-05,True,True,False,False,phase6r_full_state_feasible_interval_reduced
2735.0,2.879450244290049,2.879450244290049,0.764687606969805,4.148966645337316,33.14311939351107,33.144486536108005,33.13765082312335,7.77e-05,True,True,False,False,phase6r_full_state_feasible_interval_reduced
2740.0,2.8651995463942797,2.8651995463942797,0.7654834957326923,4.149074779460003,33.12145042191874,33.1228127375726,33.11600115930328,4.8100000000000004e-05,True,True,False,False,phase6r_full_state_feasible_interval_reduced
2745.0,2.8508390614496566,2.8508390614496566,0.7662753954719839,4.14917412237228,33.099629133069925,33.10098659533973,33.094199283990726,4.91e-05,True,True,False,False,phase6r_full_state_feasible_interval_reduced
2750.0,2.8363731141043895,2.8363731141043895,0.7670632768925684,4.149264744230923,33.07765586794472,33.07900845097197,33.07224553583573,4.64e-05,True,True,False,False,phase6r_full_state_feasible_interval_reduced
2755.0,2.8218069531183017,2.8218069531183017,0.7678471121573235,4.149346747412238,33.05553107405161,33.056878752663295,33.050140359604875,4.83e-05,True,True,False,False,phase6r_full_state_feasible_interval_reduced
2760.0,2.8071467722744954,2.8071467722744954,0.7686268751496219,4.149420267812412,33.0332553200967,33.03459806991057,33.027884320841224,4.88e-05,True,True,False,False,phase6r_full_state_feasible_interval_reduced
2765.0,2.7923997497337782,2.7923997497337782,0.7694025417467701,4.149485476584266,33.010829310847285,33.01216710838095,33.00547812071261,7.24e-05,True,True,False,False,phase6r_full_state_feasible_interval_reduced
2770.0,2.7775740563844105,2.7775740563844105,0.7701740900957658,4.149542581153402,32.98825390169562,32.98958672447664,32.98292261057156,0.0005352,True,True,False,False,phase6r_full_state_feasible_interval_reduced
2775.0,2.762678896453703,2.762678896453703,0.7709415009003362,4.149591826975814,32.96553011338847,32.96685794006802,32.96021880667029,0.0002564,True,True,False,False,phase6r_full_state_feasible_interval_reduced
2780.0,2.7477244910057688,2.7477244910057688,0.7717047577033933,4.149633497945594,32.94265914604305,32.94398195650817,32.93736790418258,6.840000000000001e-05,True,True,False,False,phase6r_full_state_feasible_interval_reduced
2785.0,2.7327221192863234,2.7327221192863234,0.7724638471809728,4.149667918110115,32.919642393297735,32.9209601687869,32.9143712913411,9.530000000000001e-05,True,True,False,False,phase6r_full_state_feasible_interval_reduced
2790.0,2.717684058964519,2.717684058964519,0.7732187594195741,4.149695450977257,32.896481455078266,32.89779417829143,32.8912305622256,7.16e-05,True,True,False,False,phase6r_full_state_feasible_interval_reduced
2795.0,2.702623631121741,2.702623631121741,0.7739694882059968,4.1497165011776405,32.87317815052243,32.87448580573437,32.86794752967464,6.890000000000001e-05,True,True,False,False,phase6r_full_state_feasible_interval_reduced
2800.0,2.68755507103398,2.68755507103398,0.774716031281284,4.1497315119712255,32.849734528493244,32.851037101655145,32.84452423584563,6.6e-05,True,True,False,False,phase6r_full_state_feasible_interval_reduced
2805.0,2.672493588248093,2.672493588248093,0.7754583906113529,4.149740967019413,32.826152878461066,32.827450357306155,32.820962963080724,0.0001241,True,True,False,False,phase6r_full_state_feasible_interval_reduced
2810.0,2.657455131307792,2.657455131307792,0.7761965725922717,4.149745385128632,32.802435737460605,32.80372811158885,32.797266240947614,6.81e-05,True,True,False,False,phase6r_full_state_feasible_interval_reduced
2815.0,2.642456491642977,2.642456491642977,0.7769305882843948,4.149745322682567,32.77858589806803,32.7798731590381,32.77343685418776,6.74e-05,True,True,False,False,phase6r_full_state_feasible_interval_reduced
2820.0,2.6275149100006825,2.6275149100006825,0.7776604535371727,4.149741364291944,32.754606410253324,32.75588855164011,32.74947784470618,6.74e-05,True,True,False,False,phase6r_full_state_feasible_interval_reduced
2825.0,2.612648284416038,2.612648284416038,0.7783861891717327,4.149734127177234,32.73050058579109,32.731777603258614,32.725392515921016,7.33e-05,True,True,False,False,phase6r_full_state_feasible_interval_reduced
2830.0,2.59787453868898,2.59787453868898,0.7791078209880352,4.149724245777049,32.7062719933,32.70754388462023,32.701184428019076,6.610000000000001e-05,True,True,False,False,phase6r_full_state_feasible_interval_reduced
2835.0,2.583212049521206,2.583212049521206,0.77982537989068,4.149712380682488,32.68192445901934,32.683191224123746,32.67685739860174,6.780000000000001e-05,True,True,False,False,phase6r_full_state_feasible_interval_reduced
2840.0,2.568678643954528,2.568678643954528,0.780538901736223,4.149699194065614,32.65746205320414,32.65872369415118,32.652415489415986,6.670000000000001e-05,True,True,False,False,phase6r_full_state_feasible_interval_reduced
2845.0,2.55429245568471,2.55429245568471,0.7812484274183576,4.1496853680415375,32.63288908835247,32.63414560936187,32.62786300431486,7.98e-05,True,True,False,False,phase6r_full_state_feasible_interval_reduced
2850.0,2.5400703099410444,2.5400703099410444,0.7819540025044524,4.149671565333594,32.60821009481689,32.60946150217128,32.60320446539932,6.24e-05,True,True,False,False,phase6r_full_state_feasible_interval_reduced
2855.0,2.5260293891877317,2.5260293891877317,0.7826556773347823,4.149658465987897,32.583429819516915,32.58467612159412,32.57844461120808,4.8700000000000005e-05,True,True,False,False,phase6r_full_state_feasible_interval_reduced
2860.0,2.512184542081534,2.512184542081534,0.7833535063742494,4.149646702616317,32.55855318760558,32.55979439469402,32.55358835925183,4.52e-05,True,True,False,False,phase6r_full_state_feasible_interval_reduced
2865.0,2.498551461759679,2.498551461759679,0.7840475484469605,4.149636931996846,32.53358530793032,32.53482143229352,32.52864081047755,0.0001285,True,True,False,False,phase6r_full_state_feasible_interval_reduced
2870.0,2.485141999212628,2.485141999212628,0.784737865668964,4.149629723682225,32.50853141476875,32.509762470338124,32.50360719249125,0.00011700000000000001,True,True,False,False,phase6r_full_state_feasible_interval_reduced
2875.0,2.4719702074507417,2.4719702074507417,0.7854245240599225,4.149625698228331,32.48339689198849,32.48462289452762,32.47849288183196,6.83e-05,True,True,False,False,phase6r_full_state_feasible_interval_reduced
2880.0,2.459043785262232,2.459043785262232,0.7861075917780509,4.149625325751212,32.45818718201926,32.45940814861878,32.45330331562117,6.670000000000001e-05,True,True,False,False,phase6r_full_state_feasible_interval_reduced
2885.0,2.446375715986527,2.446375715986527,0.7867871405880471,4.149629194608249,32.43290785172972,32.43412380120337,32.42804405383515,0.00013890000000000002,True,True,False,False,phase6r_full_state_feasible_interval_reduced
2890.0,2.433967912394867,2.433967912394867,0.7874632427859346,4.14963762854595,32.40756444012407,32.40877539214054,32.40272063205818,8.25e-05,True,True,False,False,phase6r_full_state_feasible_interval_reduced
2895.0,2.421834212017064,2.421834212017064,0.7881359745114949,4.149651220380431,32.38216261253795,32.38336858851779,32.37733870861858,7.960000000000001e-05,True,True,False,False,phase6r_full_state_feasible_interval_reduced
2900.0,2.4099677012590086,2.4099677012590086,0.7888054099840668,4.149670069158286,32.356707882855034,32.357908904368855,32.35190379679974,7.86e-05,True,True,False,False,phase6r_full_state_feasible_interval_reduced
2905.0,2.3983877762215213,2.3983877762215213,0.789471628810795,4.149694875455524,32.33120595623352,32.332402046979055,32.32642159325138,7.950000000000001e-05,True,True,False,False,phase6r_full_state_feasible_interval_reduced
2910.0,2.387071944182157,2.387071944182157,0.7901347043508457,4.149725350545672,32.30566217845239,32.30685336106847,32.300897447988056,7.670000000000001e-05,True,True,False,False,phase6r_full_state_feasible_interval_reduced
2915.0,2.376056179567409,2.376056179567409,0.790794719956281,4.149762555664988,32.280082295029544,32.28126859547078,32.275337093264596,8.020000000000001e-05,True,True,False,False,phase6r_full_state_feasible_interval_reduced
2920.0,2.3652861477774167,2.3652861477774167,0.7914517438862192,4.149805431166898,32.25447127925015,32.2556527200047,32.24974551623197,7.86e-05,True,True,False,False,phase6r_full_state_feasible_interval_reduced
2925.0,2.354840910703677,2.354840910703677,0.7921058663614147,4.149856015954139,32.22883505169009,32.230011661696594,32.22412861166407,7.59e-05,True,True,False,False,phase6r_full_state_feasible_interval_reduced
2930.0,2.344593403107433,2.344593403107433,0.7927571423067223,4.14991152260573,32.20317783271505,32.20434963204963,32.19849063537673,0.00010180000000000001,True,True,False,False,phase6r_full_state_feasible_interval_reduced
2935.0,2.3347324148484545,2.3347324148484545,0.7934056790886247,4.149976524983525,32.17750617972202,32.17867320290274,32.172838086999164,7.780000000000001e-05,True,True,False,False,phase6r_full_state_feasible_interval_reduced
2940.0,2.324951612202772,2.324951612202772,0.7940514989809032,4.150044017126617,32.151822685914574,32.15298494547049,32.14717364769092,6.55e-05,True,True,False,False,phase6r_full_state_feasible_interval_reduced
2945.0,2.3157247431926504,2.3157247431926504,0.7946947558540123,4.150125207227996,32.12613586560401,32.127293409173234,32.12150569132711,7.69e-05,True,True,False,False,phase6r_full_state_feasible_interval_reduced
2950.0,2.306278339493459,2.306278339493459,0.7953353887260938,4.15020213764613,32.10044441786844,32.101597237232944,32.09583314041042,6.450000000000001e-05,True,True,False,False,phase6r_full_state_feasible_interval_reduced
2955.0,2.2978517946384467,2.2978517946384467,0.7959736808912711,4.150303901654797,32.0747625192603,32.075910696497886,32.07016981030995,5.7900000000000005e-05,True,True,False,False,phase6r_full_state_feasible_interval_reduced
2960.0,2.288397052994018,2.288397052994018,0.7966093467393249,4.150382691607015,32.04907868753862,32.05022215723127,32.04450480876801,6.19e-05,True,True,False,False,phase6r_full_state_feasible_interval_reduced
2965.0,2.2812913663944654,2.2812913663944654,0.7972430387855456,4.150517617194746,32.02342339957614,32.02456233964121,32.01886763931588,6.18e-05,True,True,False,False,phase6r_full_state_feasible_interval_reduced
2970.0,2.270860912673838,2.270860912673838,0.7978738334835106,4.150575959330137,31.997756734799204,31.998890916945307,31.99322000621478,7.36e-05,True,True,False,False,phase6r_full_state_feasible_interval_reduced
2975.0,2.2666895797976845,2.2666895797976845,0.7985034694778989,4.1507821613286895,31.972157050930264,31.97328693142139,31.967637528965746,0.0001122,True,True,False,False,phase6r_full_state_feasible_interval_reduced
2980.0,2.2523763083638446,2.2523763083638446,0.7991291295635555,4.150752198894768,31.94650089344829,31.947625762399564,31.94200141764321,4.9300000000000006e-05,True,True,False,False,phase6r_full_state_feasible_interval_reduced
2985.0,2.25622320959264,2.25622320959264,0.7997558582328869,4.151149090281589,31.921011638780328,31.92213279247945,31.916527023983857,4.5900000000000004e-05,True,True,False,False,phase6r_full_state_feasible_interval_reduced
