time_s,charge_current_a,raw_requested_current_a,soc,terminal_voltage_v,average_temperature_c,core_temperature_c,surface_temperature_c,evaluation_time_s,optimizer_success,prediction_feasible,used_fallback,target_current_cap_active,source
0.0,0.0,0.0,0.1,3.2959070147319616,25.0,25.0,25.0,0.0,True,True,False,False,phase6r_full_state_pure_reduced
5.0,2.53757746328795,2.53757746328795,0.10070488262869111,3.358836809109476,25.01127595144487,25.011341908701286,25.011012122419185,8.42e-05,True,True,False,False,phase6r_full_state_pure_reduced
10.0,4.65212003654236,4.65212003654236,0.10199713819439732,3.418534744155905,25.051380189244938,25.05161683565645,25.050433603598883,5.1800000000000005e-05,True,True,False,False,phase6r_full_state_pure_reduced
15.0,6.895962291762666,6.895962291762666,0.10391268327544251,3.486333323131216,25.143190833909493,25.143737263419155,25.14100511587085,4.7000000000000004e-05,True,True,False,False,phase6r_full_state_pure_reduced
20.0,9.178457402175491,9.178457402175491,0.10646225477604682,3.5596596268636587,25.311392231014384,25.312402286284414,25.307352009934263,4.8700000000000005e-05,True,True,False,False,phase6r_full_state_pure_reduced
25.0,9.876867909607967,9.876867909607967,0.10920582919538237,3.597807317127586,25.516258848990837,25.517514129016238,25.511237728889245,4.8700000000000005e-05,True,True,False,False,phase6r_full_state_pure_reduced
30.0,9.50133354981811,9.50133354981811,0.11184508851477629,3.608452565814492,25.71689051116303,25.718158480930153,25.711818632094538,4.74e-05,True,True,False,False,phase6r_full_state_pure_reduced
35.0,9.300252991068525,9.300252991068525,0.11442849212340643,3.619845591716679,25.916886125471684,25.91818706269603,25.911682376574298,4.9500000000000004e-05,True,True,False,False,phase6r_full_state_pure_reduced
40.0,9.112796631519634,9.112796631519634,0.11695982452105078,3.629253504225315,26.114824690465966,26.116150166802218,26.10952278512095,4.9600000000000006e-05,True,True,False,False,phase6r_full_state_pure_reduced
45.0,8.945047808091857,8.945047808091857,0.11944456002329851,3.6373559056992026,26.310051589170396,26.311397399390128,26.304668348291464,4.83e-05,True,True,False,False,phase6r_full_state_pure_reduced
50.0,8.791715703666775,8.791715703666775,0.12188670327431705,3.6444401739467067,26.502103246491725,26.503466183123095,26.49665149996624,4.66e-05,True,True,False,False,phase6r_full_state_pure_reduced
55.0,8.648909049747147,8.648909049747147,0.12428917801035792,3.6507149853817324,26.690644671037386,26.692022193968953,26.685134579311114,4.08e-05,True,True,False,False,phase6r_full_state_pure_reduced
60.0,8.514084234270156,8.514084234270156,0.1266542014087663,3.6563400343924197,26.8754408282863,26.87683092083221,26.869880458102674,4.8400000000000004e-05,True,True,False,False,phase6r_full_state_pure_reduced
65.0,8.385639429577514,8.385639429577514,0.12898354569476006,3.6614394133269252,27.056336964553385,27.057738036639694,27.050732676208135,3.5900000000000005e-05,True,True,False,False,phase6r_full_state_pure_reduced
70.0,8.262568885628397,8.262568885628397,0.13127870371854572,3.666109799334571,27.233242277178796,27.234653084505,27.227599047873984,4.25e-05,True,True,False,False,phase6r_full_state_pure_reduced
75.0,8.144236506850062,8.144236506850062,0.1335409916371152,3.670426655775357,27.406116253723376,27.407535829549722,27.400437950417977,3.76e-05,True,True,False,False,phase6r_full_state_pure_reduced
80.0,8.030231712979536,8.030231712979536,0.1357716115573873,3.6744490201291735,27.57495736622464,27.57638496443705,27.569246973375,4.4000000000000006e-05,True,True,False,False,phase6r_full_state_pure_reduced
85.0,7.920276794548656,7.920276794548656,0.1379716884447619,3.678223156906084,27.739793761206325,27.74122880898774,27.73405357008067,5.0700000000000006e-05,True,True,False,False,phase6r_full_state_pure_reduced
90.0,7.814167824113403,7.814167824113403,0.14014229061812675,3.681785345249315,27.900675630799448,27.902117689432174,27.894907396268543,4.1e-05,True,True,False,False,phase6r_full_state_pure_reduced
95.0,7.711738109505299,7.711738109505299,0.14228444009298932,3.685164025740792,28.05766901320984,28.059117745843608,28.05187408267475,4.1e-05,True,True,False,False,phase6r_full_state_pure_reduced
100.0,7.6128365698366425,7.6128365698366425,0.14439911691794394,3.688381467606219,28.210850807808093,28.21230595319922,28.205030226243583,4.08e-05,True,True,False,False,phase6r_full_state_pure_reduced
105.0,7.517315614903682,7.517315614903682,0.14648726014430608,3.691455068375626,28.360304809595107,28.361766160896774,28.354459404388443,4.1400000000000003e-05,True,True,False,False,phase6r_full_state_pure_reduced
110.0,7.425024938951475,7.425024938951475,0.1485497670717926,3.694398370028092,28.50611858864597,28.507585976415946,28.500249037566046,4.1e-05,True,True,False,False,phase6r_full_state_pure_reduced
115.0,7.335809093481927,7.335809093481927,0.15058749181998202,3.697221860472296,28.648381069339337,28.64985434807038,28.642487954415166,4.02e-05,True,True,False,False,phase6r_full_state_pure_reduced
120.0,7.249507632344099,7.249507632344099,0.1526012439400776,3.6999336170455708,28.787180696299274,28.788659733938708,28.781264545741536,4.07e-05,True,True,False,False,phase6r_full_state_pure_reduced
125.0,7.165957056243785,7.165957056243785,0.154591787566812,3.7025398351905747,28.922604100375246,28.924088770434107,28.916665420139807,4.4500000000000004e-05,True,True,False,False,phase6r_full_state_pure_reduced
130.0,7.084993916554312,7.084993916554312,0.15655984143252152,3.7050452715053854,29.05473519420628,29.056225370137273,29.04877449048232,4.16e-05,True,True,False,False,phase6r_full_state_pure_reduced
135.0,7.006458478241396,7.006458478241396,0.1585060798986997,3.7074536186296285,29.183654634039105,29.185150185591542,29.177672427829357,3.82e-05,True,True,False,False,phase6r_full_state_pure_reduced
140.0,6.930198408998572,6.930198408998572,0.1604311350123104,3.7097678215403684,29.309439586511367,29.31094037777154,29.30343642147067,4.5e-05,True,True,False,False,phase6r_full_state_pure_reduced
145.0,6.856072080105955,6.856072080105955,0.1623355994790065,3.711990340665653,29.432163739984173,29.43366962880353,29.426140184706757,4.08e-05,True,True,False,False,phase6r_full_state_pure_reduced
150.0,6.783951206438475,6.783951206438475,0.16422003036968386,3.7141233656367185,29.551897502014192,29.55340834052837,29.545854147957492,3.47e-05,True,True,False,False,phase6r_full_state_pure_reduced
155.0,6.713722684388311,6.713722684388311,0.1660849533375695,3.7161689832392732,29.668708328365973,29.670223964319387,29.662645784552314,3.93e-05,True,True,False,False,phase6r_full_state_pure_reduced
160.0,6.645289588333675,6.645289588333675,0.16793086711210664,3.718129303326994,29.782661134293086,29.784181412904893,29.77658001984586,4.0100000000000006e-05,True,True,False,False,phase6r_full_state_pure_reduced
165.0,6.57857135632505,6.57857135632505,0.16975824804441916,3.7200065467165855,29.89381874508176,29.895343511216673,29.88771968054209,3.55e-05,True,True,False,False,phase6r_full_state_pure_reduced
170.0,6.513503240789359,6.513503240789359,0.17156755450019398,3.721803099287684,30.002242349557648,30.003771449996506,29.99612594780222,3.5600000000000005e-05,True,True,False,False,phase6r_full_state_pure_reduced
175.0,6.450035129124553,6.450035129124553,0.1733592309249508,3.723521536685176,30.10799192710408,30.10952521274236,30.10185878455098,3.41e-05,True,True,False,False,phase6r_full_state_pure_reduced
180.0,6.388129858644925,6.388129858644925,0.17513371144124107,3.725164624200048,30.211126625571055,30.21266395340823,30.204977314222333,6.55e-05,True,True,False,False,phase6r_full_state_pure_reduced
185.0,6.327761163545257,6.327761163545257,0.1768914228755592,3.72673529658213,30.311705074164344,30.313246308982066,30.305540134893455,4.78e-05,True,True,False,False,phase6r_full_state_pure_reduced
190.0,6.2689113986643585,6.2689113986643585,0.17863278715296596,3.7282366226663015,30.409785621863858,30.411330637525666,30.40360555921663,4.69e-05,True,True,False,False,phase6r_full_state_pure_reduced
195.0,6.211569184693457,6.211569184693457,0.18035822303760304,3.7296717597026334,30.505426497945315,30.506975178284353,30.49923177658915,4.8400000000000004e-05,True,True,False,False,phase6r_full_state_pure_reduced
200.0,6.15572711089109,6.15572711089109,0.18206814723507278,3.7310439021061614,30.59868589653972,30.600238135831486,30.592476939372677,4.77e-05,True,True,False,False,phase6r_full_state_pure_reduced
205.0,6.1013796140838625,6.1013796140838625,0.18376297490565163,3.732356228946672,30.689621991624776,30.69117769466834,30.68339917945051,4.8400000000000004e-05,True,True,False,False,phase6r_full_state_pure_reduced
210.0,6.048521127903036,6.048521127903036,0.1854431196634025,3.7336118538870924,30.778292892209432,30.779851974061653,30.77205656480054,4.8e-05,True,True,False,False,phase6r_full_state_pure_reduced
215.0,5.997144566295378,5.997144566295378,0.1871089931540401,3.734813780494852,30.864756549642273,30.86631893506371,30.858507007956533,4.8100000000000004e-05,True,True,False,False,phase6r_full_state_pure_reduced
220.0,5.947240173639216,5.947240173639216,0.1887610043133843,3.7359648649684165,30.949070629948988,30.95063625262832,30.94280813923165,4.85e-05,True,True,False,False,phase6r_full_state_pure_reduced
225.0,5.898794743716288,5.898794743716288,0.19039955840886105,3.73706778742824,31.03129236399785,31.032861165623284,31.025017157496116,4.5900000000000004e-05,True,True,False,False,phase6r_full_state_pure_reduced
230.0,5.851791184241832,5.851791184241832,0.19202505596003933,3.738125032100858,31.1114783873039,31.11305031654654,31.105190670333347,4.64e-05,True,True,False,False,phase6r_full_state_pure_reduced
235.0,5.806208384569075,5.806208384569075,0.19363789162241962,3.739138876040745,31.18968457966393,31.19125959113088,31.18338453379613,4.8100000000000004e-05,True,True,False,False,phase6r_full_state_pure_reduced
240.0,5.762021332337107,5.762021332337107,0.19523845310362437,3.7401113855247123,31.26596591283031,31.267543966035483,31.25965370000963,6.050000000000001e-05,True,True,False,False,phase6r_full_state_pure_reduced
245.0,5.71920141993419,5.71920141993419,0.1968271201647172,3.741044418928121,31.34037631232475,31.341957370714503,31.334052078765737,4.9500000000000004e-05,True,True,False,False,phase6r_full_state_pure_reduced
250.0,5.677716882620006,5.677716882620006,0.19840426374322276,3.7419396347377174,31.412968537461325,31.414552567521373,31.406632417221125,4.58e-05,True,True,False,False,phase6r_full_state_pure_reduced
255.0,5.637533315465964,5.637533315465964,0.19997024521974108,3.7427985033435114,31.483794081832862,31.48538105229293,31.477446199992603,4.52e-05,True,True,False,False,phase6r_full_state_pure_reduced
260.0,5.598614224301049,5.598614224301049,0.20152541583760247,3.743627064950508,31.552903094999163,31.554492976143443,31.546543570422035,4.6200000000000005e-05,True,True,False,False,phase6r_full_state_pure_reduced
265.0,5.560921575108972,5.560921575108972,0.20307011627513274,3.7444320370826047,31.62034432493264,31.62193708801739,31.613973272593626,5.8800000000000006e-05,True,True,False,False,phase6r_full_state_pure_reduced
270.0,5.5244163156293755,5.5244163156293755,0.20460467636280757,3.7452151093511366,31.68616507992124,31.68776069669563,31.679782612823672,5.7700000000000007e-05,True,True,False,False,phase6r_full_state_pure_reduced
275.0,5.48905885144876,5.48905885144876,0.20612941493265446,3.7459778191001694,31.75041120806697,31.7520096503899,31.744017438775252,5.44e-05,True,True,False,False,phase6r_full_state_pure_reduced
280.0,5.454809466144213,5.454809466144213,0.20764463978436118,3.7467215702722414,31.81312709220507,31.814728331748434,31.806722134031613,5.5100000000000004e-05,True,True,False,False,phase6r_full_state_pure_reduced
285.0,5.42162868086652,5.42162868086652,0.20915064775126854,3.7474476493022197,31.874355657951423,31.87595966597925,31.867939625840116,5.47e-05,True,True,False,False,phase6r_full_state_pure_reduced
290.0,5.389477553125785,5.389477553125785,0.21064772484935904,3.7481572395932137,31.934138392613725,31.93574513982632,31.92771140376334,5.42e-05,True,True,False,False,phase6r_full_state_pure_reduced
295.0,5.3583179176105045,5.3583179176105045,0.21213614649313972,3.748851434490938,31.992515372830184,31.994124829262788,31.986077547099754,5.3500000000000006e-05,True,True,False,False,phase6r_full_state_pure_reduced
300.0,5.328112573835913,5.328112573835913,0.2136161777636497,3.7495312487562713,32.04952529899065,32.05113743395683,32.04307675912593,4.94e-05,True,True,False,False,phase6r_full_state_pure_reduced
305.0,5.298825426506941,5.298825426506941,0.21508807371545718,3.7501976285946297,32.105205534719545,32.10682031679047,32.09874640643586,5.7100000000000006e-05,True,True,False,False,phase6r_full_state_pure_reduced
310.0,5.270421584913433,5.270421584913433,0.21655207971126647,3.7508514603394807,32.159592149935364,32.161209546947234,32.1531225618879,4.1500000000000006e-05,True,True,False,False,phase6r_full_state_pure_reduced
315.0,5.242867427642307,5.242867427642307,0.21800843177450044,3.7514935779098866,32.21271996623336,32.2143399453163,32.20624004990161,4.08e-05,True,True,False,False,phase6r_full_state_pure_reduced
320.0,5.216130638550951,5.216130638550951,0.2194573569518757,3.7521247691723807,32.26462260355498,32.266245131177755,32.25813249306389,4.5100000000000005e-05,True,True,False,False,phase6r_full_state_pure_reduced
325.0,5.190180219421863,5.190180219421863,0.22089907367949288,3.7527457813390157,32.31533252730494,32.316957569330825,32.30883235920141,4.5600000000000004e-05,True,True,False,False,phase6r_full_state_pure_reduced
330.0,5.164986484101977,5.164986484101977,0.22233379214729898,3.753357325528934,32.36488109525065,32.36650861700063,32.35837100825072,4.1700000000000004e-05,True,True,False,False,phase6r_full_state_pure_reduced
335.0,5.140521038286081,5.140521038286081,0.223761714657934,3.7539600806123343,32.413298603689384,32.41492857000968,32.40677873840821,4.69e-05,True,True,False,False,phase6r_full_state_pure_reduced
340.0,5.116756748475471,5.116756748475471,0.22518303597695496,3.7545546964451,32.46061433249583,32.46224670782727,32.45408483117008,4.8200000000000006e-05,True,True,False,False,phase6r_full_state_pure_reduced
345.0,5.093667703057454,5.093667703057454,0.2265979436722487,3.7551417965906184,32.506856588769004,32.508491337216476,32.500317594979116,3.97e-05,True,True,False,False,phase6r_full_state_pure_reduced
350.0,5.071229167923061,5.071229167923061,0.22800661844111622,3.755721980613539,32.55205274888446,32.55368983428502,32.54550440728226,4.19e-05,True,True,False,False,phase6r_full_state_pure_reduced
355.0,5.049417538575693,5.049417538575693,0.22940923442405392,3.7562958260187282,32.5962292988282,32.59786868481677,32.58967175487393,5.7e-05,True,True,False,False,phase6r_full_state_pure_reduced
360.0,5.0282102902829235,5.0282102902829235,0.23080595950468807,3.7568638898980566,32.639411872744205,32.641053522816264,32.63284527245595,5.5900000000000004e-05,True,True,False,False,phase6r_full_state_pure_reduced
365.0,5.007585927484255,5.007585927484255,0.23219695559565592,3.7574267103379673,32.681625289671395,32.6832691672421,32.675049779388566,4.5100000000000005e-05,True,True,False,False,phase6r_full_state_pure_reduced
370.0,4.98752393338428,4.98752393338428,0.2335823789104849,3.7579848076321385,32.72289358847886,32.724539656938326,32.716309314641,4.6200000000000005e-05,True,True,False,False,phase6r_full_state_pure_reduced
375.0,4.968004720427202,4.968004720427202,0.23496238022171467,3.7585386853359957,32.76324006103316,32.7648882837978,32.75664716997459,4.5600000000000004e-05,True,True,False,False,phase6r_full_state_pure_reduced
380.0,4.949009582158831,4.949009582158831,0.23633710510564768,3.759088831193312,32.80268728364965,32.804337624209566,32.79608592140997,4.66e-05,True,True,False,False,phase6r_full_state_pure_reduced
385.0,4.9305206468295255,4.9305206468295255,0.23770669417421145,3.759635717959559,32.84125714689211,32.842909568854544,32.83464745904237,4.64e-05,True,True,False,False,phase6r_full_state_pure_reduced
390.0,4.912520832970667,4.912520832970667,0.23907128329448107,3.7601798041419565,32.878970883793365,32.88062535092237,32.872353015277334,4.6700000000000003e-05,True,True,False,False,phase6r_full_state_pure_reduced
395.0,4.894993807082443,4.894993807082443,0.2404310037964484,3.760721534672247,32.915849096574,32.9175055728265,32.909223191563996,4.4800000000000005e-05,True,True,False,False,phase6r_full_state_pure_reduced
400.0,4.877923943497906,4.877923943497906,0.24178598266964227,3.761261341524947,32.951911781938804,32.9535702314972,32.945277983705225,4.4500000000000004e-05,True,True,False,False,phase6r_full_state_pure_reduced
405.0,4.861296286432969,4.861296286432969,0.24313634274920698,3.7617996442911577,32.987178355030444,32.98883874233201,32.98053680582419,4.44e-05,True,True,False,False,phase6r_full_state_pure_reduced
410.0,4.845096514191201,4.845096514191201,0.24448220289203787,3.7623368507158315,33.021667672118575,33.02332996188182,33.0150185130656,4.55e-05,True,True,False,False,phase6r_full_state_pure_reduced
415.0,4.829310905462885,4.829310905462885,0.24582367814355532,3.7628733572046342,33.055398052100514,33.057062209348764,33.048741423107515,4.32e-05,True,True,False,False,phase6r_full_state_pure_reduced
420.0,4.813926307637519,4.813926307637519,0.24716087989567687,3.7634095493051336,33.08838729688609,33.090053286968455,33.08172333655664,4.6200000000000005e-05,True,True,False,False,phase6r_full_state_pure_reduced
425.0,4.7989301070357655,4.7989301070357655,0.24849391603652013,3.763945802165916,33.12065271073619,33.12232049934613,33.11398155629642,4.18e-05,True,True,False,False,phase6r_full_state_pure_reduced
430.0,4.7843102009591805,4.7843102009591805,0.24982289109234213,3.764482480976385,33.15221111862038,33.15388067181211,33.145532905853436,6.48e-05,True,True,False,False,phase6r_full_state_pure_reduced
435.0,4.770054971452567,4.770054971452567,0.2511479063621901,3.7650199413892853,33.18307888365533,33.18475016785817,33.176393746843964,5.8e-05,True,True,False,False,phase6r_full_state_pure_reduced
440.0,4.756153260673401,4.756153260673401,0.25246906004571046,3.7655585299275,33.21327192368168,33.21494490571256,33.20657999555819,4.5100000000000005e-05,True,True,False,False,phase6r_full_state_pure_reduced
445.0,4.742594347764752,4.742594347764752,0.253786447364534,3.766098584376264,33.242805727033215,33.244480374107475,33.23610713873617,4.61e-05,True,True,False,False,phase6r_full_state_pure_reduced
450.0,4.7293679271315465,4.7293679271315465,0.2551001606776261,3.766640434161644,33.27169536754853,33.273371647289224,33.26499024858576,4.57e-05,True,True,False,False,phase6r_full_state_pure_reduced
455.0,4.716464088024731,4.716464088024731,0.2564102895909663,3.7671844007159256,33.29995551887193,33.30163339931765,33.29324399708905,4.4000000000000006e-05,True,True,False,False,phase6r_full_state_pure_reduced
460.0,4.703873295343041,4.703873295343041,0.2577169210618949,3.7677307978304144,33.327600468086786,33.32927991769825,33.32088266964092,4.4200000000000004e-05,True,True,False,False,phase6r_full_state_pure_reduced
465.0,4.6915863715678245,4.6915863715678245,0.25902013949844155,3.7682799319960214,33.354644128721624,33.356325116387055,33.347920178059915,8.570000000000001e-05,True,True,False,False,phase6r_full_state_pure_reduced
470.0,4.679594479752078,4.679594479752078,0.26032002685392824,3.768832102731964,33.38110005316636,33.382782548205796,33.374370073008606,4.9500000000000004e-05,True,True,False,False,phase6r_full_state_pure_reduced
475.0,4.667889107490582,4.667889107490582,0.2616166627171201,3.7693876029028694,33.40698144453314,33.408665416701794,33.40024555585851,3.4500000000000005e-05,True,True,False,False,phase6r_full_state_pure_reduced
480.0,4.656462051803567,4.656462051803567,0.2629101243981766,3.769946719024533,33.43230116799421,33.43398658748491,33.425559490031425,3.15e-05,True,True,False,False,phase6r_full_state_pure_reduced
485.0,4.645305404871646,4.645305404871646,0.26420048701064097,3.7705097315585863,33.457071761626544,33.45875859907136,33.450324411847284,3.8100000000000005e-05,True,True,False,False,phase6r_full_state_pure_reduced
490.0,4.63441154056472,4.63441154056472,0.26548782354968675,3.771076915196333,33.48130544679101,33.48299367326217,33.47455254090637,3.3600000000000004e-05,True,True,False,False,phase6r_full_state_pure_reduced
495.0,4.6237731017122545,4.6237731017122545,0.266772204966829,3.7716485391320016,33.50501413807207,33.506703725082176,33.49825579003166,4.27e-05,True,True,False,False,phase6r_full_state_pure_reduced
500.0,4.61338298806654,4.61338298806654,0.26805370024129194,3.7722248673256873,33.528209452802045,33.529900372303686,33.5214457747955,4.4500000000000004e-05,True,True,False,False,phase6r_full_state_pure_reduced
505.0,4.6032343449145525,4.6032343449145525,0.2693323764482126,3.772806158756266,33.550902720192404,33.55259494457721,33.54413382265319,3.61e-05,True,True,False,False,phase6r_full_state_pure_reduced
510.0,4.593320552297602,4.593320552297602,0.27060829882385085,3.773392667664547,33.57310499009315,33.574798492190354,33.566330981704326,3.24e-05,True,True,False,False,phase6r_full_state_pure_reduced
515.0,4.583635214801163,4.583635214801163,0.2718815308279623,3.773984643786979,33.59482704139987,33.59652179447439,33.58804802910179,3.68e-05,True,True,False,False,phase6r_full_state_pure_reduced
520.0,4.574172151880353,4.574172151880353,0.2731521342034846,3.774582332580192,33.61607939012693,33.61777536787704,33.609295479126466,5.28e-05,True,True,False,False,phase6r_full_state_pure_reduced
525.0,4.564925388688975,4.564925388688975,0.274420169033676,3.7751859754366883,33.636872297163826,33.638569473718476,33.63008359094523,4.8100000000000004e-05,True,True,False,False,phase6r_full_state_pure_reduced
530.0,4.555889147382686,4.555889147382686,0.2756856937968379,3.7757958098919775,33.6572157757312,33.65891412564695,33.65042237606822,4.11e-05,True,True,False,False,phase6r_full_state_pure_reduced
535.0,4.547057838868758,4.547057838868758,0.27694876541874586,3.776412069823464,33.677119598551315,33.67881909680899,33.6703216055206,5.9000000000000004e-05,True,True,False,False,phase6r_full_state_pure_reduced
540.0,4.5384260549769895,4.5384260549769895,0.27820943932290615,3.777034985641395,33.69659330474749,33.69829392674859,33.689790816743084,3.88e-05,True,True,False,False,phase6r_full_state_pure_reduced
545.0,4.52998856102802,4.52998856102802,0.27946776947874724,3.777664784472145,33.71564620648593,33.71734792804873,33.70883932023471,3.88e-05,True,True,False,False,phase6r_full_state_pure_reduced
550.0,4.521740288776812,4.521740288776812,0.2807238084478519,3.7783016903341493,33.73428739537238,33.73599019272787,33.72747620595043,3.91e-05,True,True,False,False,phase6r_full_state_pure_reduced
555.0,4.513676329710564,4.513676329710564,0.28197760742832706,3.778945924306754,33.752525748615774,33.75422959840335,33.74571034946546,3.8700000000000006e-05,True,True,False,False,phase6r_full_state_pure_reduced
560.0,4.505791928681534,4.505791928681534,0.2832292162974053,3.7795977046922613,33.770369934969835,33.77207481423288,33.76355041791764,4.11e-05,True,True,False,False,phase6r_full_state_pure_reduced
565.0,4.498082477856416,4.498082477856416,0.2844786836523654,3.780257247171438,33.78782842046344,33.78953430664471,33.78100487573836,4.11e-05,True,True,False,False,phase6r_full_state_pure_reduced
570.0,4.490543510965033,4.490543510965033,0.2857260568498557,3.7809247649527356,33.80490947392958,33.80661634486647,33.79808199018202,4.27e-05,True,True,False,False,phase6r_full_state_pure_reduced
575.0,4.483170697831991,4.483170697831991,0.28697138204369793,3.7816004689154665,33.82162117234238,33.82332900626209,33.814789836663536,4.24e-05,True,True,False,False,phase6r_full_state_pure_reduced
580.0,4.475959839175919,4.475959839175919,0.2882147042212468,3.782284567747177,33.83797140597112,33.83968018148572,33.83113630391272,4.3700000000000005e-05,True,True,False,False,phase6r_full_state_pure_reduced
585.0,4.468906861661685,4.468906861661685,0.289456067238375,3.78297726807543,33.85396788335959,33.855677579460995,33.84712909895396,6.340000000000001e-05,True,True,False,False,phase6r_full_state_pure_reduced
590.0,4.462007813191775,4.462007813191775,0.2906955138531505,3.7836787745942155,33.86961813613877,33.871328732193675,33.862775751919145,2.47e-05,True,True,False,False,phase6r_full_state_pure_reduced
595.0,4.455258858423781,4.455258858423781,0.2919330857582682,3.78438929018519,33.884929523680285,33.88664099942502,33.87808362070133,2.3e-05,True,True,False,False,phase6r_full_state_pure_reduced
600.0,4.448656274501529,4.448656274501529,0.2931688236122964,3.7851090160339336,33.89990923759776,33.901621573133134,33.89305989545627,5.0100000000000005e-05,True,True,False,False,phase6r_full_state_pure_reduced
605.0,4.442196446988122,4.442196446988122,0.2944027670697931,3.785838151741413,33.914564306102754,33.91627748188884,33.9077116029584,5.02e-05,True,True,False,False,phase6r_full_state_pure_reduced
610.0,4.435875865989708,4.435875865989708,0.2956349548103458,3.786576895430816,33.92890159822153,33.93061559507247,33.92204561081776,5.02e-05,True,True,False,False,phase6r_full_state_pure_reduced
615.0,4.429691122459397,4.429691122459397,0.2968654245665845,3.7873254438499315,33.94292782787876,33.94464262695753,33.93606863156367,4.58e-05,True,True,False,False,phase6r_full_state_pure_reduced
620.0,4.4236389046712965,4.4236389046712965,0.2980942131512154,3.788083992469221,33.95664955785373,33.95836514066693,33.949787226600954,2.3100000000000002e-05,True,True,False,False,phase6r_full_state_pure_reduced
625.0,4.417715994855124,4.417715994855124,0.29932135648311964,3.7888527355757415,33.970073203614376,33.971789552006996,33.96320781004391,3.8700000000000006e-05,True,True,False,False,phase6r_full_state_pure_reduced
630.0,4.4119192659824416,4.4119192659824416,0.3005468896125592,3.7896309881478785,33.98320503703423,33.98492213318448,33.97633665243325,3.3e-05,True,True,False,False,phase6r_full_state_pure_reduced
635.0,4.406245678695934,4.406245678695934,0.3017708467455303,3.790412286464262,33.99605118999704,33.99776901641116,33.98917988434056,3.69e-05,True,True,False,False,phase6r_full_state_pure_reduced
640.0,4.400692278373729,4.400692278373729,0.30299326126730075,3.7911952789741665,34.00861765789355,34.01033619740068,34.00174349986503,4.4000000000000006e-05,True,True,False,False,phase6r_full_state_pure_reduced
645.0,4.395256192321083,4.395256192321083,0.30421416576516774,3.7919799542446286,34.02091030301478,34.022629538761834,34.01403336002655,4.72e-05,True,True,False,False,phase6r_full_state_pure_reduced
650.0,4.389934627082292,4.389934627082292,0.3054335920504684,3.792766300807721,34.03293485784571,34.03465477329232,34.02605519605929,4.6e-05,True,True,False,False,phase6r_full_state_pure_reduced
655.0,4.384724865866019,4.384724865866019,0.3066515711798756,3.793554307197856,34.04469692826334,34.04641750717679,34.03781461260953,4.44e-05,True,True,False,False,phase6r_full_state_pure_reduced
660.0,4.379624266077679,4.379624266077679,0.30786813347600833,3.7943439619873134,34.056201996642606,34.0579232230929,34.049317090841434,4.5600000000000004e-05,True,True,False,False,phase6r_full_state_pure_reduced
665.0,4.374630256952813,4.374630256952813,0.30908330854738414,3.795135253820012,34.06745542487369,34.069177283228576,34.06056799145415,4.5100000000000005e-05,True,True,False,False,phase6r_full_state_pure_reduced
670.0,4.369740337285869,4.369740337285869,0.31029712530774134,3.7959281714435966,34.07846245729388,34.08018493221399,34.071572557613464,4.4800000000000005e-05,True,True,False,False,phase6r_full_state_pure_reduced
675.0,4.364952073249006,4.364952073249006,0.31150961199475496,3.796722703739843,34.08922822353712,34.090951299971124,34.0823359178011,4.99e-05,True,True,False,False,phase6r_full_state_pure_reduced
680.0,4.360263096295984,4.360263096295984,0.3127207961881705,3.797518839753456,34.09975774130408,34.101481404483934,34.09286308858468,5.44e-05,True,True,False,False,phase6r_full_state_pure_reduced
685.0,4.355671101146436,4.355671101146436,0.31393070482737784,3.7983165687192773,34.11005591905568,34.111780154491896,34.10315897731081,5.2400000000000007e-05,True,True,False,False,phase6r_full_state_pure_reduced
690.0,4.351173843846141,4.351173843846141,0.3151393642284462,3.7991158800879496,34.120127558632454,34.121852352109464,34.11322838472442,5.2900000000000005e-05,True,True,False,False,phase6r_full_state_pure_reduced
695.0,4.3467691398992025,4.3467691398992025,0.3163468001006404,3.7999167635500877,34.1299773578025,34.131702695374045,34.12307600751633,4.58e-05,True,True,False,False,phase6r_full_state_pure_reduced
700.0,4.342454862468295,4.342454862468295,0.3175530375624372,3.8007192090589768,34.139609912740205,34.14133578072481,34.1327064408018,5.1500000000000005e-05,True,True,False,False,phase6r_full_state_pure_reduced
705.0,4.338228940639366,4.338228940639366,0.3187581011570592,3.8015232068518605,34.149029720438115,34.150756105414615,34.1421241805321,5.02e-05,True,True,False,False,phase6r_full_state_pure_reduced
710.0,4.3340893577474695,4.3340893577474695,0.3199620148675446,3.8023287474698435,34.15824118105402,34.15996806985717,34.15133362584141,8.42e-05,True,True,False,False,phase6r_full_state_pure_reduced
715.0,4.330034149760575,4.330034149760575,0.321164802131367,3.8031358217764595,34.167248600195414,34.16897597991153,34.16033908133097,9.49e-05,True,True,False,False,phase6r_full_state_pure_reduced
720.0,4.3260614037184535,4.3260614037184535,0.32236648585462213,3.803944420974937,34.176056191143175,34.17778404910584,34.16914475929252,5.3200000000000006e-05,True,True,False,False,phase6r_full_state_pure_reduced
725.0,4.322169256223871,4.322169256223871,0.3235670884257954,3.8047545366242113,34.184668077016376,34.18639640080224,34.17775478187292,4.0900000000000005e-05,True,True,False,False,phase6r_full_state_pure_reduced
730.0,4.318355891983584,4.318355891983584,0.3247666317291242,3.8055661606537243,34.19308829288007,34.19481707030469,34.1861731831816,5.4300000000000005e-05,True,True,False,False,phase6r_full_state_pure_reduced
735.0,4.314619542396757,4.314619542396757,0.3259651371575677,3.806379285377043,34.201320787797684,34.20305000691141,34.19440391134277,7.88e-05,True,True,False,False,phase6r_full_state_pure_reduced
740.0,4.31095848418854,4.31095848418854,0.32716262562539783,3.8071939035043503,34.209369426829646,34.211099075913616,34.20245083049379,0.0002794,True,True,False,False,phase6r_full_state_pure_reduced
745.0,4.30737103808683,4.30737103808683,0.32835911758042197,3.8080100081538393,34.21723799297996,34.21896806054208,34.210317722731475,3.63e-05,True,True,False,False,phase6r_full_state_pure_reduced
750.0,4.303855567540182,4.303855567540182,0.3295546330158498,3.8088275928620563,34.22493018909199,34.22666066386307,34.218008290007674,3.47e-05,True,True,False,False,phase6r_full_state_pure_reduced
755.0,4.300410477475154,4.300410477475154,0.33074919148181514,3.809646651593231,34.232449639695155,34.234180510625016,34.22552615597572,4.1700000000000004e-05,True,True,False,False,phase6r_full_state_pure_reduced
760.0,4.297034213091373,4.297034213091373,0.33194281209656273,3.8104671787476336,34.239799892803745,34.24153114905743,34.23287486778901,4.13e-05,True,True,False,False,phase6r_full_state_pure_reduced
765.0,4.293725258692738,4.293725258692738,0.3331355135573107,3.8112891691690027,34.24698442166928,34.24871605262332,34.240057897853134,4.35e-05,True,True,False,False,phase6r_full_state_pure_reduced
770.0,4.290482136553307,4.290482136553307,0.3343273141507977,3.8121126181510614,34.25400662648769,34.2557386217264,34.24707864553282,4.2000000000000004e-05,True,True,False,False,phase6r_full_state_pure_reduced
775.0,4.287303405816515,4.287303405816515,0.3355182317635245,3.812937521443203,34.26086983606246,34.26260218537435,34.25394043881492,4.3700000000000005e-05,True,True,False,False,phase6r_full_state_pure_reduced
780.0,4.2841876614263725,4.2841876614263725,0.3367082838916985,3.8137638752553276,34.26757730942519,34.26931000279933,34.26064653592865,4.75e-05,True,True,False,False,phase6r_full_state_pure_reduced
785.0,4.2811335330895215,4.2811335330895215,0.33789748765089,3.814591676261919,34.27413223741438,34.27586526503691,34.26720012692424,7.570000000000001e-05,True,True,False,False,phase6r_full_state_pure_reduced
790.0,4.278139684266925,4.278139684266925,0.3390858597854086,3.8154209216053587,34.28053774421382,34.28227109646449,34.273604335211104,4.3e-05,True,True,False,False,phase6r_full_state_pure_reduced
795.0,4.275204811194197,4.275204811194197,0.340273416677407,3.816251608898535,34.28679688885156,34.2885305563003,34.27986221905661,5.8500000000000006e-05,True,True,False,False,phase6r_full_state_pure_reduced
800.0,4.272327641929534,4.272327641929534,0.3414601743557208,3.817083736226773,34.29291266666058,34.2946466400641,34.2859767730465,3.62e-05,True,True,False,False,phase6r_full_state_pure_reduced
805.0,4.26950693542829,4.26950693542829,0.34264614850445085,3.8179173021491155,34.298888010701965,34.30062228100047,34.29195092950794,5.7900000000000005e-05,True,True,False,False,phase6r_full_state_pure_reduced
810.0,4.2667414806433355,4.2667414806433355,0.3438313544712962,3.818752305699001,34.30472579315187,34.30646035146577,34.29778755989625,4.85e-05,True,True,False,False,phase6r_full_state_pure_reduced
815.0,4.264030095650311,4.264030095650311,0.3450158072756435,3.8195887463843503,34.310428826652945,34.31216366427964,34.30348947614618,3.69e-05,True,True,False,False,phase6r_full_state_pure_reduced
820.0,4.261371626797014,4.261371626797014,0.3461995216164205,3.8204266241871103,34.31599986563135,34.31773497404201,34.3090594319887,3.8e-05,True,True,False,False,phase6r_full_state_pure_reduced
825.0,4.258764947876117,4.258764947876117,0.3473825118797194,3.821265939562277,34.32144160758008,34.323176978416555,34.31450012423417,3.72e-05,True,True,False,False,phase6r_full_state_pure_reduced
830.0,4.256208959320523,4.256208959320523,0.34856479214619734,3.822106693436426,34.3267566943096,34.3284923193813,34.319814194022825,3.91e-05,True,True,False,False,phase6r_full_state_pure_reduced
835.0,4.253702587420637,4.253702587420637,0.34974637619825866,3.82294888720578,34.33194771316658,34.3336835844474,34.32500422804328,4.02e-05,True,True,False,False,phase6r_full_state_pure_reduced
840.0,4.251244783562932,4.251244783562932,0.3509272775270261,3.823792522733839,34.33701719822147,34.33875330784683,34.33007275972002,0.0001405,True,True,False,False,phase6r_full_state_pure_reduced
845.0,4.248834523489124,4.248834523489124,0.35210750933910645,3.8246376023485995,34.341967631425916,34.34370397168974,34.335022270370594,7.280000000000001e-05,True,True,False,False,phase6r_full_state_pure_reduced
850.0,4.246470806575397,4.246470806575397,0.35328708456315516,3.825484128839392,34.34680144374051,34.34853800709233,34.339855190333246,5.1500000000000005e-05,True,True,False,False,phase6r_full_state_pure_reduced
855.0,4.244152655131094,4.244152655131094,0.35446601585624715,3.8263321054533512,34.35152101623391,34.35325779527593,34.34457390006584,4.2800000000000004e-05,True,True,False,False,phase6r_full_state_pure_reduced
860.0,4.241879113716253,4.241879113716253,0.3556443156100572,3.8271815358915533,34.356128681153805,34.35786566863807,34.349180731216734,4.0900000000000005e-05,True,True,False,False,phase6r_full_state_pure_reduced
865.0,4.239649248477537,4.239649248477537,0.35682199595685654,3.828032424304825,34.3606267229706,34.36236391179618,34.35367796766829,8.67e-05,True,True,False,False,phase6r_full_state_pure_reduced
870.0,4.237462146501995,4.237462146501995,0.35799906877532933,3.8288847752892754,34.36501737939453,34.36675476260471,34.35806784655382,3.85e-05,True,True,False,False,phase6r_full_state_pure_reduced
875.0,4.235316915188114,4.235316915188114,0.3591755456962149,3.8297385938815345,34.36930284236666,34.37104041314619,34.36235255924852,4.8100000000000004e-05,True,True,False,False,phase6r_full_state_pure_reduced
880.0,4.233212681633766,4.233212681633766,0.36035143810777986,3.8305938855537436,34.3734852590247,34.3752230106971,34.366534252335086,4.8700000000000005e-05,True,True,False,False,phase6r_full_state_pure_reduced
885.0,4.231148592040503,4.231148592040503,0.3615267571611244,3.8314506562083093,34.3775667326441,34.37930465866894,34.370615028544734,4.16e-05,True,True,False,False,phase6r_full_state_pure_reduced
890.0,4.229123811133766,4.229123811133766,0.3627015137753282,3.8323089121724325,34.381549323555106,34.38328741752537,34.37459694767405,6.1000000000000005e-05,True,True,False,False,phase6r_full_state_pure_reduced
895.0,4.227137521598587,4.227137521598587,0.36387571864243895,3.833168660192435,34.385435050036314,34.38717330567576,34.378482027478526,5.520000000000001e-05,True,True,False,False,phase6r_full_state_pure_reduced
900.0,4.2251889235303315,4.2251889235303315,0.3650493822323085,3.834029907427903,34.389225889185425,34.390964300346,34.38227224454313,6.0100000000000004e-05,True,True,False,False,phase6r_full_state_pure_reduced
905.0,4.223277233900054,4.223277233900054,0.36622251479728074,3.8348926614456507,34.39292377776769,34.39466233842696,34.385969535130634,4.8700000000000005e-05,True,True,False,False,phase6r_full_state_pure_reduced
910.0,4.221401686034103,4.221401686034103,0.36739512637673466,3.8357569302135257,34.39653061304262,34.398269317301214,34.38957579600824,4.92e-05,True,True,False,False,phase6r_full_state_pure_reduced
915.0,4.219561529107524,4.219561529107524,0.36856722680148674,3.8366227220940785,34.400048253569445,34.40178709564857,34.393092885252926,4.3400000000000005e-05,True,True,False,False,phase6r_full_state_pure_reduced
920.0,4.217756027650919,4.217756027650919,0.36973882569805644,3.8374900458380847,34.40347851999204,34.40521749423099,34.39652262303626,4.47e-05,True,True,False,False,phase6r_full_state_pure_reduced
925.0,4.215984461070361,4.215984461070361,0.3709099324927982,3.838358910577962,34.406823195803604,34.408562296657266,34.39986679238895,4.53e-05,True,True,False,False,phase6r_full_state_pure_reduced
930.0,4.214246123180014,4.214246123180014,0.37208055641590376,3.8392293258210692,34.41008402809169,34.41182325012815,34.40312713994582,9.620000000000001e-05,True,True,False,False,phase6r_full_state_pure_reduced
935.0,4.2125403217470705,4.2125403217470705,0.373250706505278,3.8401013014429046,34.413262728264115,34.415002066162245,34.40630537667161,4.0900000000000005e-05,True,True,False,False,phase6r_full_state_pure_reduced
940.0,4.210866378048717,4.210866378048717,0.3744203916102915,3.8409748476802257,34.41636097275621,34.41810042130324,34.409403178568105,3.33e-05,True,True,False,False,phase6r_full_state_pure_reduced
945.0,4.209223626440708,4.209223626440708,0.37558962039541394,3.8418499751240835,34.41938040371975,34.42111995780894,34.41242218736299,3.4200000000000005e-05,True,True,False,False,phase6r_full_state_pure_reduced
950.0,4.207611413937286,4.207611413937286,0.37675840134372984,3.8427266947127845,34.422322629694214,34.4240622843225,34.415364011181055,3.35e-05,True,True,False,False,phase6r_full_state_pure_reduced
955.0,4.206029099802083,4.206029099802083,0.37792674276034155,3.843605017724801,34.42518922626064,34.42692897652633,34.418230225197924,3.03e-05,True,True,False,False,phase6r_full_state_pure_reduced
960.0,4.204476055149702,4.204476055149702,0.3790946527756609,3.8444849557716148,34.42798173667865,34.42972157777907,34.42102237227697,4.8100000000000004e-05,True,True,False,False,phase6r_full_state_pure_reduced
965.0,4.202951662557673,4.202951662557673,0.3802621393485936,3.845366520790526,34.43070167250686,34.43244159973614,34.42374196358976,3.72e-05,True,True,False,False,phase6r_full_state_pure_reduced
970.0,4.20145531568846,4.20145531568846,0.3814292102696182,3.8462497250374112,34.43335051420735,34.43509052295411,34.4263904792203,5.0400000000000005e-05,True,True,False,False,phase6r_full_state_pure_reduced
975.0,4.19998641892127,4.19998641892127,0.382595873163763,3.84713458107946,34.43592971173434,34.43766979747949,34.42896936875375,5.2300000000000004e-05,True,True,False,False,phase6r_full_state_pure_reduced
980.0,4.198544386993309,4.198544386993309,0.38376213549348337,3.8480211017878707,34.43844068510757,34.44018084342205,34.43148005184967,5.13e-05,True,True,False,False,phase6r_full_state_pure_reduced
985.0,4.1971286446503004,4.1971286446503004,0.38492800456144177,3.8489093003305337,34.440884824970794,34.44262505151338,34.43392391880046,5.1800000000000005e-05,True,True,False,False,phase6r_full_state_pure_reduced
990.0,4.195738626305891,4.195738626305891,0.3860934875131934,3.849799190164694,34.44326349313564,34.44500378365076,34.43630233107516,5.33e-05,True,True,False,False,phase6r_full_state_pure_reduced
995.0,4.194373775709758,4.194373775709758,0.3872585913397794,3.8506907850295993,34.44557802311127,34.44731837342682,34.43861662184906,5.380000000000001e-05,True,True,False,False,phase6r_full_state_pure_reduced
1000.0,4.193033545624125,4.193033545624125,0.38842332288023057,3.851584098939144,34.44782972062017,34.44957012664536,34.44086809651938,4.7600000000000005e-05,True,True,False,False,phase6r_full_state_pure_reduced
1005.0,4.191717397508434,4.191717397508434,0.3895876888239829,3.8524791461745034,34.450019864100405,34.45176032182363,34.44305803320752,4.7300000000000005e-05,True,True,False,False,phase6r_full_state_pure_reduced
1010.0,4.190424801211943,4.190424801211943,0.39075169571320845,3.8533759412767727,34.45214970519466,34.45389021068133,34.445187683247966,3.66e-05,True,True,False,False,phase6r_full_state_pure_reduced
1015.0,4.189155234674013,4.189155234674013,0.39191534994506233,3.8542744990396014,34.45422046922631,34.45596101861678,34.447258271664424,3.8400000000000005e-05,True,True,False,False,phase6r_full_state_pure_reduced
1020.0,4.187908183631839,4.187908183631839,0.3930786577738489,3.855174834501842,34.456233355663045,34.457973945170494,34.44927099763325,4.47e-05,True,True,False,False,phase6r_full_state_pure_reduced
1025.0,4.186683141335395,4.186683141335395,0.39424162531310875,3.8560769629401994,34.45818953856804,34.45993016447638,34.45122703493469,4.43e-05,True,True,False,False,phase6r_full_state_pure_reduced
1030.0,4.185479608269441,4.185479608269441,0.39540425853762806,3.856980899861894,34.460090167039276,34.46183082570108,34.45312753239207,3.54e-05,True,True,False,False,phase6r_full_state_pure_reduced
1035.0,4.184297091882266,4.184297091882266,0.39656656328537315,3.857886660997339,34.461936365637015,34.46367705347145,34.45497361429927,4.4000000000000006e-05,True,True,False,False,phase6r_full_state_pure_reduced
1040.0,4.183135106321085,4.183135106321085,0.39772854525935125,3.8587942622928297,34.46372923479996,34.465469948290746,34.456766380836825,3.33e-05,True,True,False,False,phase6r_full_state_pure_reduced
1045.0,4.18199317217381,4.18199317217381,0.3988902100293995,3.8597037199032544,34.465469851250184,34.46721058694353,34.4585069084768,3.79e-05,True,True,False,False,phase6r_full_state_pure_reduced
1050.0,4.180870816217034,4.180870816217034,0.4000515630339042,3.8606150481056924,34.46715926838714,34.468900022889734,34.46019625037677,4.58e-05,True,True,False,False,phase6r_full_state_pure_reduced
1055.0,4.179767571170066,4.179767571170066,0.40121260958145144,3.861527118937357,34.46879851667109,34.47053928664806,34.46183543676321,3.86e-05,True,True,False,False,phase6r_full_state_pure_reduced
1060.0,4.1786829754547945,4.1786829754547945,0.4023733548524111,3.8624389835160997,34.470388603996085,34.472129386168994,34.46342547530443,4.4000000000000006e-05,True,True,False,False,phase6r_full_state_pure_reduced
1065.0,4.177616572961247,4.177616572961247,0.4035338039004559,3.8633506554969923,34.4719305160528,34.47367130719765,34.464967351473405,4.58e-05,True,True,False,False,phase6r_full_state_pure_reduced
1070.0,4.176567912818663,4.176567912818663,0.40469396165401667,3.864262148678663,34.47342521668149,34.475166013626705,34.46646202890064,4.19e-05,True,True,False,False,phase6r_full_state_pure_reduced
1075.0,4.1755365491719445,4.1755365491719445,0.4058538329176755,3.8651734769970787,34.47487364821521,34.476614447839665,34.467910449717394,3.9200000000000004e-05,True,True,False,False,phase6r_full_state_pure_reduced
1080.0,4.174522040963298,4.174522040963298,0.40701342237349863,3.866084654519349,34.4762767318136,34.478017531044635,34.469313534889444,3.8e-05,True,True,False,False,phase6r_full_state_pure_reduced
1085.0,4.173523951718975,4.173523951718975,0.40817273458230946,3.866995695437538,34.477635367787414,34.47937616359887,34.4706721845416,3.3600000000000004e-05,True,True,False,False,phase6r_full_state_pure_reduced
1090.0,4.172541849340915,4.172541849340915,0.40933177398490417,3.867906614062519,34.47895043591408,34.48069122532431,34.47198727827316,3.27e-05,True,True,False,False,phase6r_full_state_pure_reduced
1095.0,4.171575305903231,4.171575305903231,0.41049054490321063,3.8688174248178244,34.48022279574434,34.48196357581427,34.473259675464625,3.8100000000000005e-05,True,True,False,False,phase6r_full_state_pure_reduced
1100.0,4.170623897453339,4.170623897453339,0.4116490515413921,3.869728142233546,34.48145328690038,34.48319405473154,34.474490215575734,3.33e-05,True,True,False,False,phase6r_full_state_pure_reduced
1105.0,4.169687203817691,4.169687203817691,0.412807297986897,3.870638780940244,34.48264272936548,34.48438348209807,34.47567971843513,3.2800000000000004e-05,True,True,False,False,phase6r_full_state_pure_reduced
1110.0,4.168764808411934,4.168764808411934,0.4139652882114559,3.8715493556628844,34.48379192376548,34.4855326585764,34.476828984521795,3.88e-05,True,True,False,False,phase6r_full_state_pure_reduced
1115.0,4.167856298055444,4.167856298055444,0.41512302607202684,3.872459881214815,34.484901651642204,34.486642365743144,34.477938795238444,4.97e-05,True,True,False,False,phase6r_full_state_pure_reduced
1120.0,4.166961262790113,4.166961262790113,0.41628051531169075,3.8733703724917556,34.485972675719054,34.487713366354534,34.47900991317714,4.6200000000000005e-05,True,True,False,False,phase6r_full_state_pure_reduced
1125.0,4.1660792957033035,4.1660792957033035,0.4174377595604972,3.874280844465833,34.487005740158935,34.488746404604385,34.48004308237715,4.5600000000000004e-05,True,True,False,False,phase6r_full_state_pure_reduced
1130.0,4.165209992754903,4.165209992754903,0.41859476233626247,3.8751913121796338,34.488001570814724,34.489742206374544,34.48103902857545,3.54e-05,True,True,False,False,phase6r_full_state_pure_reduced
1135.0,4.164352952608386,4.164352952608386,0.41975152704532037,3.876101790740305,34.488960875472415,34.49070147947806,34.481998459449834,8.98e-05,True,True,False,False,phase6r_full_state_pure_reduced
1140.0,4.163507776465815,4.163507776465815,0.42090805698322753,3.8770122953136754,34.489884344087145,34.4916249138952,34.48292206485491,4.35e-05,True,True,False,False,phase6r_full_state_pure_reduced
1145.0,4.162674067906761,4.162674067906761,0.42206435533542386,3.8779228411184237,34.49077264901225,34.49251318200251,34.48381051705121,3.94e-05,True,True,False,False,phase6r_full_state_pure_reduced
1150.0,4.161851432731019,4.161851432731019,0.42322042517784914,3.8788334434202794,34.49162644522159,34.493366938795134,34.48466447092741,6.71e-05,True,True,False,False,phase6r_full_state_pure_reduced
1155.0,4.161039478805128,4.161039478805128,0.4243762694775172,3.879744117526259,34.49244637052513,34.49418682210241,34.485484564216016,8.38e-05,True,True,False,False,phase6r_full_state_pure_reduced
1160.0,4.160237815912654,4.160237815912654,0.4255318910930485,3.880654878778954,34.493233045778176,34.4949734527971,34.48627141770248,4.77e-05,True,True,False,False,phase6r_full_state_pure_reduced
1165.0,4.159446055608171,4.159446055608171,0.4266872927751619,3.881565742550848,34.49398707508423,34.49572743499825,34.48702563542815,6.58e-05,True,True,False,False,phase6r_full_state_pure_reduced
1170.0,4.158663811074943,4.158663811074943,0.42784247716712714,3.882476724238693,34.49470904599173,34.49644935626794,34.48774780488693,9.520000000000001e-05,True,True,False,False,phase6r_full_state_pure_reduced
1175.0,4.157890696986276,4.157890696986276,0.4289974468051789,3.8833878392579173,34.4953995296848,34.49713978780199,34.488438497216066,6.13e-05,True,True,False,False,phase6r_full_state_pure_reduced
1180.0,4.157126329370557,4.157126329370557,0.43015220411889293,3.884299103037094,34.49605908116815,34.49779928461493,34.48909826738102,5.03e-05,True,True,False,False,phase6r_full_state_pure_reduced
1185.0,4.15637032547993,4.15637032547993,0.43130675143152625,3.885210531012454,34.49668823944625,34.49842838571914,34.4897276543547,6.37e-05,True,True,False,False,phase6r_full_state_pure_reduced
1190.0,4.155622303662671,4.155622303662671,0.4324610909603214,3.886122138622457,34.49728752769713,34.499027614298626,34.490327181291164,5.02e-05,True,True,False,False,phase6r_full_state_pure_reduced
1195.0,4.154881883239212,4.154881883239212,0.4336152248167768,3.887033941302413,34.49785745344061,34.49959747787728,34.49089735569391,4.3700000000000005e-05,True,True,False,False,phase6r_full_state_pure_reduced
1200.0,4.154148684381911,4.154148684381911,0.43476915500688285,3.8879459544791706,34.49839850870138,34.50013846848198,34.49143866957897,5.2100000000000006e-05,True,True,False,False,phase6r_full_state_pure_reduced
1205.0,4.153422327998526,4.153422327998526,0.4359228834313269,3.8888581935658566,34.49891117016706,34.5006510628006,34.4919515996329,5.7700000000000007e-05,True,True,False,False,phase6r_full_state_pure_reduced
1210.0,4.152702435619451,4.152702435619451,0.43707641188566565,3.889770673956695,34.499395899341245,34.50113572233508,34.4924366073659,4.55e-05,True,True,False,False,phase6r_full_state_pure_reduced
1215.0,4.151988629288799,4.151988629288799,0.4382297420604681,3.89068341102188,34.4998531426918,34.50159289354973,34.49289413926007,4.58e-05,True,True,False,False,phase6r_full_state_pure_reduced
1220.0,4.151280531459306,4.151280531459306,0.439382875541429,3.8915964201025313,34.500283331794535,34.502023008014895,34.49332462691309,4.2600000000000005e-05,True,True,False,False,phase6r_full_state_pure_reduced
1225.0,4.150577764891184,4.150577764891184,0.44053581380945434,3.8925097165057196,34.50068688347241,34.50242648254616,34.49372848717742,4.44e-05,True,True,False,False,phase6r_full_state_pure_reduced
1230.0,4.1498799525549535,4.1498799525549535,0.4416885582407196,3.8934233154995757,34.5010641999304,34.502803719339205,34.494106122295165,4.19e-05,True,True,False,False,phase6r_full_state_pure_reduced
1235.0,4.149186717538324,4.149186717538324,0.44284111010670246,3.8943372323084806,34.50141566888614,34.503155106100486,34.494457920028744,4.55e-05,True,True,False,False,phase6r_full_state_pure_reduced
1240.0,4.1484976829572435,4.1484976829572435,0.4439934705741906,3.8952514821083475,34.50174166369664,34.50348101617391,34.49478425378758,4.13e-05,True,True,False,False,phase6r_full_state_pure_reduced
1245.0,4.147812471871153,4.147812471871153,0.4451456407052659,3.8961660800219917,34.502042543481075,34.503781808663625,34.495085482750866,4.5e-05,True,True,False,False,phase6r_full_state_pure_reduced
1250.0,4.147130707202583,4.147130707202583,0.44629762145726665,3.897081041114604,34.50231865323982,34.50405782855311,34.49536195198666,5.3700000000000004e-05,True,True,False,False,phase6r_full_state_pure_reduced
1255.0,4.146452011661182,4.146452011661182,0.44744941368272806,3.897996380389328,34.502570323970026,34.50430940682068,34.4956139925674,4.2600000000000005e-05,True,True,False,False,phase6r_full_state_pure_reduced
1260.0,4.145776007672264,4.145776007672264,0.4486010181293037,3.8989121127829396,34.502797872777705,34.50453686055163,34.495841921682015,3.4e-05,True,True,False,False,phase6r_full_state_pure_reduced
1265.0,4.145102317310053,4.145102317310053,0.4497524354396676,3.899828253161645,34.50300160298665,34.50474049304711,34.496046042744794,3.86e-05,True,True,False,False,phase6r_full_state_pure_reduced
1270.0,4.144430562235675,4.144430562235675,0.4509036661513997,3.900744816316999,34.50318180424417,34.50492059392991,34.49622664550121,4.22e-05,True,True,False,False,phase6r_full_state_pure_reduced
1275.0,4.143760363640087,4.143760363640087,0.45205471069685527,3.9016618169619552,34.503338752624074,34.5050774392474,34.49638400613077,4.1400000000000003e-05,True,True,False,False,phase6r_full_state_pure_reduced
1280.0,4.143091342192051,4.143091342192051,0.4532055694030197,3.902579269727033,34.503472710726726,34.50521129157162,34.496518387347166,4.57e-05,True,True,False,False,phase6r_full_state_pure_reduced
1285.0,4.142423117991308,4.142423117991308,0.45435624249135065,3.9034971891566466,34.50358392777668,34.5053224000969,34.49663003849581,4.55e-05,True,True,False,False,phase6r_full_state_pure_reduced
1290.0,4.14175531052711,4.14175531052711,0.45550673007760817,3.904415589705558,34.50367263971781,34.50541100073501,34.496719195649035,3.93e-05,True,True,False,False,phase6r_full_state_pure_reduced
1295.0,4.1410875386422195,4.1410875386422195,0.45665703217167547,3.905334485735501,34.503739069306256,34.50547731620808,34.49678608169895,3.8700000000000006e-05,True,True,False,False,phase6r_full_state_pure_reduced
1300.0,4.1404194205026394,4.1404194205026394,0.45780714867737066,3.906253891511958,34.50378342620129,34.50552155613953,34.496830906448324,4.33e-05,True,True,False,False,phase6r_full_state_pure_reduced
1305.0,4.139750573573114,4.139750573573114,0.45895707939225205,3.9071738212011047,34.50380590705434,34.50554391714303,34.49685386669961,4.72e-05,True,True,False,False,phase6r_full_state_pure_reduced
1310.0,4.139080614598677,4.139080614598677,0.46010682400741837,3.908094288866939,34.50380669559636,34.505544582909906,34.496855146342185,4.53e-05,True,True,False,False,phase6r_full_state_pure_reduced
1315.0,4.138409159592369,4.138409159592369,0.46125638210730513,3.9090153084685872,34.50378596272358,34.505523724294925,34.4968349164382,4.66e-05,True,True,False,False,phase6r_full_state_pure_reduced
1320.0,4.137735823829315,4.137735823829315,0.46240575316947996,3.9099368938578047,34.50374386658209,34.505481499400844,34.49679333530708,4.5600000000000004e-05,True,True,False,False,phase6r_full_state_pure_reduced
1325.0,4.137060221847363,4.137060221847363,0.4635549365644376,3.9108590587766807,34.50368055265123,34.50541805366183,34.49673054860885,4.5900000000000004e-05,True,True,False,False,phase6r_full_state_pure_reduced
1330.0,4.136381967454458,4.136381967454458,0.46470393155539713,3.911781816855555,34.50359615382611,34.505333519925976,34.49664668942664,4.46e-05,True,True,False,False,phase6r_full_state_pure_reduced
1335.0,4.135700673742933,4.135700673742933,0.4658527372981035,3.9127051816111473,34.50349079049937,34.5052280185371,34.496541878348424,4.43e-05,True,True,False,False,phase6r_full_state_pure_reduced
1340.0,4.135015953110938,4.135015953110938,0.4670013528406343,3.913629166444926,34.5033645706425,34.50510165741606,34.49641622354825,5.380000000000001e-05,True,True,False,False,phase6r_full_state_pure_reduced
1345.0,4.134327417291168,4.134327417291168,0.4681497771232152,3.914553784641703,34.503217589886816,34.504954532141724,34.496269820867184,5.520000000000001e-05,True,True,False,False,phase6r_full_state_pure_reduced
1350.0,4.1336346773871355,4.1336346773871355,0.46929800897804497,3.915479049368484,34.50304993160437,34.504786726031924,34.496102753894164,4.3100000000000004e-05,True,True,False,False,phase6r_full_state_pure_reduced
1355.0,4.132937343917111,4.132937343917111,0.47044604712913307,3.9164049736735755,34.50286166698902,34.50459831022453,34.495915094047,3.77e-05,True,True,False,False,phase6r_full_state_pure_reduced
1360.0,4.1322350268660015,4.1322350268660015,0.4715938901921514,3.9173315704859544,34.50265285513781,34.50438934375884,34.4957069006537,3.4200000000000005e-05,True,True,False,False,phase6r_full_state_pure_reduced
1365.0,4.131527335745337,4.131527335745337,0.4727415366743029,3.918258852614918,34.50242354313297,34.50415987365762,34.49547822103439,3.34e-05,True,True,False,False,phase6r_full_state_pure_reduced
1370.0,4.130813879661522,4.130813879661522,0.4738889849742089,3.919186832750019,34.50217376612473,34.50390993500991,34.49522909058402,3.35e-05,True,True,False,False,phase6r_full_state_pure_reduced
1375.0,4.13009426739263,4.13009426739263,0.47503623338181794,3.920115523461299,34.50190354741514,34.50363955105488,34.494959532856164,3.27e-05,True,True,False,False,phase6r_full_state_pure_reduced
1380.0,4.1293681074738355,4.1293681074738355,0.47618328007833843,3.921044937199824,34.50161289854321,34.503348733267,34.49466955964802,3.33e-05,True,True,False,False,phase6r_full_state_pure_reduced
1385.0,4.128635008291752,4.128635008291752,0.47733012313619727,3.9219750862985454,34.501301819371555,34.50303748144271,34.494359171086934,3.2200000000000003e-05,True,True,False,False,phase6r_full_state_pure_reduced
1390.0,4.127894578187814,4.127894578187814,0.4784767605190272,3.922905982973478,34.50097029817479,34.5027057837888,34.49402835571878,9.130000000000001e-05,True,True,False,False,phase6r_full_state_pure_reduced
1395.0,4.127146425570898,4.127146425570898,0.4796231900816858,3.923837639325221,34.500618311729944,34.50235361701289,34.493677090598155,5.4800000000000004e-05,True,True,False,False,phase6r_full_state_pure_reduced
1400.0,4.126390159039376,4.126390159039376,0.48076940957030784,3.924770067340826,34.50024582540912,34.50198094641615,34.49330534138099,4.36e-05,True,True,False,False,phase6r_full_state_pure_reduced
1405.0,4.125625387512714,4.125625387512714,0.4819154166223947,3.925703278896019,34.49985279327464,34.50158772598841,34.49291306241958,4.6200000000000005e-05,True,True,False,False,phase6r_full_state_pure_reduced
1410.0,4.124851720372871,4.124851720372871,0.4830612087669427,3.9266372857577942,34.49943915817705,34.50117389850622,34.492500196860384,4.02e-05,True,True,False,False,phase6r_full_state_pure_reduced
1415.0,4.124068767615563,4.124068767615563,0.4842067834246137,3.9275720995873797,34.49900485185599,34.500739395633786,34.492066676744805,4.08e-05,True,True,False,False,phase6r_full_state_pure_reduced
1420.0,4.123276140011609,4.123276140011609,0.4853521379079503,3.928507731943594,34.49854979504446,34.50028413802725,34.49161242311331,6.09e-05,True,True,False,False,phase6r_full_state_pure_reduced
1425.0,4.122473449278475,4.122473449278475,0.48649726942163873,3.929444194286598,34.498073897576575,34.49980803544247,34.491137346113,5.6500000000000005e-05,True,True,False,False,phase6r_full_state_pure_reduced
1430.0,4.121660308262154,4.121660308262154,0.48764217506282265,3.9303814979820504,34.497577058499125,34.49931098684666,34.490641345109005,4.44e-05,True,True,False,False,phase6r_full_state_pure_reduced
1435.0,4.120836331129527,4.120836331129527,0.48878685182146975,3.9313196543056845,34.49705916618721,34.498792880534026,34.490124308799956,4.5900000000000004e-05,True,True,False,False,phase6r_full_state_pure_reduced
1440.0,4.1200011335712965,4.1200011335712965,0.4899312965807951,3.932258674448304,34.49652009846418,34.498253594245796,34.489586115337744,4.77e-05,True,True,False,False,phase6r_full_state_pure_reduced
1445.0,4.119154333015638,4.119154333015638,0.49107550611774387,3.9331985695212164,34.49595972272623,34.49769299529481,34.489026632451875,4.24e-05,True,True,False,False,phase6r_full_state_pure_reduced
1450.0,4.118295548852654,4.118295548852654,0.49221947710353625,3.934139350562108,34.49537789607173,34.497110940694995,34.48844571757869,4.4000000000000006e-05,True,True,False,False,phase6r_full_state_pure_reduced
1455.0,4.1174244026697435,4.1174244026697435,0.49336320610427786,3.9350810285413713,34.494774465435924,34.496507277295976,34.48784321799572,3.57e-05,True,True,False,False,phase6r_full_state_pure_reduced
1460.0,4.1165405184979456,4.1165405184979456,0.4945066895816384,3.936023614368894,34.49414926773073,34.495881841923065,34.48721897096137,3.6e-05,True,True,False,False,phase6r_full_state_pure_reduced
1465.0,4.11564352306941,4.11564352306941,0.49564992389360213,3.9369671189013173,34.49350212999046,34.49523446152298,34.48657280386036,4.05e-05,True,True,False,False,phase6r_full_state_pure_reduced
1470.0,4.114733046085979,4.114733046085979,0.4967929052952927,3.9379115529497657,34.492832869523355,34.49456495331545,34.48590453435501,4.47e-05,True,True,False,False,phase6r_full_state_pure_reduced
1475.0,4.113808720499028,4.113808720499028,0.4979356299398757,3.9388569272880756,34.49214129406936,34.493873124951016,34.48521397054276,5.3500000000000006e-05,True,True,False,False,phase6r_full_state_pure_reduced
1480.0,4.112870182800609,4.112870182800609,0.49907809387954255,3.9398032526615046,34.49142720196436,34.493158774675415,34.48450091112015,3.9e-05,True,True,False,False,phase6r_full_state_pure_reduced
1485.0,4.111917073325948,4.111917073325948,0.5002202930665776,3.9407504987025415,34.49069038231117,34.49242169150058,34.48376514555354,3.8700000000000006e-05,True,True,False,False,phase6r_full_state_pure_reduced
1490.0,4.110949036567374,4.110949036567374,0.501362223354513,3.9416972309400933,34.489930615157554,34.491661655382735,34.48300645425682,4.07e-05,True,True,False,False,phase6r_full_state_pure_reduced
1495.0,4.109965721499737,4.109965721499737,0.502503880499374,3.9426427527310732,34.48914767168145,34.49087843740773,34.48222460877635,3.8700000000000006e-05,True,True,False,False,phase6r_full_state_pure_reduced
1500.0,4.108966781917392,4.108966781917392,0.5036452601610177,3.9435870884578397,34.48834131438385,34.490071799983944,34.481419371983485,4.5400000000000006e-05,True,True,False,False,phase6r_full_state_pure_reduced
1505.0,4.107951876782793,4.107951876782793,0.5047863579045685,3.944530262541429,34.487511297289345,34.48924149704296,34.480590498274886,3.7000000000000005e-05,True,True,False,False,phase6r_full_state_pure_reduced
1510.0,4.106920670586776,4.106920670586776,0.5059271692019537,3.9454722994538236,34.486657366154844,34.48838727424835,34.47973773378081,4.4500000000000004e-05,True,True,False,False,phase6r_full_state_pure_reduced
1515.0,4.105872833720634,4.105872833720634,0.5070676894335427,3.9464132237307417,34.48577925868658,34.48750886921276,34.47886081658182,3.7500000000000003e-05,True,True,False,False,phase6r_full_state_pure_reduced
1520.0,4.1048080428600375,4.1048080428600375,0.5082079138898927,3.947353059984953,34.48487670476568,34.4866060117236,34.477959476934,3.4e-05,True,True,False,False,phase6r_full_state_pure_reduced
1525.0,4.10372598136093,4.10372598136093,0.5093478377736042,3.9482918329201397,34.48394942668268,34.48567842397759,34.47703343750304,3.2800000000000004e-05,True,True,False,False,phase6r_full_state_pure_reduced
1530.0,4.102626339667504,4.102626339667504,0.5104874562012895,3.9492295673452946,34.482997139381,34.4847258208244,34.47608241360741,3.3e-05,True,True,False,False,phase6r_full_state_pure_reduced
1535.0,4.101508815732409,4.101508815732409,0.5116267642056597,3.9501662881896897,34.48201955070995,34.483747910019716,34.4751061134709,4.0600000000000004e-05,True,True,False,False,phase6r_full_state_pure_reduced
1540.0,4.100373115449317,4.100373115449317,0.512765756737729,3.951102020518402,34.481016361687274,34.482744392487895,34.474104238484784,4.6800000000000006e-05,True,True,False,False,phase6r_full_state_pure_reduced
1545.0,4.099218953098072,4.099218953098072,0.5139044286691451,3.952036789548431,34.47998726677161,34.481714962594545,34.47307648347987,4.55e-05,True,True,False,False,phase6r_full_state_pure_reduced
1550.0,4.098046051802607,4.098046051802607,0.5150427747946458,3.9529706206653996,34.47893195414514,34.48065930842926,34.47202253700867,4.2000000000000004e-05,True,True,False,False,phase6r_full_state_pure_reduced
1555.0,4.096854144001895,4.096854144001895,0.5161807898346463,3.9539035394408693,34.47785010600664,34.479577112098795,34.47094208163804,4.39e-05,True,True,False,False,phase6r_full_state_pure_reduced
1560.0,4.0956429719341845,4.0956429719341845,0.5173184684379614,3.9548355716502788,34.47674139887527,34.47846805003097,34.46983479425248,5.9300000000000005e-05,True,True,False,False,phase6r_full_state_pure_reduced
1565.0,4.094412288134853,4.094412288134853,0.5184558051846655,3.9557667432915173,34.475605503905264,34.477331793289494,34.46870034636835,4.53e-05,True,True,False,False,phase6r_full_state_pure_reduced
1570.0,4.093161855948278,4.093161855948278,0.5195927945890956,3.956697080604163,34.474442087211976,34.47616800790011,34.46753840445945,5.0400000000000005e-05,True,True,False,False,phase6r_full_state_pure_reduced
1575.0,4.091891450054055,4.091891450054055,0.5207294311029995,3.9576266100893935,34.47325081020937,34.474976355188225,34.46634863029395,4.5900000000000004e-05,True,True,False,False,phase6r_full_state_pure_reduced
1580.0,4.090600857008101,4.090600857008101,0.5218657091188351,3.9585553585305977,34.472031329959414,34.473756492128445,34.46513068128331,4.77e-05,True,True,False,False,phase6r_full_state_pure_reduced
1585.0,4.089289875799107,4.089289875799107,0.5230016229732237,3.959483353014718,34.47078329953357,34.472508071706166,34.4638842108432,4.5600000000000004e-05,True,True,False,False,phase6r_full_state_pure_reduced
1590.0,4.0879583184209105,4.0879583184209105,0.5241371669505629,3.9604106209543324,34.46950636838671,34.47123074329167,34.46260886876686,4.2000000000000004e-05,True,True,False,False,phase6r_full_state_pure_reduced
1595.0,4.0866060104614395,4.0866060104614395,0.5252723352868022,3.961337190110521,34.46820018274383,34.469924153026966,34.46130430161127,4.49e-05,True,True,False,False,phase6r_full_state_pure_reduced
1600.0,4.085232791708887,4.085232791708887,0.5264071221733879,3.9622630886165418,34.46686438599984,34.46858794422572,34.459970153096336,4.6200000000000005e-05,True,True,False,False,phase6r_full_state_pure_reduced
1605.0,4.083838516775873,4.083838516775873,0.5275415217613812,3.9631883450023446,34.4654986191328,34.46722175778663,34.45860606451748,4.2000000000000004e-05,True,True,False,False,phase6r_full_state_pure_reduced
1610.0,4.082423055742419,4.082423055742419,0.5286755281657541,3.9641129882199646,34.46410252113094,34.465825232620645,34.45721167517211,4.44e-05,True,True,False,False,phase6r_full_state_pure_reduced
1615.0,4.08098629481859,4.08098629481859,0.5298091354698704,3.9650370476698327,34.46267572943385,34.46439800609228,34.455786622800105,4.43e-05,True,True,False,False,phase6r_full_state_pure_reduced
1620.0,4.079528137027761,4.079528137027761,0.5309423377301559,3.9659605532280393,34.46121788038826,34.46293971447558,34.45433054403898,4.18e-05,True,True,False,False,phase6r_full_state_pure_reduced
1625.0,4.07804850291153,4.07804850291153,0.5320751289809647,3.9668835352746017,34.45972860971882,34.461449993425056,34.4528430748939,4.5100000000000005e-05,True,True,False,False,phase6r_full_state_pure_reduced
1630.0,4.076547331257281,4.076547331257281,0.5332075032396473,3.967806024722779,34.45820755301423,34.45992847846199,34.45132385122321,4.1500000000000006e-05,True,True,False,False,phase6r_full_state_pure_reduced
1635.0,4.0750245798496225,4.0750245798496225,0.5343394545118277,3.9687280530494773,34.456654346229286,34.45837480547669,34.44977250923968,4.4200000000000004e-05,True,True,False,False,phase6r_full_state_pure_reduced
1640.0,4.073480226246797,4.073480226246797,0.5354709767968963,3.969649652326812,34.455068626203264,34.456788611247035,34.44818868602818,4.39e-05,True,True,False,False,phase6r_full_state_pure_reduced
1645.0,4.071914268583334,4.071914268583334,0.536602064093725,3.9705708552548638,34.45345003119516,34.455169533973915,34.446572020080126,4.41e-05,True,True,False,False,phase6r_full_state_pure_reduced
1650.0,4.070326726400234,4.070326726400234,0.537732710406614,3.971491695195702,34.451798201436276,34.45351721383403,34.44492215184525,4.39e-05,True,True,False,False,phase6r_full_state_pure_reduced
1655.0,4.068717641503967,4.068717641503967,0.5388629097514762,3.9724122062087206,34.45011277970077,34.45183129355062,34.44323872430138,4.3400000000000005e-05,True,True,False,False,phase6r_full_state_pure_reduced
1660.0,4.067087078855644,4.067087078855644,0.5399926561622694,3.9733324230873537,34.44839341189468,34.45011141898271,34.44152138354257,4.44e-05,True,True,False,False,phase6r_full_state_pure_reduced
1665.0,4.065435127491725,4.065435127491725,0.5411219436976838,3.9742523813972435,34.44663974766407,34.4483572397335,34.43976977938637,4.0900000000000005e-05,True,True,False,False,phase6r_full_state_pure_reduced
1670.0,4.063761901477594,4.063761901477594,0.5422507664480943,3.9751721175159,34.44485144102293,34.44656840977845,34.437983566000824,4.35e-05,True,True,False,False,phase6r_full_state_pure_reduced
1675.0,4.062067540895388,4.062067540895388,0.5433791185427875,3.9760916686739463,34.44302815100141,34.44474458811381,34.436162402551815,4.4500000000000004e-05,True,True,False,False,phase6r_full_state_pure_reduced
1680.0,4.0603522128673735,4.0603522128673735,0.544506994157473,3.977011072997993,34.44116954231526,34.442885439426206,34.434305953871444,4.0600000000000004e-05,True,True,False,False,phase6r_full_state_pure_reduced
1685.0,4.058616112616127,4.058616112616127,0.5456343875220885,3.977930369555225,34.43927528605689,34.440990634784065,34.43241389114819,4.46e-05,True,True,False,False,phase6r_full_state_pure_reduced
1690.0,4.056859464562771,4.056859464562771,0.5467612929289115,3.978849598399746,34.43734506040912,34.43905985235152,34.430485892639524,0.00012340000000000002,True,True,False,False,phase6r_full_state_pure_reduced
1695.0,4.055082523464318,4.055082523464318,0.5478877047409849,3.9797688006207674,34.43537855138206,34.43709277812562,34.42852164440782,4.2900000000000006e-05,True,True,False,False,phase6r_full_state_pure_reduced
1700.0,4.053285575591159,4.053285575591159,0.5490136174008714,3.9806880183926756,34.43337545357407,34.435089106697546,34.42652084108019,4.53e-05,True,True,False,False,phase6r_full_state_pure_reduced
1705.0,4.0514689399455275,4.0514689399455275,0.5501390254397451,3.981607295027071,34.43133547095759,34.43304854203872,34.4244831866331,4.0900000000000005e-05,True,True,False,False,phase6r_full_state_pure_reduced
1710.0,4.049632969521602,4.049632969521602,0.5512639234868345,3.9825266750267914,34.429258317690504,34.43097079831247,34.422408395202645,4.4800000000000005e-05,True,True,False,False,phase6r_full_state_pure_reduced
1715.0,4.047778052607692,4.047778052607692,0.5523883062792255,3.9834462041420013,34.42714371895394,34.42885560071215,34.420296191921125,4.35e-05,True,True,False,False,phase6r_full_state_pure_reduced
1720.0,4.045904614130793,4.045904614130793,0.5535121686720397,3.9843659294283813,34.4249914118173,34.42670268632642,34.41814631378081,4.2900000000000006e-05,True,True,False,False,phase6r_full_state_pure_reduced
1725.0,4.044013117043338,4.044013117043338,0.5546355056489961,3.9852858993074323,34.42280114613125,34.42451180503265,34.41595851052563,4.5e-05,True,True,False,False,phase6r_full_state_pure_reduced
1730.0,4.042104063751859,4.042104063751859,0.5557583123333716,3.9862061636289554,34.42057268544953,34.42228272041899,34.413732545571676,4.1e-05,True,True,False,False,phase6r_full_state_pure_reduced
1735.0,4.040177997586685,4.040177997586685,0.5568805839993679,3.987126773735692,34.418305807980275,34.420015210736054,34.41146819695717,4.18e-05,True,True,False,False,phase6r_full_state_pure_reduced
1740.0,4.0382355043116505,4.0382355043116505,0.5580023160838989,3.988047782530139,34.41600030756762,34.41770906987887,34.40916525832262,4.49e-05,True,True,False,False,phase6r_full_state_pure_reduced
1745.0,4.036277213672032,4.036277213672032,0.5591235041988079,3.9889692445435285,34.413655994704214,34.415364108399785,34.406823539921945,4.2000000000000004e-05,True,True,False,False,phase6r_full_state_pure_reduced
1750.0,4.034303800978703,4.034303800978703,0.5602441441435242,3.9898912160069484,34.411272697575406,34.41298015455297,34.40444286966513,4.38e-05,True,True,False,False,phase6r_full_state_pure_reduced
1755.0,4.032315988725748,4.032315988725748,0.5613642319181702,3.990813754924546,34.40885026313545,34.41055705537107,34.40202309419297,4.43e-05,True,True,False,False,phase6r_full_state_pure_reduced
1760.0,4.030314548238256,4.030314548238256,0.5624837637371253,3.9917369211487723,34.40638855821653,34.408094677774535,34.39956407998449,4.16e-05,True,True,False,False,phase6r_full_state_pure_reduced
1765.0,4.028300301346327,4.028300301346327,0.5636027360430548,3.9926607764575572,34.40388747067065,34.40559290971398,34.397065714497316,4.47e-05,True,True,False,False,phase6r_full_state_pure_reduced
1770.0,4.026274122080616,4.026274122080616,0.5647211455214105,3.993585384633333,34.40134691054503,34.40305166134595,34.39452790734136,4.1500000000000006e-05,True,True,False,False,phase6r_full_state_pure_reduced
1775.0,4.024236938383939,4.024236938383939,0.5658389891154061,3.994510811543749,34.398766811290905,34.40047086624211,34.39195059148607,4.32e-05,True,True,False,False,phase6r_full_state_pure_reduced
1780.0,4.022189733832716,4.022189733832716,0.5669562640414707,3.995437125223931,34.396147131005876,34.39785048263208,34.389333724501064,4.5400000000000006e-05,True,True,False,False,phase6r_full_state_pure_reduced
1785.0,4.0201335493610335,4.0201335493610335,0.5680729678051821,3.996364395960088,34.39348785370973,34.395190494679596,34.38667728983025,4.16e-05,True,True,False,False,phase6r_full_state_pure_reduced
1790.0,4.018069484979268,4.018069484979268,0.5691890982176764,3.9972926963742372,34.39078899065323,34.39249091379179,34.38398129809897,5.28e-05,True,True,False,False,phase6r_full_state_pure_reduced
1795.0,4.015998701478207,4.015998701478207,0.5703046534125314,3.998222101509801,34.38805058165959,34.38975177996107,34.38124578845368,4.52e-05,True,True,False,False,phase6r_full_state_pure_reduced
1800.0,4.0139224221084975,4.0139224221084975,0.5714196318631172,3.9991526889177598,34.38527269649772,34.38697316313878,34.3784708299335,4.0300000000000004e-05,True,True,False,False,phase6r_full_state_pure_reduced
1805.0,4.011841934224266,4.011841934224266,0.5725340324004017,4.000084538743049,34.38245543628631,34.384155164639736,34.375656522872575,4.53e-05,True,True,False,False,phase6r_full_state_pure_reduced
1810.0,4.009758590878536,4.009758590878536,0.5736478542312012,4.001017733810804,34.379598934927465,34.38129791857632,34.37280300033203,4.16e-05,True,True,False,False,phase6r_full_state_pure_reduced
1815.0,4.0076738123569235,4.0076738123569235,0.574761096956856,4.0019523597120426,34.37670336056848,34.37840159332061,34.369910429559944,4.4200000000000004e-05,True,True,False,False,phase6r_full_state_pure_reduced
1820.0,4.005589087634822,4.005589087634822,0.5758737605923101,4.002888504888315,34.3737689170896,34.37546639299262,34.36697901347752,4.44e-05,True,True,False,False,phase6r_full_state_pure_reduced
1825.0,4.003505975742098,4.003505975742098,0.5769858455855718,4.003826260714805,34.37079584561583,34.37249255897249,34.364008992189206,4.27e-05,True,True,False,False,phase6r_full_state_pure_reduced
1830.0,4.001426107017886,4.001426107017886,0.5780973528375212,4.00476572158133,34.36778442605,34.369480371433966,34.36100064451415,4.33e-05,True,True,False,False,phase6r_full_state_pure_reduced
1835.0,3.9993511842367986,3.9993511842367986,0.5792082837220314,4.0057069849705895,34.364734978624156,34.36643015089618,34.35795428953608,4.39e-05,True,True,False,False,phase6r_full_state_pure_reduced
1840.0,3.9972829835864894,3.9972829835864894,0.5803186401063609,4.006650151533036,34.36164786546586,34.36334225979031,34.354870288168065,4.24e-05,True,True,False,False,phase6r_full_state_pure_reduced
1845.0,3.995223355474977,3.995223355474977,0.5814284243717707,4.0075953251575935,34.35852349217542,34.360217104037176,34.35174904472839,4.4500000000000004e-05,True,True,False,False,phase6r_full_state_pure_reduced
1850.0,3.9931742251447586,3.9931742251447586,0.5825376394343109,4.008542613037461,34.355362309409756,34.35705513463142,34.348591008523094,4.2000000000000004e-05,True,True,False,False,phase6r_full_state_pure_reduced
1855.0,3.9911375930691926,3.9911375930691926,0.583646288765719,4.009492125730149,34.352164814467926,34.353856849227334,34.3453966754303,4.5400000000000006e-05,True,True,False,False,phase6r_full_state_pure_reduced
1860.0,3.989115535105001,3.989115535105001,0.5847543764143592,4.010443977210818,34.34893155287286,34.35062279372086,34.34216658948087,4.27e-05,True,True,False,False,phase6r_full_state_pure_reduced
1865.0,3.987110202373228,3.987110202373228,0.5858619070261296,4.011398284917946,34.34566311994323,34.3473535638217,34.33890134442936,4.38e-05,True,True,False,False,phase6r_full_state_pure_reduced
1870.0,3.985123820839205,3.985123820839205,0.5869688858652516,4.012355169790283,34.34236016234882,34.344049806608865,34.33560158530862,4.5100000000000005e-05,True,True,False,False,phase6r_full_state_pure_reduced
1875.0,3.983158690560338,3.983158690560338,0.5880753188348518,4.013314756293941,34.33902337964197,34.34071222206229,34.3322680099607,4.47e-05,True,True,False,False,phase6r_full_state_pure_reduced
1880.0,3.9812171845686892,3.9812171845686892,0.589181212497232,4.0142771724384385,34.33565352575715,34.33734156456245,34.32890137053595,4.22e-05,True,True,False,False,phase6r_full_state_pure_reduced
1885.0,3.979301747353335,3.979301747353335,0.590286574093719,4.015242549780401,34.33225141046977,34.33393864434927,34.325502474951804,4.5e-05,True,True,False,False,phase6r_full_state_pure_reduced
1890.0,3.977414892905349,3.977414892905349,0.5913914115639705,4.016211023413548,34.328817900804765,34.33050432893061,34.32207218830138,4.2000000000000004e-05,True,True,False,False,phase6r_full_state_pure_reduced
1895.0,3.9755592022860378,3.9755592022860378,0.5924957335646055,4.017182731943493,34.325353922384394,34.32703954443006,34.31861143420174,4.46e-05,True,True,False,False,phase6r_full_state_pure_reduced
1900.0,3.9737373206765865,3.9737373206765865,0.5935995494870157,4.018157817445807,34.321860460704194,34.32354527686262,34.31512119607049,4.4200000000000004e-05,True,True,False,False,phase6r_full_state_pure_reduced
1905.0,3.9719519538645365,3.9719519538645365,0.5947028694742003,4.019136425405632,34.318338562324534,34.320022573326064,34.31160251831842,4.2300000000000005e-05,True,True,False,False,phase6r_full_state_pure_reduced
1910.0,3.9702058641196603,3.9702058641196603,0.5958057044364558,4.0201187046371,34.31478933596479,34.31647254309473,34.30805650744502,4.44e-05,True,True,False,False,phase6r_full_state_pure_reduced
1915.0,3.968501865408446,3.968501865408446,0.5969080660657359,4.02110480718058,34.3112139534856,34.31289635860134,34.30448433302262,4.7900000000000006e-05,True,True,False,False,phase6r_full_state_pure_reduced
1920.0,3.9668428178928603,3.9668428178928603,0.5980099668484838,4.022094888175727,34.307613650743775,34.309295256291335,34.30088722855354,6e-05,True,True,False,False,phase6r_full_state_pure_reduced
1925.0,3.9652316216550396,3.9652316216550396,0.5991114200767214,4.02308910570808,34.30398972830307,34.305670537332944,34.29726649218359,5.4800000000000004e-05,True,True,False,False,phase6r_full_state_pure_reduced
1930.0,3.963671209585102,3.963671209585102,0.6002124398571617,4.024087679890432,34.300343551982635,34.30202356816484,34.293623487253825,0.0001228,True,True,False,False,phase6r_full_state_pure_reduced
1935.0,3.9621645393643274,3.9621645393643274,0.6013130411180962,4.025092819290472,34.29667655322358,34.29835578086174,34.28995964267092,3.57e-05,True,True,False,False,phase6r_full_state_pure_reduced
1940.0,3.9607145844704763,3.9607145844704763,0.6024132396137825,4.026105568900073,34.29299022925235,34.294668673296655,34.286276453075125,3.24e-05,True,True,False,False,phase6r_full_state_pure_reduced
1945.0,3.959324324125964,3.959324324125964,0.6035130519260397,4.0271259206602235,34.28928614301803,34.29096380907688,34.28257547878263,3.86e-05,True,True,False,False,phase6r_full_state_pure_reduced
1950.0,3.9579967321029406,3.9579967321029406,0.6046124954627349,4.02815386874642,34.28556592287857,34.28724281722877,34.278858345477765,4.83e-05,True,True,False,False,phase6r_full_state_pure_reduced
1955.0,3.956734764291989,3.956734764291989,0.605711588452816,4.029189409181381,34.28183126200904,34.2835073916043,34.27512674362799,3.51e-05,True,True,False,False,phase6r_full_state_pure_reduced
1960.0,3.9555413449333057,3.9555413449333057,0.6068103499375197,4.030232539397819,34.27808391750264,34.27975928998017,34.27138242759253,3.3900000000000004e-05,True,True,False,False,phase6r_full_state_pure_reduced
1965.0,3.954419351400591,3.954419351400591,0.6079087997573532,4.031283257747058,34.274325709132704,34.276000332817645,34.26762721439293,5.7300000000000004e-05,True,True,False,False,phase6r_full_state_pure_reduced
1970.0,3.9533715974188812,3.9533715974188812,0.609006958534414,4.032341562948921,34.27055851774131,34.27223240164879,34.26386298211134,4.66e-05,True,True,False,False,phase6r_full_state_pure_reduced
1975.0,3.952400814587867,3.952400814587867,0.6101048476495773,4.033407453477969,34.266784283217035,34.26845743705152,34.26009166787911,3.83e-05,True,True,False,False,phase6r_full_state_pure_reduced
1980.0,3.9515096320724474,3.9515096320724474,0.6112024892140419,4.03448092688079,34.263005002021465,34.26467743617303,34.25631526541519,3.33e-05,True,True,False,False,phase6r_full_state_pure_reduced
1985.0,3.9507005543120384,3.9507005543120384,0.6122999060346841,4.035561979018623,34.25922272422016,34.26089444975753,34.252535822070655,5.7900000000000005e-05,True,True,False,False,phase6r_full_state_pure_reduced
1990.0,3.9499759365903393,3.9499759365903393,0.6133971215726258,4.036650603229234,34.255439549970674,34.25711057863046,34.24875543533154,4.8100000000000004e-05,True,True,False,False,phase6r_full_state_pure_reduced
1995.0,3.9493379582976016,3.9493379582976016,0.6144941598943752,4.037746789401548,34.25165762541583,34.25332796958765,34.244976248728555,4.8100000000000004e-05,True,True,False,False,phase6r_full_state_pure_reduced
2000.0,3.9487885937088643,3.9487885937088643,0.6155910456148499,4.038850522956144,34.2478791379264,34.249548810633485,34.24120044709805,4.8100000000000004e-05,True,True,False,False,phase6r_full_state_pure_reduced
2005.0,3.948329580094304,3.948329580094304,0.6166878038315428,4.039961783724426,34.24410631063307,34.245775325507815,34.2374302511341,4.89e-05,True,True,False,False,phase6r_full_state_pure_reduced
2010.0,3.9479623829728703,3.9479623829728703,0.6177844600490352,4.041080544718909,34.240341396182934,34.2420097674369,34.233667911167075,4.74e-05,True,True,False,False,phase6r_full_state_pure_reduced
2015.0,3.9476881583180328,3.9476881583180328,0.6188810400930125,4.042206770786917,34.23658666965107,34.238254412038934,34.229915700099596,4.7300000000000005e-05,True,True,False,False,phase6r_full_state_pure_reduced
2020.0,3.947507711526353,3.947507711526353,0.6199775700128809,4.0433404171398335,34.23284442053321,34.234511549310035,34.22617590542592,6.1000000000000005e-05,True,True,False,False,phase6r_full_state_pure_reduced
2025.0,3.9474214529665157,3.9474214529665157,0.6210740759720382,4.044481427750089,34.22911694374099,34.23078347461217,34.22245082025629,4.72e-05,True,True,False,False,phase6r_full_state_pure_reduced
2030.0,3.9474293499398043,3.9474293499398043,0.6221705841247993,4.0456297336082985,34.22540652951672,34.22707247857998,34.21874273326368,6.36e-05,True,True,False,False,phase6r_full_state_pure_reduced
2035.0,3.947530874904709,3.947530874904709,0.6232671204789395,4.04678525083343,34.22171545218116,34.223380835859906,34.21505391746618,4.72e-05,True,True,False,False,phase6r_full_state_pure_reduced
2040.0,3.947724949849792,3.947724949849792,0.6243637107427866,4.0479478786296275,34.21804595762423,34.21971079259144,34.211386617755366,4.7600000000000005e-05,True,True,False,False,phase6r_full_state_pure_reduced
2045.0,3.94800988674261,3.94800988674261,0.6254603801557707,4.0491174970844535,34.21440024944646,34.216064552538455,34.20774303707849,4.74e-05,True,True,False,False,phase6r_full_state_pure_reduced
2050.0,3.948383324040084,3.948383324040084,0.6265571533013373,4.050293964804886,34.210780473658126,34.21244426177729,34.204125321181465,4.7600000000000005e-05,True,True,False,False,phase6r_full_state_pure_reduced
2055.0,3.948842159320228,3.948842159320228,0.6276540539011485,4.051477116389468,34.2071887018434,34.20885199184921,34.20053554182016,4.7000000000000004e-05,True,True,False,False,phase6r_full_state_pure_reduced
2060.0,3.949382478188442,3.949382478188442,0.6287511045895342,4.052666759737709,34.20362691269999,34.2052897212874,34.196975678350334,0.00010590000000000001,True,True,False,False,phase6r_full_state_pure_reduced
2065.0,3.9499994797264733,3.9499994797264733,0.629848326667236,4.053862673201235,34.200096971869925,34.20175931543443,34.193447597611915,4.08e-05,True,True,False,False,phase6r_full_state_pure_reduced
2070.0,3.950687398890892,3.950687398890892,0.6309457398335946,4.05506460258531,34.19660060998587,34.198262504474386,34.18995303203182,3.52e-05,True,True,False,False,phase6r_full_state_pure_reduced
2075.0,3.951439426432435,3.951439426432435,0.6320433618964925,4.056272258014403,34.19313939886989,34.19480085961686,34.18649355588201,3.4200000000000005e-05,True,True,False,False,phase6r_full_state_pure_reduced
2080.0,3.952247627099251,3.952247627099251,0.6331412084595756,4.057485310681425,34.18971472583853,34.19137576738659,34.18307055964627,3.8700000000000006e-05,True,True,False,False,phase6r_full_state_pure_reduced
2085.0,3.9531028571070097,3.9531028571070097,0.6342392925865498,4.058703389507179,34.18632776609031,34.187988401995035,34.17968522247142,3.4e-05,True,True,False,False,phase6r_full_state_pure_reduced
2090.0,3.953994682106113,3.953994682106113,0.6353376244426904,4.05992607774452,34.18297945318011,34.1846396957985,34.17633848270654,3.4e-05,True,True,False,False,phase6r_full_state_pure_reduced
2095.0,3.9549112971493554,3.9549112971493554,0.6364362109141207,4.061152909570642,34.17967044761926,34.18133030788191,34.17303100656866,3.41e-05,True,True,False,False,phase6r_full_state_pure_reduced
2100.0,3.955839450458891,3.955839450458891,0.6375350552059149,4.062383366720724,34.176401103682764,34.17806059084975,34.16976315501479,3.35e-05,True,True,False,False,phase6r_full_state_pure_reduced
2105.0,3.9567643731031974,3.9567643731031974,0.6386341564206658,4.063616875226837,34.17317143455434,34.17483055595538,34.166534948950186,3.3100000000000005e-05,True,True,False,False,phase6r_full_state_pure_reduced
2110.0,3.9576697170151287,3.9576697170151287,0.6397335091198366,4.064852802337168,34.16998107599794,34.17163983675748,34.16334603295979,3.55e-05,True,True,False,False,phase6r_full_state_pure_reduced
2115.0,3.958537504100221,3.958537504100221,0.6408331028709756,4.0660904537021665,34.166829248810046,34.168487651558635,34.16019563781567,3.3600000000000004e-05,True,True,False,False,phase6r_full_state_pure_reduced
2120.0,3.959348089486687,3.959348089486687,0.6419329217847219,4.067329070925628,34.163714720380824,34.165372764954405,34.157082542086506,3.38e-05,True,True,False,False,phase6r_full_state_pure_reduced
2125.0,3.9600801422386787,3.9600801422386787,0.643032944046455,4.068567829589599,34.16063576577277,34.16229344890207,34.15400503325556,3.43e-05,True,True,False,False,phase6r_full_state_pure_reduced
2130.0,3.960710647073863,3.960710647073863,0.6441331414484199,4.069805837871799,34.157590128812025,34.15924744380497,34.15096086884026,3.3600000000000004e-05,True,True,False,False,phase6r_full_state_pure_reduced
2135.0,3.961214930774487,3.961214930774487,0.6452334789291906,4.071042135882286,34.15457498377892,34.15623192019938,34.14794723809708,3.3600000000000004e-05,True,True,False,False,phase6r_full_state_pure_reduced
2140.0,3.9615667170359465,3.9615667170359465,0.6463339141283673,4.0722756958516815,34.151586898376685,34.15324344172374,34.14496072498848,3.33e-05,True,True,False,False,phase6r_full_state_pure_reduced
2145.0,3.961738213436401,3.961738213436401,0.6474343969654329,4.073505423305805,34.14862179875017,34.15027793014254,34.14199727318067,3.3600000000000004e-05,True,True,False,False,phase6r_full_state_pure_reduced
2150.0,3.9617002340137786,3.9617002340137786,0.648534869252659,4.074730159360016,34.14567493741386,34.14733063328504,34.13905215392915,5.13e-05,True,True,False,False,phase6r_full_state_pure_reduced
2155.0,3.9614223605832892,3.9614223605832892,0.649635264352821,4.075948684260591,34.142740865028564,34.1443960968385,34.136119937788834,3.37e-05,True,True,False,False,phase6r_full_state_pure_reduced
2160.0,3.9608731454029553,3.9608731454029553,0.6507355068932108,4.077159722289075,34.13981340703307,34.14146814100315,34.133194471152734,3.34e-05,True,True,False,False,phase6r_full_state_pure_reduced
2165.0,3.9600203570844283,3.9600203570844283,0.6518355125479565,4.078361948128422,34.13688564618665,34.13853984306499,34.13026885867328,3.2800000000000004e-05,True,True,False,False,phase6r_full_state_pure_reduced
2170.0,3.9588312707437114,3.9588312707437114,0.6529351879009408,4.079553994766292,34.133949912105074,34.135603526969476,34.12733545264746,3.37e-05,True,True,False,False,phase6r_full_state_pure_reduced
2175.0,3.9572730022893423,3.9572730022893423,0.6540344304015768,4.080734462980869,34.130997778871624,34.132650760977896,34.12438585044653,6.29e-05,True,True,False,False,phase6r_full_state_pure_reduced
2180.0,3.955312885456435,3.955312885456435,0.6551331284253147,4.081901932417863,34.128020071770536,34.12967236445372,34.12141090103782,3.3600000000000004e-05,True,True,False,False,phase6r_full_state_pure_reduced
2185.0,3.95291888872342,3.95291888872342,0.6562311614499601,4.083054974223927,34.125006884118136,34.12665842475401,34.11840072157462,3.34e-05,True,True,False,False,phase6r_full_state_pure_reduced
2190.0,3.950060067609396,3.950060067609396,0.6573284003576294,4.084192165151871,34.1219476050525,34.12359832508633,34.115344724917186,3.35e-05,True,True,False,False,phase6r_full_state_pure_reduced
2195.0,3.946707046068219,3.946707046068219,0.6584247078704262,4.085312102997249,34.118830958982436,34.12048078403091,34.11223165878855,8.950000000000001e-05,True,True,False,False,phase6r_full_state_pure_reduced
2200.0,3.9428325188060587,3.9428325188060587,0.6595199391256501,4.0864134231649505,34.115645057187905,34.11729390721943,34.109049657061796,5.13e-05,True,True,False,False,phase6r_full_state_pure_reduced
2205.0,3.938411764403141,3.938411764403141,0.6606139423935399,4.087494816099682,34.11237746180652,34.11402525140339,34.10578630341902,5.44e-05,True,True,False,False,phase6r_full_state_pure_reduced
2210.0,3.9334231571895693,3.9334231571895693,0.6617065599372036,4.088555045247574,34.10901526213544,34.11066190083974,34.10242870731829,5.03e-05,True,True,False,False,phase6r_full_state_pure_reduced
2215.0,3.9278486640076076,3.9278486640076076,0.6627976290105391,4.089592965150298,34.10554516282841,34.10719055557141,34.098963591856446,4.41e-05,True,True,False,False,phase6r_full_state_pure_reduced
2220.0,3.921674310416922,3.921674310416922,0.6638869829856548,4.090607539211616,34.10195358318177,34.10359763079438,34.09537739273132,4.3e-05,True,True,False,False,phase6r_full_state_pure_reduced
2225.0,3.914890599724818,3.914890599724818,0.6649744525966895,4.0915978566240065,34.09822676629247,34.099869366091575,34.09165636709603,0.0001004,True,True,False,False,phase6r_full_state_pure_reduced
2230.0,3.9074928676357783,3.9074928676357783,0.666059867282144,4.092563147905179,34.09435089644985,34.09599194289274,34.087786710678316,4.83e-05,True,True,False,False,phase6r_full_state_pure_reduced
2235.0,3.899481555511896,3.899481555511896,0.6671430566031195,4.093502798477338,34.09031222271377,34.091951608110215,34.083754681128,4.16e-05,True,True,False,False,phase6r_full_state_pure_reduced
2240.0,3.8908623864049923,3.8908623864049923,0.6682238517104542,4.094416359731937,34.086097186256566,34.08773480152557,34.07954672518056,5.380000000000001e-05,True,True,False,False,phase6r_full_state_pure_reduced
2245.0,3.881646430308631,3.881646430308631,0.6693020868299844,4.095303557064873,34.081692548734594,34.08332828419039,34.07514960691141,4.75e-05,True,True,False,False,phase6r_full_state_pure_reduced
2250.0,3.871850048549659,3.871850048549659,0.6703776007323593,4.0961642944450265,34.077085518732844,34.07871926488313,34.07055053413172,4.22e-05,True,True,False,False,phase6r_full_state_pure_reduced
2255.0,3.8614947118458587,3.8614947118458587,0.6714502381523165,4.09699865519344,34.07226387322095,34.07389552155904,34.0657372798686,4.5400000000000006e-05,True,True,False,False,phase6r_full_state_pure_reduced
2260.0,3.8506066921078776,3.8506066921078776,0.6725198511223465,4.09780689879781,34.0672160709897,34.068845514762,34.06069829590048,4.47e-05,True,True,False,False,phase6r_full_state_pure_reduced
2265.0,3.8392166342188268,3.8392166342188268,0.6735863001874073,4.098589453759958,34.061931355217446,34.0635584901481,34.05542281549485,4.2000000000000004e-05,True,True,False,False,phase6r_full_state_pure_reduced
2270.0,3.8273590203103596,3.8273590203103596,0.6746494554708268,4.099346906660613,34.05639984264407,34.05802456759996,34.04990094282052,4.4800000000000005e-05,True,True,False,False,phase6r_full_state_pure_reduced
2275.0,3.815071544911042,3.815071544911042,0.6757091975666354,4.1000799878113785,34.050612597294844,34.05223481487659,34.04412372696783,4.13e-05,True,True,False,False,phase6r_full_state_pure_reduced
2280.0,3.8023944241973915,3.8023944241973915,0.6767654182400236,4.1007895540317865,34.04456168727068,34.046181304318075,34.038083219081095,4.53e-05,True,True,False,False,phase6r_full_state_pure_reduced
2285.0,3.7893696659281733,3.7893696659281733,0.6778180209250037,4.101476569224197,34.038240223767716,34.03985715177153,34.031772511752465,4.38e-05,True,True,False,False,phase6r_full_state_pure_reduced
2290.0,3.7760403281362147,3.7760403281362147,0.6788669210161526,4.102142083508495,34.03164238216331,34.03325653757939,34.02518576049901,4.61e-05,True,True,False,False,phase6r_full_state_pure_reduced
2295.0,3.7624497941501427,3.7624497941501427,0.6799120459589721,4.102787211714515,34.024763405660615,34.02637471012579,34.01831818779989,4.19e-05,True,True,False,False,phase6r_full_state_pure_reduced
2300.0,3.748641089116703,3.748641089116703,0.6809533351503935,4.1034131120113555,34.017599592575344,34.01920797302836,34.011166070763295,4.2900000000000006e-05,True,True,False,False,phase6r_full_state_pure_reduced
2305.0,3.734656259207125,3.734656259207125,0.6819907396668399,4.104020965384119,34.01014826884113,34.01175365755471,34.003726713986794,4.38e-05,True,True,False,False,phase6r_full_state_pure_reduced
2310.0,3.7205358295952995,3.7205358295952995,0.6830242218417275,4.1046119565599,34.002407747678596,34.004010082211494,33.99599840954702,4.43e-05,True,True,False,False,phase6r_full_state_pure_reduced
2315.0,3.7063183516514844,3.7063183516514844,0.6840537547171862,4.105187256849421,33.99437727860798,33.99597650168723,33.98798038629097,4.35e-05,True,True,False,False,phase6r_full_state_pure_reduced
2320.0,3.692040044160083,3.692040044160083,0.6850793213961196,4.105748009223178,33.986056988085814,33.98765304743074,33.9796727507061,4.38e-05,True,True,False,False,phase6r_full_state_pure_reduced
2325.0,3.677734528222378,3.677734528222378,0.6861009143206258,4.106295315795078,33.977447814027194,33.97904066212675,33.97107642162897,4.16e-05,True,True,False,False,phase6r_full_state_pure_reduced
2330.0,3.6634326511952575,3.6634326511952575,0.6871185345015134,4.106830227753531,33.96855143635493,33.97014103020984,33.962193060935284,4.41e-05,True,True,False,False,phase6r_full_state_pure_reduced
2335.0,3.649162391743911,3.649162391743911,0.6881321907214423,4.10735373766797,33.959370205521594,33.96095650636194,33.953025002160196,4.21e-05,True,True,False,False,phase6r_full_state_pure_reduced
2340.0,3.6349488359053876,3.6349488359053876,0.689141898731416,4.107866774011843,33.94990707070482,33.95149004369266,33.94357517875348,4.32e-05,True,True,False,False,phase6r_full_state_pure_reduced
2345.0,3.62081421290643,3.62081421290643,0.6901476804572233,4.108370197682555,33.94016550910445,33.941745123029705,33.93384705340345,4.47e-05,True,True,False,False,phase6r_full_state_pure_reduced
2350.0,3.6067779792073074,3.6067779792073074,0.6911495632292254,4.108864800262733,33.930149457492924,33.93172568446957,33.923844549586356,4.24e-05,True,True,False,False,phase6r_full_state_pure_reduced
2355.0,3.5928569396628145,3.5928569396628145,0.6921475790457984,4.109351303752481,33.91986324690352,33.92143606207158,33.913571986231254,4.35e-05,True,True,False,False,phase6r_full_state_pure_reduced
2360.0,3.5790653956012592,3.5790653956012592,0.6931417638779098,4.109830361504423,33.909311541096045,33.91088092233378,33.903034016145114,4.18e-05,True,True,False,False,phase6r_full_state_pure_reduced
2365.0,3.5654153108339677,3.5654153108339677,0.6941321570198081,4.110302560108129,33.89849927922372,33.900065206873066,33.89223556862633,4.6200000000000005e-05,True,True,False,False,phase6r_full_state_pure_reduced
2370.0,3.5519164879632705,3.5519164879632705,0.6951188004886868,4.11076842199348,33.887431622940795,33.88899407954837,33.88118179651052,4.3400000000000005e-05,True,True,False,False,phase6r_full_state_pure_reduced
2375.0,3.5385767487315207,3.5385767487315207,0.6961017384744456,4.11122840855031,33.87611390804001,33.877672878114886,33.869878027740526,4.49e-05,True,True,False,False,phase6r_full_state_pure_reduced
2380.0,3.5254021134606255,3.5254021134606255,0.6970810168392957,4.11168292359122,33.86455160058862,33.86610707037761,33.85832972143268,4.69e-05,True,True,False,False,phase6r_full_state_pure_reduced
2385.0,3.512396975814475,3.512396975814475,0.6980566826659108,4.112132317013722,33.852750257440576,33.854302214721066,33.84654242831863,4.2900000000000006e-05,True,True,False,False,phase6r_full_state_pure_reduced
2390.0,3.4995642701460494,3.4995642701460494,0.6990287838520625,4.112576888545431,33.840715490935516,33.84226392482559,33.83452175537524,9.750000000000001e-05,True,True,False,False,phase6r_full_state_pure_reduced
2395.0,3.4869056295575507,3.4869056295575507,0.6999973687491617,4.113016891480855,33.82845293754958,33.829997838334776,33.82227333440879,4.22e-05,True,True,False,False,phase6r_full_state_pure_reduced
2400.0,3.474421533508932,3.474421533508932,0.7009624858418031,4.113454208778277,33.81596823023432,33.81750958921026,33.80980279433054,4.5400000000000006e-05,True,True,False,False,phase6r_full_state_pure_reduced
2405.0,3.4621114443710463,3.4621114443710463,0.7019241834652395,4.113890736284974,33.80326697416522,33.804804783495115,33.79711573684563,3.83e-05,True,True,False,False,phase6r_full_state_pure_reduced
2410.0,3.449973932751272,3.449973932751272,0.7028825095576705,4.114326659574142,33.790354725616965,33.79188897820295,33.78421771527302,4.32e-05,True,True,False,False,phase6r_full_state_pure_reduced
2415.0,3.43800679174102,3.43800679174102,0.7038375114442652,4.114762130506906,33.777236973686236,33.77876766305353,33.771114216217065,4.38e-05,True,True,False,False,phase6r_full_state_pure_reduced
2420.0,3.4262071404653023,3.4262071404653023,0.70478923564995,4.115197270258256,33.76391912459244,33.765446244785224,33.75781064382131,3.8400000000000005e-05,True,True,False,False,phase6r_full_state_pure_reduced
2425.0,3.414571517471448,3.414571517471448,0.7057377277381365,4.1156321721191755,33.75040648830001,33.75193003378803,33.74431230634793,4.35e-05,True,True,False,False,phase6r_full_state_pure_reduced
2430.0,3.4030959645937395,3.4030959645937395,0.7066830321727459,4.11606690408845,33.73670426722187,33.738224232816755,33.73062440484233,3.72e-05,True,True,False,False,phase6r_full_state_pure_reduced
2435.0,3.391776101985328,3.391776101985328,0.7076251922010751,4.116501511259446,33.72281754678118,33.72433392756157,33.71675202365964,3.8e-05,True,True,False,False,phase6r_full_state_pure_reduced
2440.0,3.3806071950303513,3.3806071950303513,0.7085642497552502,4.116936018010355,33.70875128762615,33.71026407887075,33.70270012264775,3.66e-05,True,True,False,False,phase6r_full_state_pure_reduced
2445.0,3.3695842138463155,3.3695842138463155,0.7095002453702075,4.117370430008376,33.694510319310886,33.69601951643871,33.6884735307996,3.7300000000000005e-05,True,True,False,False,phase6r_full_state_pure_reduced
2450.0,3.3587018860666085,3.3587018860666085,0.7104332181163371,4.117804736039559,33.68009933527252,33.68160493378952,33.67407694120454,3.6700000000000004e-05,True,True,False,False,phase6r_full_state_pure_reduced
2455.0,3.347954743561263,3.347954743561263,0.7113632055451041,4.118238909676758,33.665522888951564,33.66702488440305,33.65951490714562,4.2000000000000004e-05,True,True,False,False,phase6r_full_state_pure_reduced
2460.0,3.337337163715205,3.337337163715205,0.7122902436461361,4.118672910798272,33.65078539091803,33.65228377884627,33.64479183920509,3.7500000000000003e-05,True,True,False,False,phase6r_full_state_pure_reduced
2465.0,3.3268434058398704,3.3268434058398704,0.713214366814425,4.119106686969625,33.635891106880756,33.637385882787186,33.629912003255036,8.48e-05,True,True,False,False,phase6r_full_state_pure_reduced
2470.0,3.316467643249283,3.316467643249283,0.7141356078264387,4.119540174700582,33.62084415647028,33.62233531578192,33.61487951922372,5.1500000000000005e-05,True,True,False,False,phase6r_full_state_pure_reduced
2475.0,3.306203991486777,3.306203991486777,0.7150539978240739,4.119973300588914,33.60564851269853,33.60713605073809,33.59969836054029,4.16e-05,True,True,False,False,phase6r_full_state_pure_reduced
2480.0,3.296046533144592,3.296046533144592,0.7159695663055029,4.120405982361782,33.59030800200937,33.59179191396875,33.58437235417186,3.96e-05,True,True,False,False,phase6r_full_state_pure_reduced
2485.0,3.2859893396768203,3.2859893396768203,0.7168823411220798,4.120838129824932,33.57482630484432,33.5763065857611,33.568905181177186,6.330000000000001e-05,True,True,False,False,phase6r_full_state_pure_reduced
2490.0,3.276026490566486,3.276026490566486,0.7177923484805705,4.121269645729058,33.55920695665685,33.56068360139355,33.55330037771006,4.63e-05,True,True,False,False,phase6r_full_state_pure_reduced
2495.0,3.2661520901709107,3.2661520901709107,0.7186996129500625,4.121700426562061,33.54345334931687,33.544926352542625,33.537561336413845,4.89e-05,True,True,False,False,phase6r_full_state_pure_reduced
2500.0,3.256360282535178,3.256360282535178,0.7196041574729889,4.122130363275109,33.52756873285418,33.5290380890287,33.521691308156086,0.0001149,True,True,False,False,phase6r_full_state_pure_reduced
2505.0,3.246645264432506,3.246645264432506,0.7205060033797757,4.122559341949734,33.511556217496285,33.51302192085584,33.505693404058064,6.19e-05,True,True,False,False,phase6r_full_state_pure_reduced
2510.0,3.237001296861504,3.237001296861504,0.7214051704066816,4.12298724441255,33.49541877596164,33.49688082050689,33.48957059778063,4.61e-05,True,True,False,False,phase6r_full_state_pure_reduced
2515.0,3.2274227152044985,3.2274227152044985,0.7223016767164606,4.1234139488034804,33.47915924597443,33.48061762546001,33.47332572803211,3.86e-05,True,True,False,False,phase6r_full_state_pure_reduced
2520.0,3.217903938227425,3.217903938227425,0.7231955389215238,4.123839330102896,33.46278033297171,33.46423504089737,33.45696150126906,3.71e-05,True,True,False,False,phase6r_full_state_pure_reduced
2525.0,3.208439476080595,3.208439476080595,0.7240867721093239,4.124263260622398,33.44628461297721,33.44773564258044,33.44048049456429,3.7300000000000005e-05,True,True,False,False,phase6r_full_state_pure_reduced
2530.0,3.1990239374404155,3.1990239374404155,0.7249753898697241,4.124685610463585,33.42967453562012,33.43112187987013,33.423885158620074,3.63e-05,True,True,False,False,phase6r_full_state_pure_reduced
2535.0,3.1896520359148934,3.1896520359148934,0.7258614043241449,4.125106247948596,33.41295242727973,33.41439607887275,33.407177820907634,3.44e-05,True,True,False,False,phase6r_full_state_pure_reduced
2540.0,3.180318595820238,3.180318595820238,0.7267448261563172,4.125525040025856,33.39612049433962,33.39756044569539,33.390360688916545,5.520000000000001e-05,True,True,False,False,phase6r_full_state_pure_reduced
2545.0,3.171018557421998,3.171018557421998,0.72762566464449,4.12594185265403,33.37918082653742,33.380617069796834,33.373435853499785,9.16e-05,True,True,False,False,phase6r_full_state_pure_reduced
2550.0,3.1617469817217065,3.1617469817217065,0.7285039276949682,4.1263565511668245,33.36213540039791,33.36356792742177,33.35640529230248,5.6300000000000006e-05,True,True,False,False,phase6r_full_state_pure_reduced
2555.0,3.1524990548588003,3.1524990548588003,0.7293796218768734,4.126769000621004,33.344986082739105,33.34641488510793,33.339270873263786,0.00031,True,True,False,False,phase6r_full_state_pure_reduced
2560.0,3.1432700921876924,3.1432700921876924,0.7302527524580367,4.127179066129659,33.327734634242375,33.32915970325724,33.322034358182925,0.00011240000000000001,True,True,False,False,phase6r_full_state_pure_reduced
2565.0,3.1340555420809415,3.1340555420809415,0.7311233234419481,4.127586613182477,33.31038271307876,33.31180403976306,33.30469740634155,9.230000000000001e-05,True,True,False,False,phase6r_full_state_pure_reduced
2570.0,3.1248509895014784,3.1248509895014784,0.7319913376056985,4.127991507954598,33.29293187858472,33.29434945368696,33.28726157817575,6.97e-05,True,True,False,False,phase6r_full_state_pure_reduced
2575.0,3.115652159379839,3.115652159379839,0.7328567965388595,4.128393617605337,33.27538359498152,33.27679740897898,33.26972833899167,6.96e-05,True,True,False,False,phase6r_full_state_pure_reduced
2580.0,3.106454919825985,3.106454919825985,0.7337197006832556,4.128792810567911,33.257739235132924,33.25914927823626,33.25209906271958,5.56e-05,True,True,False,False,phase6r_full_state_pure_reduced
2585.0,3.0972552851997435,3.0972552851997435,0.7345800493735889,4.129188956831118,33.24000008433664,33.24140634649534,33.234375035701845,5.2100000000000006e-05,True,True,False,False,phase6r_full_state_pure_reduced
2590.0,3.0880494190588665,3.0880494190588665,0.735437840878883,4.129581928213738,33.222167344145305,33.223569815054034,33.2165574605104,8.180000000000001e-05,True,True,False,False,phase6r_full_state_pure_reduced
2595.0,3.078833636999301,3.078833636999301,0.7362930724447161,4.129971598632297,33.20424213621316,33.20564080531895,33.19864745979002,4.3100000000000004e-05,True,True,False,False,phase6r_full_state_pure_reduced
2600.0,3.06960440939833,3.06960440939833,0.7371457403362156,4.130357844362706,33.1862255061648,33.18762036267506,33.180646080123765,7.42e-05,True,True,False,False,phase6r_full_state_pure_reduced
2605.0,3.06035836406786,3.06035836406786,0.73799583988179,4.130740544296137,33.168118427482675,33.169509460374044,33.162554295917204,3.7300000000000005e-05,True,True,False,False,phase6r_full_state_pure_reduced
2610.0,3.051092288821878,3.051092288821878,0.7388433655175738,4.1311195801894405,33.1499218054099,33.15130900343787,33.14437301329804,3.63e-05,True,True,False,False,phase6r_full_state_pure_reduced
2615.0,3.041803133959584,3.041803133959584,0.7396883108325626,4.13149483691026,33.13163648086528,33.13301983257461,33.12610307402795,4.2000000000000004e-05,True,True,False,False,phase6r_full_state_pure_reduced
2620.0,3.032488014663205,3.032488014663205,0.7405306686144135,4.131866202676957,33.11326323436708,33.11464272810302,33.10774525942333,3.83e-05,True,True,False,False,phase6r_full_state_pure_reduced
2625.0,3.023144213307359,3.023144213307359,0.7413704308958878,4.132233569293333,33.09480278996253,33.09617841388271,33.089300294281784,4.24e-05,True,True,False,False,phase6r_full_state_pure_reduced
2630.0,3.013769181675102,3.013769181675102,0.7422075890019086,4.13259683237811,33.07625581915935,33.07762756124651,33.070768850810715,3.71e-05,True,True,False,False,phase6r_full_state_pure_reduced
2635.0,3.0043605430739824,3.0043605430739824,0.7430421335972069,4.1329558915890345,33.05762294485612,33.05899079293144,33.05215155255486,3.6700000000000004e-05,True,True,False,False,phase6r_full_state_pure_reduced
2640.0,2.9949160943441377,2.9949160943441377,0.7438740547345247,4.133310650841424,33.03890474526765,33.04026868700484,33.03344897831889,3.52e-05,True,True,False,False,phase6r_full_state_pure_reduced
2645.0,2.98543380774907,2.98543380774907,0.7447033419033439,4.13366101852091,33.02010175784163,33.021461780781685,33.014661666081416,3.4500000000000005e-05,True,True,False,False,phase6r_full_state_pure_reduced
2650.0,2.975911832738705,2.975911832738705,0.7455299840791046,4.134006907690095,33.0012144831627,33.00257057472926,32.99579011689646,3.58e-05,True,True,False,False,phase6r_full_state_pure_reduced
2655.0,2.9663484975732715,2.9663484975732715,0.746353969772875,4.134348236288787,32.98224338883965,32.98359553635501,32.97683479877821,3.7000000000000005e-05,True,True,False,False,phase6r_full_state_pure_reduced
2660.0,2.9567423107957493,2.9567423107957493,0.7471752870814294,4.13468492732745,32.96318891337157,32.96453710407326,32.9577961505648,4.04e-05,True,True,False,False,phase6r_full_state_pure_reduced
2665.0,2.9470919625397483,2.9470919625397483,0.7479939237376905,4.135016909073436,32.944051469988274,32.9453956910462,32.93867458575657,3.8700000000000006e-05,True,True,False,False,phase6r_full_state_pure_reduced
2670.0,2.9373963256591566,2.9373963256591566,0.7488098671614847,4.135344115229573,32.92483145046045,32.92617168899456,32.91947049632404,3.7300000000000005e-05,True,True,False,False,phase6r_full_state_pure_reduced
2675.0,2.9276544566651665,2.9276544566651665,0.7496231045105584,4.135666485104611,32.90552922887442,32.90686547197285,32.90018425648071,3.91e-05,True,True,False,False,phase6r_full_state_pure_reduced
2680.0,2.917865596455872,2.917865596455872,0.7504336227317961,4.135983963775043,32.886145165366536,32.88747740010424,32.880816226415725,3.94e-05,True,True,False,False,phase6r_full_state_pure_reduced
2685.0,2.9080291708232022,2.9080291708232022,0.7512414086125804,4.136296502237744,32.86667960981178,32.86800782326955,32.86136675598073,3.61e-05,True,True,False,False,phase6r_full_state_pure_reduced
2690.0,2.89814479072157,2.89814479072157,0.7520464488322253,4.136604057552888,32.847132905461194,32.848457084745036,32.84183618832583,3.54e-05,True,True,False,False,phase6r_full_state_pure_reduced
2695.0,2.8882122522823774,2.8882122522823774,0.7528487300134148,4.136906592976553,32.827505392522234,32.828825524783134,32.822224863478624,3.2000000000000005e-05,True,True,False,False,phase6r_full_state_pure_reduced
2700.0,2.8782315365583875,2.8782315365583875,0.7536482387735699,4.1372040780824255,32.807797411676475,32.8091134841304,32.802533121860755,3.65e-05,True,True,False,False,phase6r_full_state_pure_reduced
2705.0,2.868202808981814,2.868202808981814,0.7544449617760649,4.137496488871996,32.78800930752842,32.78932130747659,32.782761307735754,3.2500000000000004e-05,True,True,False,False,phase6r_full_state_pure_reduced
2710.0,2.858126418520097,2.858126418520097,0.7552388857812093,4.137783807872605,32.76814143197944,32.76944934682875,32.762909772582184,3.97e-05,True,True,False,False,phase6r_full_state_pure_reduced
2715.0,2.8480028965134334,2.8480028965134334,0.7560299976969075,4.138066024222746,32.74819414752038,32.749497964804036,32.74297887838575,3.83e-05,True,True,False,False,phase6r_full_state_pure_reduced
2720.0,2.837832955178378,2.837832955178378,0.7568182846289014,4.138343133743949,32.72816783043675,32.72946753783493,32.72296900084404,3.66e-05,True,True,False,False,phase6r_full_state_pure_reduced
2725.0,2.8276174857622935,2.8276174857622935,0.7576037339305021,4.138615138998642,32.70806287391976,32.709358459280324,32.702880532477494,3.48e-05,True,True,False,False,phase6r_full_state_pure_reduced
2730.0,2.817357556334067,2.817357556334067,0.758386333251706,4.138882049333353,32.687879691076894,32.689171142436116,32.68271388564,3.48e-05,True,True,False,False,phase6r_full_state_pure_reduced
2735.0,2.8070544091970198,2.8070544091970198,0.7591660705875941,4.13914388090664,32.66761871783543,32.6689060234386,32.66246949542274,3.37e-05,True,True,False,False,phase6r_full_state_pure_reduced
2740.0,2.7967094579112093,2.7967094579112093,0.7599429343259028,4.13940065670116,32.647280415732375,32.6485635640543,32.642147822444684,3.55e-05,True,True,False,False,phase6r_full_state_pure_reduced
2745.0,2.7863242839132054,2.7863242839132054,0.7607169132936564,4.139652406519292,32.62686527458437,32.628144254349664,32.62174935552319,3.5900000000000005e-05,True,True,False,False,phase6r_full_state_pure_reduced
2750.0,2.775900632722847,2.775900632722847,0.7614879968027461,4.139899166961792,32.60637381503111,32.60764861523427,32.60127461421851,5.47e-05,True,True,False,False,phase6r_full_state_pure_reduced
2755.0,2.765440409728205,2.765440409728205,0.7622561746943373,4.140140981388966,32.58580659094604,32.587077200871136,32.580724151245676,4.33e-05,True,True,False,False,phase6r_full_state_pure_reduced
2760.0,2.7549456755416357,2.7549456755416357,0.7630214373819877,4.140377899863943,32.56516419170804,32.566430600948124,32.56009855474771,4.64e-05,True,True,False,False,phase6r_full_state_pure_reduced
2765.0,2.7444186409219724,2.7444186409219724,0.7637837758933549,4.1406099790776185,32.54444724432837,32.545709442804394,32.53939845042426,8.520000000000001e-05,True,True,False,False,phase6r_full_state_pure_reduced
2770.0,2.733861661260219,2.733861661260219,0.7645431819103716,4.14083728225497,32.523656415426885,32.52491439340615,32.51862450350984,4.0100000000000006e-05,True,True,False,False,phase6r_full_state_pure_reduced
2775.0,2.723277230628788,2.723277230628788,0.7652996478077685,4.141059879042507,32.50279241305237,32.50404616116639,32.49777742059628,3.99e-05,True,True,False,False,phase6r_full_state_pure_reduced
2780.0,2.7126679753968737,2.7126679753968737,0.7660531666898232,4.141277845376668,32.4818559883416,32.48310549760342,32.47685795129433,3.8400000000000005e-05,True,True,False,False,phase6r_full_state_pure_reduced
2785.0,2.7020366474179855,2.7020366474179855,0.766803732425217,4.141491263333114,32.46084793701269,32.462093198833465,32.45586688972958,3.8700000000000006e-05,True,True,False,False,phase6r_full_state_pure_reduced
2790.0,2.691386116798574,2.691386116798574,0.7675513396798833,4.141700220956968,32.43976910068827,32.44101010689319,32.4348050758686,3.74e-05,True,True,False,False,phase6r_full_state_pure_reduced
2795.0,2.680719364260389,2.680719364260389,0.7682959839477335,4.141904812074119,32.41862036804482,32.419857110888195,32.41367339667133,4.1e-05,True,True,False,False,phase6r_full_state_pure_reduced
2800.0,2.670039473112656,2.670039473112656,0.7690376615791537,4.142105136083899,32.3974026757848,32.39863514796437,32.39247278706651,3.94e-05,True,True,False,False,phase6r_full_state_pure_reduced
2805.0,2.6593496208540017,2.6593496208540017,0.7697763698071687,4.142301297733499,32.376117009429024,32.37734520409938,32.3712042307476,3.83e-05,True,True,False,False,phase6r_full_state_pure_reduced
2810.0,2.6486530704277422,2.6486530704277422,0.7705121067711764,4.142493406874664,32.35476440392719,32.355988314712256,32.34986876078693,3.8e-05,True,True,False,False,phase6r_full_state_pure_reduced
2815.0,2.637953161158098,2.637953161158098,0.7712448715381648,4.1426815782033435,32.333345944085245,32.334565565089825,32.328467460066925,3.8900000000000004e-05,True,True,False,False,phase6r_full_state_pure_reduced
2820.0,2.62725329939858,2.62725329939858,0.7719746641213311,4.142865930983066,32.3118627648089,32.313078090629226,32.30700146152762,3.79e-05,True,True,False,False,phase6r_full_state_pure_reduced
2825.0,2.6165569489275775,2.6165569489275775,0.7727014854960332,4.143046588753021,32.29031605116356,32.29152707689678,32.285471948230665,3.9200000000000004e-05,True,True,False,False,phase6r_full_state_pure_reduced
2830.0,2.605867621129682,2.605867621129682,0.7734253376130137,4.1432236790218955,32.26870703825137,32.26991375950404,32.26388015324069,3.65e-05,True,True,False,False,phase6r_full_state_pure_reduced
2835.0,2.5951888650046095,2.5951888650046095,0.7741462234088483,4.143397332948686,32.24703701090741,32.248239423802836,32.24222735932573,3.69e-05,True,True,False,False,phase6r_full_state_pure_reduced
2840.0,2.5845242570486713,2.5845242570486713,0.7748641468135841,4.143567685011837,32.225307303217285,32.22650540440179,32.22051489847926,4.0600000000000004e-05,True,True,False,False,phase6r_full_state_pure_reduced
2845.0,2.57387739105632,2.57387739105632,0.7755791127555441,4.143734872668155,32.20351929785971,32.20471308450783,32.198744151267235,3.88e-05,True,True,False,False,phase6r_full_state_pure_reduced
2850.0,2.563251867891749,2.563251867891749,0.7762911271632918,4.143899036003078,32.181674425278324,32.182863895096816,32.176916546004364,3.97e-05,True,True,False,False,phase6r_full_state_pure_reduced
2855.0,2.5526512852821295,2.5526512852821295,0.7770001969647591,4.144060317373961,32.159774162687725,32.160959313918504,32.155033557764625,3.52e-05,True,True,False,False,phase6r_full_state_pure_reduced
2860.0,2.5420792276855133,2.5420792276855133,0.7777063300835606,4.144218861048142,32.137820032919734,32.13900086434166,32.13309670723201,3.58e-05,True,True,False,False,phase6r_full_state_pure_reduced
2865.0,2.53153925628704,2.53153925628704,0.7784095354325292,4.1443748128376035,32.115813603116464,32.116990114046075,32.111107559398036,3.63e-05,True,True,False,False,phase6r_full_state_pure_reduced
2870.0,2.5210348991772165,2.5210348991772165,0.7791098229045229,4.144528319732101,32.09375648327783,32.0949286735689,32.08906772211353,3.8e-05,True,True,False,False,phase6r_full_state_pure_reduced
2875.0,2.510569641765568,2.510569641765568,0.7798072033605689,4.144679529532665,32.07165032467141,32.072818194713534,32.066978844502934,3.79e-05,True,True,False,False,phase6r_full_state_pure_reduced
2880.0,2.500146917481782,2.500146917481782,0.7805016886154249,4.1448285904873865,32.049496818113816,32.05066036882986,32.044842615249664,3.58e-05,True,True,False,False,phase6r_full_state_pure_reduced
2885.0,2.489770098814607,2.489770098814607,0.7811932914206512,4.144975650931384,32.027297692132684,32.02845692497529,32.02266076076228,4.33e-05,True,True,False,False,phase6r_full_state_pure_reduced
2890.0,2.4794424887365603,2.4794424887365603,0.7818820254453003,4.145120858932833,32.0050547110195,32.00620962796658,32.000435043231164,4.13e-05,True,True,False,False,phase6r_full_state_pure_reduced
2895.0,2.4691673125592546,2.4691673125592546,0.7825679052543445,4.145264361946871,31.982769672783533,31.983920276332867,31.978167258586204,3.58e-05,True,True,False,False,phase6r_full_state_pure_reduced
2900.0,2.458947710260836,2.458947710260836,0.7832509462849725,4.14540630647914,31.960444407017842,31.961590700180725,31.955859234366304,0.00024650000000000003,True,True,False,False,phase6r_full_state_pure_reduced
2905.0,2.448786729322812,2.448786729322812,0.7839311648208955,4.1455468377606035,31.93808077268819,31.939222758982297,31.93351282751175,4.1500000000000006e-05,True,True,False,False,phase6r_full_state_pure_reduced
2910.0,2.4386873181091753,2.4386873181091753,0.7846085779648148,4.145686099435196,31.915680655856445,31.916818339297883,31.911129922090694,4.08e-05,True,True,False,False,phase6r_full_state_pure_reduced
2915.0,2.4286523198158205,2.4286523198158205,0.785283203609208,4.145824233261746,31.89324596734972,31.89437935244434,31.888712426971246,3.7000000000000005e-05,True,True,False,False,phase6r_full_state_pure_reduced
2920.0,2.4186844670131205,2.4186844670131205,0.7859550604056005,4.145961378831419,31.870778640386682,31.871907732120725,31.866262273450502,4.02e-05,True,True,False,False,phase6r_full_state_pure_reduced
2925.0,2.408786376799248,2.408786376799248,0.7866241677324891,4.14609767330185,31.848280628172454,31.84940543200259,31.84378141285191,4.2900000000000006e-05,True,True,False,False,phase6r_full_state_pure_reduced
2930.0,2.3989605465762924,2.3989605465762924,0.7872905456620937,4.146233251148915,31.825753901473306,31.826874423316085,31.821271814102186,3.93e-05,True,True,False,False,phase6r_full_state_pure_reduced
2935.0,2.3892093504557996,2.3892093504557996,0.7879542149261092,4.146368243936966,31.803200446182036,31.80431669240287,31.798735461298698,3.29e-05,True,True,False,False,phase6r_full_state_pure_reduced
2940.0,2.3795350362949117,2.3795350362949117,0.7886151968806355,4.146502780108128,31.7806222608848,31.781734238286496,31.77617435127803,3.76e-05,True,True,False,False,phase6r_full_state_pure_reduced
2945.0,2.3699397233590105,2.3699397233590105,0.7892735134704575,4.1466369847911775,31.75802135443954,31.75912907025044,31.75359049119593,3.2200000000000003e-05,True,True,False,False,phase6r_full_state_pure_reduced
2950.0,2.360425400601664,2.360425400601664,0.7899291871928469,4.146770979630222,31.735399743575844,31.736503205437693,31.730985896128438,3.1e-05,True,True,False,False,phase6r_full_state_pure_reduced
2955.0,2.350993925547983,2.350993925547983,0.7905822410610547,4.146904882633365,31.71275945052555,31.713858666481055,31.70836258670353,3.16e-05,True,True,False,False,phase6r_full_state_pure_reduced
2960.0,2.341647023762934,2.341647023762934,0.7912326985676555,4.147038808041253,31.690102500692756,31.691197479172967,31.68572258677192,3.19e-05,True,True,False,False,phase6r_full_state_pure_reduced
2965.0,2.33238628888222,2.33238628888222,0.7918805836479006,4.147172866215383,31.667430920371295,31.668521670182834,31.663067921125148,3.4e-05,True,True,False,False,phase6r_full_state_pure_reduced
2970.0,2.323213183179707,2.323213183179707,0.7925259206432282,4.147307163545749,31.644746734517174,31.64583326482937,31.640400613268397,3.3100000000000005e-05,True,True,False,False,phase6r_full_state_pure_reduced
2975.0,2.3141290386422435,2.3141290386422435,0.7931687342650733,4.147441802377406,31.622051964582695,31.623134284914673,31.617722683254797,3.13e-05,True,True,False,False,phase6r_full_state_pure_reduced
2980.0,2.3051350585201167,2.3051350585201167,0.7938090495591067,4.147576880955361,31.59934862641835,31.60042674662611,31.595036145587322,3.12e-05,True,True,False,False,phase6r_full_state_pure_reduced
2985.0,2.296232319319203,2.296232319319203,0.7944468918700287,4.147712493387035,31.576638728247804,31.577712658511356,31.572343007193606,3.16e-05,True,True,False,False,phase6r_full_state_pure_reduced
2990.0,2.2874217731992976,2.2874217731992976,0.7950822868070285,4.147848729621561,31.55392426872071,31.554994019531293,31.54964526547839,3.03e-05,True,True,False,False,phase6r_full_state_pure_reduced
2995.0,2.2787042507419226,2.2787042507419226,0.7957152602100124,4.147985675445014,31.531207235047226,31.532272817194638,31.52694490645758,3.4500000000000005e-05,True,True,False,False,phase6r_full_state_pure_reduced
3000.0,2.270080464050249,2.270080464050249,0.796345838116693,4.148123412490629,31.508489601217548,31.50955102577765,31.50424390297715,3.63e-05,True,True,False,False,phase6r_full_state_pure_reduced
3005.0,2.261551010143549,2.261551010143549,0.7969740467306218,4.148262018263038,31.48577332630911,31.486830604631493,31.481544213019593,4.43e-05,True,True,False,False,phase6r_full_state_pure_reduced
3010.0,2.253116374608755,2.253116374608755,0.7975999123902353,4.148401566175483,31.46306035288333,31.464113496579216,31.45884777809978,4.55e-05,True,True,False,False,phase6r_full_state_pure_reduced
3015.0,2.2447769354723164,2.2447769354723164,0.7982234615389776,4.1485421255989605,31.440352605473308,31.441401626403696,31.436156521751762,3.2000000000000005e-05,True,True,False,False,phase6r_full_state_pure_reduced
3020.0,2.2365329672564043,2.2365329672564043,0.7988447206965489,4.148683761922253,31.417651989163296,31.41869689942733,31.413472348107142,2.9500000000000002e-05,True,True,False,False,phase6r_full_state_pure_reduced
3025.0,2.228384645184736,2.228384645184736,0.7994637164313224,4.148826536621757,31.394960388260046,31.396001200183722,31.39079714056535,3.08e-05,True,True,False,False,phase6r_full_state_pure_reduced
3030.0,1.9306208472394726,2.2203320495047727,0.8,4.1419050016869745,31.36891492550191,31.369931970007176,31.36484674748086,2.89e-05,True,True,False,True,phase6r_full_state_pure_reduced
