time_s,charge_current_a,raw_requested_current_a,soc,terminal_voltage_v,average_temperature_c,core_temperature_c,surface_temperature_c,evaluation_time_s,optimizer_success,prediction_feasible,used_fallback,target_current_cap_active,source
0.0,0.0,0.0,0.1,3.2959070147319616,25.0,25.0,25.0,0.0,True,True,False,False,phase6r_full_state_feasible_interval_reduced
5.0,1.999006726334101,1.999006726334101,0.10055527964620392,3.3454809682947,25.006997502959152,25.00703843397054,25.00683377891361,0.0001216,True,True,False,False,phase6r_full_state_feasible_interval_reduced
10.0,3.9970084327894995,3.9970084327894995,0.10166555976642323,3.400749261436504,25.036470745225433,25.036644424684596,25.035776027388774,6.75e-05,True,True,False,False,phase6r_full_state_feasible_interval_reduced
15.0,5.994984398668481,5.994984398668481,0.10333083321049781,3.4608250494006927,25.105628621089537,25.106039819916514,25.103983825781615,5.6800000000000005e-05,True,True,False,False,phase6r_full_state_feasible_interval_reduced
20.0,7.9929104825405375,7.9929104825405375,0.10555108612231463,3.5250118683250538,25.232914813620873,25.233678672293212,25.2298593789315,6.500000000000001e-05,True,True,False,False,phase6r_full_state_feasible_interval_reduced
25.0,9.87319160930283,9.87319160930283,0.10829363934712097,3.589855684563799,25.433202283110376,25.434416428234087,25.428345702615527,6.41e-05,True,True,False,False,phase6r_full_state_feasible_interval_reduced
30.0,9.519679856001767,9.519679856001767,0.11093799486267701,3.60216433561975,25.631240132547717,25.632477742350257,25.626289693337544,8.37e-05,True,True,False,False,phase6r_full_state_feasible_interval_reduced
35.0,9.359984158635024,9.359984158635024,0.11353799046229784,3.615496111272519,25.831054436199874,25.832338650739924,25.82591757803967,7.24e-05,True,True,False,False,phase6r_full_state_feasible_interval_reduced
40.0,9.194609032496057,9.194609032496057,0.11609204852688008,3.626271542817489,26.030345648433713,26.03166334157887,26.02507487585309,6.31e-05,True,True,False,False,phase6r_full_state_feasible_interval_reduced
45.0,9.0160996541309,9.0160996541309,0.11859652065302756,3.63481389808094,26.227053389727182,26.22839241393698,26.221697292887985,6.25e-05,True,True,False,False,phase6r_full_state_feasible_interval_reduced
50.0,8.842553320607076,8.842553320607076,0.1210527854643073,3.6419309262257835,26.42019604756284,26.421550188639287,26.414779483257057,6.26e-05,True,True,False,False,phase6r_full_state_feasible_interval_reduced
55.0,8.684087420577844,8.684087420577844,0.12346503197002337,3.648191743188451,26.60948920298973,26.61085614536103,26.604021433504528,0.00010850000000000001,True,True,False,False,phase6r_full_state_feasible_interval_reduced
60.0,8.541611455963446,8.541611455963446,0.1258377018189021,3.6538887798032014,26.794920083767664,26.79629904880276,26.78940422362729,7.87e-05,True,True,False,False,phase6r_full_state_feasible_interval_reduced
65.0,8.412801639060332,8.412801639060332,0.12817459116308552,3.6591745111236955,26.976559686725945,26.977950383449723,26.970996899830823,7.33e-05,True,True,False,False,phase6r_full_state_feasible_interval_reduced
70.0,8.295171231429544,8.295171231429544,0.13047880539403817,3.664143560563818,27.154506896385755,27.155909209929682,27.148897642210052,7.02e-05,True,True,False,False,phase6r_full_state_feasible_interval_reduced
75.0,8.186762998737679,8.186762998737679,0.13275290622702085,3.6688622215642677,27.328872885601744,27.330286791058008,27.323217263776687,6.85e-05,True,True,False,False,phase6r_full_state_feasible_interval_reduced
80.0,8.086151454364392,8.086151454364392,0.13499905940878873,3.6733796941126373,27.499776156967748,27.501201692631962,27.4940740143109,6.98e-05,True,True,False,False,phase6r_full_state_feasible_interval_reduced
85.0,7.992278835676434,7.992278835676434,0.1372191368631433,3.677732544571052,27.667338894602533,27.668776141974377,27.661589905115164,7.780000000000001e-05,True,True,False,False,phase6r_full_state_feasible_interval_reduced
90.0,7.900597468283043,7.900597468283043,0.1394137472709997,3.681855432813017,27.83154648337369,27.832994746105605,27.82575343244603,6.560000000000001e-05,True,True,False,False,phase6r_full_state_feasible_interval_reduced
95.0,7.776542904104882,7.776542904104882,0.1415738980776955,3.684919806328345,27.9911406179584,27.992591922223873,27.985335400896503,6.55e-05,True,True,False,False,phase6r_full_state_feasible_interval_reduced
100.0,7.661022927763532,7.661022927763532,0.14370196000207425,3.687861748310644,28.146344352899263,28.147799159827006,28.140525125188283,7.93e-05,True,True,False,False,phase6r_full_state_feasible_interval_reduced
105.0,7.554799128249356,7.554799128249356,0.14580051531547686,3.6907505566569223,28.29743484708154,28.298893975037103,28.29159833525929,0.0002475,True,True,False,False,phase6r_full_state_feasible_interval_reduced
110.0,7.456287165664054,7.456287165664054,0.14787170619482798,3.693590171546992,28.44465176650043,28.446115865220168,28.43879537162147,7.780000000000001e-05,True,True,False,False,phase6r_full_state_feasible_interval_reduced
115.0,7.364009922032407,7.364009922032407,0.14991726450650364,3.696375277220368,28.588194701414,28.589664230042754,28.58231658689898,7.170000000000001e-05,True,True,False,False,phase6r_full_state_feasible_interval_reduced
120.0,7.276719591343166,7.276719591343166,0.15193857550409895,3.699097162189409,28.728226965921955,28.729702207909927,28.722325997970064,6.94e-05,True,True,False,False,phase6r_full_state_feasible_interval_reduced
125.0,7.19340264373159,7.19340264373159,0.1539367429051355,3.7017463432489244,28.864881040031687,28.86636212833353,28.85895668682431,0.00014140000000000002,True,True,False,False,phase6r_full_state_feasible_interval_reduced
130.0,7.113268889909053,7.113268889909053,0.15591265093011025,3.704314243990831,28.9982646332812,28.999751580185936,28.992316845662245,6.510000000000001e-05,True,True,False,False,phase6r_full_state_feasible_interval_reduced
135.0,7.03572776818607,7.03572776818607,0.15786701975460637,3.70679409927393,29.128466595477754,29.129959322653214,29.12249568677592,6.230000000000001e-05,True,True,False,False,phase6r_full_state_feasible_interval_reduced
140.0,6.960356816801614,6.960356816801614,0.15980045220371794,3.7091812841412857,29.255562170127654,29.257060535900905,29.249568707034655,6.3e-05,True,True,False,False,phase6r_full_state_feasible_interval_reduced
145.0,6.886867876580425,6.886867876580425,0.16171347105832362,3.711473272005499,29.379617348757513,29.381121171096755,29.37360205940055,5.97e-05,True,True,False,False,phase6r_full_state_feasible_interval_reduced
150.0,6.81507492224964,6.81507492224964,0.1636065474256152,3.7136693829273697,29.500692271047022,29.50220134575831,29.49465597220186,6.09e-05,True,True,False,False,phase6r_full_state_feasible_interval_reduced
155.0,6.744865678863908,6.744865678863908,0.16548012122529962,3.7157704340223927,29.618843728338028,29.620357842639102,29.612787271133726,5.94e-05,True,True,False,False,phase6r_full_state_feasible_interval_reduced
160.0,6.676177974100528,6.676177974100528,0.1673346151069942,3.717778366000426,29.734126888356574,29.73564583035306,29.728051120370623,6.77e-05,True,True,False,False,phase6r_full_state_feasible_interval_reduced
165.0,6.608981039978246,6.608981039978246,0.16917044317365484,3.719695892593086,29.846596385391578,29.848119950156935,29.840502126330165,4.6800000000000006e-05,True,True,False,False,phase6r_full_state_feasible_interval_reduced
170.0,6.543261524274035,6.543261524274035,0.17098801581928652,3.7215261998030273,29.95630692448616,29.957834917498232,29.950194952437865,6.99e-05,True,True,False,False,phase6r_full_state_feasible_interval_reduced
175.0,6.47901368533043,6.47901368533043,0.17278774184298942,3.7232727071373968,30.06331353788418,30.064845776538206,30.057184583268086,3.44e-05,True,True,False,False,phase6r_full_state_feasible_interval_reduced
180.0,6.416233076457457,6.416233076457457,0.17457002880867206,3.724938892219179,30.167671612588883,30.169207926418498,30.161526357270425,6.510000000000001e-05,True,True,False,False,phase6r_full_state_feasible_interval_reduced
185.0,6.354912960188496,6.354912960188496,0.17633528240872443,3.726528172975528,30.269436784069317,30.27097701418969,30.263275863587833,4.78e-05,True,True,False,False,phase6r_full_state_feasible_interval_reduced
190.0,6.29504271253188,6.29504271253188,0.17808390538442773,3.728043837573619,30.36866476668737,30.370208764848734,30.36248877404191,4.32e-05,True,True,False,False,phase6r_full_state_feasible_interval_reduced
195.0,6.236607560311932,6.236607560311932,0.17981629637340327,3.729489010812377,30.46541116905503,30.466958796577078,30.459220658966835,3.1700000000000005e-05,True,True,False,False,phase6r_full_state_feasible_interval_reduced
200.0,6.179589113837002,6.179589113837002,0.18153284890502466,3.7308666460461386,30.559731323881387,30.56128245063864,30.553526816852372,6.03e-05,True,True,False,False,phase6r_full_state_feasible_interval_reduced
205.0,6.123966287541253,6.123966287541253,0.1832339506515639,3.7321795331829626,30.65168014753769,30.653234651087594,30.645462133338057,7.890000000000001e-05,True,True,False,False,phase6r_full_state_feasible_interval_reduced
210.0,6.0697163242600585,6.0697163242600585,0.18491998296385836,3.73343031525813,30.741312034425974,30.742869799314903,30.735080974870268,7.64e-05,True,True,False,False,phase6r_full_state_feasible_interval_reduced
215.0,6.016815743333621,6.016815743333621,0.18659132067033993,3.7346215080992224,30.828680784708986,30.830241701954037,30.822437115728775,7.21e-05,True,True,False,False,phase6r_full_state_feasible_interval_reduced
220.0,5.965241114347635,5.965241114347635,0.18824833209099204,3.735755519412143,30.913839560285297,30.915403527008138,30.907583693393928,6.86e-05,True,True,False,False,phase6r_full_state_feasible_interval_reduced
225.0,5.914969617262209,5.914969617262209,0.18989137920689822,3.736834665103477,30.996840862301823,30.998407781480424,30.99057318558742,6.88e-05,True,True,False,False,phase6r_full_state_feasible_interval_reduced
230.0,5.865979388878654,5.865979388878654,0.19152081792603118,3.737861181784191,31.077736523303493,31.079306303605385,31.071457402095923,6.900000000000001e-05,True,True,False,False,phase6r_full_state_feasible_interval_reduced
235.0,5.818249679074413,5.818249679074413,0.19313699839244075,3.738837235198616,31.156577707778915,31.158150263442124,31.150287485126086,7.000000000000001e-05,True,True,False,False,phase6r_full_state_feasible_interval_reduced
240.0,5.771760852090351,5.771760852090351,0.1947402652957992,3.7397649248434948,31.233414915962314,31.234990166695432,31.227113913029854,6.85e-05,True,True,False,False,phase6r_full_state_feasible_interval_reduced
245.0,5.726494271981966,5.726494271981966,0.19633095814912752,3.7406462853445532,31.30829798701057,31.30987585788987,31.30198650349336,6.83e-05,True,True,False,False,phase6r_full_state_feasible_interval_reduced
250.0,5.682432110039304,5.682432110039304,0.19790941151302732,3.741483285299861,31.381276098906554,31.382856520254556,31.374954413514548,0.0001687,True,True,False,False,phase6r_full_state_feasible_interval_reduced
255.0,5.6395571077083595,5.6395571077083595,0.19947595515405742,3.7422778243289283,31.45239776353811,31.453980670773866,31.446066134595064,0.0005289,True,True,False,False,phase6r_full_state_feasible_interval_reduced
260.0,5.597852322846597,5.597852322846597,0.20103091413262592,3.74303387414667,31.521710816312982,31.523296149769557,31.515369482486683,9.39e-05,True,True,False,False,phase6r_full_state_feasible_interval_reduced
265.0,5.557300881043476,5.557300881043476,0.20257460882180467,3.743760545591465,31.589262400378164,31.5908501050866,31.582911581544437,0.0001028,True,True,False,False,phase6r_full_state_feasible_interval_reduced
270.0,5.517885747878488,5.517885747878488,0.20410735486288203,3.7444607206803595,31.655098946023656,31.65668897146592,31.648738844254623,0.00012130000000000001,True,True,False,False,phase6r_full_state_feasible_interval_reduced
275.0,5.479589532742615,5.479589532742615,0.20562946306642166,3.7451366306835485,31.719266146187422,31.720858446022767,31.712896946846048,6.2e-05,True,True,False,False,phase6r_full_state_feasible_interval_reduced
280.0,5.442394330393336,5.442394330393336,0.2071412392693087,3.7457903916516404,31.781808929166377,31.7834034609369,31.77543080208429,0.00014010000000000002,True,True,False,False,phase6r_full_state_feasible_interval_reduced
285.0,5.40628160280213,5.40628160280213,0.20864298415897595,3.7464240038363226,31.842771429707707,31.844368154529413,31.836384530420887,8.53e-05,True,True,False,False,phase6r_full_state_feasible_interval_reduced
290.0,5.371232101060767,5.371232101060767,0.21013499307593728,3.7470393519603458,31.902196959633528,31.903795841879397,31.895801430650053,8.240000000000001e-05,True,True,False,False,phase6r_full_state_feasible_interval_reduced
295.0,5.337225825066569,5.337225825066569,0.21161755580512243,3.7476382063683142,31.96012797906576,31.96172898604695,31.953723951140983,0.00010480000000000001,True,True,False,False,phase6r_full_state_feasible_interval_reduced
300.0,5.3042420173104325,5.3042420173104325,0.21309095636548644,3.7482222250358044,32.01660606918919,32.01820917083998,32.010193662586005,9.1e-05,True,True,False,False,phase6r_full_state_feasible_interval_reduced
305.0,5.272259186238851,5.272259186238851,0.21455547280610834,3.748792956374393,32.071671907337496,32.073277075908834,32.06525123305216,0.00016120000000000002,True,True,False,False,phase6r_full_state_feasible_interval_reduced
310.0,5.241255154247057,5.241255154247057,0.21601137701562143,3.7493518427428314,32.12536524502386,32.12697245478955,32.118936405961094,6.340000000000001e-05,True,True,False,False,phase6r_full_state_feasible_interval_reduced
315.0,5.211207125286044,5.211207125286044,0.21745893455042312,3.7499002245578574,32.177724889375725,32.17933411635457,32.171287981460345,0.0001354,True,True,False,False,phase6r_full_state_feasible_interval_reduced
320.0,5.18209176724341,5.18209176724341,0.2188984044857685,3.750439344890206,32.22878868828073,32.23039990997693,32.222343801495924,8.740000000000001e-05,True,True,False,False,phase6r_full_state_feasible_interval_reduced
325.0,5.153885304610303,5.153885304610303,0.2203300392926047,3.750970354430309,32.278593519411906,32.28020671457547,32.27214073875765,7.110000000000001e-05,True,True,False,False,phase6r_full_state_feasible_interval_reduced
330.0,5.126563617411355,5.126563617411355,0.22175408474188563,3.7514943167123307,32.32717528317938,32.32879043158747,32.32071468954702,7.010000000000001e-05,True,True,False,False,phase6r_full_state_feasible_interval_reduced
335.0,5.100102342899484,5.100102342899484,0.22317077983713549,3.75201221349302,32.37456889955355,32.37618598181321,32.36810057051494,0.0001496,True,True,False,False,phase6r_full_state_feasible_interval_reduced
340.0,5.074476977063821,5.074476977063821,0.22458035677520877,3.7525249501921603,32.42080830862148,32.42242730599357,32.414332319133116,9.130000000000001e-05,True,True,False,False,phase6r_full_state_feasible_interval_reduced
345.0,5.049662973536762,5.049662973536762,0.22598304093452454,3.7530333613130282,32.46592647467309,32.46754736891706,32.459442897697215,0.0002388,True,True,False,False,phase6r_full_state_feasible_interval_reduced
350.0,5.0256358379943835,5.0256358379943835,0.22737905088952298,3.7535382157734865,32.509955393565605,32.511578166804085,32.50346430061167,8.070000000000001e-05,True,True,False,False,phase6r_full_state_feasible_interval_reduced
355.0,5.002371216609628,5.002371216609628,0.22876859844969233,3.7540402220904623,32.55292610308124,32.55455073768358,32.546427564671895,7.76e-05,True,True,False,False,phase6r_full_state_feasible_interval_reduced
360.0,4.979844977531431,4.979844977531431,0.23015188872122883,3.7545400333721495,32.59486869597291,32.59649517445625,32.58836278203955,6.57e-05,True,True,False,False,phase6r_full_state_feasible_interval_reduced
365.0,4.958033284722353,4.958033284722353,0.23152912018920727,3.7550382520829864,32.63581233538324,32.63744064032993,32.62929911559651,7.400000000000001e-05,True,True,False,False,phase6r_full_state_feasible_interval_reduced
370.0,4.936912663791441,4.936912663791441,0.2329004848180382,3.755535434556145,32.675785272322045,32.67741538631185,32.669264816362826,6.85e-05,True,True,False,False,phase6r_full_state_feasible_interval_reduced
375.0,4.916460059710974,4.916460059710974,0.23426616816795792,3.756032095236802,32.71481486489404,32.716446770449856,32.70828724267078,6.93e-05,True,True,False,False,phase6r_full_state_feasible_interval_reduced
380.0,4.896652886508452,4.896652886508452,0.23562634952532138,3.756528710646798,32.75292759898125,32.75456127852678,32.74639288079915,7.400000000000001e-05,True,True,False,False,phase6r_full_state_feasible_interval_reduced
385.0,4.877469069184089,4.877469069184089,0.23698120204453918,3.7570257230675086,32.7901491101008,32.791784545928905,32.78360736678838,6.730000000000001e-05,True,True,False,False,phase6r_full_state_feasible_interval_reduced
390.0,4.858887078223802,4.858887078223802,0.23833089289960135,3.757523543942842,32.82650420617832,32.828141380428754,32.819955509176594,6.69e-05,True,True,False,False,phase6r_full_state_feasible_interval_reduced
395.0,4.840885957163921,4.840885957163921,0.239675583443258,3.758022557008411,32.86201689099834,32.863655785643566,32.85546131241745,7.120000000000001e-05,True,True,False,False,phase6r_full_state_feasible_interval_reduced
400.0,4.823445343721549,4.823445343721549,0.24101542937206955,3.7585231211561143,32.896710388114926,32.898350984952934,32.89014800076289,6.63e-05,True,True,False,False,phase6r_full_state_feasible_interval_reduced
405.0,4.806545485038523,4.806545485038523,0.24235058089569136,3.759025573045794,32.93060716502836,32.93224944568142,32.92403804241613,6.840000000000001e-05,True,True,False,False,phase6r_full_state_feasible_interval_reduced
410.0,4.790167247601602,4.790167247601602,0.24368118290891402,3.7595302294773565,32.96372895745551,32.96537290337387,32.95715317378206,6.82e-05,True,True,False,False,phase6r_full_state_feasible_interval_reduced
415.0,4.774292122400992,4.774292122400992,0.24500737516513652,3.7600373895378816,32.99609679354271,32.997742386012426,32.989514423663834,0.0001895,True,True,False,False,phase6r_full_state_feasible_interval_reduced
420.0,4.758902225876588,4.758902225876588,0.24632929245010224,3.76054733653891,33.0277310178904,33.02937823804447,33.021142137274126,5.17e-05,True,True,False,False,phase6r_full_state_feasible_interval_reduced
425.0,4.743980297179897,4.743980297179897,0.24764706475487444,3.761060339759348,33.05865131527747,33.06030014410961,33.05205599994894,4.88e-05,True,True,False,False,phase6r_full_state_feasible_interval_reduced
430.0,4.729509692251362,4.729509692251362,0.2489608174471665,3.7615766560093356,33.08887673399096,33.0905271523714,33.08227506046919,4.8100000000000004e-05,True,True,False,False,phase6r_full_state_feasible_interval_reduced
435.0,4.715474375180379,4.715474375180379,0.25027067144027215,3.7620965310301338,33.118425708682786,33.120077697375606,33.111817753911495,4.6800000000000006e-05,True,True,False,False,phase6r_full_state_feasible_interval_reduced
440.0,4.701858907279978,4.701858907279978,0.251576743358961,3.762620200744535,33.14731608268993,33.148969622371396,33.14070192396409,0.00014000000000000001,True,True,False,False,phase6r_full_state_feasible_interval_reduced
445.0,4.688648434271523,4.688648434271523,0.25287914570181425,3.763147892371648,33.17556512976737,33.1772202010449,33.16894484465723,6.120000000000001e-05,True,True,False,False,phase6r_full_state_feasible_interval_reduced
450.0,4.675828671937845,4.675828671937845,0.2541779869995748,3.763679825419147,33.20318957519497,33.204846158626495,33.196563241468866,0.00012040000000000001,True,True,False,False,phase6r_full_state_feasible_interval_reduced
455.0,4.663385890566814,4.663385890566814,0.2554733719691767,3.7642162125652368,33.23020561622991,33.23186369234317,33.22357331177686,5.33e-05,True,True,False,False,phase6r_full_state_feasible_interval_reduced
460.0,4.6513068984723285,4.6513068984723285,0.2567654016631968,3.7647572604417174,33.256628941885026,33.258288491196716,33.249990744638254,4.83e-05,True,True,False,False,phase6r_full_state_feasible_interval_reduced
465.0,4.639579024845967,4.639579024845967,0.25805417361454286,3.7653031703286715,33.28247475202165,33.28413575505617,33.27583073988356,4.91e-05,True,True,False,False,phase6r_full_state_feasible_interval_reduced
470.0,4.6281901021611915,4.6281901021611915,0.2593397819762543,3.7658541387704076,33.30775777575193,33.309420213059575,33.301108026521355,5.5700000000000005e-05,True,True,False,False,phase6r_full_state_feasible_interval_reduced
475.0,4.617128448322583,4.617128448322583,0.2606223176563439,3.766410358121464,33.33249228915168,33.33415614132616,33.32583688045375,4.86e-05,True,True,False,False,phase6r_full_state_feasible_interval_reduced
480.0,4.606382848725475,4.606382848725475,0.26190186844765656,3.7669720170306236,33.35669213228936,33.35835737998458,33.350031141508474,4.9000000000000005e-05,True,True,False,False,phase6r_full_state_feasible_interval_reduced
485.0,4.595942538366765,4.595942538366765,0.2631785191527584,3.7675393008701814,33.38037072558104,33.382037349527025,33.3737042297971,4.86e-05,True,True,False,False,phase6r_full_state_feasible_interval_reduced
490.0,4.585797184125206,4.585797184125206,0.2644523517039043,3.768112392116898,33.40354108548428,33.40520906650224,33.39686916141244,0.00011710000000000001,True,True,False,False,phase6r_full_state_feasible_interval_reduced
495.0,4.5759368673093475,4.5759368673093475,0.2657234452781569,3.7686914706904497,33.42621583954665,33.427885158563136,33.41953856348072,6.0700000000000005e-05,True,True,False,False,phase6r_full_state_feasible_interval_reduced
500.0,4.56635206655343,4.56635206655343,0.26699187640775507,3.7692767142545307,33.44840724082657,33.4500778788867,33.44172468858604,4.99e-05,True,True,False,False,phase6r_full_state_feasible_interval_reduced
505.0,4.557033641125561,4.557033641125561,0.2682577190858455,3.7698682984851763,33.47012718170574,33.47179911998553,33.463439428586554,4.9800000000000004e-05,True,True,False,False,phase6r_full_state_feasible_interval_reduced
510.0,4.547972814698502,4.547972814698502,0.26952104486770617,3.7704663973103743,33.49138720711366,33.49306042693143,33.4846943278426,4.9600000000000006e-05,True,True,False,False,phase6r_full_state_feasible_interval_reduced
515.0,4.539161159621262,4.539161159621262,0.27078192296760095,3.7710711831245156,33.51219852718538,33.51387301001222,33.50550059587803,5e-05,True,True,False,False,phase6r_full_state_feasible_interval_reduced
520.0,4.530590581719105,4.530590581719105,0.2720404203514118,3.7716828269808285,33.53257202937411,33.53424775684354,33.52586911949637,6.52e-05,True,True,False,False,phase6r_full_state_feasible_interval_reduced
525.0,4.522253305640468,4.522253305640468,0.2732966018252008,3.772301498764544,33.55251829004061,33.55419524395737,33.545810474373546,4.9500000000000004e-05,True,True,False,False,phase6r_full_state_feasible_interval_reduced
530.0,4.514141860761593,4.514141860761593,0.2745505301198568,3.7729273673491774,33.572047585541185,33.57372574788919,33.56533493614914,4.77e-05,True,True,False,False,phase6r_full_state_feasible_interval_reduced
535.0,4.506249067653152,4.506249067653152,0.2758022659719827,3.7735606007380227,33.59116990283576,33.592849255785296,33.58445249103759,4.8200000000000006e-05,True,True,False,False,phase6r_full_state_feasible_interval_reduced
540.0,4.4985680251077325,4.4985680251077325,0.2770518682011793,3.774201366192661,33.60989494963745,33.611575475551625,33.60317284598076,4.9000000000000005e-05,True,True,False,False,phase6r_full_state_feasible_interval_reduced
545.0,4.491092097722523,4.491092097722523,0.27829939378387997,3.774849830350069,33.628232164124384,33.62991384556486,33.621505438362476,6.790000000000001e-05,True,True,False,False,phase6r_full_state_feasible_interval_reduced
550.0,4.483814904027887,4.483814904027887,0.2795448979238877,3.7755061593296575,33.6461907242338,33.647873543965886,33.63945944530545,6.38e-05,True,True,False,False,phase6r_full_state_feasible_interval_reduced
555.0,4.476730305149737,4.476730305149737,0.2807884341197626,3.7761705188314414,33.663779556558296,33.66546349755539,33.65704379256991,4.83e-05,True,True,False,False,phase6r_full_state_feasible_interval_reduced
560.0,4.469832393991144,4.469832393991144,0.28203005422920463,3.7768430742263157,33.681007344862856,33.68269239031031,33.674267163073054,5.3400000000000004e-05,True,True,False,False,phase6r_full_state_feasible_interval_reduced
565.0,4.463115484917062,4.463115484917062,0.2832698085305705,3.7775239906393363,33.69788253824094,33.699568671539346,33.69113800504732,4.97e-05,True,True,False,False,phase6r_full_state_feasible_interval_reduced
570.0,4.4565741039247655,4.4565741039247655,0.2845077457816607,3.778213433026726,33.71441335892704,33.716100563695036,33.70766453985506,4.7600000000000005e-05,True,True,False,False,phase6r_full_state_feasible_interval_reduced
575.0,4.450202979281651,4.450202979281651,0.2857439132759056,3.778911566247264,33.73060780978233,33.73229606985888,33.72385476947609,7.91e-05,True,True,False,False,phase6r_full_state_feasible_interval_reduced
580.0,4.44399703261169,4.44399703261169,0.2869783568960755,3.7796185551285912,33.74647368146934,33.74816298091563,33.739716483684184,4.83e-05,True,True,False,False,phase6r_full_state_feasible_interval_reduced
585.0,4.437951370411412,4.437951370411412,0.2882111211656342,3.7803345645289284,33.76201855933087,33.763708882431686,33.75525726692761,4.89e-05,True,True,False,False,phase6r_full_state_feasible_interval_reduced
590.0,4.4320612759764435,4.4320612759764435,0.28944224929784984,3.781059759394589,33.77724982998739,33.7789411612522,33.77048450492816,4.8e-05,True,True,False,False,phase6r_full_state_feasible_interval_reduced
595.0,4.426322201719711,4.426322201719711,0.290671783242772,3.7817943048136575,33.79217468766687,33.7938670118305,33.78540539101238,7.22e-05,True,True,False,False,phase6r_full_state_feasible_interval_reduced
600.0,4.4207297618627175,4.4207297618627175,0.2918997637321783,3.7825383660661296,33.806800140279876,33.808493442302854,33.800026932187976,5.16e-05,True,True,False,False,phase6r_full_state_feasible_interval_reduced
605.0,4.415279725481868,4.415279725481868,0.29312623032258994,3.7832921086707807,33.8211330152523,33.82282728032093,33.81435595497779,0.0001404,True,True,False,False,phase6r_full_state_feasible_interval_reduced
610.0,4.4099680098922125,4.4099680098922125,0.2943512214364489,3.7840556984289884,33.8351799651275,33.8368751786536,33.8283991110231,5.9900000000000006e-05,True,True,False,False,phase6r_full_state_feasible_interval_reduced
615.0,4.404790674351669,4.404790674351669,0.29557477440154656,3.7848293014657237,33.84894747294882,33.85064362056925,33.84216288246712,5.3e-05,True,True,False,False,phase6r_full_state_feasible_interval_reduced
620.0,4.399743914069359,4.399743914069359,0.29679692548878805,3.785613084267873,33.862441857433055,33.86413892500895,33.85565358712945,0.0001066,True,True,False,False,phase6r_full_state_feasible_interval_reduced
625.0,4.394824054502467,4.394824054502467,0.29801770994837207,3.7864072137200644,33.87566927794465,33.877367251560514,33.86887738348119,5.14e-05,True,True,False,False,phase6r_full_state_feasible_interval_reduced
630.0,4.390027545926578,4.390027545926578,0.29923716204446277,3.7872118571381317,33.88863573928026,33.89033460524278,33.88184027543021,0.0001045,True,True,False,False,phase6r_full_state_feasible_interval_reduced
635.0,4.385350958265317,4.385350958265317,0.3004553150884254,3.788026573977501,33.901347096272275,33.903046841108974,33.894548116925485,6.610000000000001e-05,True,True,False,False,phase6r_full_state_feasible_interval_reduced
640.0,4.380790976165646,4.380790976165646,0.3016722014706936,3.788845079093045,33.91380905821986,33.91550966867763,33.907006616388784,5.39e-05,True,True,False,False,phase6r_full_state_feasible_interval_reduced
645.0,4.376344394306002,4.376344394306002,0.30288785269133417,3.7896656434547253,33.92602719315547,33.92772865619889,33.91922134098179,6.13e-05,True,True,False,False,phase6r_full_state_feasible_interval_reduced
650.0,4.372008112924997,4.372008112924997,0.3041022993893689,3.7904882313575006,33.93800693195428,33.939709234763825,33.93119772071609,5.5100000000000004e-05,True,True,False,False,phase6r_full_state_feasible_interval_reduced
655.0,4.367779133559175,4.367779133559175,0.3053155713709131,3.791312808114985,33.949753572293695,33.95145670226382,33.942941052413175,7.08e-05,True,True,False,False,phase6r_full_state_feasible_interval_reduced
660.0,4.363654554978837,4.363654554978837,0.306527697636185,3.7921393400540007,33.96127228246964,33.96297622720676,33.954456503521186,7.740000000000001e-05,True,True,False,False,phase6r_full_state_feasible_interval_reduced
665.0,4.359631569311624,4.359631569311624,0.3077387064054382,3.7929677945087605,33.97256810507609,33.9742728523964,33.965749115794864,7.19e-05,True,True,False,False,phase6r_full_state_feasible_interval_reduced
670.0,4.355707458344082,4.355707458344082,0.3089486251438671,3.793798139814694,33.9836459605537,33.985351498480995,33.97682380884454,0.00011590000000000001,True,True,False,False,phase6r_full_state_feasible_interval_reduced
675.0,4.351879589991997,4.351879589991997,0.31015748058553155,3.7946303453019197,33.99451065061346,33.99621696737679,33.98768538356015,0.00011710000000000001,True,True,False,False,phase6r_full_state_feasible_interval_reduced
680.0,4.3481454149308005,4.3481454149308005,0.31136529875634567,3.795464381288395,34.005166861540665,34.006873945571975,33.998338525415434,7.41e-05,True,True,False,False,phase6r_full_state_feasible_interval_reduced
685.0,4.34450246337783,4.34450246337783,0.31257210499617283,3.7963002190727413,34.01561916738441,34.01732700731607,34.008787807657754,7.950000000000001e-05,True,True,False,False,phase6r_full_state_feasible_interval_reduced
690.0,4.340948342018725,4.340948342018725,0.31377792398006693,3.797137830926763,34.02587203303737,34.02758061769969,34.01903769438812,0.00011590000000000001,True,True,False,False,phase6r_full_state_feasible_interval_reduced
695.0,4.337480731070634,4.337480731070634,0.31498277973869765,3.7979771900876806,34.035929817210736,34.03763913562936,34.02909254353622,7.58e-05,True,True,False,False,phase6r_full_state_feasible_interval_reduced
700.0,4.334097381475349,4.334097381475349,0.31618669567799634,3.798818270750075,34.04579677530832,34.047506816701684,34.03895660973485,0.0001039,True,True,False,False,phase6r_full_state_feasible_interval_reduced
705.0,4.330796112215887,4.330796112215887,0.3173896945980563,3.799661048057582,34.05547706220443,34.057187815981074,34.048634047097856,0.00028450000000000003,True,True,False,False,phase6r_full_state_feasible_interval_reduced
710.0,4.327574807750346,4.327574807750346,0.3185917987113203,3.8005054980943287,34.06497473492914,34.06668619068504,34.05812891190552,8.21e-05,True,True,False,False,phase6r_full_state_feasible_interval_reduced
715.0,4.324431415557295,4.324431415557295,0.3197930296600862,3.8013515978761383,34.07429375526488,34.07600590278077,34.067445165201335,7.680000000000001e-05,True,True,False,False,phase6r_full_state_feasible_interval_reduced
720.0,4.321363943787162,4.321363943787162,0.32099340853336045,3.802199325341517,34.08343799225797,34.085150821496576,34.07658667530356,6.36e-05,True,True,False,False,phase6r_full_state_feasible_interval_reduced
725.0,4.31837045901453,4.31837045901453,0.3221929558830867,3.803048659342433,34.09241122464832,34.09412472575164,34.085557220235046,7.59e-05,True,True,False,False,phase6r_full_state_feasible_interval_reduced
730.0,4.315449084086397,4.315449084086397,0.3233916917397774,3.8038995796349093,34.10121714322077,34.102931306507315,34.09436049007461,0.0001073,True,True,False,False,phase6r_full_state_feasible_interval_reduced
735.0,4.312597996061809,4.312597996061809,0.3245896356275723,3.80475206686944,34.109859353081035,34.11157416904304,34.10300008923301,0.00015120000000000002,True,True,False,False,phase6r_full_state_feasible_interval_reduced
740.0,4.309815424238508,4.309815424238508,0.3257868065787497,3.805606102581246,34.11834137585915,34.12005683515982,34.11147953865647,7.400000000000001e-05,True,True,False,False,phase6r_full_state_feasible_interval_reduced
745.0,4.307099648262446,4.307099648262446,0.3269832231477115,3.8064616691803783,34.126666651843436,34.12838274531414,34.1198022779606,7.060000000000001e-05,True,True,False,False,phase6r_full_state_feasible_interval_reduced
750.0,4.304448996316263,4.304448996316263,0.32817890342446604,3.8073187499417016,34.13483854204737,34.13655526068488,34.12797166749732,7.03e-05,True,True,False,False,phase6r_full_state_feasible_interval_reduced
755.0,4.301861843383014,4.301861843383014,0.329373865047628,3.808177328994744,34.14286033021219,34.14457766517588,34.135990990357435,6.97e-05,True,True,False,False,phase6r_full_state_feasible_interval_reduced
760.0,4.299336609581652,4.299336609581652,0.3305681252169562,3.8090373913134536,34.15073522474749,34.15245316735656,34.14386345431122,7.09e-05,True,True,False,False,phase6r_full_state_feasible_interval_reduced
765.0,4.296871758570929,4.296871758570929,0.33176170070544814,3.809898922705848,34.158466360612216,34.16018490234292,34.151592193689396,6.85e-05,True,True,False,False,phase6r_full_state_feasible_interval_reduced
770.0,4.2944657960185415,4.2944657960185415,0.33295460787100883,3.8107619098036007,34.166056801138225,34.167775933621115,34.15918027120665,0.00028260000000000004,True,True,False,False,phase6r_full_state_feasible_interval_reduced
775.0,4.2921172681325706,4.2921172681325706,0.3341468626677123,3.811626340051539,34.17350953979865,34.17522925481582,34.16663067972998,7.66e-05,True,True,False,False,phase6r_full_state_feasible_interval_reduced
780.0,4.28982476025231,4.28982476025231,0.33533848065667127,3.812492201697099,34.18082750192296,34.18254779140529,34.17394634399364,6.92e-05,True,True,False,False,phase6r_full_state_feasible_interval_reduced
785.0,4.2875868954958465,4.2875868954958465,0.33652947701653124,3.8133594837797333,34.188013546360715,34.189734402385156,34.18113012226295,6.94e-05,True,True,False,False,phase6r_full_state_feasible_interval_reduced
790.0,4.2854023334617946,4.2854023334617946,0.337719866553604,3.81422817612027,34.1950704670959,34.19679188188276,34.18818480794849,0.0001828,True,True,False,False,phase6r_full_state_feasible_interval_reduced
795.0,4.283269768982738,4.283269768982738,0.33890966371165476,3.8150982693102624,34.20200099481361,34.20372296072384,34.19511313117271,0.0001326,True,True,False,False,phase6r_full_state_feasible_interval_reduced
800.0,4.28118793092809,4.28118793092809,0.340098882581357,3.815969754701312,34.208807798420686,34.21053030795321,34.20191776029057,7.110000000000001e-05,True,True,False,False,phase6r_full_state_feasible_interval_reduced
805.0,4.279155581054157,4.279155581054157,0.3412875369094276,3.816842624394385,34.21549348652211,34.217216532311184,34.20860130336579,6.98e-05,True,True,False,False,phase6r_full_state_feasible_interval_reduced
810.0,4.277171512899295,4.277171512899295,0.3424756401074552,3.817716871229135,34.22206060885453,34.22378418366708,34.21516630960433,6.31e-05,True,True,False,False,phase6r_full_state_feasible_interval_reduced
815.0,4.275234550722188,4.275234550722188,0.3436632052604336,3.818592488773232,34.22851165767857,34.23023575441156,34.22161527074661,7.7e-05,True,True,False,False,phase6r_full_state_feasible_interval_reduced
820.0,4.273343548481351,4.273343548481351,0.3448502451350117,3.819469471311705,34.23484906913121,34.236573680809066,34.2279506224198,6.82e-05,True,True,False,False,phase6r_full_state_feasible_interval_reduced
825.0,4.271497388854018,4.271497388854018,0.3460367721874712,3.820347813836316,34.24107522453974,34.24280034431176,34.23417474545169,0.0003286,True,True,False,False,phase6r_full_state_feasible_interval_reduced
830.0,4.26969498229273,4.26969498229273,0.3472227985714414,3.82122751203496,34.247192451698524,34.24891807283632,34.24028996714734,0.0002606,True,True,False,False,phase6r_full_state_feasible_interval_reduced
835.0,4.26793526611796,4.26793526611796,0.34840833614536304,3.8221085622811026,34.253203026109794,34.25492914200478,34.24629856252986,6.43e-05,True,True,False,False,phase6r_full_state_feasible_interval_reduced
840.0,4.266217203645246,4.266217203645246,0.34959339647970894,3.8229909616232596,34.259109172189866,34.26083577635073,34.25220275554642,0.0005031,True,True,False,False,phase6r_full_state_feasible_interval_reduced
845.0,4.264539783345303,4.264539783345303,0.35077799086397154,3.8238747077745336,34.26491306444173,34.26664015049196,34.258004720240805,0.00017,True,True,False,False,phase6r_full_state_feasible_interval_reduced
850.0,4.262902018035715,4.262902018035715,0.35196213031342594,3.82475979910219,34.270616828595216,34.272344390270646,34.26370658189348,0.0001618,True,True,False,False,phase6r_full_state_feasible_interval_reduced
855.0,4.261302944102865,4.261302944102865,0.35314582557567675,3.8256462346173055,34.27622254271585,34.27795057386223,34.269310418130345,0.00011760000000000001,True,True,False,False,phase6r_full_state_feasible_interval_reduced
860.0,4.2597416207528065,4.2597416207528065,0.35432908713699696,3.8265340139644697,34.2817322382834,34.28346073285397,34.27481826000115,7.21e-05,True,True,False,False,phase6r_full_state_feasible_interval_reduced
865.0,4.258217129289832,4.258217129289832,0.35551192522846636,3.8274231374115604,34.28714790124101,34.28887685329413,34.28023209302855,0.00013130000000000002,True,True,False,False,phase6r_full_state_feasible_interval_reduced
870.0,4.256728572421605,4.256728572421605,0.35669434983191683,3.828313605839583,34.29247147301602,34.294200876712814,34.28555385822884,0.0007264000000000001,True,True,False,False,phase6r_full_state_feasible_interval_reduced
875.0,4.255275073589694,4.255275073589694,0.3578763706856917,3.829205420732596,34.297704851513295,34.29943470111533,34.29078545310514,0.0001122,True,True,False,False,phase6r_full_state_feasible_interval_reduced
880.0,4.253855776324478,4.253855776324478,0.3590579972902263,3.8300985841676964,34.30284989208193,34.30458018194891,34.295928732614044,8.170000000000001e-05,True,True,False,False,phase6r_full_state_feasible_interval_reduced
885.0,4.252469843623389,4.252469843623389,0.36023923891345505,3.8309930988051044,34.3079084084563,34.30963913304375,34.30098551010648,8.03e-05,True,True,False,False,phase6r_full_state_feasible_interval_reduced
890.0,4.251116457351524,4.251116457351524,0.36142010459605267,3.831888967878314,34.312882173672,34.31461332752909,34.30595755824366,7.97e-05,True,True,False,False,phase6r_full_state_feasible_interval_reduced
895.0,4.249794817663706,4.249794817663706,0.3626006031565148,3.832786195184348,34.31777292095783,34.31950449872507,34.31084660988888,0.000212,True,True,False,False,phase6r_full_state_feasible_interval_reduced
900.0,4.248504142447116,4.248504142447116,0.36378074319608344,3.8336847850740794,34.32258234460421,34.3243143410113,34.31565435897584,5.75e-05,True,True,False,False,phase6r_full_state_feasible_interval_reduced
905.0,4.247243666783625,4.247243666783625,0.36496053310352333,3.8345847424426616,34.327312100809024,34.329044510672674,34.32038246135442,5.05e-05,True,True,False,False,phase6r_full_state_feasible_interval_reduced
910.0,4.246012642431078,4.246012642431078,0.3661399810597542,3.835486072720037,34.33196380850142,34.33369662672319,34.32503253561433,0.0007051000000000001,True,True,False,False,phase6r_full_state_feasible_interval_reduced
915.0,4.2448103373227,4.2448103373227,0.36731909504234384,3.836388781861551,34.336539050144324,34.33827227170852,34.32960616388757,0.00027830000000000004,True,True,False,False,phase6r_full_state_feasible_interval_reduced
920.0,4.243636035083926,4.243636035083926,0.3684978828298672,3.8372928763386454,34.341039372516335,34.34277299248788,34.33410489263014,0.00010350000000000001,True,True,False,False,phase6r_full_state_feasible_interval_reduced
925.0,4.242489034565968,4.242489034565968,0.3696763520061355,3.838198363129662,34.34546628747344,34.347200300995866,34.338530233383764,5.6000000000000006e-05,True,True,False,False,phase6r_full_state_feasible_interval_reduced
930.0,4.241368649395413,4.241368649395413,0.3708545099643009,3.839105249710737,34.34982127269151,34.35155567498484,34.34288366351818,0.0001441,True,True,False,False,phase6r_full_state_feasible_interval_reduced
935.0,4.2402742075392625,4.2402742075392625,0.3720323639108396,3.8400135440467924,34.3541057723897,34.3558405587485,34.34716662695452,5.58e-05,True,True,False,False,phase6r_full_state_feasible_interval_reduced
940.0,4.239205050884758,4.239205050884758,0.3732099208694187,3.840923254582628,34.35832119803579,34.36005636382712,34.35138053487047,9.93e-05,True,True,False,False,phase6r_full_state_feasible_interval_reduced
945.0,4.238160534833444,4.238160534833444,0.3743871876846502,3.8418343902341157,34.36246892903356,34.36420446969504,34.355526766387634,5.1200000000000004e-05,True,True,False,False,phase6r_full_state_feasible_interval_reduced
950.0,4.2371400279089215,4.2371400279089215,0.37556417102573597,3.8427469603794897,34.36655031339307,34.36828622443093,34.359606669241636,5.0100000000000005e-05,True,True,False,False,phase6r_full_state_feasible_interval_reduced
955.0,4.236142911377721,4.236142911377721,0.37674087739000756,3.8436609748507387,34.37056666838418,34.37230294537133,34.36362156043557,4.91e-05,True,True,False,False,phase6r_full_state_feasible_interval_reduced
960.0,4.235168578882842,4.235168578882842,0.3779173131063639,3.8445764439251016,34.37451928117375,34.376255919747905,34.36757272687713,5.33e-05,True,True,False,False,phase6r_full_state_feasible_interval_reduced
965.0,4.234216436089441,4.234216436089441,0.37909348433861095,3.845493378316662,34.378409409447194,34.38014640530899,34.37146142600001,5.03e-05,True,True,False,False,phase6r_full_state_feasible_interval_reduced
970.0,4.233285900342218,4.233285900342218,0.380269397088706,3.8464117891680485,34.38223828201461,34.38397563092577,34.375288886369994,6.43e-05,True,True,False,False,phase6r_full_state_feasible_interval_reduced
975.0,4.232376400334063,4.232376400334063,0.3814450571999099,3.8473316880422286,34.38600709940208,34.387744797183565,34.37905630827612,0.0001263,True,True,False,False,phase6r_full_state_feasible_interval_reduced
980.0,4.231487375785551,4.231487375785551,0.3826204703598503,3.8482530869144145,34.38971703442845,34.391455076958714,34.382764864307404,0.00014900000000000002,True,True,False,False,phase6r_full_state_feasible_interval_reduced
985.0,4.2306182771348695,4.2306182771348695,0.38379564210349887,3.849175998164065,34.393369232768194,34.39510761598135,34.38641569991557,7.38e-05,True,True,False,False,phase6r_full_state_feasible_interval_reduced
990.0,4.229768565237804,4.229768565237804,0.3849705778160649,3.8501004345669916,34.39696481350047,34.39870353338458,34.39000993396402,9.360000000000001e-05,True,True,False,False,phase6r_full_state_feasible_interval_reduced
995.0,4.22893771107741,4.22893771107741,0.38614528273580867,3.8510264092875643,34.40050486964498,34.40224392224032,34.393548659263665,5.9800000000000003e-05,True,True,False,False,phase6r_full_state_feasible_interval_reduced
1000.0,4.228125195483032,4.228125195483032,0.3873197619567762,3.8519539358710198,34.40399046868502,34.40572985008234,34.39703294309577,6.18e-05,True,True,False,False,phase6r_full_state_feasible_interval_reduced
1005.0,4.227330508858322,4.227330508858322,0.3884940204314591,3.852883028235874,34.407422653077816,34.40916235941669,34.400463827722305,6.38e-05,True,True,False,False,phase6r_full_state_feasible_interval_reduced
1010.0,4.226553150917951,4.226553150917951,0.38966806297338075,3.8538137006664317,34.41080244075279,34.41254246821997,34.403842330884096,0.0001974,True,True,False,False,phase6r_full_state_feasible_interval_reduced
1015.0,4.225792630432702,4.225792630432702,0.3908418942596121,3.854745967805399,34.41413082559802,34.41587117042574,34.40716944628714,0.00021700000000000002,True,True,False,False,phase6r_full_state_feasible_interval_reduced
1020.0,4.2250484649826445,4.2250484649826445,0.3920155188332184,3.8556798446465943,34.41740877793502,34.41914943639943,34.4104461440774,6.2e-05,True,True,False,False,phase6r_full_state_feasible_interval_reduced
1025.0,4.224320180718132,4.224320180718132,0.39318894110564007,3.8566153465277666,34.420637244982494,34.42237821340203,34.413673371304355,6.1000000000000005e-05,True,True,False,False,phase6r_full_state_feasible_interval_reduced
1030.0,4.223607312128333,4.223607312128333,0.39436216535900903,3.857552489123501,34.423817151309045,34.42555842604287,34.41685205237375,6.24e-05,True,True,False,False,phase6r_full_state_feasible_interval_reduced
1035.0,4.2229094018170565,4.2229094018170565,0.3955351957484027,3.8584912884382336,34.426949399275394,34.42869097672184,34.41998308948962,6.0700000000000005e-05,True,True,False,False,phase6r_full_state_feasible_interval_reduced
1040.0,4.222226000285616,4.222226000285616,0.39670803630403756,3.8594317607993616,34.430034869466226,34.431776746061246,34.42306736308613,6.37e-05,True,True,False,False,phase6r_full_state_feasible_interval_reduced
1045.0,4.221556665722511,4.221556665722511,0.39788069093340495,3.8603739228504534,34.43307442111201,34.43481659332769,34.42610573224929,6.25e-05,True,True,False,False,phase6r_full_state_feasible_interval_reduced
1050.0,4.220900963799684,4.220900963799684,0.3990531634233493,3.861317791544551,34.43606889250111,34.43781135684415,34.42909903512896,6.6e-05,True,True,False,False,phase6r_full_state_feasible_interval_reduced
1055.0,4.2202584674751575,4.2202584674751575,0.40022545744209237,3.8622633443833507,34.43901910138235,34.44076185439259,34.43204808934138,7.61e-05,True,True,False,False,phase6r_full_state_feasible_interval_reduced
1060.0,4.219628756801836,4.219628756801836,0.401397576541204,3.8632091894062275,34.441925845358355,34.443668883607344,34.434953692362406,6.97e-05,True,True,False,False,phase6r_full_state_feasible_interval_reduced
1065.0,4.219011418742259,4.219011418742259,0.4025695241575213,3.8641546397874564,34.444789902269946,34.44653322235948,34.43781662191183,0.0001144,True,True,False,False,phase6r_full_state_feasible_interval_reduced
1070.0,4.218406046989161,4.218406046989161,0.40374130361501825,3.865099709557177,34.44761203057173,34.44935562913244,34.440637636328894,7.460000000000001e-05,True,True,False,False,phase6r_full_state_feasible_interval_reduced
1075.0,4.217812241791597,4.217812241791597,0.40491291812662705,3.866044413003532,34.45039296969924,34.45213684338921,34.443417474939345,7.010000000000001e-05,True,True,False,False,phase6r_full_state_feasible_interval_reduced
1080.0,4.217229609786503,4.217229609786503,0.4060843707960122,3.866988764667423,34.45313344042772,34.4548775859311,34.446156858414206,6.86e-05,True,True,False,False,phase6r_full_state_feasible_interval_reduced
1085.0,4.216657763835526,4.216657763835526,0.4072556646192998,3.8679327793373495,34.455834145222966,34.4575785592486,34.44885648912042,8.300000000000001e-05,True,True,False,False,phase6r_full_state_feasible_interval_reduced
1090.0,4.216096322866906,4.216096322866906,0.40842680248676283,3.8688764720443185,34.45849576858419,34.460240447864294,34.45151705146379,5.520000000000001e-05,True,True,False,False,phase6r_full_state_feasible_interval_reduced
1095.0,4.215544911722332,4.215544911722332,0.4095977871844635,3.8698198580568435,34.461118977379364,34.46286391866818,34.45413921222411,5.7900000000000005e-05,True,True,False,False,phase6r_full_state_feasible_interval_reduced
1100.0,4.215003161008561,4.215003161008561,0.41076862139585474,3.870762952876015,34.46370442117308,34.46544962124558,34.456723620883054,3.5300000000000004e-05,True,True,False,False,phase6r_full_state_feasible_interval_reduced
1105.0,4.214470706953679,4.214470706953679,0.41193930770334186,3.8717057722306594,34.466252732547176,34.4679981881978,34.459270909944706,3.96e-05,True,True,False,False,phase6r_full_state_feasible_interval_reduced
1110.0,4.213947191267868,4.213947191267868,0.41310984858980515,3.8726483320725635,34.46876452741439,34.47051023545572,34.4617816952491,6.720000000000001e-05,True,True,False,False,phase6r_full_state_feasible_interval_reduced
1115.0,4.213432261008535,4.213432261008535,0.4142802464400853,3.873590648571788,34.47124040532509,34.472986362586624,34.46425657627894,4.78e-05,True,True,False,False,phase6r_full_state_feasible_interval_reduced
1120.0,4.212925568449668,4.212925568449668,0.41545050354243246,3.874532738112051,34.473680949767335,34.47542715309428,34.466696136459575,4.71e-05,True,True,False,False,phase6r_full_state_feasible_interval_reduced
1125.0,4.212426770955302,4.212426770955302,0.41662062208992007,3.875474617286191,34.47608672846059,34.477833174712586,34.46910094345259,6.0100000000000004e-05,True,True,False,False,phase6r_full_state_feasible_interval_reduced
1130.0,4.211935530856955,4.211935530856955,0.4177906041818248,3.8764163028917054,34.478458293642895,34.48020497969286,34.47147154944303,5.25e-05,True,True,False,False,phase6r_full_state_feasible_interval_reduced
1135.0,4.211451515334949,4.211451515334949,0.4189604518249734,3.8773578119263625,34.48079618235213,34.48254310508504,34.47380849142046,5.7e-05,True,True,False,False,phase6r_full_state_feasible_interval_reduced
1140.0,4.210974396303429,4.210974396303429,0.42013016693505767,3.8782991615838864,34.4831009167011,34.48484807301285,34.47611229145411,5.1200000000000004e-05,True,True,False,False,phase6r_full_state_feasible_interval_reduced
1145.0,4.210503850299056,4.210503850299056,0.4212997513379185,3.8792403692497195,34.48537300414695,34.48712039094316,34.47838345696209,0.0002052,True,True,False,False,phase6r_full_state_feasible_interval_reduced
1150.0,4.210039558373172,4.210039558373172,0.42246920677079997,3.880181452496852,34.48761293775478,34.4893605519497,34.4806224809751,6.440000000000001e-05,True,True,False,False,phase6r_full_state_feasible_interval_reduced
1155.0,4.2095812059873925,4.2095812059873925,0.4236385348835742,3.881122429081729,34.48982119645586,34.491569034971214,34.48282984239442,5.2600000000000005e-05,True,True,False,False,phase6r_full_state_feasible_interval_reduced
1160.0,4.209128482912487,4.209128482912487,0.4248077372399388,3.8820633169402154,34.49199824530038,34.49374630506429,34.48500600624473,5.0600000000000003e-05,True,True,False,False,phase6r_full_state_feasible_interval_reduced
1165.0,4.20868108313043,4.20868108313043,0.42597681531858617,3.8830041341836465,34.494144535705054,34.495892813650926,34.48715142392157,5.02e-05,True,True,False,False,phase6r_full_state_feasible_interval_reduced
1170.0,4.208238704739548,4.208238704739548,0.42714577051434716,3.8839448990949275,34.49626050569556,34.498008998761016,34.489266533433735,4.6200000000000005e-05,True,True,False,False,phase6r_full_state_feasible_interval_reduced
1175.0,4.207801049862624,4.207801049862624,0.428314604139309,3.8848856301247174,34.49834658014405,34.50009528526988,34.49135175964076,5.2000000000000004e-05,True,True,False,False,phase6r_full_state_feasible_interval_reduced
1180.0,4.207367824557887,4.207367824557887,0.4294833174239084,3.885826345887663,34.500403171001885,34.50215208513097,34.49340751448552,5.97e-05,True,True,False,False,phase6r_full_state_feasible_interval_reduced
1185.0,4.206938738732748,4.206938738732748,0.4306519115180008,3.8867670651587063,34.502430677527535,34.504179797603875,34.495434197222174,5.8800000000000006e-05,True,True,False,False,phase6r_full_state_feasible_interval_reduced
1190.0,4.206513506060202,4.206513506060202,0.43182038749190643,3.887707806869443,34.50442948651008,34.50617880947772,34.4974321946395,6.35e-05,True,True,False,False,phase6r_full_state_feasible_interval_reduced
1195.0,4.206091843897787,4.206091843897787,0.4329887463374336,3.8886485901045496,34.50639997248808,34.508149495290155,34.49940188127979,6.43e-05,True,True,False,False,phase6r_full_state_feasible_interval_reduced
1200.0,4.205673473208979,4.205673473208979,0.43415698896888055,3.8895894340982693,34.508342497964236,34.51009221754195,34.50134361965338,5.86e-05,True,True,False,False,phase6r_full_state_feasible_interval_reduced
1205.0,4.205258118486949,4.205258118486949,0.4353251162240158,3.8905303582309436,34.510257413615705,34.51200732690739,34.50325776044897,4.55e-05,True,True,False,False,phase6r_full_state_feasible_interval_reduced
1210.0,4.204845507680548,4.204845507680548,0.4364931288650382,3.891471382025608,34.512145058500344,34.51389516244049,34.50514464273978,6.730000000000001e-05,True,True,False,False,phase6r_full_state_feasible_interval_reduced
1215.0,4.204435372122409,4.204435372122409,0.43766102757951664,3.892412525144636,34.51400576025897,34.515756051777274,34.50700459418574,5.84e-05,True,True,False,False,phase6r_full_state_feasible_interval_reduced
1220.0,4.204027446459083,4.204027446459083,0.4388288129813108,3.8933538073864296,34.51583983531354,34.51759031133401,34.50883793123167,6.65e-05,True,True,False,False,phase6r_full_state_feasible_interval_reduced
1225.0,4.203621468583082,4.203621468583082,0.4399964856114728,3.89429524868216,34.51764758906172,34.51939824650172,34.51064495930171,0.0001428,True,True,False,False,phase6r_full_state_feasible_interval_reduced
1230.0,4.203217179566703,4.203217179566703,0.4411640459391302,3.895236869092552,34.51942931606749,34.52118015183687,34.512425972989945,7.730000000000001e-05,True,True,False,False,phase6r_full_state_feasible_interval_reduced
1235.0,4.202814323597551,4.202814323597551,0.44233149436235175,3.896178688804709,34.52118530024827,34.52293631124848,34.51418125624744,6.900000000000001e-05,True,True,False,False,phase6r_full_state_feasible_interval_reduced
1240.0,4.202412647915588,4.202412647915588,0.44349883120899497,3.8971207281289773,34.52291581505838,34.52466699818156,34.51591108256566,5.7100000000000006e-05,True,True,False,False,phase6r_full_state_feasible_interval_reduced
1245.0,4.2020119027516625,4.2020119027516625,0.4446660567375371,3.8980630074958436,34.52462112366903,34.52637247579719,34.51761571515638,5.1200000000000004e-05,True,True,False,False,phase6r_full_state_feasible_interval_reduced
1250.0,4.2016118412673205,4.2016118412673205,0.4458331711378892,3.8990055474528655,34.52630147914492,34.528052997149075,34.51929540712828,5.380000000000001e-05,True,True,False,False,phase6r_full_state_feasible_interval_reduced
1255.0,4.20121221949581,4.20121221949581,0.44700017453219354,3.8999483686616325,34.52795712461746,34.5297088053568,34.52095040166009,6.06e-05,True,True,False,False,phase6r_full_state_feasible_interval_reduced
1260.0,4.200812796284143,4.200812796284143,0.4481670669756058,3.90089149189475,34.52958829345474,34.5313401337758,34.522580932170484,0.0002179,True,True,False,False,phase6r_full_state_feasible_interval_reduced
1265.0,4.20041333323607,4.20041333323607,0.44933384845706026,3.90183493803284,34.53119520942829,34.53294720616415,34.524187222484834,6.720000000000001e-05,True,True,False,False,phase6r_full_state_feasible_interval_reduced
1270.0,4.200013594655826,4.200013594655826,0.4505005189000202,3.902778728061567,34.532778086876675,34.53453023684616,34.52576948699873,0.0001067,True,True,False,False,phase6r_full_state_feasible_interval_reduced
1275.0,4.199613347492505,4.199613347492505,0.45166707816321255,3.9037228830686654,34.53433713086596,34.53608943087284,34.527327930838425,7.69e-05,True,True,False,False,phase6r_full_state_feasible_interval_reduced
1280.0,4.199212361284927,4.199212361284927,0.45283352604134725,3.9046674242409867,34.53587253734718,34.53762498417942,34.52886275001822,6.66e-05,True,True,False,False,phase6r_full_state_feasible_interval_reduced
1285.0,4.198810408106806,4.198810408106806,0.45399986226582134,3.905612372861537,34.53738449331079,34.53913708373976,34.5303741315949,0.0001449,True,True,False,False,phase6r_full_state_feasible_interval_reduced
1290.0,4.198407262512091,4.198407262512091,0.455166086505408,3.9065577503065176,34.53887317693809,34.54062590771784,34.531862253819085,6.840000000000001e-05,True,True,False,False,phase6r_full_state_feasible_interval_reduced
1295.0,4.198002701480291,4.198002701480291,0.45633219836693034,3.9075035780423604,34.54033875774981,34.5420916256163,34.533327286283836,0.0001021,True,True,False,False,phase6r_full_state_feasible_interval_reduced
1300.0,4.197596504361625,4.197596504361625,0.4574981973959197,3.90844987762274,34.54178139675173,34.543534398422125,34.53476939007016,6.19e-05,True,True,False,False,phase6r_full_state_feasible_interval_reduced
1305.0,4.197188452821788,4.197188452821788,0.4586640830772591,3.9093966706855783,34.543201246577475,34.544954378749395,34.536188717889786,6.14e-05,True,True,False,False,phase6r_full_state_feasible_interval_reduced
1310.0,4.1967783307861755,4.1967783307861755,0.4598298548358108,3.9103439789500105,34.54459845162839,34.54635171097922,34.537585414225035,6.220000000000001e-05,True,True,False,False,phase6r_full_state_feasible_interval_reduced
1315.0,4.196365924383356,4.196365924383356,0.4609955120370284,3.911291824213322,34.54597314821062,34.54772653139681,34.538959615465856,6.0700000000000005e-05,True,True,False,False,phase6r_full_state_feasible_interval_reduced
1320.0,4.195951021887577,4.195951021887577,0.4621610539875527,3.9122402283478497,34.547325464669385,34.54907896832573,34.54031145004401,5.5900000000000004e-05,True,True,False,False,phase6r_full_state_feasible_interval_reduced
1325.0,4.195533413660112,4.195533413660112,0.4633264799357916,3.9131892132978274,34.548655521520345,34.55040914225931,34.54164103856448,6.280000000000001e-05,True,True,False,False,phase6r_full_state_feasible_interval_reduced
1330.0,4.195112892089202,4.195112892089202,0.46449178907248306,3.9141388010761817,34.54996343157822,34.551717165989274,34.54294849393401,6.390000000000001e-05,True,True,False,False,phase6r_full_state_feasible_interval_reduced
1335.0,4.194689251528377,4.194689251528377,0.46565698053124094,3.915089013761256,34.5512493000825,34.55300314473142,34.544233921486835,6.230000000000001e-05,True,True,False,False,phase6r_full_state_feasible_interval_reduced
1340.0,4.194262288232929,4.194262288232929,0.4668220533890834,3.9160398734934714,34.552513224820345,34.554267176248565,34.54549741910748,6.1000000000000005e-05,True,True,False,False,phase6r_full_state_feasible_interval_reduced
1345.0,4.193831800294255,4.193831800294255,0.46798700666694293,3.9169914024718953,34.55375529624658,34.555509350970524,34.5467390773508,6.050000000000001e-05,True,True,False,False,phase6r_full_state_feasible_interval_reduced
1350.0,4.193397587571829,4.193397587571829,0.4691518393301573,3.9179436229507245,34.5549755976008,34.55672975211124,34.54795897955906,5.8700000000000004e-05,True,True,False,False,phase6r_full_state_feasible_interval_reduced
1355.0,4.192959451622524,4.192959451622524,0.4703165502889413,3.9188965572356667,34.55617420502153,34.5579284557829,34.549157201976044,6.09e-05,True,True,False,False,phase6r_full_state_feasible_interval_reduced
1360.0,4.1925171956270315,4.1925171956270315,0.4714811383988377,3.9198502276802007,34.55735118765737,34.55910553110716,34.5503338138582,6.31e-05,True,True,False,False,phase6r_full_state_feasible_interval_reduced
1365.0,4.192070624313021,4.192070624313021,0.4726456024611469,3.920804656681725,34.558506607775136,34.560261040323226,34.55148887758279,7.340000000000001e-05,True,True,False,False,phase6r_full_state_feasible_interval_reduced
1370.0,4.191619543874813,4.191619543874813,0.47380994122333436,3.9217598666775637,34.559640520864924,34.561395038892925,34.55262244875291,7.55e-05,True,True,False,False,phase6r_full_state_feasible_interval_reduced
1375.0,4.191163761889186,4.191163761889186,0.4749741533794147,3.9227158801408226,34.56075297574193,34.56250757560257,34.55373457629935,6.32e-05,True,True,False,False,phase6r_full_state_feasible_interval_reduced
1380.0,4.190703087227027,4.190703087227027,0.4761382375703111,3.9236727195760888,34.56184401464509,34.56359869266156,34.554825302579225,5.9300000000000005e-05,True,True,False,False,phase6r_full_state_feasible_interval_reduced
1385.0,4.190237329960468,4.190237329960468,0.47730219238418903,3.9246304075149605,34.56291367333247,34.564668425797755,34.55589466347131,5.9800000000000003e-05,True,True,False,False,phase6r_full_state_feasible_interval_reduced
1390.0,4.189766301265153,4.189766301265153,0.47846601635676267,3.925588966511378,34.563961981173044,34.56571680434932,34.55694268846793,6.96e-05,True,True,False,False,phase6r_full_state_feasible_interval_reduced
1395.0,4.189289813317294,4.189289813317294,0.479629707971573,3.9265484191367617,34.56498896123517,34.566743851353124,34.55796940076338,6.18e-05,True,True,False,False,phase6r_full_state_feasible_interval_reduced
1400.0,4.188807679185094,4.188807679185094,0.48079326566023556,3.9275087879749297,34.56599463037134,34.5677495836295,34.55897481733871,7.960000000000001e-05,True,True,False,False,phase6r_full_state_feasible_interval_reduced
1405.0,4.188319712714189,4.188319712714189,0.48195668780265616,3.928470095616782,34.56697899929916,34.56873401186326,34.55995894904273,5.83e-05,True,True,False,False,phase6r_full_state_feasible_interval_reduced
1410.0,4.187825728406664,4.187825728406664,0.4831199727272136,3.929432364654732,34.56794207267851,34.56969714068083,34.56092180066924,6.620000000000001e-05,True,True,False,False,phase6r_full_state_feasible_interval_reduced
1415.0,4.1873255412932835,4.1873255412932835,0.4842831187109062,3.9303956176768784,34.5688838491847,34.570638968723344,34.56186337103014,6.340000000000001e-05,True,True,False,False,phase6r_full_state_feasible_interval_reduced
1420.0,4.186818966798425,4.186818966798425,0.4854461239794613,3.9313598772608875,34.56980432157739,34.571559488715614,34.56278365302449,6.36e-05,True,True,False,False,phase6r_full_state_feasible_interval_reduced
1425.0,4.186305820597356,4.186305820597356,0.486608986707405,3.932325165967571,34.57070347676523,34.57245868753076,34.563682633703124,6.43e-05,True,True,False,False,phase6r_full_state_feasible_interval_reduced
1430.0,4.185785918465335,4.185785918465335,0.4877717050180898,3.9332915063341485,34.571581295866046,34.573336546250324,34.56456029432892,7.180000000000001e-05,True,True,False,False,phase6r_full_state_feasible_interval_reduced
1435.0,4.1852590761181085,4.1852590761181085,0.4889342769836782,3.934258920867162,34.572437754262204,34.57419304021968,34.56541661043229,6.0400000000000004e-05,True,True,False,False,phase6r_full_state_feasible_interval_reduced
1440.0,4.184725109043328,4.184725109043328,0.4900967006250791,3.9352274320350333,34.57327282165128,34.575028139098656,34.56625155186178,6.400000000000001e-05,True,True,False,False,phase6r_full_state_feasible_interval_reduced
1445.0,4.184183832322367,4.184183832322367,0.4912589739118353,3.936197062260233,34.5740864620915,34.575841806906936,34.56706508282976,7.37e-05,True,True,False,False,phase6r_full_state_feasible_interval_reduced
1450.0,4.183635060442086,4.183635060442086,0.4924210947619581,3.937167833911054,34.57487863404194,34.576634002064274,34.56785716195258,7.110000000000001e-05,True,True,False,False,phase6r_full_state_feasible_interval_reduced
1455.0,4.183078607096021,4.183078607096021,0.493583061041707,3.9381397692929476,34.575649290397195,34.577404677425136,34.56862774228543,6.59e-05,True,True,False,False,phase6r_full_state_feasible_interval_reduced
1460.0,4.18251428497447,4.18251428497447,0.494744870565311,3.939112890639423,34.57639837851629,34.57815378030753,34.5693767713513,7.24e-05,True,True,False,False,phase6r_full_state_feasible_interval_reduced
1465.0,4.181941905543013,4.181941905543013,0.4959065210946285,3.9400872201024613,34.5771258402455,34.578881252515885,34.57010419116396,9.21e-05,True,True,False,False,phase6r_full_state_feasible_interval_reduced
1470.0,4.181361278808905,4.181361278808905,0.4970680103387421,3.9410627797424485,34.57783161193498,34.57958703035756,34.5708099382447,7.91e-05,True,True,False,False,phase6r_full_state_feasible_interval_reduced
1475.0,4.180772213074846,4.180772213074846,0.4982293359534851,3.9420395915175743,34.57851562444877,34.58027104465285,34.57149394363245,7.43e-05,True,True,False,False,phase6r_full_state_feasible_interval_reduced
1480.0,4.180174514679612,4.180174514679612,0.4993904955408961,3.943017677272697,34.57917780316788,34.580933220738075,34.5721561328871,3.5000000000000004e-05,True,True,False,False,phase6r_full_state_feasible_interval_reduced
1485.0,4.179567987725066,4.179567987725066,0.5005514866485975,3.943996801326111,34.57981806798638,34.58157347846156,34.572796426085695,3.18e-05,True,True,False,False,phase6r_full_state_feasible_interval_reduced
1490.0,4.178952433789007,4.178952433789007,0.5017123067690944,3.9449752806185248,34.58043633329989,34.5821917321721,34.57341473781107,3.09e-05,True,True,False,False,phase6r_full_state_feasible_interval_reduced
1495.0,4.178327651623429,4.178327651623429,0.5028729533389898,3.9459528352811404,34.58103250798631,34.58278789069968,34.57401097713284,3.1e-05,True,True,False,False,phase6r_full_state_feasible_interval_reduced
1500.0,4.1776934368376795,4.1776934368376795,0.5040334237381114,3.946929500281624,34.58160649537846,34.583361857328015,34.57458504758024,3.0600000000000005e-05,True,True,False,False,phase6r_full_state_feasible_interval_reduced
1505.0,4.177049581566119,4.177049581566119,0.5051937152885465,3.947905310418748,34.58215819322824,34.58391352975869,34.575136847106435,6.13e-05,True,True,False,False,phase6r_full_state_feasible_interval_reduced
1510.0,4.176395874119863,4.176395874119863,0.5063538252535797,3.9488803003077546,34.58268749366194,34.58444280006639,34.575666268044145,3.9200000000000004e-05,True,True,False,False,phase6r_full_state_feasible_interval_reduced
1515.0,4.175732098622237,4.175732098622237,0.5075137508365304,3.949854504365009,34.58319428312646,34.584949554645064,34.57617319705204,6.85e-05,True,True,False,False,phase6r_full_state_feasible_interval_reduced
1520.0,4.175058034627594,4.175058034627594,0.5086734891794825,3.95082795679193,34.5836784423259,34.58543367414446,34.57665751505166,3.96e-05,True,True,False,False,phase6r_full_state_feasible_interval_reduced
1525.0,4.174373456723285,4.174373456723285,0.5098330373619057,3.951800691558174,34.58413984614831,34.585895033396795,34.57711909715439,3.37e-05,True,True,False,False,phase6r_full_state_feasible_interval_reduced
1530.0,4.173678134114515,4.173678134114515,0.5109923923991597,3.952772742384049,34.58457836358213,34.586333501333115,34.57755781257821,3.09e-05,True,True,False,False,phase6r_full_state_feasible_interval_reduced
1535.0,4.172971830191989,4.172971830191989,0.5121515512408797,3.9537441427221554,34.584993857621974,34.58674894088902,34.57797352455381,5.9900000000000006e-05,True,True,False,False,phase6r_full_state_feasible_interval_reduced
1540.0,4.172254302082273,4.172254302082273,0.513310510769236,3.954714925738232,34.58538618516339,34.58714120889932,34.578366090219646,3.9800000000000005e-05,True,True,False,False,phase6r_full_state_feasible_interval_reduced
1545.0,4.171525300180938,4.171525300180938,0.514469267797064,3.9556851242911923,34.585755196886204,34.587510155981334,34.57873536050566,6.6e-05,True,True,False,False,phase6r_full_state_feasible_interval_reduced
1550.0,4.17078456766864,4.17078456766864,0.5156278190658609,3.9566547709123636,34.586100737126124,34.58785562640635,34.57908118000522,7.49e-05,True,True,False,False,phase6r_full_state_feasible_interval_reduced
1555.0,4.170031840010432,4.170031840010432,0.5167861612436415,3.957623897783896,34.58642264373418,34.588177457959,34.579403386834926,0.0001129,True,True,False,False,phase6r_full_state_feasible_interval_reduced
1560.0,4.169266844438714,4.169266844438714,0.5179442909226523,3.958592536716371,34.58672074792371,34.58847548178413,34.57970181248202,5.53e-05,True,True,False,False,phase6r_full_state_feasible_interval_reduced
1565.0,4.16848929942046,4.16848929942046,0.5191022046169357,3.9595607191256,34.586994874104505,34.588749522220894,34.579976281638956,5.1500000000000005e-05,True,True,False,False,phase6r_full_state_feasible_interval_reduced
1570.0,4.167698914109458,4.167698914109458,0.5202598987597439,3.9605284760086206,34.58724483970392,34.588999396623684,34.58022661202488,4.7300000000000005e-05,True,True,False,False,phase6r_full_state_feasible_interval_reduced
1575.0,4.166895387784564,4.166895387784564,0.5214173697007951,3.9614958379189247,34.5874704549745,34.58922491516969,34.58045261419376,5.08e-05,True,True,False,False,phase6r_full_state_feasible_interval_reduced
1580.0,4.166078409275185,4.166078409275185,0.5225746137033715,3.9624628349409257,34.587671522788,34.58942588065279,34.580654091328825,5.05e-05,True,True,False,False,phase6r_full_state_feasible_interval_reduced
1585.0,4.165247656375438,4.165247656375438,0.5237316269412536,3.963429496663714,34.587847838415534,34.58960208826361,34.580830839023214,4.8100000000000004e-05,True,True,False,False,phase6r_full_state_feasible_interval_reduced
1590.0,4.164402795248729,4.164402795248729,0.5248884054954894,3.9643958521541314,34.5879991892937,34.589753325355474,34.58098264504659,4.89e-05,True,True,False,False,phase6r_full_state_feasible_interval_reduced
1595.0,4.163543479824802,4.163543479824802,0.5260449453509963,3.965361929929218,34.588125354776516,34.589879371196254,34.58110928909756,4.8200000000000006e-05,True,True,False,False,phase6r_full_state_feasible_interval_reduced
1600.0,4.162669351191661,4.162669351191661,0.527201242392994,3.9663277579281093,34.58822610587318,34.589979996705985,34.58121054254195,4.7300000000000005e-05,True,True,False,False,phase6r_full_state_feasible_interval_reduced
1605.0,4.161780036985081,4.161780036985081,0.5283572924032677,3.9672933634834324,34.588301204971565,34.59005496418024,34.581286168136856,4.7000000000000004e-05,True,True,False,False,phase6r_full_state_feasible_interval_reduced
1610.0,4.160875150778929,4.160875150778929,0.5295130910562619,3.96825877329232,34.58835040554766,34.59010402699943,34.58133591974057,4.8200000000000006e-05,True,True,False,False,phase6r_full_state_feasible_interval_reduced
1615.0,4.159954291479831,4.159954291479831,0.5306686339150063,3.96922401338713,34.588373451860974,34.59012692932407,34.58135954200857,6.610000000000001e-05,True,True,False,False,phase6r_full_state_feasible_interval_reduced
1620.0,4.159017042730321,4.159017042730321,0.5318239164268759,3.9701891091059878,34.588370078636366,34.59012340577649,34.581356770075864,6.2e-05,True,True,False,False,phase6r_full_state_feasible_interval_reduced
1625.0,4.1580629723250215,4.1580629723250215,0.5329789339191884,3.971154085063309,34.58834001073248,34.590093181109104,34.58132732922597,5.1200000000000004e-05,True,True,False,False,phase6r_full_state_feasible_interval_reduced
1630.0,4.157091631645028,4.157091631645028,0.5341336815946454,3.9721189651204405,34.58828296279747,34.59003596986004,34.5812709345472,9.910000000000001e-05,True,True,False,False,phase6r_full_state_feasible_interval_reduced
1635.0,4.156102555116209,4.156102555116209,0.535288154526622,3.973083772356602,34.58819863891257,34.58995147599653,34.581187290576736,7.950000000000001e-05,True,True,False,False,phase6r_full_state_feasible_interval_reduced
1640.0,4.155095259697809,4.155095259697809,0.5364423476543159,3.974048529040348,34.5880867322243,34.58983939254703,34.581076090933394,6.500000000000001e-05,True,True,False,False,phase6r_full_state_feasible_interval_reduced
1645.0,4.15406924440839,4.15406924440839,0.5375962557777626,3.9750132566017435,34.5879469245664,34.58969940122299,34.58093701794006,6.450000000000001e-05,True,True,False,False,phase6r_full_state_feasible_interval_reduced
1650.0,4.153023989896819,4.153023989896819,0.538749873552734,3.975977975605528,34.587778886072485,34.5895311720314,34.580769742236804,7.27e-05,True,True,False,False,phase6r_full_state_feasible_interval_reduced
1655.0,4.151958958066851,4.151958958066851,0.5399031954855303,3.9769427057255426,34.58758227478087,34.58933436287953,34.58057392238624,9.460000000000001e-05,True,True,False,False,phase6r_full_state_feasible_interval_reduced
1660.0,4.150873591764514,4.150873591764514,0.5410562159276872,3.9779074657207163,34.58735673623324,34.58910861917341,34.58034920447256,7.340000000000001e-05,True,True,False,False,phase6r_full_state_feasible_interval_reduced
1665.0,4.149767314538379,4.149767314538379,0.5422089290706145,3.978872273412949,34.587101903068756,34.588853573411924,34.580095221696084,7.570000000000001e-05,True,True,False,False,phase6r_full_state_feasible_interval_reduced
1670.0,4.148639530483625,4.148639530483625,0.5433613289401933,3.9798371456672776,34.58681739461591,34.588568844778536,34.57981159396544,0.0001026,True,True,False,False,phase6r_full_state_feasible_interval_reduced
1675.0,4.147489624181628,4.147489624181628,0.5445134093913548,3.9808020983746966,34.586502816484405,34.58825403873307,34.57949792748975,6.7e-05,True,True,False,False,phase6r_full_state_feasible_interval_reduced
1680.0,4.14631696074766,4.14631696074766,0.5456651641026736,3.9817671464380973,34.58615776015964,34.5879087466062,34.579153814373356,5.78e-05,True,True,False,False,phase6r_full_state_feasible_interval_reduced
1685.0,4.14512088600021,4.14512088600021,0.5468165865710071,3.9827323037617686,34.58578180260294,34.587532545199615,34.578778832216244,5.3e-05,True,True,False,False,phase6r_full_state_feasible_interval_reduced
1690.0,4.1439007267661845,4.1439007267661845,0.5479676701062199,3.983697583244982,34.58537450586076,34.58712499639514,34.57837254372325,5.3200000000000006e-05,True,True,False,False,phase6r_full_state_feasible_interval_reduced
1695.0,4.142655791337197,4.142655791337197,0.5491184078260358,3.9846629967801945,34.5849354166865,34.586685646776644,34.57793449632592,6.19e-05,True,True,False,False,phase6r_full_state_feasible_interval_reduced
1700.0,4.14138537009285,4.14138537009285,0.5502687926510617,3.9856285552564366,34.58446406617905,34.586214027268575,34.577464221820975,5.44e-05,True,True,False,False,phase6r_full_state_feasible_interval_reduced
1705.0,4.140088736307748,4.140088736307748,0.5514188173000361,3.986594268568505,34.58395996944255,34.58570965279576,34.57696123602974,5.910000000000001e-05,True,True,False,False,phase6r_full_state_feasible_interval_reduced
1710.0,4.1387651471595985,4.1387651471595985,0.5525684742853582,3.9875601456325924,34.583422625272036,34.585172021969164,34.576425038483535,5.3700000000000004e-05,True,True,False,False,phase6r_full_state_feasible_interval_reduced
1715.0,4.137413844956446,4.137413844956446,0.5537177559089572,3.9885261944090344,34.58285151587046,34.584600616803044,34.57585511214011,5.41e-05,True,True,False,False,phase6r_full_state_feasible_interval_reduced
1720.0,4.136034058601464,4.136034058601464,0.5548666542585687,3.9894924219328627,34.5822461066026,34.583994902469,34.57525092313698,5.3e-05,True,True,False,False,phase6r_full_state_feasible_interval_reduced
1725.0,4.13462500531421,4.13462500531421,0.5560151612044893,3.9904588343529146,34.58160584579211,34.583354327093254,34.57461192058756,5.4800000000000004e-05,True,True,False,False,phase6r_full_state_feasible_interval_reduced
1730.0,4.133185892627404,4.133185892627404,0.5571632683968859,3.991425436980218,34.58093016456824,34.58267832160357,34.573937536426904,6.0200000000000006e-05,True,True,False,False,phase6r_full_state_feasible_interval_reduced
1735.0,4.131715920678357,4.131715920678357,0.558310967263741,3.992392234346441,34.58021847676911,34.581966299632924,34.57322718531385,5.7e-05,True,True,False,False,phase6r_full_state_feasible_interval_reduced
1740.0,4.130214284814019,4.130214284814019,0.5594582490095227,3.993359230273167,34.57947017890932,34.581217657487386,34.572480264597026,8.09e-05,True,True,False,False,phase6r_full_state_feasible_interval_reduced
1745.0,4.128680178528233,4.128680178528233,0.5606051046146694,3.994326427952792,34.57868465021929,34.58043177418593,34.5716961543527,6.050000000000001e-05,True,True,False,False,phase6r_full_state_feasible_interval_reduced
1750.0,4.127112796749182,4.127112796749182,0.5617515248359886,3.9952938300418075,34.57786125276498,34.5796080115806,34.57087421750249,5.9600000000000005e-05,True,True,False,False,phase6r_full_state_feasible_interval_reduced
1755.0,4.125511339494111,4.125511339494111,0.5628975002080703,3.9962614387672417,34.576999331656424,34.57874571456559,34.570013800019765,5.45e-05,True,True,False,False,phase6r_full_state_feasible_interval_reduced
1760.0,4.1238750159071875,4.1238750159071875,0.5640430210458223,3.997229256047019,34.57609821535408,34.57784421138421,34.569114231233556,4.74e-05,True,True,False,False,phase6r_full_state_feasible_interval_reduced
1765.0,4.12220304869496,4.12220304869496,0.5651880774482375,3.9981972836249415,34.575157216082346,34.576902814043095,34.568174824239335,4.7000000000000004e-05,True,True,False,False,phase6r_full_state_feasible_interval_reduced
1770.0,4.120494678971956,4.120494678971956,0.5663326593035075,3.9991655232209666,34.574175630359726,34.575920818843116,34.56719487642618,5.61e-05,True,True,False,False,phase6r_full_state_feasible_interval_reduced
1775.0,4.1187491715269315,4.1187491715269315,0.5674767562955984,4.000133976697434,34.57315273965548,34.57489750703685,34.566173670129984,5.6800000000000005e-05,True,True,False,False,phase6r_full_state_feasible_interval_reduced
1780.0,4.116965820517683,4.116965820517683,0.5686203579124088,4.0011026462417725,34.57208781118247,34.57383214562239,34.56511047342278,5.27e-05,True,True,False,False,phase6r_full_state_feasible_interval_reduced
1785.0,4.115143955599648,4.115143955599648,0.569763453455631,4.0020715345662,34.57098009883643,34.57272398828357,34.56400454104786,5.1800000000000005e-05,True,True,False,False,phase6r_full_state_feasible_interval_reduced
1790.0,4.113282948490304,4.113282948490304,0.5709060320524338,4.003040645124807,34.56982884429137,34.571572276486485,34.56285511551093,5.1200000000000004e-05,True,True,False,False,phase6r_full_state_feasible_interval_reduced
1795.0,4.111382219967975,4.111382219967975,0.5720480826690916,4.004009982348334,34.568633278261125,34.57037624074218,34.56166142833693,5.42e-05,True,True,False,False,phase6r_full_state_feasible_interval_reduced
1800.0,4.109441247299966,4.109441247299966,0.5731895941266749,4.004979551896836,34.567392621936634,34.56913510204521,34.560422701502326,5.28e-05,True,True,False,False,phase6r_full_state_feasible_interval_reduced
1805.0,4.107459572090942,4.107459572090942,0.5743305551189224,4.005949360930302,34.566106088608386,34.56784807349746,34.5591381490521,5.72e-05,True,True,False,False,phase6r_full_state_feasible_interval_reduced
1810.0,4.105436808538418,4.105436808538418,0.5754709542324052,4.006919418397202,34.56477288548309,34.56651436212618,34.55780697891074,5.7700000000000007e-05,True,True,False,False,phase6r_full_state_feasible_interval_reduced
1815.0,4.103372652077823,4.103372652077823,0.5766107799690935,4.007889735340734,34.56339221570291,34.56513317090479,34.5564283948954,5.7100000000000006e-05,True,True,False,False,phase6r_full_state_feasible_interval_reduced
1820.0,4.101266888395355,4.101266888395355,0.5777500207714256,4.008860325222469,34.56196328057536,34.563703700984355,34.555001598939384,0.00030690000000000003,True,True,False,False,phase6r_full_state_feasible_interval_reduced
1825.0,4.099119402782364,4.099119402782364,0.5788886650499763,4.009831204262901,34.56048528202098,34.56222515414295,34.553525793533076,7.620000000000001e-05,True,True,False,False,phase6r_full_state_feasible_interval_reduced
1830.0,4.096930189800727,4.096930189800727,0.5800267012138098,4.010802391798263,34.55895742524516,34.56069673545926,34.552000184388774,7.3e-05,True,True,False,False,phase6r_full_state_feasible_interval_reduced
1835.0,4.094699363224439,4.094699363224439,0.5811641177035944,4.0117739106528445,34.557378921639724,34.55911765621593,34.5504239833349,6.54e-05,True,True,False,False,phase6r_full_state_feasible_interval_reduced
1840.0,4.092427166218693,4.092427166218693,0.5823009030275441,4.012745787525852,34.55574899191857,34.55748713703719,34.548796411444066,6.31e-05,True,True,False,False,phase6r_full_state_feasible_interval_reduced
1845.0,4.090113981713881,4.090113981713881,0.5834370458002424,4.013718053391774,34.55406686949094,34.55580441126405,34.54711670239848,6.790000000000001e-05,True,True,False,False,phase6r_full_state_feasible_interval_reduced
1850.0,4.087760342928645,4.087760342928645,0.5845725347843892,4.014690743912983,34.55233180407441,34.55406872856929,34.54538410609488,5.2900000000000005e-05,True,True,False,False,phase6r_full_state_feasible_interval_reduced
1855.0,4.085366943992998,4.085366943992998,0.5857073589354984,4.015663899863284,34.55054306554865,34.55227935881332,34.54359789248997,6.85e-05,True,True,False,False,phase6r_full_state_feasible_interval_reduced
1860.0,4.082934650619891,4.082934650619891,0.5868415074495595,4.0166375675608945,34.54869994804954,34.55043559614039,34.54175735568614,5.89e-05,True,True,False,False,phase6r_full_state_feasible_interval_reduced
1865.0,4.08046451077143,4.08046451077143,0.5879749698136627,4.017611799309302,34.54680177430206,34.548536763313635,34.53986181825577,4.66e-05,True,True,False,False,phase6r_full_state_feasible_interval_reduced
1870.0,4.077957765264059,4.077957765264059,0.5891077358595694,4.018586653844312,34.54484790018891,34.546582216285856,34.53791063580114,5.3500000000000006e-05,True,True,False,False,phase6r_full_state_feasible_interval_reduced
1875.0,4.075415858255659,4.075415858255659,0.590239795820196,4.019562196785514,34.54283771955031,34.544571349001515,34.5359032017455,4.49e-05,True,True,False,False,phase6r_full_state_feasible_interval_reduced
1880.0,4.0728404475563025,4.0728404475563025,0.5913711403889617,4.020538501090306,34.54077066920926,34.54250359842419,34.53383895234953,5.0900000000000004e-05,True,True,False,False,phase6r_full_state_feasible_interval_reduced
1885.0,4.070233414703414,4.070233414703414,0.5925017607819348,4.021515647508576,34.53864623421483,34.54037844978207,34.53171737194589,4.91e-05,True,True,False,False,phase6r_full_state_feasible_interval_reduced
1890.0,4.067596874741312,4.067596874741312,0.5936316488026964,4.0224937250359964,34.53646395329498,34.53819544202292,34.529537998383226,4.9000000000000005e-05,True,True,False,False,phase6r_full_state_feasible_interval_reduced
1895.0,4.064933185643855,4.064933185643855,0.5947607969098196,4.023472831363902,34.53422342450851,34.53595417346825,34.52730042866956,4.7300000000000005e-05,True,True,False,False,phase6r_full_state_feasible_interval_reduced
1900.0,4.062244957317723,4.062244957317723,0.5958891982868524,4.0244530733235555,34.53192431108485,34.53365430765519,34.5250043248035,5.7600000000000004e-05,True,True,False,False,phase6r_full_state_feasible_interval_reduced
1905.0,4.05953506012178,4.05953506012178,0.597016846914664,4.025434567322566,34.52956634743847,34.53129557935302,34.52264941978028,7.33e-05,True,True,False,False,phase6r_full_state_feasible_interval_reduced
1910.0,4.056806632835089,4.056806632835089,0.598143737646007,4.026417439771081,34.527149345343545,34.52887780073985,34.52023552375834,6.41e-05,True,True,False,False,phase6r_full_state_feasible_interval_reduced
1915.0,4.054063090002058,4.054063090002058,0.5992698662821188,4.027401827495201,34.52467320025275,34.5264008677234,34.51776253037015,5.5100000000000004e-05,True,True,False,False,phase6r_full_state_feasible_interval_reduced
1920.0,4.051308128577533,4.051308128577533,0.6003952296511681,4.028388082640917,34.52213789774252,34.52386476638816,34.51523042315996,5.13e-05,True,True,False,False,phase6r_full_state_feasible_interval_reduced
1925.0,4.048545733787027,4.048545733787027,0.6015198256883312,4.0293787184562415,34.51954352006531,34.52126957954943,34.512639282128816,4.8400000000000004e-05,True,True,False,False,phase6r_full_state_feasible_interval_reduced
1930.0,4.045780184107135,4.045780184107135,0.6026436535172498,4.0303744252338065,34.51689025278745,34.51861549339291,34.509989290365596,4.9300000000000006e-05,True,True,False,False,phase6r_full_state_feasible_interval_reduced
1935.0,4.043016055258567,4.043016055258567,0.6037667135325994,4.031375195011617,34.514178391488805,34.51590280417591,34.507280740740406,4.77e-05,True,True,False,False,phase6r_full_state_feasible_interval_reduced
1940.0,4.04025822308808,4.04025822308808,0.6048890074834572,4.03238103279038,34.51140834849831,34.5131319249643,34.504514042634334,4.8700000000000005e-05,True,True,False,False,phase6r_full_state_feasible_interval_reduced
1945.0,4.037511865195739,4.037511865195739,0.6060105385571227,4.033391956814788,34.508580659635825,34.51030339237571,34.501689728676304,4.8100000000000004e-05,True,True,False,False,phase6r_full_state_feasible_interval_reduced
1950.0,4.034782461140526,4.034782461140526,0.607131311462995,4.03440799881208,34.50569599092826,34.50741787329664,34.498808461454765,4.85e-05,True,True,False,False,phase6r_full_state_feasible_interval_reduced
1955.0,4.032075791028422,4.032075791028422,0.6082513325160585,4.035429204180999,34.5027551452628,34.50447617153661,34.49587104016757,4.7900000000000006e-05,True,True,False,False,phase6r_full_state_feasible_interval_reduced
1960.0,4.029397932254543,4.029397932254543,0.6093706097194624,4.03645563212325,34.49975906893626,34.50147923437811,34.49287840716885,4.92e-05,True,True,False,False,phase6r_full_state_feasible_interval_reduced
1965.0,4.026755254132005,4.026755254132005,0.6104891528456102,4.037487355708215,34.49670885805339,34.498428158975216,34.48983165436607,4.71e-05,True,True,False,False,phase6r_full_state_feasible_interval_reduced
1970.0,4.02415441009682,4.02415441009682,0.6116069735150815,4.0385244618603044,34.493605764720726,34.49532419854741,34.48673202941399,4.46e-05,True,True,False,False,phase6r_full_state_feasible_interval_reduced
1975.0,4.0216023271286385,4.0216023271286385,0.6127240852726172,4.039567051256645,34.4904512029748,34.492168768307366,34.48358094164454,4.4500000000000004e-05,True,True,False,False,phase6r_full_state_feasible_interval_reduced
1980.0,4.019106191972543,4.019106191972543,0.6138405036592762,4.040615238120966,34.4872467543748,34.488963451052754,34.48037996766301,4.5600000000000004e-05,True,True,False,False,phase6r_full_state_feasible_interval_reduced
1985.0,4.01667343368701,4.01667343368701,0.6149562462797449,4.041669149897515,34.483994173179504,34.48571000234172,34.477130856530636,4.4000000000000006e-05,True,True,False,False,phase6r_full_state_feasible_interval_reduced
1990.0,4.014311701978745,4.014311701978745,0.6160713328636278,4.042728926786577,34.48069539101667,34.48241035516032,34.47383553444204,4.5e-05,True,True,False,False,phase6r_full_state_feasible_interval_reduced
1995.0,4.012028840716311,4.012028840716311,0.6171857853193823,4.04379472112078,34.47735252093997,34.47906662397668,34.470496108793135,4.72e-05,True,True,False,False,phase6r_full_state_feasible_interval_reduced
2000.0,4.009832855943885,4.009832855943885,0.6182996277793666,4.044866696558818,34.47396786075358,34.47568110806203,34.467114871519804,4.55e-05,True,True,False,False,phase6r_full_state_feasible_interval_reduced
2005.0,4.0077318776445185,4.0077318776445185,0.6194128866342679,4.045945027070585,34.470543895467934,34.47225629394201,34.46369430157162,4.49e-05,True,True,False,False,phase6r_full_state_feasible_interval_reduced
2010.0,4.005734114433022,4.005734114433022,0.6205255905549437,4.047029895685033,34.467083298732256,34.4687948568237,34.460237066366496,4.43e-05,True,True,False,False,phase6r_full_state_feasible_interval_reduced
2015.0,4.00384780029384,4.00384780029384,0.6216377704994698,4.048121492969524,34.46358893306942,34.465299660823646,34.456746022052506,4.5100000000000005e-05,True,True,False,False,phase6r_full_state_feasible_interval_reduced
2020.0,4.0020811324251895,4.0020811324251895,0.6227494597029212,4.049220015206978,34.460063848717496,34.461773757801396,34.453224212381905,4.47e-05,True,True,False,False,phase6r_full_state_feasible_interval_reduced
2025.0,4.000442199210989,4.000442199210989,0.6238606936471465,4.050325662235188,34.45651128086034,34.45822038458038,34.449674865980185,4.4500000000000004e-05,True,True,False,False,phase6r_full_state_feasible_interval_reduced
2030.0,3.9989388973252726,3.9989388973252726,0.6249715100075146,4.051438634911095,34.452934645006096,34.45464295831512,34.44610139177002,4.4200000000000004e-05,True,True,False,False,phase6r_full_state_feasible_interval_reduced
2035.0,3.9975788369870804,3.9975788369870804,0.6260819485733443,4.052559132162254,34.44933753024997,34.45104506974075,34.442507372286855,4.46e-05,True,True,False,False,phase6r_full_state_feasible_interval_reduced
2040.0,3.9963692344374,3.9963692344374,0.6271920511384658,4.053687347588127,34.44572369013495,34.44743047401849,34.43889655460079,4.38e-05,True,True,False,False,phase6r_full_state_feasible_interval_reduced
2045.0,3.995316790815263,3.995316790815263,0.6283018613581367,4.0548234655758035,34.44209703080404,34.44380307887034,34.43527283853887,4.39e-05,True,True,False,False,phase6r_full_state_feasible_interval_reduced
2050.0,3.9944275567798546,3.9944275567798546,0.6294114245683533,4.055967656898542,34.438461596120455,34.44016692967935,34.431640261884866,4.39e-05,True,True,False,False,phase6r_full_state_feasible_interval_reduced
2055.0,3.993706782473058,3.993706782473058,0.6305207875634847,4.057120073771662,34.43482154941986,34.436526191219514,34.42800298222124,6.16e-05,True,True,False,False,phase6r_full_state_feasible_interval_reduced
2060.0,3.9931587527567487,3.9931587527567487,0.6316299983281394,4.0582808443492375,34.431181151554085,34.432885125674375,34.424365255072935,4.6200000000000005e-05,True,True,False,False,phase6r_full_state_feasible_interval_reduced
2065.0,3.9927866081036973,3.9927866081036973,0.6327391057192793,4.059450066657219,34.427544734889594,34.429248066607855,34.42073140801655,4.47e-05,True,True,False,False,phase6r_full_state_feasible_interval_reduced
2070.0,3.992592152081688,3.992592152081688,0.6338481590948575,4.06062780197449,34.42391667294051,34.425619388566986,34.41710581043459,8.2e-05,True,True,False,False,phase6r_full_state_feasible_interval_reduced
2075.0,3.992575647054363,3.992575647054363,0.6349572078857059,4.061814067693235,34.42030134534733,34.42200347202786,34.413492838625224,5.08e-05,True,True,False,False,phase6r_full_state_feasible_interval_reduced
2080.0,3.992735600529055,3.992735600529055,0.636066301108075,4.063008829714134,34.41670309796147,34.418404663445095,34.409896836026945,9.15e-05,True,True,False,False,phase6r_full_state_feasible_interval_reduced
2085.0,3.993068545503629,3.993068545503629,0.6371754868151593,4.0642119944600354,34.41312619786561,34.41482723023534,34.406322068386686,0.00013780000000000002,True,True,False,False,phase6r_full_state_feasible_interval_reduced
2090.0,3.9935688191787597,3.9935688191787597,0.6382848114871534,4.065423400623756,34.40957478325334,34.411275310618535,34.402772673792555,0.00010680000000000001,True,True,False,False,phase6r_full_state_feasible_interval_reduced
2095.0,3.9942283454740424,3.9942283454740424,0.6393943193608962,4.066642810800369,34.40605280820927,34.40775285835909,34.399252607609974,7.13e-05,True,True,False,False,phase6r_full_state_feasible_interval_reduced
2100.0,3.9950364278609065,3.9950364278609065,0.6405040517019687,4.067869903190667,34.40256398257515,34.40426358259315,34.39576558250316,7.460000000000001e-05,True,True,False,False,phase6r_full_state_feasible_interval_reduced
2105.0,3.995979560031797,3.995979560031797,0.6416140460241997,4.069104263598335,34.3991117072563,34.400810883097336,34.39231500389218,6.8e-05,True,True,False,False,phase6r_full_state_feasible_interval_reduced
2110.0,3.9970412627729757,3.9970412627729757,0.6427243352638589,4.0703453779763,34.39569900551344,34.39739778154528,34.388903901386094,8.36e-05,True,True,False,False,phase6r_full_state_feasible_interval_reduced
2115.0,3.9982019559961914,3.9982019559961914,0.6438349469183022,4.071592625804759,34.39232845099337,34.39402684950667,34.385534856940154,6.96e-05,True,True,False,False,phase6r_full_state_feasible_interval_reduced
2120.0,3.999438875102616,3.999438875102616,0.6449459021613863,4.072845274601265,34.38900209346922,34.39070013416095,34.38220993070232,6.98e-05,True,True,False,False,phase6r_full_state_feasible_interval_reduced
2125.0,4.000726040597479,4.000726040597479,0.6460572149504411,4.074102475868405,34.38572138347772,34.387419082914505,34.3789305857306,6.82e-05,True,True,False,False,phase6r_full_state_feasible_interval_reduced
2130.0,4.002034289060254,4.002034289060254,0.6471688911418467,4.0753632627743235,34.38248709724438,34.38418446831381,34.37569761296665,7.1e-05,True,True,False,False,phase6r_full_state_feasible_interval_reduced
2135.0,4.003331372151708,4.003331372151708,0.648280927634111,4.076626549833085,34.379299263464006,34.38099631482305,34.372511058027825,0.0001274,True,True,False,False,phase6r_full_state_feasible_interval_reduced
2140.0,4.00458212830465,4.00458212830465,0.6493933115586401,4.0778911348046645,34.37615709363859,34.3778538291694,34.36937015151533,7.120000000000001e-05,True,True,False,False,phase6r_full_state_feasible_interval_reduced
2145.0,4.005748729160039,4.005748729160039,0.6505060195389624,4.079155702969013,34.37305891775378,34.374755336038035,34.366273244616764,0.00011860000000000001,True,True,False,False,phase6r_full_state_feasible_interval_reduced
2150.0,4.006790999802507,4.006790999802507,0.6516190170389075,4.080418833847368,34.370002127087936,34.37169822091108,34.363217751795354,9.620000000000001e-05,True,True,False,False,phase6r_full_state_feasible_interval_reduced
2155.0,4.007666808611524,4.007666808611524,0.6527322578190773,4.081679010351588,34.36698312588556,34.3686788817825,34.3602001022978,7.900000000000001e-05,True,True,False,False,phase6r_full_state_feasible_interval_reduced
2160.0,4.008332519319484,4.008332519319484,0.6538456835188883,4.0829346302447505,34.36399729348865,34.36569269134174,34.357215702076275,8.170000000000001e-05,True,True,False,False,phase6r_full_state_feasible_interval_reduced
2165.0,4.008743494924788,4.008743494924788,0.6549592233785896,4.084184019701007,34.361038958307525,34.36273397100692,34.35425890750996,8.11e-05,True,True,False,False,phase6r_full_state_feasible_interval_reduced
2170.0,4.0088546407107515,4.0088546407107515,0.6560727941121204,4.085425448667524,34.358101384738,34.35979597791292,34.35132301203833,7.120000000000001e-05,True,True,False,False,phase6r_full_state_feasible_interval_reduced
2175.0,4.008620971995365,4.008620971995365,0.6571862999376746,4.086657147663372,34.35517677380865,34.356870905636626,34.34840024649675,7.42e-05,True,True,False,False,phase6r_full_state_feasible_interval_reduced
2180.0,4.007998191535818,4.007998191535818,0.6582996327686568,4.087877325605205,34.35225627799103,34.35394989909008,34.34548179359483,0.0001015,True,True,False,False,phase6r_full_state_feasible_interval_reduced
2185.0,4.006943261799173,4.006943261799173,0.659412672563601,4.089084188231116,34.34933003024806,34.35102308365486,34.34255781662088,8.65e-05,True,True,False,False,phase6r_full_state_feasible_interval_reduced
2190.0,4.005414958543726,4.005414958543726,0.6605252878298632,4.0902759567028575,34.34638718705435,34.34807960828943,34.339617502113995,7.290000000000001e-05,True,True,False,False,phase6r_full_state_feasible_interval_reduced
2195.0,4.0033743941993105,4.0033743941993105,0.6616373362726964,4.091450886000916,34.343415984815934,34.345107702035186,34.33664911593895,6.96e-05,True,True,False,False,phase6r_full_state_feasible_interval_reduced
2200.0,4.000785502168738,4.000785502168738,0.6627486655788544,4.092607282782247,34.34040380886271,34.34209474309263,34.33364007194302,0.0001116,True,True,False,False,phase6r_full_state_feasible_interval_reduced
2205.0,3.9976154761295297,3.9976154761295297,0.6638591143222237,4.093743522440507,34.33733727399301,34.33902733944627,34.33057701217997,5.3400000000000004e-05,True,True,False,False,phase6r_full_state_feasible_interval_reduced
2210.0,3.993835161400582,3.993835161400582,0.6649685129781683,4.094858065185882,34.33420231542267,34.33589141988917,34.327445897556686,5.0100000000000005e-05,True,True,False,False,phase6r_full_state_feasible_interval_reduced
2215.0,3.9894193981713784,3.9894193981713784,0.6660766850332159,4.095949471038209,34.330984288925045,34.33267233423341,34.32423210769158,5.7400000000000006e-05,True,True,False,False,phase6r_full_state_feasible_interval_reduced
2220.0,3.9843473186180227,3.9843473186180227,0.6671834481772765,4.097016413695328,34.32766807893701,34.32935496148099,34.32092054876109,4.9800000000000004e-05,True,True,False,False,phase6r_full_state_feasible_interval_reduced
2225.0,3.9786026014514766,3.9786026014514766,0.6682886155665686,4.098057693291984,34.324238213434995,34.325923824759215,34.317495768138116,4.9300000000000006e-05,True,True,False,False,phase6r_full_state_feasible_interval_reduced
2230.0,3.9721736881138723,3.9721736881138723,0.6693919971466002,4.099072248097444,34.32067898443589,34.32236321187552,34.313942074677335,4.9300000000000006e-05,True,True,False,False,phase6r_full_state_feasible_interval_reduced
2235.0,3.9650539645832907,3.9650539645832907,0.6704934010256511,4.100059165208659,34.3169745730323,34.318657300401306,34.31024366355627,0.00011920000000000001,True,True,False,False,phase6r_full_state_feasible_interval_reduced
2240.0,3.9572419115527206,3.9572419115527206,0.6715926348899713,4.101017690278051,34.31310917790891,34.31479028623148,34.30638474461866,7.6e-05,True,True,False,False,phase6r_full_state_feasible_interval_reduced
2245.0,3.9487412236772403,3.9487412236772403,0.6726895074521039,4.101947236270891,34.30906714628707,34.310746514566766,34.3023496731683,7.3e-05,True,True,False,False,phase6r_full_state_feasible_interval_reduced
2250.0,3.9395608957729555,3.9395608957729555,0.6737838299231519,4.102847391178827,34.30483310619372,34.30651061221436,34.298123082111175,0.00011520000000000001,True,True,False,False,phase6r_full_state_feasible_interval_reduced
2255.0,3.929715270532029,3.929715270532029,0.6748754174982997,4.103717924528598,34.30039209883607,34.30206761998736,34.29369001423091,7.03e-05,True,True,False,False,phase6r_full_state_feasible_interval_reduced
2260.0,3.9192240388206447,3.9192240388206447,0.6759640908424166,4.104558792426054,34.29572970968259,34.29740312380243,34.289036053203226,6.780000000000001e-05,True,True,False,False,phase6r_full_state_feasible_interval_reduced
2265.0,3.908112180391114,3.908112180391114,0.6770496775591919,4.105370140777098,34.29083219661053,34.29250338283411,34.2841474517162,6.390000000000001e-05,True,True,False,False,phase6r_full_state_feasible_interval_reduced
2270.0,3.8964098304035217,3.8964098304035217,0.6781320136231929,4.1061523062436365,34.28568661319848,34.28735545280243,34.27901125478269,6.330000000000001e-05,True,True,False,False,phase6r_full_state_feasible_interval_reduced
2275.0,3.884152056118211,3.884152056118211,0.6792109447498924,4.106905814441493,34.280280924950794,34.28194730217851,34.273615416039945,5.9900000000000006e-05,True,True,False,False,phase6r_full_state_feasible_interval_reduced
2280.0,3.8713785290802214,3.8713785290802214,0.6802863276746369,4.107631374886726,34.274604115982584,34.27626791883503,34.267948904572805,6.18e-05,True,True,False,False,phase6r_full_state_feasible_interval_reduced
2285.0,3.8581330815368657,3.8581330815368657,0.6813580313083971,4.108329872262527,34.26864628352188,34.270307404496634,34.262001799622865,6.47e-05,True,True,False,False,phase6r_full_state_feasible_interval_reduced
2290.0,3.844463141912694,3.844463141912694,0.6824259377367062,4.109002353720916,34.26239871755461,34.26405705431528,34.25576537051193,6.41e-05,True,True,False,False,phase6r_full_state_feasible_interval_reduced
2295.0,3.8304190526987307,3.8304190526987307,0.6834899430291226,4.109650012150988,34.25585396309754,34.25750941905613,34.2492321392632,6.720000000000001e-05,True,True,False,False,phase6r_full_state_feasible_interval_reduced
2300.0,3.816053284376449,3.816053284376449,0.6845499578303382,4.110274165624165,34.249005862966015,34.25065834776257,34.2423959237798,6.43e-05,True,True,False,False,phase6r_full_state_feasible_interval_reduced
2305.0,3.801419569760052,3.801419569760052,0.6856059077108271,4.110876233537988,34.24184957951162,34.24349900937872,34.235251860043235,6.55e-05,True,True,False,False,phase6r_full_state_feasible_interval_reduced
2310.0,3.7865719928113544,3.7865719928113544,0.6866577332643858,4.1114577102820355,34.234381594610184,34.236027892614146,34.22779640259433,6.330000000000001e-05,True,True,False,False,phase6r_full_state_feasible_interval_reduced
2315.0,3.7715640728813034,3.7715640728813034,0.6877053899512973,4.112020137496497,34.22659968811686,34.22824278427302,34.22002730349221,8.82e-05,True,True,False,False,phase6r_full_state_feasible_interval_reduced
2320.0,3.756447888081284,3.756447888081284,0.6887488476979865,4.1125650761431505,34.218502895981366,34.220142727246426,34.211943570921136,6.7e-05,True,True,False,False,phase6r_full_state_feasible_interval_reduced
2325.0,3.7412732793501156,3.7412732793501156,0.6897880902755837,4.1130940796317885,34.210091450124345,34.21172796027436,34.203545409524274,6.440000000000001e-05,True,True,False,False,phase6r_full_state_feasible_interval_reduced
2330.0,3.726087169906157,3.726087169906157,0.6908231144894466,4.113608669135678,34.20136670291776,34.20299984232513,34.1948341452883,6.510000000000001e-05,True,True,False,False,phase6r_full_state_feasible_interval_reduced
2335.0,3.7109330241738285,3.7109330241738285,0.6918539292183837,4.114110312004116,34.19233103960997,34.19396076493603,34.18581213830571,6.560000000000001e-05,True,True,False,False,phase6r_full_state_feasible_interval_reduced
2340.0,3.695850457629181,3.695850457629181,0.692880554345503,4.114600403875134,34.18298778225103,34.184614056072995,34.17648268696318,6.42e-05,True,True,False,False,phase6r_full_state_feasible_interval_reduced
2345.0,3.6808749962469194,3.6808749962469194,0.6939030196222382,4.115080254754329,34.17334108860933,34.17496387900028,34.16684992704552,6.46e-05,True,True,False,False,phase6r_full_state_feasible_interval_reduced
2350.0,3.666037973138624,3.666037973138624,0.6949213635036656,4.1155510790051855,34.16339584926436,34.165015129344155,34.15691872894518,6.500000000000001e-05,True,True,False,False,phase6r_full_state_feasible_interval_reduced
2355.0,3.651366541823776,3.651366541823776,0.6959356319875055,4.116013988931248,34.15315758558137,34.15477333305385,34.14669459569143,6.21e-05,True,True,False,False,phase6r_full_state_feasible_interval_reduced
2360.0,3.6368837810062296,3.6368837810062296,0.6969458774822295,4.116469991446197,34.142632350697,34.14424454738618,34.136183563940264,6.19e-05,True,True,False,False,phase6r_full_state_feasible_interval_reduced
2365.0,3.6226088646906796,3.6226088646906796,0.6979521577224214,4.116919987232577,34.13182663504957,34.13343526644428,34.12539210947074,6.24e-05,True,True,False,False,phase6r_full_state_feasible_interval_reduced
2370.0,3.608557273424623,3.608557273424623,0.6989545347428171,4.117364771777613,34.12074727743557,34.12235233224915,34.11432705818123,6.29e-05,True,True,False,False,phase6r_full_state_feasible_interval_reduced
2375.0,3.594741026493776,3.594741026493776,0.6999530739168431,4.11780503772838,34.10940138210999,34.11100285185911,34.10299550311351,6.500000000000001e-05,True,True,False,False,phase6r_full_state_feasible_interval_reduced
2380.0,3.5811689200715957,3.5811689200715957,0.7009478430613074,4.118242999832068,34.09779624209687,34.09939412070146,34.091404727678494,6.25e-05,True,True,False,False,phase6r_full_state_feasible_interval_reduced
2385.0,3.5678467616648875,3.5678467616648875,0.7019389116062144,4.118681136430019,34.085939268639834,34.08753355204495,34.07956213501934,6.29e-05,True,True,False,False,phase6r_full_state_feasible_interval_reduced
2390.0,3.5547775960195045,3.5547775960195045,0.7029263498273309,4.119119911078077,34.07383792659191,34.07542861241143,34.06747518331381,6.09e-05,True,True,False,False,phase6r_full_state_feasible_interval_reduced
2395.0,3.5419619213844102,3.5419619213844102,0.7039102281388266,4.119559694877445,34.06149967549477,34.063086762676534,34.05515132676773,6.64e-05,True,True,False,False,phase6r_full_state_feasible_interval_reduced
2400.0,3.529397897564932,3.529397897564932,0.7048906164437058,4.120000774834732,34.04893191610664,34.05051540461869,34.04259796205842,6.24e-05,True,True,False,False,phase6r_full_state_feasible_interval_reduced
2405.0,3.517081548352449,3.517081548352449,0.7058675835404703,4.120443358416555,34.03614194217606,34.03772183271384,34.029822380024946,6.3e-05,True,True,False,False,phase6r_full_state_feasible_interval_reduced
2410.0,3.5050069611749985,3.5050069611749985,0.7068411965852411,4.12088757827075,34.02313689730728,34.02471319102172,34.01683172244953,7.14e-05,True,True,False,False,phase6r_full_state_feasible_interval_reduced
2415.0,3.493166485989916,3.493166485989916,0.7078115206091272,4.121333497140894,34.00992373679924,34.01149643504609,34.00363294381181,6.0400000000000004e-05,True,True,False,False,phase6r_full_state_feasible_interval_reduced
2420.0,3.481550934684168,3.481550934684168,0.708778618090984,4.12178111299157,33.99650919436523,33.99807829847599,33.9902327779222,6.280000000000001e-05,True,True,False,False,phase6r_full_state_feasible_interval_reduced
2425.0,3.4701497804646158,3.4701497804646158,0.7097425485855575,4.122230364323687,33.982899753632886,33.984465264707524,33.976637709334334,6.96e-05,True,True,False,False,phase6r_full_state_feasible_interval_reduced
2430.0,3.4589513566631425,3.4589513566631425,0.7107033684068529,4.122681135657555,33.96910162431648,33.97066354303838,33.962853949428904,5.9000000000000004e-05,True,True,False,False,phase6r_full_state_feasible_interval_reduced
2435.0,3.4479430516605154,3.4479430516605154,0.7116611303656475,4.123133263094757,33.95512072289596,33.95667904936877,33.94888741700473,5.27e-05,True,True,False,False,phase6r_full_state_feasible_interval_reduced
2440.0,3.4371114997542396,3.4371114997542396,0.7126158835600237,4.123586539938932,33.94096265763717,33.9425173912436,33.934743723211454,5.7300000000000004e-05,True,True,False,False,phase6r_full_state_feasible_interval_reduced
2445.0,3.426442760838471,3.426442760838471,0.7135676732158122,4.124040722187693,33.92663271765962,33.92818385694111,33.920428160533675,0.000101,True,True,False,False,phase6r_full_state_feasible_interval_reduced
2450.0,3.415922495246072,3.415922495246072,0.7145165405756028,4.124495534021257,33.91213586587877,33.91368340843585,33.905945695650445,0.0001299,True,True,False,False,phase6r_full_state_feasible_interval_reduced
2455.0,3.405536114319097,3.405536114319097,0.7154625228295803,4.124950672804204,33.89747673529669,33.899020677707654,33.89130096565286,0.000101,True,True,False,False,phase6r_full_state_feasible_interval_reduced
2460.0,3.395268940065279,3.395268940065279,0.7164056530907096,4.125405814358356,33.8826596287297,33.88419996648864,33.87649827769393,0.0001194,True,True,False,False,phase6r_full_state_feasible_interval_reduced
2465.0,3.3851063023528885,3.3851063023528885,0.7173459603969187,4.125860616795226,33.867688520760254,33.86922524822815,33.86154161088867,7.31e-05,True,True,False,False,phase6r_full_state_feasible_interval_reduced
2470.0,3.3750337177272307,3.3750337177272307,0.718283469762954,4.126314726276341,33.85256706332647,33.85410017370383,33.84643462181704,6.96e-05,True,True,False,False,phase6r_full_state_feasible_interval_reduced
2475.0,3.365036852156399,3.365036852156399,0.7192182022218864,4.126767777666301,33.83729859096782,33.83882807626637,33.83118064977361,6.81e-05,True,True,False,False,phase6r_full_state_feasible_interval_reduced
2480.0,3.3551018864979314,3.3551018864979314,0.7201501749681358,4.127219404638194,33.82188613294174,33.823411983997275,33.8157827287196,8.060000000000001e-05,True,True,False,False,phase6r_full_state_feasible_interval_reduced
2485.0,3.3452149953120687,3.3452149953120687,0.7210794013557225,4.127669228834027,33.806332416181355,33.807854622615196,33.800243590445994,7.390000000000001e-05,True,True,False,False,phase6r_full_state_feasible_interval_reduced
2490.0,3.335363643607084,3.335363643607084,0.7220058912567244,4.128116891801831,33.7906398916971,33.79215844201524,33.7845656904245,7.05e-05,True,True,False,False,phase6r_full_state_feasible_interval_reduced
2495.0,3.3255340225083274,3.3255340225083274,0.7229296507074212,4.12856199586748,33.77481071522104,33.7763255966505,33.76875118950316,6.29e-05,True,True,False,False,phase6r_full_state_feasible_interval_reduced
2500.0,3.3157165769032364,3.3157165769032364,0.7238506830898943,4.129004235630441,33.7588468265628,33.7603580254618,33.75280203096682,7.83e-05,True,True,False,False,phase6r_full_state_feasible_interval_reduced
2505.0,3.305894472908779,3.305894472908779,0.7247689871101467,4.129443127332535,33.74274982385493,33.744257324937784,33.73671981952351,8.280000000000001e-05,True,True,False,False,phase6r_full_state_feasible_interval_reduced
2510.0,3.296067892210989,3.296067892210989,0.7256845615246498,4.1298785824080015,33.726521268749394,33.728025056809294,33.72050611650979,7.47e-05,True,True,False,False,phase6r_full_state_feasible_interval_reduced
2515.0,3.286203196326211,3.286203196326211,0.7265973957458515,4.130309710650961,33.710162092531384,33.71166214895983,33.704161866817586,0.00015370000000000002,True,True,False,False,phase6r_full_state_feasible_interval_reduced
2520.0,3.2763390065136897,3.2763390065136897,0.7275074899143275,4.130737320322791,33.6936738727833,33.69517018292254,33.68768863222633,8e-05,True,True,False,False,phase6r_full_state_feasible_interval_reduced
2525.0,3.2663660192044666,3.2663660192044666,0.7284148138085509,4.131158732279544,33.677056238840414,33.67854877692513,33.671086086501525,0.000252,True,True,False,False,phase6r_full_state_feasible_interval_reduced
2530.0,3.256481303343432,3.256481303343432,0.7293193919483685,4.131578480360259,33.660312240512845,33.661801000717624,33.65435719969373,0.00016800000000000002,True,True,False,False,phase6r_full_state_feasible_interval_reduced
2535.0,3.2462574997869518,3.2462574997869518,0.7302211301427537,4.131986394221818,33.643437449874206,33.64492238319117,33.637497716606326,7.88e-05,True,True,False,False,phase6r_full_state_feasible_interval_reduced
2540.0,3.236534759668768,3.236534759668768,0.7311201675759951,4.132402139979261,33.62644202663842,33.62792316857872,33.620517458877245,0.0001241,True,True,False,False,phase6r_full_state_feasible_interval_reduced
2545.0,3.22560910839128,3.22560910839128,0.7320161701061038,4.132785509785129,33.60930657552198,33.61078379057605,33.60339771530567,8.21e-05,True,True,False,False,phase6r_full_state_feasible_interval_reduced
2550.0,3.216837225967965,3.216837225967965,0.732909736002206,4.133215360048816,33.59206969126883,33.5935431795864,33.58617573799857,6.8e-05,True,True,False,False,phase6r_full_state_feasible_interval_reduced
2555.0,3.2036238121899587,3.2036238121899587,0.7337996315055921,4.133536476007671,33.57465634927052,33.57612565345561,33.56877913253013,0.0001359,True,True,False,False,phase6r_full_state_feasible_interval_reduced
2560.0,3.1987238884732374,3.1987238884732374,0.734688165919057,4.134048618151171,33.557210541094584,33.558676471141766,33.55134682090584,7.500000000000001e-05,True,True,False,False,phase6r_full_state_feasible_interval_reduced
2565.0,3.177745966195065,3.177745966195065,0.735570873131889,4.134178457952149,33.53945880186805,33.540919752239496,33.533615000382255,7.15e-05,True,True,False,False,phase6r_full_state_feasible_interval_reduced
2570.0,3.1867003415744697,3.1867003415744697,0.7364560676712152,4.135006798779009,33.52191270329859,33.52337161043056,33.51607707477072,7.47e-05,True,True,False,False,phase6r_full_state_feasible_interval_reduced
2575.0,3.1400992479254595,3.1400992479254595,0.7373283174623055,4.134526146633852,33.50363049204015,33.505081884859365,33.497824920763286,8.86e-05,True,True,False,False,phase6r_full_state_feasible_interval_reduced
2580.0,3.194712309327682,3.194712309327682,0.7382157375482299,4.13641644184967,33.48632831286597,33.487782095155765,33.48051318370678,8.14e-05,True,True,False,False,phase6r_full_state_feasible_interval_reduced
2585.0,3.068699449991394,3.068699449991394,0.7390681540621163,4.134066073770938,33.46696439534508,33.46840295383094,33.46121016140165,5.81e-05,True,True,False,False,phase6r_full_state_feasible_interval_reduced
2590.0,3.262527341039018,3.262527341039018,0.7399744116568494,4.139212665558162,33.45093202172883,33.45238652677941,33.44511400152652,0.0001088,True,True,False,False,phase6r_full_state_feasible_interval_reduced
2595.0,2.9158035695211715,2.9158035695211715,0.7407843570928275,4.131702270355101,33.429198206150936,33.43061642956482,33.423525312495386,6.0200000000000006e-05,True,True,False,False,phase6r_full_state_feasible_interval_reduced
2600.0,3.4768887382437894,3.4768887382437894,0.7417501595201175,4.145451163240534,33.417039088414356,33.41850934363951,33.41115806751374,5.36e-05,True,True,False,False,phase6r_full_state_feasible_interval_reduced
2605.0,2.677280388022855,2.677280388022855,0.7424938485167905,4.127498666745423,33.391743122606094,33.393134311876956,33.38617836552264,5.0600000000000003e-05,True,True,False,False,phase6r_full_state_feasible_interval_reduced
2610.0,3.7819168479804355,3.7819168479804355,0.7435443809745628,4.153892163252762,33.38531370920319,33.38681063057585,33.37932602371255,5.19e-05,True,True,False,False,phase6r_full_state_feasible_interval_reduced
2615.0,2.6121291253821965,2.6121291253821965,0.7442699723982801,4.127742345554566,33.35926180101807,33.36064276703284,33.353737936958964,5.02e-05,True,True,False,False,phase6r_full_state_feasible_interval_reduced
2620.0,3.7747652233226456,3.7747652233226456,0.7453185182936475,4.155317665526331,33.35288299388706,33.3543742716972,33.34691788264645,6.670000000000001e-05,True,True,False,False,phase6r_full_state_feasible_interval_reduced
2625.0,2.5962794177743707,2.5962794177743707,0.746039707020807,4.128914035075223,33.32677573683705,33.328150448756894,33.32127688915766,0.00010410000000000001,True,True,False,False,phase6r_full_state_feasible_interval_reduced
2630.0,3.7042635708289544,3.7042635708289544,0.7470686691238151,4.155101930704699,33.3192181066595,33.32069654863493,33.31330433875777,7.560000000000001e-05,True,True,False,False,phase6r_full_state_feasible_interval_reduced
2635.0,2.570318130120247,2.570318130120247,0.7477826463821818,4.129609102033482,33.29286663736881,33.294233764801476,33.287398127638156,6.230000000000001e-05,True,True,False,False,phase6r_full_state_feasible_interval_reduced
2640.0,3.6463250058631616,3.6463250058631616,0.7487955144393661,4.154982801535009,33.284334427648474,33.28580096827062,33.27846826515988,0.0001476,True,True,False,False,phase6r_full_state_feasible_interval_reduced
2645.0,2.551583141417823,2.551583141417823,0.7495042875342044,4.130339800656106,33.257832210082576,33.25919207685949,33.25239274297492,7.21e-05,True,True,False,False,phase6r_full_state_feasible_interval_reduced
2650.0,3.5807464074209747,3.5807464074209747,0.7504989393140435,4.154577594992544,33.248183930360874,33.24963753621795,33.24236950693256,6.96e-05,True,True,False,False,phase6r_full_state_feasible_interval_reduced
2655.0,2.5368192155270024,2.5368192155270024,0.7512036113183566,4.131063257531592,33.22158324901547,33.22293592931823,33.21617252780441,7.010000000000001e-05,True,True,False,False,phase6r_full_state_feasible_interval_reduced
2660.0,3.5119857802130023,3.5119857802130023,0.7521791629239712,4.154014755847965,33.210772322528896,33.21221249908323,33.20501161631157,6.85e-05,True,True,False,False,phase6r_full_state_feasible_interval_reduced
2665.0,2.5268268295197034,2.5268268295197034,0.7528810592655045,4.131824446686975,33.18414200049332,33.185487666285894,33.17875933732301,6.74e-05,True,True,False,False,phase6r_full_state_feasible_interval_reduced
2670.0,3.439386735400247,3.439386735400247,0.7538364444697824,4.153299787475084,33.172120099046886,33.17354634558371,33.1664151128996,6.75e-05,True,True,False,False,phase6r_full_state_feasible_interval_reduced
2675.0,2.5217944549869826,2.5217944549869826,0.754536942929501,4.132643075337628,33.14553381820356,33.146872673618574,33.14017839654349,6.91e-05,True,True,False,False,phase6r_full_state_feasible_interval_reduced
2680.0,3.3630036492587254,3.3630036492587254,0.7554711106098506,4.1524462928398576,33.13226095776907,33.133672827017904,33.126613480773756,6.790000000000001e-05,True,True,False,False,phase6r_full_state_feasible_interval_reduced
2685.0,2.521904215020366,2.521904215020366,0.7561716395584673,4.133533420301776,33.10579593840176,33.10712821443117,33.100466834284134,6.87e-05,True,True,False,False,phase6r_full_state_feasible_interval_reduced
2690.0,3.2829629847936044,3.2829629847936044,0.75708357372091,4.151465684879807,33.091240269290665,33.09263736837084,33.08565187296999,6.81e-05,True,True,False,False,phase6r_full_state_feasible_interval_reduced
2695.0,2.5272441123215446,2.5272441123215446,0.7577855859743327,4.134504697137927,33.064975331905096,33.06630127719753,33.059671550735345,6.730000000000001e-05,True,True,False,False,phase6r_full_state_feasible_interval_reduced
2700.0,3.1996442833931207,3.1996442833931207,0.758674376053053,4.1503732768099955,33.049116447068336,33.05049845862059,33.04358840085931,9.080000000000001e-05,True,True,False,False,phase6r_full_state_feasible_interval_reduced
2705.0,2.537685920315922,2.537685920315922,0.7593792888086963,4.135559775297149,33.02312873587799,33.02444859995821,33.0178492795571,6.82e-05,True,True,False,False,phase6r_full_state_feasible_interval_reduced
2710.0,3.113871355746683,3.113871355746683,0.7602442530741815,4.1491939412968755,33.00596400487387,33.00733072589606,33.00049712078507,0.00012,True,True,False,False,phase6r_full_state_feasible_interval_reduced
2715.0,2.5526653164914648,2.5526653164914648,0.7609533267732069,4.136691033983329,32.98032280398959,32.981636804031055,32.975066803823715,7.010000000000001e-05,True,True,False,False,phase6r_full_state_feasible_interval_reduced
2720.0,3.0271499758800133,3.0271499758800133,0.7617942017665069,4.147968319348724,32.961876850588936,32.963228249687575,32.95647125419438,6.780000000000001e-05,True,True,False,False,phase6r_full_state_feasible_interval_reduced
2725.0,2.570871634471281,2.570871634471281,0.7625083327760823,4.137873684128694,32.93663304355229,32.93794130626831,32.93139999268825,6.88e-05,True,True,False,False,phase6r_full_state_feasible_interval_reduced
2730.0,2.9418600017640237,2.9418600017640237,0.7633255161099056,4.1467574500231565,32.916969019265494,32.91830530421797,32.911623879455604,6.8e-05,True,True,False,False,phase6r_full_state_feasible_interval_reduced
2735.0,2.58996095809365,2.58996095809365,0.7640449497093761,4.139059185537622,32.892140354498494,32.89344283363457,32.8869304379542,6.7e-05,True,True,False,False,phase6r_full_state_feasible_interval_reduced
2740.0,2.8611830735778065,2.8611830735778065,0.7648397227853699,4.145640629051457,32.87136859937501,32.87269026877625,32.866081921770046,6.93e-05,True,True,False,False,phase6r_full_state_feasible_interval_reduced
2745.0,2.6065853473393203,2.6065853473393203,0.765563774270742,4.140175471830916,32.846925187191665,32.84822158126181,32.84173961091108,6.65e-05,True,True,False,False,phase6r_full_state_feasible_interval_reduced
2750.0,2.78849976727308,2.78849976727308,0.7663383575394289,4.144700361974847,32.82520179794921,32.8265096327542,32.81997045872923,6.86e-05,True,True,False,False,phase6r_full_state_feasible_interval_reduced
2755.0,2.6170893519629406,2.6170893519629406,0.7670653268038631,4.141142173921561,32.80106154301506,32.80235126824051,32.79590264211325,6.93e-05,True,True,False,False,phase6r_full_state_feasible_interval_reduced
2760.0,2.726276155241726,2.726276155241726,0.7678226257358747,4.143995448145657,32.7785709959693,32.779865956668914,32.77339115317082,6.840000000000001e-05,True,True,False,False,phase6r_full_state_feasible_interval_reduced
2765.0,2.6188102201638395,2.6188102201638395,0.7685500730192535,4.141899774322825,32.754613948096605,32.75589621799244,32.7494848685133,6.64e-05,True,True,False,False,phase6r_full_state_feasible_interval_reduced
2770.0,2.675053403610773,2.675053403610773,0.7692931434091453,4.14353740363429,32.73153937162915,32.732822422629766,32.72640716762668,8.92e-05,True,True,False,False,phase6r_full_state_feasible_interval_reduced
2775.0,2.6111630876728036,2.6111630876728036,0.7700184664890545,4.1424344195603195,32.7076379347726,32.708911929683296,32.70254195512981,6.83e-05,True,True,False,False,phase6r_full_state_feasible_interval_reduced
2780.0,2.633344349862743,2.633344349862743,0.770749951030683,4.143289217302367,32.68413289112764,32.68540483404712,32.67904511944972,6.92e-05,True,True,False,False,phase6r_full_state_feasible_interval_reduced
2785.0,2.5956096597664313,2.5956096597664313,0.7714709537139515,4.142777890488419,32.66018139849244,32.66144643178367,32.65512126532752,6.720000000000001e-05,True,True,False,False,phase6r_full_state_feasible_interval_reduced
2790.0,2.5985184047313536,2.5985184047313536,0.7721927643819324,4.1431874364886205,32.63635617258491,32.63761756465367,32.63131060430987,6.91e-05,True,True,False,False,phase6r_full_state_feasible_interval_reduced
2795.0,2.574612840640124,2.574612840640124,0.7729079346154436,4.14298465460749,32.61228495273897,32.613540549172015,32.60726256700678,6.94e-05,True,True,False,False,phase6r_full_state_feasible_interval_reduced
2800.0,2.5679382470772323,2.5679382470772323,0.7736212507951873,4.143169405392404,32.5882091522307,32.58946032016867,32.58320448047881,6.840000000000001e-05,True,True,False,False,phase6r_full_state_feasible_interval_reduced
2805.0,2.5505062246708583,2.5505062246708583,0.7743297247464848,4.143106691409921,32.56398212376367,32.565228004569526,32.55899860054025,6.840000000000001e-05,True,True,False,False,phase6r_full_state_feasible_interval_reduced
2810.0,2.5396500015236754,2.5396500015236754,0.7750351830802413,4.143189296795694,32.53969622713226,32.54093733340192,32.53473180205363,7.16e-05,True,True,False,False,phase6r_full_state_feasible_interval_reduced
2815.0,2.524935791121962,2.524935791121962,0.7757365541333308,4.14318094518443,32.51530064094909,32.516536664642786,32.51035654617432,6.99e-05,True,True,False,False,phase6r_full_state_feasible_interval_reduced
2820.0,2.5125023856506625,2.5125023856506625,0.7764344714626782,4.143220543012258,32.49082830483878,32.492059418575614,32.485903849891436,6.670000000000001e-05,True,True,False,False,phase6r_full_state_feasible_interval_reduced
2825.0,2.498851534619849,2.498851534619849,0.7771285968889615,4.1432290586507285,32.46626464029109,32.46749074476066,32.46136022241278,6.94e-05,True,True,False,False,phase6r_full_state_feasible_interval_reduced
2830.0,2.4859462621914408,2.4859462621914408,0.777819137517348,4.14325089600446,32.44162156342072,32.44284271162464,32.436736970605025,6.610000000000001e-05,True,True,False,False,phase6r_full_state_feasible_interval_reduced
2835.0,2.4727318829100478,2.4727318829100478,0.778506007484823,4.143262336594467,32.41689680154735,32.41811296567016,32.4120321450561,6.87e-05,True,True,False,False,phase6r_full_state_feasible_interval_reduced
2840.0,2.459779266018214,2.459779266018214,0.7791892795031614,4.143276348430796,32.3920956936509,32.39330688998527,32.387250908313426,6.720000000000001e-05,True,True,False,False,phase6r_full_state_feasible_interval_reduced
2845.0,2.446804391926325,2.446804391926325,0.7798689473898076,4.143286637315705,32.36721978370461,32.36842600732095,32.36239488923928,6.88e-05,True,True,False,False,phase6r_full_state_feasible_interval_reduced
2850.0,2.4339614159909986,2.4339614159909986,0.7805450477831385,4.1432967865437185,32.34227263462711,32.34347389268778,32.33746760238439,6.86e-05,True,True,False,False,phase6r_full_state_feasible_interval_reduced
2855.0,2.4211845877564255,2.4211845877564255,0.7812175990575153,4.143305435488261,32.31725692320585,32.31845321834143,32.31247174266356,6.92e-05,True,True,False,False,phase6r_full_state_feasible_interval_reduced
2860.0,2.4085153582156233,2.4085153582156233,0.7818866311014641,4.143313639085894,32.29217584618548,32.29336718455742,32.28741049269771,6.71e-05,True,True,False,False,phase6r_full_state_feasible_interval_reduced
2865.0,2.395943490986902,2.395943490986902,0.7825521709600716,4.143321293958877,32.267032443000325,32.2682188304345,32.26228689326364,6.77e-05,True,True,False,False,phase6r_full_state_feasible_interval_reduced
2870.0,2.383482506343803,2.383482506343803,0.7832142494340559,4.143328832783888,32.24182990255826,32.24301134631064,32.23710412754872,6.82e-05,True,True,False,False,phase6r_full_state_feasible_interval_reduced
2875.0,2.3711346276133347,2.3711346276133347,0.7838728979417263,4.143336436435396,32.21657141519551,32.21774792311358,32.211865383523254,6.66e-05,True,True,False,False,phase6r_full_state_feasible_interval_reduced
2880.0,2.3589067101335353,2.3589067101335353,0.7845281498056523,4.143344390796291,32.1912602303115,32.19243181117158,32.18657390687116,6.91e-05,True,True,False,False,phase6r_full_state_feasible_interval_reduced
2885.0,2.3468031405437664,2.3468031405437664,0.7851800395669145,4.143352926970739,32.165899622893015,32.16706628621532,32.1612329696038,6.92e-05,True,True,False,False,phase6r_full_state_feasible_interval_reduced
2890.0,2.334828928119888,2.334828928119888,0.7858286031580589,4.14336229007606,32.14049289962781,32.14165465571683,32.13584587527172,6.900000000000001e-05,True,True,False,False,phase6r_full_state_feasible_interval_reduced
2895.0,2.3229883758342784,2.3229883758342784,0.7864738777069018,4.143372709036703,32.1150433882344,32.116200248122325,32.11041594868271,6.610000000000001e-05,True,True,False,False,phase6r_full_state_feasible_interval_reduced
2900.0,2.3112856336011407,2.3112856336011407,0.7871159014940132,4.143384408568556,32.08955443390494,32.090706409334665,32.08494653218602,6.8e-05,True,True,False,False,phase6r_full_state_feasible_interval_reduced
2905.0,2.2997244667231085,2.2997244667231085,0.7877547138458808,4.143397603631673,32.06402939295925,32.06517649635049,32.059440979394296,6.76e-05,True,True,False,False,phase6r_full_state_feasible_interval_reduced
2910.0,2.288308347853661,2.288308347853661,0.788390355053618,4.143412501149215,32.03847162777953,32.03961387220118,32.03390265009291,6.790000000000001e-05,True,True,False,False,phase6r_full_state_feasible_interval_reduced
2915.0,2.277040420024328,2.277040420024328,0.7890228662814025,4.143429298869816,32.01288450141747,32.0140219005572,32.008334904858515,7.170000000000001e-05,True,True,False,False,phase6r_full_state_feasible_interval_reduced
2920.0,2.2659235124243016,2.2659235124243016,0.7896522894792981,4.143448185433002,31.987271372532064,31.988403940666842,31.982741099992957,0.0001129,True,True,False,False,phase6r_full_state_feasible_interval_reduced
2925.0,2.2549601371509485,2.2549601371509485,0.7902786672951734,4.1434693400323415,31.961635590423242,31.962763342389437,31.957124582558475,4.9800000000000004e-05,True,True,False,False,phase6r_full_state_feasible_interval_reduced
2930.0,2.2441524948399767,2.2441524948399767,0.7909020429881845,4.143492932298767,31.935980490270357,31.937103441434203,31.931488685614966,4.63e-05,True,True,False,False,phase6r_full_state_feasible_interval_reduced
2935.0,2.2335024784268027,2.2335024784268027,0.791522460343303,4.1435191221634415,31.910309388551294,31.91142755477952,31.905836723638384,4.49e-05,True,True,False,False,phase6r_full_state_feasible_interval_reduced
2940.0,2.223011679042976,2.223011679042976,0.7921399635874816,4.143548059789048,31.88462557866611,31.885738976296913,31.880171988142916,4.47e-05,True,True,False,False,phase6r_full_state_feasible_interval_reduced
2945.0,2.212681392474293,2.212681392474293,0.7927545973076133,4.143579885534031,31.858932326768972,31.8600409725834,31.854497743511253,4.4500000000000004e-05,True,True,False,False,phase6r_full_state_feasible_interval_reduced
2950.0,2.2025126266710613,2.2025126266710613,0.7933664063705775,4.143614729960324,31.83323286781754,31.83433677901143,31.828817223041977,4.55e-05,True,True,False,False,phase6r_full_state_feasible_interval_reduced
2955.0,2.1925061100317063,2.1925061100317063,0.7939754358455864,4.143652713877998,31.807530401844993,31.808629596001445,31.8031336252192,4.5100000000000005e-05,True,True,False,False,phase6r_full_state_feasible_interval_reduced
2960.0,2.182662300453269,2.182662300453269,0.7945817309290456,4.143693948426232,31.78182809045904,31.782922585521547,31.777450110209024,4.78e-05,True,True,False,False,phase6r_full_state_feasible_interval_reduced
2965.0,2.172981395038744,2.172981395038744,0.7951853368721119,4.143738535187653,31.75612905357069,31.757218867816984,31.751769796585513,5.3500000000000006e-05,True,True,False,False,phase6r_full_state_feasible_interval_reduced
2970.0,2.163463340384873,2.163463340384873,0.7957862989111077,4.143786566333842,31.730436366354233,31.731521518370883,31.726095758287634,4.66e-05,True,True,False,False,phase6r_full_state_feasible_interval_reduced
2975.0,2.154107843360523,2.154107843360523,0.7963846622009301,4.1438381247993075,31.704753056438406,31.7058335650962,31.700431021807233,4.8400000000000004e-05,True,True,False,False,phase6r_full_state_feasible_interval_reduced
2980.0,2.1449143822905694,2.1449143822905694,0.7969804717515664,4.143893284481399,31.679082101327527,31.680157985757692,31.674778563606864,4.77e-05,True,True,False,False,phase6r_full_state_feasible_interval_reduced
2985.0,2.1358822184601145,2.1358822184601145,0.7975737723678054,4.143952110463487,31.65342642605022,31.65449770562151,31.649141307765067,4.94e-05,True,True,False,False,phase6r_full_state_feasible_interval_reduced
2990.0,2.127010407856882,2.127010407856882,0.7981646085922101,4.144014659258769,31.627788901032254,31.628855595328904,31.62352212384566,4.8100000000000004e-05,True,True,False,False,phase6r_full_state_feasible_interval_reduced
2995.0,2.118297813072452,2.118297813072452,0.7987530246513969,4.144080979072121,31.602172340188993,31.603234468989577,31.597923824986648,4.6800000000000006e-05,True,True,False,False,phase6r_full_state_feasible_interval_reduced
3000.0,2.109743115287195,2.109743115287195,0.7993390644056433,4.144151110077397,31.57657949923214,31.57763708248934,31.57234916620332,4.77e-05,True,True,False,False,phase6r_full_state_feasible_interval_reduced
3005.0,2.10134482626785,2.10134482626785,0.7999227713018288,4.1442250847076885,31.551013074184645,31.552066132005923,31.546800842899536,4.8e-05,True,True,False,False,phase6r_full_state_feasible_interval_reduced
