time_s,charge_current_a,raw_requested_current_a,soc,terminal_voltage_v,average_temperature_c,core_temperature_c,surface_temperature_c,evaluation_time_s,optimizer_success,prediction_feasible,used_fallback,target_current_cap_active,source
0.0,0.0,0.0,0.1,3.2959070147319616,25.0,25.0,25.0,0.0,True,True,False,False,phase6r_full_state_feasible_interval_reduced
5.0,1.9989803682448222,1.9989803682448222,0.10055527232451246,3.3454803146455387,25.006997318427917,25.007038248359912,25.00683359869994,9.070000000000001e-05,True,True,False,False,phase6r_full_state_feasible_interval_reduced
10.0,3.9969567306731886,3.9969567306731886,0.10166553808303279,3.4007479039627886,25.036469797850685,25.03664347281395,25.035775097997615,6.390000000000001e-05,True,True,False,False,phase6r_full_state_feasible_interval_reduced
15.0,5.9949988715883515,5.9949988715883515,0.10333081554736288,3.4608251969209456,25.105627915262453,25.106039115329107,25.10398311499582,3.5900000000000005e-05,True,True,False,False,phase6r_full_state_feasible_interval_reduced
20.0,7.993270467759801,7.993270467759801,0.10555116845507394,3.5250206546892913,25.23292484759811,25.233688768962512,25.22986916214051,3.2500000000000004e-05,True,True,False,False,phase6r_full_state_feasible_interval_reduced
25.0,9.881930339766734,9.881930339766734,0.10829614910500915,3.590073175496493,25.433542685056274,25.4347587644604,25.428678367439776,7.010000000000001e-05,True,True,False,False,phase6r_full_state_feasible_interval_reduced
30.0,9.468466218459746,9.468466218459746,0.11092627861013686,3.600920910492452,25.629665331060966,25.63089180036277,25.624759453853752,4.6e-05,True,True,False,False,phase6r_full_state_feasible_interval_reduced
35.0,9.336476672091475,9.336476672091475,0.11351974435238449,3.614789895753065,25.828513957065265,25.829792235060676,25.82340084508362,4.2800000000000004e-05,True,True,False,False,phase6r_full_state_feasible_interval_reduced
40.0,9.178118951586399,9.178118951586399,0.11606922183893627,3.6256928068676544,26.027086075961588,26.028399098322577,26.021833986517624,4.22e-05,True,True,False,False,phase6r_full_state_feasible_interval_reduced
45.0,9.009370455796097,9.009370455796097,0.11857182474332408,3.6344562824703854,26.223447278375662,26.22478367951232,26.218101673829025,3.26e-05,True,True,False,False,phase6r_full_state_feasible_interval_reduced
50.0,8.84493382925888,8.84493382925888,0.12102875080700709,3.641807114612887,26.416606181234087,26.41795975792038,26.411191874488914,3.24e-05,True,True,False,False,phase6r_full_state_feasible_interval_reduced
55.0,8.691494840484133,8.691494840484133,0.12344305492936379,3.6482228720433834,26.60613025206595,26.60749788869821,26.60065970553691,3.13e-05,True,True,False,False,phase6r_full_state_feasible_interval_reduced
60.0,8.550401786313872,8.550401786313872,0.1258181665366732,3.6539920791247025,26.79186779178783,26.793247936357727,26.786347213508233,3.3e-05,True,True,False,False,phase6r_full_state_feasible_interval_reduced
65.0,8.420768656026873,8.420768656026873,0.12815726894112509,3.659291936219059,26.97380146923076,26.97519332795291,26.968234034342167,4.4200000000000004e-05,True,True,False,False,phase6r_full_state_feasible_interval_reduced
70.0,8.301206616487029,8.301206616487029,0.13046315966792704,3.664239228092235,27.15198245359625,27.153385630197803,27.146369747190032,3.23e-05,True,True,False,False,phase6r_full_state_feasible_interval_reduced
75.0,8.190439182296474,8.190439182296474,0.13273828166300938,3.6689158781911293,27.326500499083565,27.327914832345364,27.320843166036358,4.1400000000000003e-05,True,True,False,False,phase6r_full_state_feasible_interval_reduced
80.0,8.087417064429923,8.087417064429923,0.1349847864031288,3.6733811284808744,27.49746802122626,27.49889349889565,27.491766110548692,3.23e-05,True,True,False,False,phase6r_full_state_feasible_interval_reduced
85.0,7.991272905378965,7.991272905378965,0.13720458443240074,3.677677766805747,27.66500948899432,27.666446189879778,27.659262685452475,3.2500000000000004e-05,True,True,False,False,phase6r_full_state_feasible_interval_reduced
90.0,7.89708549883366,7.89708549883366,0.13939821929318788,3.681732890156774,27.82909999397369,27.83054714587991,27.823311386348813,3.03e-05,True,True,False,False,phase6r_full_state_feasible_interval_reduced
95.0,7.770314331892902,7.770314331892902,0.1415566399409359,3.684718806912632,27.988473217503554,27.9899227822105,27.982674958675773,3e-05,True,True,False,False,phase6r_full_state_feasible_interval_reduced
100.0,7.651826482389139,7.651826482389139,0.1436821472971551,3.687570830675231,28.143343081089338,28.144795447317286,28.13753361617755,3.04e-05,True,True,False,False,phase6r_full_state_feasible_interval_reduced
105.0,7.543991827267646,7.543991827267646,0.14577770058250722,3.690398013366321,28.294035548455604,28.295491799391908,28.288210544710395,4.04e-05,True,True,False,False,phase6r_full_state_feasible_interval_reduced
110.0,7.445054255084215,7.445054255084215,0.1478457712089195,3.693204449153907,28.440833874414285,28.442294903030092,28.434989759951055,3.37e-05,True,True,False,False,phase6r_full_state_feasible_interval_reduced
115.0,7.353246511685541,7.353246511685541,0.14988833968438772,3.695980797545961,28.583971341639113,28.58543780039713,28.57810550660705,6.19e-05,True,True,False,False,phase6r_full_state_feasible_interval_reduced
120.0,7.26711041248184,7.26711041248184,0.15190698146563267,3.698714978963049,28.723637506152052,28.725109834400865,28.717748193156797,4.2000000000000004e-05,True,True,False,False,phase6r_full_state_feasible_interval_reduced
125.0,7.185475105416437,7.185475105416437,0.15390294677269278,3.7013946145057406,28.859985303628363,28.86146376117383,28.8540714734465,4.58e-05,True,True,False,False,phase6r_full_state_feasible_interval_reduced
130.0,7.107418673555751,7.107418673555751,0.15587722973756937,3.7040083291940054,28.993137914064768,28.994622614627424,28.987199111814125,7.81e-05,True,True,False,False,phase6r_full_state_feasible_interval_reduced
135.0,7.032232405367374,7.032232405367374,0.1578306276279492,3.7065465250206464,29.123195112384664,29.124686055305506,29.117231340701302,3.55e-05,True,True,False,False,phase6r_full_state_feasible_interval_reduced
140.0,6.9593846979904725,6.9593846979904725,0.15976379004405766,3.7090016951602944,29.250238840342533,29.251735938895123,29.244250446132167,4.72e-05,True,True,False,False,phase6r_full_state_feasible_interval_reduced
145.0,6.888484645510563,6.888484645510563,0.16167725800114394,3.7113683829353197,29.374337815543754,29.375840920633024,29.368325395186677,6.110000000000001e-05,True,True,False,False,phase6r_full_state_feasible_interval_reduced
150.0,6.819248091256654,6.819248091256654,0.16357149358204856,3.713642931197667,29.4955511443779,29.497060063255248,29.489515468868497,4.16e-05,True,True,False,False,phase6r_full_state_feasible_interval_reduced
155.0,6.751469142355701,6.751469142355701,0.16544690167714737,3.7158231616147557,29.613931047797767,29.615445558247583,29.60787300599849,5.910000000000001e-05,True,True,False,False,phase6r_full_state_feasible_interval_reduced
160.0,6.684998747812888,6.684998747812888,0.16730384577376206,3.7179080813186256,29.729524891355098,29.731044752310062,29.723445447535248,6.780000000000001e-05,True,True,False,False,phase6r_full_state_feasible_interval_reduced
165.0,6.619730212668237,6.619730212668237,0.16914265972172546,3.7198976628636986,29.84237672566228,29.84390168532618,29.836276887006665,5.58e-05,True,True,False,False,phase6r_full_state_feasible_interval_reduced
170.0,6.555590302897129,6.555590302897129,0.17096365702808577,3.7217927023782535,29.952528510390465,29.95405831279164,29.946409300785756,4.18e-05,True,True,False,False,phase6r_full_state_feasible_interval_reduced
175.0,6.492534111318173,6.492534111318173,0.17276713872567415,3.7235947372482316,30.060021140936165,30.061555531550468,30.053883578478953,5.11e-05,True,True,False,False,phase6r_full_state_feasible_interval_reduced
180.0,6.4305419357114735,6.4305419357114735,0.1745534003744829,3.7253059963717545,30.164895342698983,30.166434073486112,30.15874041955047,6.63e-05,True,True,False,False,phase6r_full_state_feasible_interval_reduced
185.0,6.3696167984332,6.3696167984332,0.17632273837404766,3.7269293574587534,30.267192454708116,30.268735288664242,30.261021118883612,3.88e-05,True,True,False,False,phase6r_full_state_feasible_interval_reduced
190.0,6.309781705337206,6.309781705337206,0.1780754555144191,3.728468292144059,30.366955095925697,30.368501811093115,30.360768235256025,3.2000000000000005e-05,True,True,False,False,phase6r_full_state_feasible_interval_reduced
195.0,6.2510761872565075,6.2510761872565075,0.1798118655664348,3.7299267876996254,30.464227693580316,30.4657780863719,30.45802612241398,3.13e-05,True,True,False,False,phase6r_full_state_feasible_interval_reduced
200.0,6.193552040466227,6.193552040466227,0.18153229668878654,3.7313092421178515,30.559056851061595,30.560610738743407,30.552841300334343,4.02e-05,True,True,False,False,phase6r_full_state_feasible_interval_reduced
205.0,6.137268463554635,6.137268463554635,0.18323709348421838,3.732620336256933,30.6514915401262,30.653048762339708,30.645262651272187,4.1200000000000005e-05,True,True,False,False,phase6r_full_state_feasible_interval_reduced
210.0,6.082286966864382,6.082286966864382,0.1849266176416807,3.733864891863847,30.741583114926865,30.743143534204066,30.735341437818054,5.6200000000000004e-05,True,True,False,False,phase6r_full_state_feasible_interval_reduced
215.0,6.0286665032514914,6.0286665032514914,0.18660124722591723,3.735047727122386,30.829385160089586,30.83094866140003,30.823131154847804,5.4600000000000006e-05,True,True,False,False,phase6r_full_state_feasible_interval_reduced
220.0,5.976459242065186,5.976459242065186,0.18826137479315755,3.7361735217477596,30.914953198456395,30.916519687905513,30.908687240659916,5.22e-05,True,True,False,False,phase6r_full_state_feasible_interval_reduced
225.0,5.925707303013269,5.925707303013269,0.18990740459955013,3.7372467018358404,30.99834429370088,30.99991369655998,30.992066682264507,5.1800000000000005e-05,True,True,False,False,phase6r_full_state_feasible_interval_reduced
230.0,5.876440616329971,5.876440616329971,0.19153974921519734,3.7382713513490318,31.07961658749611,31.081188845776836,31.073327554373204,5.1200000000000004e-05,True,True,False,False,phase6r_full_state_feasible_interval_reduced
235.0,5.828675918364523,5.828675918364523,0.19315882585918748,3.739251153181242,31.158828810212672,31.160403880002068,31.152528531055086,5.2000000000000004e-05,True,True,False,False,phase6r_full_state_feasible_interval_reduced
240.0,5.782416759984753,5.782416759984753,0.19476505273696101,3.740189359060109,31.236039799227616,31.23761764797817,31.229728404225405,4.86e-05,True,True,False,False,phase6r_full_state_feasible_interval_reduced
245.0,5.73765431887184,5.73765431887184,0.1963588456033143,3.7410887847375114,31.311308051398285,31.312888655329758,31.304985635672388,5.02e-05,True,True,False,False,phase6r_full_state_feasible_interval_reduced
250.0,5.694368770670973,5.694368770670973,0.19794061470627844,3.74195182526448,31.384691327760674,31.386274669485584,31.378357960861035,4.88e-05,True,True,False,False,phase6r_full_state_feasible_interval_reduced
255.0,5.652530980652024,5.652530980652024,0.199510762200904,3.7427804845999577,31.45624632042357,31.457832386864172,31.449902054661155,5.19e-05,True,True,False,False,phase6r_full_state_feasible_interval_reduced
260.0,5.612104312998633,5.612104312998633,0.20106968006562584,3.743578725408845,31.52602838484237,31.52761716546918,31.519673262335132,5.2600000000000005e-05,True,True,False,False,phase6r_full_state_feasible_interval_reduced
265.0,5.573046404051162,5.573046404051162,0.2026177485111956,3.744355230866929,31.594091335571882,31.595682820964527,31.587725394001303,5.380000000000001e-05,True,True,False,False,phase6r_full_state_feasible_interval_reduced
270.0,5.535310796571105,5.535310796571105,0.20415533484357645,3.745112238771276,31.660487300227498,31.662081480938724,31.654110577382603,5.39e-05,True,True,False,False,phase6r_full_state_feasible_interval_reduced
275.0,5.498848376558666,5.498848376558666,0.20568279272595386,3.7458512690538326,31.72526662449864,31.726863490190215,31.718879161732342,5.3200000000000006e-05,True,True,False,False,phase6r_full_state_feasible_interval_reduced
280.0,5.463608588733821,5.463608588733821,0.20720046177837992,3.7465736324670993,31.788477820319024,31.79007735913273,31.782079665064188,5.02e-05,True,True,False,False,phase6r_full_state_feasible_interval_reduced
285.0,5.4295404309747,5.4295404309747,0.20870866745365066,3.747280466680034,31.850167549358535,31.851769747484287,31.84375875685552,5.4900000000000006e-05,True,True,False,False,phase6r_full_state_feasible_interval_reduced
290.0,5.396593243091216,5.396593243091216,0.2102077211322871,3.7479727677478127,31.910380634559694,31.91198547596467,31.903961268939792,5.1800000000000005e-05,True,True,False,False,phase6r_full_state_feasible_interval_reduced
295.0,5.364717313333751,5.364717313333751,0.21169792038599095,3.7486514170299543,31.969160093265415,31.970767559551597,31.96273022812068,5.47e-05,True,True,False,False,phase6r_full_state_feasible_interval_reduced
300.0,5.333864329084034,5.333864329084034,0.21317954936629208,3.7493172038522022,32.02654718640959,32.02815725677133,32.0201069049626,4.6200000000000005e-05,True,True,False,False,phase6r_full_state_feasible_interval_reduced
305.0,5.303987698029804,5.303987698029804,0.21465287928241147,3.7499708443267217,32.08258147916194,32.084194130419526,32.0761308741316,6.340000000000001e-05,True,True,False,False,phase6r_full_state_feasible_interval_reduced
310.0,5.275042764143819,5.275042764143819,0.2161181689391181,3.7506129967937287,32.13730090927207,32.138916115961365,32.13084008251488,5.27e-05,True,True,False,False,phase6r_full_state_feasible_interval_reduced
315.0,5.246986939917783,5.246986939917783,0.21757566531131747,3.7512442743504884,32.19074186011376,32.192359594615915,32.184270922105135,4.97e-05,True,True,False,False,phase6r_full_state_feasible_interval_reduced
320.0,5.219779773153688,5.219779773153688,0.2190256041371935,3.75186525490876,32.24293923607988,32.24455946877808,32.23645830528706,4.92e-05,True,True,False,False,phase6r_full_state_feasible_interval_reduced
325.0,5.1933829635504125,5.1933829635504125,0.2204682105159575,3.7524764891820532,32.293926538521454,32.29554923797469,32.28743574070853,4.71e-05,True,True,False,False,phase6r_full_state_feasible_interval_reduced
330.0,5.167760341533038,5.167760341533038,0.22190369949971667,3.7530785069578796,32.34373594087157,32.34536107399746,32.337235408368,0.0003642,True,True,False,False,phase6r_full_state_feasible_interval_reduced
335.0,5.142877819337577,5.142877819337577,0.22333227667175487,3.7536718219628886,32.39239836195558,32.39402589421641,32.38588823291226,8.32e-05,True,True,False,False,phase6r_full_state_feasible_interval_reduced
340.0,5.118703322300617,5.118703322300617,0.22475413870572727,3.754256935583655,32.43994353677819,32.44157343236552,32.43342395442885,7.460000000000001e-05,True,True,False,False,phase6r_full_state_feasible_interval_reduced
345.0,5.095206706591279,5.095206706591279,0.22616947390200262,3.75483433966445,32.48640008430459,32.488032306319276,32.47987119624584,6.670000000000001e-05,True,True,False,False,phase6r_full_state_feasible_interval_reduced
350.0,5.072359668224657,5.072359668224657,0.2275784626987317,3.755404518566594,32.53179557193028,32.53343008255548,32.52525752942948,7.570000000000001e-05,True,True,False,False,phase6r_full_state_feasible_interval_reduced
355.0,5.050135647068279,5.050135647068279,0.22898127815625066,3.755967950641912,32.57615657646992,32.57779333713555,32.569609533807366,7.900000000000001e-05,True,True,False,False,phase6r_full_state_feasible_interval_reduced
360.0,5.028509728652614,5.028509728652614,0.23037808641420973,3.7565251092454,32.619508741598736,32.62114771313636,32.612952855448256,7.77e-05,True,True,False,False,phase6r_full_state_feasible_interval_reduced
365.0,5.007458545884207,5.007458545884207,0.23176904712139978,3.757076463388971,32.66187683175704,32.66351797454448,32.65531226060729,6.85e-05,True,True,False,False,phase6r_full_state_feasible_interval_reduced
370.0,4.98696018220083,4.98696018220083,0.2331543138386778,3.7576224781187233,32.70328478258415,32.70492805667976,32.69671168620169,7.03e-05,True,True,False,False,phase6r_full_state_feasible_interval_reduced
375.0,4.966994077272183,4.966994077272183,0.23453403441569784,3.7581636146820485,32.74375574798838,32.745401113254815,32.73717428692264,7.64e-05,True,True,False,False,phase6r_full_state_feasible_interval_reduced
380.0,4.9475409360134,4.9475409360134,0.23590835134236823,3.7587003305376174,32.78331214398697,32.784959560204655,32.77672247911623,7.81e-05,True,True,False,False,phase6r_full_state_feasible_interval_reduced
385.0,4.928582641420639,4.928582641420639,0.23727740207609618,3.7592330792504045,32.82197568946732,32.82362511643795,32.8153779815848,0.0001168,True,True,False,False,phase6r_full_state_feasible_interval_reduced
390.0,4.910102171542669,4.910102171542669,0.23864131934596916,3.7597623103051427,32.85976744403168,32.86141884167212,32.853161853469935,6.91e-05,True,True,False,False,phase6r_full_state_feasible_interval_reduced
395.0,4.892083520755679,4.892083520755679,0.24000023143506796,3.760288468864402,32.896707843091896,32.898361171518886,32.89009452938394,7.740000000000001e-05,True,True,False,False,phase6r_full_state_feasible_interval_reduced
400.0,4.8745116254002125,4.8745116254002125,0.24135426244212357,3.7608119954918333,32.93281673038191,32.93447194998812,32.926195851957075,7.92e-05,True,True,False,False,phase6r_full_state_feasible_interval_reduced
405.0,4.857372293760264,4.857372293760264,0.24270353252372365,3.761333325856499,32.968113388053474,32.96977045957534,32.96148510196602,8.65e-05,True,True,False,False,phase6r_full_state_feasible_interval_reduced
410.0,4.840652140308487,4.840652140308487,0.24404815811825378,3.761852890430612,33.00261656451618,33.00427544909406,32.99598102620468,8.39e-05,True,True,False,False,phase6r_full_state_feasible_interval_reduced
415.0,4.824338524102812,4.824338524102812,0.24538825215272678,3.762371114190099,33.0363445001776,33.038005159408726,33.029701863253095,7.03e-05,True,True,False,False,phase6r_full_state_feasible_interval_reduced
420.0,4.808419491194065,4.808419491194065,0.24672392423361403,3.7628884163251817,33.069314951232386,33.070977347217145,33.06266536729336,6.120000000000001e-05,True,True,False,False,phase6r_full_state_feasible_interval_reduced
425.0,4.79288372088818,4.79288372088818,0.24805528082274964,3.7634052099663404,33.101545211642566,33.1032093070245,33.09488883011483,9.84e-05,True,True,False,False,phase6r_full_state_feasible_interval_reduced
430.0,4.777720475697785,4.777720475697785,0.24938242539933236,3.7639219019296895,33.13305213344343,33.1347178914435,33.126389101443124,7.81e-05,True,True,False,False,phase6r_full_state_feasible_interval_reduced
435.0,4.7629195548141015,4.7629195548141015,0.25070545860900295,3.764438892484652,33.163852145502446,33.165519529947964,33.15718260772039,6.74e-05,True,True,False,False,phase6r_full_state_feasible_interval_reduced
440.0,4.748471250929792,4.748471250929792,0.2520244784009279,3.7649565751460097,33.19396127085111,33.195630246199705,33.18728536945676,6.65e-05,True,True,False,False,phase6r_full_state_feasible_interval_reduced
445.0,4.734366310245463,4.734366310245463,0.25333958015377384,3.765475336491708,33.22339514270241,33.22506567406152,33.21671301726598,5.03e-05,True,True,False,False,phase6r_full_state_feasible_interval_reduced
450.0,4.720595895496006,4.720595895496006,0.25465085679141164,3.7659955560072835,33.25216901925984,33.25384107240206,33.245480806690935,8.44e-05,True,True,False,False,phase6r_full_state_feasible_interval_reduced
455.0,4.707151551837432,4.707151551837432,0.25595839888914423,3.7665176059573313,33.28029779741718,33.281971338791834,33.27360363191856,4.9300000000000006e-05,True,True,False,False,phase6r_full_state_feasible_interval_reduced
460.0,4.694025175439544,4.694025175439544,0.25726229477121076,3.767041851284146,33.30779602544182,33.30947102218305,33.301096038476885,5.3200000000000006e-05,True,True,False,False,phase6r_full_state_feasible_interval_reduced
465.0,4.681208984634738,4.681208984634738,0.25856263060027596,3.7675686495333,33.334677914728275,33.33635433466006,33.327972235001134,4.58e-05,True,True,False,False,phase6r_full_state_feasible_interval_reduced
470.0,4.668695493478045,4.668695493478045,0.2598594904595754,3.76809835080579,33.36095735070302,33.362635162341356,33.35424610414968,5.05e-05,True,True,False,False,phase6r_full_state_feasible_interval_reduced
475.0,4.656477487578157,4.656477487578157,0.2611529564283471,3.768631297736099,33.38664790295577,33.38832707550833,33.37993121274556,5.380000000000001e-05,True,True,False,False,phase6r_full_state_feasible_interval_reduced
480.0,4.644548002063649,4.644548002063649,0.26244310865114256,3.769167825495412,33.41176283466754,33.41344333803105,33.40504082121351,5.08e-05,True,True,False,False,phase6r_full_state_feasible_interval_reduced
485.0,4.632900301552755,4.632900301552755,0.26373002540157386,3.7697082618190363,33.436315111400425,33.437996916156074,33.42958789237784,5.0600000000000003e-05,True,True,False,False,phase6r_full_state_feasible_interval_reduced
490.0,4.6215278619991995,4.6215278619991995,0.2650137831410181,3.7702529270569864,33.46031740930956,33.46200048671659,33.453585099681426,5.11e-05,True,True,False,False,phase6r_full_state_feasible_interval_reduced
495.0,4.610424354290366,4.610424354290366,0.2662944565727654,3.77080213424654,33.483782122832935,33.485466444820716,33.477044834881795,5.5900000000000004e-05,True,True,False,False,phase6r_full_state_feasible_interval_reduced
500.0,4.599583629478003,4.599583629478003,0.2675721186920649,3.7713561892055187,33.50672137191062,33.50840691106936,33.49997921527567,5.83e-05,True,True,False,False,phase6r_full_state_feasible_interval_reduced
505.0,4.588999705525372,4.588999705525372,0.2688468408324886,3.771915390644949,33.52914700878072,33.53083373835099,33.5224000904996,5.83e-05,True,True,False,False,phase6r_full_state_feasible_interval_reduced
510.0,4.578666755458605,4.578666755458605,0.2701186927090049,3.772480030299673,33.55107062439542,33.5527585182568,33.54431904894991,5.56e-05,True,True,False,False,phase6r_full_state_feasible_interval_reduced
515.0,4.568579096813912,4.568579096813912,0.27138774245811986,3.7730503930754784,33.57250355449712,33.574192587155885,33.565747423862064,5.67e-05,True,True,False,False,phase6r_full_state_feasible_interval_reduced
520.0,4.558731182276207,4.558731182276207,0.2726540566754188,3.773626757211232,33.59345688539057,33.59514703196683,33.58669629908553,5.5e-05,True,True,False,False,phase6r_full_state_feasible_interval_reduced
525.0,4.549117591408834,4.549117591408834,0.27391770045081015,3.774209394454509,33.61394145944425,33.615632695658505,33.60717651458721,5.6300000000000006e-05,True,True,False,False,phase6r_full_state_feasible_interval_reduced
530.0,4.539733023378363,4.539733023378363,0.2751787374017486,3.7747985702491818,33.63396788035057,33.63566018250989,33.62719867171331,5.78e-05,True,True,False,False,phase6r_full_state_feasible_interval_reduced
535.0,4.530572290582653,4.530572290582653,0.2764372297046882,3.7753945439334653,33.65354651817194,33.6552398631558,33.64677313823653,5.05e-05,True,True,False,False,phase6r_full_state_feasible_interval_reduced
540.0,4.521630313095015,4.521630313095015,0.27769323812499236,3.775997568946909,33.672687514196646,33.67438187944262,33.665910053212734,5.92e-05,True,True,False,False,phase6r_full_state_feasible_interval_reduced
545.0,4.512902113841775,4.512902113841775,0.278946822045504,3.7766078930448606,33.69140078562618,33.69309614911556,33.68461933166866,5.69e-05,True,True,False,False,phase6r_full_state_feasible_interval_reduced
550.0,4.504382814435322,4.504382814435322,0.2801980394939582,3.7772257585189872,33.70969603011324,33.71139237035656,33.70291066913995,5.9000000000000004e-05,True,True,False,False,phase6r_full_state_feasible_interval_reduced
555.0,4.496067631589376,4.496067631589376,0.2814469471693997,3.7778514024224648,33.727582730167086,33.72928002618976,33.720793546076365,5.1200000000000004e-05,True,True,False,False,phase6r_full_state_feasible_interval_reduced
560.0,4.487951874048124,4.487951874048124,0.28269360046774644,3.778485056798524,33.74507015744134,33.74676838876941,33.73827723212905,5.2300000000000004e-05,True,True,False,False,phase6r_full_state_feasible_interval_reduced
565.0,4.480030939965449,4.480030939965449,0.2839380535066257,3.77912694891111,33.762167376917105,33.76386652356314,33.75537079033299,4.9800000000000004e-05,True,True,False,False,phase6r_full_state_feasible_interval_reduced
570.0,4.472300314675461,4.472300314675461,0.2851803591495911,3.779777301476471,33.778883250992685,33.7805832934419,33.77208308119583,6.25e-05,True,True,False,False,phase6r_full_state_feasible_interval_reduced
575.0,4.464755568799948,4.464755568799948,0.28642056902981333,3.7804363328945816,33.79522644348949,33.79692736268616,33.78842276670281,6.59e-05,True,True,False,False,phase6r_full_state_feasible_interval_reduced
580.0,4.457392356643172,4.457392356643172,0.28765873357332533,3.7811042574793974,33.811205423582514,33.81290720091664,33.804398314246015,6.38e-05,True,True,False,False,phase6r_full_state_feasible_interval_reduced
585.0,4.450206414828723,4.450206414828723,0.2888949020218889,3.7817812856869915,33.8268284696622,33.8285310869565,33.82001800048501,6.610000000000001e-05,True,True,False,False,phase6r_full_state_feasible_interval_reduced
590.0,4.443193561137516,4.443193561137516,0.2901291224555382,3.7824676243407414,33.84210367313362,33.84380711263088,33.83528991514462,6.54e-05,True,True,False,False,phase6r_full_state_feasible_interval_reduced
595.0,4.436349693510044,4.436349693510044,0.2913614418148465,3.7831634768528053,33.85703894215759,33.85874318650831,33.850221964754674,6.46e-05,True,True,False,False,phase6r_full_state_feasible_interval_reduced
600.0,4.429670789180104,4.429670789180104,0.2925919059229521,3.7838690434412032,33.87164200533768,33.87334703758821,33.86482187633554,6.82e-05,True,True,False,False,phase6r_full_state_feasible_interval_reduced
605.0,4.423152903910676,4.423152903910676,0.29382055950737174,3.7845845213419156,33.88592041535624,33.88762621893716,33.87909720103258,6.81e-05,True,True,False,False,phase6r_full_state_feasible_interval_reduced
610.0,4.416792171306325,4.416792171306325,0.2950474462216235,3.785310105015491,33.899881552561624,33.901588111276546,33.89305531770194,6.46e-05,True,True,False,False,phase6r_full_state_feasible_interval_reduced
615.0,4.4105848021796765,4.4105848021796765,0.2962726086666734,3.786045986347704,33.9135326285085,33.9152399265233,33.90670343644929,5.89e-05,True,True,False,False,phase6r_full_state_feasible_interval_reduced
620.0,4.404527083952593,4.404527083952593,0.29749608841221575,3.786792354843931,33.926880689452446,33.928588711284824,33.92004860212292,5.8500000000000006e-05,True,True,False,False,phase6r_full_state_feasible_interval_reduced
625.0,4.398615380075377,4.398615380075377,0.29871792601779223,3.7875493978169112,33.939932619799706,33.94164135030914,33.933097697761944,9.630000000000001e-05,True,True,False,False,phase6r_full_state_feasible_interval_reduced
630.0,4.392846129450044,4.392846129450044,0.2999381610537506,3.7883173005676998,33.95269514551238,33.95440456989045,33.9458574480001,7.69e-05,True,True,False,False,phase6r_full_state_feasible_interval_reduced
635.0,4.387215845845933,4.387215845845933,0.30115683212204114,3.7890922994502647,33.96517483746941,33.966884941230475,33.95833442242516,8.55e-05,True,True,False,False,phase6r_full_state_feasible_interval_reduced
640.0,4.381721117298078,4.381721117298078,0.30237397687684614,3.789869647668783,33.97737811478303,33.97908888375527,33.97053503889407,6.68e-05,True,True,False,False,phase6r_full_state_feasible_interval_reduced
645.0,4.376358605480723,4.376358605480723,0.30358963204503525,3.790649314594037,33.98931124807056,33.991022668387366,33.9824655668033,7.27e-05,True,True,False,False,phase6r_full_state_feasible_interval_reduced
650.0,4.371125045049948,4.371125045049948,0.304803833446438,3.7914312800097623,34.00098036268102,34.00269242077273,33.99413213031417,7.7e-05,True,True,False,False,phase6r_full_state_feasible_interval_reduced
655.0,4.366017242951035,4.366017242951035,0.30601661601392444,3.7922155230428376,34.01239144187608,34.014104124461994,34.00554071153245,7.120000000000001e-05,True,True,False,False,phase6r_full_state_feasible_interval_reduced
660.0,4.361032077687395,4.361032077687395,0.307228013813282,3.7930020222667706,34.02355032996463,34.025263624045365,34.0166971536417,6.440000000000001e-05,True,True,False,False,phase6r_full_state_feasible_interval_reduced
665.0,4.356166498549165,4.356166498549165,0.308438060062879,3.7937907557999635,34.03446273539042,34.03617662824058,34.027607163989785,6.0200000000000006e-05,True,True,False,False,phase6r_full_state_feasible_interval_reduced
670.0,4.351417524800451,4.351417524800451,0.30964678715310134,3.7945817013987755,34.04513423377206,34.04684871293316,34.03827631712767,5.8500000000000006e-05,True,True,False,False,phase6r_full_state_feasible_interval_reduced
675.0,4.3467822448252305,4.3467822448252305,0.3108542266655528,3.7953748365454505,34.05557027089473,34.05728532416841,34.0487100578,6.280000000000001e-05,True,True,False,False,phase6r_full_state_feasible_interval_reduced
680.0,4.342257815232477,4.342257815232477,0.31206040939200624,3.7961701385309854,34.065776165652956,34.06749178109446,34.05891370388693,6.47e-05,True,True,False,False,phase6r_full_state_feasible_interval_reduced
685.0,4.33784145992176,4.33784145992176,0.3132653653530956,3.796967584533026,34.075757112943876,34.07747327885576,34.06889244929633,7.740000000000001e-05,True,True,False,False,phase6r_full_state_feasible_interval_reduced
690.0,4.3335304691111585,4.3335304691111585,0.31446912381673764,3.7977671516889275,34.085518186510456,34.08723489143655,34.078651366806056,7.740000000000001e-05,True,True,False,False,phase6r_full_state_feasible_interval_reduced
695.0,4.329322198329524,4.329322198329524,0.31567171331627364,3.7985688171641008,34.09506434173412,34.09678157445372,34.088195410855725,8.350000000000001e-05,True,True,False,False,phase6r_full_state_feasible_interval_reduced
700.0,4.325214067375665,4.325214067375665,0.3168731616683224,3.799372558215783,34.10440041837654,34.10611816789878,34.09752942028761,6.41e-05,True,True,False,False,phase6r_full_state_feasible_interval_reduced
705.0,4.3212035592470865,4.3212035592470865,0.31807349599033546,3.8001783522524013,34.11353114327004,34.11524939882849,34.10665812103625,5.64e-05,True,True,False,False,phase6r_full_state_feasible_interval_reduced
710.0,4.317288219041219,4.317288219041219,0.3192727427178469,3.8009861768886695,34.12246113295652,34.12417988400399,34.11558612876664,6.43e-05,True,True,False,False,phase6r_full_state_feasible_interval_reduced
715.0,4.313465652832082,4.313465652832082,0.3204709276214114,3.8017960099966013,34.13119489627469,34.13291413247819,34.12431795146071,5.9000000000000004e-05,True,True,False,False,phase6r_full_state_feasible_interval_reduced
720.0,4.309733526525454,4.309733526525454,0.321668075823224,3.802607829752598,34.13973683689546,34.141456548131316,34.13285799195204,6.86e-05,True,True,False,False,phase6r_full_state_feasible_interval_reduced
725.0,4.3060895646956325,4.3060895646956325,0.32286421181341723,3.8034216146807807,34.14809125580546,34.149811432154635,34.14121055040877,6.08e-05,True,True,False,False,phase6r_full_state_feasible_interval_reduced
730.0,4.302531549406785,4.302531549406785,0.3240593594660302,3.804237343692751,34.1562623537389,34.15798298548243,34.1493798267648,7.000000000000001e-05,True,True,False,False,phase6r_full_state_feasible_interval_reduced
735.0,4.2990573190219195,4.2990573190219195,0.3252535420546474,3.8050549961239333,34.16425423355768,34.165975311172254,34.157369923099374,6.620000000000001e-05,True,True,False,False,phase6r_full_state_feasible_interval_reduced
740.0,4.2956647670023695,4.2956647670023695,0.32644678226770363,3.8058745517666814,34.17207090258011,34.17379241673382,34.16518484596526,3.68e-05,True,True,False,False,phase6r_full_state_feasible_interval_reduced
745.0,4.292351840700631,4.292351840700631,0.3276391022234538,3.8066959909003115,34.179716274858464,34.18143821640664,34.17282850866578,3.21e-05,True,True,False,False,phase6r_full_state_feasible_interval_reduced
750.0,4.289116540149202,4.289116540149202,0.3288305234846064,3.807519294318214,34.18719417340574,34.18891653338691,34.18030473348108,3.08e-05,True,True,False,False,phase6r_full_state_feasible_interval_reduced
755.0,4.285956916848068,4.285956916848068,0.33002106707261974,3.8083444433522367,34.19450833237192,34.19623110200391,34.18761725384397,5.6500000000000005e-05,True,True,False,False,phase6r_full_state_feasible_interval_reduced
760.0,4.2828710725531804,4.2828710725531804,0.3312107534816623,3.8091714198944455,34.201662399170324,34.20338556984644,34.19476971646586,5.39e-05,True,True,False,False,phase6r_full_state_feasible_interval_reduced
765.0,4.279857158068286,4.279857158068286,0.33239960269223684,3.810000206416461,34.2086599365545,34.210383499839814,34.20176568341324,3.2200000000000003e-05,True,True,False,False,phase6r_full_state_feasible_interval_reduced
770.0,4.276913372042217,4.276913372042217,0.3335876341844708,3.810830785986482,34.21550442464619,34.21722837227393,34.208608634135246,3.0500000000000003e-05,True,True,False,False,phase6r_full_state_feasible_interval_reduced
775.0,4.274037959773598,4.274037959773598,0.33477486695107456,3.8116631422841567,34.222199262915034,34.22392358678303,34.21530196744304,3.0200000000000002e-05,True,True,False,False,phase6r_full_state_feasible_interval_reduced
780.0,4.271229212024861,4.271229212024861,0.3359613195099703,3.8124972596134232,34.22874777211055,34.230472464277824,34.22184900344146,6.13e-05,True,True,False,False,phase6r_full_state_feasible_interval_reduced
785.0,4.268485463847209,4.268485463847209,0.3371470099165946,3.8133331229134604,34.235153196147266,34.23687824883062,34.228252985413825,4.21e-05,True,True,False,False,phase6r_full_state_feasible_interval_reduced
790.0,4.265805093418075,4.265805093418075,0.3383319557758774,3.8141707177678583,34.241418703943424,34.24314410951419,34.23451708166034,3.2200000000000003e-05,True,True,False,False,phase6r_full_state_feasible_interval_reduced
795.0,4.263186520892493,4.263186520892493,0.33951617425390307,3.815010030412141,34.247547391214304,34.249273142195094,34.24064438729117,4.18e-05,True,True,False,False,phase6r_full_state_feasible_interval_reduced
800.0,4.2606282072695905,4.2606282072695905,0.3406996820892557,3.815851047739745,34.253542282220735,34.25526837128227,34.246637925974596,3.94e-05,True,True,False,False,phase6r_full_state_feasible_interval_reduced
805.0,4.258128653275369,4.258128653275369,0.3418824956040544,3.8166937573065622,34.25940633147354,34.26113275143159,34.25250065164137,4.55e-05,True,True,False,False,phase6r_full_state_feasible_interval_reduced
810.0,4.255686398262735,4.255686398262735,0.34306463071468296,3.8175381473341483,34.26514242539498,34.26686916920728,34.258235450145754,5.02e-05,True,True,False,False,phase6r_full_state_feasible_interval_reduced
815.0,4.253300019129672,4.253300019129672,0.34424610294221897,3.8183842067116927,34.27075338393767,34.272480444701,34.26384514088433,5.2100000000000006e-05,True,True,False,False,phase6r_full_state_feasible_interval_reduced
820.0,4.250968129256274,4.250968129256274,0.3454269274225679,3.819231924996849,34.27624196216208,34.2779693331093,34.26933247837323,5.19e-05,True,True,False,False,phase6r_full_state_feasible_interval_reduced
825.0,4.24868937746134,4.24868937746134,0.3466071189163072,3.820081292415493,34.2816108517733,34.28333852627045,34.27470015378471,5.16e-05,True,True,False,False,phase6r_full_state_feasible_interval_reduced
830.0,4.2464624469790175,4.2464624469790175,0.3477866918182458,3.8209322998605164,34.28686268261791,34.288590654161425,34.27995079644383,4.9800000000000004e-05,True,True,False,False,phase6r_full_state_feasible_interval_reduced
835.0,4.244286054455989,4.244286054455989,0.34896566016670577,3.8217849388896994,34.29200002414191,34.29372828635583,34.28508697528624,4.83e-05,True,True,False,False,phase6r_full_state_feasible_interval_reduced
840.0,4.242158948969521,4.242158948969521,0.35014403765253066,3.822639201722775,34.2970253868105,34.298753933443706,34.29011120027771,4.99e-05,True,True,False,False,phase6r_full_state_feasible_interval_reduced
845.0,4.240079911066679,4.240079911066679,0.351321837627827,3.823495081237711,34.301941223490466,34.303670048413984,34.295025923796395,5.19e-05,True,True,False,False,phase6r_full_state_feasible_interval_reduced
850.0,4.238047751824904,4.238047751824904,0.352499073114445,3.824352570966302,34.306749930796165,34.308479028000534,34.29983354197869,5.2600000000000005e-05,True,True,False,False,phase6r_full_state_feasible_interval_reduced
855.0,4.23606131193405,4.23606131193405,0.3536757568122045,3.8252116650891237,34.31145385039991,34.31318321399253,34.304536396029405,5.33e-05,True,True,False,False,phase6r_full_state_feasible_interval_reduced
860.0,4.234119460799983,4.234119460799983,0.35485190110687115,3.8260723584298986,34.31605527030749,34.31778489451006,34.30913677349719,5.95e-05,True,True,False,False,phase6r_full_state_feasible_interval_reduced
865.0,4.232221095669727,4.232221095669727,0.3560275180778905,3.826934646449339,34.3205564260998,34.322286305245754,34.313636909515985,5.6000000000000006e-05,True,True,False,False,phase6r_full_state_feasible_interval_reduced
870.0,4.230365140778114,4.230365140778114,0.35720261950588444,3.827798525238497,34.32495950214132,34.3266896306733,34.318038988013384,5.3200000000000006e-05,True,True,False,False,phase6r_full_state_feasible_interval_reduced
875.0,4.228550546515827,4.228550546515827,0.35837721687991664,3.8286639915116876,34.329266632756216,34.330997005223615,34.322345142886626,5.1800000000000005e-05,True,True,False,False,phase6r_full_state_feasible_interval_reduced
880.0,4.226776288618695,4.226776288618695,0.35955132140453294,3.82953104259902,34.333479903373004,34.33521051442948,34.326557459147125,5.16e-05,True,True,False,False,phase6r_full_state_feasible_interval_reduced
885.0,4.225041367378091,4.225041367378091,0.3607249440065824,3.8303996764385686,34.337601351638405,34.339332196039464,34.330677974034174,5.2900000000000005e-05,True,True,False,False,phase6r_full_state_feasible_interval_reduced
890.0,4.223344806872155,4.223344806872155,0.36189809534182465,3.8312698915682324,34.34163296850129,34.3433640411019,34.33470867809882,6e-05,True,True,False,False,phase6r_full_state_feasible_interval_reduced
895.0,4.22168565421765,4.22168565421765,0.36307078580132957,3.832141687117316,34.345576699267376,34.347307995019605,34.338651516258466,5.6800000000000005e-05,True,True,False,False,phase6r_full_state_feasible_interval_reduced
900.0,4.220062978842146,4.220062978842146,0.3642430255176746,3.8330150627978594,34.34943444462562,34.35116595857626,34.34250838882308,4.9300000000000006e-05,True,True,False,False,phase6r_full_state_feasible_interval_reduced
905.0,4.218475871776228,4.218475871776228,0.3654148243709458,3.8338900188957497,34.35320806164673,34.354939788935,34.34628115249367,5.02e-05,True,True,False,False,phase6r_full_state_feasible_interval_reduced
910.0,4.216923444965438,4.216923444965438,0.36658619199454734,3.8347665562616395,34.35689936475485,34.35863130061011,34.34997162133385,5.03e-05,True,True,False,False,phase6r_full_state_feasible_interval_reduced
915.0,4.215404830601573,4.215404830601573,0.3677571377808255,3.8356446763017065,34.36051012667294,34.362242266412395,34.353581567715125,5.02e-05,True,True,False,False,phase6r_full_state_feasible_interval_reduced
920.0,4.213919180473013,4.213919180473013,0.36892767088651246,3.836524380968269,34.36404207934255,34.36577441836905,34.357112723236575,5.0400000000000005e-05,True,True,False,False,phase6r_full_state_feasible_interval_reduced
925.0,4.212465665333709,4.212465665333709,0.37009780023799405,3.837405672750281,34.36749691481882,34.36922944861859,34.36056677961976,5.0600000000000003e-05,True,True,False,False,phase6r_full_state_feasible_interval_reduced
930.0,4.211043474290448,4.211043474290448,0.37126753453640804,3.8382885546637366,34.370876286141154,34.37260901028162,34.363945389579285,4.91e-05,True,True,False,False,phase6r_full_state_feasible_interval_reduced
935.0,4.209651814208021,4.209651814208021,0.37243688226257693,3.8391730302419855,34.3741818081804,34.37591471830801,34.36725016766995,4.86e-05,True,True,False,False,phase6r_full_state_feasible_interval_reduced
940.0,4.208289909131906,4.208289909131906,0.37360585168178023,3.840059103526,34.37741505846313,34.379148150301184,34.370482691110894,4.85e-05,True,True,False,False,phase6r_full_state_feasible_interval_reduced
945.0,4.2069569997280585,4.2069569997280585,0.37477445084837135,3.840946779054586,34.38057757797357,34.38231084732009,34.37364450058746,5.03e-05,True,True,False,False,phase6r_full_state_feasible_interval_reduced
950.0,4.205652342739439,4.205652342739439,0.3759426876102434,3.84183606185457,34.38367087193387,34.385404314659496,34.376737101031395,5.69e-05,True,True,False,False,phase6r_full_state_feasible_interval_reduced
955.0,4.204375210458881,4.204375210458881,0.37711056961314865,3.842726957430974,34.386696410563346,34.38843002260919,34.37976196237998,4.6800000000000006e-05,True,True,False,False,phase6r_full_state_feasible_interval_reduced
960.0,4.203124890217864,4.203124890217864,0.37827810430487585,3.8436194717571803,34.389655629817085,34.3913894071927,34.38272052031462,4.6700000000000003e-05,True,True,False,False,phase6r_full_state_feasible_interval_reduced
965.0,4.201900683890867,4.201900683890867,0.37944529893928997,3.8445136112651075,34.39254993210471,34.39428387088601,34.3856141769795,4.44e-05,True,True,False,False,phase6r_full_state_feasible_interval_reduced
970.0,4.200701907414863,4.200701907414863,0.38061216058023856,3.8454093828354163,34.395380686989746,34.397114783316965,34.38844430168086,5.9000000000000004e-05,True,True,False,False,phase6r_full_state_feasible_interval_reduced
975.0,4.199527890323598,4.199527890323598,0.38177869610532844,3.8463067937877247,34.398149231870114,34.39988348194578,34.391212231567465,5.4300000000000005e-05,True,True,False,False,phase6r_full_state_feasible_interval_reduced
980.0,4.198377975296247,4.198377975296247,0.3829449122095774,3.8472058518708887,34.400856872640304,34.40259127272722,34.39391927229264,4.83e-05,True,True,False,False,phase6r_full_state_feasible_interval_reduced
985.0,4.197251517720114,4.197251517720114,0.3841108154089441,3.8481065652533037,34.403504884335725,34.405239430754996,34.39656669865865,4.6e-05,True,True,False,False,phase6r_full_state_feasible_interval_reduced
990.0,4.196147885266979,4.196147885266979,0.38527641204374047,3.8490089425132905,34.4060945117598,34.407829200888834,34.399155755243626,7.93e-05,True,True,False,False,phase6r_full_state_feasible_interval_reduced
995.0,4.195066457482735,4.195066457482735,0.38644170828193014,3.849912992629519,34.40862697009413,34.410361798364725,34.40168765701176,4.2300000000000005e-05,True,True,False,False,phase6r_full_state_feasible_interval_reduced
1000.0,4.194006625389982,4.194006625389982,0.38760671012231623,3.850818724971512,34.41110344549248,34.41283840938881,34.404163589907135,4.32e-05,True,True,False,False,phase6r_full_state_feasible_interval_reduced
1005.0,4.1929677911032295,4.1929677911032295,0.38877142339762266,3.8517261492902306,34.41352509565864,34.4152601917154,34.4065847114316,5.0900000000000004e-05,True,True,False,False,phase6r_full_state_feasible_interval_reduced
1010.0,4.191949367456359,4.191949367456359,0.38993585377747164,3.852635275708733,34.415893050409075,34.417628275209516,34.4089521512073,5.7400000000000006e-05,True,True,False,False,phase6r_full_state_feasible_interval_reduced
1015.0,4.1909507776420405,4.1909507776420405,0.3911000067712611,3.853546114712918,34.41820841222044,34.4199437623945,34.411267011524174,3.29e-05,True,True,False,False,phase6r_full_state_feasible_interval_reduced
1020.0,4.1899714548627705,4.1899714548627705,0.3922638877309452,3.8544586771423726,34.420472256762565,34.422207728984986,34.413530367872866,6.25e-05,True,True,False,False,phase6r_full_state_feasible_interval_reduced
1025.0,4.18901084199324,4.18901084199324,0.3934275018537211,3.8553729741813,34.422685633417295,34.42442122440575,34.41574326946348,3.24e-05,True,True,False,False,phase6r_full_state_feasible_interval_reduced
1030.0,4.1880683912537435,4.1880683912537435,0.3945908541846249,3.8562890173495576,34.42484956578357,34.42658527229679,34.41790673973066,3.2000000000000005e-05,True,True,False,False,phase6r_full_state_feasible_interval_reduced
1035.0,4.187143563894317,4.187143563894317,0.39575394961904,3.857206818493799,34.42696505216912,34.428700871005105,34.42002177682517,3.1700000000000005e-05,True,True,False,False,phase6r_full_state_feasible_interval_reduced
1040.0,4.186235829889357,4.186235829889357,0.39691679290512033,3.858126389778716,34.42903306606929,34.430768994063435,34.4220893540927,3.09e-05,True,True,False,False,phase6r_full_state_feasible_interval_reduced
1045.0,4.185344667642436,4.185344667642436,0.3980793886461321,3.859047743678401,34.431054556633164,34.43279059065648,34.424110420539904,3.0500000000000003e-05,True,True,False,False,phase6r_full_state_feasible_interval_reduced
1050.0,4.184469563701074,4.184469563701074,0.3992417413027158,3.8599708929678154,34.43303044911758,34.43476658607488,34.426085901288374,3e-05,True,True,False,False,phase6r_full_state_feasible_interval_reduced
1055.0,4.183610012481197,4.183610012481197,0.40040385519507166,3.860895723141893,34.43496164532916,34.43669788215729,34.42801669801665,2.9900000000000002e-05,True,True,False,False,phase6r_full_state_feasible_interval_reduced
1060.0,4.182765516001102,4.182765516001102,0.40156573450507194,3.861820711259368,34.43684902405496,34.43858535772101,34.42990368939074,3e-05,True,True,False,False,phase6r_full_state_feasible_interval_reduced
1065.0,4.181935583624636,4.181935583624636,0.402727383278301,3.862745417946548,34.43869344148183,34.440429868981404,34.431747731483526,2.9900000000000002e-05,True,True,False,False,phase6r_full_state_feasible_interval_reduced
1070.0,4.181119731813428,4.181119731813428,0.40388880542602695,3.863669853445296,34.440495731605054,34.44223224996051,34.433549658183246,3e-05,True,True,False,False,phase6r_full_state_feasible_interval_reduced
1075.0,4.18031748388793,4.18031748388793,0.40505000472710695,3.8645940282354725,34.442256706626424,34.443993312885134,34.43531028159156,2.9900000000000002e-05,True,True,False,False,phase6r_full_state_feasible_interval_reduced
1080.0,4.179528369797122,4.179528369797122,0.40621098482982837,3.8655179530281925,34.44397715734207,34.445713848574734,34.43703039241139,3e-05,True,True,False,False,phase6r_full_state_feasible_interval_reduced
1085.0,4.178751925896642,4.178751925896642,0.4073717492536886,3.866441638759201,34.44565785352054,34.44739462681947,34.438710760324824,3.0100000000000003e-05,True,True,False,False,phase6r_full_state_feasible_interval_reduced
1090.0,4.177987694735218,4.177987694735218,0.408532301391115,3.8673650965823705,34.44729954427124,34.449036396748646,34.4403521343616,4.6800000000000006e-05,True,True,False,False,phase6r_full_state_feasible_interval_reduced
1095.0,4.1772352248491895,4.1772352248491895,0.4096926445091287,3.868288337863334,34.44890295840358,34.45063988718993,34.441955243258164,7.890000000000001e-05,True,True,False,False,phase6r_full_state_feasible_interval_reduced
1100.0,4.17649407056501,4.17649407056501,0.4108527817509523,3.869211374173233,34.4504688047772,34.45220580701954,34.44352079580784,7.65e-05,True,True,False,False,phase6r_full_state_feasible_interval_reduced
1105.0,4.175763791809542,4.175763791809542,0.41201271613756607,3.8701342172826085,34.45199777264348,34.453734845503774,34.445049481202304,9.17e-05,True,True,False,False,phase6r_full_state_feasible_interval_reduced
1110.0,4.175043953928049,4.175043953928049,0.41317245056921276,3.8710568791554167,34.453490531978616,34.45522767263213,34.44654196936459,7.88e-05,True,True,False,False,phase6r_full_state_feasible_interval_reduced
1115.0,4.174334127509714,4.174334127509714,0.4143319878268543,3.871979371943191,34.45494773380864,34.45668493944229,34.44799891127405,7.81e-05,True,True,False,False,phase6r_full_state_feasible_interval_reduced
1120.0,4.173633888220594,4.173633888220594,0.4154913305735823,3.87290170797933,34.456370010526484,34.45810727833726,34.4494209392834,6.46e-05,True,True,False,False,phase6r_full_state_feasible_interval_reduced
1125.0,4.1729428166439,4.1729428166439,0.41665048135598337,3.873823899773547,34.457757976201535,34.459495303394874,34.45080866742819,5.2000000000000004e-05,True,True,False,False,phase6r_full_state_feasible_interval_reduced
1130.0,4.172260498127474,4.172260498127474,0.4178094426054632,3.8747459600064458,34.45911222688182,34.46084961067004,34.45216269172894,3.16e-05,True,True,False,False,phase6r_full_state_feasible_interval_reduced
1135.0,4.171586522638386,4.171586522638386,0.41896821663952943,3.8756679015242526,34.46043334088908,34.462170778489806,34.453483590486165,3.07e-05,True,True,False,False,phase6r_full_state_feasible_interval_reduced
1140.0,4.170920484624589,4.170920484624589,0.4201268056630363,3.876589737333702,34.46172187910713,34.46345936774175,34.45477192456867,3.03e-05,True,True,False,False,phase6r_full_state_feasible_interval_reduced
1145.0,4.170261982883465,4.170261982883465,0.4212852117693928,3.8775114805970654,34.46297838526355,34.46471592215564,34.45602823769518,2.9900000000000002e-05,True,True,False,False,phase6r_full_state_feasible_interval_reduced
1150.0,4.169610620437311,4.169610620437311,0.4224434369417365,3.8784331446273463,34.46420338620507,34.46594096857891,34.4572530567097,2.9800000000000003e-05,True,True,False,False,phase6r_full_state_feasible_interval_reduced
1155.0,4.168966004415581,4.168966004415581,0.4236014830540742,3.8793547428836286,34.465397392166935,34.46713501724597,34.45844689185078,3e-05,True,True,False,False,phase6r_full_state_feasible_interval_reduced
1160.0,4.16832774594391,4.16832774594391,0.42475935187239194,3.880276288966586,34.46656089703634,34.4682985620417,34.45961023701489,3.03e-05,True,True,False,False,phase6r_full_state_feasible_interval_reduced
1165.0,4.1676954600398,4.1676954600398,0.42591704505573635,3.881197796614163,34.467694378610325,34.46943208075933,34.46074357001431,3.0600000000000005e-05,True,True,False,False,phase6r_full_state_feasible_interval_reduced
1170.0,4.167068765514983,4.167068765514983,0.4270745641572683,3.882119279697408,34.46879829884827,34.47053603535297,34.46184735282947,5.64e-05,True,True,False,False,phase6r_full_state_feasible_interval_reduced
1175.0,4.166447284884349,4.166447284884349,0.42823191062529176,3.8830407522164996,34.46987310411924,34.47161087218497,34.46292203185633,7.790000000000001e-05,True,True,False,False,phase6r_full_state_feasible_interval_reduced
1180.0,4.165830644281456,4.165830644281456,0.42938908580425883,3.8839622282969257,34.47091922544442,34.47265702226836,34.46396803814868,7.83e-05,True,True,False,False,phase6r_full_state_feasible_interval_reduced
1185.0,4.165218473380559,4.165218473380559,0.4305460909357534,3.8848837221858483,34.47193707873489,34.47367490150465,34.46498578765585,7.53e-05,True,True,False,False,phase6r_full_state_feasible_interval_reduced
1190.0,4.164610405325135,4.164610405325135,0.43170292715945485,3.8858052482486496,34.47292706502486,34.4746649109171,34.46597568145594,7.730000000000001e-05,True,True,False,False,phase6r_full_state_feasible_interval_reduced
1195.0,4.164006076662881,4.164006076662881,0.43285959551408343,3.886726820965656,34.473889570700756,34.47562743687976,34.46693810598473,0.0001021,True,True,False,False,phase6r_full_state_feasible_interval_reduced
1200.0,4.163405127287157,4.163405127287157,0.4340160969383299,3.88764845492905,34.474824967726164,34.476562851342536,34.46787343326067,7.82e-05,True,True,False,False,phase6r_full_state_feasible_interval_reduced
1205.0,4.162807200384853,4.162807200384853,0.4351724322717701,3.888570164839974,34.47573361386307,34.477471512052354,34.46878202110594,7.94e-05,True,True,False,False,phase6r_full_state_feasible_interval_reduced
1210.0,4.162211942390679,4.162211942390679,0.43632860225576753,3.8894919655058176,34.476615852889424,34.47835376277078,34.469664213364,7.33e-05,True,True,False,False,phase6r_full_state_feasible_interval_reduced
1215.0,4.1616190029478535,4.1616190029478535,0.43748460753436413,3.890413871837712,34.477472014813344,34.47920993348826,34.470520340113694,7.93e-05,True,True,False,False,phase6r_full_state_feasible_interval_reduced
1220.0,4.161028034875169,4.161028034875169,0.4386404486551628,3.8913358988482134,34.478302416084155,34.48004034063514,34.4713507178802,6.0700000000000005e-05,True,True,False,False,phase6r_full_state_feasible_interval_reduced
1225.0,4.160438694140441,4.160438694140441,0.4397961260702018,3.8922580616491875,34.47910735980043,34.48084528728979,34.472155649843,5.3500000000000006e-05,True,True,False,False,phase6r_full_state_feasible_interval_reduced
1230.0,4.159850639840332,4.159850639840332,0.4409516401368241,3.893180375449912,34.47988713591532,34.48162506338387,34.47293542604112,5.22e-05,True,True,False,False,phase6r_full_state_feasible_interval_reduced
1235.0,4.1592635341865165,4.1592635341865165,0.44210699111854257,3.894102855555366,34.48064202143927,34.48237994590516,34.47369032357573,7.92e-05,True,True,False,False,phase6r_full_state_feasible_interval_reduced
1240.0,4.15867704249823,4.15867704249823,0.4432621791859032,3.895025517364748,34.48137228064043,34.48311019909791,34.47442060681051,7.730000000000001e-05,True,True,False,False,phase6r_full_state_feasible_interval_reduced
1245.0,4.158090833201127,4.158090833201127,0.444417204417348,3.8959483763701974,34.48207816524288,34.48381607466117,34.47512652756974,8.910000000000001e-05,True,True,False,False,phase6r_full_state_feasible_interval_reduced
1250.0,4.157504577832523,4.157504577832523,0.44557206680007927,3.8968714481557414,34.482759914622974,34.484497811945076,34.47580832533455,4.8700000000000005e-05,True,True,False,False,phase6r_full_state_feasible_interval_reduced
1255.0,4.1569179510529235,4.1569179510529235,0.44672676623092733,3.897794748396452,34.4834177560038,34.48515563814543,34.47646622743731,6.69e-05,True,True,False,False,phase6r_full_state_feasible_interval_reduced
1260.0,4.156330630663913,4.156330630663913,0.44788130251722286,3.8987182928578314,34.4840519046483,34.48578976849673,34.47710044925455,7.91e-05,True,True,False,False,phase6r_full_state_feasible_interval_reduced
1265.0,4.155742297632327,4.155742297632327,0.4490356753776763,3.8996420973954242,34.48466256405075,34.48640040646381,34.47771119439851,7.61e-05,True,True,False,False,phase6r_full_state_feasible_interval_reduced
1270.0,4.155152636120756,4.155152636120756,0.4501898844432654,3.9005661779546537,34.48524992612737,34.48698774393236,34.478298654907434,7.670000000000001e-05,True,True,False,False,phase6r_full_state_feasible_interval_reduced
1275.0,4.154561333524315,4.154561333524315,0.45134392925813327,3.901490550570892,34.485814171405785,34.487551961398474,34.478863011435024,7.110000000000001e-05,True,True,False,False,phase6r_full_state_feasible_interval_reduced
1280.0,4.153968080513671,4.153968080513671,0.45249780928049815,3.902415231369762,34.48635546921369,34.48809322815737,34.47940443343899,6.37e-05,True,True,False,False,phase6r_full_state_feasible_interval_reduced
1285.0,4.15337257108438,4.15337257108438,0.45365152388357716,3.90334023656768,34.48687397786706,34.48861170249155,34.47992307936909,7.560000000000001e-05,True,True,False,False,phase6r_full_state_feasible_interval_reduced
1290.0,4.1527745026123775,4.1527745026123775,0.45480507235652506,3.9042655824726267,34.487369844857824,34.4891075318586,34.48041909685472,7.86e-05,True,True,False,False,phase6r_full_state_feasible_interval_reduced
1295.0,4.152173575915736,4.152173575915736,0.4559584539053905,3.9051912854851687,34.487843207041394,34.48958085307867,34.48089262289227,7.350000000000001e-05,True,True,False,False,phase6r_full_state_feasible_interval_reduced
1300.0,4.151569495322561,4.151569495322561,0.4571116676540912,3.9061173620997187,34.48829419082411,34.49003179252202,34.481343784032454,6.620000000000001e-05,True,True,False,False,phase6r_full_state_feasible_interval_reduced
1305.0,4.150961968745041,4.150961968745041,0.4582647126454093,3.9070438289060365,34.488722912350845,34.49046046629661,34.4817726965678,7.850000000000001e-05,True,True,False,False,phase6r_full_state_feasible_interval_reduced
1310.0,4.150350707759609,4.150350707759609,0.4594175878420092,3.9079707025909824,34.48912947769298,34.490866980436124,34.48217946672039,6.900000000000001e-05,True,True,False,False,phase6r_full_state_feasible_interval_reduced
1315.0,4.149735427693131,4.149735427693131,0.4605702921274795,3.9088979999405185,34.489513983036716,34.49125143108836,34.48256419083016,6.64e-05,True,True,False,False,phase6r_full_state_feasible_interval_reduced
1320.0,4.149115847715163,4.149115847715163,0.4617228243074004,3.909825737841948,34.48987651487228,34.491613904704394,34.48292695554383,6.29e-05,True,True,False,False,phase6r_full_state_feasible_interval_reduced
1325.0,4.148491690936113,4.148491690936113,0.46287518311043824,3.9107539332864225,34.49021715018376,34.491954478228536,34.48326783800464,5.9800000000000003e-05,True,True,False,False,phase6r_full_state_feasible_interval_reduced
1330.0,4.147862684511338,4.147862684511338,0.4640273671894692,3.9116826033716863,34.490535956640066,34.492273219289295,34.48358690604316,4.94e-05,True,True,False,False,phase6r_full_state_feasible_interval_reduced
1335.0,4.147228559751059,4.147228559751059,0.4651793751227334,3.9126117653050767,34.49083299278705,34.49257018639152,34.48388421836918,4.92e-05,True,True,False,False,phase6r_full_state_feasible_interval_reduced
1340.0,4.146589052236054,4.146589052236054,0.46633120541502115,3.9135414364067853,34.4911083082409,34.49284542910987,34.484159824764994,6.110000000000001e-05,True,True,False,False,phase6r_full_state_feasible_interval_reduced
1345.0,4.145943901939033,4.145943901939033,0.4674828564988931,3.9144716341133603,34.491361943883064,34.49309898828379,34.48441376628015,6.050000000000001e-05,True,True,False,False,phase6r_full_state_feasible_interval_reduced
1350.0,4.145292853351621,4.145292853351621,0.4686343267359352,3.9154023759814693,34.49159393205683,34.49333089621409,34.4846460754278,4.86e-05,True,True,False,False,phase6r_full_state_feasible_interval_reduced
1355.0,4.144635655616861,4.144635655616861,0.469785614418051,3.916333679691917,34.491804296765665,34.49354117686136,34.48485677638287,4.7300000000000005e-05,True,True,False,False,phase6r_full_state_feasible_interval_reduced
1360.0,4.143972062667133,4.143972062667133,0.47093671776879187,3.9172655630539084,34.491993053873514,34.49372984604634,34.485045885182195,6.6e-05,True,True,False,False,phase6r_full_state_feasible_interval_reduced
1365.0,4.1433018333673735,4.1433018333673735,0.4720876349447273,3.9181980440095727,34.492160211307194,34.493896911652314,34.4852134099267,4.86e-05,True,True,False,False,phase6r_full_state_feasible_interval_reduced
1370.0,4.142624731663512,4.142624731663512,0.47323836403685604,3.919131140638734,34.49230576926097,34.49404237382977,34.48535935098579,4.7300000000000005e-05,True,True,False,False,phase6r_full_state_feasible_interval_reduced
1375.0,4.141940526736,4.141940526736,0.4743889030720605,3.9200648711639356,34.492429720403585,34.49416622520346,34.48548370120411,4.75e-05,True,True,False,False,phase6r_full_state_feasible_interval_reduced
1380.0,4.141248993158268,4.141248993158268,0.47553925001460445,3.9209992539557073,34.49253205008763,34.49426845108184,34.48558644611082,5.16e-05,True,True,False,False,phase6r_full_state_feasible_interval_reduced
1385.0,4.140549911060032,4.140549911060032,0.4766894027676767,3.9219343075380886,34.49261273656168,34.49434902966925,34.48566756413142,4.74e-05,True,True,False,False,phase6r_full_state_feasible_interval_reduced
1390.0,4.139843066295261,4.139843066295261,0.47783935917498094,3.922870050594392,34.49267175118509,34.49440793228078,34.485727026802344,4.75e-05,True,True,False,False,phase6r_full_state_feasible_interval_reduced
1395.0,4.139128250614674,4.139128250614674,0.4789891170223739,3.9238065019732082,34.49270905864563,34.49444512355993,34.48576479898843,4.66e-05,True,True,False,False,phase6r_full_state_feasible_interval_reduced
1400.0,4.138405261842623,4.138405261842623,0.4801386740395524,3.924743680694656,34.49272461718011,34.49446056169933,34.485780839103256,4.6700000000000003e-05,True,True,False,False,phase6r_full_state_feasible_interval_reduced
1405.0,4.137673904058156,4.137673904058156,0.48128802790179076,3.925681605956868,34.49271837879813,34.4944541986645,34.485775099332656,4.64e-05,True,True,False,False,phase6r_full_state_feasible_interval_reduced
1410.0,4.13693398778012,4.13693398778012,0.48243717623172966,3.9266202971427115,34.49269028950885,34.494425980420736,34.485747525861285,5.0600000000000003e-05,True,True,False,False,phase6r_full_state_feasible_interval_reduced
1415.0,4.136185330156102,4.136185330156102,0.4835861166012175,3.927559773826732,34.49264028955116,34.49437584716331,34.48569805910256,4.75e-05,True,True,False,False,phase6r_full_state_feasible_interval_reduced
1420.0,4.1354277551550185,4.1354277551550185,0.484734846533205,3.9285000557823433,34.49256831362716,34.494303733551,34.48562663393181,4.7900000000000006e-05,True,True,False,False,phase6r_full_state_feasible_interval_reduced
1425.0,4.134661093763159,4.134661093763159,0.48588336350369477,3.9294411629892156,34.49247429113902,34.49420956894303,34.48553317992298,4.69e-05,True,True,False,False,phase6r_full_state_feasible_interval_reduced
1430.0,4.13388518418346,4.13388518418346,0.4870316649437457,3.9303831156409004,34.492358146429396,34.49409327763956,34.48541762158875,4.6800000000000006e-05,True,True,False,False,phase6r_full_state_feasible_interval_reduced
1435.0,4.133099872037799,4.133099872037799,0.488179748241534,3.931325934152662,34.49221979902542,34.49395477912571,34.48527987862427,4.63e-05,True,True,False,False,phase6r_full_state_feasible_interval_reduced
1440.0,4.132305010572096,4.132305010572096,0.4893276107444707,3.9322696391695118,34.492059163886296,34.493793988319254,34.48511986615447,4.71e-05,True,True,False,False,phase6r_full_state_feasible_interval_reduced
1445.0,4.131500460863952,4.131500460863952,0.49047524976137735,3.9332142515744564,34.49187615165461,34.49361081582198,34.484937494985125,4.6500000000000005e-05,True,True,False,False,phase6r_full_state_feasible_interval_reduced
1450.0,4.130686092032607,4.130686092032607,0.49162266256471976,3.934159792496932,34.49167066891135,34.493405168174775,34.48473267185764,4.6700000000000003e-05,True,True,False,False,phase6r_full_state_feasible_interval_reduced
1455.0,4.12986178145096,4.12986178145096,0.49276984639290056,3.935106283321429,34.491442618434725,34.49317694811653,34.48450529970752,5.5900000000000004e-05,True,True,False,False,phase6r_full_state_feasible_interval_reduced
1460.0,4.129027414959397,4.129027414959397,0.4939167984526115,3.9360537456963125,34.4911918994628,34.492926054846805,34.48425527792676,5.75e-05,True,True,False,False,phase6r_full_state_feasible_interval_reduced
1465.0,4.128182887081113,4.128182887081113,0.49506351592124515,3.937002201542796,34.49091840795992,34.49265238429239,34.48398250263003,7.88e-05,True,True,False,False,phase6r_full_state_feasible_interval_reduced
1470.0,4.127328101238724,4.127328101238724,0.496209995949367,3.9379516730641115,34.49062203688703,34.49235582937764,34.48368686692463,5.08e-05,True,True,False,False,phase6r_full_state_feasible_interval_reduced
1475.0,4.126462969971816,4.126462969971816,0.49735623566324805,3.938902182754814,34.49030267647586,34.49203628029871,34.483368261184424,4.47e-05,True,True,False,False,phase6r_full_state_feasible_interval_reduced
1480.0,4.125587415155172,4.125587415155172,0.4985022321674578,3.93985375341026,34.48996021450685,34.491693624801684,34.48302657332752,5.28e-05,True,True,False,False,phase6r_full_state_feasible_interval_reduced
1485.0,4.12470136821737,4.12470136821737,0.4996479825475182,3.9408064081362126,34.48959453659113,34.49132774846444,34.482661689097874,5.4300000000000005e-05,True,True,False,False,phase6r_full_state_feasible_interval_reduced
1490.0,4.123804770359436,4.123804770359436,0.500793483872618,3.9417596376992083,34.489205526456146,34.49093853498251,34.48227349235068,5.2600000000000005e-05,True,True,False,False,phase6r_full_state_feasible_interval_reduced
1495.0,4.122897572773221,4.122897572773221,0.5019387331983883,3.9427118897759303,34.48879306623518,34.49052586645859,34.481861865341564,4.2300000000000005e-05,True,True,False,False,phase6r_full_state_feasible_interval_reduced
1500.0,4.121979736859232,4.121979736859232,0.5030837275697381,3.943663097080737,34.48835703676066,34.49008962369592,34.4814266890196,4.36e-05,True,True,False,False,phase6r_full_state_feasible_interval_reduced
1505.0,4.12105123444351,4.12105123444351,0.5042284640237502,3.944613297709905,34.487897317861105,34.48962968649539,34.48096784332397,4.64e-05,True,True,False,False,phase6r_full_state_feasible_interval_reduced
1510.0,4.120112047993281,4.120112047993281,0.5053729395926372,3.9455625301259514,34.487413788661875,34.48914593395625,34.48048520748438,5.86e-05,True,True,False,False,phase6r_full_state_feasible_interval_reduced
1515.0,4.119162170831026,4.119162170831026,0.5065171513067569,3.9465108331676118,34.48690632788944,34.488638244780546,34.47997866032504,5.1500000000000005e-05,True,True,False,False,phase6r_full_state_feasible_interval_reduced
1520.0,4.1182016073465615,4.1182016073465615,0.5076610961976865,3.9474582460598486,34.486374814179236,34.488106497580986,34.479448080572226,3.3e-05,True,True,False,False,phase6r_full_state_feasible_interval_reduced
1525.0,4.117230373206893,4.117230373206893,0.508804771301355,3.9484048084238976,34.48581912638696,34.48755057119238,34.47889334716526,4.47e-05,True,True,False,False,phase6r_full_state_feasible_interval_reduced
1530.0,4.116248495563366,4.116248495563366,0.5099481736612338,3.949350560287329,34.48523914390329,34.48697034498639,34.478314339570915,6.64e-05,True,True,False,False,phase6r_full_state_feasible_interval_reduced
1535.0,4.11525601325582,4.11525601325582,0.5110913003315827,3.9502955420941017,34.48463474697186,34.486365699189555,34.47771093810107,6.2e-05,True,True,False,False,phase6r_full_state_feasible_interval_reduced
1540.0,4.114252977013388,4.114252977013388,0.5122341483807531,3.951239794714634,34.48400581701035,34.48573651520455,34.47708302423354,6.340000000000001e-05,True,True,False,False,phase6r_full_state_feasible_interval_reduced
1545.0,4.113239449651514,4.113239449651514,0.5133767148945452,3.9521833594558293,34.48335223693475,34.485082675934436,34.476430480936,5.4800000000000004e-05,True,True,False,False,phase6r_full_state_feasible_interval_reduced
1550.0,4.112215506264884,4.112215506264884,0.5145189969796188,3.9531262780710863,34.48267389148643,34.484404066109846,34.475753192992755,4.83e-05,True,True,False,False,phase6r_full_state_feasible_interval_reduced
1555.0,4.111181234415882,4.111181234415882,0.5156609917669566,3.9540685927702617,34.48197066756209,34.48370057261902,34.47505104733436,4.92e-05,True,True,False,False,phase6r_full_state_feasible_interval_reduced
1560.0,4.110136734318148,4.110136734318148,0.5168026964153782,3.9550103462295696,34.48124245454631,34.482972084840405,34.47432393336994,5.03e-05,True,True,False,False,phase6r_full_state_feasible_interval_reduced
1565.0,4.109082119014976,4.109082119014976,0.5179441081151046,3.955951581601416,34.480489144646626,34.482218494977815,34.47357174332187,5.1000000000000006e-05,True,True,False,False,phase6r_full_state_feasible_interval_reduced
1570.0,4.10801751455205,4.10801751455205,0.519085224091369,3.956892342524151,34.47971063323091,34.4814396983979,34.47279437256293,5.3400000000000004e-05,True,True,False,False,phase6r_full_state_feasible_interval_reduced
1575.0,4.106943060144273,4.106943060144273,0.5202260416080757,3.9578326731317217,34.47890681916693,34.48063559396977,34.47199171995555,5.1200000000000004e-05,True,True,False,False,phase6r_full_state_feasible_interval_reduced
1580.0,4.105858908336235,4.105858908336235,0.5213665579715024,3.958772618063212,34.47807760516391,34.47980608440663,34.471163688193016,5.3700000000000004e-05,True,True,False,False,phase6r_full_state_feasible_interval_reduced
1585.0,4.104765225156016,4.104765225156016,0.5225067705340458,3.9597122224722683,34.47722289811584,34.47895107660915,34.47031018414259,5.9900000000000006e-05,True,True,False,False,phase6r_full_state_feasible_interval_reduced
1590.0,4.103662190261941,4.103662190261941,0.5236466766980075,3.9606515320363824,34.476342609446405,34.478070482010494,34.46943111919007,6.2e-05,True,True,False,False,phase6r_full_state_feasible_interval_reduced
1595.0,4.102549997081934,4.102549997081934,0.5247862739194191,3.961590592966031,34.47543665545534,34.47716421692271,34.46852640958588,7.55e-05,True,True,False,False,phase6r_full_state_feasible_interval_reduced
1600.0,4.1014288529451655,4.1014288529451655,0.5259255597119039,3.962529452013645,34.47450495766589,34.47623220288429,34.46759597679229,4.2600000000000005e-05,True,True,False,False,phase6r_full_state_feasible_interval_reduced
1605.0,4.100298979205616,4.100298979205616,0.5270645316505721,3.963468156482412,34.4735474431733,34.47527436700874,34.466639747831564,5.16e-05,True,True,False,False,phase6r_full_state_feasible_interval_reduced
1610.0,4.09916061135727,4.09916061135727,0.5282031873759491,3.964406754234888,34.47256404499403,34.4742906423338,34.465657655634956,0.00010350000000000001,True,True,False,False,phase6r_full_state_feasible_interval_reduced
1615.0,4.0980139991406,4.0980139991406,0.5293415245979326,3.965345293701409,34.47155470241544,34.47328096817128,34.464649639392086,5.66e-05,True,True,False,False,phase6r_full_state_feasible_interval_reduced
1620.0,4.096859406640067,4.096859406640067,0.530479541099777,3.9662838238882916,34.470519361345765,34.47224529045703,34.4636156449007,4.85e-05,True,True,False,False,phase6r_full_state_feasible_interval_reduced
1625.0,4.095697112372365,4.095697112372365,0.5316172347421027,3.9672223943858063,34.46945797466411,34.47118356210105,34.46255562491636,4.66e-05,True,True,False,False,phase6r_full_state_feasible_interval_reduced
1630.0,4.094527409365099,4.094527409365099,0.5327546034669263,3.9681610553759246,34.4683705025702,34.47009574333726,34.46146953950197,0.00010910000000000001,True,True,False,False,phase6r_full_state_feasible_interval_reduced
1635.0,4.093350605225714,4.093350605225714,0.5338916453017112,3.969099857639808,34.467256912933664,34.468981802072875,34.46035735637682,5.7900000000000005e-05,True,True,False,False,phase6r_full_state_feasible_interval_reduced
1640.0,4.092167022200402,4.092167022200402,0.5350283583634335,3.9700388525650476,34.46611718164253,34.467841714236954,34.45921905126483,9.95e-05,True,True,False,False,phase6r_full_state_feasible_interval_reduced
1645.0,4.090976997222847,4.090976997222847,0.5361647408626621,3.970978092152643,34.46495129295079,34.466675464128016,34.45805460824189,7.64e-05,True,True,False,False,phase6r_full_state_feasible_interval_reduced
1650.0,4.089780881952547,4.089780881952547,0.537300791107649,3.971917629023693,34.46375923982464,34.46548304476033,34.45686402008186,8.620000000000001e-05,True,True,False,False,phase6r_full_state_feasible_interval_reduced
1655.0,4.088579042802692,4.088579042802692,0.5384365075084274,3.972857516425818,34.462541024287184,34.46426445820871,34.455647288601085,6.75e-05,True,True,False,False,phase6r_full_state_feasible_interval_reduced
1660.0,4.087371860957392,4.087371860957392,0.5395718885809155,3.9737978082392793,34.461296657761366,34.46301971595143,34.4544044250011,7.94e-05,True,True,False,False,phase6r_full_state_feasible_interval_reduced
1665.0,4.086159732378283,4.086159732378283,0.5407069329510206,3.97473855898282,34.46002616141081,34.4617488392112,34.453135450209274,8.76e-05,True,True,False,False,phase6r_full_state_feasible_interval_reduced
1670.0,4.084943067800384,4.084943067800384,0.5418416393587429,3.9756798238191875,34.45872956647835,34.460451859293656,34.45184039521711,5.7700000000000007e-05,True,True,False,False,phase6r_full_state_feasible_interval_reduced
1675.0,4.083722292717343,4.083722292717343,0.5429760066622754,3.9766216585603704,34.45740691462192,34.45912881792339,34.45051930141602,6.390000000000001e-05,True,True,False,False,phase6r_full_state_feasible_interval_reduced
1680.0,4.082497847356077,4.082497847356077,0.5441100338420966,3.9775641196725156,34.45605825824766,34.45777976757702,34.44917222093021,7.44e-05,True,True,False,False,phase6r_full_state_feasible_interval_reduced
1685.0,4.081270186640971,4.081270186640971,0.5452437200050524,3.978507264280559,34.45468366083984,34.45640477181321,34.44779921694638,7.500000000000001e-05,True,True,False,False,phase6r_full_state_feasible_interval_reduced
1690.0,4.0800397801479065,4.0800397801479065,0.5463770643884268,3.979451150172541,34.453283197287504,34.455003905599305,34.44640036404032,0.000302,True,True,False,False,phase6r_full_state_feasible_interval_reduced
1695.0,4.0788071120482305,4.0788071120482305,0.5475100663639958,3.980395835803633,34.45185695420745,34.4535772556344,34.444975748499644,6.38e-05,True,True,False,False,phase6r_full_state_feasible_interval_reduced
1700.0,4.077572681043301,4.077572681043301,0.5486427254420634,3.9813413802998783,34.45040503026345,34.45212492066858,34.4435254686429,7.3e-05,True,True,False,False,phase6r_full_state_feasible_interval_reduced
1705.0,4.076337000289789,4.076337000289789,0.5497750412754772,3.9822878434616515,34.44892753648143,34.450647011818134,34.442049635134616,5.7400000000000006e-05,True,True,False,False,phase6r_full_state_feasible_interval_reduced
1710.0,4.075100597316503,4.075100597316503,0.5509070136636206,3.983235285766856,34.44742459656044,34.44914365287652,34.4405483712961,9.88e-05,True,True,False,False,phase6r_full_state_feasible_interval_reduced
1715.0,4.073864013933321,4.073864013933321,0.5520386425563799,3.98418376837388,34.44589634717916,34.447614980620976,34.43902181341187,5.67e-05,True,True,False,False,phase6r_full_state_feasible_interval_reduced
1720.0,4.0726278061330285,4.0726278061330285,0.5531699280580835,3.9851333531243207,34.4443429382979,34.4460611451145,34.43747011103151,0.0001398,True,True,False,False,phase6r_full_state_feasible_interval_reduced
1725.0,4.071392543987062,4.071392543987062,0.5543008704314133,3.986084102545527,34.44276453345592,34.44448231000319,34.43589342726687,0.00011240000000000001,True,True,False,False,phase6r_full_state_feasible_interval_reduced
1730.0,4.0701588115361345,4.0701588115361345,0.5554314701012845,3.987036079852958,34.44116131006389,34.44287865280875,34.43429193908444,6.0100000000000004e-05,True,True,False,False,phase6r_full_state_feasible_interval_reduced
1735.0,4.068927206677142,4.068927206677142,0.5565617276586948,3.9879893489524294,34.43953345969148,34.44125036521614,34.43266583759286,8.44e-05,True,True,False,False,phase6r_full_state_feasible_interval_reduced
1740.0,4.067698341047633,4.067698341047633,0.5576916438645414,3.9889439744422694,34.43788118835014,34.43959765335629,34.43101532832553,7.960000000000001e-05,True,True,False,False,phase6r_full_state_feasible_interval_reduced
1745.0,4.06647283990959,4.06647283990959,0.5588212196534051,3.989900021615437,34.43620471677079,34.4379207380839,34.42934063151831,6.97e-05,True,True,False,False,phase6r_full_state_feasible_interval_reduced
1750.0,4.06525134203429,4.06525134203429,0.5599504561373035,3.990857556461667,34.434504280676826,34.43621985525044,34.42764198238235,6.790000000000001e-05,True,True,False,False,phase6r_full_state_feasible_interval_reduced
1755.0,4.0640344995903215,4.0640344995903215,0.5610793546094119,3.9918166456697066,34.43278013105225,34.434495255972266,34.425919631372174,5.9900000000000006e-05,True,True,False,False,phase6r_full_state_feasible_interval_reduced
1760.0,4.062822978037121,4.062822978037121,0.5622079165477556,3.992777356629702,34.43103253440521,34.432747206894234,34.42417384444912,6.13e-05,True,True,False,False,phase6r_full_state_feasible_interval_reduced
1765.0,4.061617456026517,4.061617456026517,0.5633361436188741,3.993739757435848,34.42926177302718,34.430975990448864,34.422404903340436,5.5400000000000005e-05,True,True,False,False,phase6r_full_state_feasible_interval_reduced
1770.0,4.060418625315196,4.060418625315196,0.5644640376814616,3.994703916889359,34.427468145247964,34.429181905111406,34.42061310579418,5.5700000000000005e-05,True,True,False,False,phase6r_full_state_feasible_interval_reduced
1775.0,4.059227190691235,4.059227190691235,0.5655916007899869,3.9956699045018924,34.42565196568701,34.42736526565114,34.41879876583047,5.28e-05,True,True,False,False,phase6r_full_state_feasible_interval_reduced
1780.0,4.0580438699180865,4.0580438699180865,0.5667188351982975,3.9966377904995327,34.423813565501376,34.42552640337939,34.41696221398931,0.0002358,True,True,False,False,phase6r_full_state_feasible_interval_reduced
1785.0,4.05686939369987,4.05686939369987,0.5678457433632141,3.9976076458274474,34.42195329263095,34.423665666394776,34.415103797575654,7.7e-05,True,True,False,False,phase6r_full_state_feasible_interval_reduced
1790.0,4.05570450567197,4.05570450567197,0.568972327948123,3.998579542155383,34.42007151204146,34.42178341982623,34.41322388090239,7.13e-05,True,True,False,False,phase6r_full_state_feasible_interval_reduced
1795.0,4.054549962421484,4.054549962421484,0.5700985918265734,3.9995535518841256,34.41816860596612,34.41988004607471,34.411322845531764,6.88e-05,True,True,False,False,phase6r_full_state_feasible_interval_reduced
1800.0,4.05340653354217,4.05340653354217,0.5712245380858907,4.000529748153111,34.41624497414667,34.417955945054274,34.409401090516276,6.96e-05,True,True,False,False,phase6r_full_state_feasible_interval_reduced
1805.0,4.052275001729075,4.052275001729075,0.5723501700308155,4.001508204849354,34.41430103407484,34.416011534433565,34.40745903263995,6.54e-05,True,True,False,False,phase6r_full_state_feasible_interval_reduced
1810.0,4.0511561629182165,4.0511561629182165,0.5734754911871817,4.002488996617888,34.412337221235205,34.41404724987875,34.40549710666102,5.7100000000000006e-05,True,True,False,False,phase6r_full_state_feasible_interval_reduced
1815.0,4.050050826477104,4.050050826477104,0.5746005053056475,4.003472198873938,34.410353989350845,34.41206354529923,34.40351576555729,5.0900000000000004e-05,True,True,False,False,phase6r_full_state_feasible_interval_reduced
1820.0,4.048959815452043,4.048959815452043,0.5757252163654953,4.004457887817012,34.40835181063304,34.4100608930974,34.4015154807756,6.0700000000000005e-05,True,True,False,False,phase6r_full_state_feasible_interval_reduced
1825.0,4.047883966878529,4.047883966878529,0.5768496285785172,4.005446140447185,34.40633117603654,34.40803978442399,34.39949674248673,5.89e-05,True,True,False,False,phase6r_full_state_feasible_interval_reduced
1830.0,4.0468241321612055,4.0468241321612055,0.5779737463930064,4.006437034583776,34.40429259552206,34.40600072944066,34.39746005984762,6.0100000000000004e-05,True,True,False,False,phase6r_full_state_feasible_interval_reduced
1835.0,4.045781177529984,4.045781177529984,0.5790975744978758,4.007430648886706,34.40223659832788,34.40394425759173,34.395405961272495,6.69e-05,True,True,False,False,phase6r_full_state_feasible_interval_reduced
1840.0,4.044755984578952,4.044755984578952,0.5802211178269255,4.00842706288077,34.40016373325253,34.401870917886896,34.39333499471509,6.24e-05,True,True,False,False,phase6r_full_state_feasible_interval_reduced
1845.0,4.043749450894888,4.043749450894888,0.5813443815632853,4.009426356983106,34.3980745689505,34.39978127919714,34.39124772796393,6.790000000000001e-05,True,True,False,False,phase6r_full_state_feasible_interval_reduced
1850.0,4.042762490781735,4.042762490781735,0.582467371144058,4.010428612534118,34.39596969424356,34.39767593056621,34.38914474895296,5.9000000000000004e-05,True,True,False,False,phase6r_full_state_feasible_interval_reduced
1855.0,4.041796036087495,4.041796036087495,0.5835900922651934,4.011433911832131,34.39384971844991,34.39555548153985,34.38702666609014,6.16e-05,True,True,False,False,phase6r_full_state_feasible_interval_reduced
1860.0,4.04085103713932,4.04085103713932,0.584712550886621,4.012442338172025,34.39171527173381,34.393420562515686,34.3848941086063,7.58e-05,True,True,False,False,phase6r_full_state_feasible_interval_reduced
1865.0,4.0399284637922515,4.0399284637922515,0.5858347532376744,4.013453975888111,34.38956700547837,34.39127182511618,34.382747726927136,6.0100000000000004e-05,True,True,False,False,phase6r_full_state_feasible_interval_reduced
1870.0,4.039029306596083,4.039029306596083,0.58695670582284,4.014468910401485,34.38740559268432,34.38910994258761,34.38058819307114,6.900000000000001e-05,True,True,False,False,phase6r_full_state_feasible_interval_reduced
1875.0,4.038154578084077,4.038154578084077,0.5880784154278633,4.015487228272058,34.38523172839767,34.38693561022802,34.37841620107626,6.59e-05,True,True,False,False,phase6r_full_state_feasible_interval_reduced
1880.0,4.037305314185715,4.037305314185715,0.5891998891262482,4.016509017255458,34.38304613016924,34.38474954584696,34.37623246745838,5.72e-05,True,True,False,False,phase6r_full_state_feasible_interval_reduced
1885.0,4.036482575764666,4.036482575764666,0.5903211342861828,4.017534366364925,34.38084953854898,34.38255249026011,34.37403773170445,6.27e-05,True,True,False,False,phase6r_full_state_feasible_interval_reduced
1890.0,4.035687450280678,4.035687450280678,0.5914421585779275,4.018563365938325,34.378642717618106,34.38034520782177,34.37183275680347,5.6800000000000005e-05,True,True,False,False,phase6r_full_state_feasible_interval_reduced
1895.0,4.034921053572666,4.034921053572666,0.5925629699816977,4.019596107710262,34.37642645556205,34.378128486998065,34.36961832981799,6.55e-05,True,True,False,False,phase6r_full_state_feasible_interval_reduced
1900.0,4.03418453175708,4.03418453175708,0.5936835767960746,4.020632684889294,34.37420156528681,34.37590314098374,34.36739526249911,8.300000000000001e-05,True,True,False,False,phase6r_full_state_feasible_interval_reduced
1905.0,4.033479063233259,4.033479063233259,0.5948039876469727,4.021673192240082,34.37196888508158,34.373670008365096,34.36516439194751,6.69e-05,True,True,False,False,phase6r_full_state_feasible_interval_reduced
1910.0,4.03280586078362,4.03280586078362,0.5959242114971904,4.022717726170271,34.369729279329775,34.37142995383149,34.36292658132292,7.460000000000001e-05,True,True,False,False,phase6r_full_state_feasible_interval_reduced
1915.0,4.032166173753026,4.032166173753026,0.5970442576565663,4.023766384821712,34.36748363927066,34.36918386893733,34.36068272060398,6.2e-05,True,True,False,False,phase6r_full_state_feasible_interval_reduced
1920.0,4.03156129028691,4.03156129028691,0.5981641357927572,4.024819268165576,34.36523288381299,34.36693267291619,34.358433727400175,7.22e-05,True,True,False,False,phase6r_full_state_feasible_interval_reduced
1925.0,4.030992539603012,4.030992539603012,0.5992838559426469,4.025876478100663,34.362977960401764,34.364677313548036,34.356180547816685,6.42e-05,True,True,False,False,phase6r_full_state_feasible_interval_reduced
1930.0,4.030461294265643,4.030461294265643,0.6004034285243873,4.026938331604084,34.36071984593835,34.36241876807977,34.353924157372674,7.14e-05,True,True,False,False,phase6r_full_state_feasible_interval_reduced
1935.0,4.029968972425248,4.029968972425248,0.601522864350061,4.028007275243676,34.358459547753476,34.36015804419876,34.35166556197233,8.170000000000001e-05,True,True,False,False,phase6r_full_state_feasible_interval_reduced
1940.0,4.029517039978613,4.029517039978613,0.6026421746389439,4.029083918036632,34.35619810463156,34.35789618105761,34.34940579892735,5.64e-05,True,True,False,False,phase6r_full_state_feasible_interval_reduced
1945.0,4.029107012597345,4.029107012597345,0.603761371031332,4.030168187819159,34.35393658788369,34.35563425034762,34.347145938027964,4.9300000000000006e-05,True,True,False,False,phase6r_full_state_feasible_interval_reduced
1950.0,4.028740457562892,4.028740457562892,0.6048804656028772,4.031260015093489,34.35167610246518,34.35337335741681,34.34488708265868,6.15e-05,True,True,False,False,phase6r_full_state_feasible_interval_reduced
1955.0,4.028418995336681,4.028418995336681,0.6059994708793597,4.03235933310565,34.349417788131944,34.351114642426694,34.34263037095296,5.9800000000000003e-05,True,True,False,False,phase6r_full_state_feasible_interval_reduced
1960.0,4.028144300782469,4.028144300782469,0.6071183998517993,4.033466077914349,34.347162820628235,34.348859281540456,34.34037697697934,6.110000000000001e-05,True,True,False,False,phase6r_full_state_feasible_interval_reduced
1965.0,4.027918103945488,4.027918103945488,0.6082372659917842,4.034580188447908,34.34491241289587,34.34660848813251,34.33812811194933,6.0400000000000004e-05,True,True,False,False,phase6r_full_state_feasible_interval_reduced
1970.0,4.027742190279149,4.027742190279149,0.6093560832668617,4.035701606545757,34.34266781629295,34.34436351400745,34.33588502543498,6.59e-05,True,True,False,False,phase6r_full_state_feasible_interval_reduced
1975.0,4.027618400194008,4.027618400194008,0.6104748661558045,4.036830276980442,34.34043032180681,34.342125650613234,34.33364900658109,0.00022300000000000003,True,True,False,False,phase6r_full_state_feasible_interval_reduced
1980.0,4.027548627786679,4.027548627786679,0.611593629663523,4.0379661474554736,34.33820126124306,34.33989623023033,34.33142138529395,6.76e-05,True,True,False,False,phase6r_full_state_feasible_interval_reduced
1985.0,4.027534818586367,4.027534818586367,0.6127123893353525,4.0391091685736935,34.33598200836876,34.337676627114774,34.32920353338469,6.280000000000001e-05,True,True,False,False,phase6r_full_state_feasible_interval_reduced
1990.0,4.027578966135414,4.027578966135414,0.6138311612703902,4.0402592937700845,34.33377397998346,34.33546825856904,34.32699686564117,6.96e-05,True,True,False,False,phase6r_full_state_feasible_interval_reduced
1995.0,4.02768310719562,4.02768310719562,0.6149499621335001,4.041416479202066,34.33157863688726,34.33327258590966,34.324802840797666,6.720000000000001e-05,True,True,False,False,phase6r_full_state_feasible_interval_reduced
2000.0,4.027849315345567,4.027849315345567,0.6160688091655405,4.042580683589444,34.329397484709524,34.331091115295365,34.32262296236617,6.53e-05,True,True,False,False,phase6r_full_state_feasible_interval_reduced
2005.0,4.028079692704434,4.028079692704434,0.6171877201912918,4.043751867995073,34.327232074555944,34.32892539837317,34.32045877928704,7.340000000000001e-05,True,True,False,False,phase6r_full_state_feasible_interval_reduced
2010.0,4.028376359485272,4.028376359485272,0.6183067136244821,4.044929995536204,34.32508400342465,34.326777032693286,34.3183118863501,6.29e-05,True,True,False,False,phase6r_full_state_feasible_interval_reduced
2015.0,4.0287414410453195,4.0287414410453195,0.6194258084692169,4.046115031015203,34.3229549143345,34.3246476618358,34.31618392432932,0.0001247,True,True,False,False,phase6r_full_state_feasible_interval_reduced
2020.0,4.0291770520628,4.0291770520628,0.6205450243170121,4.047306940456962,34.320846496100074,34.32253897518359,34.314076579766,5.53e-05,True,True,False,False,phase6r_full_state_feasible_interval_reduced
2025.0,4.029685277429079,4.029685277429079,0.6216643813385202,4.048505690538878,34.31876048267828,34.32045270726646,34.311991584325554,7.64e-05,True,True,False,False,phase6r_full_state_feasible_interval_reduced
2030.0,4.030268149402715,4.030268149402715,0.6227839002689098,4.049711247897695,34.316698652001065,34.31839063659065,34.30993071364272,7.570000000000001e-05,True,True,False,False,phase6r_full_state_feasible_interval_reduced
2035.0,4.030927620528882,4.030927620528882,0.6239036023857234,4.05092357829591,34.31466282419687,34.31635458385654,34.3078957855582,0.0001106,True,True,False,False,phase6r_full_state_feasible_interval_reduced
2040.0,4.031665531785448,4.031665531785448,0.625023509477886,4.052142645628791,34.31265485909105,34.3143464094545,34.30588865763722,6.3e-05,True,True,False,False,phase6r_full_state_feasible_interval_reduced
2045.0,4.032483575377566,4.032483575377566,0.6261436438043797,4.053368410751469,34.31067665286156,34.31236801011525,34.303911223846804,5.47e-05,True,True,False,False,phase6r_full_state_feasible_interval_reduced
2050.0,4.033383251569702,4.033383251569702,0.6272640280409268,4.054600830104078,34.308730133711954,34.31042131457639,34.301965410254226,4.5400000000000006e-05,True,True,False,False,phase6r_full_state_feasible_interval_reduced
2055.0,4.034365818920692,4.034365818920692,0.6283846852128493,4.055839854111693,34.30681725640816,34.30850827811181,34.30005316959357,4.8100000000000004e-05,True,True,False,False,phase6r_full_state_feasible_interval_reduced
2060.0,4.035432237280208,4.035432237280208,0.6295056386120937,4.057085425335002,34.3049399955104,34.306630875754976,34.29817647453209,5.1000000000000006e-05,True,True,False,False,phase6r_full_state_feasible_interval_reduced
2065.0,4.036583102919787,4.036583102919787,0.6306269116962381,4.058337476347345,34.30310033711588,34.30479109403166,34.29633730945279,5.08e-05,True,True,False,False,phase6r_full_state_feasible_interval_reduced
2070.0,4.037818575217656,4.037818575217656,0.6317485279671319,4.059595927314466,34.30130026891351,34.302990921003236,34.294537660554596,5e-05,True,True,False,False,phase6r_full_state_feasible_interval_reduced
2075.0,4.039138294404257,4.039138294404257,0.6328705108266887,4.060860683255034,34.29954176833908,34.30123233440902,34.292779504059325,4.8400000000000004e-05,True,True,False,False,phase6r_full_state_feasible_interval_reduced
2080.0,4.040541290016724,4.040541290016724,0.6339928834072489,4.062131630963405,34.29782678860972,34.29951728768606,34.29106479230437,4.9500000000000004e-05,True,True,False,False,phase6r_full_state_feasible_interval_reduced
2085.0,4.042025879920586,4.042025879920586,0.6351156683738935,4.063408635581392,34.29615724241095,34.297847693639966,34.289395437494896,4.89e-05,True,True,False,False,phase6r_full_state_feasible_interval_reduced
2090.0,4.043589560050455,4.043589560050455,0.6362388876961298,4.064691536813715,34.29453498301127,34.296225405541435,34.28777329289059,4.9500000000000004e-05,True,True,False,False,phase6r_full_state_feasible_interval_reduced
2095.0,4.045228885415203,4.045228885415203,0.6373625623865229,4.065980144792661,34.292961782589,34.29465219543337,34.286200131211515,4.85e-05,True,True,False,False,phase6r_full_state_feasible_interval_reduced
2100.0,4.046939343422016,4.046939343422016,0.6384867122041401,4.067274235611953,34.29143930757808,34.293129729455224,34.2846776200695,5.1000000000000006e-05,True,True,False,False,phase6r_full_state_feasible_interval_reduced
2105.0,4.0487152212100375,4.0487152212100375,0.6396113553211429,4.068573546568372,34.289969090875246,34.29165954002736,34.2832072942668,4.86e-05,True,True,False,False,phase6r_full_state_feasible_interval_reduced
2110.0,4.050549469454735,4.050549469454735,0.640736507951547,4.069877771172523,34.288552500805494,34.290242994792436,34.28179052485773,4.63e-05,True,True,False,False,phase6r_full_state_feasible_interval_reduced
2115.0,4.052433566003949,4.052433566003949,0.6418621839421037,4.071186554017559,34.28719070681728,34.28888126228583,34.280428484943094,4.77e-05,True,True,False,False,phase6r_full_state_feasible_interval_reduced
2120.0,4.054357383718656,4.054357383718656,0.64298839432647,4.072499485626143,34.28588464197817,34.28757527440627,34.279122112265775,5.75e-05,True,True,False,False,phase6r_full_state_feasible_interval_reduced
2125.0,4.056309067975995,4.056309067975995,0.6441151468453522,4.073816097430811,34.284634962466214,34.28632568588281,34.27787206879983,5.03e-05,True,True,False,False,phase6r_full_state_feasible_interval_reduced
2130.0,4.058274930386924,4.058274930386924,0.6452424454371264,4.075135857079388,34.2834420044039,34.28513283108581,34.27667869767628,5.2000000000000004e-05,True,True,False,False,phase6r_full_state_feasible_interval_reduced
2135.0,4.060239366291862,4.060239366291862,0.6463702897055408,4.076458164292994,34.28230573855843,34.28399667870683,34.27554197796483,5.0900000000000004e-05,True,True,False,False,phase6r_full_state_feasible_interval_reduced
2140.0,4.062184804403353,4.062184804403353,0.6474986743734306,4.077782347535881,34.2812257236296,34.28291678503001,34.27446147802799,3.24e-05,True,True,False,False,phase6r_full_state_feasible_interval_reduced
2145.0,4.064091697413866,4.064091697413866,0.6486275887338233,4.0791076617798,34.28020105905836,34.281892246729214,34.273436308374954,7.8e-05,True,True,False,False,phase6r_full_state_feasible_interval_reduced
2150.0,4.065938562313723,4.065938562313723,0.6497570161122438,4.080433287655607,34.2792303385017,34.28092165433825,34.27246507515547,3.99e-05,True,True,False,False,phase6r_full_state_feasible_interval_reduced
2155.0,4.067702078401832,4.067702078401832,0.6508869333562443,4.081758332276427,34.27831160531939,34.28000304774085,34.27154583563354,6.610000000000001e-05,True,True,False,False,phase6r_full_state_feasible_interval_reduced
2160.0,4.069357249382832,4.069357249382832,0.6520173103699617,4.083081831984981,34.2774423115842,34.27913387519333,34.27067605714768,7.670000000000001e-05,True,True,False,False,phase6r_full_state_feasible_interval_reduced
2165.0,4.07087763344966,4.07087763344966,0.6531481097125866,4.084402757219198,34.27661928223924,34.27831095750457,34.26985258117791,3.4500000000000005e-05,True,True,False,False,phase6r_full_state_feasible_interval_reduced
2170.0,4.072235641868815,4.072235641868815,0.6542792862797724,4.085720019604116,34.27583868606219,34.27753045903352,34.26907159417686,3.1e-05,True,True,False,False,phase6r_full_state_feasible_interval_reduced
2175.0,4.073402902459881,4.073402902459881,0.6554107870860112,4.087032481266403,34.275096015037505,34.27678786710524,34.268328606766545,3e-05,True,True,False,False,phase6r_full_state_feasible_interval_reduced
2180.0,4.074350679775985,4.074350679775985,0.6565425511637267,4.088338966237036,34.274386073571115,34.276077981279435,34.267618442737835,3.08e-05,True,True,False,False,phase6r_full_state_feasible_interval_reduced
2185.0,4.075050339165869,4.075050339165869,0.6576745095912728,4.089638273667934,34.2737029787049,34.27539491362725,34.26693523901546,3.03e-05,True,True,False,False,phase6r_full_state_feasible_interval_reduced
2190.0,4.075473837740782,4.075473837740782,0.658806585657312,4.090929192453233,34.27304017210747,34.27473210079106,34.26627245737309,3e-05,True,True,False,False,phase6r_full_state_feasible_interval_reduced
2195.0,4.075594222117442,4.075594222117442,0.6599386951634557,4.092210516730704,34.27239044415533,34.27408232813844,34.26562290822286,3.03e-05,True,True,False,False,phase6r_full_state_feasible_interval_reduced
2200.0,4.075386111129851,4.075386111129851,0.6610707468609918,4.093481061657779,34.27174596990543,34.27343776580877,34.26497878629207,3.04e-05,True,True,False,False,phase6r_full_state_feasible_interval_reduced
2205.0,4.07482614181123,4.07482614181123,0.6622026430114949,4.09473967882149,34.27109835623869,34.27279001592861,34.264331717479,2.9900000000000002e-05,True,True,False,False,phase6r_full_state_feasible_interval_reduced
2210.0,4.073893358922173,4.073893358922173,0.66333428005564,4.0959852706576685,34.270438698965876,34.272130169784525,34.26367281569128,3.07e-05,True,True,False,False,phase6r_full_state_feasible_interval_reduced
2215.0,4.072569531963574,4.072569531963574,0.6644655493700743,4.097216803321331,34.269757648275785,34.27144887333047,34.262992748057044,2.9900000000000002e-05,True,True,False,False,phase6r_full_state_feasible_interval_reduced
2220.0,4.070839388541213,4.070839388541213,0.6655963380891136,4.098433317559297,34.26904548060085,34.27073639910293,34.26228180659254,3.0200000000000002e-05,True,True,False,False,phase6r_full_state_feasible_interval_reduced
2225.0,4.0686907585574055,4.0686907585574055,0.6667265299664906,4.099633937274424,34.268292174799015,34.269982722441156,34.26152998423046,2.9800000000000003e-05,True,True,False,False,phase6r_full_state_feasible_interval_reduced
2230.0,4.066114629345069,4.066114629345069,0.6678560062524198,4.1008178756221305,34.26748749050631,34.269177599866396,34.26072705306599,2.9900000000000002e-05,True,True,False,False,phase6r_full_state_feasible_interval_reduced
2235.0,4.063105116934951,4.063105116934951,0.6689846465626795,4.101984438627684,34.266621046593755,34.268310647553704,34.259862642753966,2.9900000000000002e-05,True,True,False,False,phase6r_full_state_feasible_interval_reduced
2240.0,4.059659362704719,4.059659362704719,0.6701123297189864,4.103133026442815,34.265682397844216,34.26737141801277,34.25892631716999,4.43e-05,True,True,False,False,phase6r_full_state_feasible_interval_reduced
2245.0,4.05577736744261,4.05577736744261,0.671238934543276,4.104263132463184,34.26466110822217,34.26634947335175,34.25790764770383,3.09e-05,True,True,False,False,phase6r_full_state_feasible_interval_reduced
2250.0,4.051461776315029,4.051461776315029,0.6723643405922524,4.105374340598926,34.26354681941193,34.26523445380121,34.25679628185477,0.0001216,True,True,False,False,phase6r_full_state_feasible_interval_reduced
2255.0,4.0467176284736,4.0467176284736,0.6734884288223839,4.106466321029106,34.2623293136192,34.26401614049469,34.25558200611722,8.66e-05,True,True,False,False,phase6r_full_state_feasible_interval_reduced
2260.0,4.041552084307363,4.041552084307363,0.6746110821791359,4.1075388247807965,34.2609985699431,34.262684511814555,34.254254802457275,8.33e-05,True,True,False,False,phase6r_full_state_feasible_interval_reduced
2265.0,4.035974141927273,4.035974141927273,0.675732186107449,4.108591677460511,34.25954481391235,34.26122979289854,34.25280489796759,7.48e-05,True,True,False,False,phase6r_full_state_feasible_interval_reduced
2270.0,4.029994352653083,4.029994352653083,0.676851628983186,4.109624772436456,34.25795856002964,34.259642498152274,34.25122280753912,7.180000000000001e-05,True,True,False,False,phase6r_full_state_feasible_interval_reduced
2275.0,4.023624543309145,4.023624543309145,0.6779693024674385,4.110638063731085,34.25623064737544,34.257913466820256,34.24949936959619,4.92e-05,True,True,False,False,phase6r_full_state_feasible_interval_reduced
2280.0,4.016877551222501,4.016877551222501,0.6790851017872225,4.111631558840271,34.25435226848663,34.25603389183168,34.24762577510642,3.19e-05,True,True,False,False,phase6r_full_state_feasible_interval_reduced
2285.0,4.009766976086694,4.009766976086694,0.6801989259472465,4.112605311652464,34.252314991848515,34.25399534226037,34.24559359020111,3.1400000000000004e-05,True,True,False,False,phase6r_full_state_feasible_interval_reduced
2290.0,4.002306951386663,4.002306951386663,0.6813106778781872,4.11355941560145,34.25011077842582,34.25178977982499,34.243394772829156,3.04e-05,True,True,False,False,phase6r_full_state_feasible_interval_reduced
2295.0,3.9945119369046314,3.9945119369046314,0.6824202645273274,4.114493997151716,34.24773199271489,34.24940956991225,34.24102168392545,3e-05,True,True,False,False,phase6r_full_state_feasible_interval_reduced
2300.0,3.986396532944634,3.986396532944634,0.6835275968975898,4.115409209686918,34.24517140883265,34.24684748763886,34.23846709360782,3.24e-05,True,True,False,False,phase6r_full_state_feasible_interval_reduced
2305.0,3.9779753163011313,3.9779753163011313,0.6846325900410067,4.116305227849709,34.24242221217258,34.244096719482656,34.23572418293227,8.620000000000001e-05,True,True,False,False,phase6r_full_state_feasible_interval_reduced
2310.0,3.9692626976254433,3.9692626976254433,0.6857351630125693,4.117182242365148,34.23947799716116,34.24115086101657,34.2327865417395,3.8400000000000005e-05,True,True,False,False,phase6r_full_state_feasible_interval_reduced
2315.0,3.960272799672831,3.960272799672831,0.6868352387902562,4.118040455369438,34.236332761643425,34.23800391127405,34.22964816312093,4.2000000000000004e-05,True,True,False,False,phase6r_full_state_feasible_interval_reduced
2320.0,3.9510193559134947,3.9510193559134947,0.6879327441668989,4.1188800762604805,34.23298089841869,34.23465026426705,34.226303435025216,4.1500000000000006e-05,True,True,False,False,phase6r_full_state_feasible_interval_reduced
2325.0,3.941515629124728,3.941515629124728,0.6890276096194335,4.119701318085796,34.229417184439754,34.23108469817011,34.22274712951834,3.19e-05,True,True,False,False,phase6r_full_state_feasible_interval_reduced
2330.0,3.931774349830156,3.931774349830156,0.690119769161053,4.120504394486409,34.225636768184515,34.22730236267919,34.21897439020584,3.0600000000000005e-05,True,True,False,False,phase6r_full_state_feasible_interval_reduced
2335.0,3.9218076747851423,3.9218076747851423,0.6912091601818267,4.121289517221646,34.22163515570936,34.22329876505512,34.21498071832632,3.0500000000000003e-05,True,True,False,False,phase6r_full_state_feasible_interval_reduced
2340.0,3.9116271661138415,3.9116271661138415,0.692295723283525,4.122056894308945,34.21740819590173,34.21906975536893,34.21076195803296,5.94e-05,True,True,False,False,phase6r_full_state_feasible_interval_reduced
2345.0,3.9012437921560874,3.9012437921560874,0.6933794021146794,4.122806728824326,34.21295206546525,34.21461151148266,34.20631428139563,4.21e-05,True,True,False,False,phase6r_full_state_feasible_interval_reduced
2350.0,3.890667951569473,3.890667951569473,0.6944601432123376,4.12353921842234,34.20826325419581,34.20992052432446,34.20163417368123,5.8800000000000006e-05,True,True,False,False,phase6r_full_state_feasible_interval_reduced
2355.0,3.879909522715026,3.879909522715026,0.6955378958575362,4.1242545556484576,34.203338551141655,34.204993584051124,34.19671841950377,3.2500000000000004e-05,True,True,False,False,phase6r_full_state_feasible_interval_reduced
2360.0,3.868977940808072,3.868977940808072,0.6966126119522051,4.124952929130916,34.19817503228271,34.199827767733794,34.1915640904784,0.0001116,True,True,False,False,phase6r_full_state_feasible_interval_reduced
2365.0,3.8578823056638294,3.8578823056638294,0.6976842459260006,4.125634525751033,34.19277005041375,34.19442042925172,34.18616853506187,7.2e-05,True,True,False,False,phase6r_full_state_feasible_interval_reduced
2370.0,3.8466315230502937,3.8466315230502937,0.6987527546824035,4.126299533899225,34.187121227966735,34.18876919213001,34.180529371313625,6.8e-05,True,True,False,False,phase6r_full_state_feasible_interval_reduced
2375.0,3.835234482529448,3.835234482529448,0.6998180975942172,4.1269481479242325,34.18122645355556,34.18287194610478,34.174644483358676,6.66e-05,True,True,False,False,phase6r_full_state_feasible_interval_reduced
2380.0,3.8237002741123036,3.8237002741123036,0.7008802365592484,4.127581971655534,34.175083883060125,34.17672684823317,34.16851202236792,7.620000000000001e-05,True,True,False,False,phase6r_full_state_feasible_interval_reduced
2385.0,3.8120384448024693,3.8120384448024693,0.701939136127249,4.128203884565276,34.16869194607375,34.170332329372336,34.16213041287941,7.08e-05,True,True,False,False,phase6r_full_state_feasible_interval_reduced
2390.0,3.8002592940307793,3.8002592940307793,0.7029947637089242,4.128814274530379,34.16204935850071,34.16368710681411,34.155498365247105,6.92e-05,True,True,False,False,phase6r_full_state_feasible_interval_reduced
2395.0,3.7883742036618795,3.7883742036618795,0.704047089876608,4.1294135048422955,34.15515514198365,34.1567902037547,34.14861489489944,6.94e-05,True,True,False,False,phase6r_full_state_feasible_interval_reduced
2400.0,3.7763959937513136,3.7763959937513136,0.7050960887637612,4.130001984248198,34.14800865064161,34.14964097607902,34.141479348891956,7.22e-05,True,True,False,False,phase6r_full_state_feasible_interval_reduced
2405.0,3.7643392889585017,3.7643392889585017,0.7061417385662496,4.130580178609141,34.140609605271926,34.14223914661113,34.13409143991511,6.57e-05,True,True,False,False,phase6r_full_state_feasible_interval_reduced
2410.0,3.7522208734295024,3.7522208734295024,0.7071840221422022,4.131148622721222,34.13295813470029,34.13458484651236,34.126451287451985,6.730000000000001e-05,True,True,False,False,phase6r_full_state_feasible_interval_reduced
2415.0,3.7400600031274203,3.7400600031274203,0.7082229276986265,4.131707931460731,34.12505482331835,34.1266786628627,34.11855946514094,6.64e-05,True,True,False,False,phase6r_full_state_feasible_interval_reduced
2420.0,3.727878637608384,3.727878637608384,0.7092584495424066,4.132258809184026,34.11690076306951,34.11852169068126,34.110417052622516,7.53e-05,True,True,False,False,phase6r_full_state_feasible_interval_reduced
2425.0,3.7157015452082662,3.7157015452082662,0.71029058886052,4.132802056049153,34.10849760721199,34.110115586709256,34.1020256892229,6.93e-05,True,True,False,False,phase6r_full_state_feasible_interval_reduced
2430.0,3.70355623715561,3.70355623715561,0.711319354481952,4.1333385698874,34.09984762230005,34.10146262139067,34.093387625937545,6.75e-05,True,True,False,False,phase6r_full_state_feasible_interval_reduced
2435.0,3.6914726841036987,3.6914726841036987,0.7123447635608697,4.133869342142313,34.090953733911746,34.092565724572886,34.084505771267196,6.720000000000001e-05,True,True,False,False,phase6r_full_state_feasible_interval_reduced
2440.0,3.679482794356454,3.679482794356454,0.7133668421148577,4.134395446965314,34.08181956126627,34.083428520067415,34.0753837260617,6.86e-05,True,True,False,False,phase6r_full_state_feasible_interval_reduced
2445.0,3.667619630958031,3.667619630958031,0.7143856253456794,4.1349180225188595,34.07244943546797,34.074055343804496,34.066025802121864,6.57e-05,True,True,False,False,phase6r_full_state_feasible_interval_reduced
2450.0,3.6559164220918303,3.6559164220918303,0.7154011576851493,4.135438245427079,34.06284839724286,34.06445124145297,34.05643702040243,6.55e-05,True,True,False,False,phase6r_full_state_feasible_interval_reduced
2455.0,3.6444053569589134,3.6444053569589134,0.7164134925065269,4.1359572979832775,34.05302216995854,34.0546219412952,34.04662308461189,8.230000000000001e-05,True,True,False,False,phase6r_full_state_feasible_interval_reduced
2460.0,3.6331163781462004,3.6331163781462004,0.7174226915004563,4.13647633306558,34.04297710791787,34.044573802371204,34.03659033010454,7.24e-05,True,True,False,False,phase6r_full_state_feasible_interval_reduced
2465.0,3.6220758111447275,3.6220758111447275,0.7184288236702188,4.136996433209774,34.03272011691312,34.03431373486106,34.026345645121374,6.91e-05,True,True,False,False,phase6r_full_state_feasible_interval_reduced
2470.0,3.6113054737522714,3.6113054737522714,0.7194319640795944,4.137518579396431,34.02225855655966,34.02384910229751,34.01589637360827,6.730000000000001e-05,True,True,False,False,phase6r_full_state_feasible_interval_reduced
2475.0,3.600821218755188,3.600821218755188,0.7204321921959153,4.1380436054652865,34.0116001137793,34.01318759486269,34.005250189445746,6.7e-05,True,True,False,False,phase6r_full_state_feasible_interval_reduced
2480.0,3.5906333717734293,3.5906333717734293,0.7214295903547412,4.138572196859692,34.00075268426507,34.002337110876454,33.99441497781956,6.81e-05,True,True,False,False,phase6r_full_state_feasible_interval_reduced
2485.0,3.58074392747017,3.58074392747017,0.7224242414457052,4.139104813233778,33.989724200095544,33.99130558407401,33.98339866418167,6.730000000000001e-05,True,True,False,False,phase6r_full_state_feasible_interval_reduced
2490.0,3.571151643031502,3.571151643031502,0.7234162280132139,4.139641798197647,33.97852255505126,33.98010090946237,33.97220913740683,6.8e-05,True,True,False,False,phase6r_full_state_feasible_interval_reduced
2495.0,3.5618406824451148,3.5618406824451148,0.724405628202782,4.140183102304662,33.96715531393656,33.96873065136502,33.96085396422269,7.26e-05,True,True,False,False,phase6r_full_state_feasible_interval_reduced
2500.0,3.552805962522668,3.552805962522668,0.7253925187479272,4.140728873391648,33.9556299051158,33.957202238731576,33.94934057065271,6.92e-05,True,True,False,False,phase6r_full_state_feasible_interval_reduced
2505.0,3.5439983063720804,3.5439983063720804,0.7263769627219194,4.1412781565126355,33.9439527732711,33.94552211184857,33.937675418961206,6.81e-05,True,True,False,False,phase6r_full_state_feasible_interval_reduced
2510.0,3.5354458314060238,3.5354458314060238,0.7273590310084211,4.1418317528340545,33.93213083169807,33.93369718793123,33.925865406765425,6.94e-05,True,True,False,False,phase6r_full_state_feasible_interval_reduced
2515.0,3.5269900330652204,3.5269900330652204,0.7283387504620503,4.1423859910863206,33.92016793182107,33.921731301758044,33.91391445207316,7.290000000000001e-05,True,True,False,False,phase6r_full_state_feasible_interval_reduced
2520.0,3.518858237140454,3.518858237140454,0.7293162110834782,4.142946223946093,33.908072119090605,33.90963252401629,33.90183049938785,6.620000000000001e-05,True,True,False,False,phase6r_full_state_feasible_interval_reduced
2525.0,3.510438963722229,3.510438963722229,0.7302913330178455,4.143497956972672,33.895839874681535,33.89739726970818,33.889610294574965,6.15e-05,True,True,False,False,phase6r_full_state_feasible_interval_reduced
2530.0,3.502863766974253,3.502863766974253,0.7312643507308939,4.144067682674361,33.883488764197075,33.885043227124385,33.877270912487845,6.730000000000001e-05,True,True,False,False,phase6r_full_state_feasible_interval_reduced
2535.0,3.493667754522531,3.493667754522531,0.7322348139960391,4.14459713107646,33.870990224515445,33.87254156653065,33.86478485645463,7.37e-05,True,True,False,False,phase6r_full_state_feasible_interval_reduced
2540.0,3.487579477612985,3.487579477612985,0.7332035860731538,4.145197207698912,33.85840366069076,33.85995220231761,33.85220949418336,6.91e-05,True,True,False,False,phase6r_full_state_feasible_interval_reduced
2545.0,3.475300527079863,3.475300527079863,0.7341689473306761,4.145648951954324,33.84561561592393,33.84716067741382,33.83943536996439,6.780000000000001e-05,True,True,False,False,phase6r_full_state_feasible_interval_reduced
2550.0,3.473944078594612,3.473944078594612,0.7351339317969523,4.146353664689662,33.83282964721137,33.83437238240425,33.82665870643985,6.950000000000001e-05,True,True,False,False,phase6r_full_state_feasible_interval_reduced
2555.0,3.452684372552259,3.452684372552259,0.7360930107893279,4.146587800135144,33.81967952997091,33.82121779705807,33.81352646162229,6.97e-05,True,True,False,False,phase6r_full_state_feasible_interval_reduced
2560.0,3.464034691129814,3.464034691129814,0.7370552426479751,4.147580558456013,33.80676678669039,33.80830403761982,33.80061778297265,6.81e-05,True,True,False,False,phase6r_full_state_feasible_interval_reduced
2565.0,3.4222741272827926,3.4222741272827926,0.7380058743499981,4.147326447331382,33.793117657522075,33.794648239803635,33.78699532839584,6.55e-05,True,True,False,False,phase6r_full_state_feasible_interval_reduced
2570.0,3.4591534502873382,3.4591534502873382,0.7389667503084112,4.148900301447004,33.7801721623671,33.78170436457714,33.77404335352697,6.6e-05,True,True,False,False,phase6r_full_state_feasible_interval_reduced
2575.0,3.383445509876954,3.383445509876954,0.739906596283377,4.147845184402399,33.76587796816022,33.76739991407589,33.75979018449753,7.450000000000001e-05,True,True,False,False,phase6r_full_state_feasible_interval_reduced
2580.0,3.4541257315766636,3.4541257315766636,0.7408660756532593,4.150181232907904,33.75289599861198,33.75442300638416,33.746787967523275,6.85e-05,True,True,False,False,phase6r_full_state_feasible_interval_reduced
2585.0,3.3443152315155515,3.3443152315155515,0.7417950521064581,4.1483247967022185,33.73795868116965,33.73947187745033,33.731905896046925,6.85e-05,True,True,False,False,phase6r_full_state_feasible_interval_reduced
2590.0,3.4352254210585595,3.4352254210585595,0.7427492813900856,4.151093977992608,33.724684848870396,33.726205044070255,33.718604068070945,6.83e-05,True,True,False,False,phase6r_full_state_feasible_interval_reduced
2595.0,3.317313125521368,3.317313125521368,0.7436707572582859,4.149038978562223,33.709324577869424,33.7108301414015,33.70330232374113,6.88e-05,True,True,False,False,phase6r_full_state_feasible_interval_reduced
2600.0,3.3929549610979923,3.3929549610979923,0.7446132447474798,4.1514128751993065,33.6953364274124,33.696847208223595,33.68929330416762,6.69e-05,True,True,False,False,phase6r_full_state_feasible_interval_reduced
2605.0,3.301179164792796,3.301179164792796,0.7455302389599222,4.149937908728676,33.67974305509202,33.68124188843665,33.67374772171347,6.610000000000001e-05,True,True,False,False,phase6r_full_state_feasible_interval_reduced
2610.0,3.335541720330664,3.335541720330664,0.7464567783266808,4.151319581562903,33.66477615544401,33.66627580186018,33.65877756977932,6.75e-05,True,True,False,False,phase6r_full_state_feasible_interval_reduced
2615.0,3.2793666974114535,3.2793666974114535,0.7473677135204062,4.150621718394415,33.64884351200425,33.650334772538436,33.642878469867505,7.350000000000001e-05,True,True,False,False,phase6r_full_state_feasible_interval_reduced
2620.0,3.278022257194291,3.278022257194291,0.7482782752585158,4.151142687897039,33.632904551651414,33.6343928617825,33.62695131112707,7.03e-05,True,True,False,False,phase6r_full_state_feasible_interval_reduced
2625.0,3.2428043427205364,3.2428043427205364,0.7491790542426048,4.150874054915837,33.61637130830124,33.61785322762258,33.610443631015855,6.87e-05,True,True,False,False,phase6r_full_state_feasible_interval_reduced
2630.0,3.224277845042548,3.224277845042548,0.7500746869773388,4.150957582555753,33.59953327846708,33.60101039169145,33.59362482556958,8.840000000000001e-05,True,True,False,False,phase6r_full_state_feasible_interval_reduced
2635.0,3.196045779892229,3.196045779892229,0.7509624774717533,4.1507989403596275,33.582225690851004,33.58369697843025,33.57634054053405,6.900000000000001e-05,True,True,False,False,phase6r_full_state_feasible_interval_reduced
2640.0,3.172134018618894,3.172134018618894,0.7518436258102585,4.150715574203594,33.56452464166347,33.565990462851694,33.55866135691058,6.97e-05,True,True,False,False,phase6r_full_state_feasible_interval_reduced
2645.0,3.146045318831896,3.146045318831896,0.7527175272877118,4.150563299961017,33.5463963687275,33.547856454086606,33.54055602729108,6.610000000000001e-05,True,True,False,False,phase6r_full_state_feasible_interval_reduced
2650.0,3.1215604064444573,3.1215604064444573,0.753584627400613,4.150429917371164,33.52787160245502,33.52932605361642,33.52205379780941,8.290000000000001e-05,True,True,False,False,phase6r_full_state_feasible_interval_reduced
2655.0,3.0971093223918604,3.0971093223918604,0.7544449355457219,4.150282772592912,33.50895519773619,33.51040397059391,33.503160106305316,7.09e-05,True,True,False,False,phase6r_full_state_feasible_interval_reduced
2660.0,3.0738300124086555,3.0738300124086555,0.7552987772158354,4.150150326485957,33.489671345550335,33.491114509990666,33.483898687788994,6.840000000000001e-05,True,True,False,False,phase6r_full_state_feasible_interval_reduced
2665.0,3.0512644630069974,3.0512644630069974,0.7561463506777818,4.150024777670768,33.470036871846304,33.47147445909797,33.46428652283963,6.81e-05,True,True,False,False,phase6r_full_state_feasible_interval_reduced
2670.0,3.0297898728369175,3.0297898728369175,0.7569879589757921,4.149916972804231,33.450074920627344,33.45150700195269,33.44434659532597,6.75e-05,True,True,False,False,phase6r_full_state_feasible_interval_reduced
2675.0,3.0092132662393833,3.0092132662393833,0.7578238515497474,4.149824522629007,33.42980548313944,33.431232115591186,33.424098953332454,6.54e-05,True,True,False,False,phase6r_full_state_feasible_interval_reduced
2680.0,2.9896578122136073,2.9896578122136073,0.75865431205314,4.149751914783606,33.40925047664772,33.410671732200285,33.40356545443745,6.53e-05,True,True,False,False,phase6r_full_state_feasible_interval_reduced
2685.0,2.9710098910609624,2.9710098910609624,0.7594795925784348,4.149697972969331,33.38842984107004,33.3898457841394,33.382766068792584,6.59e-05,True,True,False,False,phase6r_full_state_feasible_interval_reduced
2690.0,2.9532994045825305,2.9532994045825305,0.7602999535241521,4.1496645416835465,33.36736380998971,33.36877451035589,33.361721008525016,7.630000000000001e-05,True,True,False,False,phase6r_full_state_feasible_interval_reduced
2695.0,2.9364471013167943,2.9364471013167943,0.7611156332745179,4.1496507713711415,33.346071131599324,33.347476654053665,33.34044904178196,7.09e-05,True,True,False,False,phase6r_full_state_feasible_interval_reduced
2700.0,2.9204474165889325,2.9204474165889325,0.7619268686680148,4.14965731977765,33.32457022636215,33.325970637207355,33.31896858298132,9.190000000000001e-05,True,True,False,False,phase6r_full_state_feasible_interval_reduced
2705.0,2.90524137028361,2.90524137028361,0.7627338801597603,4.149683487702361,33.30287833196321,33.30427369395187,33.29729688400855,7.32e-05,True,True,False,False,phase6r_full_state_feasible_interval_reduced
2710.0,2.8908102853449518,2.8908102853449518,0.7635368830168006,4.149729383159008,33.28101213754126,33.282402513369455,33.275450634228484,0.00040520000000000004,True,True,False,False,phase6r_full_state_feasible_interval_reduced
2715.0,2.877108913367697,2.877108913367697,0.7643360799371804,4.14979441971669,33.25898737029426,33.26037282008312,33.2534455711388,7.290000000000001e-05,True,True,False,False,phase6r_full_state_feasible_interval_reduced
2720.0,2.864114415139405,2.864114415139405,0.7651316672747192,4.149878451485679,33.23681915214483,33.23819973535094,33.231296819320384,5.8700000000000004e-05,True,True,False,False,phase6r_full_state_feasible_interval_reduced
2725.0,2.8517911052999985,2.8517911052999985,0.7659238314706358,4.14998098414828,33.214521809298375,33.215897583489095,33.209018712535496,6.69e-05,True,True,False,False,phase6r_full_state_feasible_interval_reduced
2730.0,2.8401155510002933,2.8401155510002933,0.7667127524570247,4.150101757945089,33.192109072137114,33.19348009401435,33.18662498462818,6.0400000000000004e-05,True,True,False,False,phase6r_full_state_feasible_interval_reduced
2735.0,2.829058587512703,2.829058587512703,0.7674986020646671,4.150240346640201,33.1695939982341,33.17096032307501,33.16412869887048,5.8800000000000006e-05,True,True,False,False,phase6r_full_state_feasible_interval_reduced
2740.0,2.8185974933722515,2.8185974933722515,0.768281545812826,4.15039644087104,33.14698908255257,33.14835076473114,33.1415423538383,5.7700000000000007e-05,True,True,False,False,phase6r_full_state_feasible_interval_reduced
2745.0,2.808707354373974,2.808707354373974,0.7690617423001521,4.150569656336102,33.124306235451044,33.12566332820656,33.118877864429,5.5400000000000005e-05,True,True,False,False,phase6r_full_state_feasible_interval_reduced
2750.0,2.799366468292874,2.799366468292874,0.7698393440969001,4.150759659817643,33.10155684264921,33.1029093983301,33.096146619925676,7.65e-05,True,True,False,False,phase6r_full_state_feasible_interval_reduced
2755.0,2.7905525153599195,2.7905525153599195,0.770614497573389,4.150966084450871,33.07875176665836,33.08009983663462,33.073359486753276,5.6000000000000006e-05,True,True,False,False,phase6r_full_state_feasible_interval_reduced
2760.0,2.782244668074946,2.782244668074946,0.7713873433145209,4.151188578983709,33.05590137953323,33.057245014292384,33.05052684049662,6.2e-05,True,True,False,False,phase6r_full_state_feasible_interval_reduced
2765.0,2.774422031142199,2.774422031142199,0.7721580161009493,4.151426773277524,33.03301557157501,33.03435482068324,33.027658575142055,9.61e-05,True,True,False,False,phase6r_full_state_feasible_interval_reduced
2770.0,2.7670643164699897,2.7670643164699897,0.7729266450777464,4.151680293988159,33.010103769558505,33.01143868167925,33.00476412107551,6.120000000000001e-05,True,True,False,False,phase6r_full_state_feasible_interval_reduced
2775.0,2.7601512445019494,2.7601512445019494,0.7736933537567747,4.151948751142388,32.98717494543507,32.98850556829514,32.98185245399482,5.380000000000001e-05,True,True,False,False,phase6r_full_state_feasible_interval_reduced
2780.0,2.753662682492559,2.753662682492559,0.7744582600574671,4.152231741145034,32.964237626524735,32.96556400689074,32.95893210506074,7.09e-05,True,True,False,False,phase6r_full_state_feasible_interval_reduced
2785.0,2.7475784092264086,2.7475784092264086,0.7752214762822522,4.152528841218992,32.94129990167633,32.94262208530944,32.93601116714391,5.4600000000000006e-05,True,True,False,False,phase6r_full_state_feasible_interval_reduced
2790.0,2.7418780930512825,2.7418780930512825,0.7759831090858776,4.152839608559507,32.918369426587795,32.919687458194666,32.91309730016032,6.74e-05,True,True,False,False,phase6r_full_state_feasible_interval_reduced
2795.0,2.736541184179548,2.736541184179548,0.7767432594148164,4.1531635775112,32.89545342705503,32.896767350227606,32.890197734364726,7.6e-05,True,True,False,False,phase6r_full_state_feasible_interval_reduced
2800.0,2.7315468650185006,2.7315468650185006,0.777502022432877,4.153500258028914,32.872558701037285,32.87386855818626,32.86731927244138,6.330000000000001e-05,True,True,False,False,phase6r_full_state_feasible_interval_reduced
2805.0,2.7268739910793727,2.7268739910793727,0.7782594874303991,4.1538491339318675,32.84969161943424,32.85099745171537,32.84446829030969,9.78e-05,True,True,False,False,phase6r_full_state_feasible_interval_reduced
2810.0,2.7225010512398553,2.7225010512398553,0.7790157377224102,4.1542096616135495,32.82685812589037,32.82815997312525,32.821650736950836,6.1000000000000005e-05,True,True,False,False,phase6r_full_state_feasible_interval_reduced
2815.0,2.718406134688946,2.718406134688946,0.7797708505376015,4.154581268938058,32.80406373575592,32.805361636347754,32.79887213338858,5.95e-05,True,True,False,False,phase6r_full_state_feasible_interval_reduced
2820.0,2.7145669090156073,2.7145669090156073,0.780524896901217,4.154963354433996,32.781313534397654,32.78260752524307,32.776137571016,5.6000000000000006e-05,True,True,False,False,phase6r_full_state_feasible_interval_reduced
2825.0,2.7109606073803434,2.7109606073803434,0.7812779415143781,4.155355286749569,32.75861217502223,32.759902291419905,32.75345170943151,8.510000000000001e-05,True,True,False,False,phase6r_full_state_feasible_interval_reduced
2830.0,2.7075640251883755,2.7075640251883755,0.782030042632486,4.155756404386598,32.73596387618048,32.73725015173755,32.730818773952194,5.6500000000000005e-05,True,True,False,False,phase6r_full_state_feasible_interval_reduced
2835.0,2.704353525898616,2.704353525898616,0.7827812519452356,4.156166015712763,32.71337241911613,32.71465488565317,32.708242552967995,6.77e-05,True,True,False,False,phase6r_full_state_feasible_interval_reduced
2840.0,2.701305055897907,2.701305055897907,0.7835316144607628,4.156583399257352,32.69084114512142,32.692119832577,32.68572639529909,9.44e-05,True,True,False,False,phase6r_full_state_feasible_interval_reduced
2845.0,2.698394168298403,2.698394168298403,0.7842811683964013,4.157007804293677,32.66837295306093,32.66964788939672,32.663273207717765,5.5e-05,True,True,False,False,phase6r_full_state_feasible_interval_reduced
2850.0,2.6955960555314697,2.6955960555314697,0.7850299450784933,4.157438451711235,32.64597029722411,32.64724150833139,32.64088545279501,5.17e-05,True,True,False,False,phase6r_full_state_feasible_interval_reduced
2855.0,2.6928855905826397,2.6928855905826397,0.7857779688536551,4.157874535179569,32.62363518566534,32.62490269527399,32.61856514723076,5.0100000000000005e-05,True,True,False,False,phase6r_full_state_feasible_interval_reduced
2860.0,2.6902373766777337,2.6902373766777337,0.7865252570138433,4.1583152226045685,32.60136917918885,32.60263300877982,32.596313860824964,5.17e-05,True,True,False,False,phase6r_full_state_feasible_interval_reduced
2865.0,2.6876258051824364,2.6876258051824364,0.7872718197375052,4.158759657876291,32.579173391133196,32.58043355985547,32.57413271624408,4.9300000000000006e-05,True,True,False,False,phase6r_full_state_feasible_interval_reduced
2870.0,2.685025121421278,2.685025121421278,0.7880176600490111,4.159206962905487,32.55704848810637,32.558305012699435,32.552022389734105,6.32e-05,True,True,False,False,phase6r_full_state_feasible_interval_reduced
2875.0,2.682409498058288,2.682409498058288,0.7887627737984717,4.159656239943915,32.53499469181771,32.536247586540576,32.529983112926246,5.1200000000000004e-05,True,True,False,False,phase6r_full_state_feasible_interval_reduced
2880.0,2.6797531156132757,2.6797531156132757,0.7895071496639199,4.160106574181055,32.513011782146656,32.51426105871445,32.508014675875465,4.92e-05,True,True,False,False,phase6r_full_state_feasible_interval_reduced
2885.0,2.677030249616366,2.677030249616366,0.7902507691777022,4.160557036607471,32.49109910158055,32.4923447691097,32.48611643146397,5.8500000000000006e-05,True,True,False,False,phase6r_full_state_feasible_interval_reduced
2890.0,2.6742153638311197,2.6742153638311197,0.7909936067787664,4.161006687132329,32.469255561144315,32.47049762610722,32.4642873012927,4.88e-05,True,True,False,False,phase6r_full_state_feasible_interval_reduced
2895.0,2.6712832089047494,2.6712832089047494,0.791735629892351,4.1614545779400105,32.447479647933534,32.44871811412376,32.44252578317264,4.8200000000000006e-05,True,True,False,False,phase6r_full_state_feasible_interval_reduced
2900.0,2.6682089257343238,2.6682089257343238,0.7924767990383883,4.161899757068007,32.42576943434993,32.42700430285869,32.420829960314876,4.83e-05,True,True,False,False,phase6r_full_state_feasible_interval_reduced
2905.0,2.6649681527708653,2.6649681527708653,0.7932170679697136,4.162341272185656,32.40412258912317,32.405353858327985,32.3991975123039,5.28e-05,True,True,False,False,phase6r_full_state_feasible_interval_reduced
2910.0,2.6615371364205553,2.6615371364205553,0.7939563838409415,4.162778174550699,32.38253639018706,32.38376405575324,32.37762572792234,4.9500000000000004e-05,True,True,False,False,phase6r_full_state_feasible_interval_reduced
2915.0,2.657892843643665,2.657892843643665,0.7946946874086203,4.1632095231180815,32.36100773946002,32.362231794355665,32.356111519877444,0.0002993,True,True,False,False,phase6r_full_state_feasible_interval_reduced
2920.0,2.654013075798251,2.654013075798251,0.7954319132630087,4.163634388773023,32.339533179560256,32.34075361408527,32.3346514414602,7.570000000000001e-05,True,True,False,False,phase6r_full_state_feasible_interval_reduced
2925.0,2.649876582727065,2.649876582727065,0.7961679900915439,4.164051858658085,32.31810891246531,32.319325714294855,32.313241705147156,7.13e-05,True,True,False,False,phase6r_full_state_feasible_interval_reduced
2930.0,2.6454631760426532,2.6454631760426532,0.796902840973778,4.164461040561784,32.29673082010343,32.297943974346055,32.291878203132924,7.110000000000001e-05,True,True,False,False,phase6r_full_state_feasible_interval_reduced
2935.0,2.6407538405276716,2.6407538405276716,0.7976363837072579,4.164861067334287,32.275394486840945,32.27660397611164,32.27055652975818,6.92e-05,True,True,False,False,phase6r_full_state_feasible_interval_reduced
2940.0,2.6357308425350796,2.6357308425350796,0.7983685311635176,4.165251101293824,32.254095223806,32.255301028314015,32.249272005773925,6.92e-05,True,True,False,False,phase6r_full_state_feasible_interval_reduced
2945.0,2.6303778342467004,2.6303778342467004,0.7990991916730306,4.165630338585808,32.2328280949639,32.23403019261534,32.22801970435812,6.8e-05,True,True,False,False,phase6r_full_state_feasible_interval_reduced
2950.0,2.6246799526294815,2.6246799526294815,0.7998282694376498,4.16599801345511,32.21158794483475,32.2127863113495,32.206794478775734,8.630000000000001e-05,True,True,False,False,phase6r_full_state_feasible_interval_reduced
