time_s,charge_current_a,raw_requested_current_a,soc,terminal_voltage_v,average_temperature_c,core_temperature_c,surface_temperature_c,evaluation_time_s,optimizer_success,prediction_feasible,used_fallback,target_current_cap_active,source
0.0,0.0,0.0,0.1,3.2959070147319616,25.0,25.0,25.0,0.0,True,True,False,False,phase6r_rolling_mpc_reduced
5.0,2.000000000000001,2.000000000000001,0.10055555555555556,3.3455056002961303,25.007004458575764,25.007045430273152,25.00684057178621,0.72856569999567,True,True,False,False,phase6r_rolling_mpc_reduced
10.0,4.000000000000003,4.000000000000003,0.10166666666666668,3.4008262851352056,25.036521470261313,25.036695407015962,25.035825723242713,0.693592700001318,True,True,False,False,phase6r_rolling_mpc_reduced
15.0,5.999999999999992,5.999999999999992,0.10333333333333335,3.4609603507892244,25.105794149108576,25.10620602873598,25.10414663059896,0.5948095999992802,True,True,False,False,phase6r_rolling_mpc_reduced
20.0,7.999999999999992,7.999999999999992,0.10555555555555557,3.5252111828954265,25.233304474203038,25.23406967417714,25.23024367430663,0.7259743000031449,True,True,False,False,phase6r_rolling_mpc_reduced
25.0,9.894715516470807,9.894715516470807,0.10830408764346412,3.590429343420518,25.434428005150025,25.43564711195964,25.429551577911564,0.6264005999983056,True,True,False,False,phase6r_rolling_mpc_reduced
30.0,9.626811887828156,9.626811887828156,0.11097820205674973,3.6049144625384826,25.63658388208742,25.63784580389465,25.631536194858523,0.3063936000035028,True,True,False,False,phase6r_rolling_mpc_reduced
35.0,9.38190739410198,9.38190739410198,0.11358428744400027,3.61642453560335,25.837442263981576,25.83873356281574,25.832277068644917,0.31138349999673665,True,True,False,False,phase6r_rolling_mpc_reduced
40.0,9.170006940778011,9.170006940778011,0.11613151159421639,3.626050120611509,26.035975859609742,26.0372902892419,26.030718141081103,0.3085977000009734,True,True,False,False,phase6r_rolling_mpc_reduced
45.0,8.983476491794391,8.983476491794391,0.11862692173082594,3.634269253683537,26.23153372313091,26.232867050840223,26.22620041229365,0.31645790000038687,True,True,False,False,phase6r_rolling_mpc_reduced
50.0,8.815872818229463,8.815872818229463,0.12107577529144524,3.641410605956534,26.42368262807286,26.42503177562031,26.41828603788305,0.3153272999988985,True,True,False,False,phase6r_rolling_mpc_reduced
55.0,8.731903403961029,8.731903403961029,0.12350130401476775,3.6494313658375592,26.614778356112318,26.6161564799858,26.609265860618386,0.10433570000168402,True,True,False,False,phase6r_rolling_mpc_reduced
60.0,8.529534750505563,8.529534750505563,0.12587061922324153,3.6537853242337324,26.799802547663838,26.801180100971557,26.794292334432953,0.313262499999837,True,True,False,False,phase6r_rolling_mpc_reduced
65.0,8.450189011812862,8.450189011812862,0.1282178939487451,3.660242628133571,26.98287301485821,26.984272974065547,26.977273178028852,0.10364770000160206,True,True,False,False,phase6r_rolling_mpc_reduced
70.0,8.2686997951261,8.2686997951261,0.1305147550029468,3.6637277400686252,27.159891472899375,27.161289508267217,27.15429933142802,0.3144098999982816,True,True,False,False,phase6r_rolling_mpc_reduced
75.0,8.193628663779267,8.193628663779267,0.1327907629651077,3.669172883769533,27.334522807295173,27.335939249505223,27.328857038454974,0.10565869999845745,True,True,False,False,phase6r_rolling_mpc_reduced
80.0,8.03522647634411,8.03522647634411,0.1350227703196477,3.672273980178864,27.50355226976756,27.504967877972533,27.497889836947667,0.31978150000213645,True,True,False,False,phase6r_rolling_mpc_reduced
85.0,7.963931281059362,7.963931281059362,0.13723497345327532,3.6770348327607043,27.670009354676036,27.671440825213505,27.664283472526158,0.1103584000011324,True,True,False,False,phase6r_rolling_mpc_reduced
90.0,7.821349400116006,7.821349400116006,0.1394075705088631,3.6798374442103614,27.831230524612906,27.83266180701016,27.825505395023878,0.30966399999306304,True,True,False,False,phase6r_rolling_mpc_reduced
95.0,7.753494913414182,7.753494913414182,0.1415613190959226,3.6840958260141865,27.989820951262576,27.991266326744373,27.984039449335384,0.10689719999936642,True,True,False,False,phase6r_rolling_mpc_reduced
100.0,7.6228911160588035,7.6228911160588035,0.14367878885038338,3.6866559141841777,28.14349615040053,28.144941775053084,28.137713651790317,0.3093538000030094,True,True,False,False,phase6r_rolling_mpc_reduced
105.0,7.55822521080291,7.55822521080291,0.1457782958533842,3.69051733592173,28.29454811021695,28.296006491971994,28.288714583196768,0.10367129999940516,True,True,False,False,phase6r_rolling_mpc_reduced
110.0,7.437144524980341,7.437144524980341,0.1478441693325454,3.6928653113203462,28.440967100776124,28.442426004238527,28.43513148692652,0.31290379999700235,True,True,False,False,phase6r_rolling_mpc_reduced
115.0,7.375467567065906,7.375467567065906,0.14989291032339705,3.6963942097720137,28.58480491756613,28.586275497299773,28.578922598631564,0.10535179999715183,True,True,False,False,phase6r_rolling_mpc_reduced
120.0,7.262626665590183,7.262626665590183,0.1519103066193943,3.6985568393391057,28.7242731934452,28.7257445165854,28.71838790088441,0.31036109999695327,True,True,False,False,phase6r_rolling_mpc_reduced
125.0,7.203763834807454,7.203763834807454,0.15391135212906304,3.701796087343551,28.861220762305983,28.86270284438517,28.85529243398924,0.10340060000453377,True,True,False,False,phase6r_rolling_mpc_reduced
130.0,7.09796022210902,7.09796022210902,0.15588300774631556,3.703784920450712,28.99403492756144,28.99551787433856,28.988103140452957,0.3106005000008736,True,True,False,False,phase6r_rolling_mpc_reduced
135.0,7.041766689585446,7.041766689585446,0.1578390540489782,3.706764781768906,29.124398738980897,29.12589163943224,29.11842713717553,0.10576909999508644,True,True,False,False,phase6r_rolling_mpc_reduced
140.0,6.942330862619206,6.942330862619206,0.15976747928859464,3.708593980930419,29.25085049043342,29.25234434638559,29.24487506662473,0.31178340000042226,True,True,False,False,phase6r_rolling_mpc_reduced
145.0,6.888672034589496,6.888672034589496,0.16168099929820284,3.7113379135393427,29.37492746942644,29.3764305577102,29.36891511629139,0.10551870000199415,True,True,False,False,phase6r_rolling_mpc_reduced
150.0,6.8356023775372945,6.8356023775372945,0.16357977773640764,3.7140178902582512,29.49667072490913,29.498182851351164,29.490622219140988,0.10757110000122339,True,True,False,False,phase6r_rolling_mpc_reduced
155.0,6.726530685851625,6.726530685851625,0.16544825848247754,3.715229964989149,29.614210686935685,29.615720488972727,29.60817147878753,0.27537849999498576,True,True,False,False,phase6r_rolling_mpc_reduced
160.0,6.676377360035327,6.676377360035327,0.16730280774915401,3.7176461439069586,29.72948510600382,29.731003149676596,29.72341293131272,0.10283580000395887,True,True,False,False,phase6r_rolling_mpc_reduced
165.0,6.626801680766015,6.626801680766015,0.16914358599381124,3.7200076216262397,29.84253682956055,29.844062951182202,29.83643234307394,0.10245759999816073,True,True,False,False,phase6r_rolling_mpc_reduced
170.0,6.524767408697723,6.524767408697723,0.17095602138511617,3.720999390082472,29.951651890488698,29.95317565797783,29.94555682053217,0.2742551999981515,True,True,False,False,phase6r_rolling_mpc_reduced
175.0,6.477959018141425,6.477959018141425,0.17275545444571103,3.723123926806155,30.058616872157945,30.06014801607589,30.052492296486168,0.10317999999824679,True,True,False,False,phase6r_rolling_mpc_reduced
180.0,6.431714702407115,6.431714702407115,0.17454204186304634,3.725201606717489,30.163475306022356,30.165013687800005,30.15732177891177,0.10464549999596784,True,True,False,False,phase6r_rolling_mpc_reduced
185.0,6.339034784052894,6.339034784052894,0.1763028848586166,3.726067335628993,30.26474266378661,30.266279214654986,30.258596460313097,0.27283950000128243,True,True,False,False,phase6r_rolling_mpc_reduced
190.0,6.295333246404207,6.295333246404207,0.17805158853817332,3.7279369997769902,30.363978035597594,30.365521218615356,30.35780530352654,0.10560270000132732,True,True,False,False,phase6r_rolling_mpc_reduced
195.0,6.252181425829771,6.252181425829771,0.1797883056009038,3.7297651241912475,30.461224112670195,30.462773805952388,30.45502533954142,0.10269289999996545,True,True,False,False,phase6r_rolling_mpc_reduced
200.0,6.167803145978686,6.167803145978686,0.18150158425256455,3.7305166731432062,30.55519013714753,30.55673842680205,30.548996978529452,0.2734753000040655,True,True,False,False,phase6r_rolling_mpc_reduced
205.0,6.1269980753239,6.1269980753239,0.18320352816237673,3.732160005730156,30.64724093876099,30.648795208415343,30.64102386014357,0.10351670000090962,True,True,False,False,phase6r_rolling_mpc_reduced
210.0,6.0867258871728165,6.0867258871728165,0.18489428535325805,3.733765833003398,30.73741769561516,30.738977835888804,30.731177134520593,0.1041419000030146,True,True,False,False,phase6r_rolling_mpc_reduced
215.0,6.009934530470549,6.009934530470549,0.18656371161172208,3.7344167723059645,30.82460002995723,30.826159144649836,30.8183635711868,0.2777548000012757,True,True,False,False,phase6r_rolling_mpc_reduced
220.0,5.971827977276389,5.971827977276389,0.18822255271652108,3.735857613882997,30.90998063732367,30.911545155413098,30.90372256496596,0.10326309999800287,True,True,False,False,phase6r_rolling_mpc_reduced
225.0,5.934237384911288,5.934237384911288,0.18987095199010756,3.7372641868612395,30.993598901283306,30.995168723649385,30.987319611818975,0.10293829999864101,True,True,False,False,phase6r_rolling_mpc_reduced
230.0,5.897161563860735,5.897161563860735,0.19150905242451333,3.7386296828120167,31.0754896149826,31.0770646228775,31.069189583403006,0.10157539999636356,True,True,False,False,phase6r_rolling_mpc_reduced
235.0,5.818936179642543,5.818936179642543,0.19312542358552515,3.7389274849104224,31.1544129492898,31.15598557458577,31.1481224481059,0.2755992000020342,True,True,False,False,phase6r_rolling_mpc_reduced
240.0,5.784121723128586,5.784121723128586,0.19473212406417198,3.740121109200633,31.23167393492503,31.233251268637826,31.22536460007384,0.10323219999554567,True,True,False,False,phase6r_rolling_mpc_reduced
245.0,5.7498023144482,5.7498023144482,0.19632929137374092,3.741285849588522,31.30731052192371,31.308892482032743,31.300982681487582,0.10616220000520116,True,True,False,False,phase6r_rolling_mpc_reduced
250.0,5.71597473664143,5.71597473664143,0.1979170621339191,3.742415366814686,31.381356449838364,31.38294293665778,31.375010502560706,0.10334180000063498,True,True,False,False,phase6r_rolling_mpc_reduced
255.0,5.64578433856819,5.64578433856819,0.19948533556129916,3.7426023204880505,31.45274289284704,31.45432736354358,31.44640501006088,0.27423470000212546,True,True,False,False,phase6r_rolling_mpc_reduced
260.0,5.6140188614952375,5.6140188614952375,0.20104478524504785,3.7435843165856357,31.522601818940956,31.52419040852067,31.516247460622104,0.10729390000051353,True,True,False,False,phase6r_rolling_mpc_reduced
265.0,5.582724097423066,5.582724097423066,0.20259554193877646,3.7445508301184263,31.59096906149287,31.592561700212844,31.58459850661298,0.1032333999974071,True,True,False,False,phase6r_rolling_mpc_reduced
270.0,5.551899092243914,5.551899092243914,0.20413773613106645,3.7454974385475954,31.65787678420946,31.659473387434684,31.65149037130857,0.10420690000319155,True,True,False,False,phase6r_rolling_mpc_reduced
275.0,5.4901723466866565,5.4901723466866565,0.20566278400514607,3.7456528774988316,31.722438546274446,31.724033661990145,31.716058083411653,0.27414880000287667,True,True,False,False,phase6r_rolling_mpc_reduced
280.0,5.461190696217042,5.461190696217042,0.2071797814207619,3.746493754798783,31.78560070906599,31.787199443923896,31.77920576963436,0.10317699999723118,True,True,False,False,phase6r_rolling_mpc_reduced
285.0,5.432658376175402,5.432658376175402,0.20868885319192174,3.7473245970075713,31.847396577669443,31.848998870532483,31.840987406217295,0.10353340000438038,True,True,False,False,phase6r_rolling_mpc_reduced
290.0,5.404568880022441,5.404568880022441,0.2101901223252613,3.7481409695890755,31.907856147899174,31.909461924380487,31.901433041973924,0.10403689999657217,True,True,False,False,phase6r_rolling_mpc_reduced
295.0,5.376921696837988,5.376921696837988,0.21168371168549407,3.7489400350089954,31.967007081166425,31.96861625870951,31.960570370994084,0.10982959999819286,True,True,False,False,phase6r_rolling_mpc_reduced
300.0,5.317959056712503,5.317959056712503,0.21316092253458088,3.7489432214518694,32.02397113669385,32.02557833883982,32.017542328109975,0.2742593000002671,True,True,False,False,phase6r_rolling_mpc_reduced
305.0,5.292107715989706,5.292107715989706,0.21463095245568914,3.7496455764077585,32.079680005508024,32.081290282186266,32.073238898795054,0.10843070000555599,True,True,False,False,phase6r_rolling_mpc_reduced
310.0,5.266675870764888,5.266675870764888,0.21609391797534605,3.7503438174487473,32.13416441827094,32.13577771969343,32.12771121258101,0.10444319999805884,True,True,False,False,phase6r_rolling_mpc_reduced
315.0,5.24165981804143,5.24165981804143,0.21754993459146868,3.751033990921811,32.18745227769497,32.189068543168325,32.18098721580156,0.10604249999596504,True,True,False,False,phase6r_rolling_mpc_reduced
320.0,5.217056260064285,5.217056260064285,0.218999116885931,3.751713440121383,32.239569356044754,32.24118851751621,32.23309271015892,0.10354470000311267,True,True,False,False,phase6r_rolling_mpc_reduced
325.0,5.166253238577556,5.166253238577556,0.22043418722998032,3.7517300558406146,32.28980029428161,32.29141795325709,32.283329658379714,0.27599569999438245,True,True,False,False,phase6r_rolling_mpc_reduced
330.0,5.143227478274883,5.143227478274883,0.2218628615295011,3.7523357315041896,32.33890981759326,32.340530102346875,32.33242867857883,0.10571129999880213,True,True,False,False,phase6r_rolling_mpc_reduced
335.0,5.1205923879919215,5.1205923879919215,0.2232852483039433,3.7529412147522234,32.386925768929,32.388548637246274,32.38043429565987,0.11122550000436604,True,True,False,False,phase6r_rolling_mpc_reduced
340.0,5.098342918210261,5.098342918210261,0.22470145467011282,3.7535430706048487,32.43387355941994,32.435498959967084,32.42737195723139,0.10755549999885261,True,True,False,False,phase6r_rolling_mpc_reduced
345.0,5.076476679152618,5.076476679152618,0.22611158708098855,3.754139019964797,32.47977680587821,32.48140468147252,32.473265303500966,0.10492100000556093,True,True,False,False,phase6r_rolling_mpc_reduced
350.0,5.054988295893035,5.054988295893035,0.2275157504965144,3.754727526019473,32.5246576685049,32.52628795776208,32.5181365114762,0.10720159999618772,True,True,False,False,phase6r_rolling_mpc_reduced
355.0,5.009270769361865,5.009270769361865,0.22890721459911492,3.75470673951894,32.56787136041785,32.56950010478298,32.56135638295729,0.2805460999952629,True,True,False,False,phase6r_rolling_mpc_reduced
360.0,4.9892292959978795,4.9892292959978795,0.230293111625781,3.7552341147301282,32.61010586047936,32.61173677934842,32.603582185003106,0.10286880000057863,True,True,False,False,phase6r_rolling_mpc_reduced
365.0,4.969545791557593,4.969545791557593,0.2316735410123248,3.75576523679529,32.651386007314635,32.65301906690835,32.64485376893976,0.10349880000285339,True,True,False,False,phase6r_rolling_mpc_reduced
370.0,4.950214357022744,4.950214357022744,0.23304860055594223,3.7562971163135495,32.69173456301051,32.69336972195766,32.68519392722192,0.10230500000034226,True,True,False,False,phase6r_rolling_mpc_reduced
375.0,4.931232199875014,4.931232199875014,0.23441838727812975,3.756827760223715,32.73117275750118,32.73280996963076,32.72462390898287,0.11162989999866113,True,True,False,False,phase6r_rolling_mpc_reduced
380.0,4.912592905951396,4.912592905951396,0.23578299641867181,3.7573557773318162,32.769720535843305,32.77135975135075,32.763163673813516,0.10481500000605593,True,True,False,False,phase6r_rolling_mpc_reduced
385.0,4.89429384974288,4.89429384974288,0.23714252248804485,3.757880371048693,32.807396912288205,32.80903807957154,32.800832243154844,0.10326400000485592,True,True,False,False,phase6r_rolling_mpc_reduced
390.0,4.854410179608804,4.854410179608804,0.2384909697601584,3.757866024385876,32.84364344461166,32.84528313778706,32.83708467191004,0.27352539999992587,True,True,False,False,phase6r_rolling_mpc_reduced
395.0,4.837399898244575,4.837399898244575,0.23983469195411522,3.7583436960641268,32.87905584745461,32.88069728962644,32.87249007876727,0.10590379999484867,True,True,False,False,phase6r_rolling_mpc_reduced
400.0,4.811901255335477,4.811901255335477,0.24117133119170842,3.758613613916682,32.91342613829558,32.91506796035472,32.906858850059,0.10755540000536712,True,True,False,False,phase6r_rolling_mpc_reduced
405.0,4.785293501608516,4.785293501608516,0.24250057938659966,3.758831729758425,32.94673248042077,32.94837436407759,32.94016494579349,0.10948069999722065,True,True,False,False,phase6r_rolling_mpc_reduced
410.0,4.759311177502327,4.759311177502327,0.2438226102692392,3.7590391961279876,32.978997836345314,32.98063972136102,32.972430296282496,0.10547590000351192,True,True,False,False,phase6r_rolling_mpc_reduced
415.0,4.727411254939759,4.727411254939759,0.24513578006227804,3.7590797244588,33.01007799075476,33.01171884320305,33.00351458096161,0.24931730000389507,True,True,False,False,phase6r_rolling_mpc_reduced
420.0,4.698218418037654,4.698218418037654,0.24644084073395517,3.7591504305262244,33.040047265218746,33.041687303108944,33.03348711365797,0.21618260000104783,True,True,False,False,phase6r_rolling_mpc_reduced
425.0,4.668027338986322,4.668027338986322,0.2477375149947847,3.759171318298859,33.06888825384563,33.0705271722253,33.06233258032695,0.24139650000142865,True,True,False,False,phase6r_rolling_mpc_reduced
430.0,4.642602898378819,4.642602898378819,0.24902712691100104,3.7592823228066856,33.096729354403195,33.09836769799888,33.09017598002043,0.10512110000126995,True,True,False,False,phase6r_rolling_mpc_reduced
435.0,4.613705403071268,4.613705403071268,0.2503087117451875,3.759296058302975,33.12349415386105,33.12513129286067,33.116945597862596,0.24264749999565538,True,True,False,False,phase6r_rolling_mpc_reduced
440.0,4.585424156344736,4.585424156344736,0.25158244067750546,3.7593031806996295,33.1492068094654,33.150842688360825,33.14266329388369,0.170473199999833,True,True,False,False,phase6r_rolling_mpc_reduced
445.0,4.557361038130992,4.557361038130992,0.25284837429920853,3.759296758982702,33.17388211418334,33.17551662710684,33.16734406248935,0.1728551999985939,True,True,False,False,phase6r_rolling_mpc_reduced
450.0,4.530384302609677,4.530384302609677,0.25410681438326677,3.7592993131569314,33.197556519619624,33.19918969009817,33.19102383770543,0.17159610000089742,True,True,False,False,phase6r_rolling_mpc_reduced
455.0,4.5021719926649935,4.5021719926649935,0.2553574177145626,3.7592575114759748,33.22020979811873,33.22184132480631,33.21368369136839,0.24043940000410657,True,True,False,False,phase6r_rolling_mpc_reduced
460.0,4.472563154947687,4.472563154947687,0.2565997963687147,3.759164512980918,33.24181726006969,33.24344681182286,33.235299053057034,0.24222329999611247,True,True,False,False,phase6r_rolling_mpc_reduced
465.0,4.444246849229955,4.444246849229955,0.2578343093823897,3.7590832345948924,33.2624192819553,33.264046903711794,33.255908794929326,0.1377074999982142,True,True,False,False,phase6r_rolling_mpc_reduced
470.0,4.41449674387726,4.41449674387726,0.25906055847791115,3.7589516702466224,33.28199111128321,33.28361647439915,33.27548965881945,0.3430219000001671,True,True,False,False,phase6r_rolling_mpc_reduced
475.0,4.388725053849698,4.388725053849698,0.2602796487706472,3.758898813020659,33.300637609650906,33.30226113911863,33.294143491780034,0.14021169999614358,True,True,False,False,phase6r_rolling_mpc_reduced
480.0,4.361916976155274,4.361916976155274,0.26149129237513474,3.7588132606866074,33.31834527985277,33.319966727512444,33.31185948921407,0.10474669999530306,True,True,False,False,phase6r_rolling_mpc_reduced
485.0,4.331790674462768,4.331790674462768,0.2626945675624855,3.758636014221195,33.335045610815406,33.33666440424463,33.32857043709852,0.30855910000536824,True,True,False,False,phase6r_rolling_mpc_reduced
490.0,4.303026942497613,4.303026942497613,0.2638898528242904,3.7584730368223824,33.3507795131864,33.352395707484305,33.34431473599478,0.2775733999951626,True,True,False,False,phase6r_rolling_mpc_reduced
495.0,4.276665626739929,4.276665626739929,0.26507781549838483,3.7583545643378815,33.365613110084375,33.367226915306205,33.359157889197064,0.1711007000048994,True,True,False,False,phase6r_rolling_mpc_reduced
500.0,4.25042243529995,4.25042243529995,0.2662584883970793,3.7582314239171493,33.37955996052924,33.381171291354086,33.37311463722988,0.2754152999987127,True,True,False,False,phase6r_rolling_mpc_reduced
505.0,4.22476923078819,4.22476923078819,0.26743203540563154,3.7581149096679867,33.39264422098496,33.39425305656073,33.386208878681884,0.10542910000367556,True,True,False,False,phase6r_rolling_mpc_reduced
510.0,4.194770679013656,4.194770679013656,0.26859724948313535,3.7578857840143134,33.40477607941567,33.40638173666301,33.39835345042632,0.3504242000053637,True,True,False,False,phase6r_rolling_mpc_reduced
515.0,4.166477472503617,4.166477472503617,0.2697546043366086,3.7576805037622605,33.41600300808497,33.41760559053067,33.409592678302175,0.34622959999978775,True,True,False,False,phase6r_rolling_mpc_reduced
520.0,4.140476194151649,4.140476194151649,0.2709047366127618,3.7575192359172482,33.42638676981816,33.42798647325814,33.419987956058236,0.3094675000029383,True,True,False,False,phase6r_rolling_mpc_reduced
525.0,4.1173287207412255,4.1173287207412255,0.27204843903518994,3.7574218752575397,33.43600250865338,33.43759961844907,33.42961406947064,0.17363720000139438,True,True,False,False,phase6r_rolling_mpc_reduced
530.0,4.094583879277793,4.094583879277793,0.27318582344610043,3.757335128730041,33.44487055533186,33.44646504996192,33.4384925768116,0.3465317999944091,True,True,False,False,phase6r_rolling_mpc_reduced
535.0,4.067190065222608,4.067190065222608,0.2743155984642178,3.7571352190743887,33.45289739210245,33.45448858782191,33.44653260922461,0.20902229999774136,True,True,False,False,phase6r_rolling_mpc_reduced
540.0,4.039386701895751,4.039386701895751,0.27543765032585554,3.7569128186630123,33.46008211243221,33.461669850115044,33.453731161700865,0.2799529999974766,True,True,False,False,phase6r_rolling_mpc_reduced
545.0,4.015307409086646,4.015307409086646,0.2765530134950463,3.7567688598833904,33.46651548903419,33.46810014565306,33.46017686255868,0.14071910000347998,True,True,False,False,phase6r_rolling_mpc_reduced
550.0,3.992415648716489,3.992415648716489,0.27766201784191197,3.756651717630513,33.472233692774715,33.47381534251281,33.46590709382236,0.34661389999382664,True,True,False,False,phase6r_rolling_mpc_reduced
555.0,3.9739675244874557,3.9739675244874557,0.27876589770982513,3.7566429151841434,33.477344059142816,33.47892319906708,33.471027499445746,0.17636189999757335,True,True,False,False,phase6r_rolling_mpc_reduced
560.0,3.9568396809850745,3.9568396809850745,0.2798650198434321,3.7566761129386093,33.48188663762848,33.483463390851135,33.475579624737854,0.31176699999923585,True,True,False,False,phase6r_rolling_mpc_reduced
565.0,3.932385963573041,3.932385963573041,0.28095734927775795,3.7565409852552434,33.48571319565884,33.48728659128469,33.479419613155436,0.20553349999681814,True,True,False,False,phase6r_rolling_mpc_reduced
570.0,3.905915165692258,3.905915165692258,0.28204232571267246,3.756346425165679,33.48878693290357,33.490356624743754,33.48250816554285,0.3504618000006303,True,True,False,False,phase6r_rolling_mpc_reduced
575.0,3.8857808098786517,3.8857808098786517,0.2831217092709721,3.7562925265990676,33.49124992795653,33.492816609420416,33.48498320210099,0.3501352000021143,True,True,False,False,phase6r_rolling_mpc_reduced
580.0,3.87055661457533,3.87055661457533,0.2841968638861319,3.7563619887564372,33.49321620228263,33.49478042864034,33.48695929685179,0.2779606000040076,True,True,False,False,phase6r_rolling_mpc_reduced
585.0,3.8607065134610563,3.8607065134610563,0.2852692823620933,3.756576836929488,33.49481065274989,33.49637306373654,33.4885610088033,0.1397854000024381,True,True,False,False,phase6r_rolling_mpc_reduced
590.0,3.850952378628446,3.850952378628446,0.28633899135615676,3.7568183835747906,33.496047095033376,33.4976077034673,33.48980466129768,0.2798408000016934,True,True,False,False,phase6r_rolling_mpc_reduced
595.0,3.8463205772784335,3.8463205772784335,0.2874074137387341,3.7572046897422022,33.497043780721214,33.4986032128339,33.490806052270464,0.1419162000020151,True,True,False,False,phase6r_rolling_mpc_reduced
600.0,3.842951451327109,3.842951451327109,0.2884749002529916,3.7576506008678643,33.497838444950126,33.499396877623965,33.49160471425478,0.10366709999652812,True,True,False,False,phase6r_rolling_mpc_reduced
605.0,3.839293395706015,3.839293395706015,0.28954137064068775,3.7581163978408494,33.498434881407725,33.49999229989071,33.492205207475806,0.20958030000474537,True,True,False,False,phase6r_rolling_mpc_reduced
610.0,3.838925507244209,3.838925507244209,0.29060773883714447,3.7586843548346107,33.498910356276475,33.50046717627904,33.49268307626622,0.10470239999995101,True,True,False,False,phase6r_rolling_mpc_reduced
615.0,3.8392407298618774,3.8392407298618774,0.2916741945954394,3.7592958612429404,33.499287899392336,33.500844233503905,33.493062562946065,0.1038129000007757,True,True,False,False,phase6r_rolling_mpc_reduced
620.0,3.840085227447987,3.840085227447987,0.2927408849363972,3.759945037305561,33.49958625675805,33.5011421967226,33.49336249689988,0.0723024000035366,True,True,False,False,phase6r_rolling_mpc_reduced
625.0,3.8401404214567774,3.8401404214567774,0.2938075906090241,3.760597850044004,33.49979563407311,33.50135110811971,33.49357373788672,0.20776219999970635,True,True,False,False,phase6r_rolling_mpc_reduced
630.0,3.840976508995068,3.840976508995068,0.2948745285281894,3.76128802732975,33.49993768037577,33.50149279886688,33.49371720641134,0.10837219999666559,True,True,False,False,phase6r_rolling_mpc_reduced
635.0,3.840976508995068,3.840976508995068,0.2959414664473547,3.7619764118458736,33.5,33.50155467811606,33.49378128753578,0.17103250000218395,True,True,False,False,phase6r_rolling_mpc_reduced
640.0,3.841618755569795,3.841618755569795,0.2970085827683463,3.762695420035789,33.5,33.50155432498264,33.49378270006942,0.14118410000082804,True,True,False,False,phase6r_rolling_mpc_reduced
645.0,3.8450536339891097,3.8450536339891097,0.29807665322223215,3.763498259816964,33.500000000192024,33.50155432517696,33.49378270025227,0.10306799999671057,True,True,False,False,phase6r_rolling_mpc_reduced
650.0,3.8482379188855886,3.8482379188855886,0.2991456081997004,3.7643166516635937,33.500000000211585,33.50155432519555,33.49378270027572,0.10397939999529626,True,True,False,False,phase6r_rolling_mpc_reduced
655.0,3.8512145435575142,3.8512145435575142,0.30021539001735525,3.765148949773402,33.49999999997816,33.50155432496065,33.49378270004821,0.10670229999959702,True,True,False,False,phase6r_rolling_mpc_reduced
660.0,3.8540154785991203,3.8540154785991203,0.30128594987252166,3.7659895926611417,33.50000000005601,33.50155432504028,33.49378270011894,0.07179460000043036,True,True,False,False,phase6r_rolling_mpc_reduced
665.0,3.856664668179032,3.856664668179032,0.3023572456136825,3.7668355031373215,33.500000000014595,33.50155432499818,33.49378270008026,0.0711100999978953,True,True,False,False,phase6r_rolling_mpc_reduced
670.0,3.859180371756285,3.859180371756285,0.30342924016139255,3.7676859497741537,33.50000000005314,33.50155432503718,33.49378270011697,0.07064620000164723,True,True,False,False,phase6r_rolling_mpc_reduced
675.0,3.8615766126456252,3.8615766126456252,0.3045019003315719,3.768540362184449,33.500000000022716,33.50155432500636,33.493782700088126,0.07053460000315681,True,True,False,False,phase6r_rolling_mpc_reduced
680.0,3.8638643915773554,3.8638643915773554,0.30557519599589894,3.769398289261413,33.49999999999802,33.5015543249817,33.49378270006331,0.07077389999903971,True,True,False,False,phase6r_rolling_mpc_reduced
685.0,3.866052466276526,3.866052466276526,0.3066490994587535,3.770259366911415,33.50000000000114,33.50155432498497,33.49378270006581,0.07331729999714298,True,True,False,False,phase6r_rolling_mpc_reduced
690.0,3.868147958004403,3.868147958004403,0.30772358500264363,3.7711232957500638,33.5,33.501554324983815,33.49378270006476,0.07578459999785991,True,True,False,False,phase6r_rolling_mpc_reduced
695.0,3.8701567842110323,3.8701567842110323,0.30879862855381335,3.771989824892348,33.49999999999999,33.50155432498381,33.49378270006473,0.07361999999557156,True,True,False,False,phase6r_rolling_mpc_reduced
700.0,3.872083961366892,3.872083961366892,0.3098742074319708,3.7728587399973734,33.500000000000085,33.5015543249839,33.49378270006482,0.07254149999789661,True,True,False,False,phase6r_rolling_mpc_reduced
705.0,3.8739338313640035,3.8739338313640035,0.31095030016290526,3.773729854765524,33.49999999999985,33.501554324983665,33.49378270006459,0.07093670000176644,True,True,False,False,phase6r_rolling_mpc_reduced
710.0,3.875710223381382,3.875710223381382,0.31202688633606673,3.7746030047107455,33.500000000000114,33.50155432498393,33.49378270006484,0.07124759999715025,True,True,False,False,phase6r_rolling_mpc_reduced
715.0,3.8774165714156648,3.8774165714156648,0.3131039464947933,3.775478042617602,33.50000000000008,33.50155432498389,33.49378270006481,0.07128559999546269,True,True,False,False,phase6r_rolling_mpc_reduced
720.0,3.8790560001907224,3.8790560001907224,0.3141814620504018,3.7763548352204266,33.5,33.501554324983815,33.493782700064735,0.07271459999901708,True,True,False,False,phase6r_rolling_mpc_reduced
725.0,3.8806313874941014,3.8806313874941014,0.31525941521359463,3.7772332607456303,33.500000000000014,33.50155432498383,33.49378270006475,0.0721071000007214,True,True,False,False,phase6r_rolling_mpc_reduced
730.0,3.8821454100778054,3.8821454100778054,0.31633778893861625,3.778113207089597,33.50000000000001,33.50155432498382,33.49378270006474,0.07175920000008773,True,True,False,False,phase6r_rolling_mpc_reduced
735.0,3.8836005775056703,3.8836005775056703,0.31741656687681225,3.7789945704516237,33.49999999999998,33.50155432498379,33.49378270006471,0.07058519999554846,True,True,False,False,phase6r_rolling_mpc_reduced
740.0,3.8849992572650343,3.8849992572650343,0.31849573333716363,3.779877254295415,33.49999999999992,33.501554324983736,33.493782700064656,0.07168480000109412,True,True,False,False,phase6r_rolling_mpc_reduced
745.0,3.8863436936394855,3.8863436936394855,0.3195752732520635,3.780761168550644,33.49999999999995,33.501554324983765,33.493782700064685,0.07068849999632221,True,True,False,False,phase6r_rolling_mpc_reduced
750.0,3.8876360220053647,3.8876360220053647,0.32065517214706496,3.781646228987823,33.49999999999997,33.501554324983786,33.4937827000647,0.07173400000465335,True,True,False,False,phase6r_rolling_mpc_reduced
755.0,3.88887827988906,3.88887827988906,0.3217354161137008,3.782532356721623,33.500000000000014,33.50155432498383,33.49378270006475,0.07186190000356873,True,True,False,False,phase6r_rolling_mpc_reduced
760.0,3.890072415574606,3.890072415574606,0.3228159917846938,3.7834194778063237,33.50000000000005,33.501554324983864,33.493782700064784,0.07241790000261972,True,True,False,False,phase6r_rolling_mpc_reduced
765.0,3.8912202950050054,3.8912202950050054,0.32389688631108404,3.784307522901186,33.50000000000002,33.501554324983836,33.493782700064756,0.07118839999748161,True,True,False,False,phase6r_rolling_mpc_reduced
770.0,3.892323707398688,3.892323707398688,0.324978087340917,3.7851964269871425,33.500000000000036,33.50155432498385,33.49378270006477,0.07163259999651928,True,True,False,False,phase6r_rolling_mpc_reduced
775.0,3.893384369895262,3.893384369895262,0.3260595829992212,3.7860861291215313,33.499999999999986,33.5015543249838,33.49378270006472,0.07361390000005485,True,True,False,False,phase6r_rolling_mpc_reduced
780.0,3.894403931570989,3.894403931570989,0.32714136186910203,3.7869765722239395,33.50000000000006,33.50155432498387,33.493782700064784,0.07070870000461582,True,True,False,False,phase6r_rolling_mpc_reduced
785.0,3.895383976828437,3.895383976828437,0.3282234129737766,3.787867702882501,33.49999999999997,33.501554324983786,33.493782700064706,0.07197499999892898,True,True,False,False,phase6r_rolling_mpc_reduced
790.0,3.8963260285370787,3.8963260285370787,0.32930572575948136,3.788759471181569,33.5,33.501554324983815,33.493782700064735,0.07097760000033304,True,True,False,False,phase6r_rolling_mpc_reduced
795.0,3.897231550688519,3.897231550688519,0.3303882900791171,3.7896518305396087,33.499999999999986,33.5015543249838,33.49378270006472,0.0711174999960349,True,True,False,False,phase6r_rolling_mpc_reduced
800.0,3.898101950989263,3.898101950989263,0.3314710961766141,3.790544737562866,33.5,33.501554324983815,33.49378270006473,0.07571580000512768,True,True,False,False,phase6r_rolling_mpc_reduced
805.0,3.8989385831375096,3.8989385831375096,0.33255413467193007,3.7914381519059956,33.50000000000003,33.50155432498384,33.49378270006476,0.07356720000097994,True,True,False,False,phase6r_rolling_mpc_reduced
810.0,3.8997427490093917,3.8997427490093917,0.3336373965466549,3.7923320361424677,33.50000000000001,33.50155432498382,33.49378270006474,0.0786588999981177,True,True,False,False,phase6r_rolling_mpc_reduced
815.0,3.9005157007106264,3.9005157007106264,0.33472087313018567,3.793226355642115,33.50000000000001,33.50155432498382,33.49378270006474,0.07154280000395374,True,True,False,False,phase6r_rolling_mpc_reduced
820.0,3.9012586424867397,3.9012586424867397,0.335804556086432,3.794121078454347,33.5,33.501554324983815,33.493782700064735,0.07328450000204612,True,True,False,False,phase6r_rolling_mpc_reduced
825.0,3.9019727325816165,3.9019727325816165,0.336888437401038,3.795016175198089,33.49999999999999,33.50155432498381,33.49378270006473,0.07543879999866476,True,True,False,False,phase6r_rolling_mpc_reduced
830.0,3.902659119136623,3.902659119136623,0.337972509378576,3.7959116197890546,33.50000000070985,33.501554325697825,33.49378270075798,0.07141430000046967,True,True,False,False,phase6r_rolling_mpc_reduced
835.0,3.903318762335782,3.903318762335782,0.3390567645903359,3.796807385045447,33.50000000054881,33.501554325531814,33.49378270061679,0.07156089999625692,True,True,False,False,phase6r_rolling_mpc_reduced
840.0,3.903952829645298,3.903952829645298,0.34014119593190406,3.797703451818479,33.50000000073061,33.50155432571559,33.49378270079069,0.07039359999907902,True,True,False,False,phase6r_rolling_mpc_reduced
845.0,3.9045622215927818,3.9045622215927818,0.3412257965490132,3.7985997979614217,33.50000000063351,33.501554325616894,33.49378270069998,0.07092749999719672,True,True,False,False,phase6r_rolling_mpc_reduced
850.0,3.9051479371839712,3.9051479371839712,0.3423105598648976,3.7994964064876333,33.50000000056755,33.5015543255511,33.49378270063337,0.07062820000282954,True,True,False,False,phase6r_rolling_mpc_reduced
855.0,3.9057108773173708,3.9057108773173708,0.34339547955304134,3.800393261040756,33.50000000052852,33.50155432551222,33.493782700593755,0.07685700000001816,True,True,False,False,phase6r_rolling_mpc_reduced
860.0,3.906251935936486,3.906251935936486,0.34448054953524593,3.8012903478277846,33.50000000077068,33.50155432575601,33.49378270082937,0.06964620000508148,True,True,False,False,phase6r_rolling_mpc_reduced
865.0,3.906771910702184,3.906771910702184,0.3455657639548854,3.8021876534096704,33.500000000516586,33.50155432549906,33.493782700586706,0.07120700000086799,True,True,False,False,phase6r_rolling_mpc_reduced
870.0,3.907271692511881,3.907271692511881,0.3466511172028054,3.8030851690582184,33.500000000537376,33.501554325521404,33.493782700601244,0.07103510000160895,True,True,False,False,phase6r_rolling_mpc_reduced
875.0,3.9077520031527855,3.9077520031527855,0.3477366038703478,3.8039828845901504,33.50000000034318,33.501554325325955,33.49378270041206,0.07103320000169333,True,True,False,False,phase6r_rolling_mpc_reduced
880.0,3.908213643126892,3.908213643126892,0.3488222187712164,3.804880793936753,33.500000000398664,33.50155432538287,33.49378270046185,0.07339620000129798,True,True,False,False,phase6r_rolling_mpc_reduced
885.0,3.908657292266531,3.908657292266531,0.34990795690795706,3.805778890488526,33.50000000025179,33.50155432523482,33.49378270031967,0.07245740000507794,True,True,False,False,phase6r_rolling_mpc_reduced
890.0,3.909083700408396,3.909083700408396,0.35099381349140385,3.8066771714061023,33.50000000053541,33.50155432552093,33.49378270059332,0.06972400000086054,True,True,False,False,phase6r_rolling_mpc_reduced
895.0,3.90949345663775,3.90949345663775,0.35207978389602546,3.8075756321707726,33.50000000022225,33.50155432520433,33.49378270029392,0.07381660000100965,True,True,False,False,phase6r_rolling_mpc_reduced
900.0,3.9098873047600797,3.9098873047600797,0.35316586370290326,3.8084742738390767,33.50000000031935,33.50155432530378,33.49378270038166,0.07311950000439538,True,True,False,False,phase6r_rolling_mpc_reduced
905.0,3.9102657856001186,3.9102657856001186,0.35425204864334775,3.8093730947241817,33.500000000238266,33.50155432522166,33.49378270030466,0.06908800000383053,True,True,False,False,phase6r_rolling_mpc_reduced
910.0,3.9106295333492618,3.9106295333492618,0.35533833462483366,3.8102720970583217,33.50000000017243,33.5015543251559,33.493782700238526,0.07061960000282852,True,True,False,False,phase6r_rolling_mpc_reduced
915.0,3.910979118775128,3.910979118775128,0.3564247177133823,3.811171283425306,33.50000000028674,33.50155432527126,33.493782700348675,0.06980370000383118,True,True,False,False,phase6r_rolling_mpc_reduced
920.0,3.9113150676856714,3.9113150676856714,0.35751119412107274,3.8120706570203446,33.5000000002397,33.501554325223296,33.49378270030533,0.06861019999632845,True,True,False,False,phase6r_rolling_mpc_reduced
925.0,3.911637934532508,3.911637934532508,0.3585977602139984,3.8129702233231626,33.500000000203315,33.50155432518696,33.493782700268724,0.07096250000176951,True,True,False,False,phase6r_rolling_mpc_reduced
930.0,3.9119482193481727,3.9119482193481727,0.35968441249715066,3.813869988141964,33.500000000176215,33.50155432515991,33.49378270024144,0.06955980000202544,True,True,False,False,phase6r_rolling_mpc_reduced
935.0,3.9122464112001594,3.9122464112001594,0.3607711476113729,3.8147699585140464,33.500000000157236,33.50155432514097,33.49378270022229,0.07128920000104699,True,True,False,False,phase6r_rolling_mpc_reduced
940.0,3.912532980237198,3.912532980237198,0.36185796232810546,3.815670142478403,33.5000000001453,33.50155432512907,33.4937827002102,0.06961220000084722,True,True,False,False,phase6r_rolling_mpc_reduced
945.0,3.912808384741886,3.912808384741886,0.3629448535460893,3.8165705491900823,33.500000000270745,33.50155432525532,33.49378270033244,0.07270489999791607,True,True,False,False,phase6r_rolling_mpc_reduced
950.0,3.9130730336943644,3.9130730336943644,0.36403181827767106,3.8174711879677337,33.50000000013874,33.50155432512183,33.49378270020636,0.06976329999451991,True,True,False,False,phase6r_rolling_mpc_reduced
955.0,3.913327383305561,3.913327383305561,0.3651188536619226,3.8183720705132584,33.500000000142485,33.50155432512635,33.49378270020703,0.07097309999517165,True,True,False,False,phase6r_rolling_mpc_reduced
960.0,3.91357180905108,3.91357180905108,0.3662059569422146,3.819273207909834,33.50000000014995,33.50155432513384,33.49378270021441,0.06947320000472246,True,True,False,False,phase6r_rolling_mpc_reduced
965.0,3.9138066980366673,3.9138066980366673,0.367293125469447,3.820174612647347,33.50000000004852,33.501554325031776,33.493782700115524,0.0716584999972838,True,True,False,False,phase6r_rolling_mpc_reduced
970.0,3.914032437768529,3.914032437768529,0.36838035670216046,3.8210762983821493,33.50000000006602,33.501554325049945,33.49378270013031,0.06989600000088103,True,True,False,False,phase6r_rolling_mpc_reduced
975.0,3.914249372812541,3.914249372812541,0.36946764819460837,3.821978278871316,33.50000000018884,33.50155432517339,33.493782700250655,0.07386009999754606,True,True,False,False,phase6r_rolling_mpc_reduced
980.0,3.914457831675526,3.914457831675526,0.370554997592296,3.822880568506767,33.50000000010623,33.5015543250896,33.49378270017276,0.07032489999983227,True,True,False,False,phase6r_rolling_mpc_reduced
985.0,3.914658174184407,3.914658174184407,0.37164240264068055,3.8237831834298532,33.50000000012816,33.501554325112124,33.4937827001923,0.07061650000105146,True,True,False,False,phase6r_rolling_mpc_reduced
990.0,3.9148506921004245,3.9148506921004245,0.372729861166264,3.8246861391835485,33.50000000005902,33.501554325042456,33.49378270012528,0.07074099999590544,True,True,False,False,phase6r_rolling_mpc_reduced
995.0,3.915035704304526,3.915035704304526,0.3738173710841264,3.8255894528439436,33.4999999999975,33.501554324980965,33.49378270006363,0.07042070000170497,True,True,False,False,phase6r_rolling_mpc_reduced
1000.0,3.915213502463245,3.915213502463245,0.37490493039036615,3.826493141768135,33.5000000000277,33.50155432501169,33.49378270009173,0.06957770000008168,True,True,False,False,phase6r_rolling_mpc_reduced
1005.0,3.9153843591747557,3.9153843591747557,0.3759925371568036,3.8273972237119436,33.5000000000576,33.501554325041596,33.49378270012161,0.07174760000634706,True,True,False,False,phase6r_rolling_mpc_reduced
1010.0,3.9155485455369585,3.9155485455369585,0.3770801895305638,3.8283017172062905,33.50000000000874,33.501554324992284,33.49378270007458,0.07028739999805111,True,True,False,False,phase6r_rolling_mpc_reduced
1015.0,3.915706332883824,3.915706332883824,0.3781678857341427,3.8292066415940047,33.50000000004059,33.5015543250246,33.49378270010458,0.07090269999753218,True,True,False,False,phase6r_rolling_mpc_reduced
1020.0,3.9158579590100313,3.9158579590100313,0.3792556240560899,3.830112016200177,33.50000000007157,33.50155432505558,33.493782700135554,0.07112309999502031,True,True,False,False,phase6r_rolling_mpc_reduced
1025.0,3.916003661272509,3.916003661272509,0.38034340285088786,3.8310178610460013,33.49999999996262,33.50155432494581,33.493782700029854,0.07201299999724142,True,True,False,False,phase6r_rolling_mpc_reduced
1030.0,3.916143694062719,3.916143694062719,0.38143122054368306,3.831924197274581,33.50000000006373,33.50155432504813,33.493782700126125,0.07054919999791309,True,True,False,False,phase6r_rolling_mpc_reduced
1035.0,3.916278241917666,3.916278241917666,0.3825190756108824,3.8328310450698315,33.4999999999658,33.501554324949055,33.49378270003278,0.07089730000006966,True,True,False,False,phase6r_rolling_mpc_reduced
1040.0,3.916407554233183,3.916407554233183,0.3836069665981694,3.8337384267535985,33.49999999999991,33.501554324983914,33.49378270006387,0.07039989999611862,True,True,False,False,phase6r_rolling_mpc_reduced
1045.0,3.9165318099596496,3.9165318099596496,0.384694892100936,3.8346463636596417,33.49999999997324,33.5015543249569,33.4937827000386,0.07275910000316799,True,True,False,False,phase6r_rolling_mpc_reduced
1050.0,3.916651224086941,3.916651224086941,0.3857828507742935,3.835554878534129,33.50000000006354,33.50155432504788,33.49378270012618,0.06901549999747658,True,True,False,False,phase6r_rolling_mpc_reduced
1055.0,3.9167659657031133,3.9167659657031133,0.3868708413203221,3.8364639936354323,33.50000000003831,33.50155432502199,33.493782700103594,0.07014070000150241,True,True,False,False,phase6r_rolling_mpc_reduced
1060.0,3.916876236400382,3.916876236400382,0.3879588624971,3.837373732519836,33.50000000006841,33.50155432505241,33.493782700132414,0.07029079999483656,True,True,False,False,phase6r_rolling_mpc_reduced
1065.0,3.9169821971651726,3.9169821971651726,0.3890469131074236,3.838284118344722,33.500000000046356,33.50155432503006,33.49378270011155,0.07007529999827966,True,True,False,False,phase6r_rolling_mpc_reduced
1070.0,3.917084023882052,3.917084023882052,0.39013499200294643,3.839195175108366,33.50000000002664,33.501554325010346,33.4937827000918,0.06875840000429889,True,True,False,False,phase6r_rolling_mpc_reduced
1075.0,3.9171818774227827,3.9171818774227827,0.3912230980800083,3.8401069269607753,33.500000000055735,33.50155432503973,33.49378270011977,0.06972890000179177,True,True,False,False,phase6r_rolling_mpc_reduced
1080.0,3.9172759059700972,3.9172759059700972,0.39231123027611114,3.84101939821592,33.50000000003829,33.50155432502202,33.493782700103395,0.07259290000365581,True,True,False,False,phase6r_rolling_mpc_reduced
1085.0,3.9173662656483343,3.9173662656483343,0.39339938757212456,3.8419326138209304,33.50000000002272,33.50155432500645,33.49378270008779,0.071596399997361,True,True,False,False,phase6r_rolling_mpc_reduced
1090.0,3.9174530972558728,3.9174530972558728,0.39448756898802895,3.842846598808381,33.50000000000882,33.501554324992554,33.493782700073865,0.0724910000062664,True,True,False,False,phase6r_rolling_mpc_reduced
1095.0,3.9175365403683053,3.9175365403683053,0.3955757735825757,3.8437613785958287,33.500000000036245,33.50155432502022,33.49378270010033,0.0696858000010252,True,True,False,False,phase6r_rolling_mpc_reduced
1100.0,3.9176167195528135,3.9176167195528135,0.39666400044911815,3.844676978645233,33.49999999998551,33.501554324969035,33.49378270005141,0.0699248999953852,True,True,False,False,phase6r_rolling_mpc_reduced
1105.0,3.917693773635345,3.917693773635345,0.39775224871957243,3.845593425136092,33.499999999975834,33.50155432495959,33.49378270004081,0.06965589999890653,True,True,False,False,phase6r_rolling_mpc_reduced
1110.0,3.9177678203226054,3.9177678203226054,0.39884051755855093,3.846510744138767,33.50000000003792,33.5015543250221,33.49378270010123,0.07147409999743104,True,True,False,False,phase6r_rolling_mpc_reduced
1115.0,3.9178389669575235,3.9178389669575235,0.3999288061604836,3.8474289618165383,33.49999999999379,33.501554324977356,33.49378270005953,0.06956630000058794,True,True,False,False,phase6r_rolling_mpc_reduced
1120.0,3.9179073421103032,3.9179073421103032,0.40101711375551424,3.8483472956615548,33.499999999985974,33.50155432496974,33.49378270005089,0.07155180000700057,True,True,False,False,phase6r_rolling_mpc_reduced
1125.0,3.9179730469019387,3.9179730469019387,0.4021054396018759,3.8492647296865505,33.5000000000104,33.50155432499436,33.493782700074576,0.06938639999862062,True,True,False,False,phase6r_rolling_mpc_reduced
1130.0,3.918036184138971,3.918036184138971,0.40319378298635894,3.8501812828607895,33.500000000033225,33.501554325017175,33.49378270009742,0.07050490000256104,True,True,False,False,phase6r_rolling_mpc_reduced
1135.0,3.9180968542771923,3.9180968542771923,0.4042821432236582,3.8510969783671247,33.50000000002558,33.50155432500936,33.49378270009048,0.06987639999715611,True,True,False,False,phase6r_rolling_mpc_reduced
1140.0,3.9181551564956427,3.9181551564956427,0.4053705196560181,3.8520118396573992,33.50000000001872,33.5015543250025,33.4937827000836,0.06939930000226013,True,True,False,False,phase6r_rolling_mpc_reduced
1145.0,3.9182111804324617,3.9182111804324617,0.4064589116505827,3.852925890245289,33.49999999998587,33.5015543249695,33.493782700051355,0.06985619999613846,True,True,False,False,phase6r_rolling_mpc_reduced
1150.0,3.9182650201623868,3.9182650201623868,0.40754731860062776,3.8538391540201746,33.5000000000071,33.501554324991034,33.49378270007134,0.072726699996565,True,True,False,False,phase6r_rolling_mpc_reduced
1155.0,3.918316753258235,3.918316753258235,0.4086357399209773,3.8547516547470013,33.5000000000022,33.50155432498599,33.493782700067044,0.07056169999850681,True,True,False,False,phase6r_rolling_mpc_reduced
1160.0,3.918366467098685,3.918366467098685,0.40972417505072695,3.855663416662892,33.499999999997854,33.50155432498165,33.493782700062695,0.07538449999992736,True,True,False,False,phase6r_rolling_mpc_reduced
1165.0,3.918414239229408,3.918414239229408,0.4108126234505129,3.856574464024441,33.49999999999401,33.5015543249778,33.49378270005884,0.07242479999695206,True,True,False,False,phase6r_rolling_mpc_reduced
1170.0,3.918460145460135,3.918460145460135,0.4119010846020296,3.8574848212764206,33.499999999990614,33.50155432497441,33.49378270005543,0.06989720000274247,True,True,False,False,phase6r_rolling_mpc_reduced
1175.0,3.9185042596563324,3.9185042596563324,0.4129895580074897,3.858394513041531,33.500000000008654,33.501554324992576,33.49378270007298,0.07259920000069542,True,True,False,False,phase6r_rolling_mpc_reduced
1180.0,3.9185466487172187,3.9185466487172187,0.4140780431876889,3.8593035639915874,33.500000000005215,33.501554324989016,33.49378270007003,0.070347100001527,True,True,False,False,phase6r_rolling_mpc_reduced
1185.0,3.9185873831124693,3.9185873831124693,0.41516653968299794,3.8602119990853296,33.50000000000216,33.50155432498596,33.49378270006696,0.07062060000316706,True,True,False,False,phase6r_rolling_mpc_reduced
1190.0,3.9186265263959066,3.9186265263959066,0.41625504705144123,3.8611198433215073,33.49999999999943,33.50155432498323,33.49378270006423,0.07607499999721767,True,True,False,False,phase6r_rolling_mpc_reduced
1195.0,3.9186641415634527,3.9186641415634527,0.4173435648685422,3.862027121873838,33.50000000001495,33.50155432499886,33.49378270007932,0.0712716999987606,True,True,False,False,phase6r_rolling_mpc_reduced
1200.0,3.9187002848379535,3.9187002848379535,0.41843209272544163,3.8629338599374026,33.499999999994884,33.501554324978585,33.49378270006008,0.07084290000057081,True,True,False,False,phase6r_rolling_mpc_reduced
1205.0,3.9187350188644383,3.9187350188644383,0.41952063023068176,3.8638400830320374,33.49999999999301,33.50155432497681,33.49378270005779,0.07060939999792026,True,True,False,False,phase6r_rolling_mpc_reduced
1210.0,3.918768395994807,3.918768395994807,0.42060917700734696,3.864745816610924,33.50000000000727,33.50155432499117,33.49378270007168,0.07062779999978375,True,True,False,False,phase6r_rolling_mpc_reduced
1215.0,3.9188004670241217,3.9188004670241217,0.42169773269263144,3.8656510862445264,33.499999999989925,33.50155432497364,33.49378270005506,0.07097109999449458,True,True,False,False,phase6r_rolling_mpc_reduced
1220.0,3.9188312875437985,3.9188312875437985,0.4227862969391714,3.866555917772069,33.49999999998868,33.50155432497249,33.49378270005346,0.07036260000313632,True,True,False,False,phase6r_rolling_mpc_reduced
1225.0,3.9188609040112845,3.9188609040112845,0.4238748694125079,3.8674603369734815,33.50000000000173,33.50155432498562,33.49378270006616,0.07090880000032485,True,True,False,False,phase6r_rolling_mpc_reduced
1230.0,3.918889362157664,3.918889362157664,0.424963449790885,3.868364369748599,33.50000000000027,33.50155432498408,33.49378270006504,0.07059490000392543,True,True,False,False,phase6r_rolling_mpc_reduced
1235.0,3.918916709306713,3.918916709306713,0.42605203776569245,3.869268042172293,33.49999999999897,33.50155432498278,33.49378270006373,0.07285550000233343,True,True,False,False,phase6r_rolling_mpc_reduced
1240.0,3.918942988746185,3.918942988746185,0.42714063304034416,3.8701713803606963,33.500000000010346,33.50155432499423,33.49378270007482,0.06974089999857824,True,True,False,False,phase6r_rolling_mpc_reduced
1245.0,3.9189682403472004,3.9189682403472004,0.4282292353293295,3.871074410474361,33.500000000008846,33.501554324992654,33.49378270007361,0.07085799999913434,True,True,False,False,phase6r_rolling_mpc_reduced
1250.0,3.918992506107645,3.918992506107645,0.4293178443588038,3.871977158844299,33.50000000000749,33.5015543249913,33.493782700072245,0.07054900000366615,True,True,False,False,phase6r_rolling_mpc_reduced
1255.0,3.919015823368133,3.919015823368133,0.43040645986529497,3.8728796518118203,33.49999999999515,33.50155432497889,33.493782700060166,0.0710830000025453,True,True,False,False,phase6r_rolling_mpc_reduced
1260.0,3.919038231312971,3.919038231312971,0.43149508159621525,3.87378191587379,33.50000000000515,33.50155432498902,33.49378270006966,0.07263349999993807,True,True,False,False,phase6r_rolling_mpc_reduced
1265.0,3.919059762751744,3.919059762751744,0.43258370930809076,3.87468397748661,33.50000000001441,33.50155432499828,33.493782700078924,0.07029480000346666,True,True,False,False,phase6r_rolling_mpc_reduced
1270.0,3.919080451608915,3.919080451608915,0.433672342766871,3.8755858632314304,33.499999999993385,33.50155432497708,33.4937827000586,0.07142370000656229,True,True,False,False,phase6r_rolling_mpc_reduced
1275.0,3.919100335113341,3.919100335113341,0.4347609817488469,3.8764875998709227,33.500000000002444,33.501554324986316,33.49378270006697,0.06957749999855878,True,True,False,False,phase6r_rolling_mpc_reduced
1280.0,3.9191194394683895,3.9191194394683895,0.43584962603758814,3.877389214007301,33.49999999999261,33.50155432497637,33.49378270005758,0.07002880000072764,True,True,False,False,phase6r_rolling_mpc_reduced
1285.0,3.919137798830766,3.919137798830766,0.43693827542615227,3.878290732515239,33.49999999999232,33.501554324976134,33.49378270005707,0.07069329999649199,True,True,False,False,phase6r_rolling_mpc_reduced
1290.0,3.9191554408829843,3.9191554408829843,0.43802692971528645,3.879192182211717,33.5000000000005,33.501554324984355,33.49378270006505,0.07101780000084545,True,True,False,False,phase6r_rolling_mpc_reduced
1295.0,3.9191723924849713,3.9191723924849713,0.43911558871319895,3.8800935899753353,33.4999999999919,33.501554324975665,33.49378270005683,0.07444870000472292,True,True,False,False,phase6r_rolling_mpc_reduced
1300.0,3.9191886834042,3.9191886834042,0.4402042522363668,3.8809949828354693,33.499999999999524,33.50155432498338,33.49378270006409,0.07132709999859799,True,True,False,False,phase6r_rolling_mpc_reduced
1305.0,3.9192043363395372,3.9192043363395372,0.4412929201075722,3.88189638773611,33.49999999999166,33.50155432497543,33.49378270005658,0.06991480000579031,True,True,False,False,phase6r_rolling_mpc_reduced
1310.0,3.9192193792004146,3.9192193792004146,0.4423815921573501,3.88279783181595,33.499999999998764,33.50155432498262,33.493782700063335,0.07128999999986263,True,True,False,False,phase6r_rolling_mpc_reduced
1315.0,3.919233833611615,3.919233833611615,0.4434702682222422,3.8836993421419934,33.50000000000534,33.5015543249892,33.49378270006993,0.0696795000039856,True,True,False,False,phase6r_rolling_mpc_reduced
1320.0,3.9192477226698226,3.9192477226698226,0.4445589481452061,3.8846009458812127,33.49999999999819,33.50155432498196,33.49378270006308,0.07381039999745553,True,True,False,False,phase6r_rolling_mpc_reduced
1325.0,3.919261069779272,3.919261069779272,0.4456476317757003,3.88550267027648,33.49999999999158,33.50155432497536,33.49378270005648,0.07064899999386398,True,True,False,False,phase6r_rolling_mpc_reduced
1330.0,3.9192738963047726,3.9192738963047726,0.4467363189691183,3.8864045425894633,33.50000000000385,33.50155432498774,33.49378270006831,0.07163500000024214,True,True,False,False,phase6r_rolling_mpc_reduced
1335.0,3.9192862201898846,3.9192862201898846,0.4478250095858377,3.887306590060854,33.50000000000344,33.501554324987254,33.49378270006818,0.07144960000005085,True,True,False,False,phase6r_rolling_mpc_reduced
1340.0,3.9192980629252308,3.9192980629252308,0.44891370349220583,3.8882088400714654,33.49999999999742,33.5015543249812,33.4937827000623,0.07060679999995045,True,True,False,False,phase6r_rolling_mpc_reduced
1345.0,3.9193094437792726,3.9193094437792726,0.4500024005599223,3.8891113200110237,33.50000000000272,33.50155432498657,33.493782700067335,0.07162609999795677,True,True,False,False,phase6r_rolling_mpc_reduced
1350.0,3.919320379169905,3.919320379169905,0.45109110066524727,3.8900140572559785,33.500000000002416,33.50155432498623,33.49378270006716,0.07017179999820655,True,True,False,False,phase6r_rolling_mpc_reduced
1355.0,3.9193308873434103,3.9193308873434103,0.45217980368950933,3.890917079276072,33.499999999997115,33.5015543249809,33.49378270006198,0.06957059999695048,True,True,False,False,phase6r_rolling_mpc_reduced
1360.0,3.9193409856818113,3.9193409856818113,0.4532685095188654,3.8918204135736434,33.50000000000187,33.50155432498571,33.4937827000665,0.07013149999693269,True,True,False,False,phase6r_rolling_mpc_reduced
1365.0,3.9193506887520617,3.9193506887520617,0.45435721804351875,3.892724087633113,33.50000000000164,33.501554324985456,33.493782700066376,0.07105240000237245,True,True,False,False,phase6r_rolling_mpc_reduced
1370.0,3.919360012958962,3.919360012958962,0.45544592915822957,3.893628129026899,33.50000000000142,33.501554324985236,33.49378270006616,0.07091409999702591,True,True,False,False,phase6r_rolling_mpc_reduced
1375.0,3.9193689728633694,3.9193689728633694,0.4565346427618027,3.8945325653305787,33.50000000000123,33.501554324985044,33.493782700065964,0.07112320000305772,True,True,False,False,phase6r_rolling_mpc_reduced
1380.0,3.919377582499324,3.919377582499324,0.45762335875694143,3.8954374241496463,33.499999999996945,33.50155432498074,33.49378270006178,0.07072440000047209,True,True,False,False,phase6r_rolling_mpc_reduced
1385.0,3.9193858561508286,3.9193858561508286,0.4587120770503167,3.896342733137013,33.49999999999695,33.501554324980766,33.493782700061686,0.07058149999647867,True,True,False,False,phase6r_rolling_mpc_reduced
1390.0,3.919393806336624,3.919393806336624,0.45980079755207687,3.897248519944296,33.49999999999696,33.50155432498077,33.4937827000617,0.07034169999678852,True,True,False,False,phase6r_rolling_mpc_reduced
1395.0,3.919401446076207,3.919401446076207,0.46088952017598694,3.8981548122721805,33.50000000000062,33.501554324984454,33.49378270006527,0.07004379999852972,True,True,False,False,phase6r_rolling_mpc_reduced
1400.0,3.919408786966113,3.919408786966113,0.4619782448390331,3.8990616378248184,33.5000000000005,33.50155432498431,33.49378270006524,0.07038240000110818,True,True,False,False,phase6r_rolling_mpc_reduced
1405.0,3.919415841220671,3.919415841220671,0.4630669714615944,3.899969024355639,33.5000000000004,33.50155432498421,33.49378270006513,0.07097239999711746,True,True,False,False,phase6r_rolling_mpc_reduced
1410.0,3.9194226198552724,3.9194226198552724,0.46415569996710976,3.9008769996245958,33.500000000000306,33.50155432498412,33.49378270006504,0.07033480000245618,True,True,False,False,phase6r_rolling_mpc_reduced
1415.0,3.919429133489156,3.919429133489156,0.4652444302819679,3.9017855914142867,33.499999999997115,33.501554324980916,33.49378270006193,0.06978359999629902,True,True,False,False,phase6r_rolling_mpc_reduced
1420.0,3.9194353932155392,3.9194353932155392,0.4663331623356389,3.9026948275500852,33.50000000000312,33.50155432498697,33.49378270006772,0.07315370000287658,True,True,False,False,phase6r_rolling_mpc_reduced
1425.0,3.9194414073503525,3.9194414073503525,0.46742189605990286,3.9036047358218964,33.499999999997215,33.501554324980994,33.493782700062084,0.07312269999965793,True,True,False,False,phase6r_rolling_mpc_reduced
1430.0,3.9194471873610355,3.9194471873610355,0.4685106313897254,3.904515344121352,33.499999999997264,33.50155432498108,33.493782700062,0.07023169999592938,True,True,False,False,phase6r_rolling_mpc_reduced
1435.0,3.9194527413769555,3.9194527413769555,0.46959936826233006,3.9054266802919013,33.49999999999996,33.50155432498379,33.493782700064635,0.07130650000181049,True,True,False,False,phase6r_rolling_mpc_reduced
1440.0,3.919458078128639,3.919458078128639,0.4706881066173658,3.906338772215526,33.499999999999915,33.50155432498373,33.49378270006465,0.0698056999972323,True,True,False,False,phase6r_rolling_mpc_reduced
1445.0,3.919463206613328,3.919463206613328,0.47177684639698064,3.90725164780646,33.50000000000231,33.50155432498614,33.49378270006699,0.0707438999961596,True,True,False,False,phase6r_rolling_mpc_reduced
1450.0,3.9194681344794433,3.9194681344794433,0.47286558754544716,3.908165334972289,33.50000000000218,33.501554324985996,33.493782700066916,0.07016920000023674,True,True,False,False,phase6r_rolling_mpc_reduced
1455.0,3.9194728697080436,3.9194728697080436,0.47395433000925496,3.9090798616512274,33.49999999999755,33.501554324981335,33.49378270006239,0.07028970000101253,True,True,False,False,phase6r_rolling_mpc_reduced
1460.0,3.919477420571083,3.919477420571083,0.4750430737371914,3.9099952558120035,33.50000000000194,33.50155432498578,33.493782700066575,0.07093729999905918,True,True,False,False,phase6r_rolling_mpc_reduced
1465.0,3.9194817927712307,3.9194817927712307,0.47613181867962784,3.910911545384595,33.49999999999767,33.50155432498146,33.4937827000625,0.07066390000545653,True,True,False,False,phase6r_rolling_mpc_reduced
1470.0,3.9194859948606853,3.9194859948606853,0.47722056478931135,3.9118287583855658,33.49999999999973,33.50155432498356,33.49378270006442,0.0701894000012544,True,True,False,False,phase6r_rolling_mpc_reduced
1475.0,3.9194900322681057,3.9194900322681057,0.4783093120204969,3.912746922780037,33.49999999999779,33.5015543249816,33.493782700062575,0.07192609999765409,True,True,False,False,phase6r_rolling_mpc_reduced
1480.0,3.919493912301785,3.919493912301785,0.47939806032946963,3.9136660665950602,33.4999999999997,33.50155432498353,33.493782700064386,0.07030459999805316,True,True,False,False,phase6r_rolling_mpc_reduced
1485.0,3.919497640456598,3.919497640456598,0.4804868096740409,3.9145862178347026,33.49999999999969,33.5015543249835,33.49378270006443,0.07471529999747872,True,True,False,False,phase6r_rolling_mpc_reduced
1490.0,3.919501223118024,3.919501223118024,0.4815755600137959,3.9155074045409464,33.50000000000138,33.50155432498521,33.49378270006608,0.07655960000556661,True,True,False,False,phase6r_rolling_mpc_reduced
1495.0,3.9195046656289687,3.9195046656289687,0.482664311309804,3.916429654748965,33.50000000000131,33.50155432498512,33.49378270006604,0.0706960999959847,True,True,False,False,phase6r_rolling_mpc_reduced
1500.0,3.9195079737179093,3.9195079737179093,0.48375306352472563,3.917352996519036,33.500000000001236,33.50155432498505,33.49378270006597,0.07460050000372576,True,True,False,False,phase6r_rolling_mpc_reduced
1505.0,3.919511152550814,3.919511152550814,0.4848418166226564,3.9182774579144364,33.500000000001165,33.50155432498498,33.49378270006591,0.07040319999941858,True,True,False,False,phase6r_rolling_mpc_reduced
1510.0,3.9195142070386004,3.9195142070386004,0.48593057056905603,3.9192030670073255,33.4999999999982,33.501554324982,33.49378270006301,0.06992689999606228,True,True,False,False,phase6r_rolling_mpc_reduced
1515.0,3.919517142597484,3.919517142597484,0.48701932533088865,3.9201298518966055,33.50000000000105,33.50155432498488,33.49378270006572,0.07161690000066301,True,True,False,False,phase6r_rolling_mpc_reduced
1520.0,3.91951996290876,3.91951996290876,0.4881080808761411,3.921057840654512,33.499999999998316,33.501554324982116,33.493782700063115,0.07092699999338947,True,True,False,False,phase6r_rolling_mpc_reduced
1525.0,3.919522673424709,3.919522673424709,0.4891968371743146,3.921987061407479,33.499999999998366,33.50155432498218,33.4937827000631,0.07081009999819798,True,True,False,False,phase6r_rolling_mpc_reduced
1530.0,3.9195252779593885,3.9195252779593885,0.49028559419597,3.9229175422577613,33.499999999999666,33.50155432498349,33.493782700064365,0.07588160000159405,True,True,False,False,phase6r_rolling_mpc_reduced
1535.0,3.9195277806628885,3.9195277806628885,0.4913743519128208,3.9238493113269635,33.50000000000085,33.501554324984674,33.49378270006556,0.07030079999822192,True,True,False,False,phase6r_rolling_mpc_reduced
1540.0,3.919530185525222,3.919530185525222,0.4924631102976889,3.9247823967449618,33.50000000000081,33.501554324984625,33.493782700065545,0.07040199999755714,True,True,False,False,phase6r_rolling_mpc_reduced
1545.0,3.919532496429139,3.919532496429139,0.49355186932447476,3.9257168266507043,33.49999999999967,33.50155432498348,33.49378270006443,0.06958039999881294,True,True,False,False,phase6r_rolling_mpc_reduced
1550.0,3.919534717197219,3.919534717197219,0.49464062896814065,3.9266526291930055,33.500000000000725,33.501554324984546,33.49378270006544,0.07112629999755882,True,True,False,False,phase6r_rolling_mpc_reduced
1555.0,3.9195368509379893,3.9195368509379893,0.4957293892045123,3.9275898325143506,33.499999999998664,33.501554324982465,33.49378270006345,0.06997989999945275,True,True,False,False,phase6r_rolling_mpc_reduced
1560.0,3.9195389016048092,3.9195389016048092,0.49681815001051366,3.9285284647870213,33.49999999999968,33.5015543249835,33.493782700064386,0.0698804999992717,True,True,False,False,phase6r_rolling_mpc_reduced
1565.0,3.9195408719494917,3.9195408719494917,0.49790691136383297,3.9294685541654144,33.49999999999969,33.5015543249835,33.49378270006442,0.07054300000163494,True,True,False,False,phase6r_rolling_mpc_reduced
1570.0,3.9195427653555677,3.9195427653555677,0.4989956732430984,3.930410128827446,33.499999999999694,33.50155432498351,33.49378270006443,0.07447569999931147,True,True,False,False,phase6r_rolling_mpc_reduced
1575.0,3.9195445847806734,3.9195445847806734,0.5000844356277597,3.9313532109121945,33.4999999999997,33.501554324983516,33.49378270006444,0.06985219999478431,True,True,False,False,phase6r_rolling_mpc_reduced
1580.0,3.919546333115001,3.919546333115001,0.5011731984980694,3.9322966829868036,33.49999999999971,33.50155432498352,33.49378270006444,0.0730420999971102,True,True,False,False,phase6r_rolling_mpc_reduced
1585.0,3.9195480131750484,3.9195480131750484,0.5022619618350624,3.933239727905896,33.500000000000504,33.501554324984326,33.493782700065225,0.0702817999990657,True,True,False,False,phase6r_rolling_mpc_reduced
1590.0,3.919549627512361,3.919549627512361,0.5033507256204826,3.9341823843176082,33.50000000000049,33.501554324984305,33.493782700065225,0.07627840000350261,True,True,False,False,phase6r_rolling_mpc_reduced
1595.0,3.919551178776136,3.919551178776136,0.5044394898368093,3.9351246908800968,33.49999999999973,33.50155432498354,33.49378270006448,0.0707168000008096,True,True,False,False,phase6r_rolling_mpc_reduced
1600.0,3.9195526694995997,3.9195526694995997,0.5055282544672258,3.9360666862565643,33.49999999999973,33.501554324983545,33.493782700064465,0.07408050000231015,True,True,False,False,phase6r_rolling_mpc_reduced
1605.0,3.919554101939238,3.919554101939238,0.5066170194955423,3.9370084091109545,33.499999999999744,33.50155432498356,33.49378270006448,0.03738859999430133,True,True,False,False,phase6r_rolling_mpc_reduced
1610.0,3.919555478408027,3.919555478408027,0.5077057849062112,3.9379498981153183,33.499999999999744,33.50155432498356,33.49378270006448,0.037345300006563775,True,True,False,False,phase6r_rolling_mpc_reduced
1615.0,3.9195568010646187,3.9195568010646187,0.5087945506842847,3.9388911919448195,33.499999999999126,33.50155432498294,33.493782700063875,0.0387170000030892,True,True,False,False,phase6r_rolling_mpc_reduced
1620.0,3.9195580721592775,3.9195580721592775,0.5098833168154401,3.939832329283281,33.50000000000036,33.501554324984184,33.49378270006507,0.037696999999752734,True,True,False,False,phase6r_rolling_mpc_reduced
1625.0,3.919559293439605,3.919559293439605,0.51097208328584,3.940773348808891,33.50000000000035,33.50155432498416,33.49378270006508,0.037149300005694386,True,True,False,False,phase6r_rolling_mpc_reduced
1630.0,3.9195604670338344,3.9195604670338344,0.5120608500822382,3.941714289214386,33.49999999999977,33.50155432498359,33.49378270006453,0.03753580000193324,True,True,False,False,phase6r_rolling_mpc_reduced
1635.0,3.9195615948259515,3.9195615948259515,0.5131496171919121,3.9426551891928456,33.49999999999978,33.501554324983594,33.493782700064514,0.040357199999562,True,True,False,False,phase6r_rolling_mpc_reduced
1640.0,3.9195626785243256,3.9195626785243256,0.5142383846026133,3.943596087438622,33.49999999999979,33.5015543249836,33.49378270006453,0.03839169999992009,True,True,False,False,phase6r_rolling_mpc_reduced
1645.0,3.9195637199023357,3.9195637199023357,0.5153271523025862,3.944537022652734,33.500000000000284,33.501554324984106,33.49378270006501,0.038367199995263945,True,True,False,False,phase6r_rolling_mpc_reduced
1650.0,3.9195647205191615,3.9195647205191615,0.5164159202805082,3.9454780335362245,33.4999999999998,33.501554324983616,33.49378270006454,0.03819120000116527,True,True,False,False,phase6r_rolling_mpc_reduced
1655.0,3.9195656821098375,3.9195656821098375,0.5175046885255387,3.946419158799085,33.49999999999981,33.50155432498362,33.49378270006454,0.03854449999926146,True,True,False,False,phase6r_rolling_mpc_reduced
1660.0,3.9195666061040537,3.9195666061040537,0.5185934570272343,3.9473604371489603,33.499999999999815,33.50155432498363,33.49378270006455,0.03746349999710219,True,True,False,False,phase6r_rolling_mpc_reduced
1665.0,3.919567493994836,3.919567493994836,0.5196822257755661,3.9483019072992867,33.49999999999982,33.50155432498364,33.49378270006456,0.03870350000215694,True,True,False,False,phase6r_rolling_mpc_reduced
1670.0,3.919568347212305,3.919568347212305,0.5207709947609028,3.9492436079663893,33.50000000000023,33.50155432498405,33.493782700064955,0.03759540000464767,True,True,False,False,phase6r_rolling_mpc_reduced
1675.0,3.919569167052118,3.919569167052118,0.5218597639739728,3.950185577867537,33.50000000000022,33.501554324984035,33.493782700064955,0.037921100003586616,True,True,False,False,phase6r_rolling_mpc_reduced
1680.0,3.919569167052118,3.919569167052118,0.5229485331870428,3.9511278365141846,33.499999983649566,33.50155430853774,33.493782684096864,0.03713269999570912,True,True,False,False,phase6r_rolling_mpc_reduced
1685.0,3.9195714786492846,3.9195714786492846,0.5240373030422232,3.952070497030626,33.49999999907103,33.50155432414206,33.493782698786895,0.046799199997622054,True,True,False,False,phase6r_rolling_mpc_reduced
1690.0,3.9195714786492846,3.9195714786492846,0.5251260728974035,3.953013491468251,33.499999999999936,33.501554324989016,33.49378270004362,0.040595300000859424,True,True,False,False,phase6r_rolling_mpc_reduced
1695.0,3.91957213307168,3.91957213307168,0.5262148429343679,3.9539569244809534,33.49999999999955,33.50155432498337,33.4937827000643,0.03832639999745879,True,True,False,False,phase6r_rolling_mpc_reduced
1700.0,3.91957213307168,3.91957213307168,0.5273036129713323,3.954900804960639,33.49999998602766,33.50155431092975,33.49378268641931,0.03786720000061905,True,True,False,False,phase6r_rolling_mpc_reduced
1705.0,3.9195741076863446,3.9195741076863446,0.5283923835568007,3.9558452342084025,33.49999999919912,33.50155432425743,33.493782698965894,0.03748320000158856,True,True,False,False,phase6r_rolling_mpc_reduced
1710.0,3.9195741076863446,3.9195741076863446,0.5294811541422692,3.9567901598289557,33.49999999999899,33.50155432498734,33.4937827000456,0.035813900001812726,True,True,False,False,phase6r_rolling_mpc_reduced
1715.0,3.919574665894785,3.919574665894785,0.5305699248827955,3.957735676850428,33.50000000000015,33.50155432498397,33.493782700064855,0.0378742000029888,True,True,False,False,phase6r_rolling_mpc_reduced
1720.0,3.919574665894785,3.919574665894785,0.5316586956233219,3.9586817985570733,33.499999988080575,33.50155431299467,33.4937826884242,0.0365246000001207,True,True,False,False,phase6r_rolling_mpc_reduced
1725.0,3.9195763504164494,3.9195763504164494,0.5327474668317709,3.9596286170635313,33.49999999931687,33.501554324364236,33.49378269912743,0.03694589999940945,True,True,False,False,phase6r_rolling_mpc_reduced
1730.0,3.9195763504164494,3.9195763504164494,0.5338362380402198,3.9605760933678518,33.50000000000072,33.50155432498841,33.493782700049955,0.03605819999938831,True,True,False,False,phase6r_rolling_mpc_reduced
1735.0,3.9195768263333473,3.9195768263333473,0.534925009380868,3.9615243142280763,33.4999999999999,33.50155432498371,33.493782700064656,0.03718150000349851,True,True,False,False,phase6r_rolling_mpc_reduced
1740.0,3.9195768263333473,3.9195768263333473,0.5360137807215161,3.962473296687225,33.49999998983277,33.501554314757115,33.49378269013539,0.03721050000604009,True,True,False,False,phase6r_rolling_mpc_reduced
1745.0,3.919578263007022,3.919578263007022,0.5371025524612403,3.963423125010912,33.499999999415564,33.50155432445357,33.49378269926352,0.037232899994705804,True,True,False,False,phase6r_rolling_mpc_reduced
1750.0,3.919578263007022,3.919578263007022,0.5381913242009645,3.9643737716411174,33.49999999999992,33.50155432498705,33.49378270005141,0.03681299999880139,True,True,False,False,phase6r_rolling_mpc_reduced
1755.0,3.9195786688086014,3.9195786688086014,0.5392800960534113,3.9653253162756497,33.5000000000001,33.501554324983914,33.49378270006483,0.03721080000104848,True,True,False,False,phase6r_rolling_mpc_reduced
1760.0,3.9195786688086014,3.9195786688086014,0.5403688679058581,3.9662777791606043,33.49999999133155,33.50155431626466,33.49378269159911,0.036191500003042165,True,True,False,False,phase6r_rolling_mpc_reduced
1765.0,3.9195786688086014,3.9195786688086014,0.541457639758305,3.9672312079866634,33.4999999740791,33.50155429896042,33.49378267455384,0.036932099996192846,True,True,False,False,phase6r_rolling_mpc_reduced
1770.0,3.919580661920076,3.919580661920076,0.5425464121643939,3.968185690324259,33.499999989755295,33.501554314826066,33.493782689472205,0.040965499996673316,True,True,False,False,phase6r_rolling_mpc_reduced
1775.0,3.919580661920076,3.919580661920076,0.5436351845704829,3.9691411727563173,33.49999999842894,33.50155432346162,33.49378269829823,0.03722830000333488,True,True,False,False,phase6r_rolling_mpc_reduced
1780.0,3.919580661920076,3.919580661920076,0.5447239569765718,3.9700977369808297,33.49999999999959,33.5015543249923,33.493782700028724,0.040819900001224596,True,True,False,False,phase6r_rolling_mpc_reduced
1785.0,3.9195809285886876,3.9195809285886876,0.5458127294567353,3.9710554285633894,33.500000000000064,33.50155432498388,33.493782700064784,0.038487099998747,True,True,False,False,phase6r_rolling_mpc_reduced
1790.0,3.9195809285886876,3.9195809285886876,0.5469015019368988,3.9720142741369977,33.49999999313195,33.50155431807559,33.493782693357375,0.03616570000303909,True,True,False,False,phase6r_rolling_mpc_reduced
1795.0,3.9195809285886876,3.9195809285886876,0.5479902744170623,3.972974318361363,33.49999997947295,33.50155430437562,33.4937826798623,0.036109200002101716,True,True,False,False,phase6r_rolling_mpc_reduced
1800.0,3.9195825051629307,3.9195825051629307,0.5490790473351631,3.973935638606482,33.499999991867604,33.50155431692017,33.49378269165735,0.04022389999590814,True,True,False,False,phase6r_rolling_mpc_reduced
1805.0,3.9195825051629307,3.9195825051629307,0.5501678202532639,3.9748982007162894,33.49999999873532,33.50155432375782,33.49378269864532,0.039128700002038386,True,True,False,False,phase6r_rolling_mpc_reduced
1810.0,3.9195825051629307,3.9195825051629307,0.5512565931713648,3.9758620774164775,33.50000000000041,33.501554324991396,33.493782700036476,0.035981599998194724,True,True,False,False,phase6r_rolling_mpc_reduced
1815.0,3.9195825051629307,3.9195825051629307,0.5523453660894656,3.9768273077081377,33.49999999566414,33.501554320622596,33.49378269583033,0.03590010000334587,True,True,False,False,phase6r_rolling_mpc_reduced
1820.0,3.9195831901599814,3.9195831901599814,0.5534341391978433,3.9777939472416204,33.499999999999844,33.50155432500823,33.4937826999663,0.0370448999965447,True,True,False,False,phase6r_rolling_mpc_reduced
1825.0,3.9195831901599814,3.9195831901599814,0.5545229123062211,3.9787620031819064,33.499999999314696,33.5015543242945,33.49378269939546,0.03504080000129761,True,True,False,False,phase6r_rolling_mpc_reduced
1830.0,3.9195831901599814,3.9195831901599814,0.5556116854145988,3.9797315291130677,33.49999999362251,33.50155431857291,33.49378269382093,0.036620300001231954,True,True,False,False,phase6r_rolling_mpc_reduced
1835.0,3.9195831901599814,3.9195831901599814,0.5567004585229766,3.980702563951277,33.49999998298334,33.50155430790376,33.49378268330167,0.035696499995538034,True,True,False,False,phase6r_rolling_mpc_reduced
1840.0,3.9195843924536296,3.9195843924536296,0.5577892319653248,3.9816751759036038,33.49999999244263,33.501554317478664,33.49378269229848,0.03987960000085877,True,True,False,False,phase6r_rolling_mpc_reduced
1845.0,3.9195843924536296,3.9195843924536296,0.5588780054076731,3.982649348122599,33.49999999791352,33.50155432292795,33.49378269785578,0.036349399997561704,True,True,False,False,phase6r_rolling_mpc_reduced
1850.0,3.9195843924536296,3.9195843924536296,0.5599667788500213,3.9836251452735,33.49999999933348,33.50155432432523,33.49378269936652,0.03587339999648975,True,True,False,False,phase6r_rolling_mpc_reduced
1855.0,3.9195843924536296,3.9195843924536296,0.5610555522923696,3.9846026063042905,33.49999999669781,33.501554321666084,33.4937826968247,0.036780299997190014,True,True,False,False,phase6r_rolling_mpc_reduced
1860.0,3.9195843924536296,3.9195843924536296,0.5621443257347178,3.985581770118836,33.49999999004355,33.50155431498784,33.49378269026639,0.0404975999990711,True,True,False,False,phase6r_rolling_mpc_reduced
1865.0,3.919585223924359,3.919585223924359,0.5632330994080301,3.9865626958720686,33.4999999966941,33.501554321715,33.49378269661051,0.046835499997541774,True,True,False,False,phase6r_rolling_mpc_reduced
1870.0,3.919585223924359,3.919585223924359,0.5643218730813424,3.987545383888702,33.49999999999954,33.50155432500209,33.49378269998935,0.036900400002195965,True,True,False,False,phase6r_rolling_mpc_reduced
1875.0,3.919585223924359,3.919585223924359,0.5654106467546547,3.9885298908627798,33.49999999992813,33.50155432491153,33.49378269999454,0.037092399994435254,True,True,False,False,phase6r_rolling_mpc_reduced
1880.0,3.919585223924359,3.919585223924359,0.566499420427967,3.9895162556999817,33.49999999649065,33.50155432145435,33.493782696635876,0.03644750000239583,True,True,False,False,phase6r_rolling_mpc_reduced
1885.0,3.919585223924359,3.919585223924359,0.5675881941012793,3.990504517273192,33.49999998972851,33.50155431467213,33.49378268995403,0.04073860000062268,True,True,False,False,phase6r_rolling_mpc_reduced
1890.0,3.919585223924359,3.919585223924359,0.5686769677745915,3.9914947144308517,33.499999979704874,33.50155430462818,33.49378268001165,0.038870000003953464,True,True,False,False,phase6r_rolling_mpc_reduced
1895.0,3.919585223924359,3.919585223924359,0.5697657414479038,3.992486886003213,33.49999996649814,33.50155429140099,33.493782666886716,0.0363846000036574,True,True,False,False,phase6r_rolling_mpc_reduced
1900.0,3.919586490925524,3.919586490925524,0.5708545154731609,3.99348110172019,33.49999997649248,33.501554301528635,33.493782676347884,0.037357500004873145,True,True,False,False,phase6r_rolling_mpc_reduced
1905.0,3.919586490925524,3.919586490925524,0.571943289498418,3.9944773416845862,33.499999984278006,33.50155430930307,33.49378268417777,0.037318800001230557,True,True,False,False,phase6r_rolling_mpc_reduced
1910.0,3.919586490925524,3.919586490925524,0.5730320635236751,3.9954756719197047,33.49999998974967,33.501554314762615,33.49378268969788,0.03726900000037858,True,True,False,False,phase6r_rolling_mpc_reduced
1915.0,3.919586490925524,3.919586490925524,0.5741208375489322,3.9964761313579453,33.49999999285469,33.5015543178548,33.493782692854275,0.03640610000002198,True,True,False,False,phase6r_rolling_mpc_reduced
1920.0,3.919586490925524,3.919586490925524,0.5752096115741893,3.9974787588929805,33.4999999935785,33.50155431856524,33.49378269363152,0.036346500004583504,True,True,False,False,phase6r_rolling_mpc_reduced
1925.0,3.919586490925524,3.919586490925524,0.5762983855994464,3.998483593389576,33.499999991934224,33.501554316907246,33.49378269204213,0.03627810000034515,True,True,False,False,phase6r_rolling_mpc_reduced
1930.0,3.919586490925524,3.919586490925524,0.5773871596247034,3.999490673690942,33.49999998795495,33.50155431291401,33.49378268811869,0.03762229999847477,True,True,False,False,phase6r_rolling_mpc_reduced
1935.0,3.919586490925524,3.919586490925524,0.5784759336499605,4.000500038624225,33.499999981687886,33.50155430663284,33.493782681908066,0.035236800002167,True,True,False,False,phase6r_rolling_mpc_reduced
1940.0,3.919586490925524,3.919586490925524,0.5795647076752176,4.001511727004624,33.499999973190064,33.50155429812082,33.493782673467024,0.037902500000200234,True,True,False,False,phase6r_rolling_mpc_reduced
1945.0,3.919586490925524,3.919586490925524,0.5806534817004747,4.00252577763846,33.499999962525116,33.50155428744165,33.493782662859,0.03732430000673048,True,True,False,False,phase6r_rolling_mpc_reduced
1950.0,3.919587562664389,3.919587562664389,0.581742256023437,4.003542255480652,33.499999972003906,33.501554297036314,33.49378267187427,0.03778170000441605,True,True,False,False,phase6r_rolling_mpc_reduced
1955.0,3.919587562664389,3.919587562664389,0.5828310303463993,4.004561149663325,33.49999998012216,33.501554305148346,33.49378268001743,0.03793940000468865,True,True,False,False,phase6r_rolling_mpc_reduced
1960.0,3.919587562664389,3.919587562664389,0.5839198046693616,4.005582522006199,33.499999986778455,33.50155431179758,33.49378268670199,0.03535130000091158,True,True,False,False,phase6r_rolling_mpc_reduced
1965.0,3.919587562664389,3.919587562664389,0.5850085789923238,4.006606411415164,33.49999999191407,33.501554316925514,33.49378269186832,0.03594599999632919,True,True,False,False,phase6r_rolling_mpc_reduced
1970.0,3.919587562664389,3.919587562664389,0.5860973533152861,4.00763285676484,33.49999999550163,33.50155432050495,33.49378269548834,0.03566030000365572,True,True,False,False,phase6r_rolling_mpc_reduced
1975.0,3.919587562664389,3.919587562664389,0.5871861276382484,4.008661896906487,33.499999997536634,33.50155432253153,33.493782697557045,0.03577889999723993,True,True,False,False,phase6r_rolling_mpc_reduced
1980.0,3.919587562664389,3.919587562664389,0.5882749019612107,4.009693570673941,33.49999999803118,33.50155432301744,33.49378269808615,0.03612530000100378,True,True,False,False,phase6r_rolling_mpc_reduced
1985.0,3.919587562664389,3.919587562664389,0.589363676284173,4.01072791688804,33.499999997009255,33.50155432198673,33.49378269709934,0.03585419999581063,True,True,False,False,phase6r_rolling_mpc_reduced
1990.0,3.919587562664389,3.919587562664389,0.5904524506071352,4.011764974359944,33.499999994503234,33.50155431947184,33.49378269462879,0.03562429999874439,True,True,False,False,phase6r_rolling_mpc_reduced
1995.0,3.919587562664389,3.919587562664389,0.5915412249300975,4.012804781893615,33.499999990551295,33.50155431551099,33.493782690712514,0.03637670000171056,True,True,False,False,phase6r_rolling_mpc_reduced
2000.0,3.919587562664389,3.919587562664389,0.5926299992530598,4.013847378287666,33.49999998519547,33.50155431014623,33.49378268539243,0.03602669999963837,True,True,False,False,phase6r_rolling_mpc_reduced
2005.0,3.919587562664389,3.919587562664389,0.5937187735760221,4.014892802336758,33.49999997848024,33.50155430342207,33.493782678712925,0.03713080000306945,True,True,False,False,phase6r_rolling_mpc_reduced
2010.0,3.919587562664389,3.919587562664389,0.5948075478989844,4.015941092832622,33.49999997045145,33.501554295384366,33.49378267071978,0.040858799999114126,True,True,False,False,phase6r_rolling_mpc_reduced
2015.0,3.919587562664389,3.919587562664389,0.5958963222219467,4.016992288564843,33.49999996115555,33.50155428607959,33.493782661459406,0.0359833999973489,True,True,False,False,phase6r_rolling_mpc_reduced
2020.0,3.919587562664389,3.919587562664389,0.5969850965449089,4.018046428321436,33.49999995063905,33.50155427555425,33.49378265097826,0.03835080000135349,True,True,False,False,phase6r_rolling_mpc_reduced
2025.0,3.919587562664389,3.919587562664389,0.5980738708678712,4.019103550889273,33.49999993894808,33.50155426385448,33.493782639322454,0.03559750000567874,True,True,False,False,phase6r_rolling_mpc_reduced
2030.0,3.919587562664389,3.919587562664389,0.5991626451908335,4.02016369505441,33.49999992612809,33.50155425102575,33.49378262653744,0.03796850000071572,True,True,False,False,phase6r_rolling_mpc_reduced
2035.0,3.919588949121974,3.919588949121974,0.6002514198989229,4.021227016408513,33.49999994099837,33.50155426605566,33.49378264076921,0.03707140000187792,True,True,False,False,phase6r_rolling_mpc_reduced
2040.0,3.9195888341496974,3.9195888341496974,0.6013401945750756,4.022295552601695,33.499999953306315,33.501554278351335,33.49378265312623,0.037301699994714,True,True,False,False,phase6r_rolling_mpc_reduced
2045.0,3.9195888341496974,3.9195888341496974,0.6024289692512282,4.023370146776449,33.49999996518507,33.501554290229834,33.49378266500603,0.03631200000381796,True,True,False,False,phase6r_rolling_mpc_reduced
2050.0,3.9195886709448664,3.9195886709448664,0.6035177438820463,4.024450664002656,33.499999973138515,33.50155429816249,33.493782673042624,0.03704250000009779,True,True,False,False,phase6r_rolling_mpc_reduced
2055.0,3.9195886709448664,3.9195886709448664,0.6046065185128643,4.025536983320727,33.499999980378405,33.50155430539966,33.49378268029339,0.03657389999716543,True,True,False,False,phase6r_rolling_mpc_reduced
2060.0,3.9195886709448664,3.9195886709448664,0.6056952931436823,4.02662897267385,33.49999998688366,33.501554311901934,33.49378268681053,0.036395399998582434,True,True,False,False,phase6r_rolling_mpc_reduced
2065.0,3.9195886709448664,3.9195886709448664,0.6067840677745003,4.02772650347521,33.499999992646046,33.501554317661174,33.49378269258555,0.039966299998923205,True,True,False,False,phase6r_rolling_mpc_reduced
2070.0,3.9195886709448664,3.9195886709448664,0.6078728424053184,4.028829447128315,33.499999997666755,33.501554322678594,33.493782697619395,0.037556000002950896,True,True,False,False,phase6r_rolling_mpc_reduced
2075.0,3.9195886709448664,3.9195886709448664,0.6089616170361364,4.029937675029459,33.50000000195372,33.50155432696219,33.49378270191986,0.038635299999441486,True,True,False,False,phase6r_rolling_mpc_reduced
2080.0,3.9195886709448664,3.9195886709448664,0.6100503916669544,4.031051058569558,33.50000000551975,33.50155433052478,33.493782705499626,0.036005599999043625,True,True,False,False,phase6r_rolling_mpc_reduced
2085.0,3.9195886709448664,3.9195886709448664,0.6111391662977724,4.032169469135518,33.50000000838101,33.501554333382565,33.49378270837476,0.03695609999704175,True,True,False,False,phase6r_rolling_mpc_reduced
2090.0,3.9195886709448664,3.9195886709448664,0.6122279409285905,4.033292778111275,33.50000001055598,33.50155433555405,33.49378271056369,0.03682000000117114,True,True,False,False,phase6r_rolling_mpc_reduced
2095.0,3.9195886709448664,3.9195886709448664,0.6133167155594085,4.034420856878554,33.50000001206467,33.50155433705924,33.493782712086386,0.03828620000422234,True,True,False,False,phase6r_rolling_mpc_reduced
2100.0,3.9195886709448664,3.9195886709448664,0.6144054901902265,4.035553576817445,33.50000001292801,33.50155433791909,33.49378271296372,0.03686710000329185,True,True,False,False,phase6r_rolling_mpc_reduced
2105.0,3.9195886709448664,3.9195886709448664,0.6154942648210445,4.036690809306833,33.50000001316744,33.50155433815502,33.493782713217115,0.03611149999778718,True,True,False,False,phase6r_rolling_mpc_reduced
2110.0,3.9195886709448664,3.9195886709448664,0.6165830394518625,4.037832425724722,33.500000012804534,33.50155433778863,33.49378271286813,0.035680900000443216,True,True,False,False,phase6r_rolling_mpc_reduced
2115.0,3.9195886709448664,3.9195886709448664,0.6176718140826806,4.038978297448468,33.50000001186085,33.50155433684149,33.493782711938294,0.03603080000175396,True,True,False,False,phase6r_rolling_mpc_reduced
2120.0,3.9195886709448664,3.9195886709448664,0.6187605887134986,4.040128295854964,33.500000010357695,33.50155433533489,33.49378271044892,0.036481800001638476,True,True,False,False,phase6r_rolling_mpc_reduced
2125.0,3.9195886709448664,3.9195886709448664,0.6198493633443166,4.041282292320765,33.500000008316036,33.5015543332898,33.493782708420966,0.03700789999857079,True,True,False,False,phase6r_rolling_mpc_reduced
2130.0,3.9195886709448664,3.9195886709448664,0.6209381379751346,4.0424401582221945,33.500000005756426,33.50155433072679,33.49378270587496,0.037166699999943376,True,True,False,False,phase6r_rolling_mpc_reduced
2135.0,3.9195886709448664,3.9195886709448664,0.6220269126059527,4.043601764935417,33.50000000269891,33.5015543276659,33.49378270283098,0.0355210999987321,True,True,False,False,phase6r_rolling_mpc_reduced
2140.0,3.9195886709448664,3.9195886709448664,0.6231156872367707,4.04476698383649,33.499999999163045,33.50155432412667,33.49378269930854,0.03680310000345344,True,True,False,False,phase6r_rolling_mpc_reduced
2145.0,3.9195886709448664,3.9195886709448664,0.6242044618675887,4.045935686301402,33.499999995167805,33.5015543201281,33.49378269532663,0.03578489999927115,True,True,False,False,phase6r_rolling_mpc_reduced
2150.0,3.9195886709448664,3.9195886709448664,0.6252932364984067,4.047107743706112,33.49999999073164,33.50155431568862,33.4937826909037,0.035882699994544964,True,True,False,False,phase6r_rolling_mpc_reduced
2155.0,3.9195886709448664,3.9195886709448664,0.6263820111292248,4.048283027426561,33.49999998587241,33.50155431082611,33.49378268605762,0.03718010000011418,True,True,False,False,phase6r_rolling_mpc_reduced
2160.0,3.9195886709448664,3.9195886709448664,0.6274707857600428,4.049461408838691,33.499999980607456,33.50155430555789,33.49378268080571,0.03587770000012824,True,True,False,False,phase6r_rolling_mpc_reduced
2165.0,3.9195886709448664,3.9195886709448664,0.6285595603908608,4.050642759318462,33.49999997495352,33.50155429990072,33.493782675164724,0.03819820000353502,True,True,False,False,phase6r_rolling_mpc_reduced
2170.0,3.9195886709448664,3.9195886709448664,0.6296483350216788,4.0518269502418525,33.49999996892684,33.501554293870825,33.4937826691509,0.03549600000405917,True,True,False,False,phase6r_rolling_mpc_reduced
2175.0,3.9195886709448664,3.9195886709448664,0.6307371096524969,4.053013852984868,33.49999996254311,33.5015542874839,33.493782662779935,0.03591079999750946,True,True,False,False,phase6r_rolling_mpc_reduced
2180.0,3.9195886709448664,3.9195886709448664,0.6318258842833149,4.054203338923547,33.49999995581748,33.50155428075511,33.493782656066976,0.03591890000097919,True,True,False,False,phase6r_rolling_mpc_reduced
2185.0,3.9195886709448664,3.9195886709448664,0.6329146589141329,4.055395279433964,33.49999994876463,33.501554273699114,33.493782649026706,0.0357988000032492,True,True,False,False,phase6r_rolling_mpc_reduced
2190.0,3.9195886709448664,3.9195886709448664,0.6340034335449509,4.056589545892225,33.499999941398734,33.501554266330096,33.49378264167329,0.035308700003952254,True,True,False,False,phase6r_rolling_mpc_reduced
2195.0,3.9195886709448664,3.9195886709448664,0.635092208175769,4.0577860096744764,33.49999993373348,33.50155425866174,33.49378263402042,0.03582599999936065,True,True,False,False,phase6r_rolling_mpc_reduced
2200.0,3.9195886709448664,3.9195886709448664,0.636180982806587,4.058984542156899,33.499999925782085,33.50155425070727,33.493782626081334,0.03538519999710843,True,True,False,False,phase6r_rolling_mpc_reduced
2205.0,3.9195886709448664,3.9195886709448664,0.637269757437405,4.06018501471571,33.49999991755734,33.50155424247947,33.493782617868796,0.03553539999847999,True,True,False,False,phase6r_rolling_mpc_reduced
2210.0,3.9195886709448664,3.9195886709448664,0.638358532068223,4.061387298727168,33.49999990907157,33.501554233990674,33.493782609395154,0.03594420000445098,True,True,False,False,phase6r_rolling_mpc_reduced
2215.0,3.9195886709448664,3.9195886709448664,0.639447306699041,4.06259126556756,33.4999999003367,33.5015542252528,33.49378260067232,0.035400699998717755,True,True,False,False,phase6r_rolling_mpc_reduced
2220.0,3.9195886709448664,3.9195886709448664,0.6405360813298591,4.0637967866132145,33.49999989136423,33.50155421627734,33.493782591711806,0.03840090000448981,True,True,False,False,phase6r_rolling_mpc_reduced
2225.0,3.9195886709448664,3.9195886709448664,0.6416248559606771,4.065003733240493,33.499999882165284,33.50155420707543,33.493782582524716,0.03581839999969816,True,True,False,False,phase6r_rolling_mpc_reduced
2230.0,3.9195886709448664,3.9195886709448664,0.6427136305914951,4.066211976825786,33.499999872750585,33.50155419765778,33.493782573121784,0.03627219999907538,True,True,False,False,phase6r_rolling_mpc_reduced
2235.0,3.9195902863469114,3.9195902863469114,0.643802405671036,4.067421428247739,33.49999989665668,33.50155422175707,33.49378259625515,0.3481803000031505,True,True,False,False,phase6r_rolling_mpc_reduced
2240.0,3.919590048361437,3.919590048361437,0.6448911806844697,4.068631878127422,33.499999916435605,33.50155424151622,33.49378261611316,0.03722360000392655,True,True,False,False,phase6r_rolling_mpc_reduced
2245.0,3.919589859450513,3.919589859450513,0.6459799556454282,4.069843238971401,33.49999993270636,33.50155425777007,33.49378263245152,0.10675599999376573,True,True,False,False,phase6r_rolling_mpc_reduced
2250.0,3.919589710120602,3.919589710120602,0.6470687305649061,4.071055382330743,33.4999999460236,33.501554271073005,33.493782645825966,0.45091169999795966,True,True,False,False,phase6r_rolling_mpc_reduced
2255.0,3.919589592610999,3.919589592610999,0.6481575054517424,4.0722681796827676,33.499999956874234,33.501554281911645,33.49378265672457,0.14279700000042794,True,True,False,False,phase6r_rolling_mpc_reduced
2260.0,3.9195895006010555,3.9195895006010555,0.6492462803130206,4.0734815024555155,33.49999996567896,33.501554290706395,33.49378266556923,0.10409870000148658,True,True,False,False,phase6r_rolling_mpc_reduced
2265.0,3.9195894289646165,3.9195894289646165,0.6503350551543996,4.074695222045042,33.4999999727968,33.50155429781597,33.493782672720094,0.10969930000283057,True,True,False,False,phase6r_rolling_mpc_reduced
2270.0,3.919589373557374,3.919589373557374,0.6514238299803877,4.075909209827324,33.499999978530944,33.50155430354333,33.493782678481416,0.10533279999799561,True,True,False,False,phase6r_rolling_mpc_reduced
2275.0,3.91958933104096,3.91958933104096,0.6525126047945657,4.077123337166471,33.49999998313535,33.501554308142175,33.493782683108066,0.10656520000338787,True,True,False,False,phase6r_rolling_mpc_reduced
2280.0,3.91958929873274,3.91958929873274,0.6536013795997693,4.078337475420187,33.499999986821145,33.50155431182343,33.493782686811976,0.10587179999856744,True,True,False,False,phase6r_rolling_mpc_reduced
2285.0,3.919589274484963,3.919589274484963,0.6546901543982373,4.079551495943425,33.49999998976276,33.50155431476138,33.49378268976832,0.10593030000018189,True,True,False,False,phase6r_rolling_mpc_reduced
2290.0,3.919589256580214,3.919589256580214,0.6557789291917318,4.080765270090622,33.4999999921036,33.501554317099234,33.493782692121044,0.1414913999979035,True,True,False,False,phase6r_rolling_mpc_reduced
2295.0,3.9195892436507798,3.9195892436507798,0.6568677039816347,4.081978669217144,33.49999999396089,33.50155431895413,33.493782693987946,0.14048290000209818,True,True,False,False,phase6r_rolling_mpc_reduced
2300.0,3.9195892346081767,3.9195892346081767,0.6579564787690259,4.083191564680022,33.499999995430144,33.50155432042145,33.49378269546492,0.14054130000295117,True,True,False,False,phase6r_rolling_mpc_reduced
2305.0,3.9195892285899987,3.9195892285899987,0.6590452535547453,4.084403827838377,33.49999999658885,33.5015543215786,33.493782696629815,0.14337350000278093,True,True,False,False,phase6r_rolling_mpc_reduced
2310.0,3.91958922491293,3.91958922491293,0.6601340283394433,4.085615330053483,33.49999999749964,33.50155432248816,33.49378269754556,0.1403095999994548,True,True,False,False,phase6r_rolling_mpc_reduced
2315.0,3.919589223037743,3.919589223037743,0.6612228031236205,4.086825942688755,33.49999999821303,33.50155432320056,33.493782698262905,0.14105340000241995,True,True,False,False,phase6r_rolling_mpc_reduced
2320.0,3.919589222539667,3.919589222539667,0.6623115779076593,4.088035537109598,33.49999999876958,33.50155432375633,33.493782698822606,0.13959559999784688,True,True,False,False,phase6r_rolling_mpc_reduced
2325.0,3.9195892230845795,3.9195892230845795,0.6634003526918494,4.089243984683211,33.49999999920185,33.501554324187964,33.493782699257366,0.1443098999952781,True,True,False,False,phase6r_rolling_mpc_reduced
2330.0,3.9195892244109367,3.9195892244109367,0.664489127476408,4.0904511567783945,33.4999999995358,33.50155432452142,33.49378269959331,0.14170580000063637,True,True,False,False,phase6r_rolling_mpc_reduced
2335.0,3.919589226313931,3.919589226313931,0.6655779022614952,4.091656924765329,33.4999999997922,33.50155432477743,33.49378269985128,0.17271400000026915,True,True,False,False,phase6r_rolling_mpc_reduced
2340.0,3.91958922671807,3.91958922671807,0.6666666770466946,4.092861159968539,33.49999999994779,33.50155432493248,33.493782700009035,0.17657899999903748,True,True,False,False,phase6r_rolling_mpc_reduced
2345.0,3.919589226717981,3.919589226717981,0.667755451831894,4.094063733785386,33.5,33.50155432498411,33.493782700063555,0.17297539999708533,True,True,False,False,phase6r_rolling_mpc_reduced
2350.0,3.919589228943316,3.919589228943316,0.6688442266177116,4.095264517654858,33.5,33.501554324983815,33.493782700064735,0.17834399999992456,True,True,False,False,phase6r_rolling_mpc_reduced
2355.0,3.919589233398142,3.919589233398142,0.6699330014047666,4.096463382958872,33.5,33.501554324983815,33.493782700064735,0.1748312999989139,True,True,False,False,phase6r_rolling_mpc_reduced
2360.0,3.919589237533046,3.919589237533046,0.6710217761929702,4.09766020101613,33.5,33.501554324983815,33.493782700064735,0.17641030000231694,True,True,False,False,phase6r_rolling_mpc_reduced
2365.0,3.919589241401795,3.919589241401795,0.6721105509822485,4.098854843201978,33.5,33.501554324983815,33.49378270006474,0.1819286000027205,True,True,False,False,phase6r_rolling_mpc_reduced
2370.0,3.9195892450440595,3.9195892450440595,0.6731993257725385,4.10004718089224,33.5,33.501554324983815,33.49378270006474,0.18799459999718238,True,True,False,False,phase6r_rolling_mpc_reduced
2375.0,3.9195892484898627,3.9195892484898627,0.6742881005637856,4.101237085463103,33.5,33.501554324983815,33.493782700064735,0.20833009999478236,True,True,False,False,phase6r_rolling_mpc_reduced
2380.0,3.919589251762484,3.919589251762484,0.6753768753559419,4.102424428291022,33.5,33.501554324983815,33.49378270006473,0.17599399999744492,True,True,False,False,phase6r_rolling_mpc_reduced
2385.0,3.919589255258056,3.919589255258056,0.6764656501490691,4.103609080761884,33.50000000000785,33.501554324991716,33.4937827000724,0.20982869999716058,True,True,False,False,phase6r_rolling_mpc_reduced
2390.0,3.9195892578007623,3.9195892578007623,0.6775544249429026,4.104790914224327,33.50000000000697,33.501554324990785,33.49378270007172,0.2085559999977704,True,True,False,False,phase6r_rolling_mpc_reduced
2395.0,3.919589263157702,3.919589263157702,0.6786431997382242,4.105969800144832,33.50000000005814,33.50155432504226,33.49378270012167,0.2061831999963033,True,True,False,False,phase6r_rolling_mpc_reduced
2400.0,3.91958926050599,3.91958926050599,0.6797319745328092,4.107145609643184,33.499999999999254,33.501554324982735,33.493782700065324,0.21978179999860004,True,True,False,False,phase6r_rolling_mpc_reduced
2405.0,3.919566491317146,3.919566491317146,0.6808207430026195,4.108317657776291,33.49999952733098,33.50155384954998,33.49378223845496,0.17684599999483908,True,True,False,False,phase6r_rolling_mpc_reduced
2410.0,3.9195940025848235,3.9195940025848235,0.6819095191144486,4.109487544362985,33.49999961137865,33.501553936767664,33.49378230982258,0.21147049999854062,True,True,False,False,phase6r_rolling_mpc_reduced
2415.0,3.9195930464327153,3.9195930464327153,0.68299829496068,4.1106533522067945,33.49999968216068,33.50155400748746,33.493782380853546,0.20651139999972656,True,True,False,False,phase6r_rolling_mpc_reduced
2420.0,3.9195922801581755,3.9195922801581755,0.6840870705940573,4.111815566945284,33.49999974135551,33.501554066627456,33.49378244026772,0.20610600000509294,True,True,False,False,phase6r_rolling_mpc_reduced
2425.0,3.9195916628603062,3.9195916628603062,0.6851758460559629,4.1129740610050955,33.49999979048073,33.5015541157046,33.49378248958524,0.2124383999980637,True,True,False,False,phase6r_rolling_mpc_reduced
2430.0,3.919543305305052,3.919543305305052,0.6862646080852144,4.11412753687375,33.49999883764817,33.5015531570202,33.49378156016006,0.1827080999937607,True,True,False,False,phase6r_rolling_mpc_reduced
2435.0,3.9196007362796967,3.9196007362796967,0.6873533860675143,4.1152794992745845,33.49999904781059,33.50155337381119,33.493781743808185,0.2101736999975401,True,True,False,False,phase6r_rolling_mpc_reduced
2440.0,3.919598401475299,3.919598401475299,0.6884421634012574,4.116426060392164,33.499999223884174,33.50155354972379,33.49378192052572,0.2089966000057757,True,True,False,False,phase6r_rolling_mpc_reduced
2445.0,3.9195965212354498,3.9195965212354498,0.6895309402127117,4.117568382879119,33.49999937022237,33.501553695920244,33.49378206743086,0.21050999999715714,True,True,False,False,phase6r_rolling_mpc_reduced
2450.0,3.919595014302312,3.919595014302312,0.6906197166055734,4.118706340796548,33.499999491053806,33.50155381662924,33.49378218875205,0.2087524000016856,True,True,False,False,phase6r_rolling_mpc_reduced
2455.0,3.9195600508584567,3.9195600508584567,0.6917084832863675,4.1198389823272645,33.49999888961723,33.501553210989954,33.493781604126355,0.17452070000581443,True,True,False,False,phase6r_rolling_mpc_reduced
2460.0,3.9194818132073874,3.9194818132073874,0.6927972282344806,4.120965857238682,33.499996645149174,33.501550956801225,33.49377939854099,0.17610249999415828,True,True,False,False,phase6r_rolling_mpc_reduced
2465.0,3.919523590610902,3.919523590610902,0.6938859847874281,4.122090734773861,33.499995204624355,33.501549520568574,33.493777940847494,0.17180519999965327,True,True,False,False,phase6r_rolling_mpc_reduced
2470.0,3.9195301769588067,3.9195301769588067,0.6949747431699167,4.12321002558012,33.499993880140586,33.50154819650014,33.493776614702384,0.17368790000182344,True,True,False,False,phase6r_rolling_mpc_reduced
2475.0,3.9195425403110984,3.9195425403110984,0.6960635049866698,4.124324484240953,33.499992801331665,33.50154711888606,33.49377553111408,0.173724599997513,True,True,False,False,phase6r_rolling_mpc_reduced
2480.0,3.9196573796538052,3.9196573796538052,0.6971522987032402,4.125436351862261,33.49999410592243,33.50154843722095,33.49377678072837,0.17330920000676997,True,True,False,False,phase6r_rolling_mpc_reduced
2485.0,3.9196441521653993,3.9196441521653993,0.6982410887455084,4.1265401157566375,33.499995208082225,33.50154953843516,33.493777886670486,0.17514529999607475,True,True,False,False,phase6r_rolling_mpc_reduced
2490.0,3.9196327564611537,3.9196327564611537,0.6993298756223032,4.127638449567108,33.49999611943108,33.50155044886944,33.49377880167765,0.1759472000048845,True,True,False,False,phase6r_rolling_mpc_reduced
2495.0,3.9196236588922826,3.9196236588922826,0.7004186599719955,4.12873157387316,33.49999686903493,33.501551197693836,33.49377955439932,0.1726524999976391,True,True,False,False,phase6r_rolling_mpc_reduced
2500.0,3.919616381400638,3.919616381400638,0.7015074423001624,4.129822544872608,33.499997482143584,33.50155181014115,33.4937801701533,0.17430510000122013,True,True,False,False,phase6r_rolling_mpc_reduced
2505.0,3.919610722764178,3.919610722764178,0.7025962230564857,4.130912166421804,33.499997984105725,33.50155231156528,33.49378067426753,0.1395325000048615,True,True,False,False,phase6r_rolling_mpc_reduced
2510.0,3.9195831340531218,3.9195831340531218,0.7036849961492783,4.1319998698409846,33.49999791460983,33.5015522388185,33.49378061777515,0.14099239999632118,True,True,False,False,phase6r_rolling_mpc_reduced
2515.0,3.919607174627222,3.919607174627222,0.704773775920008,4.133087397357579,33.49999832762374,33.5015526546421,33.49378101955034,0.17268419999891194,True,True,False,False,phase6r_rolling_mpc_reduced
2520.0,3.919603305301348,3.919603305301348,0.7058625546159251,4.134172944057573,33.499998663062165,33.50155298970226,33.49378135650176,0.17540359999838984,True,True,False,False,phase6r_rolling_mpc_reduced
2525.0,3.9196002414159072,3.9196002414159072,0.7069513324607628,4.135257124839581,33.49999893447162,33.50155326079853,33.493781629163976,0.1712307000052533,True,True,False,False,phase6r_rolling_mpc_reduced
2530.0,3.8990972086907987,3.8990972086907987,0.7080344150187324,4.135839293429592,33.49957441683438,33.50112625846094,33.49336705032811,0.06904289999511093,True,True,False,False,phase6r_rolling_mpc_reduced
2535.0,3.8663455873400596,3.8663455873400596,0.7091083999041047,4.136070025337185,33.49846181554574,33.500009554693676,33.492270858954,0.07168480000109412,True,True,False,False,phase6r_rolling_mpc_reduced
2540.0,3.8348077329743435,3.8348077329743435,0.7101736242743754,4.136256861158113,33.49667328725976,33.49821686921864,33.49049895942426,0.07307839999702992,True,True,False,False,phase6r_rolling_mpc_reduced
2545.0,3.8043046846324033,3.8043046846324033,0.7112303755756622,4.136410918846366,33.49422248441189,33.49576186543848,33.48806496030554,0.0708745000010822,True,True,False,False,phase6r_rolling_mpc_reduced
2550.0,3.7747007383269793,3.7747007383269793,0.7122789035585307,4.136540363340497,33.491123984043156,33.49265912829907,33.484983407019506,0.07023810000100639,True,True,False,False,phase6r_rolling_mpc_reduced
2555.0,3.7458909776282874,3.7458909776282874,0.7133194288300941,4.136651178931324,33.48739286675156,33.488923744009476,33.481269357719924,0.07028649999847403,True,True,False,False,phase6r_rolling_mpc_reduced
2560.0,3.7177934859542607,3.7177934859542607,0.7143521492428592,4.136747762464111,33.483044427188624,33.48457101123093,33.47693809101936,0.06937550000293413,True,True,False,False,phase6r_rolling_mpc_reduced
2565.0,3.690343677388259,3.690343677388259,0.7153772447088004,4.1368333579025425,33.478093978683276,33.479616246198454,33.47200490862256,0.06924910000088857,True,True,False,False,phase6r_rolling_mpc_reduced
2570.0,3.663489230163319,3.663489230163319,0.7163948806060679,4.13691035194608,33.47255670680881,33.47407463653825,33.466484987891064,0.06910409999545664,True,True,False,False,phase6r_rolling_mpc_reduced
2575.0,3.6371877730244218,3.6371877730244218,0.7174052105430192,4.136980522280792,33.46644758491081,33.467961157131356,33.46039329602861,0.07822360000136541,True,True,False,False,phase6r_rolling_mpc_reduced
2580.0,3.6114038454773696,3.6114038454773696,0.7184083782778741,4.137045188219111,33.45978130788289,33.4612905039807,33.45374452349168,0.07051440000213915,True,True,False,False,phase6r_rolling_mpc_reduced
2585.0,3.5861072967020706,3.5861072967020706,0.7194045191936247,4.137105334428552,33.452572250784236,33.45407705296175,33.446553042074186,0.06987169999774778,True,True,False,False,phase6r_rolling_mpc_reduced
2590.0,3.5612723518932112,3.5612723518932112,0.720393761513595,4.137161707522016,33.444834449831475,33.44633484093778,33.43883288540624,0.06884429999627173,True,True,False,False,phase6r_rolling_mpc_reduced
2595.0,3.5368761469314247,3.5368761469314247,0.7213762271099649,4.137214868504023,33.436581584469074,33.43807754783307,33.4305977310131,0.06919489999563666,True,True,False,False,phase6r_rolling_mpc_reduced
2600.0,3.512898563984318,3.512898563984318,0.7223520322666271,4.137265252152218,33.42782697730032,33.42931849666505,33.42186089984143,0.0719299000047613,True,True,False,False,phase6r_rolling_mpc_reduced
2605.0,3.4893212068194597,3.4893212068194597,0.7233212881574104,4.137313189760367,33.41858358979752,33.42007064922983,33.41263535206828,0.07040739999501966,True,True,False,False,phase6r_rolling_mpc_reduced
2610.0,3.4661278282623713,3.4661278282623713,0.7242841014430388,4.137358953458417,33.408864036955286,33.41034662086553,33.402933701314325,0.07683520000136923,True,True,False,False,phase6r_rolling_mpc_reduced
2615.0,3.4433028339649,3.4433028339649,0.7252405744524735,4.137402746583961,33.39868058182416,33.40015867487083,33.39276820963749,0.06958719999965979,True,True,False,False,phase6r_rolling_mpc_reduced
2620.0,3.4208321069401713,3.4208321069401713,0.7261908055932902,4.137444740785897,33.38804515096095,33.38951873807672,33.38215080249788,0.06997460000275169,True,True,False,False,phase6r_rolling_mpc_reduced
2625.0,3.3987024296442367,3.3987024296442367,0.7271348896015247,4.137485076934158,33.376969343282056,33.378438409664014,33.37109307775421,0.07286459999886574,True,True,False,False,phase6r_rolling_mpc_reduced
2630.0,3.376901606346933,3.376901606346933,0.72807291782551,4.137523878325583,33.36546444403454,33.36692897516602,33.3596063195086,0.07008589999895776,True,True,False,False,phase6r_rolling_mpc_reduced
2635.0,3.3554177428464613,3.3554177428464613,0.729004978309634,4.137561241348453,33.353541427635676,33.3550014092455,33.34770150119636,0.06969959999696584,True,True,False,False,phase6r_rolling_mpc_reduced
2640.0,3.3342397670025754,3.3342397670025754,0.7299311560226902,4.137597252892909,33.34121097138602,33.342666389471866,33.33538929904263,0.07046540000010282,True,True,False,False,phase6r_rolling_mpc_reduced
2645.0,3.3133574241633075,3.3133574241633075,0.7308515330849578,4.137631995227193,33.32848347014613,33.329934311006056,33.32268010670643,0.06963730000279611,True,True,False,False,phase6r_rolling_mpc_reduced
2650.0,3.29276054979494,3.29276054979494,0.7317661887932342,4.13766553222639,33.31536903863049,33.3168152888247,33.30958403785367,0.06938890000310494,True,True,False,False,phase6r_rolling_mpc_reduced
2655.0,3.2724398307215514,3.2724398307215514,0.7326751998573235,4.137697929395216,33.30187752774533,33.30331917414051,33.29611094216462,0.06967900000017835,True,True,False,False,phase6r_rolling_mpc_reduced
2660.0,3.2523863952910275,3.2523863952910275,0.7335786405226822,4.137729246948472,33.28801853398892,33.289455563764996,33.282270414884614,0.0728642000030959,True,True,False,False,phase6r_rolling_mpc_reduced
2665.0,3.2325915267958676,3.2325915267958676,0.7344765826134588,4.137759534361547,33.2738014039522,33.27523380458213,33.26807180143247,0.06928859999607084,True,True,False,False,phase6r_rolling_mpc_reduced
2670.0,3.213047028156988,3.213047028156988,0.7353690956768357,4.137788839895551,33.259235245322714,33.260663004591166,33.253524208248905,0.07016809999913676,True,True,False,False,phase6r_rolling_mpc_reduced
2675.0,3.1937452932039148,3.1937452932039148,0.7362562471471702,4.137817213825871,33.24432893921459,33.24575204524636,33.2386365150875,0.06971190000331262,True,True,False,False,phase6r_rolling_mpc_reduced
2680.0,3.1746786961499107,3.1746786961499107,0.7371381023405452,4.137844695008339,33.22909114189579,33.2305095831245,33.22341737698096,0.07113699999899836,True,True,False,False,phase6r_rolling_mpc_reduced
2685.0,3.155840240622813,3.155840240622813,0.7380147246296072,4.137871326499018,33.213530297688045,33.21494406289045,33.20787523687841,0.07130769999639597,True,True,False,False,phase6r_rolling_mpc_reduced
2690.0,3.137223131476628,3.137223131476628,0.7388861754994618,4.137897146616684,33.19765464449898,33.19906372278861,33.192018331340456,0.07044150000001537,True,True,False,False,phase6r_rolling_mpc_reduced
2695.0,3.118820838456105,3.118820838456105,0.7397525146212551,4.137922190757413,33.181472220371944,33.18287660119964,33.17585469706118,0.07158879999769852,True,True,False,False,phase6r_rolling_mpc_reduced
2700.0,3.1006270843234804,3.1006270843234804,0.7406137999224561,4.137946491564474,33.16499086977596,33.166390542930124,33.15939217715932,0.0747962000023108,True,True,False,False,phase6r_rolling_mpc_reduced
2705.0,3.082636067964162,3.082636067964162,0.7414700877191128,4.137970084804118,33.14821825361233,33.14961320924206,33.14263843109338,0.07121919999917736,True,True,False,False,phase6r_rolling_mpc_reduced
2710.0,3.064842067414087,3.064842067414087,0.742321432737839,4.1379930006589145,33.13116185248657,33.13255208108727,33.1256009380838,0.07014780000463361,True,True,False,False,phase6r_rolling_mpc_reduced
2715.0,3.0472395098330205,3.0472395098330205,0.7431678881572371,4.1380152653352615,33.113828971058425,33.115214463464206,33.10828700143532,0.0773098999998183,True,True,False,False,phase6r_rolling_mpc_reduced
2720.0,3.0298233573246462,3.0298233573246462,0.7440095057564939,4.138036910651567,33.09622674875311,33.09760749616733,33.09070375909624,0.07383129999652738,True,True,False,False,phase6r_rolling_mpc_reduced
2725.0,3.0125886188313586,3.0125886188313586,0.7448463359283916,4.138057963288619,33.078362162349286,33.07973815632945,33.07285818642865,0.07425629999488592,True,True,False,False,phase6r_rolling_mpc_reduced
2730.0,2.995530324144058,2.995530324144058,0.7456784276850983,4.138078443966953,33.060242028042886,33.06161326048298,33.05475709828253,0.07316369999898598,True,True,False,False,phase6r_rolling_mpc_reduced
2735.0,2.978644096628261,2.978644096628261,0.7465058288230506,4.138098381279824,33.041873012827914,33.043239475995605,33.03640716015714,0.06999340000038501,True,True,False,False,phase6r_rolling_mpc_reduced
2740.0,2.9619255170715126,2.9619255170715126,0.747328585911126,4.13811779752485,33.023261635488204,33.02462332200338,33.01781488942751,0.07364889999735169,True,True,False,False,phase6r_rolling_mpc_reduced
2745.0,2.945370320837477,2.945370320837477,0.7481467443335809,4.138136713110531,33.00441427068789,33.00577117351945,32.998986659361655,0.07562029999826336,True,True,False,False,phase6r_rolling_mpc_reduced
2750.0,2.9289744831256757,2.9289744831256757,0.7489603483566714,4.13815514885723,32.985337154385455,32.98668926685665,32.979928704500665,0.07299490000150399,True,True,False,False,phase6r_rolling_mpc_reduced
2755.0,2.9127342956862936,2.9127342956862936,0.7497694412165842,4.138173128313863,32.96603639043374,32.96738370623541,32.96064712722706,0.07255040000018198,True,True,False,False,phase6r_rolling_mpc_reduced
2760.0,2.8966458669265776,2.8966458669265776,0.7505740650685082,4.138190666160954,32.94651794915687,32.94786046231496,32.94114789652455,0.07196759999351343,True,True,False,False,phase6r_rolling_mpc_reduced
2765.0,2.8807056188720814,2.8807056188720814,0.7513742610737505,4.138207779649533,32.926787673729656,32.92812537861809,32.92143685417591,0.07174949999898672,True,True,False,False,phase6r_rolling_mpc_reduced
2770.0,2.8649103246182603,2.8649103246182603,0.7521700694972555,4.138224490230409,32.90685128713191,32.908184178490075,32.901519721699245,0.07343240000045625,True,True,False,False,phase6r_rolling_mpc_reduced
2775.0,2.849256617935621,2.849256617935621,0.7529615296689043,4.138240812302717,32.886714391364976,32.88804246427111,32.881402099740434,0.07187989999511046,True,True,False,False,phase6r_rolling_mpc_reduced
2780.0,2.8337413861002414,2.8337413861002414,0.7537486800539321,4.138256762220311,32.86638247272249,32.867705722602416,32.8610894732028,0.07150940000428818,True,True,False,False,phase6r_rolling_mpc_reduced
2785.0,2.8183615528364907,2.8183615528364907,0.7545315582630534,4.138272353536426,32.84586090366587,32.84717932628279,32.84058721319821,0.07018090000201482,True,True,False,False,phase6r_rolling_mpc_reduced
2790.0,2.8031142786572953,2.8031142786572953,0.755310201118236,4.138287601836518,32.825154947746796,32.82646853920927,32.819900581896874,0.06964789999619825,True,True,False,False,phase6r_rolling_mpc_reduced
2795.0,2.787996664019126,2.787996664019126,0.7560846446360191,4.138302517980727,32.8042697599395,32.80557851668352,32.799034732963456,0.07238260000303853,True,True,False,False,phase6r_rolling_mpc_reduced
2800.0,2.7730061771572396,2.7730061771572396,0.7568549241296739,4.138317118244569,32.78321039346152,32.784514312270474,32.77799471822574,0.0701173999987077,True,True,False,False,phase6r_rolling_mpc_reduced
2805.0,2.7581402125692622,2.7581402125692622,0.7576210741887209,4.138331414390371,32.76198179986638,32.763280877853035,32.756785487919764,0.07090579999930924,True,True,False,False,phase6r_rolling_mpc_reduced
2810.0,2.7433962107568974,2.7433962107568974,0.758383128691709,4.1383454162212745,32.740588830886196,32.74188306548489,32.735411892491406,0.07033789999695728,True,True,False,False,phase6r_rolling_mpc_reduced
2815.0,2.7287719029076705,2.7287719029076705,0.7591411208869611,4.138359137582423,32.71903624392702,32.720325632907546,32.71387868800494,0.06936380000115605,True,True,False,False,phase6r_rolling_mpc_reduced
2820.0,2.714264939493276,2.714264939493276,0.7598950833701537,4.13837258795385,32.69732870198888,32.69861324343874,32.69219053618943,0.06930160000047181,True,True,False,False,phase6r_rolling_mpc_reduced
2825.0,2.699873087607297,2.699873087607297,0.7606450481167112,4.1383857769123455,32.67547077647202,32.67675046879562,32.6703520071776,0.07155259999854024,True,True,False,False,phase6r_rolling_mpc_reduced
2830.0,2.6855942776273705,2.6855942776273705,0.7613910465271633,4.138398715497984,32.653466950654206,32.65474179257643,32.648367582965314,0.0694906999997329,True,True,False,False,phase6r_rolling_mpc_reduced
2835.0,2.671426452003178,2.671426452003178,0.7621331094304975,4.138411412849019,32.63132162091602,32.63259161147326,32.626241658687036,0.564190500001132,True,True,False,False,phase6r_rolling_mpc_reduced
2840.0,2.6573676006979094,2.6573676006979094,0.7628712670973581,4.138423876983192,32.60903909844788,32.610304236982174,32.603978544310706,0.9690676999962307,True,True,False,False,phase6r_rolling_mpc_reduced
2845.0,2.643415845555809,2.643415845555809,0.7636055492766791,4.13843611690048,32.586623612162064,32.58788389832251,32.581582467520285,0.93682849999459,True,True,False,False,phase6r_rolling_mpc_reduced
2850.0,2.629569353035236,2.629569353035236,0.7643359852080778,4.138448140719204,32.56407931031918,32.56533474405643,32.5590575753702,0.9452288999964367,True,True,False,False,phase6r_rolling_mpc_reduced
2855.0,2.6158263543867593,2.6158263543867593,0.7650626036398519,4.138459956190328,32.541410262416576,32.542660843979114,32.536407936166405,0.941469600002165,True,True,False,False,phase6r_rolling_mpc_reduced
2860.0,2.602185142740444,2.602185142740444,0.7657854328461687,4.138471570714967,32.51862046101073,32.51986619094116,32.51363754128901,0.9503598000010243,True,True,False,False,phase6r_rolling_mpc_reduced
2865.0,2.5886440703321334,2.5886440703321334,0.7665045006434832,4.138482991361042,32.49571382347683,32.496954702608065,32.49075030695187,1.0272441999986768,True,True,False,False,phase6r_rolling_mpc_reduced
2870.0,2.575201545860437,2.575201545860437,0.7672198344062222,4.138494224879097,32.47269419370814,32.47393022315963,32.46775007590221,0.9348992999948678,True,True,False,False,phase6r_rolling_mpc_reduced
2875.0,2.5618560319687633,2.5618560319687633,0.7679314610817691,4.138505277717337,32.44956534375818,32.45079652493203,32.44464061906279,0.9282396999988123,True,True,False,False,phase6r_rolling_mpc_reduced
2880.0,2.5486060428469424,2.5486060428469424,0.7686394072047822,4.138516156035965,32.426330975427994,32.427557310005156,32.42142563711933,0.9363289999964763,True,True,False,False,phase6r_rolling_mpc_reduced
2885.0,2.535450141944965,2.535450141944965,0.7693436989108781,4.1385268657207845,32.40299472180121,32.404216211737605,32.39810876205561,0.8646375000025728,True,True,False,False,phase6r_rolling_mpc_reduced
2890.0,2.522386939795579,2.522386939795579,0.7700443619497102,4.138537412396182,32.37956014872912,32.38077679625176,32.37469355863856,0.9864182000019355,True,True,False,False,phase6r_rolling_mpc_reduced
2895.0,2.509415091938782,2.509415091938782,0.770741421697471,4.138547801437452,32.35603075626798,32.35724256387106,32.351183525855646,0.9231113999994704,True,True,False,False,phase6r_rolling_mpc_reduced
2900.0,2.4965332969443255,2.4965332969443255,0.7714349031688443,4.138558037982552,32.3324099800706,32.33361695051164,32.32758209830645,0.9576387999986764,True,True,False,False,phase6r_rolling_mpc_reduced
2905.0,2.483740294527123,2.483740294527123,0.7721248310284352,4.1385681269432855,32.30870119273436,32.30990332903028,32.30389264755068,1.0023441000012099,True,True,False,False,phase6r_rolling_mpc_reduced
2910.0,2.4710348637513317,2.4710348637513317,0.7728112296016995,4.138578073015943,32.28490770510735,32.286105010530605,32.280118483414334,0.9381557000015164,True,True,False,False,phase6r_rolling_mpc_reduced
2915.0,2.45841582131856,2.45841582131856,0.7734941228853991,4.138587880691449,32.26103276755464,32.262225245629324,32.25626285525591,0.8617807999980869,True,True,False,False,phase6r_rolling_mpc_reduced
2920.0,2.4458820199366973,2.4458820199366973,0.7741735345576037,4.1385975542650115,32.237079571186214,32.23826722568418,32.23232895319433,0.7931042999989586,True,True,False,False,phase6r_rolling_mpc_reduced
2925.0,2.433432346764688,2.433432346764688,0.7748494879872606,4.138607097845302,32.21305124904826,32.214234083985275,32.20831990930022,0.7518379999964964,True,True,False,False,phase6r_rolling_mpc_reduced
2930.0,2.421065721931053,2.421065721931053,0.7755220062433525,4.138616515363223,32.188950877279474,32.190128896911325,32.18423879875209,0.8897098000015831,True,True,False,False,phase6r_rolling_mpc_reduced
2935.0,2.4087810971206776,2.4087810971206776,0.7761911121036639,4.138625810580238,32.1647814762336,32.165954685052284,32.160088640958875,1.075250000001688,True,True,False,False,phase6r_rolling_mpc_reduced
2940.0,2.396577454228391,2.396577454228391,0.7768568280631718,4.1386349870963,32.14054601156983,32.14171441429973,32.13587240065026,0.8244377999944845,True,True,False,False,phase6r_rolling_mpc_reduced
2945.0,2.3844538040753127,2.3844538040753127,0.7775191763420816,4.1386440483574205,32.11624739531231,32.117410996906365,32.111592988936074,0.8510899000029895,True,True,False,False,phase6r_rolling_mpc_reduced
2950.0,2.3724091851847255,2.3724091851847255,0.7781781788935218,4.138652997662854,32.091888486879945,32.09304729251591,32.08725326433608,0.7783942000023671,True,True,False,False,phase6r_rolling_mpc_reduced
2955.0,2.3604426626157857,2.3604426626157857,0.778833857410915,4.138661838171971,32.06747209408785,32.0686261091645,32.06285603378125,0.725969700004498,True,True,False,False,phase6r_rolling_mpc_reduced
2960.0,2.3485533268503906,2.3485533268503906,0.7794862333350402,4.138670572910762,32.043000974121426,32.04415020425482,32.03840405358784,0.6555307999951765,True,True,False,False,phase6r_rolling_mpc_reduced
2965.0,2.336740292733217,2.336740292733217,0.7801353278607994,4.138679204778076,32.01847783448429,32.01962228550407,32.01390003040515,0.7227140000031795,True,True,False,False,phase6r_rolling_mpc_reduced
2970.0,2.325002698459905,2.325002698459905,0.780781161943705,4.13868773655153,31.993905333921006,31.995045011866708,31.989346622138193,0.7604422000003979,True,True,False,False,phase6r_rolling_mpc_reduced
2975.0,2.3133397046126096,2.3133397046126096,0.7814237563060974,4.138696170893143,31.96928608331563,31.970420994433013,31.964746438846095,0.7957183999969857,True,True,False,False,phase6r_rolling_mpc_reduced
2980.0,2.3017504932404353,2.3017504932404353,0.7820631314431086,4.138704510354723,31.944622646566998,31.945752797304422,31.940102043617305,0.8261654999951134,True,True,False,False,phase6r_rolling_mpc_reduced
2985.0,2.2902342669822344,2.2902342669822344,0.7826993076283815,4.1387127573829625,31.91991754144166,31.921042938446476,31.915415953422393,0.5838935000065248,True,True,False,False,phase6r_rolling_mpc_reduced
2990.0,2.2787902482299636,2.2787902482299636,0.7833323049195564,4.13872091432433,31.8951732404053,31.896293890520287,31.890690639945355,0.6147099000008893,True,True,False,False,phase6r_rolling_mpc_reduced
2995.0,2.267417678330751,2.267417678330751,0.7839621431635372,4.13872898342969,31.870392171433465,31.871508081693275,31.86592853039421,0.5811768999992637,True,True,False,False,phase6r_rolling_mpc_reduced
3000.0,2.256115816825923,2.256115816825923,0.7845888420015444,4.138736966858741,31.845576718802334,31.84668789643,31.841132008291666,0.5949723000012455,True,True,False,False,phase6r_rolling_mpc_reduced
3005.0,2.218185017207647,2.218185017207647,0.7852050045063244,4.138093578608666,31.820399541310778,31.821504065277708,31.815981445443047,0.3231500999972923,True,True,False,False,phase6r_rolling_mpc_reduced
3010.0,2.2347386898665293,2.2347386898665293,0.7858257652535096,4.13871186891098,31.795525447175173,31.796627140053722,31.791118675660957,0.5862300000007963,True,True,False,False,phase6r_rolling_mpc_reduced
3015.0,2.2234807029290855,2.2234807029290855,0.786443398782101,4.138730085162507,31.770624650856693,31.771721639017798,31.766236698212282,0.584434100004728,True,True,False,False,phase6r_rolling_mpc_reduced
3020.0,2.212330549190354,2.212330549190354,0.787057935045765,4.138745418493471,31.745699101554955,31.746791391523594,31.741329941680394,0.5894658999968669,True,True,False,False,phase6r_rolling_mpc_reduced
3025.0,2.2012769885055214,2.2012769885055214,0.7876694008759054,4.138758627244106,31.72075078503495,31.7218383839002,31.716400389573963,0.5182107000000542,True,True,False,False,phase6r_rolling_mpc_reduced
3030.0,2.182260266003056,2.182260266003056,0.7882755842831285,4.13857387108008,31.695684477313396,31.696766823911275,31.69135509092188,0.32995439999649534,True,True,False,False,phase6r_rolling_mpc_reduced
3035.0,2.179734782310299,2.179734782310299,0.7888810661671036,4.138768432135613,31.670697553713456,31.671775780991748,31.66638464460029,0.5549186999996891,True,True,False,False,phase6r_rolling_mpc_reduced
3040.0,2.1688791177426143,2.1688791177426143,0.7894835325886987,4.138781193513423,31.645694089120784,31.646767650490236,31.64139984364298,0.3770931999970344,True,True,False,False,phase6r_rolling_mpc_reduced
3045.0,2.1581090297363263,2.1581090297363263,0.790083007319181,4.1387924552272795,31.620675980562908,31.62174488409703,31.61640036642642,0.3795578999997815,True,True,False,False,phase6r_rolling_mpc_reduced
3050.0,2.1474185259072858,2.1474185259072858,0.7906795124652664,4.138802603839751,31.595645125833332,31.596709379955172,31.59138810934597,0.48337789999641245,True,True,False,False,phase6r_rolling_mpc_reduced
3055.0,2.0403914316871496,2.0403914316871496,0.7912462878629573,4.136460298241171,31.56948264316675,31.570535700787655,31.565270412683123,0.07074609999835957,True,True,False,False,phase6r_rolling_mpc_reduced
3060.0,1.9385428415623884,1.9385428415623884,0.7917847719856135,4.134005190919894,31.542261813210327,31.543303896065755,31.53809348178861,0.07119150000653462,True,True,False,False,phase6r_rolling_mpc_reduced
3065.0,1.841784593467681,1.841784593467681,0.7922963788171323,4.1314911739316384,31.51406299421872,31.51509437882152,31.509937455807506,0.06997119999869028,True,True,False,False,phase6r_rolling_mpc_reduced
3070.0,1.7498667858823305,1.7498667858823305,0.7927824529243218,4.128955091842358,31.484967912554303,31.485988898114222,31.48088397031462,0.06984480000392068,True,True,False,False,phase6r_rolling_mpc_reduced
3075.0,1.662717743175084,1.662717743175084,0.7932443189640926,4.1264278894999675,31.45505884952463,31.456069753442094,31.45101523385477,0.07043310000153724,True,True,False,False,phase6r_rolling_mpc_reduced
3080.0,1.5797515586602418,1.5797515586602418,0.7936831388414982,4.123920668086611,31.424411844254248,31.425412962462918,31.420407371419568,0.06903790000069421,True,True,False,False,phase6r_rolling_mpc_reduced
3085.0,1.5009301231557655,1.5009301231557655,0.7941000638757082,4.121451124943993,31.393101077624927,31.39409270909367,31.38913455174996,0.0696892000050866,True,True,False,False,phase6r_rolling_mpc_reduced
3090.0,1.4260507876384323,1.4260507876384323,0.7944961890944966,4.119029101866535,31.361196589015076,31.362179022052437,31.35726685686563,0.0692343000046094,True,True,False,False,phase6r_rolling_mpc_reduced
3095.0,1.3549103095007162,1.3549103095007162,0.7948725530693579,4.116661117790576,31.32876392678235,31.329737436234826,31.32486988897247,0.06866720000107307,True,True,False,False,phase6r_rolling_mpc_reduced
3100.0,1.2874945776188067,1.2874945776188067,0.7952301904520298,4.114355771285676,31.295865565457504,31.296830420177983,31.292006146575577,0.06979679999494692,True,True,False,False,phase6r_rolling_mpc_reduced
3105.0,1.223276611311798,1.223276611311798,0.7955699895107275,4.112107665811449,31.26255667961145,31.263513117176906,31.258730929349625,0.06948759999795584,True,True,False,False,phase6r_rolling_mpc_reduced
3110.0,1.162442989479416,1.162442989479416,0.7958928903411385,4.109926416157774,31.228890989282306,31.229839248851054,31.225097951007314,0.07029489999695215,True,True,False,False,phase6r_rolling_mpc_reduced
3115.0,1.1044775436057548,1.1044775436057548,0.7961996896588068,4.107804350975712,31.194915431121018,31.19585572199617,31.191154267620394,0.06913539999368368,True,True,False,False,phase6r_rolling_mpc_reduced
3120.0,1.0357184178504306,1.0357184178504306,0.7964873892193208,4.1054113641916485,31.160578697419822,31.161510662819556,31.156850835820887,0.06935900000098627,True,True,False,False,phase6r_rolling_mpc_reduced
3125.0,0.9669006802596588,0.9669006802596588,0.7967559727416151,4.10297865687677,31.125908934206883,31.12683267272361,31.122213980139982,0.07143720000021858,True,True,False,False,phase6r_rolling_mpc_reduced
3130.0,0.9025542221439908,0.9025542221439908,0.7970066822477663,4.100618398931947,31.09096332080317,31.091879106001223,31.087300180010963,0.06918430000223452,True,True,False,False,phase6r_rolling_mpc_reduced
3135.0,0.8424992411108445,0.8424992411108445,0.7972407098147415,4.098338694119999,31.055794552822164,31.056702642494365,31.052162194133363,0.07040969999798108,True,True,False,False,phase6r_rolling_mpc_reduced
3140.0,0.7864473480515133,0.7864473480515133,0.7974591674114224,4.096142284848986,31.020450208351207,31.021350839992152,31.01684768178744,0.06950230000074953,True,True,False,False,phase6r_rolling_mpc_reduced
3145.0,0.7341307723824345,0.7341307723824345,0.7976630926259731,4.094030069624894,30.984973076716216,30.98586646850955,30.98139950954289,0.0688300000037998,True,True,False,False,phase6r_rolling_mpc_reduced
3150.0,0.6853020579705185,0.6853020579705185,0.7978534543087427,4.092001669674642,30.94940153006808,30.950287882184362,30.945856121602954,0.06871659999887925,True,True,False,False,phase6r_rolling_mpc_reduced
3155.0,0.639730750075088,0.639730750075088,0.7980311572948746,4.0900557820835735,30.913769893861378,30.914649389817413,30.91025191003725,0.07057060000079218,True,True,False,False,phase6r_rolling_mpc_reduced
3160.0,0.5971954511891856,0.5971954511891856,0.7981970449202049,4.088190307586678,30.878108779556065,30.878981587421,30.87461754809634,0.06880129999626661,True,True,False,False,phase6r_rolling_mpc_reduced
3165.0,0.5574924727811569,0.5574924727811569,0.7983519039404219,4.086402786961017,30.842445452571965,30.84331172644044,30.838980357098063,0.06866979999904288,True,True,False,False,phase6r_rolling_mpc_reduced
3170.0,0.5204374488099522,0.5204374488099522,0.7984964698984246,4.084690633076121,30.806804186661644,30.807664068114793,30.80336466084906,0.07179660000110744,True,True,False,False,phase6r_rolling_mpc_reduced
3175.0,0.48585242541456475,0.48585242541456475,0.7986314289054842,4.083050968385604,30.77120653880352,30.772060157969833,30.76779206213825,0.07061609999800567,True,True,False,False,phase6r_rolling_mpc_reduced
3180.0,0.4535725067411585,0.4535725067411585,0.7987574212684678,4.081480873718758,30.735671633965346,30.736519110689592,30.732281727068376,0.06900560000212863,True,True,False,False,phase6r_rolling_mpc_reduced
3185.0,0.4234408402400925,0.4234408402400925,0.7988750437240901,4.079977349250393,30.70021640769407,30.701057852511525,30.696850628424244,0.0701411000045482,True,True,False,False,phase6r_rolling_mpc_reduced
3190.0,0.39531793091653306,0.39531793091653306,0.7989848542604558,4.078537594821855,30.66485586315885,30.66569137839851,30.661513802200204,0.06991660000494448,True,True,False,False,phase6r_rolling_mpc_reduced
3195.0,0.36906419499597853,0.36906419499597853,0.7990873720923992,4.077158649303352,30.629603242349283,30.630432922781885,30.626284520618878,0.06934859999455512,True,True,False,False,phase6r_rolling_mpc_reduced
3200.0,0.3445527067895914,0.3445527067895914,0.7991830811776185,4.075837710942968,30.594470227462285,30.59529416115624,30.59117449268647,0.07005130000470672,True,True,False,False,phase6r_rolling_mpc_reduced
3205.0,0.3216753173177979,0.3216753173177979,0.799272435432429,4.074572325650148,30.55946714143974,30.560285410648923,30.556194064603,0.06929800000216346,True,True,False,False,phase6r_rolling_mpc_reduced
3210.0,0.2920402479759458,0.2920402479759458,0.7993535577235334,4.0731579519383505,30.524578257793898,30.525390794287034,30.52132811182137,0.06898569999611937,True,True,False,False,phase6r_rolling_mpc_reduced
3215.0,0.26289223016520685,0.26289223016520685,0.7994265833430237,4.071751007548649,30.489811053952476,30.490617922351372,30.48658358035689,0.06974839999747928,True,True,False,False,phase6r_rolling_mpc_reduced
3220.0,0.23665893759172252,0.23665893759172252,0.7994923219367992,4.070412106121646,30.455179181390754,30.455980483798438,30.45197397176,0.07166770000185352,True,True,False,False,phase6r_rolling_mpc_reduced
3225.0,0.21304858348951156,0.21304858348951156,0.7995515020988796,4.069141191989805,30.420694216856493,30.421490045736356,30.417510901337035,0.06914980000146898,True,True,False,False,phase6r_rolling_mpc_reduced
