scenario_id,controller,time_s,true_soc,estimated_soc,charge_current_a,terminal_voltage_v,true_average_temperature_c,control_decision_updated,optimizer_success,prediction_feasible,used_fallback,solve_time_s,active_voltage_constraint,active_temperature_constraint,active_current_upper_constraint,active_current_change_constraint,source
corner_hot_resistive_optimistic,oracle_mpc,0.0,0.1,0.1,0.0,3.2959070147319616,30.0,False,True,True,False,0.0,False,False,False,False,phase5b0_oracle_mpc
corner_hot_resistive_optimistic,oracle_mpc,5.0,0.1006172839506173,0.10529803410858628,1.9999999999999978,3.355308841957436,30.010878195984493,True,True,True,False,0.742928400002711,False,True,False,True,phase5b0_oracle_mpc
corner_hot_resistive_optimistic,oracle_mpc,10.0,0.10185185185185186,0.1061930012322348,3.999999999999997,3.4214605014066235,30.05672062323627,True,True,True,False,0.6522180999963894,False,True,False,True,phase5b0_oracle_mpc
corner_hot_resistive_optimistic,oracle_mpc,15.0,0.10353309549034496,0.10730005243135214,5.447229388717648,3.476856917799284,30.146177204939338,True,True,True,False,0.5721204000001308,False,True,False,False,phase5b0_oracle_mpc
corner_hot_resistive_optimistic,oracle_mpc,20.0,0.10521433912883807,0.10867079557205606,5.447229388717648,3.4922504123376297,30.242094865536814,False,True,True,False,0.0,False,False,False,False,phase5b0_oracle_mpc
corner_hot_resistive_optimistic,oracle_mpc,25.0,0.10689558276733117,0.11120261728096471,5.447229388717648,3.5054154285419887,30.34304023751445,False,True,True,False,0.0,False,False,False,False,phase5b0_oracle_mpc
corner_hot_resistive_optimistic,oracle_mpc,30.0,0.10857682640582428,0.11208785273031734,5.447229388717648,3.5168854617655314,30.447927367273472,False,True,True,False,0.0,False,False,False,False,phase5b0_oracle_mpc
corner_hot_resistive_optimistic,oracle_mpc,35.0,0.11025807004431738,0.11450515700030231,5.447229388717648,3.527060338706863,30.555930663817826,False,True,True,False,0.0,False,False,False,False,phase5b0_oracle_mpc
corner_hot_resistive_optimistic,oracle_mpc,40.0,0.11169156848458703,0.1151608546012643,4.644534946473634,3.512418531353826,30.639485054038936,True,True,True,False,0.5233959000033792,False,True,False,False,phase5b0_oracle_mpc
corner_hot_resistive_optimistic,oracle_mpc,45.0,0.11312506692485667,0.11645477757509069,4.644534946473634,3.518140784127702,30.723695915923162,False,True,True,False,0.0,False,False,False,False,phase5b0_oracle_mpc
corner_hot_resistive_optimistic,oracle_mpc,50.0,0.11455856536512632,0.11782294784132728,4.644534946473634,3.5236991618505646,30.808483830794817,False,True,True,False,0.0,False,False,False,False,phase5b0_oracle_mpc
corner_hot_resistive_optimistic,oracle_mpc,55.0,0.11599206380539596,0.11873334338753483,4.644534946473634,3.5291153739282413,30.89378151531637,False,True,True,False,0.0,False,False,False,False,phase5b0_oracle_mpc
corner_hot_resistive_optimistic,oracle_mpc,60.0,0.11742556224566561,0.11944493492517812,4.644534946473634,3.534406101451668,30.979531116637066,False,True,True,False,0.0,False,False,False,False,phase5b0_oracle_mpc
corner_hot_resistive_optimistic,oracle_mpc,65.0,0.11879866282193483,0.12004930357067373,4.4488458671122455,3.5337800906018213,31.0594255134278,True,True,True,False,0.2935319000025629,False,True,False,False,phase5b0_oracle_mpc
corner_hot_resistive_optimistic,oracle_mpc,70.0,0.12017176339820404,0.12166753825087158,4.4488458671122455,3.5382039199128625,31.13941704033721,False,True,True,False,0.0,False,False,False,False,phase5b0_oracle_mpc
corner_hot_resistive_optimistic,oracle_mpc,75.0,0.12154486397447326,0.12230797680553093,4.4488458671122455,3.54263982627763,31.219523020127397,False,True,True,False,0.0,False,False,False,False,phase5b0_oracle_mpc
corner_hot_resistive_optimistic,oracle_mpc,80.0,0.12291796455074247,0.12406376904864005,4.4488458671122455,3.5470684627980895,31.299750626988562,False,True,True,False,0.0,False,False,False,False,phase5b0_oracle_mpc
corner_hot_resistive_optimistic,oracle_mpc,85.0,0.12429106512701169,0.1262588089696678,4.4488458671122455,3.5514756925622835,31.38009967234555,False,True,True,False,0.0,False,False,False,False,phase5b0_oracle_mpc
corner_hot_resistive_optimistic,oracle_mpc,90.0,0.12553741597881982,0.12713726177279464,4.038176759858351,3.543677898300745,31.447827006656798,True,True,True,False,0.48818780000146944,False,True,False,False,phase5b0_oracle_mpc
corner_hot_resistive_optimistic,oracle_mpc,95.0,0.12678376683062795,0.12810167162673258,4.038176759858351,3.546653748559682,31.515187417044867,False,True,True,False,0.0,False,False,False,False,phase5b0_oracle_mpc
corner_hot_resistive_optimistic,oracle_mpc,100.0,0.12803011768243608,0.12918760873041443,4.038176759858351,3.5498092753903507,31.582276464261735,False,True,True,False,0.0,False,False,False,False,phase5b0_oracle_mpc
corner_hot_resistive_optimistic,oracle_mpc,105.0,0.1292764685342442,0.13111851486804926,4.038176759858351,3.553087053768811,31.649162078371432,False,True,True,False,0.0,False,False,False,False,phase5b0_oracle_mpc
corner_hot_resistive_optimistic,oracle_mpc,110.0,0.13052281938605234,0.1332333415124417,4.038176759858351,3.5564443503419354,31.71589168182554,False,True,True,False,0.0,False,False,False,False,phase5b0_oracle_mpc
corner_hot_resistive_optimistic,oracle_mpc,115.0,0.13168925618798305,0.1337692282330593,3.7792552382554914,3.552178615600762,31.774874742360332,True,True,True,False,0.2874590000064927,False,True,False,False,phase5b0_oracle_mpc
corner_hot_resistive_optimistic,oracle_mpc,120.0,0.13285569298991376,0.13561065364706004,3.7792552382554914,3.554754316137949,31.833489271330443,False,True,True,False,0.0,False,False,False,False,phase5b0_oracle_mpc
corner_hot_resistive_optimistic,oracle_mpc,125.0,0.13402212979184447,0.136794290521653,3.7792552382554914,3.5574779647336223,31.891809851961035,False,True,True,False,0.0,False,False,False,False,phase5b0_oracle_mpc
corner_hot_resistive_optimistic,oracle_mpc,130.0,0.13518856659377518,0.1384273571807315,3.7792552382554914,3.5603028011302773,31.949890013754903,False,True,True,False,0.0,False,False,False,False,phase5b0_oracle_mpc
corner_hot_resistive_optimistic,oracle_mpc,135.0,0.1363550033957059,0.13989689403884475,3.7792552382554914,3.5631940014650216,32.00776764216651,False,True,True,False,0.0,False,False,False,False,phase5b0_oracle_mpc
corner_hot_resistive_optimistic,oracle_mpc,140.0,0.13741810355915152,0.14121050520145842,3.444444529563845,3.556212162554696,32.05610382813764,True,True,True,False,0.4274396000037086,False,True,False,False,phase5b0_oracle_mpc
corner_hot_resistive_optimistic,oracle_mpc,145.0,0.13848120372259715,0.14191092456519858,3.444444529563845,3.5580668156339677,32.10397646799382,False,True,True,False,0.0,False,False,False,False,phase5b0_oracle_mpc
corner_hot_resistive_optimistic,oracle_mpc,150.0,0.13954430388604278,0.14315617958303062,3.444444529563845,3.5601108887137736,32.151469791611305,False,True,True,False,0.0,False,False,False,False,phase5b0_oracle_mpc
corner_hot_resistive_optimistic,oracle_mpc,155.0,0.1406074040494884,0.14473072371112783,3.444444529563845,3.5622899737515943,32.1986456681938,False,True,True,False,0.0,False,False,False,False,phase5b0_oracle_mpc
corner_hot_resistive_optimistic,oracle_mpc,160.0,0.14167050421293403,0.1466242728008139,3.444444529563845,3.564563455671289,32.24554930827746,False,True,True,False,0.0,False,False,False,False,phase5b0_oracle_mpc
corner_hot_resistive_optimistic,oracle_mpc,165.0,0.14272162909620334,0.14815689607969013,3.4056446217925562,3.5657528235063474,32.29116964750256,True,True,True,False,0.1053648000015528,False,True,False,False,phase5b0_oracle_mpc
corner_hot_resistive_optimistic,oracle_mpc,170.0,0.14377275397947265,0.14833782280661656,3.4056446217925562,3.5680052722844953,32.33654017054005,False,True,True,False,0.0,False,False,False,False,phase5b0_oracle_mpc
corner_hot_resistive_optimistic,oracle_mpc,175.0,0.14482387886274195,0.1509584820859601,3.4056446217925562,3.570303564625552,32.38168583864855,False,True,True,False,0.0,False,False,False,False,phase5b0_oracle_mpc
corner_hot_resistive_optimistic,oracle_mpc,180.0,0.14587500374601126,0.15163960326866227,3.4056446217925562,3.5726301157758003,32.42662449975705,False,True,True,False,0.0,False,False,False,False,phase5b0_oracle_mpc
corner_hot_resistive_optimistic,oracle_mpc,185.0,0.14692612862928056,0.1539134028056532,3.4056446217925562,3.5749718415687752,32.47136872151029,False,True,True,False,0.0,False,False,False,False,phase5b0_oracle_mpc
corner_hot_resistive_optimistic,oracle_mpc,190.0,0.14794284207109162,0.15456732375339222,3.2941515514678796,3.574021458521149,32.51296149720278,True,True,True,False,0.27569889999722363,False,True,False,False,phase5b0_oracle_mpc
corner_hot_resistive_optimistic,oracle_mpc,195.0,0.14895955551290269,0.1564522693301865,3.2941515514678796,3.5760048468520558,32.55427951315933,False,True,True,False,0.0,False,False,False,False,phase5b0_oracle_mpc
corner_hot_resistive_optimistic,oracle_mpc,200.0,0.14997626895471375,0.15796891076992783,3.2941515514678796,3.578041916390676,32.59534982642424,False,True,True,False,0.0,False,False,False,False,phase5b0_oracle_mpc
corner_hot_resistive_optimistic,oracle_mpc,205.0,0.1509929823965248,0.1598995116266925,3.2941515514678796,3.5801141244339245,32.636192224796645,False,True,True,False,0.0,False,False,False,False,phase5b0_oracle_mpc
corner_hot_resistive_optimistic,oracle_mpc,210.0,0.15200969583833587,0.16067951474503817,3.2941515514678796,3.582207641673044,32.67682108998319,False,True,True,False,0.0,False,False,False,False,phase5b0_oracle_mpc
corner_hot_resistive_optimistic,oracle_mpc,215.0,0.15303875968645644,0.16277751568998766,3.33416686791067,3.585494992014712,32.7183048896919,True,True,True,False,0.2834621000001789,False,True,False,False,phase5b0_oracle_mpc
corner_hot_resistive_optimistic,oracle_mpc,220.0,0.15406782353457701,0.16463798948320346,3.33416686791067,3.587732098200217,32.75962695062963,False,True,True,False,0.0,False,False,False,False,phase5b0_oracle_mpc
corner_hot_resistive_optimistic,oracle_mpc,225.0,0.15509688738269758,0.16547666385693563,3.33416686791067,3.5899450250461804,32.800783954534594,False,True,True,False,0.0,False,False,False,False,phase5b0_oracle_mpc
corner_hot_resistive_optimistic,oracle_mpc,230.0,0.15612595123081816,0.16576231073845335,3.33416686791067,3.5921347916778057,32.84177302650036,False,True,True,False,0.0,False,False,False,False,phase5b0_oracle_mpc
corner_hot_resistive_optimistic,oracle_mpc,235.0,0.15715501507893873,0.16667259887582153,3.33416686791067,3.594302200648114,32.88259164521585,False,True,True,False,0.0,False,False,False,False,phase5b0_oracle_mpc
corner_hot_resistive_optimistic,oracle_mpc,240.0,0.15811397112734987,0.1666501018984057,3.107017596852078,3.5897375581790265,32.917315821520965,True,True,True,False,0.289953700004844,False,True,False,False,phase5b0_oracle_mpc
corner_hot_resistive_optimistic,oracle_mpc,245.0,0.15907292717576102,0.16585511590868282,3.107017596852078,3.591132434351473,32.95168545223719,False,True,True,False,0.0,False,False,False,False,phase5b0_oracle_mpc
corner_hot_resistive_optimistic,oracle_mpc,250.0,0.16003188322417217,0.1654438422059448,3.107017596852078,3.5926303759620155,32.98574408692703,False,True,True,False,0.0,False,False,False,False,phase5b0_oracle_mpc
corner_hot_resistive_optimistic,oracle_mpc,255.0,0.1609908392725833,0.16571780722385948,3.107017596852078,3.59420194343338,33.01952435869662,False,True,True,False,0.0,False,False,False,False,phase5b0_oracle_mpc
corner_hot_resistive_optimistic,oracle_mpc,260.0,0.16194979532099446,0.16767675073304808,3.107017596852078,3.595825110790625,33.05305075339783,False,True,True,False,0.0,False,False,False,False,phase5b0_oracle_mpc
corner_hot_resistive_optimistic,oracle_mpc,265.0,0.16288895602998824,0.16865430233558168,3.0428806971398275,3.595589805146758,33.08472792042706,True,True,True,False,0.1077235999982804,False,True,False,False,phase5b0_oracle_mpc
corner_hot_resistive_optimistic,oracle_mpc,270.0,0.163828116738982,0.16883958279358222,3.0428806971398275,3.597065978176315,33.116135342955275,False,True,True,False,0.0,False,False,False,False,phase5b0_oracle_mpc
corner_hot_resistive_optimistic,oracle_mpc,275.0,0.16476727744797579,0.1690749558101659,3.0428806971398275,3.5985906834373607,33.14729575506166,False,True,True,False,0.0,False,False,False,False,phase5b0_oracle_mpc
corner_hot_resistive_optimistic,oracle_mpc,280.0,0.16570643815696956,0.1701086034019119,3.0428806971398275,3.60014860835173,33.178226343208436,False,True,True,False,0.0,False,False,False,False,phase5b0_oracle_mpc
corner_hot_resistive_optimistic,oracle_mpc,285.0,0.16664559886596333,0.17044342726758,3.0428806971398275,3.6017282868154945,33.20894014885394,False,True,True,False,0.0,False,False,False,False,phase5b0_oracle_mpc
corner_hot_resistive_optimistic,oracle_mpc,290.0,0.16752498815145475,0.17105605906748833,2.849221284992222,3.597606878131486,33.23472239597345,True,True,True,False,0.2946063999988837,False,True,False,False,phase5b0_oracle_mpc
corner_hot_resistive_optimistic,oracle_mpc,295.0,0.16840437743694617,0.17162041227423178,2.849221284992222,3.5985911283504173,33.26017017823643,False,True,True,False,0.0,False,False,False,False,phase5b0_oracle_mpc
corner_hot_resistive_optimistic,oracle_mpc,300.0,0.16928376672243758,0.17339455310219626,2.849221284992222,3.5996828500126483,33.28532435676801,False,True,True,False,0.0,False,False,False,False,phase5b0_oracle_mpc
corner_hot_resistive_optimistic,oracle_mpc,305.0,0.170163156007929,0.17414515591041616,2.849221284992222,3.6008530284018736,33.31021592128821,False,True,True,False,0.0,False,False,False,False,phase5b0_oracle_mpc
corner_hot_resistive_optimistic,oracle_mpc,310.0,0.17104254529342042,0.17569047936135745,2.849221284992222,3.6020799191703046,33.3348684786598,False,True,True,False,0.0,False,False,False,False,phase5b0_oracle_mpc
corner_hot_resistive_optimistic,oracle_mpc,315.0,0.17187561022601752,0.17651961846551592,2.6991303816146397,3.598921067571867,33.35580812769762,True,True,True,False,0.28353250000509433,False,True,False,False,phase5b0_oracle_mpc
corner_hot_resistive_optimistic,oracle_mpc,320.0,0.17270867515861463,0.17620142668462788,2.6991303816146397,3.599742160922448,33.37644408340363,False,True,True,False,0.0,False,False,False,False,phase5b0_oracle_mpc
corner_hot_resistive_optimistic,oracle_mpc,325.0,0.17354174009121173,0.17788478638043242,2.6991303816146397,3.6006640322340053,33.39681253677443,False,True,True,False,0.0,False,False,False,False,phase5b0_oracle_mpc
corner_hot_resistive_optimistic,oracle_mpc,330.0,0.17437480502380884,0.17902844462452042,2.6991303816146397,3.601660095070411,33.416941109802146,False,True,True,False,0.0,False,False,False,False,phase5b0_oracle_mpc
corner_hot_resistive_optimistic,oracle_mpc,335.0,0.17520786995640594,0.17954179490553063,2.6991303816146397,3.6027104064029456,33.43685100774755,False,True,True,False,0.0,False,False,False,False,phase5b0_oracle_mpc
corner_hot_resistive_optimistic,oracle_mpc,340.0,0.17606731354560215,0.18091011693424258,2.784597228995743,3.6063189714321404,33.458513318883604,True,True,True,False,0.293416000000434,False,True,False,False,phase5b0_oracle_mpc
corner_hot_resistive_optimistic,oracle_mpc,345.0,0.17692675713479836,0.18210888519191398,2.784597228995743,3.607705285092873,33.48004310662605,False,True,True,False,0.0,False,False,False,False,phase5b0_oracle_mpc
corner_hot_resistive_optimistic,oracle_mpc,350.0,0.17778620072399456,0.18245458548177232,2.784597228995743,3.609064584385084,33.50143550985666,False,True,True,False,0.0,False,False,False,False,phase5b0_oracle_mpc
corner_hot_resistive_optimistic,oracle_mpc,355.0,0.17864564431319077,0.18301816749380898,2.784597228995743,3.6104017011149416,33.5226872927269,False,True,True,False,0.0,False,False,False,False,phase5b0_oracle_mpc
corner_hot_resistive_optimistic,oracle_mpc,360.0,0.17950508790238698,0.18357527999383388,2.784597228995743,3.6117202181796237,33.54379642318842,False,True,True,False,0.0,False,False,False,False,phase5b0_oracle_mpc
corner_hot_resistive_optimistic,oracle_mpc,365.0,0.18030539870729423,0.18403229259522694,2.5930070078995002,3.607379407499036,33.56043697473621,True,True,True,False,0.2994727999976021,False,True,False,False,phase5b0_oracle_mpc
corner_hot_resistive_optimistic,oracle_mpc,370.0,0.18110570951220148,0.18544459747007142,2.5930070078995002,3.6080690415457166,33.57681236109602,False,True,True,False,0.0,False,False,False,False,phase5b0_oracle_mpc
corner_hot_resistive_optimistic,oracle_mpc,375.0,0.18190602031710873,0.1847851201214147,2.5930070078995002,3.60885053600448,33.592954399034916,False,True,True,False,0.0,False,False,False,False,phase5b0_oracle_mpc
corner_hot_resistive_optimistic,oracle_mpc,380.0,0.18270633112201598,0.18595511887623847,2.5930070078995002,3.6096998029876697,33.608887442164495,False,True,True,False,0.0,False,False,False,False,phase5b0_oracle_mpc
corner_hot_resistive_optimistic,oracle_mpc,385.0,0.18350664192692323,0.18825948715880797,2.5930070078995002,3.6105987641536044,33.62463025552931,False,True,True,False,0.0,False,False,False,False,phase5b0_oracle_mpc
corner_hot_resistive_optimistic,oracle_mpc,390.0,0.18429412912301485,0.19033905152251498,2.551458515336838,3.610310709228101,33.63929493747719,True,True,True,False,0.11138949999440229,False,True,False,False,phase5b0_oracle_mpc
corner_hot_resistive_optimistic,oracle_mpc,395.0,0.18508161631910647,0.19118558689717444,2.551458515336838,3.6111424949446658,33.653770329104674,False,True,True,False,0.0,False,False,False,False,phase5b0_oracle_mpc
corner_hot_resistive_optimistic,oracle_mpc,400.0,0.1858691035151981,0.19173896551688216,2.551458515336838,3.6120151320410945,33.66807211406881,False,True,True,False,0.0,False,False,False,False,phase5b0_oracle_mpc
corner_hot_resistive_optimistic,oracle_mpc,405.0,0.1866565907112897,0.19118100964917856,2.551458515336838,3.6129173673221664,33.68221255270052,False,True,True,False,0.0,False,False,False,False,phase5b0_oracle_mpc
corner_hot_resistive_optimistic,oracle_mpc,410.0,0.18744407790738132,0.19242850729965297,2.551458515336838,3.6138407277603166,33.69620133192976,False,True,True,False,0.0,False,False,False,False,phase5b0_oracle_mpc
corner_hot_resistive_optimistic,oracle_mpc,415.0,0.1881298362556211,0.19376528706460697,2.2218570482969104,3.605081381071141,33.703267485352654,True,True,True,False,0.3232803999999305,False,True,False,False,phase5b0_oracle_mpc
corner_hot_resistive_optimistic,oracle_mpc,420.0,0.18881559460386088,0.1939779834719817,2.2218570482969104,3.6050099743029556,33.71002559775503,False,True,True,False,0.0,False,False,False,False,phase5b0_oracle_mpc
corner_hot_resistive_optimistic,oracle_mpc,425.0,0.18950135295210066,0.19368119400909295,2.2218570482969104,3.6051243075236106,33.716527034815485,False,True,True,False,0.0,False,False,False,False,phase5b0_oracle_mpc
corner_hot_resistive_optimistic,oracle_mpc,430.0,0.19018711130034044,0.19354231009706252,2.2218570482969104,3.6053783611321566,33.72281093483842,False,True,True,False,0.0,False,False,False,False,phase5b0_oracle_mpc
corner_hot_resistive_optimistic,oracle_mpc,435.0,0.19087286964858022,0.1938492955914802,2.2218570482969104,3.605737611279684,33.72890728045168,False,True,True,False,0.0,False,False,False,False,phase5b0_oracle_mpc
corner_hot_resistive_optimistic,oracle_mpc,440.0,0.19154518165201687,0.19422725762252235,2.178290891134746,3.60489500246224,33.734005607974794,True,True,True,False,0.22615669999504462,False,True,False,False,phase5b0_oracle_mpc
corner_hot_resistive_optimistic,oracle_mpc,445.0,0.19221749365545351,0.19519121659267866,2.178290891134746,3.6052592251315074,33.73893636509664,False,True,True,False,0.0,False,False,False,False,phase5b0_oracle_mpc
corner_hot_resistive_optimistic,oracle_mpc,450.0,0.19288980565889016,0.1958387605244325,2.178290891134746,3.6056923020458407,33.74371940614966,False,True,True,False,0.0,False,False,False,False,phase5b0_oracle_mpc
corner_hot_resistive_optimistic,oracle_mpc,455.0,0.1935621176623268,0.19683090946475648,2.178290891134746,3.6061774747563864,33.74837022672052,False,True,True,False,0.0,False,False,False,False,phase5b0_oracle_mpc
corner_hot_resistive_optimistic,oracle_mpc,460.0,0.19423442966576346,0.19678202164852232,2.178290891134746,3.606702121999916,33.752901042439795,False,True,True,False,0.0,False,False,False,False,phase5b0_oracle_mpc
corner_hot_resistive_optimistic,oracle_mpc,465.0,0.19501322437714055,0.19724212492457438,2.523294864861825,3.6173967924885395,33.76412207436359,True,True,True,False,0.6189130999991903,False,True,False,False,phase5b0_oracle_mpc
corner_hot_resistive_optimistic,oracle_mpc,470.0,0.19579201908851765,0.1989185400322601,2.523294864861825,3.6190305816693313,33.77544714725016,False,True,True,False,0.0,False,False,False,False,phase5b0_oracle_mpc
corner_hot_resistive_optimistic,oracle_mpc,475.0,0.19657081379989474,0.1993263155324102,2.523294864861825,3.620493704603258,33.786828044021306,False,True,True,False,0.0,False,False,False,False,phase5b0_oracle_mpc
corner_hot_resistive_optimistic,oracle_mpc,480.0,0.19734960851127184,0.1995373048629873,2.523294864861825,3.6218272521891564,33.7982289573354,False,True,True,False,0.0,False,False,False,False,phase5b0_oracle_mpc
corner_hot_resistive_optimistic,oracle_mpc,485.0,0.19812840322264894,0.20003909267674166,2.523294864861825,3.6230619464659966,33.80962334396307,False,True,True,False,0.0,False,False,False,False,phase5b0_oracle_mpc
corner_hot_resistive_optimistic,oracle_mpc,490.0,0.19885936590835487,0.20135886305344283,2.368319101687241,3.619668662072531,33.817825804181766,True,True,True,False,0.36678300000494346,False,True,False,False,phase5b0_oracle_mpc
corner_hot_resistive_optimistic,oracle_mpc,495.0,0.1995903285940608,0.20338108210054504,2.368319101687241,3.6202970804951384,33.82589564730894,False,True,True,False,0.0,False,False,False,False,phase5b0_oracle_mpc
corner_hot_resistive_optimistic,oracle_mpc,500.0,0.20032129127976675,0.20365193285566224,2.368319101687241,3.6209642845021013,33.83384643969188,False,True,True,False,0.0,False,False,False,False,phase5b0_oracle_mpc
corner_hot_resistive_optimistic,oracle_mpc,505.0,0.2010522539654727,0.2036340473350588,2.368319101687241,3.621661132993842,33.8416887009386,False,True,True,False,0.0,False,False,False,False,phase5b0_oracle_mpc
corner_hot_resistive_optimistic,oracle_mpc,510.0,0.20178321665117863,0.20448936144709384,2.368319101687241,3.6223799551875078,33.849430667939586,False,True,True,False,0.0,False,False,False,False,phase5b0_oracle_mpc
corner_hot_resistive_optimistic,oracle_mpc,515.0,0.20256212686348843,0.20553787162302103,2.523669087883765,3.6276756432452903,33.86023248704208,True,True,True,False,0.2802540999982739,False,True,False,False,phase5b0_oracle_mpc
corner_hot_resistive_optimistic,oracle_mpc,520.0,0.20334103707579823,0.20598179086269,2.523669087883765,3.628892818023368,33.87104081453855,False,True,True,False,0.0,False,False,False,False,phase5b0_oracle_mpc
corner_hot_resistive_optimistic,oracle_mpc,525.0,0.20411994728810803,0.206994579283624,2.523669087883765,3.630033696050968,33.88183508722948,False,True,True,False,0.0,False,False,False,False,phase5b0_oracle_mpc
corner_hot_resistive_optimistic,oracle_mpc,530.0,0.20489885750041784,0.2086711977135163,2.523669087883765,3.6311161209613183,33.892600103174004,False,True,True,False,0.0,False,False,False,False,phase5b0_oracle_mpc
corner_hot_resistive_optimistic,oracle_mpc,535.0,0.20567776771272764,0.20955844778289023,2.523669087883765,3.6321534558119666,33.903324661516365,False,True,True,False,0.0,False,False,False,False,phase5b0_oracle_mpc
corner_hot_resistive_optimistic,oracle_mpc,540.0,0.20649647476664984,0.2097716694694715,2.652610854707939,3.6369396128595635,33.916728638485054,True,True,True,False,0.3330649999988964,False,True,False,False,phase5b0_oracle_mpc
corner_hot_resistive_optimistic,oracle_mpc,545.0,0.20731518182057204,0.21079138687650142,2.652610854707939,3.6383034814581183,33.93016400466239,False,True,True,False,0.0,False,False,False,False,phase5b0_oracle_mpc
corner_hot_resistive_optimistic,oracle_mpc,550.0,0.20813388887449424,0.2107641293764452,2.652610854707939,3.6395753747758217,33.943604345658194,False,True,True,False,0.0,False,False,False,False,phase5b0_oracle_mpc
corner_hot_resistive_optimistic,oracle_mpc,555.0,0.20895259592841645,0.2112287706002269,2.652610854707939,3.640776443491591,33.95702992458645,False,True,True,False,0.0,False,False,False,False,phase5b0_oracle_mpc
corner_hot_resistive_optimistic,oracle_mpc,560.0,0.20977130298233865,0.21158010811748199,2.652610854707939,3.641922547210203,33.97042599760062,False,True,True,False,0.0,False,False,False,False,phase5b0_oracle_mpc
corner_hot_resistive_optimistic,oracle_mpc,565.0,0.21059680697372693,0.21322616023284507,2.6746329320980533,3.643671559307688,33.98425962984829,True,True,True,False,0.1409124000056181,False,True,False,False,phase5b0_oracle_mpc
corner_hot_resistive_optimistic,oracle_mpc,570.0,0.2114223109651152,0.21365784633041698,2.6746329320980533,3.644806661177929,33.99805949341117,False,True,True,False,0.0,False,False,False,False,phase5b0_oracle_mpc
corner_hot_resistive_optimistic,oracle_mpc,575.0,0.2122478149565035,0.21438301590266698,2.6746329320980533,3.6459023981548473,34.01181566171649,False,True,True,False,0.0,False,False,False,False,phase5b0_oracle_mpc
corner_hot_resistive_optimistic,oracle_mpc,580.0,0.21307331894789178,0.21507297953984506,2.6746329320980533,3.6469667207453633,34.025520718116915,False,True,True,False,0.0,False,False,False,False,phase5b0_oracle_mpc
corner_hot_resistive_optimistic,oracle_mpc,585.0,0.21389882293928006,0.21561039451435246,2.6746329320980533,3.648005612803042,34.039169126346444,False,True,True,False,0.0,False,False,False,False,phase5b0_oracle_mpc
corner_hot_resistive_optimistic,oracle_mpc,590.0,0.2147023430413029,0.216472063504609,2.603405130554008,3.64693511846538,34.05121508570383,True,True,True,False,0.11433739999483805,False,True,False,False,phase5b0_oracle_mpc
corner_hot_resistive_optimistic,oracle_mpc,595.0,0.21550586314332573,0.21740172933549926,2.603405130554008,3.647722325004882,34.06315072552256,False,True,True,False,0.0,False,False,False,False,phase5b0_oracle_mpc
corner_hot_resistive_optimistic,oracle_mpc,600.0,0.21630938324534857,0.2184818922864909,2.603405130554008,3.6485332499875316,34.07498570186006,False,True,True,False,0.0,False,False,False,False,phase5b0_oracle_mpc
corner_hot_resistive_optimistic,oracle_mpc,605.0,0.2171129033473714,0.2190389180066872,2.603405130554008,3.649360508472845,34.08672734267897,False,True,True,False,0.0,False,False,False,False,phase5b0_oracle_mpc
corner_hot_resistive_optimistic,oracle_mpc,610.0,0.21791642344939424,0.22068561609381604,2.603405130554008,3.6501985954478844,34.09838123717561,False,True,True,False,0.0,False,False,False,False,phase5b0_oracle_mpc
corner_hot_resistive_optimistic,oracle_mpc,615.0,0.21869918005822722,0.2216456287021865,2.5361314126188375,3.6490716155230696,34.108523599647185,True,True,True,False,0.1178725999998278,False,True,False,False,phase5b0_oracle_mpc
corner_hot_resistive_optimistic,oracle_mpc,620.0,0.2194819366670602,0.22187762327084526,2.5361314126188375,3.6497194025776656,34.11854383353355,False,True,True,False,0.0,False,False,False,False,phase5b0_oracle_mpc
corner_hot_resistive_optimistic,oracle_mpc,625.0,0.22026469327589318,0.22257981896113446,2.5361314126188375,3.650405085214875,34.128455373684375,False,True,True,False,0.0,False,False,False,False,phase5b0_oracle_mpc
corner_hot_resistive_optimistic,oracle_mpc,630.0,0.22104744988472616,0.22449897184965292,2.5361314126188375,3.6511181619776822,34.13826844529858,False,True,True,False,0.0,False,False,False,False,phase5b0_oracle_mpc
corner_hot_resistive_optimistic,oracle_mpc,635.0,0.22183020649355914,0.22553684954319084,2.5361314126188375,3.6518507848358226,34.147990872009096,False,True,True,False,0.0,False,False,False,False,phase5b0_oracle_mpc
corner_hot_resistive_optimistic,oracle_mpc,640.0,0.22260490450986387,0.22678819498381939,2.510021572827332,3.65183206894521,34.15708304042807,True,True,True,False,0.26215870000305586,False,True,False,False,phase5b0_oracle_mpc
corner_hot_resistive_optimistic,oracle_mpc,645.0,0.2233796025261686,0.22631189614222375,2.510021572827332,3.652510032534102,34.166079241353444,False,True,True,False,0.0,False,False,False,False,phase5b0_oracle_mpc
corner_hot_resistive_optimistic,oracle_mpc,650.0,0.22415430054247332,0.2267304442878908,2.510021572827332,3.653208185223242,34.1749872900946,False,True,True,False,0.0,False,False,False,False,phase5b0_oracle_mpc
corner_hot_resistive_optimistic,oracle_mpc,655.0,0.22492899855877804,0.22832192538279367,2.510021572827332,3.653920668073688,34.18381322012615,False,True,True,False,0.0,False,False,False,False,phase5b0_oracle_mpc
corner_hot_resistive_optimistic,oracle_mpc,660.0,0.22570369657508277,0.22933741996649076,2.510021572827332,3.6546431041373815,34.192561728999195,False,True,True,False,0.0,False,False,False,False,phase5b0_oracle_mpc
corner_hot_resistive_optimistic,oracle_mpc,665.0,0.22570369657508277,0.22972991491944633,0.0,3.581848830305579,34.16623215083903,True,False,False,True,0.4800336999978754,False,True,False,True,phase5b0_oracle_mpc
corner_hot_resistive_optimistic,oracle_mpc,670.0,0.22570369657508277,0.22997692896174612,0.0,3.5751329197810193,34.14006780650366,True,False,False,True,1.8502262000038172,False,True,False,False,phase5b0_oracle_mpc
corner_hot_resistive_optimistic,oracle_mpc,675.0,0.22570369657508277,0.22953583705669636,0.0,3.5697742789937683,34.11406777680313,False,False,False,True,0.0,False,False,False,False,phase5b0_oracle_mpc
corner_hot_resistive_optimistic,oracle_mpc,680.0,0.22570369657508277,0.23048939981702599,0.0,3.5654421585858627,34.0882310298255,False,False,False,True,0.0,False,False,False,False,phase5b0_oracle_mpc
corner_hot_resistive_optimistic,oracle_mpc,685.0,0.22570369657508277,0.23043711898252056,0.0,3.561888705875742,34.06255654013934,False,False,False,True,0.0,False,False,False,False,phase5b0_oracle_mpc
corner_hot_resistive_optimistic,oracle_mpc,690.0,0.22570369657508277,0.23117403987788912,0.0,3.558928110686915,34.037043288753026,False,False,False,True,0.0,False,False,False,False,phase5b0_oracle_mpc
corner_hot_resistive_optimistic,oracle_mpc,695.0,0.22570369657508277,0.2308491577851979,0.0,3.5564209999682888,34.011690263074314,True,False,False,True,1.042598399995768,False,True,False,False,phase5b0_oracle_mpc
corner_hot_resistive_optimistic,oracle_mpc,700.0,0.22570369657508277,0.2298657946171467,0.0,3.554262760053273,33.98649645687013,False,False,False,True,0.0,False,False,False,False,phase5b0_oracle_mpc
corner_hot_resistive_optimistic,oracle_mpc,705.0,0.22570369657508277,0.22958623618136556,0.0,3.5523747979497244,33.96146087022663,False,False,False,True,0.0,False,False,False,False,phase5b0_oracle_mpc
corner_hot_resistive_optimistic,oracle_mpc,710.0,0.22570369657508277,0.23060638337036854,0.0,3.550698001893412,33.93658250950955,False,False,False,True,0.0,False,False,False,False,phase5b0_oracle_mpc
corner_hot_resistive_optimistic,oracle_mpc,715.0,0.22570369657508277,0.23053564015569936,0.0,3.5491878476029743,33.91186038732473,False,False,False,True,0.0,False,False,False,False,phase5b0_oracle_mpc
corner_hot_resistive_optimistic,oracle_mpc,720.0,0.22570369657508277,0.22966281464218866,0.0,3.5478107360102538,33.88729352247895,True,False,False,True,2.4336933000013232,False,True,False,False,phase5b0_oracle_mpc
corner_hot_resistive_optimistic,oracle_mpc,725.0,0.22570369657508277,0.22954810656998773,0.0,3.5465412525037245,33.862880939940965,False,False,False,True,0.0,False,False,False,False,phase5b0_oracle_mpc
corner_hot_resistive_optimistic,oracle_mpc,730.0,0.22570369657508277,0.22990308074661697,0.0,3.545360115742549,33.83862167080284,False,False,False,True,0.0,False,False,False,False,phase5b0_oracle_mpc
corner_hot_resistive_optimistic,oracle_mpc,735.0,0.22570369657508277,0.22979988224677508,0.0,3.5442526424803202,33.81451475224146,False,False,False,True,0.0,False,False,False,False,phase5b0_oracle_mpc
corner_hot_resistive_optimistic,oracle_mpc,740.0,0.22570369657508277,0.2300392977416787,0.0,3.543207598524011,33.79055922748035,False,False,False,True,0.0,False,False,False,False,phase5b0_oracle_mpc
corner_hot_resistive_optimistic,oracle_mpc,745.0,0.22632098052570004,0.2314413248325915,1.999999999999999,3.600800572385042,33.7832234473303,True,True,True,False,1.0452131999991252,False,True,False,True,phase5b0_oracle_mpc
corner_hot_resistive_optimistic,oracle_mpc,750.0,0.2271248040405271,0.23166459967347547,2.6043881880396085,3.6234955053756734,33.78650159058315,True,True,True,False,0.980481200000213,False,True,False,False,phase5b0_oracle_mpc
corner_hot_resistive_optimistic,oracle_mpc,755.0,0.22792862755535415,0.23221617067722872,2.6043881880396085,3.629242590359739,33.79122794100926,False,True,True,False,0.0,False,False,False,False,phase5b0_oracle_mpc
corner_hot_resistive_optimistic,oracle_mpc,760.0,0.2287324510701812,0.23343729199945212,2.6043881880396085,3.633883922856014,33.7970603457564,False,True,True,False,0.0,False,False,False,False,phase5b0_oracle_mpc
corner_hot_resistive_optimistic,oracle_mpc,765.0,0.22953627458500825,0.23526691162243438,2.6043881880396085,3.637692214120297,33.80374145787289,False,True,True,False,0.0,False,False,False,False,phase5b0_oracle_mpc
corner_hot_resistive_optimistic,oracle_mpc,770.0,0.2303400980998353,0.2355488963061852,2.6043881880396085,3.6408717001969277,33.81107741545537,False,True,True,False,0.0,False,False,False,False,phase5b0_oracle_mpc
corner_hot_resistive_optimistic,oracle_mpc,775.0,0.2303400980998353,0.23644531400719704,0.0,3.5673140778533194,33.78714358314449,True,False,False,True,0.5546338999993168,False,True,False,True,phase5b0_oracle_mpc
corner_hot_resistive_optimistic,oracle_mpc,780.0,0.23095738205045258,0.2362549550491204,1.9999999999999973,3.620517299937579,33.78325837639635,True,True,True,False,0.9829584999970393,False,True,False,True,phase5b0_oracle_mpc
corner_hot_resistive_optimistic,oracle_mpc,785.0,0.23171090705825698,0.23728064175891936,2.4414210252862514,3.63512830652091,33.787017132768376,True,True,True,False,0.8958488999996916,False,True,False,False,phase5b0_oracle_mpc
corner_hot_resistive_optimistic,oracle_mpc,790.0,0.23246443206606138,0.23643627702134343,2.4414210252862514,3.637893178657026,33.79130902707342,False,True,True,False,0.0,False,False,False,False,phase5b0_oracle_mpc
corner_hot_resistive_optimistic,oracle_mpc,795.0,0.23321795707386578,0.2380273299178896,2.4414210252862514,3.6402483762254993,33.79601585246027,False,True,True,False,0.0,False,False,False,False,phase5b0_oracle_mpc
corner_hot_resistive_optimistic,oracle_mpc,800.0,0.23397148208167018,0.23890149024905255,2.4414210252862514,3.64229282716867,33.801048246272714,False,True,True,False,0.0,False,False,False,False,phase5b0_oracle_mpc
corner_hot_resistive_optimistic,oracle_mpc,805.0,0.23472500708947458,0.23972607569304272,2.4414210252862514,3.6441006842035346,33.806338444945936,False,True,True,False,0.0,False,False,False,False,phase5b0_oracle_mpc
corner_hot_resistive_optimistic,oracle_mpc,810.0,0.23551063980178416,0.23996808998067473,2.5454499878829986,3.64877275525636,33.81380777304548,True,True,True,False,0.8722072999953525,False,True,False,False,phase5b0_oracle_mpc
corner_hot_resistive_optimistic,oracle_mpc,815.0,0.23629627251409374,0.2406301419509396,2.5454499878829986,3.650566994361483,33.82151948269739,False,True,True,False,0.0,False,False,False,False,phase5b0_oracle_mpc
corner_hot_resistive_optimistic,oracle_mpc,820.0,0.23708190522640332,0.24257764125489123,2.5454499878829986,3.6521970692586043,33.82942503789656,False,True,True,False,0.0,False,False,False,False,phase5b0_oracle_mpc
corner_hot_resistive_optimistic,oracle_mpc,825.0,0.2378675379387129,0.24332134682692325,2.5454499878829986,3.6537002034679458,33.837487202661364,False,True,True,False,0.0,False,False,False,False,phase5b0_oracle_mpc
corner_hot_resistive_optimistic,oracle_mpc,830.0,0.23865317065102248,0.2449013170354478,2.5454499878829986,3.655104376680679,33.845677225322326,False,True,True,False,0.0,False,False,False,False,phase5b0_oracle_mpc
corner_hot_resistive_optimistic,oracle_mpc,835.0,0.23940082724674028,0.24427301113607838,2.422407370125689,3.6528297112271084,33.85159373468647,True,True,True,False,0.40931810000620317,False,True,False,False,phase5b0_oracle_mpc
corner_hot_resistive_optimistic,oracle_mpc,840.0,0.24014848384245807,0.24588573786027143,2.422407370125689,3.6537321014642647,33.857516990184685,False,True,True,False,0.0,False,False,False,False,phase5b0_oracle_mpc
corner_hot_resistive_optimistic,oracle_mpc,845.0,0.24089614043817587,0.24619797278370859,2.422407370125689,3.6546509627371035,33.86345279974864,False,True,True,False,0.0,False,False,False,False,phase5b0_oracle_mpc
corner_hot_resistive_optimistic,oracle_mpc,850.0,0.24164379703389366,0.2457681443660661,2.422407370125689,3.6555792299341436,33.869404904490075,False,True,True,False,0.0,False,False,False,False,phase5b0_oracle_mpc
corner_hot_resistive_optimistic,oracle_mpc,855.0,0.24239145362961145,0.2460530144627511,2.422407370125689,3.6565117059997103,33.87537552648983,False,True,True,False,0.0,False,False,False,False,phase5b0_oracle_mpc
corner_hot_resistive_optimistic,oracle_mpc,860.0,0.24323149823854617,0.24821941682137905,2.721744532948454,3.6662031670523065,33.88732906089274,True,True,True,False,0.6195785000018077,False,True,False,False,phase5b0_oracle_mpc
corner_hot_resistive_optimistic,oracle_mpc,865.0,0.2440715428474809,0.24842689463379594,2.721744532948454,3.668012323917424,33.89951639505416,False,True,True,False,0.0,False,False,False,False,phase5b0_oracle_mpc
corner_hot_resistive_optimistic,oracle_mpc,870.0,0.2449115874564156,0.24957335561308894,2.721744532948454,3.669655427238102,33.911885056072286,False,True,True,False,0.0,False,False,False,False,phase5b0_oracle_mpc
corner_hot_resistive_optimistic,oracle_mpc,875.0,0.24575163206535033,0.2507360724462455,2.721744532948454,3.671170375745032,33.92439487893968,False,True,True,False,0.0,False,False,False,False,phase5b0_oracle_mpc
corner_hot_resistive_optimistic,oracle_mpc,880.0,0.24659167667428505,0.2520430963141722,2.721744532948454,3.6725856553176763,33.93701492846921,False,True,True,False,0.0,False,False,False,False,phase5b0_oracle_mpc
corner_hot_resistive_optimistic,oracle_mpc,885.0,0.24738253574253685,0.25285637686462437,2.5623833811357972,3.669260731688528,33.9464190707183,True,True,True,False,0.3548930999968434,False,True,False,False,phase5b0_oracle_mpc
corner_hot_resistive_optimistic,oracle_mpc,890.0,0.24817339481078865,0.254335433612236,2.5623833811357972,3.6700688277633016,33.955780381023516,False,True,True,False,0.0,False,False,False,False,phase5b0_oracle_mpc
corner_hot_resistive_optimistic,oracle_mpc,895.0,0.24896425387904045,0.2545721848866775,2.5623833811357972,3.6709131200481284,33.965111033693255,False,True,True,False,0.0,False,False,False,False,phase5b0_oracle_mpc
corner_hot_resistive_optimistic,oracle_mpc,900.0,0.24975511294729225,0.2547948261293083,2.5623833811357972,3.6717819354975734,33.97441959975316,False,True,True,False,0.0,False,False,False,False,phase5b0_oracle_mpc
corner_hot_resistive_optimistic,oracle_mpc,905.0,0.250545972015544,0.25583031406004325,2.5623833811357972,3.6726666241850383,33.983711982311206,False,True,True,False,0.0,False,False,False,False,phase5b0_oracle_mpc
corner_hot_resistive_optimistic,oracle_mpc,910.0,0.25129161247842674,0.257432259286618,2.415875099739959,3.6692754941539256,33.99006848700445,True,True,True,False,0.20361659999616677,False,True,False,False,phase5b0_oracle_mpc
corner_hot_resistive_optimistic,oracle_mpc,915.0,0.25203725294130946,0.257329893135213,2.415875099739959,3.6697458308612885,33.99632468748161,False,True,True,False,0.0,False,False,False,False,phase5b0_oracle_mpc
corner_hot_resistive_optimistic,oracle_mpc,920.0,0.2527828934041922,0.2580478397930824,2.415875099739959,3.6702965662400273,34.002504543564534,False,True,True,False,0.0,False,False,False,False,phase5b0_oracle_mpc
corner_hot_resistive_optimistic,oracle_mpc,925.0,0.2535285338670749,0.259637729557887,2.415875099739959,3.670905968736537,34.00862571977851,False,True,True,False,0.0,False,False,False,False,phase5b0_oracle_mpc
corner_hot_resistive_optimistic,oracle_mpc,930.0,0.25427417432995764,0.26104907078352013,2.415875099739959,3.6715578283314816,34.01470118731805,False,True,True,False,0.0,False,False,False,False,phase5b0_oracle_mpc
corner_hot_resistive_optimistic,oracle_mpc,935.0,0.25427417432995764,0.26104463178979276,0.0,3.6015848491465845,33.98948857794443,True,False,False,True,0.14277329999458743,False,True,False,True,phase5b0_oracle_mpc
corner_hot_resistive_optimistic,oracle_mpc,940.0,0.25427417432995764,0.2601623478757422,0.0,3.5952264441856645,33.9644342004887,True,False,False,True,1.9424140999981319,False,True,False,False,phase5b0_oracle_mpc
corner_hot_resistive_optimistic,oracle_mpc,945.0,0.25427417432995764,0.26002727400551545,0.0,3.590184167392788,33.93953716696751,False,False,False,True,0.0,False,False,False,False,phase5b0_oracle_mpc
corner_hot_resistive_optimistic,oracle_mpc,950.0,0.25427417432995764,0.2599832026612378,0.0,3.586136029030195,33.914796489245624,False,False,False,True,0.0,False,False,False,False,phase5b0_oracle_mpc
corner_hot_resistive_optimistic,oracle_mpc,955.0,0.25427417432995764,0.2596628133936247,0.0,3.5828407833182663,33.89021118539335,False,False,False,True,0.0,False,False,False,False,phase5b0_oracle_mpc
corner_hot_resistive_optimistic,oracle_mpc,960.0,0.25427417432995764,0.2585596771248881,0.0,3.5801176144174933,33.86578027964764,False,False,False,True,0.0,False,False,False,False,phase5b0_oracle_mpc
corner_hot_resistive_optimistic,oracle_mpc,965.0,0.2548914582805749,0.25932346061877803,1.9999999999999993,3.636323494539353,33.85979907712057,True,True,True,False,1.1946043000061763,False,True,False,True,phase5b0_oracle_mpc
corner_hot_resistive_optimistic,oracle_mpc,970.0,0.2548914582805749,0.260294940733431,0.0,3.581726831789199,33.835559224283784,True,False,False,True,4.054129099997226,False,True,False,True,phase5b0_oracle_mpc
corner_hot_resistive_optimistic,oracle_mpc,975.0,0.2555087422311922,0.2606827983804642,2.000000000000001,3.6374486148180796,33.82993176984437,True,True,True,False,1.098532799995155,False,True,False,True,phase5b0_oracle_mpc
corner_hot_resistive_optimistic,oracle_mpc,980.0,0.2562272704743354,0.2614524781948685,2.328031507784027,3.650581162133615,33.83025115819079,True,True,True,False,0.8289091999977245,False,True,False,False,phase5b0_oracle_mpc
corner_hot_resistive_optimistic,oracle_mpc,985.0,0.25694579871747864,0.2619236918160684,2.328031507784027,3.6543559957070775,33.831408881435166,False,True,True,False,0.0,False,False,False,False,phase5b0_oracle_mpc
corner_hot_resistive_optimistic,oracle_mpc,990.0,0.25766432696062186,0.2634849769216212,2.328031507784027,3.657411846777057,33.833205567079986,False,True,True,False,0.0,False,False,False,False,phase5b0_oracle_mpc
corner_hot_resistive_optimistic,oracle_mpc,995.0,0.2583828552037651,0.26323272370158546,2.328031507784027,3.6599269909362806,33.8354913960497,False,True,True,False,0.0,False,False,False,False,phase5b0_oracle_mpc
corner_hot_resistive_optimistic,oracle_mpc,1000.0,0.2591013834469083,0.26412392283941755,2.328031507784027,3.662034923564905,33.838153640054536,False,True,True,False,0.0,False,False,False,False,phase5b0_oracle_mpc
corner_hot_resistive_optimistic,oracle_mpc,1005.0,0.2599532597332663,0.2642183331302777,2.7600791677998364,3.676469585678996,33.84937185402643,True,True,True,False,0.6818731999956071,False,True,False,False,phase5b0_oracle_mpc
corner_hot_resistive_optimistic,oracle_mpc,1010.0,0.26080513601962424,0.265506079919553,2.7600791677998364,3.679298964221773,33.861168577073386,False,True,True,False,0.0,False,False,False,False,phase5b0_oracle_mpc
corner_hot_resistive_optimistic,oracle_mpc,1015.0,0.2616570123059822,0.2672455325290492,2.7600791677998364,3.681719290557167,33.87340993269864,False,True,True,False,0.0,False,False,False,False,phase5b0_oracle_mpc
corner_hot_resistive_optimistic,oracle_mpc,1020.0,0.2625088885923402,0.26771148899554115,2.7600791677998364,3.6838293799171344,33.88599460577097,False,True,True,False,0.0,False,False,False,False,phase5b0_oracle_mpc
corner_hot_resistive_optimistic,oracle_mpc,1025.0,0.26336076487869814,0.2689666823541471,2.7600791677998364,3.685703325349838,33.89884566943414,False,True,True,False,0.0,False,False,False,False,phase5b0_oracle_mpc
corner_hot_resistive_optimistic,oracle_mpc,1030.0,0.2640403488864168,0.26966346249477924,2.201852185008533,3.671074370343589,33.90096854787965,True,True,True,False,0.3957520000039949,False,True,False,False,phase5b0_oracle_mpc
corner_hot_resistive_optimistic,oracle_mpc,1035.0,0.2647199328941355,0.27120747250536237,2.201852185008533,3.6710008439969046,33.902904970333196,False,True,True,False,0.0,False,False,False,False,phase5b0_oracle_mpc
corner_hot_resistive_optimistic,oracle_mpc,1040.0,0.26539951690185415,0.27252969735354377,2.201852185008533,3.671120566429285,33.90470598428146,False,True,True,False,0.0,False,False,False,False,phase5b0_oracle_mpc
corner_hot_resistive_optimistic,oracle_mpc,1045.0,0.2660791009095728,0.27375340680099614,2.201852185008533,3.6713838583879226,33.906409530949176,False,True,True,False,0.0,False,False,False,False,phase5b0_oracle_mpc
corner_hot_resistive_optimistic,oracle_mpc,1050.0,0.2667586849172915,0.272861918253712,2.201852185008533,3.671753587508933,33.908043778918135,False,True,True,False,0.0,False,False,False,False,phase5b0_oracle_mpc
corner_hot_resistive_optimistic,oracle_mpc,1055.0,0.26753095264690163,0.2738499556306406,2.5021474439368805,3.680982135227188,33.91523651506652,True,True,True,False,0.8628940999988117,False,True,False,False,phase5b0_oracle_mpc
corner_hot_resistive_optimistic,oracle_mpc,1060.0,0.2683032203765118,0.27480608271891066,2.5021474439368805,3.6823640439173824,33.92258310155408,False,True,True,False,0.0,False,False,False,False,phase5b0_oracle_mpc
corner_hot_resistive_optimistic,oracle_mpc,1065.0,0.2690754881061219,0.27600778663221215,2.5021474439368805,3.683626780248125,33.93004834815987,False,True,True,False,0.0,False,False,False,False,phase5b0_oracle_mpc
corner_hot_resistive_optimistic,oracle_mpc,1070.0,0.26984775583573206,0.2763852332604973,2.5021474439368805,3.68479823263526,33.937605394571804,False,True,True,False,0.0,False,False,False,False,phase5b0_oracle_mpc
corner_hot_resistive_optimistic,oracle_mpc,1075.0,0.2706200235653422,0.2770006604079403,2.5021474439368805,3.685899354510057,33.94523362047196,False,True,True,False,0.0,False,False,False,False,phase5b0_oracle_mpc
corner_hot_resistive_optimistic,oracle_mpc,1080.0,0.27088378435803434,0.27713083428329244,0.8545849683224543,3.638775310127713,33.92771454718136,True,True,True,False,0.7577651999963564,False,True,False,False,phase5b0_oracle_mpc
corner_hot_resistive_optimistic,oracle_mpc,1085.0,0.2711475451507265,0.2777692469638025,0.8545849683224543,3.634976528475335,33.909914494847946,False,True,True,False,0.0,False,False,False,False,phase5b0_oracle_mpc
corner_hot_resistive_optimistic,oracle_mpc,1090.0,0.2714113059434186,0.2783273618696254,0.8545849683224543,3.6320306230283745,33.891919851762765,False,True,True,False,0.0,False,False,False,False,phase5b0_oracle_mpc
corner_hot_resistive_optimistic,oracle_mpc,1095.0,0.27167506673611075,0.27798896929131983,0.8545849683224543,3.6297281412913582,33.87379555369054,False,True,True,False,0.0,False,False,False,False,phase5b0_oracle_mpc
corner_hot_resistive_optimistic,oracle_mpc,1100.0,0.2719388275288029,0.2782782930988239,0.8545849683224543,3.6279121816004025,33.85559052929301,False,True,True,False,0.0,False,False,False,False,phase5b0_oracle_mpc
corner_hot_resistive_optimistic,oracle_mpc,1105.0,0.2719388275288029,0.27990432183982167,0.0,3.601479340197805,33.83137706536024,True,False,False,True,0.6440206999977818,False,True,False,False,phase5b0_oracle_mpc
corner_hot_resistive_optimistic,oracle_mpc,1110.0,0.2719388275288029,0.2798890904901605,0.0,3.597822031409726,33.80731564362778,False,False,False,True,0.0,False,False,False,False,phase5b0_oracle_mpc
corner_hot_resistive_optimistic,oracle_mpc,1115.0,0.2719388275288029,0.28040773874724007,0.0,3.594839251014799,33.78340532997105,False,False,False,True,0.0,False,False,False,False,phase5b0_oracle_mpc
corner_hot_resistive_optimistic,oracle_mpc,1120.0,0.2719388275288029,0.28020624474745254,0.0,3.59236925425324,33.759645175416615,False,False,False,True,0.0,False,False,False,False,phase5b0_oracle_mpc
corner_hot_resistive_optimistic,oracle_mpc,1125.0,0.2719388275288029,0.2796101403735848,0.0,3.590290746186834,33.73603423695065,False,False,False,True,0.0,False,False,False,False,phase5b0_oracle_mpc
corner_hot_resistive_optimistic,oracle_mpc,1130.0,0.27255611147942016,0.2805105124577814,1.999999999999999,3.6469874517808574,33.72990057832789,True,True,True,False,0.562434999999823,False,True,False,True,phase5b0_oracle_mpc
corner_hot_resistive_optimistic,oracle_mpc,1135.0,0.2734694702006652,0.2811694172280599,2.959282256833937,3.6793182795053654,33.74112135557939,True,True,True,False,0.799270700001216,False,True,False,False,phase5b0_oracle_mpc
corner_hot_resistive_optimistic,oracle_mpc,1140.0,0.27438282892191024,0.281304604784625,2.959282256833937,3.685503090736609,33.75409845394201,False,True,True,False,0.0,False,False,False,False,phase5b0_oracle_mpc
corner_hot_resistive_optimistic,oracle_mpc,1145.0,0.2752961876431553,0.2823221840241697,2.959282256833937,3.690500174567763,33.768412770635344,False,True,True,False,0.0,False,False,False,False,phase5b0_oracle_mpc
corner_hot_resistive_optimistic,oracle_mpc,1150.0,0.2762095463644003,0.28172464491016713,2.959282256833937,3.69460297888889,33.783748896086,False,True,True,False,0.0,False,False,False,False,phase5b0_oracle_mpc
corner_hot_resistive_optimistic,oracle_mpc,1155.0,0.27712290508564535,0.28312689879056147,2.959282256833937,3.698031302217219,33.79986904221354,False,True,True,False,0.0,False,False,False,False,phase5b0_oracle_mpc
corner_hot_resistive_optimistic,oracle_mpc,1160.0,0.27794563102625297,0.28365625016695006,2.6656320475686432,3.692364176979831,33.81043725564192,True,True,True,False,0.5724165999999968,False,True,False,False,phase5b0_oracle_mpc
corner_hot_resistive_optimistic,oracle_mpc,1165.0,0.2787683569668606,0.28433302071865135,2.6656320475686432,3.6940401461371932,33.82122090656019,False,True,True,False,0.0,False,False,False,False,phase5b0_oracle_mpc
corner_hot_resistive_optimistic,oracle_mpc,1170.0,0.2795910829074682,0.28560115917183815,2.6656320475686432,3.69558016565162,33.832176971253844,False,True,True,False,0.0,False,False,False,False,phase5b0_oracle_mpc
corner_hot_resistive_optimistic,oracle_mpc,1175.0,0.2804138088480758,0.285021643060034,2.6656320475686432,3.6970151278734282,33.84327221474038,False,True,True,False,0.0,False,False,False,False,phase5b0_oracle_mpc
corner_hot_resistive_optimistic,oracle_mpc,1180.0,0.28123653478868343,0.2852343110401987,2.6656320475686432,3.698368286508357,33.854480779276884,False,True,True,False,0.0,False,False,False,False,phase5b0_oracle_mpc
corner_hot_resistive_optimistic,oracle_mpc,1185.0,0.28123653478868343,0.28611989933605153,0.0,3.62171759964147,33.83027438354924,True,False,False,True,1.6773139999932027,False,True,False,True,phase5b0_oracle_mpc
corner_hot_resistive_optimistic,oracle_mpc,1190.0,0.28123653478868343,0.2865871047911839,0.0,3.6151808067988966,33.80621988676611,True,False,False,True,6.712564300003578,False,True,False,False,phase5b0_oracle_mpc
corner_hot_resistive_optimistic,oracle_mpc,1195.0,0.28123653478868343,0.2870915686270074,0.0,3.6100363463580805,33.78231645456937,False,False,False,True,0.0,False,False,False,False,phase5b0_oracle_mpc
corner_hot_resistive_optimistic,oracle_mpc,1200.0,0.28123653478868343,0.2861213727087774,0.0,3.605942024501724,33.75856313825867,False,False,False,True,0.0,False,False,False,False,phase5b0_oracle_mpc
corner_hot_resistive_optimistic,oracle_mpc,1205.0,0.28123653478868343,0.28575132757383936,0.0,3.6026415103301157,33.73495899509162,False,False,False,True,0.0,False,False,False,False,phase5b0_oracle_mpc
corner_hot_resistive_optimistic,oracle_mpc,1210.0,0.28123653478868343,0.28540191882841487,0.0,3.5999427322656,33.711503088246296,False,False,False,True,0.0,False,False,False,False,phase5b0_oracle_mpc
corner_hot_resistive_optimistic,oracle_mpc,1215.0,0.2818538187393007,0.28456991309212454,2.0,3.656179006770888,33.70581674162449,True,True,True,False,1.0089760999981081,False,True,False,True,phase5b0_oracle_mpc
corner_hot_resistive_optimistic,oracle_mpc,1220.0,0.2827004543370873,0.28492038783039925,2.7430993368284584,3.681848292734871,33.713336891662934,True,True,True,False,1.0452133000071626,False,True,False,False,phase5b0_oracle_mpc
corner_hot_resistive_optimistic,oracle_mpc,1225.0,0.2835470899348739,0.28543268908435404,2.7430993368284584,3.687151045384899,33.72224302789554,False,True,True,False,0.0,False,False,False,False,phase5b0_oracle_mpc
corner_hot_resistive_optimistic,oracle_mpc,1230.0,0.28439372553266046,0.2866583756186848,2.7430993368284584,3.691449212295221,33.73220618620359,False,True,True,False,0.0,False,False,False,False,phase5b0_oracle_mpc
corner_hot_resistive_optimistic,oracle_mpc,1235.0,0.28524036113044704,0.2879166814814799,2.7430993368284584,3.694991251632949,33.74297878514681,False,True,True,False,0.0,False,False,False,False,phase5b0_oracle_mpc
corner_hot_resistive_optimistic,oracle_mpc,1240.0,0.2860869967282336,0.288641304022456,2.7430993368284584,3.6979632617377303,33.754374164800666,False,True,True,False,0.0,False,False,False,False,phase5b0_oracle_mpc
corner_hot_resistive_optimistic,oracle_mpc,1245.0,0.28683989303640667,0.2894981262338083,2.439384038480707,3.69162366054507,33.76031089508644,True,True,True,False,0.43245139999635285,False,True,False,False,phase5b0_oracle_mpc
corner_hot_resistive_optimistic,oracle_mpc,1250.0,0.2875927893445797,0.2897804227121226,2.439384038480707,3.6929521630297955,33.76638800486681,False,True,True,False,0.0,False,False,False,False,phase5b0_oracle_mpc
corner_hot_resistive_optimistic,oracle_mpc,1255.0,0.28834568565275276,0.2907999096414988,2.439384038480707,3.6941960115999963,33.77258071758631,False,True,True,False,0.0,False,False,False,False,phase5b0_oracle_mpc
corner_hot_resistive_optimistic,oracle_mpc,1260.0,0.2890985819609258,0.2922275383124304,2.439384038480707,3.695374128020396,33.77886973270225,False,True,True,False,0.0,False,False,False,False,phase5b0_oracle_mpc
corner_hot_resistive_optimistic,oracle_mpc,1265.0,0.28985147826909885,0.2935098397257079,2.439384038480707,3.6965007777367265,33.785239888487475,False,True,True,False,0.0,False,False,False,False,phase5b0_oracle_mpc
corner_hot_resistive_optimistic,oracle_mpc,1270.0,0.29063958805975815,0.29529411503965897,2.553475721736133,3.7009232202340443,33.79388441495845,True,True,True,False,0.6644243999980972,False,True,False,False,phase5b0_oracle_mpc
corner_hot_resistive_optimistic,oracle_mpc,1275.0,0.29142769785041744,0.2961869804761739,2.553475721736133,3.7023101188614604,33.802666519173,False,True,True,False,0.0,False,False,False,False,phase5b0_oracle_mpc
corner_hot_resistive_optimistic,oracle_mpc,1280.0,0.29221580764107674,0.29622602345689797,2.553475721736133,3.703609468493294,33.81155930496122,False,True,True,False,0.0,False,False,False,False,phase5b0_oracle_mpc
corner_hot_resistive_optimistic,oracle_mpc,1285.0,0.29300391743173604,0.297072108252835,2.553475721736133,3.7048409891866343,33.820541875265356,False,True,True,False,0.0,False,False,False,False,phase5b0_oracle_mpc
corner_hot_resistive_optimistic,oracle_mpc,1290.0,0.29379202722239534,0.29730613269059547,2.553475721736133,3.7060195481744316,33.82959784544052,False,True,True,False,0.0,False,False,False,False,phase5b0_oracle_mpc
corner_hot_resistive_optimistic,oracle_mpc,1295.0,0.29379202722239534,0.2983546987567705,0.0,3.6324749228296445,33.805547709198905,True,False,False,True,0.14274609999847598,False,True,False,True,phase5b0_oracle_mpc
corner_hot_resistive_optimistic,oracle_mpc,1300.0,0.2944093111730126,0.29840707744433026,2.0000000000000004,3.6846024393743013,33.80316889843434,True,True,True,False,1.027164899998752,False,True,False,True,phase5b0_oracle_mpc
corner_hot_resistive_optimistic,oracle_mpc,1305.0,0.2951771797572234,0.3000742971270432,2.487894212842939,3.699701382539334,33.80943589258604,True,True,True,False,0.8921502000011969,False,True,False,False,phase5b0_oracle_mpc
corner_hot_resistive_optimistic,oracle_mpc,1310.0,0.2959450483414342,0.3007098164871748,2.487894212842939,3.701898557448955,33.816089619512084,False,True,True,False,0.0,False,False,False,False,phase5b0_oracle_mpc
corner_hot_resistive_optimistic,oracle_mpc,1315.0,0.296712916925645,0.30088097839285405,2.487894212842939,3.703789132833842,33.823038656395596,False,True,True,False,0.0,False,False,False,False,phase5b0_oracle_mpc
corner_hot_resistive_optimistic,oracle_mpc,1320.0,0.2974807855098558,0.30168094871421275,2.487894212842939,3.7054484851440304,33.83021397839666,False,True,True,False,0.0,False,False,False,False,phase5b0_oracle_mpc
corner_hot_resistive_optimistic,oracle_mpc,1325.0,0.2982486540940666,0.3028736865218985,2.487894212842939,3.7069331129148977,33.83756332378844,False,True,True,False,0.0,False,False,False,False,phase5b0_oracle_mpc
corner_hot_resistive_optimistic,oracle_mpc,1330.0,0.29843867894822723,0.3024511237591542,0.6156805274804581,3.6535197081295894,33.81814444307361,True,True,True,False,0.8990431999991415,False,True,False,False,phase5b0_oracle_mpc
corner_hot_resistive_optimistic,oracle_mpc,1335.0,0.2986287038023879,0.30225749252431433,0.6156805274804581,3.6492847079083854,33.7985392998997,False,True,True,False,0.0,False,False,False,False,phase5b0_oracle_mpc
corner_hot_resistive_optimistic,oracle_mpc,1340.0,0.2988187286565485,0.30371568627512086,0.6156805274804581,3.6459781610752477,33.77881543571515,False,True,True,False,0.0,False,False,False,False,phase5b0_oracle_mpc
corner_hot_resistive_optimistic,oracle_mpc,1345.0,0.29900875351070916,0.30427915054422194,0.6156805274804581,3.643372309007066,33.75902356325868,False,True,True,False,0.0,False,False,False,False,phase5b0_oracle_mpc
corner_hot_resistive_optimistic,oracle_mpc,1350.0,0.2991987783648698,0.304494756810197,0.6156805274804581,3.6412965291579606,33.73920185601856,False,True,True,False,0.0,False,False,False,False,phase5b0_oracle_mpc
corner_hot_resistive_optimistic,oracle_mpc,1355.0,0.2999740935769016,0.3038265694191952,2.512021286982953,3.6950965670640272,33.74360643944532,True,True,True,False,1.4535218000019086,False,True,False,False,phase5b0_oracle_mpc
corner_hot_resistive_optimistic,oracle_mpc,1360.0,0.30074940878893336,0.3046260709167683,2.512021286982953,3.6992873873637384,33.748987740085724,False,True,True,False,0.0,False,False,False,False,phase5b0_oracle_mpc
corner_hot_resistive_optimistic,oracle_mpc,1365.0,0.30152472400096514,0.30531170593933815,2.512021286982953,3.7026910981895687,33.755110220515164,False,True,True,False,0.0,False,False,False,False,phase5b0_oracle_mpc
corner_hot_resistive_optimistic,oracle_mpc,1370.0,0.3023000392129969,0.3051425073515416,2.512021286982953,3.7055025438462734,33.76179685630032,False,True,True,False,0.0,False,False,False,False,phase5b0_oracle_mpc
corner_hot_resistive_optimistic,oracle_mpc,1375.0,0.3030753544250287,0.30596114781201783,2.512021286982953,3.7078676275094424,33.76891437999339,False,True,True,False,0.0,False,False,False,False,phase5b0_oracle_mpc
corner_hot_resistive_optimistic,oracle_mpc,1380.0,0.30386005152126344,0.3073688400477115,2.542418591800655,3.710784783999484,33.776949008539276,True,True,True,False,0.9103556999980356,False,True,False,False,phase5b0_oracle_mpc
corner_hot_resistive_optimistic,oracle_mpc,1385.0,0.3046447486174982,0.30833946952705565,2.542418591800655,3.7126465657784777,33.78526121319781,False,True,True,False,0.0,False,False,False,False,phase5b0_oracle_mpc
corner_hot_resistive_optimistic,oracle_mpc,1390.0,0.3054294457137329,0.30990875009799246,2.542418591800655,3.7142980985092513,33.79378780718621,False,True,True,False,0.0,False,False,False,False,phase5b0_oracle_mpc
corner_hot_resistive_optimistic,oracle_mpc,1395.0,0.30621414280996767,0.3100708681864502,2.542418591800655,3.7157893686896393,33.80248077747549,False,True,True,False,0.0,False,False,False,False,phase5b0_oracle_mpc
corner_hot_resistive_optimistic,oracle_mpc,1400.0,0.3069988399062024,0.3107637496670142,2.542418591800655,3.7171578713986664,33.811303491176304,False,True,True,False,0.0,False,False,False,False,phase5b0_oracle_mpc
corner_hot_resistive_optimistic,oracle_mpc,1405.0,0.3078466449741502,0.3112841202313492,2.746888420150912,3.7244123218171166,33.824397988066494,True,True,True,False,0.3131799000038882,False,True,False,False,phase5b0_oracle_mpc
corner_hot_resistive_optimistic,oracle_mpc,1410.0,0.308694450042098,0.3122268237035614,2.746888420150912,3.7262109963530783,33.83772557930545,False,True,True,False,0.0,False,False,False,False,phase5b0_oracle_mpc
corner_hot_resistive_optimistic,oracle_mpc,1415.0,0.3095422551100458,0.3132710652544619,2.746888420150912,3.7278419196264325,33.851232113155,False,True,True,False,0.0,False,False,False,False,phase5b0_oracle_mpc
corner_hot_resistive_optimistic,oracle_mpc,1420.0,0.3103900601779936,0.3135228181951108,2.746888420150912,3.729343903885437,33.8648761777094,False,True,True,False,0.0,False,False,False,False,phase5b0_oracle_mpc
corner_hot_resistive_optimistic,oracle_mpc,1425.0,0.3112378652459414,0.3145733665954778,2.746888420150912,3.730746098242961,33.878625918283184,False,True,True,False,0.0,False,False,False,False,phase5b0_oracle_mpc
corner_hot_resistive_optimistic,oracle_mpc,1430.0,0.3119992378973209,0.3169943520545941,2.4668473904697636,3.7238800357055126,33.886684664292595,True,True,True,False,0.39872359999571927,False,True,False,False,phase5b0_oracle_mpc
corner_hot_resistive_optimistic,oracle_mpc,1435.0,0.31276061054870047,0.3173597109753168,2.4668473904697636,3.7243241530481956,33.89461916753631,False,True,True,False,0.0,False,False,False,False,phase5b0_oracle_mpc
corner_hot_resistive_optimistic,oracle_mpc,1440.0,0.31352198320008,0.3183293643819838,2.4668473904697636,3.72487021989926,33.90246000604135,False,True,True,False,0.0,False,False,False,False,phase5b0_oracle_mpc
corner_hot_resistive_optimistic,oracle_mpc,1445.0,0.31428335585145956,0.31790791435244026,2.4668473904697636,3.725490893064468,33.9102296839552,False,True,True,False,0.0,False,False,False,False,phase5b0_oracle_mpc
corner_hot_resistive_optimistic,oracle_mpc,1450.0,0.3150447285028391,0.31926318817399735,2.4668473904697636,3.726165762699516,33.91794469209042,False,True,True,False,0.0,False,False,False,False,phase5b0_oracle_mpc
corner_hot_resistive_optimistic,oracle_mpc,1455.0,0.3158175885065226,0.3201151894410623,2.5040664119345633,3.7279680885336792,33.92635748425735,True,True,True,False,0.5418239999999059,False,True,False,False,phase5b0_oracle_mpc
corner_hot_resistive_optimistic,oracle_mpc,1460.0,0.31659044851020607,0.32011515917739397,2.5040664119345633,3.728818325741772,33.93475977482487,False,True,True,False,0.0,False,False,False,False,phase5b0_oracle_mpc
corner_hot_resistive_optimistic,oracle_mpc,1465.0,0.31736330851388955,0.3216976920958721,2.5040664119345633,3.729667699994213,33.943151865969796,False,True,True,False,0.0,False,False,False,False,phase5b0_oracle_mpc
corner_hot_resistive_optimistic,oracle_mpc,1470.0,0.31813616851757304,0.3227197863959902,2.5040664119345633,3.730514822831321,33.95153364435248,False,True,True,False,0.0,False,False,False,False,phase5b0_oracle_mpc
corner_hot_resistive_optimistic,oracle_mpc,1475.0,0.3189090285212565,0.3242407917465092,2.5040664119345633,3.7313587040302476,33.959904697684166,False,True,True,False,0.0,False,False,False,False,phase5b0_oracle_mpc
corner_hot_resistive_optimistic,oracle_mpc,1480.0,0.3189090285212565,0.3254676279042417,0.0,3.6589701486730513,33.93503622216461,True,False,False,True,1.050811100001738,False,True,False,True,phase5b0_oracle_mpc
corner_hot_resistive_optimistic,oracle_mpc,1485.0,0.3195263124718738,0.3253071041808869,1.9999999999999996,3.7109786851217943,33.93265263693799,True,True,True,False,1.0564605999970809,False,True,False,True,phase5b0_oracle_mpc
corner_hot_resistive_optimistic,oracle_mpc,1490.0,0.3203154219068553,0.32677371221653845,2.5567145693400057,3.7279655996810153,33.940423494992125,True,True,True,False,0.902461099998618,False,True,False,False,phase5b0_oracle_mpc
corner_hot_resistive_optimistic,oracle_mpc,1495.0,0.3211045313418368,0.3279501280855976,2.5567145693400057,3.7302361777972557,33.9486069298461,False,True,True,False,0.0,False,False,False,False,phase5b0_oracle_mpc
corner_hot_resistive_optimistic,oracle_mpc,1500.0,0.3218936407768183,0.3289935077148297,2.5567145693400057,3.7321610448963023,33.95709797576122,False,True,True,False,0.0,False,False,False,False,phase5b0_oracle_mpc
corner_hot_resistive_optimistic,oracle_mpc,1505.0,0.3226827502117998,0.33052287789265566,2.5567145693400057,3.7338252875667575,33.965817668587746,False,True,True,False,0.0,False,False,False,False,phase5b0_oracle_mpc
corner_hot_resistive_optimistic,oracle_mpc,1510.0,0.3234718596467813,0.3313683866301159,2.5567145693400057,3.7352926352825397,33.97470649413528,False,True,True,False,0.0,False,False,False,False,phase5b0_oracle_mpc
corner_hot_resistive_optimistic,oracle_mpc,1515.0,0.32432062596418265,0.33286977041603294,2.750002868380282,3.742262938880958,33.98773354469754,True,True,True,False,0.35609439999825554,False,True,False,False,phase5b0_oracle_mpc
corner_hot_resistive_optimistic,oracle_mpc,1520.0,0.325169392281584,0.33348768216171837,2.750002868380282,3.7440319525353507,34.00099598747405,False,True,True,False,0.0,False,False,False,False,phase5b0_oracle_mpc
corner_hot_resistive_optimistic,oracle_mpc,1525.0,0.3260181585989853,0.33308374651107164,2.750002868380282,3.745610318807686,34.01443201320808,False,True,True,False,0.0,False,False,False,False,phase5b0_oracle_mpc
corner_hot_resistive_optimistic,oracle_mpc,1530.0,0.32686692491638664,0.3342136974203873,2.750002868380282,3.7470435318651467,34.027994758365814,False,True,True,False,0.0,False,False,False,False,phase5b0_oracle_mpc
corner_hot_resistive_optimistic,oracle_mpc,1535.0,0.32771569123378796,0.334724871963421,2.750002868380282,3.7483657132627752,34.04164855824573,False,True,True,False,0.0,False,False,False,False,phase5b0_oracle_mpc
corner_hot_resistive_optimistic,oracle_mpc,1540.0,0.3285358037111689,0.33598702987068074,2.6571644267143397,3.746887849698505,34.0533753021308,True,True,True,False,0.10946520000288729,False,True,False,False,phase5b0_oracle_mpc
corner_hot_resistive_optimistic,oracle_mpc,1545.0,0.32935591618854987,0.33707681540107665,2.6571644267143397,3.747787581648616,34.06507909006944,False,True,True,False,0.0,False,False,False,False,phase5b0_oracle_mpc
corner_hot_resistive_optimistic,oracle_mpc,1550.0,0.3301760286659308,0.3375947057479638,2.6571644267143397,3.7486855976395703,34.07676005487912,False,True,True,False,0.0,False,False,False,False,phase5b0_oracle_mpc
corner_hot_resistive_optimistic,oracle_mpc,1555.0,0.3309961411433118,0.33728258011736223,2.6571644267143397,3.7495806097011277,34.08841791023356,False,True,True,False,0.0,False,False,False,False,phase5b0_oracle_mpc
corner_hot_resistive_optimistic,oracle_mpc,1560.0,0.3318162536206927,0.3379582099319201,2.6571644267143397,3.7504717080665952,34.10005207698107,False,True,True,False,0.0,False,False,False,False,phase5b0_oracle_mpc
corner_hot_resistive_optimistic,oracle_mpc,1565.0,0.33262074672769937,0.33859956219515214,2.6065576667015273,3.7498785768118075,34.11059153442145,True,True,True,False,0.2612659000005806,False,True,False,False,phase5b0_oracle_mpc
corner_hot_resistive_optimistic,oracle_mpc,1570.0,0.333425239834706,0.34017947711972885,2.6065576667015273,3.750612599574455,34.12107187413921,False,True,True,False,0.0,False,False,False,False,phase5b0_oracle_mpc
corner_hot_resistive_optimistic,oracle_mpc,1575.0,0.33422973294171265,0.3410440844427919,2.6065576667015273,3.7513686498739487,34.13150054843771,False,True,True,False,0.0,False,False,False,False,phase5b0_oracle_mpc
corner_hot_resistive_optimistic,oracle_mpc,1580.0,0.3350342260487193,0.34287702841625006,2.6065576667015273,3.752139936739674,34.141882888431304,False,True,True,False,0.0,False,False,False,False,phase5b0_oracle_mpc
corner_hot_resistive_optimistic,oracle_mpc,1585.0,0.33583871915572594,0.34327994641745235,2.6065576667015273,3.752921417639975,34.15222265154515,False,True,True,False,0.0,False,False,False,False,phase5b0_oracle_mpc
corner_hot_resistive_optimistic,oracle_mpc,1590.0,0.33648662891933084,0.3432282753614893,2.099227634079942,3.7388761708985925,34.152546021732725,True,True,True,False,0.6203961999999592,False,True,False,False,phase5b0_oracle_mpc
corner_hot_resistive_optimistic,oracle_mpc,1595.0,0.33713453868293575,0.3430851126029827,2.099227634079942,3.7381889617481385,34.15256938501199,False,True,True,False,0.0,False,False,False,False,phase5b0_oracle_mpc
corner_hot_resistive_optimistic,oracle_mpc,1600.0,0.33778244844654065,0.34316968667151465,2.099227634079942,3.7377765942873706,34.152361738189605,False,True,True,False,0.0,False,False,False,False,phase5b0_oracle_mpc
corner_hot_resistive_optimistic,oracle_mpc,1605.0,0.33843035821014555,0.3439034535531101,2.099227634079942,3.7375710148085424,34.15197498632259,False,True,True,False,0.0,False,False,False,False,phase5b0_oracle_mpc
corner_hot_resistive_optimistic,oracle_mpc,1610.0,0.33907826797375046,0.34426654738330154,2.099227634079942,3.7375212612889293,34.1514482588908,False,True,True,False,0.0,False,False,False,False,phase5b0_oracle_mpc
corner_hot_resistive_optimistic,oracle_mpc,1615.0,0.33984425000527757,0.3447985798561523,2.481781782147821,3.7487738467090677,34.15802812982934,True,True,True,False,0.7121229999975185,False,True,False,False,phase5b0_oracle_mpc
corner_hot_resistive_optimistic,oracle_mpc,1620.0,0.3406102320368047,0.34557207870290724,2.481781782147821,3.7500456169131606,34.16474248210078,False,True,True,False,0.0,False,False,False,False,phase5b0_oracle_mpc
corner_hot_resistive_optimistic,oracle_mpc,1625.0,0.3413762140683318,0.34660768415268256,2.481781782147821,3.751179041643548,34.17155071977081,False,True,True,False,0.0,False,False,False,False,phase5b0_oracle_mpc
corner_hot_resistive_optimistic,oracle_mpc,1630.0,0.3421421960998589,0.346663352905681,2.481781782147821,3.75220824622248,34.17842237740992,False,True,True,False,0.0,False,False,False,False,phase5b0_oracle_mpc
corner_hot_resistive_optimistic,oracle_mpc,1635.0,0.342908178131386,0.34693728242060207,2.481781782147821,3.7531587883542294,34.18533455812966,False,True,True,False,0.0,False,False,False,False,phase5b0_oracle_mpc
corner_hot_resistive_optimistic,oracle_mpc,1640.0,0.343747573341873,0.3488453892781874,2.719640481977772,3.7610038274991267,34.197213120073094,True,True,True,False,0.48492309999710415,False,True,False,False,phase5b0_oracle_mpc
corner_hot_resistive_optimistic,oracle_mpc,1645.0,0.34458696855236,0.34983107299413935,2.719640481977772,3.762542606269006,34.20927003149587,False,True,True,False,0.0,False,False,False,False,phase5b0_oracle_mpc
corner_hot_resistive_optimistic,oracle_mpc,1650.0,0.34542636376284697,0.35030886572254477,2.719640481977772,3.7639189100787367,34.22145316147074,False,True,True,False,0.0,False,False,False,False,phase5b0_oracle_mpc
corner_hot_resistive_optimistic,oracle_mpc,1655.0,0.34626575897333395,0.35149647334830075,2.719640481977772,3.765172019298479,34.233723144193604,False,True,True,False,0.0,False,False,False,False,phase5b0_oracle_mpc
corner_hot_resistive_optimistic,oracle_mpc,1660.0,0.34710515418382093,0.35289358613297905,2.719640481977772,3.7663313799164926,34.24605016978983,False,True,True,False,0.0,False,False,False,False,phase5b0_oracle_mpc
corner_hot_resistive_optimistic,oracle_mpc,1665.0,0.34782660382139186,0.35413355194500007,2.337496825729751,3.7562471049659005,34.25049856103453,True,True,True,False,0.46483379999699537,False,True,False,False,phase5b0_oracle_mpc
corner_hot_resistive_optimistic,oracle_mpc,1670.0,0.3485480534589628,0.3547048073742786,2.337496825729751,3.7561667858657937,34.25473269082656,False,True,True,False,0.0,False,False,False,False,phase5b0_oracle_mpc
corner_hot_resistive_optimistic,oracle_mpc,1675.0,0.3492695030965337,0.3562305767904475,2.337496825729751,3.7562495536522893,34.25879834046898,False,True,True,False,0.0,False,False,False,False,phase5b0_oracle_mpc
corner_hot_resistive_optimistic,oracle_mpc,1680.0,0.34999095273410463,0.35717723268554835,2.337496825729751,3.7564546280060775,34.2627298809122,False,True,True,False,0.0,False,False,False,False,phase5b0_oracle_mpc
corner_hot_resistive_optimistic,oracle_mpc,1685.0,0.35071240237167556,0.35793645937689417,2.337496825729751,3.7567514845364394,34.26655316060325,False,True,True,False,0.0,False,False,False,False,phase5b0_oracle_mpc
corner_hot_resistive_optimistic,oracle_mpc,1690.0,0.35071240237167556,0.35827551466306656,0.0,3.688781922065745,34.23975889404773,True,False,False,True,0.5224344000016572,False,True,False,True,phase5b0_oracle_mpc
corner_hot_resistive_optimistic,oracle_mpc,1695.0,0.35071240237167556,0.3580482618684577,0.0,3.6823929300204,34.213132794592276,True,False,False,True,2.2980265999940457,False,True,False,False,phase5b0_oracle_mpc
corner_hot_resistive_optimistic,oracle_mpc,1700.0,0.35071240237167556,0.3585836132698947,0.0,3.6773009180988,34.186673909638856,False,False,False,True,0.0,False,False,False,False,phase5b0_oracle_mpc
corner_hot_resistive_optimistic,oracle_mpc,1705.0,0.35071240237167556,0.3583639130679009,0.0,3.673189593533097,34.160381189064076,False,False,False,True,0.0,False,False,False,False,phase5b0_oracle_mpc
corner_hot_resistive_optimistic,oracle_mpc,1710.0,0.35071240237167556,0.359499605922854,0.0,3.669821944873489,34.13425358933944,False,False,False,True,0.0,False,False,False,False,phase5b0_oracle_mpc
corner_hot_resistive_optimistic,oracle_mpc,1715.0,0.35071240237167556,0.35916367447863035,0.0,3.667020297065715,34.10829007348989,False,False,False,True,0.0,False,False,False,False,phase5b0_oracle_mpc
corner_hot_resistive_optimistic,oracle_mpc,1720.0,0.35071240237167556,0.3580163661334778,0.0,3.664651386479669,34.082489611052694,True,False,False,True,3.822713899993687,False,True,False,False,phase5b0_oracle_mpc
corner_hot_resistive_optimistic,oracle_mpc,1725.0,0.35071240237167556,0.35627675658054736,0.0,3.662615192336506,34.056851178036524,False,False,False,True,0.0,False,False,False,False,phase5b0_oracle_mpc
corner_hot_resistive_optimistic,oracle_mpc,1730.0,0.35071240237167556,0.3571732573034723,0.0,3.6608365790281754,34.0313737568808,False,False,False,True,0.0,False,False,False,False,phase5b0_oracle_mpc
corner_hot_resistive_optimistic,oracle_mpc,1735.0,0.35071240237167556,0.35716563312753813,0.0,3.6592590418147872,34.00605633641532,False,False,False,True,0.0,False,False,False,False,phase5b0_oracle_mpc
corner_hot_resistive_optimistic,oracle_mpc,1740.0,0.35071240237167556,0.3555683087481014,0.0,3.657840026472301,33.98089791182016,False,False,False,True,0.0,False,False,False,False,phase5b0_oracle_mpc
corner_hot_resistive_optimistic,oracle_mpc,1745.0,0.3507991814287828,0.3550075251823024,0.28116414502745746,3.6647671114793026,33.95699865101194,True,True,True,False,0.8952892000015709,False,True,False,False,phase5b0_oracle_mpc
corner_hot_resistive_optimistic,oracle_mpc,1750.0,0.35088596048589005,0.354895269020157,0.28116414502745746,3.664395421579167,33.933238394409024,False,True,True,False,0.0,False,False,False,False,phase5b0_oracle_mpc
corner_hot_resistive_optimistic,oracle_mpc,1755.0,0.3509727395429973,0.3543867643089988,0.28116414502745746,3.6639561692825278,33.9096139405713,False,True,True,False,0.0,False,False,False,False,phase5b0_oracle_mpc
corner_hot_resistive_optimistic,oracle_mpc,1760.0,0.35105951860010454,0.35410186251850545,0.28116414502745746,3.663472226985975,33.886122864237635,False,True,True,False,0.0,False,False,False,False,phase5b0_oracle_mpc
corner_hot_resistive_optimistic,oracle_mpc,1765.0,0.3511462976572118,0.35429831525464484,0.28116414502745746,3.662960518192469,33.862763312871444,False,True,True,False,0.0,False,False,False,False,phase5b0_oracle_mpc
corner_hot_resistive_optimistic,oracle_mpc,1770.0,0.3518503606649363,0.3555064687310686,2.281164145027458,3.7209021896269534,33.85926140890743,True,True,True,False,1.1857216999997036,False,True,False,True,phase5b0_oracle_mpc
corner_hot_resistive_optimistic,oracle_mpc,1775.0,0.3527151962775939,0.356296207511825,2.8020673850106808,3.7414208911661606,33.866002122310235,True,True,True,False,0.9582064999995055,False,True,False,False,phase5b0_oracle_mpc
corner_hot_resistive_optimistic,oracle_mpc,1780.0,0.3535800318902515,0.35709838644583775,2.8020673850106808,3.747152254157015,33.87429920780759,False,True,True,False,0.0,False,False,False,False,phase5b0_oracle_mpc
corner_hot_resistive_optimistic,oracle_mpc,1785.0,0.3544448675029091,0.3583210259004029,2.8020673850106808,3.751794672593798,33.88378886262958,False,True,True,False,0.0,False,False,False,False,phase5b0_oracle_mpc
corner_hot_resistive_optimistic,oracle_mpc,1790.0,0.3553097031155667,0.35822715386854964,2.8020673850106808,3.7556165954738376,33.89419711987193,False,True,True,False,0.0,False,False,False,False,phase5b0_oracle_mpc
corner_hot_resistive_optimistic,oracle_mpc,1795.0,0.3561745387282243,0.35997164414234617,2.8020673850106808,3.7588190869881,33.90531727799266,False,True,True,False,0.0,False,False,False,False,phase5b0_oracle_mpc
corner_hot_resistive_optimistic,oracle_mpc,1800.0,0.3561745387282243,0.3611490084596839,0.0,3.6796383393333154,33.88079162487676,True,False,False,True,2.5976819999996223,False,True,False,True,phase5b0_oracle_mpc
corner_hot_resistive_optimistic,oracle_mpc,1805.0,0.3561745387282243,0.36137589880009086,0.0,3.6738590511000657,33.856419874889994,True,False,False,True,3.7569306999939727,False,True,False,False,phase5b0_oracle_mpc
corner_hot_resistive_optimistic,oracle_mpc,1810.0,0.3561745387282243,0.3603097946451113,0.0,3.669316441929586,33.83220118187069,False,False,False,True,0.0,False,False,False,False,phase5b0_oracle_mpc
corner_hot_resistive_optimistic,oracle_mpc,1815.0,0.3561745387282243,0.35959538858858453,0.0,3.665706353065705,33.80813458460613,False,False,False,True,0.0,False,False,False,False,phase5b0_oracle_mpc
corner_hot_resistive_optimistic,oracle_mpc,1820.0,0.3561745387282243,0.3592143153300019,0.0,3.6628009523104645,33.784219127920174,False,False,False,True,0.0,False,False,False,False,phase5b0_oracle_mpc
corner_hot_resistive_optimistic,oracle_mpc,1825.0,0.3561745387282243,0.35952295734044193,0.0,3.660429529589323,33.760453862635224,False,False,False,True,0.0,False,False,False,False,phase5b0_oracle_mpc
corner_hot_resistive_optimistic,oracle_mpc,1830.0,0.3567918226788416,0.35941324469101804,2.0000000000000013,3.716931305204179,33.753550688030856,True,True,True,False,0.5905802999986918,False,True,False,True,phase5b0_oracle_mpc
corner_hot_resistive_optimistic,oracle_mpc,1835.0,0.35768375459383994,0.3601603895118156,2.8898594045946986,3.7471119033689635,33.7623315512395,True,True,True,False,1.1486057000001892,False,True,False,False,phase5b0_oracle_mpc
corner_hot_resistive_optimistic,oracle_mpc,1840.0,0.3585756865088383,0.3622123242009464,2.8898594045946986,3.7530309308636545,33.77275780617463,False,True,True,False,0.0,False,False,False,False,phase5b0_oracle_mpc
corner_hot_resistive_optimistic,oracle_mpc,1845.0,0.3594676184238367,0.3638631330877245,2.8898594045946986,3.7578411557508127,33.784447419301394,False,True,True,False,0.0,False,False,False,False,phase5b0_oracle_mpc
corner_hot_resistive_optimistic,oracle_mpc,1850.0,0.36035955033883504,0.36405239396931915,2.8898594045946986,3.7618153256131586,33.797112508422344,False,True,True,False,0.0,False,False,False,False,phase5b0_oracle_mpc
corner_hot_resistive_optimistic,oracle_mpc,1855.0,0.3612514822538334,0.36426226557853425,2.8898594045946986,3.765157745176159,33.8105356827581,False,True,True,False,0.0,False,False,False,False,phase5b0_oracle_mpc
corner_hot_resistive_optimistic,oracle_mpc,1860.0,0.3621423791950308,0.3656355283814342,2.886506089479465,3.7679234698831845,33.824482013964285,True,True,True,False,0.298042099995655,False,True,False,False,phase5b0_oracle_mpc
corner_hot_resistive_optimistic,oracle_mpc,1865.0,0.36303327613622816,0.36619545360475625,2.886506089479465,3.770413542162725,33.83889377285149,False,True,True,False,0.0,False,False,False,False,phase5b0_oracle_mpc
corner_hot_resistive_optimistic,oracle_mpc,1870.0,0.36392417307742553,0.36732346098244273,2.886506089479465,3.7726275539985425,33.85367640214511,False,True,True,False,0.0,False,False,False,False,phase5b0_oracle_mpc
corner_hot_resistive_optimistic,oracle_mpc,1875.0,0.3648150700186229,0.36846542977067553,2.886506089479465,3.774629644030216,33.86875744921207,False,True,True,False,0.0,False,False,False,False,phase5b0_oracle_mpc
corner_hot_resistive_optimistic,oracle_mpc,1880.0,0.36570596695982027,0.36847882134741183,2.886506089479465,3.7764679847416964,33.884081063737824,False,True,True,False,0.0,False,False,False,False,phase5b0_oracle_mpc
corner_hot_resistive_optimistic,oracle_mpc,1885.0,0.3665806055607923,0.3698132446786915,2.833829067149421,3.776638906401474,33.89846948355081,True,True,True,False,0.31157640000310494,False,True,False,False,phase5b0_oracle_mpc
corner_hot_resistive_optimistic,oracle_mpc,1890.0,0.36745524416176434,0.3702807073116929,2.833829067149421,3.7780961565794073,33.91298071522937,False,True,True,False,0.0,False,False,False,False,phase5b0_oracle_mpc
corner_hot_resistive_optimistic,oracle_mpc,1895.0,0.36832988276273637,0.3707666669983123,2.833829067149421,3.779502060234481,33.92759792542606,False,True,True,False,0.0,False,False,False,False,phase5b0_oracle_mpc
corner_hot_resistive_optimistic,oracle_mpc,1900.0,0.3692045213637084,0.3723003705937193,2.833829067149421,3.780865251701079,33.94230719839538,False,True,True,False,0.0,False,False,False,False,phase5b0_oracle_mpc
corner_hot_resistive_optimistic,oracle_mpc,1905.0,0.37007915996468044,0.37317642869929657,2.833829067149421,3.7821923359760943,33.95709685274642,False,True,True,False,0.0,False,False,False,False,phase5b0_oracle_mpc
corner_hot_resistive_optimistic,oracle_mpc,1910.0,0.3709404413471614,0.37306126170111864,2.7905516792384604,3.782223288908334,33.97102203905237,True,True,True,False,0.10395099999732338,False,True,False,False,phase5b0_oracle_mpc
corner_hot_resistive_optimistic,oracle_mpc,1915.0,0.3718017227296424,0.37413618638168533,2.7905516792384604,3.7833663189356623,33.98497631303903,False,True,True,False,0.0,False,False,False,False,phase5b0_oracle_mpc
corner_hot_resistive_optimistic,oracle_mpc,1920.0,0.3726630041121234,0.3745232348897105,2.7905516792384604,3.784508624486108,33.998959930677366,False,True,True,False,0.0,False,False,False,False,phase5b0_oracle_mpc
corner_hot_resistive_optimistic,oracle_mpc,1925.0,0.37352428549460437,0.3760403873579808,2.7905516792384604,3.7856469559265538,34.01297206091313,False,True,True,False,0.0,False,False,False,False,phase5b0_oracle_mpc
corner_hot_resistive_optimistic,oracle_mpc,1930.0,0.37438556687708535,0.3779673105102484,2.7905516792384604,3.7867789980233906,34.02701109973157,False,True,True,False,0.0,False,False,False,False,phase5b0_oracle_mpc
corner_hot_resistive_optimistic,oracle_mpc,1935.0,0.3751019342968331,0.3800243929970084,2.321030439982732,3.7741778601725238,34.0314897977092,True,True,True,False,0.5653560999999172,False,True,False,False,phase5b0_oracle_mpc
corner_hot_resistive_optimistic,oracle_mpc,1940.0,0.3758183017165808,0.3797524324394746,2.321030439982732,3.7739266103234668,34.03570565398197,False,True,True,False,0.0,False,False,False,False,phase5b0_oracle_mpc
corner_hot_resistive_optimistic,oracle_mpc,1945.0,0.37653466913632855,0.38057148193368184,2.321030439982732,3.7739182350530776,34.039726112351104,False,True,True,False,0.0,False,False,False,False,phase5b0_oracle_mpc
corner_hot_resistive_optimistic,oracle_mpc,1950.0,0.3772510365560763,0.38147338520235746,2.321030439982732,3.7740906880574623,34.04360139060644,False,True,True,False,0.0,False,False,False,False,phase5b0_oracle_mpc
corner_hot_resistive_optimistic,oracle_mpc,1955.0,0.377967403975824,0.38123341484660267,2.321030439982732,3.774397573303704,34.04736884833483,False,True,True,False,0.0,False,False,False,False,phase5b0_oracle_mpc
corner_hot_resistive_optimistic,oracle_mpc,1960.0,0.3786208012386734,0.38197947723471826,2.1170071316321084,3.7688400783660483,34.04732320482956,True,True,True,False,0.24471740000444697,False,True,False,False,phase5b0_oracle_mpc
corner_hot_resistive_optimistic,oracle_mpc,1965.0,0.37927419850152283,0.3842903983071078,2.1170071316321084,3.7687267701686227,34.047115210997696,False,True,True,False,0.0,False,False,False,False,phase5b0_oracle_mpc
corner_hot_resistive_optimistic,oracle_mpc,1970.0,0.37992759576437224,0.38512942801138833,2.1170071316321084,3.7687776743425885,34.046786340463015,False,True,True,False,0.0,False,False,False,False,phase5b0_oracle_mpc
corner_hot_resistive_optimistic,oracle_mpc,1975.0,0.38058099302722165,0.38570532099092775,2.1170071316321084,3.768951554777562,34.04636763079894,False,True,True,False,0.0,False,False,False,False,phase5b0_oracle_mpc
corner_hot_resistive_optimistic,oracle_mpc,1980.0,0.38123439029007106,0.3865523407427078,2.1170071316321084,3.7692175541522963,34.04588231887048,False,True,True,False,0.0,False,False,False,False,phase5b0_oracle_mpc
corner_hot_resistive_optimistic,oracle_mpc,1985.0,0.38123439029007106,0.3870043460533849,0.0,3.7076666993446983,34.02047386755366,True,False,False,True,0.07962149999366375,False,True,False,True,phase5b0_oracle_mpc
corner_hot_resistive_optimistic,oracle_mpc,1990.0,0.38123439029007106,0.3864479149626044,0.0,3.7018921484733203,33.995224899456474,True,False,False,True,3.236895599999116,False,True,False,False,phase5b0_oracle_mpc
corner_hot_resistive_optimistic,oracle_mpc,1995.0,0.38123439029007106,0.3857749782584483,0.0,3.697295368967467,33.97013449734206,False,False,False,True,0.0,False,False,False,False,phase5b0_oracle_mpc
corner_hot_resistive_optimistic,oracle_mpc,2000.0,0.38123439029007106,0.3862244131003839,0.0,3.69358891551977,33.94520166540055,False,False,False,True,0.0,False,False,False,False,phase5b0_oracle_mpc
corner_hot_resistive_optimistic,oracle_mpc,2005.0,0.38123439029007106,0.38629151084577884,0.0,3.6905574008421054,33.92042541407591,False,False,False,True,0.0,False,False,False,False,phase5b0_oracle_mpc
corner_hot_resistive_optimistic,oracle_mpc,2010.0,0.38123439029007106,0.38604730597319054,0.0,3.6880393676717413,33.895804760026586,False,False,False,True,0.0,False,False,False,False,phase5b0_oracle_mpc
corner_hot_resistive_optimistic,oracle_mpc,2015.0,0.38185167424068833,0.38709848298494215,1.9999999999999998,3.74437916636882,33.88934696066368,True,True,True,False,1.1187962999974843,False,True,False,True,phase5b0_oracle_mpc
corner_hot_resistive_optimistic,oracle_mpc,2020.0,0.38185167424068833,0.38778981239105437,0.0,3.68991029204527,33.864921543261225,True,False,False,True,2.915066299996397,False,True,False,True,phase5b0_oracle_mpc
corner_hot_resistive_optimistic,oracle_mpc,2025.0,0.3824689581913056,0.38826308270971827,1.9999999999999993,3.7457088342401317,33.858873396212005,True,True,True,False,0.8398970000052941,False,True,False,True,phase5b0_oracle_mpc
corner_hot_resistive_optimistic,oracle_mpc,2030.0,0.3824689581913056,0.3894833184268598,0.0,3.6908414430301493,33.83463935649688,True,False,False,True,4.397164999994857,False,True,False,True,phase5b0_oracle_mpc
corner_hot_resistive_optimistic,oracle_mpc,2035.0,0.3824689581913056,0.39036194726646106,0.0,3.6878826017722712,33.81055744725783,True,False,False,True,3.6659141999989515,False,True,False,False,phase5b0_oracle_mpc
corner_hot_resistive_optimistic,oracle_mpc,2040.0,0.3824689581913056,0.3910002425645848,0.0,3.6854476925221578,33.78662677475806,False,False,False,True,0.0,False,False,False,False,phase5b0_oracle_mpc
corner_hot_resistive_optimistic,oracle_mpc,2045.0,0.3824689581913056,0.3904485019438421,0.0,3.683412053028184,33.762846389216094,False,False,False,True,0.0,False,False,False,False,phase5b0_oracle_mpc
corner_hot_resistive_optimistic,oracle_mpc,2050.0,0.3824689581913056,0.38909817323153767,0.0,3.681682163799746,33.73921534681518,False,False,False,True,0.0,False,False,False,False,phase5b0_oracle_mpc
corner_hot_resistive_optimistic,oracle_mpc,2055.0,0.3824689581913056,0.3888622507696937,0.0,3.680187816915015,33.71573270966582,False,False,False,True,0.0,False,False,False,False,phase5b0_oracle_mpc
corner_hot_resistive_optimistic,oracle_mpc,2060.0,0.3830862421419229,0.38801055736627743,1.9999999999999996,3.7373418643455305,33.70871565239878,True,True,True,False,0.8488798000034876,False,True,False,True,phase5b0_oracle_mpc
corner_hot_resistive_optimistic,oracle_mpc,2065.0,0.38391771110655915,0.38889489500932306,2.6939594454215308,3.7622807933958122,33.71377105998177,True,True,True,False,0.9853323999996064,False,True,False,False,phase5b0_oracle_mpc
corner_hot_resistive_optimistic,oracle_mpc,2070.0,0.3847491800711954,0.39017482391796254,2.6939594454215308,3.7679903397444434,33.720335725561476,False,True,True,False,0.0,False,False,False,False,phase5b0_oracle_mpc
corner_hot_resistive_optimistic,oracle_mpc,2075.0,0.38558064903583167,0.3912735808159544,2.6939594454215308,3.772603623821766,33.72805728723767,False,True,True,False,0.0,False,False,False,False,phase5b0_oracle_mpc
corner_hot_resistive_optimistic,oracle_mpc,2080.0,0.38641211800046793,0.3913615767812057,2.6939594454215308,3.7763912581060377,33.736670456823624,False,True,True,False,0.0,False,False,False,False,phase5b0_oracle_mpc
corner_hot_resistive_optimistic,oracle_mpc,2085.0,0.3872435869651042,0.39254618501416566,2.6939594454215308,3.779555919357952,33.74597513549939,False,True,True,False,0.0,False,False,False,False,phase5b0_oracle_mpc
corner_hot_resistive_optimistic,oracle_mpc,2090.0,0.3872435869651042,0.39316629530911895,0.0,3.7034962598330257,33.722450157093256,True,False,False,True,0.7406749000001582,False,True,False,True,phase5b0_oracle_mpc
corner_hot_resistive_optimistic,oracle_mpc,2095.0,0.3872435869651042,0.3937573828073865,0.0,3.6979903925179585,33.69907280697085,True,False,False,True,4.159215200001199,True,True,False,False,phase5b0_oracle_mpc
corner_hot_resistive_optimistic,oracle_mpc,2100.0,0.3872435869651042,0.39431953513109097,0.0,3.6936616908380064,33.675842268887735,False,False,False,True,0.0,False,False,False,False,phase5b0_oracle_mpc
corner_hot_resistive_optimistic,oracle_mpc,2105.0,0.3872435869651042,0.39438113031375926,0.0,3.690220671895345,33.65275762084998,False,False,False,True,0.0,False,False,False,False,phase5b0_oracle_mpc
corner_hot_resistive_optimistic,oracle_mpc,2110.0,0.3872435869651042,0.39427455011952023,0.0,3.6874504952516904,33.62981794665389,False,False,False,True,0.0,False,False,False,False,phase5b0_oracle_mpc
corner_hot_resistive_optimistic,oracle_mpc,2115.0,0.3872435869651042,0.39510565560263683,0.0,3.685188685487556,33.60702233584958,False,False,False,True,0.0,False,False,False,False,phase5b0_oracle_mpc
corner_hot_resistive_optimistic,oracle_mpc,2120.0,0.38786087091572147,0.3940978998413604,1.999999999999999,3.741779926371209,33.60082926861828,True,True,True,False,0.571034000000509,False,True,False,True,phase5b0_oracle_mpc
corner_hot_resistive_optimistic,oracle_mpc,2125.0,0.3888137622565352,0.3938568463094267,3.0873679442365383,3.7778092273589916,33.61407298221985,True,True,True,False,0.5616598999986309,False,True,False,False,phase5b0_oracle_mpc
corner_hot_resistive_optimistic,oracle_mpc,2130.0,0.3897666535973489,0.39427637502273444,3.0873679442365383,3.7843673867785825,33.62925450930081,False,True,True,False,0.0,False,False,False,False,phase5b0_oracle_mpc
corner_hot_resistive_optimistic,oracle_mpc,2135.0,0.39071954493816263,0.3950323536295241,3.0873679442365383,3.789702406233407,33.64592346379965,False,True,True,False,0.0,False,False,False,False,phase5b0_oracle_mpc
corner_hot_resistive_optimistic,oracle_mpc,2140.0,0.39167243627897635,0.3954573560383342,3.0873679442365383,3.7941149093133584,33.663740328964835,False,True,True,False,0.0,False,False,False,False,phase5b0_oracle_mpc
corner_hot_resistive_optimistic,oracle_mpc,2145.0,0.3926253276197901,0.39647842462269717,3.0873679442365383,3.797830096255845,33.68244859907086,False,True,True,False,0.0,False,False,False,False,phase5b0_oracle_mpc
corner_hot_resistive_optimistic,oracle_mpc,2150.0,0.3935049402492175,0.3977907507080096,2.8499449193448188,3.79407588989418,33.69674308717973,True,True,True,False,0.2747564999954193,False,True,False,False,phase5b0_oracle_mpc
corner_hot_resistive_optimistic,oracle_mpc,2155.0,0.39438455287864493,0.39789801404509734,2.8499449193448188,3.79616909642454,33.71136464916661,False,True,True,False,0.0,False,False,False,False,phase5b0_oracle_mpc
corner_hot_resistive_optimistic,oracle_mpc,2160.0,0.39526416550807236,0.39868133383187554,2.8499449193448188,3.798082807234374,33.72625259060232,False,True,True,False,0.0,False,False,False,False,phase5b0_oracle_mpc
corner_hot_resistive_optimistic,oracle_mpc,2165.0,0.3961437781374998,0.3989951610723828,2.8499449193448188,3.7998570866016568,33.741359834448915,False,True,True,False,0.0,False,False,False,False,phase5b0_oracle_mpc
corner_hot_resistive_optimistic,oracle_mpc,2170.0,0.3970233907669272,0.4002380030860424,2.8499449193448188,3.8015220896508763,33.75664956540013,False,True,True,False,0.0,False,False,False,False,phase5b0_oracle_mpc
corner_hot_resistive_optimistic,oracle_mpc,2175.0,0.3978130330192375,0.40094184300410013,2.5584408974852813,3.7945784985883075,33.76607180330031,True,True,True,False,0.4341396000017994,False,True,False,False,phase5b0_oracle_mpc
corner_hot_resistive_optimistic,oracle_mpc,2180.0,0.39860267527154775,0.40182589380285805,2.5584408974852813,3.795238525675969,33.77541522749622,False,True,True,False,0.0,False,False,False,False,phase5b0_oracle_mpc
corner_hot_resistive_optimistic,oracle_mpc,2185.0,0.399392317523858,0.40334710596187356,2.5584408974852813,3.7959989445524345,33.78471069842988,False,True,True,False,0.0,False,False,False,False,phase5b0_oracle_mpc
corner_hot_resistive_optimistic,oracle_mpc,2190.0,0.4001819597761683,0.4053520354630583,2.5584408974852813,3.7968313687337147,33.79398039483486,False,True,True,False,0.0,False,False,False,False,phase5b0_oracle_mpc
corner_hot_resistive_optimistic,oracle_mpc,2195.0,0.40097160202847854,0.40661024220607034,2.5584408974852813,3.7977140229914608,33.80324004631864,False,True,True,False,0.0,False,False,False,False,phase5b0_oracle_mpc
corner_hot_resistive_optimistic,oracle_mpc,2200.0,0.4016844674841669,0.40785276492032163,2.3096840764303037,3.7913585855261367,33.80771537459208,True,True,True,False,0.22313459999713814,False,True,False,False,phase5b0_oracle_mpc
corner_hot_resistive_optimistic,oracle_mpc,2205.0,0.4023973329398553,0.40922772714366007,2.3096840764303037,3.7915737150082234,33.81205033319128,False,True,True,False,0.0,False,False,False,False,phase5b0_oracle_mpc
corner_hot_resistive_optimistic,oracle_mpc,2210.0,0.4031101983955437,0.4102028380714425,2.3096840764303037,3.791936765863521,33.816285970021895,False,True,True,False,0.0,False,False,False,False,phase5b0_oracle_mpc
corner_hot_resistive_optimistic,oracle_mpc,2215.0,0.40382306385123207,0.41135747036039205,2.3096840764303037,3.792408743704037,33.82045256470385,False,True,True,False,0.0,False,False,False,False,phase5b0_oracle_mpc
corner_hot_resistive_optimistic,oracle_mpc,2220.0,0.40453592930692045,0.4112905939105911,2.3096840764303037,3.7929605256342036,33.82457236602564,False,True,True,False,0.0,False,False,False,False,phase5b0_oracle_mpc
corner_hot_resistive_optimistic,oracle_mpc,2225.0,0.40523207042851433,0.41175567087665094,2.255497233964099,3.791986284913462,33.8276698192483,True,True,True,False,0.11923250000108965,False,True,False,False,phase5b0_oracle_mpc
corner_hot_resistive_optimistic,oracle_mpc,2230.0,0.4059282115501082,0.41194756558692003,2.255497233964099,3.7924802412717793,33.830717945384954,False,True,True,False,0.0,False,False,False,False,phase5b0_oracle_mpc
corner_hot_resistive_optimistic,oracle_mpc,2235.0,0.4066243526717021,0.4132825385973512,2.255497233964099,3.793033141818981,33.83373281448418,False,True,True,False,0.0,False,False,False,False,phase5b0_oracle_mpc
corner_hot_resistive_optimistic,oracle_mpc,2240.0,0.407320493793296,0.41428217585451727,2.255497233964099,3.7936288855970886,33.83672615710035,False,True,True,False,0.0,False,False,False,False,phase5b0_oracle_mpc
corner_hot_resistive_optimistic,oracle_mpc,2245.0,0.4080166349148899,0.41454162822982105,2.255497233964099,3.794255464744256,33.839706469619514,False,True,True,False,0.0,False,False,False,False,phase5b0_oracle_mpc
corner_hot_resistive_optimistic,oracle_mpc,2250.0,0.4088592764472269,0.41529468101330835,2.730158564771922,3.8087797134418815,33.85190446818066,True,True,True,False,0.6618812000015168,False,True,False,False,phase5b0_oracle_mpc
corner_hot_resistive_optimistic,oracle_mpc,2255.0,0.40970191797956396,0.41570145618434634,2.730158564771922,3.810824826146359,33.86443372171244,False,True,True,False,0.0,False,False,False,False,phase5b0_oracle_mpc
corner_hot_resistive_optimistic,oracle_mpc,2260.0,0.410544559511901,0.4163366549654179,2.730158564771922,3.8126246852020746,33.87721489465898,False,True,True,False,0.0,False,False,False,False,phase5b0_oracle_mpc
corner_hot_resistive_optimistic,oracle_mpc,2265.0,0.41138720104423804,0.4165854440400669,2.730158564771922,3.814237910095465,33.890187786696686,False,True,True,False,0.0,False,False,False,False,phase5b0_oracle_mpc
corner_hot_resistive_optimistic,oracle_mpc,2270.0,0.4122298425765751,0.41694021784646945,2.730158564771922,3.8157084667354058,33.90330652653006,False,True,True,False,0.0,False,False,False,False,phase5b0_oracle_mpc
corner_hot_resistive_optimistic,oracle_mpc,2275.0,0.41305677329085794,0.4181732671511264,2.6792555142764445,3.815581347513284,33.915461400048855,True,True,True,False,0.2953221999996458,False,True,False,False,phase5b0_oracle_mpc
corner_hot_resistive_optimistic,oracle_mpc,2280.0,0.4138837040051408,0.4196295551901273,2.6792555142764445,3.816709249273441,33.92766271978644,False,True,True,False,0.0,False,False,False,False,phase5b0_oracle_mpc
corner_hot_resistive_optimistic,oracle_mpc,2285.0,0.41471063471942365,0.42121866920672774,2.6792555142764445,3.8177983105909514,33.93989863988323,False,True,True,False,0.0,False,False,False,False,phase5b0_oracle_mpc
corner_hot_resistive_optimistic,oracle_mpc,2290.0,0.4155375654337065,0.42224763055461395,2.6792555142764445,3.8188558893736144,33.952159662367876,False,True,True,False,0.0,False,False,False,False,phase5b0_oracle_mpc
corner_hot_resistive_optimistic,oracle_mpc,2295.0,0.41636449614798937,0.42163739773595715,2.6792555142764445,3.819887570695205,33.96443807339156,False,True,True,False,0.0,False,False,False,False,phase5b0_oracle_mpc
corner_hot_resistive_optimistic,oracle_mpc,2300.0,0.4171979464915917,0.42229298823382755,2.700379113271578,3.821515083302789,33.97717582794145,True,True,True,False,0.24961199999961536,False,True,False,False,phase5b0_oracle_mpc
corner_hot_resistive_optimistic,oracle_mpc,2305.0,0.418031396835194,0.42393600409603716,2.700379113271578,3.822568184744922,33.989934238162306,False,True,True,False,0.0,False,False,False,False,phase5b0_oracle_mpc
corner_hot_resistive_optimistic,oracle_mpc,2310.0,0.41886484717879635,0.42389803212408284,2.700379113271578,3.8235940437233977,34.00270510243882,False,True,True,False,0.0,False,False,False,False,phase5b0_oracle_mpc
corner_hot_resistive_optimistic,oracle_mpc,2315.0,0.4196982975223987,0.42525275345752145,2.700379113271578,3.824597380548521,34.015481739404684,False,True,True,False,0.0,False,False,False,False,phase5b0_oracle_mpc
corner_hot_resistive_optimistic,oracle_mpc,2320.0,0.420531747866001,0.42555932354023807,2.700379113271578,3.825581797948421,34.02825862605481,False,True,True,False,0.0,False,False,False,False,phase5b0_oracle_mpc
corner_hot_resistive_optimistic,oracle_mpc,2325.0,0.42138393700523075,0.4254599622948903,2.761092811104351,3.828324770379446,34.0423429701509,True,True,True,False,0.33159709999745246,False,True,False,False,phase5b0_oracle_mpc
corner_hot_resistive_optimistic,oracle_mpc,2330.0,0.4222361261444605,0.4266162540594016,2.761092811104351,3.8294555806159853,34.05646260783932,False,True,True,False,0.0,False,False,False,False,phase5b0_oracle_mpc
corner_hot_resistive_optimistic,oracle_mpc,2335.0,0.42308831528369023,0.42601865646508663,2.761092811104351,3.830541352660496,34.07060331390652,False,True,True,False,0.0,False,False,False,False,phase5b0_oracle_mpc
corner_hot_resistive_optimistic,oracle_mpc,2340.0,0.42394050442292,0.426072502925446,2.761092811104351,3.8315913588365316,34.08475392015104,False,True,True,False,0.0,False,False,False,False,phase5b0_oracle_mpc
corner_hot_resistive_optimistic,oracle_mpc,2345.0,0.4247926935621497,0.42611290916489897,2.761092811104351,3.832612606400123,34.09890556434934,False,True,True,False,0.0,False,False,False,False,phase5b0_oracle_mpc
corner_hot_resistive_optimistic,oracle_mpc,2350.0,0.4257121468187445,0.42668216800940745,2.979028551366999,3.8399807316082457,34.11796507838798,True,True,True,False,0.38074410000263015,False,True,False,False,phase5b0_oracle_mpc
corner_hot_resistive_optimistic,oracle_mpc,2355.0,0.42663160007533923,0.4276558052328519,2.979028551366999,3.841592822573369,34.137182560006636,False,True,True,False,0.0,False,False,False,False,phase5b0_oracle_mpc
corner_hot_resistive_optimistic,oracle_mpc,2360.0,0.427551053331934,0.4275342973069972,2.979028551366999,3.8430712926557877,34.156511292666444,False,True,True,False,0.0,False,False,False,False,phase5b0_oracle_mpc
corner_hot_resistive_optimistic,oracle_mpc,2365.0,0.42847050658852875,0.4277762571114291,2.979028551366999,3.844447108375798,34.17591558423441,False,True,True,False,0.0,False,False,False,False,phase5b0_oracle_mpc
corner_hot_resistive_optimistic,oracle_mpc,2370.0,0.4293899598451235,0.42851356909257926,2.979028551366999,3.8457435315272157,34.19536801067885,False,True,True,False,0.0,False,False,False,False,phase5b0_oracle_mpc
corner_hot_resistive_optimistic,oracle_mpc,2375.0,0.430278767286799,0.4303742648780091,2.87973611102844,3.84407574868179,34.21254232763196,True,True,True,False,0.11165330000221729,False,True,False,False,phase5b0_oracle_mpc
corner_hot_resistive_optimistic,oracle_mpc,2380.0,0.43116757472847445,0.4316524928009337,2.87973611102844,3.8449728663144205,34.22965138188256,False,True,True,False,0.0,False,False,False,False,phase5b0_oracle_mpc
corner_hot_resistive_optimistic,oracle_mpc,2385.0,0.4320563821701499,0.4331983899109643,2.87973611102844,3.845884634611107,34.24670091516976,False,True,True,False,0.0,False,False,False,False,phase5b0_oracle_mpc
corner_hot_resistive_optimistic,oracle_mpc,2390.0,0.4329451896118254,0.43454889508006034,2.87973611102844,3.8468055415529854,34.26369476118456,False,True,True,False,0.0,False,False,False,False,phase5b0_oracle_mpc
corner_hot_resistive_optimistic,oracle_mpc,2395.0,0.43383399705350084,0.4349094178716437,2.87973611102844,3.8477315251384545,34.280635351428316,False,True,True,False,0.0,False,False,False,False,phase5b0_oracle_mpc
corner_hot_resistive_optimistic,oracle_mpc,2400.0,0.43468243864856554,0.43586054219010506,2.7489507680096223,3.84483679847427,34.29455843823012,True,True,True,False,0.3051651999994647,False,True,False,False,phase5b0_oracle_mpc
corner_hot_resistive_optimistic,oracle_mpc,2405.0,0.43553088024363024,0.4373218215785329,2.7489507680096223,3.845384588486514,34.30833868011049,False,True,True,False,0.0,False,False,False,False,phase5b0_oracle_mpc
corner_hot_resistive_optimistic,oracle_mpc,2410.0,0.43637932183869493,0.439604525099055,2.7489507680096223,3.846001114713663,34.32199919031509,False,True,True,False,0.0,False,False,False,False,phase5b0_oracle_mpc
corner_hot_resistive_optimistic,oracle_mpc,2415.0,0.43722776343375963,0.44040589438744454,2.7489507680096223,3.846668098187805,34.335557067796245,False,True,True,False,0.0,False,False,False,False,phase5b0_oracle_mpc
corner_hot_resistive_optimistic,oracle_mpc,2420.0,0.43807620502882433,0.4419351894376755,2.7489507680096223,3.847371895957071,34.34902492827129,False,True,True,False,0.0,False,False,False,False,phase5b0_oracle_mpc
corner_hot_resistive_optimistic,oracle_mpc,2425.0,0.4388529078472856,0.4432929471051554,2.5165171318144384,3.8413084100080335,34.35738004527218,True,True,True,False,0.42496209999808343,False,True,False,False,phase5b0_oracle_mpc
corner_hot_resistive_optimistic,oracle_mpc,2430.0,0.43962961066574685,0.44223730814240725,2.5165171318144384,3.841382191141602,34.36551659779184,False,True,True,False,0.0,False,False,False,False,phase5b0_oracle_mpc
corner_hot_resistive_optimistic,oracle_mpc,2435.0,0.4404063134842081,0.44384306012221086,2.5165171318144384,3.841594451744321,34.37347651872641,False,True,True,False,0.0,False,False,False,False,phase5b0_oracle_mpc
corner_hot_resistive_optimistic,oracle_mpc,2440.0,0.4411830163026694,0.44403751349079607,2.5165171318144384,3.841910502501297,34.38129129722823,False,True,True,False,0.0,False,False,False,False,phase5b0_oracle_mpc
corner_hot_resistive_optimistic,oracle_mpc,2445.0,0.44195971912113063,0.444846661839755,2.5165171318144384,3.842304383009065,34.38898461761484,False,True,True,False,0.0,False,False,False,False,phase5b0_oracle_mpc
corner_hot_resistive_optimistic,oracle_mpc,2450.0,0.442669463305415,0.4455841951539295,2.2995711570812976,3.8364154395542056,34.39218710128641,True,True,True,False,0.5878988000040408,False,True,False,False,phase5b0_oracle_mpc
corner_hot_resistive_optimistic,oracle_mpc,2455.0,0.4433792074896994,0.44566287566668317,2.2995711570812976,3.8362808845145446,34.39518110151354,False,True,True,False,0.0,False,False,False,False,phase5b0_oracle_mpc
corner_hot_resistive_optimistic,oracle_mpc,2460.0,0.44408895167398377,0.4462661387662767,2.2995711570812976,3.8362960277012688,34.39800784063266,False,True,True,False,0.0,False,False,False,False,phase5b0_oracle_mpc
corner_hot_resistive_optimistic,oracle_mpc,2465.0,0.44479869585826814,0.4476444678806349,2.2995711570812976,3.8364242567782694,34.40069847048292,False,True,True,False,0.0,False,False,False,False,phase5b0_oracle_mpc
corner_hot_resistive_optimistic,oracle_mpc,2470.0,0.4455084400425525,0.4483887206439943,2.2995711570812976,3.8366381425982476,34.40327660793239,False,True,True,False,0.0,False,False,False,False,phase5b0_oracle_mpc
corner_hot_resistive_optimistic,oracle_mpc,2475.0,0.4459786773345528,0.44788779357434905,1.523568826080881,3.814234897178506,34.392375192236315,True,True,True,False,0.5025941999992938,False,True,False,False,phase5b0_oracle_mpc
corner_hot_resistive_optimistic,oracle_mpc,2480.0,0.4464489146265531,0.44869917047157665,1.523568826080881,3.8123075265983855,34.38114461885868,False,True,True,False,0.0,False,False,False,False,phase5b0_oracle_mpc
corner_hot_resistive_optimistic,oracle_mpc,2485.0,0.4469191519185534,0.44911890189335146,1.523568826080881,3.810835768597251,34.369667362450315,False,True,True,False,0.0,False,False,False,False,phase5b0_oracle_mpc
corner_hot_resistive_optimistic,oracle_mpc,2490.0,0.4473893892105537,0.4494676830342957,1.523568826080881,3.809709122109555,34.358005751674774,False,True,True,False,0.0,False,False,False,False,phase5b0_oracle_mpc
corner_hot_resistive_optimistic,oracle_mpc,2495.0,0.447859626502554,0.4507889407467169,1.523568826080881,3.8088447643913943,34.34620704803582,False,True,True,False,0.0,False,False,False,False,phase5b0_oracle_mpc
corner_hot_resistive_optimistic,oracle_mpc,2500.0,0.447859626502554,0.45086768631278784,0.0,3.7636471669045815,34.31891249646713,True,False,False,True,3.2164129999946454,False,True,False,False,phase5b0_oracle_mpc
corner_hot_resistive_optimistic,oracle_mpc,2505.0,0.447859626502554,0.4511874017223177,0.0,3.75870705700684,34.29178930466681,False,False,False,True,0.0,False,False,False,False,phase5b0_oracle_mpc
corner_hot_resistive_optimistic,oracle_mpc,2510.0,0.447859626502554,0.4518066568974668,0.0,3.7547052480982477,34.26483644915694,False,False,False,True,0.0,False,False,False,False,phase5b0_oracle_mpc
corner_hot_resistive_optimistic,oracle_mpc,2515.0,0.447859626502554,0.45226420321618327,0.0,3.7514155333840615,34.238052860209,False,False,False,True,0.0,False,False,False,False,phase5b0_oracle_mpc
corner_hot_resistive_optimistic,oracle_mpc,2520.0,0.447859626502554,0.45187407549459174,0.0,3.748668318409556,34.21143747481247,False,False,False,True,0.0,False,False,False,False,phase5b0_oracle_mpc
corner_hot_resistive_optimistic,oracle_mpc,2525.0,0.447859626502554,0.4503997653552499,0.0,3.7463363819012985,34.184989236632646,True,False,False,True,3.6381135000046925,False,True,False,False,phase5b0_oracle_mpc
corner_hot_resistive_optimistic,oracle_mpc,2530.0,0.447859626502554,0.4507043070092936,0.0,3.7443242203773455,34.158707095968694,False,False,False,True,0.0,False,False,False,False,phase5b0_oracle_mpc
corner_hot_resistive_optimistic,oracle_mpc,2535.0,0.447859626502554,0.4503588641498557,0.0,3.7425600744727467,34.13259000971201,False,False,False,True,0.0,False,False,False,False,phase5b0_oracle_mpc
corner_hot_resistive_optimistic,oracle_mpc,2540.0,0.447859626502554,0.4494967966119457,0.0,3.740989961980906,34.10663694130482,False,False,False,True,0.0,False,False,False,False,phase5b0_oracle_mpc
corner_hot_resistive_optimistic,oracle_mpc,2545.0,0.447859626502554,0.44972922668643833,0.0,3.7395732125140686,34.08084686069902,False,False,False,True,0.0,False,False,False,False,phase5b0_oracle_mpc
corner_hot_resistive_optimistic,oracle_mpc,2550.0,0.4484769104531713,0.4498438879042269,2.0000000000000004,3.796738483144286,34.07247619406712,True,True,True,False,0.7565857000008691,False,True,False,True,phase5b0_oracle_mpc
corner_hot_resistive_optimistic,oracle_mpc,2555.0,0.449381896255948,0.4507383753649292,2.932154000996531,3.828605122426436,34.081028762100324,True,True,True,False,0.9371246000009705,False,True,False,False,phase5b0_oracle_mpc
corner_hot_resistive_optimistic,oracle_mpc,2560.0,0.4502868820587247,0.45149529438899316,2.932154000996531,3.834941114453522,34.091401998997846,False,True,True,False,0.0,False,False,False,False,phase5b0_oracle_mpc
corner_hot_resistive_optimistic,oracle_mpc,2565.0,0.4511918678615014,0.4524227544487734,2.932154000996531,3.84003040896576,34.10315988075557,False,True,True,False,0.0,False,False,False,False,phase5b0_oracle_mpc
corner_hot_resistive_optimistic,oracle_mpc,2570.0,0.4520968536642781,0.4541257123320667,2.932154000996531,3.8441816730903673,34.1159744873618,False,True,True,False,0.0,False,False,False,False,phase5b0_oracle_mpc
corner_hot_resistive_optimistic,oracle_mpc,2575.0,0.4530018394670548,0.4541571488662427,2.932154000996531,3.847626053690159,34.129598816356804,False,True,True,False,0.0,False,False,False,False,phase5b0_oracle_mpc
corner_hot_resistive_optimistic,oracle_mpc,2580.0,0.4537656878070522,0.45475481972946263,2.4748686215915137,3.837170203556114,34.13450213116696,True,True,True,False,0.6254996999996365,False,True,False,False,phase5b0_oracle_mpc
corner_hot_resistive_optimistic,oracle_mpc,2585.0,0.45452953614704955,0.45524567643026814,2.4748686215915137,3.8383470870548817,34.139518042279846,False,True,True,False,0.0,False,False,False,False,phase5b0_oracle_mpc
corner_hot_resistive_optimistic,oracle_mpc,2590.0,0.4552933844870469,0.45599651005023223,2.4748686215915137,3.83946312801321,34.14462871428146,False,True,True,False,0.0,False,False,False,False,phase5b0_oracle_mpc
corner_hot_resistive_optimistic,oracle_mpc,2595.0,0.4560572328270443,0.4576876060015561,2.4748686215915137,3.840531226485536,34.149820093887016,False,True,True,False,0.0,False,False,False,False,phase5b0_oracle_mpc
corner_hot_resistive_optimistic,oracle_mpc,2600.0,0.4568210811670417,0.45807056814273917,2.4748686215915137,3.841561118579613,34.155081004893816,False,True,True,False,0.0,False,False,False,False,phase5b0_oracle_mpc
corner_hot_resistive_optimistic,oracle_mpc,2605.0,0.4568210811670417,0.45879006861270866,0.0,3.770218781207271,34.1289867968155,True,False,False,True,0.21080950000032317,False,True,False,True,phase5b0_oracle_mpc
corner_hot_resistive_optimistic,oracle_mpc,2610.0,0.4568210811670417,0.45907186729317906,0.0,3.763995387947135,34.10305635693679,True,False,False,True,3.0004772000029334,False,True,False,False,phase5b0_oracle_mpc
corner_hot_resistive_optimistic,oracle_mpc,2615.0,0.4568210811670417,0.45808736022825924,0.0,3.759082375877955,34.077288762750115,False,False,False,True,0.0,False,False,False,False,phase5b0_oracle_mpc
corner_hot_resistive_optimistic,oracle_mpc,2620.0,0.4568210811670417,0.45874797313572474,0.0,3.7551582791756557,34.05168299156864,False,False,False,True,0.0,False,False,False,False,phase5b0_oracle_mpc
corner_hot_resistive_optimistic,oracle_mpc,2625.0,0.4568210811670417,0.4591460943253035,0.0,3.7519822742489346,34.0262380271281,False,False,False,True,0.0,False,False,False,False,phase5b0_oracle_mpc
corner_hot_resistive_optimistic,oracle_mpc,2630.0,0.4568210811670417,0.45939447438651193,0.0,3.7493738903412583,34.00095285954648,False,False,False,True,0.0,False,False,False,False,phase5b0_oracle_mpc
corner_hot_resistive_optimistic,oracle_mpc,2635.0,0.45743836511765895,0.45836295377500813,1.999999999999998,3.8056586019729965,33.99346670256105,True,True,True,False,1.1143988000039826,False,True,False,True,phase5b0_oracle_mpc
corner_hot_resistive_optimistic,oracle_mpc,2640.0,0.45823445523222567,0.4592628888541767,2.5793319711961207,3.8265637043525675,33.9962306536476,True,True,True,False,1.2518114000049536,False,True,False,False,phase5b0_oracle_mpc
corner_hot_resistive_optimistic,oracle_mpc,2645.0,0.4590305453467924,0.46065855542389006,2.5793319711961207,3.831398205701705,34.000208289037325,False,True,True,False,0.0,False,False,False,False,phase5b0_oracle_mpc
corner_hot_resistive_optimistic,oracle_mpc,2650.0,0.4598266354613591,0.4613027687809298,2.5793319711961207,3.835304969869074,34.005114031848684,False,True,True,False,0.0,False,False,False,False,phase5b0_oracle_mpc
corner_hot_resistive_optimistic,oracle_mpc,2655.0,0.4606227255759258,0.46198632076268764,2.5793319711961207,3.838513598562356,34.01073304065605,False,True,True,False,0.0,False,False,False,False,phase5b0_oracle_mpc
corner_hot_resistive_optimistic,oracle_mpc,2660.0,0.46141881569049253,0.4631734067810219,2.5793319711961207,3.8411960340208897,34.016903424292096,False,True,True,False,0.0,False,False,False,False,phase5b0_oracle_mpc
corner_hot_resistive_optimistic,oracle_mpc,2665.0,0.46141881569049253,0.46421267953241085,0.0,3.768084679500084,33.99167698502136,True,False,False,True,1.5859503999963636,False,True,False,True,phase5b0_oracle_mpc
corner_hot_resistive_optimistic,oracle_mpc,2670.0,0.46141881569049253,0.4647483546038155,0.0,3.7625662573366,33.96660886415569,True,False,False,True,3.159664499995415,False,True,False,False,phase5b0_oracle_mpc
corner_hot_resistive_optimistic,oracle_mpc,2675.0,0.46141881569049253,0.46574636434545585,0.0,3.7582067583793544,33.94169817353453,False,False,False,True,0.0,False,False,False,False,phase5b0_oracle_mpc
corner_hot_resistive_optimistic,oracle_mpc,2680.0,0.46141881569049253,0.46534601478828624,0.0,3.7547219908474805,33.91694392448059,False,False,False,True,0.0,False,False,False,False,phase5b0_oracle_mpc
corner_hot_resistive_optimistic,oracle_mpc,2685.0,0.46141881569049253,0.4653604510699571,0.0,3.751899050749238,33.892345134525556,False,False,False,True,0.0,False,False,False,False,phase5b0_oracle_mpc
corner_hot_resistive_optimistic,oracle_mpc,2690.0,0.46141881569049253,0.4659930350817798,0.0,3.74957838616997,33.867900827371116,False,False,False,True,0.0,False,False,False,False,phase5b0_oracle_mpc
corner_hot_resistive_optimistic,oracle_mpc,2695.0,0.46141881569049253,0.46608558308545334,0.0,3.7476403758683072,33.84361003285022,True,False,False,True,3.545581400001538,False,True,False,False,phase5b0_oracle_mpc
corner_hot_resistive_optimistic,oracle_mpc,2700.0,0.46141881569049253,0.4665955058977468,0.0,3.7459952858995904,33.819471786888556,False,False,False,True,0.0,False,False,False,False,phase5b0_oracle_mpc
corner_hot_resistive_optimistic,oracle_mpc,2705.0,0.46141881569049253,0.467237776539144,0.0,3.744575753996741,33.79548513146629,False,False,False,True,0.0,False,False,False,False,phase5b0_oracle_mpc
corner_hot_resistive_optimistic,oracle_mpc,2710.0,0.46141881569049253,0.46691818179826755,0.0,3.743331165458665,33.77164911458004,False,False,False,True,0.0,False,False,False,False,phase5b0_oracle_mpc
corner_hot_resistive_optimistic,oracle_mpc,2715.0,0.46141881569049253,0.4669580543720768,0.0,3.742223444445481,33.747962790205115,False,False,False,True,0.0,False,False,False,False,phase5b0_oracle_mpc
corner_hot_resistive_optimistic,oracle_mpc,2720.0,0.46141881569049253,0.4672289162694507,0.0,3.7412239044181916,33.72442521825793,True,False,False,True,5.185506299996632,False,True,False,False,phase5b0_oracle_mpc
corner_hot_resistive_optimistic,oracle_mpc,2725.0,0.46141881569049253,0.4675400536850693,0.0,3.7403108911344463,33.701035464558736,False,False,False,True,0.0,False,False,False,False,phase5b0_oracle_mpc
corner_hot_resistive_optimistic,oracle_mpc,2730.0,0.46141881569049253,0.4668768036233385,0.0,3.7394680187143305,33.677792600794504,False,False,False,True,0.0,False,False,False,False,phase5b0_oracle_mpc
corner_hot_resistive_optimistic,oracle_mpc,2735.0,0.46141881569049253,0.46672985870041456,0.0,3.738682849502232,33.654695704482116,False,False,False,True,0.0,False,False,False,False,phase5b0_oracle_mpc
corner_hot_resistive_optimistic,oracle_mpc,2740.0,0.46141881569049253,0.46680208415263563,0.0,3.7379459060241245,33.63174385893175,False,False,False,True,0.0,False,False,False,False,phase5b0_oracle_mpc
corner_hot_resistive_optimistic,oracle_mpc,2745.0,0.4620360996411098,0.46664261929557566,1.9999999999999993,3.7957118563209895,33.62368368537581,True,True,True,False,1.4606949000008171,False,True,False,True,phase5b0_oracle_mpc
corner_hot_resistive_optimistic,oracle_mpc,2750.0,0.46295915147703237,0.46780427808788017,2.990687948389071,3.8298275382649285,33.63262758514593,True,True,True,False,2.1440984000000753,False,True,False,False,phase5b0_oracle_mpc
corner_hot_resistive_optimistic,oracle_mpc,2755.0,0.46388220331295493,0.4689485134734558,2.990687948389071,3.8368213243357348,33.643631180435065,False,True,True,False,0.0,False,False,False,False,phase5b0_oracle_mpc
corner_hot_resistive_optimistic,oracle_mpc,2760.0,0.4648052551488775,0.4701351026155831,2.990687948389071,3.842496465279764,33.656223928303405,False,True,True,False,0.0,False,False,False,False,phase5b0_oracle_mpc
corner_hot_resistive_optimistic,oracle_mpc,2765.0,0.46572830698480006,0.47073416942600477,2.990687948389071,3.84717691271701,33.670051009693054,False,True,True,False,0.0,False,False,False,False,phase5b0_oracle_mpc
corner_hot_resistive_optimistic,oracle_mpc,2770.0,0.4666513588207226,0.4716576057416115,2.990687948389071,3.8511053455156317,33.68484426186436,False,True,True,False,0.0,False,False,False,False,phase5b0_oracle_mpc
corner_hot_resistive_optimistic,oracle_mpc,2775.0,0.46727613778980287,0.47331228063219316,2.024283859820015,3.826213816152347,33.682575729624574,True,True,True,False,0.5842540000012377,False,True,False,False,phase5b0_oracle_mpc
corner_hot_resistive_optimistic,oracle_mpc,2780.0,0.4679009167588831,0.47403506181189764,2.024283859820015,3.826326232349642,33.68021294235477,False,True,True,False,0.0,False,False,False,False,phase5b0_oracle_mpc
corner_hot_resistive_optimistic,oracle_mpc,2785.0,0.4685256957279634,0.47488090367051783,2.024283859820015,3.826626766737312,33.67780120879271,False,True,True,False,0.0,False,False,False,False,phase5b0_oracle_mpc
corner_hot_resistive_optimistic,oracle_mpc,2790.0,0.46915047469704363,0.47478821340708854,2.024283859820015,3.8270653658529943,33.67537368763811,False,True,True,False,0.0,False,False,False,False,phase5b0_oracle_mpc
corner_hot_resistive_optimistic,oracle_mpc,2795.0,0.4697752536661239,0.47523002148219917,2.024283859820015,3.82760466684114,33.67295451157322,False,True,True,False,0.0,False,False,False,False,phase5b0_oracle_mpc
corner_hot_resistive_optimistic,oracle_mpc,2800.0,0.4705474898392041,0.4761256492697446,2.5020452007798113,3.8421829352752335,33.678691118058914,True,True,True,False,1.9210017000004882,False,True,False,False,phase5b0_oracle_mpc
corner_hot_resistive_optimistic,oracle_mpc,2805.0,0.4713197260122843,0.47663978703476273,2.5020452007798113,3.844237591630495,33.684778580977294,False,True,True,False,0.0,False,False,False,False,phase5b0_oracle_mpc
corner_hot_resistive_optimistic,oracle_mpc,2810.0,0.4720919621853645,0.4764684932456513,2.5020452007798113,3.846071935459708,33.69115113831242,False,True,True,False,0.0,False,False,False,False,phase5b0_oracle_mpc
corner_hot_resistive_optimistic,oracle_mpc,2815.0,0.4728641983584447,0.4774959714982787,2.5020452007798113,3.847737169785308,33.69775835287245,False,True,True,False,0.0,False,False,False,False,phase5b0_oracle_mpc
corner_hot_resistive_optimistic,oracle_mpc,2820.0,0.4736364345315249,0.47853558221102205,2.5020452007798113,3.849271754457914,33.70456127932822,False,True,True,False,0.0,False,False,False,False,phase5b0_oracle_mpc
corner_hot_resistive_optimistic,oracle_mpc,2825.0,0.4744761543954989,0.4792675998759523,2.720692359275766,3.857096386554659,33.715789400121004,True,True,True,False,1.1478645000024699,False,True,False,False,phase5b0_oracle_mpc
corner_hot_resistive_optimistic,oracle_mpc,2830.0,0.4753158742594729,0.48092828772029067,2.720692359275766,3.8590858342425975,33.7273269022477,False,True,True,False,0.0,False,False,False,False,phase5b0_oracle_mpc
corner_hot_resistive_optimistic,oracle_mpc,2835.0,0.47615559412344693,0.4817194936555161,2.720692359275766,3.860894195795911,33.73911517353785,False,True,True,False,0.0,False,False,False,False,phase5b0_oracle_mpc
corner_hot_resistive_optimistic,oracle_mpc,2840.0,0.47699531398742095,0.4817010487626629,2.720692359275766,3.8625625808582007,33.75110897103292,False,True,True,False,0.0,False,False,False,False,phase5b0_oracle_mpc
corner_hot_resistive_optimistic,oracle_mpc,2845.0,0.477835033851395,0.4826845767552261,2.720692359275766,3.8641219055971447,33.763273095972906,False,True,True,False,0.0,False,False,False,False,phase5b0_oracle_mpc
corner_hot_resistive_optimistic,oracle_mpc,2850.0,0.47860859832136676,0.48296043234397545,2.5063488827085223,3.859329269988889,33.77128743630771,True,True,True,False,0.6035783999977866,False,True,False,False,phase5b0_oracle_mpc
corner_hot_resistive_optimistic,oracle_mpc,2855.0,0.47938216279133855,0.48370718900626253,2.5063488827085223,3.8601103640563905,33.779272856602404,False,True,True,False,0.0,False,False,False,False,phase5b0_oracle_mpc
corner_hot_resistive_optimistic,oracle_mpc,2860.0,0.48015572726131034,0.48491726196706286,2.5063488827085223,3.8609517689318475,33.78724751988196,False,True,True,False,0.0,False,False,False,False,phase5b0_oracle_mpc
corner_hot_resistive_optimistic,oracle_mpc,2865.0,0.4809292917312821,0.4852472170097584,2.5063488827085223,3.861835435520774,33.795224175415484,False,True,True,False,0.0,False,False,False,False,phase5b0_oracle_mpc
corner_hot_resistive_optimistic,oracle_mpc,2870.0,0.4817028562012539,0.48663259393201524,2.5063488827085223,3.8627479586027182,33.803211561937275,False,True,True,False,0.0,False,False,False,False,phase5b0_oracle_mpc
corner_hot_resistive_optimistic,oracle_mpc,2875.0,0.4823269359806597,0.48787498401734414,2.022018485274618,3.849519851974169,33.802389980650666,True,True,True,False,0.30886109999846667,False,True,False,False,phase5b0_oracle_mpc
corner_hot_resistive_optimistic,oracle_mpc,2880.0,0.48295101576006544,0.4895290571423454,2.022018485274618,3.8490518620218213,33.80133672867617,False,True,True,False,0.0,False,False,False,False,phase5b0_oracle_mpc
corner_hot_resistive_optimistic,oracle_mpc,2885.0,0.4835750955394712,0.4891957483305569,2.022018485274618,3.848850452603427,33.800116022245845,False,True,True,False,0.0,False,False,False,False,phase5b0_oracle_mpc
corner_hot_resistive_optimistic,oracle_mpc,2890.0,0.48419917531887696,0.4899107574144212,2.022018485274618,3.848848120006226,33.79877575318826,False,True,True,False,0.0,False,False,False,False,phase5b0_oracle_mpc
corner_hot_resistive_optimistic,oracle_mpc,2895.0,0.4848232550982827,0.4898092279429839,2.022018485274618,3.848994369414998,33.797351623630036,False,True,True,False,0.0,False,False,False,False,phase5b0_oracle_mpc
corner_hot_resistive_optimistic,oracle_mpc,2900.0,0.4856265412128441,0.49078000772368874,2.6026470111788047,3.866226822428468,33.80640245844871,True,True,True,False,1.028214099998877,False,True,False,False,phase5b0_oracle_mpc
corner_hot_resistive_optimistic,oracle_mpc,2905.0,0.4864298273274055,0.49121789071925115,2.6026470111788047,3.8682585783886627,33.81578919244129,False,True,True,False,0.0,False,False,False,False,phase5b0_oracle_mpc
corner_hot_resistive_optimistic,oracle_mpc,2910.0,0.48723311344196685,0.49225408370982676,2.6026470111788047,3.8700396375042834,33.825434048838005,False,True,True,False,0.0,False,False,False,False,phase5b0_oracle_mpc
corner_hot_resistive_optimistic,oracle_mpc,2915.0,0.4880363995565282,0.49358249244668173,2.6026470111788047,3.8716303995964925,33.8352780521374,False,True,True,False,0.0,False,False,False,False,phase5b0_oracle_mpc
corner_hot_resistive_optimistic,oracle_mpc,2920.0,0.4888396856710896,0.49370390730910163,2.6026470111788047,3.8730761581832995,33.84527630007573,False,True,True,False,0.0,False,False,False,False,phase5b0_oracle_mpc
corner_hot_resistive_optimistic,oracle_mpc,2925.0,0.4896177964023166,0.49513601524368095,2.5210787691754692,3.872026046446416,33.85376126543652,True,True,True,False,0.4922433999963687,False,True,False,False,phase5b0_oracle_mpc
corner_hot_resistive_optimistic,oracle_mpc,2930.0,0.49039590713354364,0.4961674272968471,2.5210787691754692,3.8730374669458065,33.86228341091006,False,True,True,False,0.0,False,False,False,False,phase5b0_oracle_mpc
corner_hot_resistive_optimistic,oracle_mpc,2935.0,0.49117401786477066,0.4968814983383489,2.5210787691754692,3.8740264230633943,33.87083608565015,False,True,True,False,0.0,False,False,False,False,phase5b0_oracle_mpc
corner_hot_resistive_optimistic,oracle_mpc,2940.0,0.4919521285959977,0.49827428646322336,2.5210787691754692,3.8749966536828486,33.87941375771523,False,True,True,False,0.0,False,False,False,False,phase5b0_oracle_mpc
corner_hot_resistive_optimistic,oracle_mpc,2945.0,0.4927302393272247,0.5002994661707073,2.5210787691754692,3.8759510275151956,33.88801175729504,False,True,True,False,0.0,False,False,False,False,phase5b0_oracle_mpc
corner_hot_resistive_optimistic,oracle_mpc,2950.0,0.4934726929996987,0.5008058434183719,2.40554989881581,3.873513829063059,33.89435662357675,True,True,True,False,0.21599129999958677,False,True,False,False,phase5b0_oracle_mpc
corner_hot_resistive_optimistic,oracle_mpc,2955.0,0.4942151466721727,0.5017454242896098,2.40554989881581,3.874105644136519,33.900642202313655,False,True,True,False,0.0,False,False,False,False,phase5b0_oracle_mpc
corner_hot_resistive_optimistic,oracle_mpc,2960.0,0.4949576003446467,0.5020996211473975,2.40554989881581,3.8747489923975764,33.90688333585906,False,True,True,False,0.0,False,False,False,False,phase5b0_oracle_mpc
corner_hot_resistive_optimistic,oracle_mpc,2965.0,0.4957000540171207,0.5025791150178935,2.40554989881581,3.8754297906515998,33.91309081291945,False,True,True,False,0.0,False,False,False,False,phase5b0_oracle_mpc
corner_hot_resistive_optimistic,oracle_mpc,2970.0,0.4964425076895947,0.5027205380006395,2.40554989881581,3.8761375447469844,33.9192724065743,False,True,True,False,0.0,False,False,False,False,phase5b0_oracle_mpc
corner_hot_resistive_optimistic,oracle_mpc,2975.0,0.49721407087909275,0.5036929661060451,2.4998647339736513,3.879622230594557,33.92728142826459,True,True,True,False,0.8030919000011636,False,True,False,False,phase5b0_oracle_mpc
corner_hot_resistive_optimistic,oracle_mpc,2980.0,0.4979856340685908,0.5034843336515276,2.4998647339736513,3.880637724612572,33.93533389810368,False,True,True,False,0.0,False,False,False,False,phase5b0_oracle_mpc
corner_hot_resistive_optimistic,oracle_mpc,2985.0,0.49875719725808887,0.5047858697662684,2.4998647339736513,3.881611570244131,33.94341745614119,False,True,True,False,0.0,False,False,False,False,phase5b0_oracle_mpc
corner_hot_resistive_optimistic,oracle_mpc,2990.0,0.49952876044758693,0.5071718575582665,2.4998647339736513,3.8825529631406983,33.95152249069529,False,True,True,False,0.0,False,False,False,False,phase5b0_oracle_mpc
corner_hot_resistive_optimistic,oracle_mpc,2995.0,0.500300323637085,0.508418750242716,2.4998647339736513,3.8834687590329917,33.95964145671431,False,True,True,False,0.0,False,False,False,False,phase5b0_oracle_mpc
corner_hot_resistive_optimistic,oracle_mpc,3000.0,0.5010982779667351,0.5090572429659928,2.5853720280662777,3.8868637861010713,33.96949811850736,True,True,True,False,0.8333343000049354,False,True,False,False,phase5b0_oracle_mpc
corner_hot_resistive_optimistic,oracle_mpc,3005.0,0.5018962322963852,0.5090463532575575,2.5853720280662777,3.8879907230970665,33.97941518330387,False,True,True,False,0.0,False,False,False,False,phase5b0_oracle_mpc
corner_hot_resistive_optimistic,oracle_mpc,3010.0,0.5026941866260354,0.510277903528135,2.5853720280662777,3.8890573374669732,33.98937446514901,False,True,True,False,0.0,False,False,False,False,phase5b0_oracle_mpc
corner_hot_resistive_optimistic,oracle_mpc,3015.0,0.5034921409556855,0.5121711124569879,2.5853720280662777,3.890077154214963,33.999361954324556,False,True,True,False,0.0,False,False,False,False,phase5b0_oracle_mpc
corner_hot_resistive_optimistic,oracle_mpc,3020.0,0.5042900952853356,0.5118414789600465,2.5853720280662777,3.8910603507403,34.00936677837635,False,True,True,False,0.0,False,False,False,False,phase5b0_oracle_mpc
corner_hot_resistive_optimistic,oracle_mpc,3025.0,0.5050137746857974,0.5127731972227695,2.3447212574962646,3.8849777760891215,34.01457009848899,True,True,True,False,0.11659669999789912,False,True,False,False,phase5b0_oracle_mpc
corner_hot_resistive_optimistic,oracle_mpc,3030.0,0.5057374540862593,0.5135295146754827,2.3447212574962646,3.8852065703755096,34.01963053208564,False,True,True,False,0.0,False,False,False,False,phase5b0_oracle_mpc
corner_hot_resistive_optimistic,oracle_mpc,3035.0,0.5064611334867211,0.5133945910963101,2.3447212574962646,3.885546099357128,34.02457930611813,False,True,True,False,0.0,False,False,False,False,phase5b0_oracle_mpc
corner_hot_resistive_optimistic,oracle_mpc,3040.0,0.5071848128871829,0.5133687135503581,2.3447212574962646,3.8859681172950773,34.029439721376335,False,True,True,False,0.0,False,False,False,False,phase5b0_oracle_mpc
corner_hot_resistive_optimistic,oracle_mpc,3045.0,0.5079084922876447,0.5151231766111083,2.3447212574962646,3.886451502591331,34.03422916235228,False,True,True,False,0.0,False,False,False,False,phase5b0_oracle_mpc
corner_hot_resistive_optimistic,oracle_mpc,3050.0,0.5086523917498308,0.5169533613706379,2.4102342574829008,3.8888961028955875,34.04023009281604,True,True,True,False,0.8748668000043835,False,True,False,False,phase5b0_oracle_mpc
corner_hot_resistive_optimistic,oracle_mpc,3055.0,0.5093962912120169,0.5174106386009804,2.4102342574829008,3.889650015700702,34.04622150222985,False,True,True,False,0.0,False,False,False,False,phase5b0_oracle_mpc
corner_hot_resistive_optimistic,oracle_mpc,3060.0,0.510140190674203,0.51809278864965,2.4102342574829008,3.8903936318923367,34.05220067112277,False,True,True,False,0.0,False,False,False,False,phase5b0_oracle_mpc
corner_hot_resistive_optimistic,oracle_mpc,3065.0,0.5108840901363891,0.5189161452415294,2.4102342574829008,3.891128962343903,34.0581654587912,False,True,True,False,0.0,False,False,False,False,phase5b0_oracle_mpc
corner_hot_resistive_optimistic,oracle_mpc,3070.0,0.5116279895985753,0.5189425984229885,2.4102342574829008,3.8918575337449552,34.06411415982449,False,True,True,False,0.0,False,False,False,False,phase5b0_oracle_mpc
corner_hot_resistive_optimistic,oracle_mpc,3075.0,0.5116279895985753,0.5200141234394072,0.0,3.8221040612393904,34.03859123278686,True,False,False,True,4.207895100000314,False,True,False,True,phase5b0_oracle_mpc
corner_hot_resistive_optimistic,oracle_mpc,3080.0,0.5116279895985753,0.5190690234995847,0.0,3.8157889777265095,34.01322848586861,True,False,False,True,4.270971899997676,False,True,False,False,phase5b0_oracle_mpc
corner_hot_resistive_optimistic,oracle_mpc,3085.0,0.5116279895985753,0.5193488794425781,0.0,3.8107667001159404,33.98802501947522,False,False,False,True,0.0,False,False,False,False,phase5b0_oracle_mpc
corner_hot_resistive_optimistic,oracle_mpc,3090.0,0.5116279895985753,0.51887897929538,0.0,3.8067215148440754,33.96297983330944,False,False,False,True,0.0,False,False,False,False,phase5b0_oracle_mpc
corner_hot_resistive_optimistic,oracle_mpc,3095.0,0.5116279895985753,0.5183801258780134,0.0,3.803416859280733,33.93809193335602,False,False,False,True,0.0,False,False,False,False,phase5b0_oracle_mpc
corner_hot_resistive_optimistic,oracle_mpc,3100.0,0.5116279895985753,0.5180213282623868,0.0,3.800675409122171,33.9133603318422,False,False,False,True,0.0,False,False,False,False,phase5b0_oracle_mpc
corner_hot_resistive_optimistic,oracle_mpc,3105.0,0.5122452735491926,0.5174220355509797,2.000000000000003,3.856845173868298,33.90735216654055,True,True,True,False,0.8284301999956369,False,True,False,True,phase5b0_oracle_mpc
corner_hot_resistive_optimistic,oracle_mpc,3110.0,0.5131586134576887,0.5185570779039228,2.9592213035273924,3.88874870709396,33.91914800820899,True,True,True,False,0.9386084999932791,False,True,False,False,phase5b0_oracle_mpc
corner_hot_resistive_optimistic,oracle_mpc,3115.0,0.5140719533661847,0.5197507459312788,2.9592213035273924,3.8945826276202564,33.932579246387,False,True,True,False,0.0,False,False,False,False,phase5b0_oracle_mpc
corner_hot_resistive_optimistic,oracle_mpc,3120.0,0.5149852932746808,0.5207662715198196,2.9592213035273924,3.8992858825806684,33.94724698641806,False,True,True,False,0.0,False,False,False,False,phase5b0_oracle_mpc
corner_hot_resistive_optimistic,oracle_mpc,3125.0,0.5158986331831769,0.5215470971630299,2.9592213035273924,3.9031385535964587,33.962851335363105,False,True,True,False,0.0,False,False,False,False,phase5b0_oracle_mpc
corner_hot_resistive_optimistic,oracle_mpc,3130.0,0.5168119730916729,0.5217597985415277,2.9592213035273924,3.906350377631022,33.97916649643043,False,True,True,False,0.0,False,False,False,False,phase5b0_oracle_mpc
corner_hot_resistive_optimistic,oracle_mpc,3135.0,0.5174526235623221,0.5229112376094791,2.075707524903556,3.8832439960275074,33.978541353143086,True,True,True,False,0.3500778000015998,False,True,False,False,phase5b0_oracle_mpc
corner_hot_resistive_optimistic,oracle_mpc,3140.0,0.5180932740329713,0.5239760372285805,2.075707524903556,3.883027674273773,33.97773347525476,False,True,True,False,0.0,False,False,False,False,phase5b0_oracle_mpc
corner_hot_resistive_optimistic,oracle_mpc,3145.0,0.5187339245036205,0.5253804007458779,2.075707524903556,3.8830088045207423,33.97679177892225,False,True,True,False,0.0,False,False,False,False,phase5b0_oracle_mpc
corner_hot_resistive_optimistic,oracle_mpc,3150.0,0.5193745749742698,0.5258095301732074,2.075707524903556,3.8831375939817327,33.97575278309454,False,True,True,False,0.0,False,False,False,False,phase5b0_oracle_mpc
corner_hot_resistive_optimistic,oracle_mpc,3155.0,0.520015225444919,0.5267151158598813,2.075707524903556,3.883376788894251,33.974643773313666,False,True,True,False,0.0,False,False,False,False,phase5b0_oracle_mpc
corner_hot_resistive_optimistic,oracle_mpc,3160.0,0.520786721685758,0.5265944378127901,2.4996478203184216,3.8960948495564334,33.98122841847461,True,True,True,False,0.9234732999975677,False,True,False,False,phase5b0_oracle_mpc
corner_hot_resistive_optimistic,oracle_mpc,3165.0,0.5215582179265971,0.5286610034435621,2.4996478203184216,3.8977155245746697,33.98803915111531,False,True,True,False,0.0,False,False,False,False,phase5b0_oracle_mpc
corner_hot_resistive_optimistic,oracle_mpc,3170.0,0.5223297141674361,0.5291877958632345,2.4996478203184216,3.8991542366753538,33.99502186073186,False,True,True,False,0.0,False,False,False,False,phase5b0_oracle_mpc
corner_hot_resistive_optimistic,oracle_mpc,3175.0,0.5231012104082752,0.5299984914329253,2.4996478203184216,3.9004549494023237,34.002135579402136,False,True,True,False,0.0,False,False,False,False,phase5b0_oracle_mpc
corner_hot_resistive_optimistic,oracle_mpc,3180.0,0.5238727066491142,0.5306548604288124,2.4996478203184216,3.9016506255083305,34.00934917371458,False,True,True,False,0.0,False,False,False,False,phase5b0_oracle_mpc
corner_hot_resistive_optimistic,oracle_mpc,3185.0,0.5238727066491142,0.5303652275230973,0.0,3.829673664533138,33.98417017922123,True,False,False,True,0.5631573999999091,False,True,False,True,phase5b0_oracle_mpc
corner_hot_resistive_optimistic,oracle_mpc,3190.0,0.5238727066491142,0.5307550855134054,0.0,3.823431412734244,33.9591492018283,True,False,False,True,4.33497129999887,False,True,False,False,phase5b0_oracle_mpc
corner_hot_resistive_optimistic,oracle_mpc,3195.0,0.5238727066491142,0.5305551817674701,0.0,3.818486081974389,33.934285358614275,False,False,False,True,0.0,False,False,False,False,phase5b0_oracle_mpc
corner_hot_resistive_optimistic,oracle_mpc,3200.0,0.5238727066491142,0.5295186233288535,0.0,3.814520189389106,33.90957766276117,False,False,False,True,0.0,False,False,False,False,phase5b0_oracle_mpc
corner_hot_resistive_optimistic,oracle_mpc,3205.0,0.5238727066491142,0.5301709746460042,0.0,3.8112958723624843,33.88502513364833,False,False,False,True,0.0,False,False,False,False,phase5b0_oracle_mpc
corner_hot_resistive_optimistic,oracle_mpc,3210.0,0.5238727066491142,0.5312329866748111,0.0,3.8086348570064446,33.860626796813484,False,False,False,True,0.0,False,False,False,False,phase5b0_oracle_mpc
corner_hot_resistive_optimistic,oracle_mpc,3215.0,0.5244899905997316,0.5308720349368232,2.0000000000000004,3.864885554590228,33.85443385389708,True,True,True,False,1.0474756000039633,False,True,False,True,phase5b0_oracle_mpc
corner_hot_resistive_optimistic,oracle_mpc,3220.0,0.5252795274709969,0.532336772651287,2.5580994628998033,3.8851404448896263,33.85820664914782,True,True,True,False,0.9366504999998142,False,True,False,False,phase5b0_oracle_mpc
corner_hot_resistive_optimistic,oracle_mpc,3225.0,0.5260690643422623,0.5320292321701483,2.5580994628998033,3.8898829945024027,33.86314581608184,False,True,True,False,0.0,False,False,False,False,phase5b0_oracle_mpc
corner_hot_resistive_optimistic,oracle_mpc,3230.0,0.5268586012135277,0.5329776234401525,2.5580994628998033,3.8937092472627075,33.868971674830235,False,True,True,False,0.0,False,False,False,False,phase5b0_oracle_mpc
corner_hot_resistive_optimistic,oracle_mpc,3235.0,0.527648138084793,0.5340051776568091,2.5580994628998033,3.8968464873440403,33.87547398789437,False,True,True,False,0.0,False,False,False,False,phase5b0_oracle_mpc
corner_hot_resistive_optimistic,oracle_mpc,3240.0,0.5284376749560584,0.5343018295391279,2.5580994628998033,3.8994649053921715,33.88249449477095,False,True,True,False,0.0,False,False,False,False,phase5b0_oracle_mpc
corner_hot_resistive_optimistic,oracle_mpc,3245.0,0.5292163808111646,0.5348832476446161,2.5230069705442433,3.9006658026592,33.889236816033495,True,True,True,False,0.7682481000010739,False,True,False,False,phase5b0_oracle_mpc
corner_hot_resistive_optimistic,oracle_mpc,3250.0,0.5299950866662708,0.5364034994124758,2.5230069705442433,3.9024945406254656,33.89626066558201,False,True,True,False,0.0,False,False,False,False,phase5b0_oracle_mpc
corner_hot_resistive_optimistic,oracle_mpc,3255.0,0.530773792521377,0.5371503678989191,2.5230069705442433,3.9041178414394198,33.903504330015465,False,True,True,False,0.0,False,False,False,False,phase5b0_oracle_mpc
corner_hot_resistive_optimistic,oracle_mpc,3260.0,0.5315524983764832,0.5374608572915154,2.5230069705442433,3.905584748976878,33.91092086570014,False,True,True,False,0.0,False,False,False,False,phase5b0_oracle_mpc
corner_hot_resistive_optimistic,oracle_mpc,3265.0,0.5323312042315894,0.538603418926693,2.5230069705442433,3.906932056024772,33.91847441053976,False,True,True,False,0.0,False,False,False,False,phase5b0_oracle_mpc
corner_hot_resistive_optimistic,oracle_mpc,3270.0,0.533054885635015,0.5391459270084563,2.344727747098943,3.9029740883669803,33.92272027014877,True,True,True,False,0.2903987000026973,False,True,False,False,phase5b0_oracle_mpc
corner_hot_resistive_optimistic,oracle_mpc,3275.0,0.5337785670384406,0.5403803229184558,2.344727747098943,3.9036375817087423,33.92694082520427,False,True,True,False,0.0,False,False,False,False,phase5b0_oracle_mpc
corner_hot_resistive_optimistic,oracle_mpc,3280.0,0.5345022484418662,0.5405747664889771,2.344727747098943,3.9043413420133657,33.93114740351068,False,True,True,False,0.0,False,False,False,False,phase5b0_oracle_mpc
corner_hot_resistive_optimistic,oracle_mpc,3285.0,0.5352259298452918,0.5403432891000906,2.344727747098943,3.9050737444581163,33.93534806634385,False,True,True,False,0.0,False,False,False,False,phase5b0_oracle_mpc
corner_hot_resistive_optimistic,oracle_mpc,3290.0,0.5359496112487174,0.5409258611699481,2.344727747098943,3.905826144845078,33.939548453771664,False,True,True,False,0.0,False,False,False,False,phase5b0_oracle_mpc
corner_hot_resistive_optimistic,oracle_mpc,3295.0,0.5367788086267063,0.5403591239987625,2.6865995046840125,3.9165894983295297,33.95047049188528,True,True,True,False,0.7553368000008049,False,True,False,False,phase5b0_oracle_mpc
corner_hot_resistive_optimistic,oracle_mpc,3300.0,0.5376080060046953,0.541980528743243,2.6865995046840125,3.9183629273821725,33.96163648021294,False,True,True,False,0.0,False,False,False,False,phase5b0_oracle_mpc
corner_hot_resistive_optimistic,oracle_mpc,3305.0,0.5384372033826842,0.5417586486964594,2.6865995046840125,3.919957865185684,33.97298940086759,False,True,True,False,0.0,False,False,False,False,phase5b0_oracle_mpc
corner_hot_resistive_optimistic,oracle_mpc,3310.0,0.5392664007606731,0.5427391285596846,2.6865995046840125,3.9214165987024523,33.984485818344766,False,True,True,False,0.0,False,False,False,False,phase5b0_oracle_mpc
corner_hot_resistive_optimistic,oracle_mpc,3315.0,0.540095598138662,0.5432838761352817,2.6865995046840125,3.922770866208461,33.99609247421678,False,True,True,False,0.0,False,False,False,False,phase5b0_oracle_mpc
corner_hot_resistive_optimistic,oracle_mpc,3320.0,0.5409071800108758,0.5442441560590625,2.6295252659723953,3.9223754283755485,34.0065941044998,True,True,True,False,0.25970609999785665,False,True,False,False,phase5b0_oracle_mpc
corner_hot_resistive_optimistic,oracle_mpc,3325.0,0.5417187618830895,0.5447052349299172,2.6295252659723953,3.9234196012685727,34.01712003948886,False,True,True,False,0.0,False,False,False,False,phase5b0_oracle_mpc
corner_hot_resistive_optimistic,oracle_mpc,3330.0,0.5425303437553033,0.546124050917118,2.6295252659723953,3.924445266818217,34.027664676068504,False,True,True,False,0.0,False,False,False,False,phase5b0_oracle_mpc
corner_hot_resistive_optimistic,oracle_mpc,3335.0,0.543341925627517,0.5475487541548686,2.6295252659723953,3.9254551241236717,34.03822325124516,False,True,True,False,0.0,False,False,False,False,phase5b0_oracle_mpc
corner_hot_resistive_optimistic,oracle_mpc,3340.0,0.5441535074997308,0.5485742062037008,2.6295252659723953,3.9264512661228763,34.04879165555412,False,True,True,False,0.0,False,False,False,False,phase5b0_oracle_mpc
corner_hot_resistive_optimistic,oracle_mpc,3345.0,0.5449718812562607,0.5490584316513563,2.651530971156974,3.928078890112059,34.059826256462316,True,True,True,False,0.3551523000060115,False,True,False,False,phase5b0_oracle_mpc
corner_hot_resistive_optimistic,oracle_mpc,3350.0,0.5457902550127907,0.549416026478637,2.651530971156974,3.929116498057485,34.07087907408576,False,True,True,False,0.0,False,False,False,False,phase5b0_oracle_mpc
corner_hot_resistive_optimistic,oracle_mpc,3355.0,0.5466086287693206,0.5504638117475968,2.651530971156974,3.930132527373207,34.081943474228794,False,True,True,False,0.0,False,False,False,False,phase5b0_oracle_mpc
corner_hot_resistive_optimistic,oracle_mpc,3360.0,0.5474270025258505,0.5512795428553133,2.651530971156974,3.9311307046776487,34.09301399976668,False,True,True,False,0.0,False,False,False,False,phase5b0_oracle_mpc
corner_hot_resistive_optimistic,oracle_mpc,3365.0,0.5482453762823805,0.55334339600014,2.651530971156974,3.932113884345896,34.10408609291486,False,True,True,False,0.0,False,False,False,False,phase5b0_oracle_mpc
corner_hot_resistive_optimistic,oracle_mpc,3370.0,0.549010389296158,0.5541193266825644,2.4786421646390777,3.928027886384726,34.11158814474583,True,True,True,False,0.11749019999842858,False,True,False,False,phase5b0_oracle_mpc
corner_hot_resistive_optimistic,oracle_mpc,3375.0,0.5497754023099355,0.5554368793760884,2.4786421646390777,3.928481549551901,34.11897434890142,False,True,True,False,0.0,False,False,False,False,phase5b0_oracle_mpc
corner_hot_resistive_optimistic,oracle_mpc,3380.0,0.550540415323713,0.5556058765341382,2.4786421646390777,3.929018387909924,34.12626940599511,False,True,True,False,0.0,False,False,False,False,phase5b0_oracle_mpc
corner_hot_resistive_optimistic,oracle_mpc,3385.0,0.5513054283374905,0.5547728713390568,2.4786421646390777,3.9296167737666248,34.13349160094978,False,True,True,False,0.0,False,False,False,False,phase5b0_oracle_mpc
corner_hot_resistive_optimistic,oracle_mpc,3390.0,0.552070441351268,0.5551376842137936,2.4786421646390777,3.9302605550163197,34.14065443484803,False,True,True,False,0.0,False,False,False,False,phase5b0_oracle_mpc
corner_hot_resistive_optimistic,oracle_mpc,3395.0,0.5528772176803389,0.555964137328477,2.6139553061896286,3.9348952823734447,34.15053765994604,True,True,True,False,0.6392639000041527,False,True,False,False,phase5b0_oracle_mpc
corner_hot_resistive_optimistic,oracle_mpc,3400.0,0.5536839940094098,0.5568606494772754,2.6139553061896286,3.9359926744541447,34.16046748817319,False,True,True,False,0.0,False,False,False,False,phase5b0_oracle_mpc
corner_hot_resistive_optimistic,oracle_mpc,3405.0,0.5544907703384807,0.5578865178709348,2.6139553061896286,3.9370349922278653,34.17042685394669,False,True,True,False,0.0,False,False,False,False,phase5b0_oracle_mpc
corner_hot_resistive_optimistic,oracle_mpc,3410.0,0.5552975466675516,0.5588184996057055,2.6139553061896286,3.938035007129702,34.180402681470966,False,True,True,False,0.0,False,False,False,False,phase5b0_oracle_mpc
corner_hot_resistive_optimistic,oracle_mpc,3415.0,0.5561043229966225,0.5600643707033911,2.6139553061896286,3.939002322564471,34.19038488702801,False,True,True,False,0.0,False,False,False,False,phase5b0_oracle_mpc
corner_hot_resistive_optimistic,oracle_mpc,3420.0,0.5561043229966225,0.5608654567839264,0.0,3.86348816246392,34.164068983749296,True,False,False,True,1.510856099994271,False,True,False,True,phase5b0_oracle_mpc
corner_hot_resistive_optimistic,oracle_mpc,3425.0,0.5561043229966225,0.5606893561356021,0.0,3.856758634288094,34.137918224314284,True,False,False,True,3.187281400001666,False,True,False,False,phase5b0_oracle_mpc
corner_hot_resistive_optimistic,oracle_mpc,3430.0,0.5561043229966225,0.5605840908983789,0.0,3.8514187795133212,34.1119316941996,False,False,False,True,0.0,False,False,False,False,phase5b0_oracle_mpc
corner_hot_resistive_optimistic,oracle_mpc,3435.0,0.5561043229966225,0.5611362312152381,0.0,3.8471287456965038,34.0861083620291,False,False,False,True,0.0,False,False,False,False,phase5b0_oracle_mpc
corner_hot_resistive_optimistic,oracle_mpc,3440.0,0.5561043229966225,0.5596995338443228,0.0,3.8436338993321115,34.060447202903774,False,False,False,True,0.0,False,False,False,False,phase5b0_oracle_mpc
corner_hot_resistive_optimistic,oracle_mpc,3445.0,0.5561043229966225,0.5607833384300428,0.0,3.8407433861371523,34.03494719836108,False,False,False,True,0.0,False,False,False,False,phase5b0_oracle_mpc
corner_hot_resistive_optimistic,oracle_mpc,3450.0,0.5561043229966225,0.5601518057254409,0.0,3.838314087547134,34.009607336334504,True,False,False,True,5.933364500000607,False,True,False,False,phase5b0_oracle_mpc
corner_hot_resistive_optimistic,oracle_mpc,3455.0,0.5561043229966225,0.5604582268155238,0.0,3.836238615162375,33.984426611113435,False,False,False,True,0.0,False,False,False,False,phase5b0_oracle_mpc
corner_hot_resistive_optimistic,oracle_mpc,3460.0,0.5561043229966225,0.5617863094133283,0.0,3.834436326769311,33.959404023303215,False,False,False,True,0.0,False,False,False,False,phase5b0_oracle_mpc
corner_hot_resistive_optimistic,oracle_mpc,3465.0,0.5561043229966225,0.5623361620889368,0.0,3.8328466033914177,33.93453857978546,False,False,False,True,0.0,False,False,False,False,phase5b0_oracle_mpc
corner_hot_resistive_optimistic,oracle_mpc,3470.0,0.5561043229966225,0.5617659195202965,0.0,3.8314238182596947,33.9098292936787,False,False,False,True,0.0,False,False,False,False,phase5b0_oracle_mpc
corner_hot_resistive_optimistic,oracle_mpc,3475.0,0.5561043229966225,0.5627416479053485,0.0,3.8301335718421585,33.885275184299154,True,False,False,True,6.4566425000011805,False,True,False,False,phase5b0_oracle_mpc
corner_hot_resistive_optimistic,oracle_mpc,3480.0,0.5561043229966225,0.5628648333985761,0.0,3.8289498742641688,33.860875277121835,False,False,False,True,0.0,False,False,False,False,phase5b0_oracle_mpc
corner_hot_resistive_optimistic,oracle_mpc,3485.0,0.5561043229966225,0.5628167938703799,0.0,3.8278530366625856,33.83662860374187,False,False,False,True,0.0,False,False,False,False,phase5b0_oracle_mpc
corner_hot_resistive_optimistic,oracle_mpc,3490.0,0.5561043229966225,0.5618692184653632,0.0,3.826828093038079,33.812534201836066,False,False,False,True,0.0,False,False,False,False,phase5b0_oracle_mpc
corner_hot_resistive_optimistic,oracle_mpc,3495.0,0.5561043229966225,0.5612979659368845,0.0,3.82586361908341,33.78859111512471,False,False,False,True,0.0,False,False,False,False,phase5b0_oracle_mpc
corner_hot_resistive_optimistic,oracle_mpc,3500.0,0.5567216069472398,0.5602732198854081,1.999999999999998,3.8834490999587703,33.78078679267571,True,True,True,False,1.2438744000028237,False,True,False,True,phase5b0_oracle_mpc
corner_hot_resistive_optimistic,oracle_mpc,3505.0,0.5575901125784748,0.5605536672041008,2.8139582452011447,3.9122431843891285,33.787204723489864,True,True,True,False,1.3702533000032417,False,True,False,False,phase5b0_oracle_mpc
corner_hot_resistive_optimistic,oracle_mpc,3510.0,0.5584586182097098,0.5619733513672893,2.8139582452011447,3.91857653052276,33.79536720585974,False,True,True,False,0.0,False,False,False,False,phase5b0_oracle_mpc
corner_hot_resistive_optimistic,oracle_mpc,3515.0,0.5593271238409447,0.563406214028954,2.8139582452011447,3.9236947891665306,33.804866038457114,False,True,True,False,0.0,False,False,False,False,phase5b0_oracle_mpc
corner_hot_resistive_optimistic,oracle_mpc,3520.0,0.5601956294721797,0.5646902719417685,2.8139582452011447,3.9278981213102173,33.815393902839325,False,True,True,False,0.0,False,False,False,False,phase5b0_oracle_mpc
corner_hot_resistive_optimistic,oracle_mpc,3525.0,0.5610641351034147,0.565724178103041,2.8139582452011447,3.9314113347273913,33.82671900763011,False,True,True,False,0.0,False,False,False,False,phase5b0_oracle_mpc
corner_hot_resistive_optimistic,oracle_mpc,3530.0,0.5610641351034147,0.5662041899573642,0.0,3.85209095990321,33.802686958338604,True,False,False,True,3.1884328999949503,False,True,False,True,phase5b0_oracle_mpc
corner_hot_resistive_optimistic,oracle_mpc,3535.0,0.5610641351034147,0.5654832342457495,0.0,3.8464440393568835,33.77880571327703,True,False,False,True,4.331199799999013,False,True,False,False,phase5b0_oracle_mpc
corner_hot_resistive_optimistic,oracle_mpc,3540.0,0.5610641351034147,0.5665711162403959,0.0,3.8420091697057055,33.75507444476414,False,False,False,True,0.0,False,False,False,False,phase5b0_oracle_mpc
corner_hot_resistive_optimistic,oracle_mpc,3545.0,0.5610641351034147,0.567553391399723,0.0,3.8384881073638337,33.73149221093256,False,False,False,True,0.0,False,False,False,False,phase5b0_oracle_mpc
corner_hot_resistive_optimistic,oracle_mpc,3550.0,0.5610641351034147,0.5671399126947296,0.0,3.83565745568337,33.70805807582996,False,False,False,True,0.0,False,False,False,False,phase5b0_oracle_mpc
corner_hot_resistive_optimistic,oracle_mpc,3555.0,0.5610641351034147,0.5672379081570128,0.0,3.833349832649338,33.68477110938188,False,False,False,True,0.0,False,False,False,False,phase5b0_oracle_mpc
corner_hot_resistive_optimistic,oracle_mpc,3560.0,0.561681419054032,0.5676331432415257,1.9999999999999998,3.8899422290321986,33.67812657904339,True,True,True,False,1.3559534000014537,False,True,False,True,phase5b0_oracle_mpc
corner_hot_resistive_optimistic,oracle_mpc,3565.0,0.5625701073116472,0.568011564740397,2.879349954673296,3.9199164108239573,33.68688419035766,True,True,True,False,1.1336015999986557,False,True,False,False,phase5b0_oracle_mpc
corner_hot_resistive_optimistic,oracle_mpc,3570.0,0.5634587955692625,0.5678607482813735,2.879349954673296,3.925901982926217,33.697285339455355,False,True,True,False,0.0,False,False,False,False,phase5b0_oracle_mpc
corner_hot_resistive_optimistic,oracle_mpc,3575.0,0.5643474838268777,0.5687970196141313,2.879349954673296,3.9307818033898347,33.70894991634487,False,True,True,False,0.0,False,False,False,False,phase5b0_oracle_mpc
corner_hot_resistive_optimistic,oracle_mpc,3580.0,0.565236172084493,0.5701182510856961,2.879349954673296,3.9348280492880736,33.721591422352056,False,True,True,False,0.0,False,False,False,False,phase5b0_oracle_mpc
corner_hot_resistive_optimistic,oracle_mpc,3585.0,0.5661248603421082,0.5696380738348633,2.879349954673296,3.9382446051724,33.73499344868012,False,True,True,False,0.0,False,False,False,False,phase5b0_oracle_mpc
corner_hot_resistive_optimistic,oracle_mpc,3590.0,0.5669539692474643,0.570455728569328,2.6863128533537983,3.935537162728249,33.745070831094765,True,True,True,False,0.11176139999588486,False,True,False,False,phase5b0_oracle_mpc
corner_hot_resistive_optimistic,oracle_mpc,3595.0,0.5677830781528205,0.5716396645926561,2.6863128533537983,3.9375483559849473,33.755451961540196,False,True,True,False,0.0,False,False,False,False,phase5b0_oracle_mpc
corner_hot_resistive_optimistic,oracle_mpc,3600.0,0.5686121870581766,0.5730475170012838,2.6863128533537983,3.9393867435924936,33.766081417204184,False,True,True,False,0.0,False,False,False,False,phase5b0_oracle_mpc
