scenario_id,controller,time_s,true_soc,estimated_soc,charge_current_a,terminal_voltage_v,true_average_temperature_c,control_decision_updated,optimizer_success,prediction_feasible,used_fallback,solve_time_s,active_voltage_constraint,active_temperature_constraint,active_current_upper_constraint,active_current_change_constraint,source
corner_hot_resistive_optimistic,nominal_mpc,0.0,0.1,0.1,0.0,3.2959070147319616,30.0,False,True,True,False,0.0,False,False,False,False,phase5b0_nominal_mpc
corner_hot_resistive_optimistic,nominal_mpc,5.0,0.1006172839506173,0.10529803410858628,1.9999999999999964,3.355308841957436,30.010878195984493,True,True,True,False,0.9188301999965915,False,True,False,True,phase5b0_nominal_mpc
corner_hot_resistive_optimistic,nominal_mpc,10.0,0.10185185185185186,0.1061930012322348,4.000000000000001,3.4214605014066235,30.05672062323627,True,True,True,False,0.43004849999852013,False,True,False,True,phase5b0_nominal_mpc
corner_hot_resistive_optimistic,nominal_mpc,15.0,0.10370370370370371,0.10730005243135214,6.000000000000001,3.4932710678574597,30.164310877377844,True,True,True,False,0.4759267999979784,False,True,False,True,phase5b0_nominal_mpc
corner_hot_resistive_optimistic,nominal_mpc,20.0,0.10571863998959595,0.10884140378541482,6.528393566290857,3.5262125394083874,30.29961153949357,True,True,True,False,0.2793371000007028,False,True,False,False,phase5b0_nominal_mpc
corner_hot_resistive_optimistic,nominal_mpc,25.0,0.10773357627548819,0.1117069181417226,6.528393566290857,3.5427110384801535,30.44270078084753,False,True,True,False,0.0,False,False,False,False,phase5b0_nominal_mpc
corner_hot_resistive_optimistic,nominal_mpc,30.0,0.10974851256138042,0.11292584623847435,6.528393566290857,3.5569965453415127,30.59188103054231,False,True,True,False,0.0,False,False,False,False,phase5b0_nominal_mpc
corner_hot_resistive_optimistic,nominal_mpc,35.0,0.11176344884727266,0.11567684315585845,6.528393566290857,3.5695922501288244,30.745863226141324,False,True,True,False,0.0,False,False,False,False,phase5b0_nominal_mpc
corner_hot_resistive_optimistic,nominal_mpc,40.0,0.11377838513316489,0.11666623340421957,6.528393566290857,3.580890312869409,30.903664623425726,False,True,True,False,0.0,False,False,False,False,phase5b0_nominal_mpc
corner_hot_resistive_optimistic,nominal_mpc,45.0,0.11546508785916582,0.11854159422366856,5.464916832242978,3.5596337690152473,31.02159706964755,True,True,True,False,0.505187400005525,False,True,False,False,phase5b0_nominal_mpc
corner_hot_resistive_optimistic,nominal_mpc,50.0,0.11715179058516674,0.12016296877563643,5.464916832242978,3.5655970115993214,31.139973521193184,False,True,True,False,0.0,False,False,False,False,phase5b0_nominal_mpc
corner_hot_resistive_optimistic,nominal_mpc,55.0,0.11883849331116766,0.12132656860757525,5.464916832242978,3.5715250247545334,31.258789669566735,False,True,True,False,0.0,False,False,False,False,phase5b0_nominal_mpc
corner_hot_resistive_optimistic,nominal_mpc,60.0,0.12052519603716859,0.12229136443094982,5.464916832242978,3.5774031329545988,31.378031824249522,False,True,True,False,0.0,False,False,False,False,phase5b0_nominal_mpc
corner_hot_resistive_optimistic,nominal_mpc,65.0,0.12221189876316951,0.12314893736217669,5.464916832242978,3.5832208165960138,31.49767975800104,False,True,True,False,0.0,False,False,False,False,phase5b0_nominal_mpc
corner_hot_resistive_optimistic,nominal_mpc,70.0,0.12378663701793632,0.12508077419210628,5.102151945444489,3.578215617572311,31.604083234427556,True,True,True,False,0.4903825000001234,False,True,False,False,phase5b0_nominal_mpc
corner_hot_resistive_optimistic,nominal_mpc,75.0,0.12536137527270313,0.12592285042526322,5.102151945444489,3.582689372633931,31.710297216474768,False,True,True,False,0.0,False,False,False,False,phase5b0_nominal_mpc
corner_hot_resistive_optimistic,nominal_mpc,80.0,0.12693611352746995,0.12788028034686993,5.102151945444489,3.5872850825161713,31.816412670965626,False,True,True,False,0.0,False,False,False,False,phase5b0_nominal_mpc
corner_hot_resistive_optimistic,nominal_mpc,85.0,0.12851085178223676,0.13027695794639527,5.102151945444489,3.591953053344252,31.922490493477977,False,True,True,False,0.0,False,False,False,False,phase5b0_nominal_mpc
corner_hot_resistive_optimistic,nominal_mpc,90.0,0.13008559003700357,0.1313570484280197,5.102151945444489,3.596656444430106,32.02856937957662,False,True,True,False,0.0,False,False,False,False,phase5b0_nominal_mpc
corner_hot_resistive_optimistic,nominal_mpc,95.0,0.13146623609377353,0.13264984568491633,4.473293223934643,3.582737176096891,32.11237374627202,True,True,True,False,0.5404014000014286,False,True,False,False,phase5b0_nominal_mpc
corner_hot_resistive_optimistic,nominal_mpc,100.0,0.1328468821505435,0.13387007799356002,4.473293223934643,3.5853643611910395,32.19542235761286,False,True,True,False,0.0,False,False,False,False,phase5b0_nominal_mpc
corner_hot_resistive_optimistic,nominal_mpc,105.0,0.13422752820731346,0.13593527933615668,4.473293223934643,3.588308708927474,32.27789702416891,False,True,True,False,0.0,False,False,False,False,phase5b0_nominal_mpc
corner_hot_resistive_optimistic,nominal_mpc,110.0,0.13560817426408342,0.13818440118551095,4.473293223934643,3.5914771087694057,32.3599298958837,False,True,True,False,0.0,False,False,False,False,phase5b0_nominal_mpc
corner_hot_resistive_optimistic,nominal_mpc,115.0,0.13698882032085338,0.1388545831110904,4.473293223934643,3.5948001075624236,32.44161616739145,False,True,True,False,0.0,False,False,False,False,phase5b0_nominal_mpc
corner_hot_resistive_optimistic,nominal_mpc,120.0,0.1382332322089951,0.14091021777993037,4.031894517579222,3.585157547704997,32.5086378134019,True,True,True,False,0.46548690000054194,False,True,False,False,phase5b0_nominal_mpc
corner_hot_resistive_optimistic,nominal_mpc,125.0,0.13947764409713684,0.14217182974073436,4.031894517579222,3.5872014681081166,32.57495706068246,False,True,True,False,0.0,False,False,False,False,phase5b0_nominal_mpc
corner_hot_resistive_optimistic,nominal_mpc,130.0,0.14072205598527857,0.14388287148602386,4.031894517579222,3.5895221294195947,32.64071692440069,False,True,True,False,0.0,False,False,False,False,phase5b0_nominal_mpc
corner_hot_resistive_optimistic,nominal_mpc,135.0,0.1419664678734203,0.14543038343034814,4.031894517579222,3.5920404390409675,32.706022386516175,False,True,True,False,0.0,False,False,False,False,phase5b0_nominal_mpc
corner_hot_resistive_optimistic,nominal_mpc,140.0,0.14321087976156202,0.14682196967917283,4.031894517579222,3.594697345509786,32.77095008877861,False,True,True,False,0.0,False,False,False,False,phase5b0_nominal_mpc
corner_hot_resistive_optimistic,nominal_mpc,145.0,0.14434589894762295,0.14770370076760908,3.6774621628374056,3.5869618777231556,32.82480185322647,True,True,True,False,0.28003320000425447,False,True,False,False,phase5b0_nominal_mpc
corner_hot_resistive_optimistic,nominal_mpc,150.0,0.14548091813368388,0.14902087480805642,3.6774621628374056,3.588620294396849,32.878037139629335,False,True,True,False,0.0,False,False,False,False,phase5b0_nominal_mpc
corner_hot_resistive_optimistic,nominal_mpc,155.0,0.14661593731974482,0.15066733795876894,3.6774621628374056,3.5905093752131707,32.93076512006696,False,True,True,False,0.0,False,False,False,False,phase5b0_nominal_mpc
corner_hot_resistive_optimistic,nominal_mpc,160.0,0.14775095650580575,0.1526328060710703,3.6774621628374056,3.5925644634627107,32.98306659892228,False,True,True,False,0.0,False,False,False,False,phase5b0_nominal_mpc
corner_hot_resistive_optimistic,nominal_mpc,165.0,0.14888597569186668,0.1542373483725618,3.6774621628374056,3.5947372445504113,33.035001222405796,False,True,True,False,0.0,False,False,False,False,phase5b0_nominal_mpc
corner_hot_resistive_optimistic,nominal_mpc,170.0,0.1499842560843195,0.1545021694022799,3.5584284715471957,3.5934718458838875,33.08317339318869,True,True,True,False,0.2820949000015389,False,True,False,False,phase5b0_nominal_mpc
corner_hot_resistive_optimistic,nominal_mpc,175.0,0.15108253647677233,0.15716998419080697,3.5584284715471957,3.595395247183955,33.13094819474774,False,True,True,False,0.0,False,False,False,False,phase5b0_nominal_mpc
corner_hot_resistive_optimistic,nominal_mpc,180.0,0.15218081686922516,0.15789826088269265,3.5584284715471957,3.5974181535516694,33.178375323781864,False,True,True,False,0.0,False,False,False,False,phase5b0_nominal_mpc
corner_hot_resistive_optimistic,nominal_mpc,185.0,0.153279097261678,0.1602192159288671,3.5584284715471957,3.5995099707023224,33.22549151365907,False,True,True,False,0.0,False,False,False,False,phase5b0_nominal_mpc
corner_hot_resistive_optimistic,nominal_mpc,190.0,0.15437737765413082,0.16092029238578964,3.5584284715471957,3.601647843925987,33.2723238334453,False,True,True,False,0.0,False,False,False,False,phase5b0_nominal_mpc
corner_hot_resistive_optimistic,nominal_mpc,195.0,0.15542685742534965,0.16288680491322569,3.400314458748981,3.599142275655888,33.314447690786324,True,True,True,False,0.3149327999999514,False,True,False,False,phase5b0_nominal_mpc
corner_hot_resistive_optimistic,nominal_mpc,200.0,0.15647633719656848,0.1644362126823748,3.400314458748981,3.600816088716695,33.35618687721659,False,True,True,False,0.0,False,False,False,False,phase5b0_nominal_mpc
corner_hot_resistive_optimistic,nominal_mpc,205.0,0.1575258169677873,0.16639957986854723,3.400314458748981,3.60258293790194,33.397585884356786,False,True,True,False,0.0,False,False,False,False,phase5b0_nominal_mpc
corner_hot_resistive_optimistic,nominal_mpc,210.0,0.15857529673900614,0.16721234931630066,3.400314458748981,3.604415016196793,33.438677936364535,False,True,True,False,0.0,False,False,False,False,phase5b0_nominal_mpc
corner_hot_resistive_optimistic,nominal_mpc,215.0,0.15962477651022497,0.16934311659065793,3.400314458748981,3.6062915260452977,33.47948784983709,False,True,True,False,0.0,False,False,False,False,phase5b0_nominal_mpc
corner_hot_resistive_optimistic,nominal_mpc,220.0,0.16066525630519224,0.171224006306972,3.3711545356939894,3.6073357505194967,33.51923172331571,True,True,True,False,0.10369429999991553,False,True,False,False,phase5b0_nominal_mpc
corner_hot_resistive_optimistic,nominal_mpc,225.0,0.1617057361001595,0.17207409662755085,3.3711545356939894,3.6091650030029525,33.55870137700364,False,True,True,False,0.0,False,False,False,False,phase5b0_nominal_mpc
corner_hot_resistive_optimistic,nominal_mpc,230.0,0.16274621589512678,0.17237115945591527,3.3711545356939894,3.611018720791428,33.597913376449455,False,True,True,False,0.0,False,False,False,False,phase5b0_nominal_mpc
corner_hot_resistive_optimistic,nominal_mpc,235.0,0.16378669569009405,0.17329286354013015,3.3711545356939894,3.612886578740854,33.636880162591204,False,True,True,False,0.0,False,False,False,False,phase5b0_nominal_mpc
corner_hot_resistive_optimistic,nominal_mpc,240.0,0.16482717548506132,0.17328178250956103,3.3711545356939894,3.6147608518702135,33.67561110083766,False,True,True,False,0.0,False,False,False,False,phase5b0_nominal_mpc
corner_hot_resistive_optimistic,nominal_mpc,245.0,0.16578147581353572,0.17256832026639427,3.091933064257088,3.608395013050759,33.70666449202429,True,True,True,False,0.31010219999734545,False,True,False,False,phase5b0_nominal_mpc
corner_hot_resistive_optimistic,nominal_mpc,250.0,0.16673577614201013,0.1721523908437195,3.091933064257088,3.6093773691631137,33.73728092785383,False,True,True,False,0.0,False,False,False,False,phase5b0_nominal_mpc
corner_hot_resistive_optimistic,nominal_mpc,255.0,0.16769007647048453,0.17242170014169744,3.091933064257088,3.6105051688014775,33.76751946818879,False,True,True,False,0.0,False,False,False,False,phase5b0_nominal_mpc
corner_hot_resistive_optimistic,nominal_mpc,260.0,0.16864437679895894,0.1743759879309493,3.091933064257088,3.6117393747827378,33.79742475912614,False,True,True,False,0.0,False,False,False,False,phase5b0_nominal_mpc
corner_hot_resistive_optimistic,nominal_mpc,265.0,0.16959867712743334,0.17534888381354616,3.091933064257088,3.6130507403492276,33.82703067133276,False,True,True,False,0.0,False,False,False,False,phase5b0_nominal_mpc
corner_hot_resistive_optimistic,nominal_mpc,270.0,0.17055235051409315,0.17554930389102733,3.0899017727777665,3.6143574322023166,33.856310875661244,True,True,True,False,0.24649170000338927,False,True,False,False,phase5b0_nominal_mpc
corner_hot_resistive_optimistic,nominal_mpc,275.0,0.17150602390075295,0.17579918958527704,3.0899017727777665,3.615756409899448,33.885335745798095,False,True,True,False,0.0,False,False,False,False,phase5b0_nominal_mpc
corner_hot_resistive_optimistic,nominal_mpc,280.0,0.17245969728741276,0.17684734985468906,3.0899017727777665,3.6171829642104742,33.914120894792006,False,True,True,False,0.0,False,False,False,False,phase5b0_nominal_mpc
corner_hot_resistive_optimistic,nominal_mpc,285.0,0.17341337067407256,0.1771966863980232,3.0899017727777665,3.618627565800748,33.942678441102906,False,True,True,False,0.0,False,False,False,False,phase5b0_nominal_mpc
corner_hot_resistive_optimistic,nominal_mpc,290.0,0.17436704406073236,0.17782383087559755,3.0899017727777665,3.6200830505435073,33.97101788136683,False,True,True,False,0.0,False,False,False,False,phase5b0_nominal_mpc
corner_hot_resistive_optimistic,nominal_mpc,295.0,0.17516535371217248,0.1784624681835094,2.58652327066598,3.6067062254165814,33.98696069034178,True,True,True,False,0.6674075000046287,False,True,False,False,phase5b0_nominal_mpc
corner_hot_resistive_optimistic,nominal_mpc,300.0,0.1759636633636126,0.18015552937742257,2.58652327066598,3.606584516287121,34.00238973739762,False,True,True,False,0.0,False,False,False,False,phase5b0_nominal_mpc
corner_hot_resistive_optimistic,nominal_mpc,305.0,0.17676197301505273,0.18082505255159118,2.58652327066598,3.6067356052973043,34.01739251378243,False,True,True,False,0.0,False,False,False,False,phase5b0_nominal_mpc
corner_hot_resistive_optimistic,nominal_mpc,310.0,0.17756028266649285,0.18228929636848118,2.58652327066598,3.6070911452223045,34.03203537116698,False,True,True,False,0.0,False,False,False,False,phase5b0_nominal_mpc
corner_hot_resistive_optimistic,nominal_mpc,315.0,0.17835859231793297,0.18303735583858835,2.58652327066598,3.6075998997791223,34.04636884548876,False,True,True,False,0.0,False,False,False,False,phase5b0_nominal_mpc
corner_hot_resistive_optimistic,nominal_mpc,320.0,0.17835859231793297,0.18268440877654332,0.0,3.5320192198384857,34.02095738856934,True,False,False,True,0.30600880000565667,False,True,False,True,phase5b0_nominal_mpc
corner_hot_resistive_optimistic,nominal_mpc,325.0,0.17835859231793297,0.18353470353975077,0.0,3.524616486945594,33.99570538391301,True,False,False,True,3.3128053000036743,False,True,False,False,phase5b0_nominal_mpc
corner_hot_resistive_optimistic,nominal_mpc,330.0,0.17835859231793297,0.18384529685124165,0.0,3.5186783277811835,33.97061196430933,False,False,False,True,0.0,False,False,False,False,phase5b0_nominal_mpc
corner_hot_resistive_optimistic,nominal_mpc,335.0,0.17835859231793297,0.18352558219965476,0.0,3.513849126369258,33.94567613382869,False,False,False,True,0.0,False,False,False,False,phase5b0_nominal_mpc
corner_hot_resistive_optimistic,nominal_mpc,340.0,0.17835859231793297,0.1840608392957696,0.0,3.509862352534269,33.92089690279603,False,False,False,True,0.0,False,False,False,False,phase5b0_nominal_mpc
corner_hot_resistive_optimistic,nominal_mpc,345.0,0.17835859231793297,0.1844001639642448,0.0,3.506518152162618,33.896273287751555,False,False,False,True,0.0,False,False,False,False,phase5b0_nominal_mpc
corner_hot_resistive_optimistic,nominal_mpc,350.0,0.17897587626855024,0.18388642066490693,1.9999999999999996,3.562591383391348,33.89283980953366,True,True,True,False,0.6367719000045327,False,True,False,True,phase5b0_nominal_mpc
corner_hot_resistive_optimistic,nominal_mpc,355.0,0.17994813175659033,0.18420784303836465,3.1501077812498766,3.600274446390439,33.91243029491558,True,True,True,False,1.2953639999977895,False,True,False,False,phase5b0_nominal_mpc
corner_hot_resistive_optimistic,nominal_mpc,360.0,0.18092038724463042,0.18487776743723344,3.1501077812498766,3.60689046604732,33.93374997814857,False,True,True,False,0.0,False,False,False,False,phase5b0_nominal_mpc
corner_hot_resistive_optimistic,nominal_mpc,365.0,0.1818926427326705,0.18544759193747037,3.1501077812498766,3.612292836264959,33.95634819716967,False,True,True,False,0.0,False,False,False,False,phase5b0_nominal_mpc
corner_hot_resistive_optimistic,nominal_mpc,370.0,0.1828648982207106,0.1870318414954477,3.1501077812498766,3.6167810067892128,33.97988700924308,False,True,True,False,0.0,False,False,False,False,phase5b0_nominal_mpc
corner_hot_resistive_optimistic,nominal_mpc,375.0,0.18383715370875067,0.18654430882992382,3.1501077812498766,3.6205791208388365,34.004112799250144,False,True,True,False,0.0,False,False,False,False,phase5b0_nominal_mpc
corner_hot_resistive_optimistic,nominal_mpc,380.0,0.184676127841721,0.18788625226788042,2.7182761908238553,3.6111432649729633,34.01880659055552,True,True,True,False,0.8340433000048506,False,True,False,False,phase5b0_nominal_mpc
corner_hot_resistive_optimistic,nominal_mpc,385.0,0.18551510197469132,0.19022928387851298,2.7182761908238553,3.6126809735634073,34.03349505586775,False,True,True,False,0.0,False,False,False,False,phase5b0_nominal_mpc
corner_hot_resistive_optimistic,nominal_mpc,390.0,0.18635407610766164,0.19234751157028307,2.7182761908238553,3.6141518485913124,34.048160329130724,False,True,True,False,0.0,False,False,False,False,phase5b0_nominal_mpc
corner_hot_resistive_optimistic,nominal_mpc,395.0,0.18719305024063196,0.19324553388182122,2.7182761908238553,3.61556970011315,34.06278900842003,False,True,True,False,0.0,False,False,False,False,phase5b0_nominal_mpc
corner_hot_resistive_optimistic,nominal_mpc,400.0,0.18803202437360228,0.19385039943840765,2.7182761908238553,3.616944863924905,34.07737106074886,False,True,True,False,0.0,False,False,False,False,phase5b0_nominal_mpc
corner_hot_resistive_optimistic,nominal_mpc,405.0,0.18803202437360228,0.19334393050758275,0.0,3.538311975165717,34.05176490838772,True,False,False,True,1.1321860999960336,False,True,False,True,phase5b0_nominal_mpc
corner_hot_resistive_optimistic,nominal_mpc,410.0,0.18803202437360228,0.19380394096196554,0.0,3.5312114971295365,34.02631942950156,True,False,False,True,2.4483536000043387,False,True,False,False,phase5b0_nominal_mpc
corner_hot_resistive_optimistic,nominal_mpc,415.0,0.18803202437360228,0.19435323353082792,0.0,3.5255589052679346,34.00103375070509,False,False,False,True,0.0,False,False,False,False,phase5b0_nominal_mpc
corner_hot_resistive_optimistic,nominal_mpc,420.0,0.18803202437360228,0.19388017158996287,0.0,3.5210008433143383,33.97590686843816,False,False,False,True,0.0,False,False,False,False,phase5b0_nominal_mpc
corner_hot_resistive_optimistic,nominal_mpc,425.0,0.18803202437360228,0.19289762377883435,0.0,3.5172725354278747,33.95093778544306,False,False,False,True,0.0,False,False,False,False,phase5b0_nominal_mpc
corner_hot_resistive_optimistic,nominal_mpc,430.0,0.18803202437360228,0.19207298151856414,0.0,3.5141755015899103,33.92612551072498,False,False,False,True,0.0,False,False,False,False,phase5b0_nominal_mpc
corner_hot_resistive_optimistic,nominal_mpc,435.0,0.18803202437360228,0.19169420866474204,0.0,3.5115608818370827,33.90146905951263,True,False,False,True,3.436154600000009,False,True,False,False,phase5b0_nominal_mpc
corner_hot_resistive_optimistic,nominal_mpc,440.0,0.18803202437360228,0.19138641234754442,0.0,3.509316957551835,33.876967453219216,False,False,False,True,0.0,False,False,False,False,phase5b0_nominal_mpc
corner_hot_resistive_optimistic,nominal_mpc,445.0,0.18803202437360228,0.19167805931426407,0.0,3.5073598133877666,33.85261971940351,False,False,False,True,0.0,False,False,False,False,phase5b0_nominal_mpc
corner_hot_resistive_optimistic,nominal_mpc,450.0,0.18803202437360228,0.19165329124258126,0.0,3.5056263493172652,33.82842489173138,False,False,False,True,0.0,False,False,False,False,phase5b0_nominal_mpc
corner_hot_resistive_optimistic,nominal_mpc,455.0,0.18803202437360228,0.1919731281794686,0.0,3.504069051267179,33.80438200993729,False,False,False,True,0.0,False,False,False,False,phase5b0_nominal_mpc
corner_hot_resistive_optimistic,nominal_mpc,460.0,0.18864930832421956,0.1912519283597978,2.0000000000000018,3.561494098497471,33.798247868703974,True,True,True,False,0.7774046999984421,False,True,False,True,phase5b0_nominal_mpc
corner_hot_resistive_optimistic,nominal_mpc,465.0,0.1897337963488657,0.19165700358303048,3.5137411998535257,3.61091019009167,33.821687729164395,True,True,True,False,0.8683634999979404,False,True,False,False,phase5b0_nominal_mpc
corner_hot_resistive_optimistic,nominal_mpc,470.0,0.19081828437351184,0.19363911200398523,3.5137411998535257,3.6194806407433116,33.847802817423684,False,True,True,False,0.0,False,False,False,False,phase5b0_nominal_mpc
corner_hot_resistive_optimistic,nominal_mpc,475.0,0.19190277239815798,0.1943525808174044,3.5137411998535257,3.6264829024284277,33.87594352312682,False,True,True,False,0.0,False,False,False,False,phase5b0_nominal_mpc
corner_hot_resistive_optimistic,nominal_mpc,480.0,0.19298726042280412,0.19486926346125052,3.5137411998535257,3.632300155140818,33.90562112614492,False,True,True,False,0.0,False,False,False,False,phase5b0_nominal_mpc
corner_hot_resistive_optimistic,nominal_mpc,485.0,0.19407174844745026,0.19567674458827394,3.5137411998535257,3.637219332993237,33.93646733305789,False,True,True,False,0.0,False,False,False,False,phase5b0_nominal_mpc
corner_hot_resistive_optimistic,nominal_mpc,490.0,0.19489214313283693,0.19730220827824416,2.6580787806527537,3.616306672536155,33.948270093900305,True,True,True,False,0.324934200005373,False,True,False,False,phase5b0_nominal_mpc
corner_hot_resistive_optimistic,nominal_mpc,495.0,0.1957125378182236,0.1994138593250271,2.6580787806527537,3.617402431637529,33.95998213916834,False,True,True,False,0.0,False,False,False,False,phase5b0_nominal_mpc
corner_hot_resistive_optimistic,nominal_mpc,500.0,0.19653293250361026,0.19977414207982502,2.6580787806527537,3.6185646577993515,33.97162823023562,False,True,True,False,0.0,False,False,False,False,phase5b0_nominal_mpc
corner_hot_resistive_optimistic,nominal_mpc,505.0,0.19735332718899692,0.1998456885589023,2.6580787806527537,3.6197716114154206,33.98322618367805,False,True,True,False,0.0,False,False,False,False,phase5b0_nominal_mpc
corner_hot_resistive_optimistic,nominal_mpc,510.0,0.1981737218743836,0.20079043467061808,2.6580787806527537,3.6210070914373977,33.994788692726004,False,True,True,False,0.0,False,False,False,False,phase5b0_nominal_mpc
corner_hot_resistive_optimistic,nominal_mpc,515.0,0.19911307418071542,0.201928376846226,3.0435014725151364,3.6335797149050832,34.01482518956376,True,True,True,False,0.7801502000002074,False,True,False,False,phase5b0_nominal_mpc
corner_hot_resistive_optimistic,nominal_mpc,520.0,0.20005242648704724,0.202532738179917,3.0435014725151364,3.6360114034201305,34.03514696584993,False,True,True,False,0.0,False,False,False,False,phase5b0_nominal_mpc
corner_hot_resistive_optimistic,nominal_mpc,525.0,0.20099177879337907,0.203705968694873,3.0435014725151364,3.6382353149349504,34.05568346604055,False,True,True,False,0.0,False,False,False,False,phase5b0_nominal_mpc
corner_hot_resistive_optimistic,nominal_mpc,530.0,0.2019311310997109,0.20554302921878734,3.0435014725151364,3.640298805447224,34.07638077149207,False,True,True,False,0.0,False,False,False,False,phase5b0_nominal_mpc
corner_hot_resistive_optimistic,nominal_mpc,535.0,0.20287048340604272,0.2065907213821833,3.0435014725151364,3.642236321489764,34.097197436582036,False,True,True,False,0.0,False,False,False,False,phase5b0_nominal_mpc
corner_hot_resistive_optimistic,nominal_mpc,540.0,0.20385408354746729,0.2069643851627866,3.186864458215631,3.648282134134454,34.12154060021956,True,True,True,False,0.6194764000028954,False,True,False,False,phase5b0_nominal_mpc
corner_hot_resistive_optimistic,nominal_mpc,545.0,0.20483768368889185,0.20814899565731887,3.186864458215631,3.6504728727583333,34.1460705175677,False,True,True,False,0.0,False,False,False,False,phase5b0_nominal_mpc
corner_hot_resistive_optimistic,nominal_mpc,550.0,0.20582128383031642,0.208286631244765,3.186864458215631,3.652519839267851,34.170737312980435,False,True,True,False,0.0,False,False,False,False,phase5b0_nominal_mpc
corner_hot_resistive_optimistic,nominal_mpc,555.0,0.206804883971741,0.20891616555604908,3.186864458215631,3.6544530488966793,34.195502488935524,False,True,True,False,0.0,False,False,False,False,phase5b0_nominal_mpc
corner_hot_resistive_optimistic,nominal_mpc,560.0,0.20778848411316556,0.20943239616080653,3.186864458215631,3.6562951203690797,34.22033610049536,False,True,True,False,0.0,False,False,False,False,phase5b0_nominal_mpc
corner_hot_resistive_optimistic,nominal_mpc,565.0,0.20874829377055348,0.21124334136367198,3.1097832899368654,3.6558016798216237,34.243319960076235,True,True,True,False,0.48165229999722214,False,True,False,False,phase5b0_nominal_mpc
corner_hot_resistive_optimistic,nominal_mpc,570.0,0.2097081034279414,0.21180933312724354,3.1097832899368654,3.65727653341366,34.26626574945736,False,True,True,False,0.0,False,False,False,False,phase5b0_nominal_mpc
corner_hot_resistive_optimistic,nominal_mpc,575.0,0.21066791308532934,0.21266880836549318,3.1097832899368654,3.658742008663828,34.2891742303832,False,True,True,False,0.0,False,False,False,False,phase5b0_nominal_mpc
corner_hot_resistive_optimistic,nominal_mpc,580.0,0.21162772274271727,0.2134930776686709,3.1097832899368654,3.660195476117627,34.312045132726624,False,True,True,False,0.0,False,False,False,False,phase5b0_nominal_mpc
corner_hot_resistive_optimistic,nominal_mpc,585.0,0.2125875324001052,0.21416479830917795,3.1097832899368654,3.661635094878768,34.33487745316144,False,True,True,False,0.0,False,False,False,False,phase5b0_nominal_mpc
corner_hot_resistive_optimistic,nominal_mpc,590.0,0.21341261515519747,0.21516077296543415,2.6732681264989413,3.650259031522832,34.34747557713396,True,True,True,False,0.578908000003139,False,True,False,False,phase5b0_nominal_mpc
corner_hot_resistive_optimistic,nominal_mpc,595.0,0.21423769791028974,0.21611200144939383,2.6732681264989413,3.6503593894432926,34.35973173960297,False,True,True,False,0.0,False,False,False,False,phase5b0_nominal_mpc
corner_hot_resistive_optimistic,nominal_mpc,600.0,0.215062780665382,0.2172137270534549,2.6732681264989413,3.6506803772683876,34.37171883276978,False,True,True,False,0.0,False,False,False,False,phase5b0_nominal_mpc
corner_hot_resistive_optimistic,nominal_mpc,605.0,0.21588786342047428,0.21779231542672065,2.6732681264989413,3.651164417952731,34.38349131039772,False,True,True,False,0.0,False,False,False,False,phase5b0_nominal_mpc
corner_hot_resistive_optimistic,nominal_mpc,610.0,0.21671294617556655,0.21946057616691894,2.6732681264989413,3.6517684668514443,34.395089859004116,False,True,True,False,0.0,False,False,False,False,phase5b0_nominal_mpc
corner_hot_resistive_optimistic,nominal_mpc,615.0,0.21671294617556655,0.2204421514283588,0.0,3.574095381995466,34.36748839831554,True,False,False,True,4.844932699998026,False,True,False,True,phase5b0_nominal_mpc
corner_hot_resistive_optimistic,nominal_mpc,620.0,0.21671294617556655,0.2198913893881846,0.0,3.5668587803151466,34.340060145112886,True,False,False,True,4.448560600001656,False,True,False,False,phase5b0_nominal_mpc
corner_hot_resistive_optimistic,nominal_mpc,625.0,0.21671294617556655,0.2198108284696408,0.0,3.5611122202185594,34.312804144016056,False,False,False,True,0.0,False,False,False,False,phase5b0_nominal_mpc
corner_hot_resistive_optimistic,nominal_mpc,630.0,0.21671294617556655,0.2209472247493263,0.0,3.556491476691777,34.28571931326502,False,False,False,True,0.0,False,False,False,False,phase5b0_nominal_mpc
corner_hot_resistive_optimistic,nominal_mpc,635.0,0.21671294617556655,0.22120234583403123,0.0,3.5527236493284904,34.2588045778933,False,False,False,True,0.0,False,False,False,False,phase5b0_nominal_mpc
corner_hot_resistive_optimistic,nominal_mpc,640.0,0.21671294617556655,0.2216709346658268,0.0,3.549604186717399,34.232058869685325,False,False,False,True,0.0,False,False,False,False,phase5b0_nominal_mpc
corner_hot_resistive_optimistic,nominal_mpc,645.0,0.21733023012618383,0.22041993780792643,1.9999999999999991,3.6056088459983595,34.224978582724475,True,True,True,False,1.278382500000589,False,True,False,True,phase5b0_nominal_mpc
corner_hot_resistive_optimistic,nominal_mpc,650.0,0.21733023012618383,0.22068107188790603,0.0,3.5507194776884314,34.19844537103215,True,False,False,True,5.742547900001227,False,True,False,True,phase5b0_nominal_mpc
corner_hot_resistive_optimistic,nominal_mpc,655.0,0.21733023012618383,0.22149785496650418,0.0,3.547692177981467,34.17207872453148,True,False,False,True,3.5858034000048065,False,True,False,False,phase5b0_nominal_mpc
corner_hot_resistive_optimistic,nominal_mpc,660.0,0.21733023012618383,0.22173865153389655,0.0,3.5451557282454527,34.14587766314298,False,False,False,True,0.0,False,False,False,False,phase5b0_nominal_mpc
corner_hot_resistive_optimistic,nominal_mpc,665.0,0.21733023012618383,0.2213564484705474,0.0,3.5429954372864363,34.11984114697599,False,False,False,True,0.0,False,False,False,False,phase5b0_nominal_mpc
corner_hot_resistive_optimistic,nominal_mpc,670.0,0.21733023012618383,0.22160346251284718,0.0,3.5411251931521686,34.09396814267046,False,False,False,True,0.0,False,False,False,False,phase5b0_nominal_mpc
corner_hot_resistive_optimistic,nominal_mpc,675.0,0.21733023012618383,0.22116237060779742,0.0,3.539480278954698,34.06825762335597,False,False,False,True,0.0,False,False,False,False,phase5b0_nominal_mpc
corner_hot_resistive_optimistic,nominal_mpc,680.0,0.21733023012618383,0.22211593336812704,0.0,3.5380119967021404,34.0427085686109,True,False,False,True,3.9569598000016413,False,True,False,False,phase5b0_nominal_mpc
corner_hot_resistive_optimistic,nominal_mpc,685.0,0.21733023012618383,0.22206365253362162,0.0,3.536683644058501,34.017319964422015,False,False,False,True,0.0,False,False,False,False,phase5b0_nominal_mpc
corner_hot_resistive_optimistic,nominal_mpc,690.0,0.21733023012618383,0.22280057342899018,0.0,3.5354675034978893,33.99209080314417,False,False,False,True,0.0,False,False,False,False,phase5b0_nominal_mpc
corner_hot_resistive_optimistic,nominal_mpc,695.0,0.21733023012618383,0.22247569133629896,0.0,3.534342589034315,33.96702008346033,False,False,False,True,0.0,False,False,False,False,phase5b0_nominal_mpc
corner_hot_resistive_optimistic,nominal_mpc,700.0,0.21733023012618383,0.22149232816824777,0.0,3.5332929598480476,33.942106810341826,False,False,False,True,0.0,False,False,False,False,phase5b0_nominal_mpc
corner_hot_resistive_optimistic,nominal_mpc,705.0,0.21733023012618383,0.22121276973246662,0.0,3.532306458124688,33.91734999500887,True,False,False,True,4.361994799997774,False,True,False,False,phase5b0_nominal_mpc
corner_hot_resistive_optimistic,nominal_mpc,710.0,0.21733023012618383,0.2222329169214696,0.0,3.5313737643376037,33.89274865489129,False,False,False,True,0.0,False,False,False,False,phase5b0_nominal_mpc
corner_hot_resistive_optimistic,nominal_mpc,715.0,0.21733023012618383,0.22216217370680041,0.0,3.5304876900787994,33.868301813589596,False,False,False,True,0.0,False,False,False,False,phase5b0_nominal_mpc
corner_hot_resistive_optimistic,nominal_mpc,720.0,0.21733023012618383,0.22128934819328971,0.0,3.5296426486532853,33.84400850083613,False,False,False,True,0.0,False,False,False,False,phase5b0_nominal_mpc
corner_hot_resistive_optimistic,nominal_mpc,725.0,0.21733023012618383,0.22117464012108878,0.0,3.5288342587001087,33.819867752456645,False,False,False,True,0.0,False,False,False,False,phase5b0_nominal_mpc
corner_hot_resistive_optimistic,nominal_mpc,730.0,0.21733023012618383,0.22152961429771803,0.0,3.5280590473635938,33.79587861033198,True,False,False,True,3.6553505000047153,False,True,False,False,phase5b0_nominal_mpc
corner_hot_resistive_optimistic,nominal_mpc,735.0,0.21733023012618383,0.22142641579787614,0.0,3.527314227964414,33.772040122360075,False,False,False,True,0.0,False,False,False,False,phase5b0_nominal_mpc
corner_hot_resistive_optimistic,nominal_mpc,740.0,0.21733023012618383,0.22166583129277975,0.0,3.526597533425261,33.74835134241814,False,False,False,True,0.0,False,False,False,False,phase5b0_nominal_mpc
corner_hot_resistive_optimistic,nominal_mpc,745.0,0.21733023012618383,0.22306785838369256,0.0,3.525907091423987,33.72481133032515,False,False,False,True,0.0,False,False,False,False,phase5b0_nominal_mpc
corner_hot_resistive_optimistic,nominal_mpc,750.0,0.21733023012618383,0.22267384927395925,0.0,3.525241330777623,33.70141915180451,False,False,False,True,0.0,False,False,False,False,phase5b0_nominal_mpc
corner_hot_resistive_optimistic,nominal_mpc,755.0,0.2179475140768011,0.22242159676288545,2.0000000000000013,3.5832247336214342,33.6928775583543,True,True,True,False,0.4893328000034671,False,True,False,True,phase5b0_nominal_mpc
corner_hot_resistive_optimistic,nominal_mpc,760.0,0.21899133369086668,0.22345617852089908,3.381975549572483,3.629087827110483,33.70907503378401,True,True,True,False,1.2276457999978447,False,True,False,False,phase5b0_nominal_mpc
corner_hot_resistive_optimistic,nominal_mpc,765.0,0.22003515330493226,0.22552579424311986,3.381975549572483,3.637509866947801,33.727972087802854,False,True,True,False,0.0,False,False,False,False,phase5b0_nominal_mpc
corner_hot_resistive_optimistic,nominal_mpc,770.0,0.22107897291899783,0.2260477750261092,3.381975549572483,3.644385827504337,33.748948857385,False,True,True,False,0.0,False,False,False,False,phase5b0_nominal_mpc
corner_hot_resistive_optimistic,nominal_mpc,775.0,0.2221227925330634,0.22718418882635957,3.381975549572483,3.6500930132854976,33.77153784183808,False,True,True,False,0.0,False,False,False,False,phase5b0_nominal_mpc
corner_hot_resistive_optimistic,nominal_mpc,780.0,0.223166612147129,0.2280376494823485,3.381975549572483,3.654914120773283,33.79538563071523,False,True,True,False,0.0,False,False,False,False,phase5b0_nominal_mpc
corner_hot_resistive_optimistic,nominal_mpc,785.0,0.22409039012603718,0.22948987185559577,2.993040651662549,3.6476666292773685,33.81146088183473,True,True,True,False,0.3456397999980254,False,True,False,False,phase5b0_nominal_mpc
corner_hot_resistive_optimistic,nominal_mpc,790.0,0.22501416810494537,0.22881576008912363,2.993040651662549,3.650143336253336,33.82792084445855,False,True,True,False,0.0,False,False,False,False,phase5b0_nominal_mpc
corner_hot_resistive_optimistic,nominal_mpc,795.0,0.22593794608385356,0.2305770659567736,2.993040651662549,3.6524350002134995,33.84470226715114,False,True,True,False,0.0,False,False,False,False,phase5b0_nominal_mpc
corner_hot_resistive_optimistic,nominal_mpc,800.0,0.22686172406276175,0.23162147925904034,2.993040651662549,3.6545800829021924,33.86175558180499,False,True,True,False,0.0,False,False,False,False,phase5b0_nominal_mpc
corner_hot_resistive_optimistic,nominal_mpc,805.0,0.22778550204166995,0.2326163176741343,2.993040651662549,3.6566076116265425,33.87904155975653,False,True,True,False,0.0,False,False,False,False,phase5b0_nominal_mpc
corner_hot_resistive_optimistic,nominal_mpc,810.0,0.22869632529588885,0.2330285849328701,2.951067343669229,3.657310310623712,33.89560506738826,True,True,True,False,0.4322939999983646,False,True,False,False,phase5b0_nominal_mpc
corner_hot_resistive_optimistic,nominal_mpc,815.0,0.22960714855010775,0.23381582744504428,2.951067343669229,3.6590390831837785,33.91230899517521,False,True,True,False,0.0,False,False,False,False,phase5b0_nominal_mpc
corner_hot_resistive_optimistic,nominal_mpc,820.0,0.23051797180432665,0.23588851729090524,2.951067343669229,3.6607243679543293,33.92914057789791,False,True,True,False,0.0,False,False,False,False,phase5b0_nominal_mpc
corner_hot_resistive_optimistic,nominal_mpc,825.0,0.23142879505854555,0.23675741340484657,2.951067343669229,3.6623703736619913,33.94608849735014,False,True,True,False,0.0,False,False,False,False,phase5b0_nominal_mpc
corner_hot_resistive_optimistic,nominal_mpc,830.0,0.23233961831276445,0.23846257415528044,2.951067343669229,3.6639804562303944,33.96314258441523,False,True,True,False,0.0,False,False,False,False,phase5b0_nominal_mpc
corner_hot_resistive_optimistic,nominal_mpc,835.0,0.23233961831276445,0.23795945879782035,0.0,3.5791568048788336,33.93825380391285,True,False,False,True,4.111665500000527,False,True,False,True,phase5b0_nominal_mpc
corner_hot_resistive_optimistic,nominal_mpc,840.0,0.23295690226338173,0.2388245289262956,2.0,3.630542481701413,33.93520329491088,True,True,True,False,0.8965450999967288,False,True,False,True,phase5b0_nominal_mpc
corner_hot_resistive_optimistic,nominal_mpc,845.0,0.23395007515220814,0.23900639120463224,3.2178801597975544,3.6664992544874297,33.95591357381009,True,True,True,False,1.1802911999984644,False,True,False,False,phase5b0_nominal_mpc
corner_hot_resistive_optimistic,nominal_mpc,850.0,0.23494324804103456,0.23882207908009837,3.2178801597975544,3.670494386846541,33.97758748198615,False,True,True,False,0.0,False,False,False,False,phase5b0_nominal_mpc
corner_hot_resistive_optimistic,nominal_mpc,855.0,0.23593642092986097,0.239352465469892,3.2178801597975544,3.673903752199287,34.00000301429428,False,True,True,False,0.0,False,False,False,False,phase5b0_nominal_mpc
corner_hot_resistive_optimistic,nominal_mpc,860.0,0.2369295938186874,0.24176438412162857,3.2178801597975544,3.676867496627765,34.02299203297423,False,True,True,False,0.0,False,False,False,False,phase5b0_nominal_mpc
corner_hot_resistive_optimistic,nominal_mpc,865.0,0.2379227667075138,0.24212499021393716,3.2178801597975544,3.6794907227594775,34.04642672821758,False,True,True,False,0.0,False,False,False,False,phase5b0_nominal_mpc
corner_hot_resistive_optimistic,nominal_mpc,870.0,0.23891999388837062,0.24342457947312185,3.2310160659760983,3.6822367474688904,34.07052578543296,True,True,True,False,0.6639592999999877,False,True,False,False,phase5b0_nominal_mpc
corner_hot_resistive_optimistic,nominal_mpc,875.0,0.23991722106922744,0.24474447887820053,3.2310160659760983,3.6844345566169037,34.09491057128168,False,True,True,False,0.0,False,False,False,False,phase5b0_nominal_mpc
corner_hot_resistive_optimistic,nominal_mpc,880.0,0.24091444825008426,0.2462086853180493,3.2310160659760983,3.6864673956555603,34.11952034181028,False,True,True,False,0.0,False,False,False,False,phase5b0_nominal_mpc
corner_hot_resistive_optimistic,nominal_mpc,885.0,0.24191167543094108,0.24717914844042355,3.2310160659760983,3.688370529503065,34.144307904778266,False,True,True,False,0.0,False,False,False,False,phase5b0_nominal_mpc
corner_hot_resistive_optimistic,nominal_mpc,890.0,0.2429089026117979,0.24886457330064024,3.2310160659760983,3.690170551616845,34.16923627326113,False,True,True,False,0.0,False,False,False,False,phase5b0_nominal_mpc
corner_hot_resistive_optimistic,nominal_mpc,895.0,0.2430219183910011,0.24930769268768674,0.3661711246183268,3.6080636246125897,34.1460054596112,True,False,False,True,0.9377408000000287,False,True,False,True,phase5b0_nominal_mpc
corner_hot_resistive_optimistic,nominal_mpc,900.0,0.24353570058388846,0.248852490641269,1.6646543049550864,3.639296196281411,34.137964593398785,True,True,True,False,1.0782065999956103,False,True,False,False,phase5b0_nominal_mpc
corner_hot_resistive_optimistic,nominal_mpc,905.0,0.24404948277677582,0.24961090169663944,1.6646543049550864,3.6378380687670355,34.12960688115868,False,True,True,False,0.0,False,False,False,False,phase5b0_nominal_mpc
corner_hot_resistive_optimistic,nominal_mpc,910.0,0.24456326496966319,0.25093577004784984,1.6646543049550864,3.636802593348164,34.12101616337114,False,True,True,False,0.0,False,False,False,False,phase5b0_nominal_mpc
corner_hot_resistive_optimistic,nominal_mpc,915.0,0.24507704716255055,0.25060154562644943,1.6646543049550864,3.636085147081525,34.112255536276514,False,True,True,False,0.0,False,False,False,False,phase5b0_nominal_mpc
corner_hot_resistive_optimistic,nominal_mpc,920.0,0.2455908293554379,0.25108763401432344,1.6646543049550864,3.6356073798413053,34.10337252053786,False,True,True,False,0.0,False,False,False,False,phase5b0_nominal_mpc
corner_hot_resistive_optimistic,nominal_mpc,925.0,0.2455908293554379,0.2524456655091327,0.0,3.5866091921649494,34.077602998134154,True,False,False,True,2.4910951999991084,False,True,False,False,phase5b0_nominal_mpc
corner_hot_resistive_optimistic,nominal_mpc,930.0,0.2455908293554379,0.25311136627188313,0.0,3.581566804401654,34.05199525352381,False,False,False,True,0.0,False,False,False,False,phase5b0_nominal_mpc
corner_hot_resistive_optimistic,nominal_mpc,935.0,0.2455908293554379,0.25236128681527303,0.0,3.577525251597254,34.02654832804773,False,False,False,True,0.0,False,False,False,False,phase5b0_nominal_mpc
corner_hot_resistive_optimistic,nominal_mpc,940.0,0.2455908293554379,0.2514790029012225,0.0,3.5742413844985825,34.00126121174606,False,False,False,True,0.0,False,False,False,False,phase5b0_nominal_mpc
corner_hot_resistive_optimistic,nominal_mpc,945.0,0.2455908293554379,0.2513439290309957,0.0,3.5715329700330325,33.9761329010016,False,False,False,True,0.0,False,False,False,False,phase5b0_nominal_mpc
corner_hot_resistive_optimistic,nominal_mpc,950.0,0.2455908293554379,0.2512998576867181,0.0,3.5692633675532193,33.951162398499946,True,False,False,True,4.571639100002358,False,True,False,False,phase5b0_nominal_mpc
corner_hot_resistive_optimistic,nominal_mpc,955.0,0.2455908293554379,0.25097946841910496,0.0,3.567330061894657,33.92634871318996,False,False,False,True,0.0,False,False,False,False,phase5b0_nominal_mpc
corner_hot_resistive_optimistic,nominal_mpc,960.0,0.2455908293554379,0.24987633215036834,0.0,3.565656082463949,33.90169086024436,False,False,False,True,0.0,False,False,False,False,phase5b0_nominal_mpc
corner_hot_resistive_optimistic,nominal_mpc,965.0,0.2455908293554379,0.2506401156442583,0.0,3.564183581928855,33.8771878610207,False,False,False,True,0.0,False,False,False,False,phase5b0_nominal_mpc
corner_hot_resistive_optimistic,nominal_mpc,970.0,0.2455908293554379,0.250994311808294,0.0,3.5628690309295084,33.85283874302251,False,False,False,True,0.0,False,False,False,False,phase5b0_nominal_mpc
corner_hot_resistive_optimistic,nominal_mpc,975.0,0.245918156282925,0.2513821694553272,1.060539245058146,3.59270707211984,33.83469509017625,True,True,True,False,1.024498799997673,False,True,False,False,phase5b0_nominal_mpc
corner_hot_resistive_optimistic,nominal_mpc,980.0,0.24624548321041206,0.25186189224660127,1.060539245058146,3.594729108335324,33.81688213817786,False,True,True,False,0.0,False,False,False,False,phase5b0_nominal_mpc
corner_hot_resistive_optimistic,nominal_mpc,985.0,0.24657281013789914,0.25194190455214505,1.060539245058146,3.5962616714100815,33.79933728696365,False,True,True,False,0.0,False,False,False,False,phase5b0_nominal_mpc
corner_hot_resistive_optimistic,nominal_mpc,990.0,0.24690013706538622,0.2531119883420417,1.060539245058146,3.5974296646828106,33.78201377277382,False,True,True,False,0.0,False,False,False,False,phase5b0_nominal_mpc
corner_hot_resistive_optimistic,nominal_mpc,995.0,0.2472274639928733,0.2524685338063498,1.060539245058146,3.598326494519996,33.764876660601395,False,True,True,False,0.0,False,False,False,False,phase5b0_nominal_mpc
corner_hot_resistive_optimistic,nominal_mpc,1000.0,0.24817207487097764,0.25296853162852573,3.060539245058144,3.6575291332972593,33.77711922579603,True,True,True,False,0.515322199993534,False,True,False,True,phase5b0_nominal_mpc
corner_hot_resistive_optimistic,nominal_mpc,1005.0,0.2493281541183474,0.25328902455434704,3.7456967614780394,3.683976968433021,33.80666457163474,True,True,True,False,0.575628600003256,False,True,False,False,phase5b0_nominal_mpc
corner_hot_resistive_optimistic,nominal_mpc,1010.0,0.2504842333657172,0.25488097430463413,3.7456967614780394,3.691198980197371,33.838644760692546,False,True,True,False,0.0,False,False,False,False,phase5b0_nominal_mpc
corner_hot_resistive_optimistic,nominal_mpc,1015.0,0.25164031261308695,0.25692462987514214,3.7456967614780394,3.6971532772598543,33.872496277512305,False,True,True,False,0.0,False,False,False,False,phase5b0_nominal_mpc
corner_hot_resistive_optimistic,nominal_mpc,1020.0,0.2527963918604567,0.2576947893026459,3.7456967614780394,3.7021483829642765,33.907793534219294,False,True,True,False,0.0,False,False,False,False,phase5b0_nominal_mpc
corner_hot_resistive_optimistic,nominal_mpc,1025.0,0.2539524711078265,0.25925418562226366,3.7456967614780394,3.706415536007852,33.94421426096346,False,True,True,False,0.0,False,False,False,False,phase5b0_nominal_mpc
corner_hot_resistive_optimistic,nominal_mpc,1030.0,0.2539524711078265,0.2602551687239076,0.0,3.6005802500549735,33.91944441688857,True,False,False,True,2.852975299996615,False,True,False,True,phase5b0_nominal_mpc
corner_hot_resistive_optimistic,nominal_mpc,1035.0,0.25456975505844376,0.26111959472677204,2.000000000000001,3.6514131836281147,33.91672557189115,True,True,True,False,0.8508895999984816,False,True,False,True,phase5b0_nominal_mpc
corner_hot_resistive_optimistic,nominal_mpc,1040.0,0.2555578373024964,0.26237951951785204,3.2013864707306983,3.6864277274881925,33.93738149384073,True,True,True,False,0.8177734999990207,False,True,False,False,phase5b0_nominal_mpc
corner_hot_resistive_optimistic,nominal_mpc,1045.0,0.2565459195465491,0.2639117272016384,3.2013864707306983,3.6900140768089926,33.958879970929196,False,True,True,False,0.0,False,False,False,False,phase5b0_nominal_mpc
corner_hot_resistive_optimistic,nominal_mpc,1050.0,0.25753400179060176,0.26332873689068825,3.2013864707306983,3.6930985018604296,33.98103089628827,False,True,True,False,0.0,False,False,False,False,phase5b0_nominal_mpc
corner_hot_resistive_optimistic,nominal_mpc,1055.0,0.25852208403465443,0.26462527250395085,3.2013864707306983,3.6958007875829755,34.003689973050044,False,True,True,False,0.0,False,False,False,False,phase5b0_nominal_mpc
corner_hot_resistive_optimistic,nominal_mpc,1060.0,0.2595101662787071,0.26579721410666346,3.2013864707306983,3.6982108028505443,34.02674720437823,False,True,True,False,0.0,False,False,False,False,phase5b0_nominal_mpc
corner_hot_resistive_optimistic,nominal_mpc,1065.0,0.2595101662787071,0.2672147325344075,0.0,3.6067811847368865,34.00145900219206,True,False,False,True,1.3555037999976776,False,True,False,True,phase5b0_nominal_mpc
corner_hot_resistive_optimistic,nominal_mpc,1070.0,0.2595101662787071,0.2668199114330825,0.0,3.5994476003005973,33.976329449304295,True,False,False,True,4.376807299995562,False,True,False,False,phase5b0_nominal_mpc
corner_hot_resistive_optimistic,nominal_mpc,1075.0,0.2595101662787071,0.26666307085091534,0.0,3.5937024838140603,33.95135771246014,False,False,False,True,0.0,False,False,False,False,phase5b0_nominal_mpc
corner_hot_resistive_optimistic,nominal_mpc,1080.0,0.2595101662787071,0.26602097699665733,0.0,3.5891544170273257,33.926542800559425,False,False,False,True,0.0,False,False,False,False,phase5b0_nominal_mpc
corner_hot_resistive_optimistic,nominal_mpc,1085.0,0.2595101662787071,0.26639562888447527,0.0,3.5855102300913617,33.90188372872621,False,False,False,True,0.0,False,False,False,False,phase5b0_nominal_mpc
corner_hot_resistive_optimistic,nominal_mpc,1090.0,0.2595101662787071,0.26668998299760605,0.0,3.5825502805858425,33.87737951826968,False,False,False,True,0.0,False,False,False,False,phase5b0_nominal_mpc
corner_hot_resistive_optimistic,nominal_mpc,1095.0,0.2601274502293244,0.2660878296266083,2.000000000000001,3.6385941363556182,33.870880182337146,True,True,True,False,1.1293618999989121,False,True,False,True,phase5b0_nominal_mpc
corner_hot_resistive_optimistic,nominal_mpc,1100.0,0.2601274502293244,0.26673067659203753,0.0,3.583905266249447,33.846570737572044,True,False,False,True,4.3200302999975975,False,True,False,True,phase5b0_nominal_mpc
corner_hot_resistive_optimistic,nominal_mpc,1105.0,0.2601274502293244,0.26809294454034316,0.0,3.5810886367062964,33.8224138980959,True,False,False,True,3.576309600000968,False,True,False,False,phase5b0_nominal_mpc
corner_hot_resistive_optimistic,nominal_mpc,1110.0,0.2601274502293244,0.26807771319068197,0.0,3.578768487306247,33.798408765928244,False,False,False,True,0.0,False,False,False,False,phase5b0_nominal_mpc
corner_hot_resistive_optimistic,nominal_mpc,1115.0,0.2601274502293244,0.26859636144776156,0.0,3.5768267930180393,33.77455438833236,False,False,False,True,0.0,False,False,False,False,phase5b0_nominal_mpc
corner_hot_resistive_optimistic,nominal_mpc,1120.0,0.2601274502293244,0.26839486744797403,0.0,3.575175009835767,33.750849818554855,False,False,False,True,0.0,False,False,False,False,phase5b0_nominal_mpc
corner_hot_resistive_optimistic,nominal_mpc,1125.0,0.2601274502293244,0.26779876307410627,0.0,3.5737466615684688,33.72729411578799,False,False,False,True,0.0,False,False,False,False,phase5b0_nominal_mpc
corner_hot_resistive_optimistic,nominal_mpc,1130.0,0.26074473417994165,0.2686991351583029,1.9999999999999998,3.6309751582553216,33.71999396999646,True,True,True,False,0.6386407000027248,False,True,False,True,phase5b0_nominal_mpc
corner_hot_resistive_optimistic,nominal_mpc,1135.0,0.26192858970804184,0.26935803992858137,3.8356919110446914,3.6893713780802244,33.74851854828208,True,True,True,False,0.8563458999997238,False,True,False,False,phase5b0_nominal_mpc
corner_hot_resistive_optimistic,nominal_mpc,1140.0,0.263112445236142,0.2697637242920016,3.8356919110446914,3.6984766981907353,33.78038866067306,False,True,True,False,0.0,False,False,False,False,phase5b0_nominal_mpc
corner_hot_resistive_optimistic,nominal_mpc,1145.0,0.2642963007642422,0.2710518003384015,3.8356919110446914,3.7058644702504306,33.814820098668974,False,True,True,False,0.0,False,False,False,False,phase5b0_nominal_mpc
corner_hot_resistive_optimistic,nominal_mpc,1150.0,0.2654801562923424,0.27072475803125406,3.8356919110446914,3.711956248142372,33.85122170713873,False,True,True,False,0.0,False,False,False,False,phase5b0_nominal_mpc
corner_hot_resistive_optimistic,nominal_mpc,1155.0,0.2666640118204426,0.27239750871850354,3.8356919110446914,3.7170678822797116,33.889146871778365,False,True,True,False,0.0,False,False,False,False,phase5b0_nominal_mpc
corner_hot_resistive_optimistic,nominal_mpc,1160.0,0.2676269203840997,0.2731973569017473,3.119823746249011,3.700505394252149,33.91032585266614,True,True,True,False,0.5879681000005803,False,True,False,False,phase5b0_nominal_mpc
corner_hot_resistive_optimistic,nominal_mpc,1165.0,0.2685898289477568,0.27401431007649807,3.119823746249011,3.702220806214541,33.9316570396847,False,True,True,False,0.0,False,False,False,False,phase5b0_nominal_mpc
corner_hot_resistive_optimistic,nominal_mpc,1170.0,0.2695527375114139,0.27542263115273435,3.119823746249011,3.70388904539668,33.9531239309054,False,True,True,False,0.0,False,False,False,False,phase5b0_nominal_mpc
corner_hot_resistive_optimistic,nominal_mpc,1175.0,0.270515646075071,0.2749832976639797,3.119823746249011,3.705516119157772,33.9747121621198,False,True,True,False,0.0,False,False,False,False,phase5b0_nominal_mpc
corner_hot_resistive_optimistic,nominal_mpc,1180.0,0.2714785546387281,0.2753361482671939,3.119823746249011,3.707106747212895,33.996409083986265,False,True,True,False,0.0,False,False,False,False,phase5b0_nominal_mpc
corner_hot_resistive_optimistic,nominal_mpc,1185.0,0.2714785546387281,0.2763619191860962,0.0,3.6174491487220592,33.971311402937665,True,False,False,True,0.9473968999955105,False,True,False,True,phase5b0_nominal_mpc
corner_hot_resistive_optimistic,nominal_mpc,1190.0,0.2714785546387281,0.27682912464122855,0.0,3.6098832524148987,33.94637117991421,True,False,False,True,2.9902175000024727,False,True,False,False,phase5b0_nominal_mpc
corner_hot_resistive_optimistic,nominal_mpc,1195.0,0.2714785546387281,0.2773335884770521,0.0,3.603968843199094,33.921587583924335,False,False,False,True,0.0,False,False,False,False,phase5b0_nominal_mpc
corner_hot_resistive_optimistic,nominal_mpc,1200.0,0.2714785546387281,0.2763633925588221,0.0,3.599298491886105,33.89695963133499,False,False,False,True,0.0,False,False,False,False,phase5b0_nominal_mpc
corner_hot_resistive_optimistic,nominal_mpc,1205.0,0.2714785546387281,0.27599334742388404,0.0,3.5955670526290118,33.87248634469043,False,False,False,True,0.0,False,False,False,False,phase5b0_nominal_mpc
corner_hot_resistive_optimistic,nominal_mpc,1210.0,0.2714785546387281,0.27564393867845954,0.0,3.5925459261630337,33.848166752673436,False,False,False,True,0.0,False,False,False,False,phase5b0_nominal_mpc
corner_hot_resistive_optimistic,nominal_mpc,1215.0,0.2716252109045701,0.2748119329421692,0.47516630132806803,3.6039564475021155,33.82625525135814,True,True,True,False,0.7375185999990208,False,True,False,False,phase5b0_nominal_mpc
corner_hot_resistive_optimistic,nominal_mpc,1220.0,0.2717718671704121,0.27469177999566863,0.47516630132806803,3.603270023534575,33.80444123289408,False,True,True,False,0.0,False,False,False,False,phase5b0_nominal_mpc
corner_hot_resistive_optimistic,nominal_mpc,1225.0,0.27191852343625406,0.2745041019176788,0.47516630132806803,3.602642152466421,33.782727160700254,False,True,True,False,0.0,False,False,False,False,phase5b0_nominal_mpc
corner_hot_resistive_optimistic,nominal_mpc,1230.0,0.27206517970209604,0.27502980912006497,0.47516630132806803,3.602062857267899,33.76111494370364,False,True,True,False,0.0,False,False,False,False,phase5b0_nominal_mpc
corner_hot_resistive_optimistic,nominal_mpc,1235.0,0.272211835967938,0.2755881356509155,0.47516630132806803,3.601524516713074,33.73960606218351,False,True,True,False,0.0,False,False,False,False,phase5b0_nominal_mpc
corner_hot_resistive_optimistic,nominal_mpc,1240.0,0.2729757761843973,0.275612778859947,2.4751663013280676,3.6594959584302824,33.74042207250523,True,True,True,False,1.175854100001743,False,True,False,True,phase5b0_nominal_mpc
corner_hot_resistive_optimistic,nominal_mpc,1245.0,0.2740100225513208,0.27638690568997193,3.3509582288322055,3.690458937100149,33.7596167755426,True,True,True,False,0.8576948999980232,False,True,False,False,phase5b0_nominal_mpc
corner_hot_resistive_optimistic,nominal_mpc,1250.0,0.2750442689182443,0.27695055222703674,3.3509582288322055,3.697319955487922,33.780966540892166,False,True,True,False,0.0,False,False,False,False,phase5b0_nominal_mpc
corner_hot_resistive_optimistic,nominal_mpc,1255.0,0.2760785152851678,0.2782513892151634,3.3509582288322055,3.7029205202831115,33.80396787715227,False,True,True,False,0.0,False,False,False,False,phase5b0_nominal_mpc
corner_hot_resistive_optimistic,nominal_mpc,1260.0,0.2771127616520913,0.27996036794484547,3.3509582288322055,3.707570137034441,33.8282411125845,False,True,True,False,0.0,False,False,False,False,phase5b0_nominal_mpc
corner_hot_resistive_optimistic,nominal_mpc,1265.0,0.2781470080190148,0.2815240194168734,3.3509582288322055,3.7115007096346493,33.85349929630066,False,True,True,False,0.0,False,False,False,False,phase5b0_nominal_mpc
corner_hot_resistive_optimistic,nominal_mpc,1270.0,0.2790845500419569,0.28358964478957494,3.0376361543323367,3.705725178910546,33.87224038010186,True,True,True,False,0.35057809999852907,False,True,False,False,phase5b0_nominal_mpc
corner_hot_resistive_optimistic,nominal_mpc,1275.0,0.28002209206489903,0.2846319424583727,3.0376361543323367,3.7077820050875796,33.891272439194594,False,True,True,False,0.0,False,False,False,False,phase5b0_nominal_mpc
corner_hot_resistive_optimistic,nominal_mpc,1280.0,0.28095963408784114,0.28482041767137956,3.0376361543323367,3.7096901730943137,33.91054195020363,False,True,True,False,0.0,False,False,False,False,phase5b0_nominal_mpc
corner_hot_resistive_optimistic,nominal_mpc,1285.0,0.28189717611078324,0.28581593469959937,3.0376361543323367,3.711482003359597,33.93000704946503,False,True,True,False,0.0,False,False,False,False,phase5b0_nominal_mpc
corner_hot_resistive_optimistic,nominal_mpc,1290.0,0.28283471813372535,0.2861993913696427,3.0376361543323367,3.7131818904009948,33.94963468147851,False,True,True,False,0.0,False,False,False,False,phase5b0_nominal_mpc
corner_hot_resistive_optimistic,nominal_mpc,1295.0,0.28283471813372535,0.2873973896681005,0.0,3.62598977867586,33.92483074028971,True,False,False,True,0.8194497000004048,False,True,False,True,phase5b0_nominal_mpc
corner_hot_resistive_optimistic,nominal_mpc,1300.0,0.28283471813372535,0.2874497683556603,0.0,3.6186946515403786,33.90018242036201,True,False,False,True,3.780692699998326,False,True,False,False,phase5b0_nominal_mpc
corner_hot_resistive_optimistic,nominal_mpc,1305.0,0.28283471813372535,0.28849970408775594,0.0,3.6129836668778257,33.87568889428796,False,False,False,True,0.0,False,False,False,False,phase5b0_nominal_mpc
corner_hot_resistive_optimistic,nominal_mpc,1310.0,0.28283471813372535,0.28836735486367676,0.0,3.6084663202340392,33.851349189947086,False,False,False,True,0.0,False,False,False,False,phase5b0_nominal_mpc
corner_hot_resistive_optimistic,nominal_mpc,1315.0,0.28283471813372535,0.2877706481851452,0.0,3.604850131262677,33.82716234132387,False,False,False,True,0.0,False,False,False,False,phase5b0_nominal_mpc
corner_hot_resistive_optimistic,nominal_mpc,1320.0,0.28283471813372535,0.2878027499222931,0.0,3.6019159790226687,33.80312738846951,False,False,False,True,0.0,False,False,False,False,phase5b0_nominal_mpc
corner_hot_resistive_optimistic,nominal_mpc,1325.0,0.2834520020843426,0.28822761914576805,1.9999999999999996,3.657978207356514,33.79696786657865,True,True,True,False,0.9082070000004023,False,True,False,True,phase5b0_nominal_mpc
corner_hot_resistive_optimistic,nominal_mpc,1330.0,0.2844115425916444,0.2876544717494302,3.108911243657741,3.694215269265821,33.811226487422324,True,True,True,False,0.9668727999960538,False,True,False,False,phase5b0_nominal_mpc
corner_hot_resistive_optimistic,nominal_mpc,1335.0,0.2853710830989462,0.2882303561677315,3.108911243657741,3.7004908622853505,33.82732561711762,False,True,True,False,0.0,False,False,False,False,phase5b0_nominal_mpc
corner_hot_resistive_optimistic,nominal_mpc,1340.0,0.286330623606248,0.2904580655716792,3.108911243657741,3.705590710435276,33.84482890161172,False,True,True,False,0.0,False,False,False,False,phase5b0_nominal_mpc
corner_hot_resistive_optimistic,nominal_mpc,1345.0,0.2872901641135498,0.29179104549392143,3.108911243657741,3.7098049673736964,33.86340770189335,False,True,True,False,0.0,False,False,False,False,phase5b0_nominal_mpc
corner_hot_resistive_optimistic,nominal_mpc,1350.0,0.2882497046208516,0.29277616741303764,3.108911243657741,3.7133509938579095,33.88281401442811,False,True,True,False,0.0,False,False,False,False,phase5b0_nominal_mpc
corner_hot_resistive_optimistic,nominal_mpc,1355.0,0.2882497046208516,0.292877495675177,0.0,3.625479486748561,33.85842971138308,True,False,False,True,0.7555846000032034,False,True,False,True,phase5b0_nominal_mpc
corner_hot_resistive_optimistic,nominal_mpc,1360.0,0.2882497046208516,0.2929016819607183,0.0,3.619056500092242,33.834198396394534,True,False,False,True,4.357794299998204,False,True,False,False,phase5b0_nominal_mpc
corner_hot_resistive_optimistic,nominal_mpc,1365.0,0.2882497046208516,0.2928120017712564,0.0,3.6140123239598165,33.810119256427946,False,False,False,True,0.0,False,False,False,False,phase5b0_nominal_mpc
corner_hot_resistive_optimistic,nominal_mpc,1370.0,0.2882497046208516,0.29186748797142803,0.0,3.6100076739155136,33.786191335809335,False,False,False,True,0.0,False,False,False,False,phase5b0_nominal_mpc
corner_hot_resistive_optimistic,nominal_mpc,1375.0,0.2882497046208516,0.2919108132198725,0.0,3.6067884122731426,33.762413684866445,False,False,False,True,0.0,False,False,False,False,phase5b0_nominal_mpc
corner_hot_resistive_optimistic,nominal_mpc,1380.0,0.2882497046208516,0.29254319024353437,0.0,3.6041641242384728,33.73878535989106,False,False,False,True,0.0,False,False,False,False,phase5b0_nominal_mpc
corner_hot_resistive_optimistic,nominal_mpc,1385.0,0.28886698857146886,0.2927291226266438,1.9999999999999998,3.660476749275152,33.73256954277113,True,True,True,False,0.8450078000023495,False,True,False,True,phase5b0_nominal_mpc
corner_hot_resistive_optimistic,nominal_mpc,1390.0,0.28999318456025913,0.29413099005196314,3.6488750036803825,3.712709079280271,33.75844870932542,True,True,True,False,1.3749207000000752,False,True,False,False,phase5b0_nominal_mpc
corner_hot_resistive_optimistic,nominal_mpc,1395.0,0.2911193805490494,0.2946346070329764,3.6488750036803825,3.720731052273946,33.78708525540233,False,True,True,False,0.0,False,False,False,False,phase5b0_nominal_mpc
corner_hot_resistive_optimistic,nominal_mpc,1400.0,0.29224557653783967,0.29566898740609593,3.6488750036803825,3.727260112878081,33.81782847382709,False,True,True,False,0.0,False,False,False,False,phase5b0_nominal_mpc
corner_hot_resistive_optimistic,nominal_mpc,1405.0,0.29337177252662994,0.29653085686298647,3.6488750036803825,3.732664119301188,33.85018792400094,False,True,True,False,0.0,False,False,False,False,phase5b0_nominal_mpc
corner_hot_resistive_optimistic,nominal_mpc,1410.0,0.2944979685154202,0.29775195125604115,3.6488750036803825,3.7372186856743266,33.8837931504585,False,True,True,False,0.0,False,False,False,False,phase5b0_nominal_mpc
corner_hot_resistive_optimistic,nominal_mpc,1415.0,0.29553203660687277,0.2990745837277841,3.350380616306368,3.732399919168234,33.91082060574877,True,True,True,False,0.10752959999808809,False,True,False,False,phase5b0_nominal_mpc
corner_hot_resistive_optimistic,nominal_mpc,1420.0,0.29656610469832534,0.2995125996919378,3.350380616306368,3.7349496045213426,33.93826844929621,False,True,True,False,0.0,False,False,False,False,phase5b0_nominal_mpc
corner_hot_resistive_optimistic,nominal_mpc,1425.0,0.2976001727897779,0.30074941111580955,3.350380616306368,3.7372874563919183,33.96605146057502,False,True,True,False,0.0,False,False,False,False,phase5b0_nominal_mpc
corner_hot_resistive_optimistic,nominal_mpc,1430.0,0.2986342408812305,0.3033566595984306,3.350380616306368,3.739461554891809,33.99410356791127,False,True,True,False,0.0,False,False,False,False,phase5b0_nominal_mpc
corner_hot_resistive_optimistic,nominal_mpc,1435.0,0.29966830897268304,0.30399471395922634,3.350380616306368,3.741508128250231,34.02237313130022,False,True,True,False,0.0,False,False,False,False,phase5b0_nominal_mpc
corner_hot_resistive_optimistic,nominal_mpc,1440.0,0.30061268472743125,0.30523706280596635,3.0597774453842304,3.734952066553056,34.0437428190788,True,True,True,False,0.6180100999990827,False,True,False,False,phase5b0_nominal_mpc
corner_hot_resistive_optimistic,nominal_mpc,1445.0,0.30155706048217945,0.3049986158797915,3.0597774453842304,3.735960192915779,34.065006561351545,False,True,True,False,0.0,False,False,False,False,phase5b0_nominal_mpc
corner_hot_resistive_optimistic,nominal_mpc,1450.0,0.30250143623692766,0.30653689280471724,3.0597774453842304,3.7370547549026214,34.08619727949931,False,True,True,False,0.0,False,False,False,False,phase5b0_nominal_mpc
corner_hot_resistive_optimistic,nominal_mpc,1455.0,0.30344581199167586,0.3075718971751509,3.0597774453842304,3.7382094650292936,34.10733826621209,False,True,True,False,0.0,False,False,False,False,phase5b0_nominal_mpc
corner_hot_resistive_optimistic,nominal_mpc,1460.0,0.30439018774642407,0.30774338266254725,3.0597774453842304,3.7394047934208423,34.12844567653347,False,True,True,False,0.0,False,False,False,False,phase5b0_nominal_mpc
corner_hot_resistive_optimistic,nominal_mpc,1465.0,0.30439018774642407,0.3094974313320901,0.0,3.651125655214638,34.102518793626594,True,False,False,True,0.9817060000059428,False,True,False,True,phase5b0_nominal_mpc
corner_hot_resistive_optimistic,nominal_mpc,1470.0,0.30439018774642407,0.3097466656285247,0.0,3.6434040741368174,34.07675457538995,True,False,False,True,4.00488949999999,False,True,False,False,phase5b0_nominal_mpc
corner_hot_resistive_optimistic,nominal_mpc,1475.0,0.30439018774642407,0.31049481097536025,0.0,3.6373378600052964,34.0511521589572,False,False,False,True,0.0,False,False,False,False,phase5b0_nominal_mpc
corner_hot_resistive_optimistic,nominal_mpc,1480.0,0.30439018774642407,0.31094878712940927,0.0,3.63251976072818,34.02571052819725,False,False,False,True,0.0,False,False,False,False,phase5b0_nominal_mpc
corner_hot_resistive_optimistic,nominal_mpc,1485.0,0.30439018774642407,0.3107882634060544,0.0,3.6286447252809535,34.00042867336037,False,False,False,True,0.0,False,False,False,False,phase5b0_nominal_mpc
corner_hot_resistive_optimistic,nominal_mpc,1490.0,0.30439018774642407,0.3116375874910887,0.0,3.625484188887911,33.97530559103818,False,False,False,True,0.0,False,False,False,False,phase5b0_nominal_mpc
corner_hot_resistive_optimistic,nominal_mpc,1495.0,0.30500747169704134,0.31202489392516636,1.9999999999999987,3.681368387805698,33.968945145967,True,True,True,False,0.8797725999975228,False,True,False,True,phase5b0_nominal_mpc
corner_hot_resistive_optimistic,nominal_mpc,1500.0,0.30608063533504365,0.31289644807003425,3.4770501871274355,3.7282258623550337,33.99158126369007,True,True,True,False,1.135411800001748,False,True,False,False,phase5b0_nominal_mpc
corner_hot_resistive_optimistic,nominal_mpc,1505.0,0.30715379897304596,0.314709872450881,3.4770501871274355,3.735444128642035,34.01655757277318,False,True,True,False,0.0,False,False,False,False,phase5b0_nominal_mpc
corner_hot_resistive_optimistic,nominal_mpc,1510.0,0.30822696261104826,0.31583943539136206,3.4770501871274355,3.7412979652633003,34.04330946448084,False,True,True,False,0.0,False,False,False,False,phase5b0_nominal_mpc
corner_hot_resistive_optimistic,nominal_mpc,1515.0,0.30930012624905057,0.3176248733802999,3.4770501871274355,3.7461234058427744,34.07141190852455,False,True,True,False,0.0,False,False,False,False,phase5b0_nominal_mpc
corner_hot_resistive_optimistic,nominal_mpc,1520.0,0.3103732898870529,0.3184671824465863,3.4770501871274355,3.7501721365141454,34.10054435081058,False,True,True,False,0.0,False,False,False,False,phase5b0_nominal_mpc
corner_hot_resistive_optimistic,nominal_mpc,1525.0,0.31139236882093196,0.31828764411654054,3.301815745768179,3.7485075718760066,34.12608528423944,True,True,True,False,0.7373943999991752,False,True,False,False,phase5b0_nominal_mpc
corner_hot_resistive_optimistic,nominal_mpc,1530.0,0.31241144775481106,0.31958790764233397,3.301815745768179,3.7510089398361735,34.15204445708607,False,True,True,False,0.0,False,False,False,False,phase5b0_nominal_mpc
corner_hot_resistive_optimistic,nominal_mpc,1535.0,0.31343052668869015,0.3202693948018454,3.301815745768179,3.753263896497589,34.178326327554295,False,True,True,False,0.0,False,False,False,False,phase5b0_nominal_mpc
corner_hot_resistive_optimistic,nominal_mpc,1540.0,0.31444960562256924,0.3217018653255829,3.301815745768179,3.7553289429227283,34.20485760825441,False,True,True,False,0.0,False,False,False,False,phase5b0_nominal_mpc
corner_hot_resistive_optimistic,nominal_mpc,1545.0,0.31546868455644833,0.32299061731247697,3.301815745768179,3.7572465333038267,34.23158174254354,False,True,True,False,0.0,False,False,False,False,phase5b0_nominal_mpc
corner_hot_resistive_optimistic,nominal_mpc,1550.0,0.316455033881713,0.32370747411586226,3.195771813857378,3.7559473452614838,34.255816556359775,True,True,True,False,0.5730999000006705,False,True,False,False,phase5b0_nominal_mpc
corner_hot_resistive_optimistic,nominal_mpc,1555.0,0.3174413832069776,0.3235615853331444,3.195771813857378,3.7573481220284384,34.280071645532786,False,True,True,False,0.0,False,False,False,False,phase5b0_nominal_mpc
corner_hot_resistive_optimistic,nominal_mpc,1560.0,0.31842773253224227,0.32440345199558596,3.195771813857378,3.7587327550416827,34.30434225475795,False,True,True,False,0.0,False,False,False,False,phase5b0_nominal_mpc
corner_hot_resistive_optimistic,nominal_mpc,1565.0,0.3194140818575069,0.3252110411067017,3.195771813857378,3.760101074932428,34.32862355005879,False,True,True,False,0.0,False,False,False,False,phase5b0_nominal_mpc
corner_hot_resistive_optimistic,nominal_mpc,1570.0,0.32040043118277156,0.3269728122495364,3.195771813857378,3.7614530888737607,34.35291069432934,False,True,True,False,0.0,False,False,False,False,phase5b0_nominal_mpc
corner_hot_resistive_optimistic,nominal_mpc,1575.0,0.32040043118277156,0.32801927579085743,0.0,3.6693344229015246,34.32557416467328,True,False,False,True,0.5459764999977779,False,True,False,True,phase5b0_nominal_mpc
corner_hot_resistive_optimistic,nominal_mpc,1580.0,0.32101771513338884,0.32904772665730897,2.0000000000000004,3.7198078685189264,34.32239073089441,True,True,True,False,1.0440821000011056,False,True,False,True,phase5b0_nominal_mpc
corner_hot_resistive_optimistic,nominal_mpc,1585.0,0.32101771513338884,0.3292634355021219,0.0,3.660855147709722,34.295245776580025,True,False,False,True,2.9033239999989746,False,True,False,True,phase5b0_nominal_mpc
corner_hot_resistive_optimistic,nominal_mpc,1590.0,0.32101771513338884,0.3284072713391522,0.0,3.654757153090166,34.26827121408935,True,False,False,True,4.974890900004539,False,True,False,False,phase5b0_nominal_mpc
corner_hot_resistive_optimistic,nominal_mpc,1595.0,0.32101771513338884,0.3276161988170407,0.0,3.6498937899859123,34.24146605448257,False,False,False,True,0.0,False,False,False,False,phase5b0_nominal_mpc
corner_hot_resistive_optimistic,nominal_mpc,1600.0,0.32101771513338884,0.32705286312196774,0.0,3.6459641032057073,34.21482923389304,False,False,False,True,0.0,False,False,False,False,phase5b0_nominal_mpc
corner_hot_resistive_optimistic,nominal_mpc,1605.0,0.32101771513338884,0.32713872023995827,0.0,3.642742569914125,34.18835969513532,False,False,False,True,0.0,False,False,False,False,phase5b0_nominal_mpc
corner_hot_resistive_optimistic,nominal_mpc,1610.0,0.32101771513338884,0.3268539043065448,0.0,3.6400601231452394,34.16205638766316,False,False,False,True,0.0,False,False,False,False,phase5b0_nominal_mpc
corner_hot_resistive_optimistic,nominal_mpc,1615.0,0.3216349990840061,0.3267380270157907,2.0000000000000004,3.696275947000898,34.15453044022391,True,True,True,False,1.2718004999987897,False,True,False,True,phase5b0_nominal_mpc
corner_hot_resistive_optimistic,nominal_mpc,1620.0,0.32273253237533805,0.3273628277816358,3.5560078639155126,3.745665238797019,34.17796340976749,True,True,True,False,2.1074221999951988,False,True,False,False,phase5b0_nominal_mpc
corner_hot_resistive_optimistic,nominal_mpc,1625.0,0.32383006566667,0.32872998449121593,3.5560078639155126,3.7532646770217193,34.203947656386696,False,True,True,False,0.0,False,False,False,False,phase5b0_nominal_mpc
corner_hot_resistive_optimistic,nominal_mpc,1630.0,0.32492759895800194,0.3291172045040192,3.5560078639155126,3.759403536255429,34.23186478664939,False,True,True,False,0.0,False,False,False,False,phase5b0_nominal_mpc
corner_hot_resistive_optimistic,nominal_mpc,1635.0,0.3260251322493339,0.3297226852787451,3.5560078639155126,3.7644421372640906,34.26124946866978,False,True,True,False,0.0,False,False,False,False,phase5b0_nominal_mpc
corner_hot_resistive_optimistic,nominal_mpc,1640.0,0.3271226655406658,0.3319623433961353,3.5560078639155126,3.7686503412814516,34.29175093423389,False,True,True,False,0.0,False,False,False,False,phase5b0_nominal_mpc
corner_hot_resistive_optimistic,nominal_mpc,1645.0,0.32811981767038984,0.33320616519293217,3.230772900305829,3.762720306175755,34.31491396128563,True,True,True,False,1.482774199997948,False,True,False,False,phase5b0_nominal_mpc
corner_hot_resistive_optimistic,nominal_mpc,1650.0,0.32911696980011385,0.3338417148405746,3.230772900305829,3.764874727921269,34.338387077922825,False,True,True,False,0.0,False,False,False,False,phase5b0_nominal_mpc
corner_hot_resistive_optimistic,nominal_mpc,1655.0,0.33011412192983786,0.33518707938556763,3.230772900305829,3.7668412149870973,34.36209910657163,False,True,True,False,0.0,False,False,False,False,phase5b0_nominal_mpc
corner_hot_resistive_optimistic,nominal_mpc,1660.0,0.33111127405956187,0.33674194908948296,3.230772900305829,3.7686622854579213,34.38599523895922,False,True,True,False,0.0,False,False,False,False,phase5b0_nominal_mpc
corner_hot_resistive_optimistic,nominal_mpc,1665.0,0.3321084261892859,0.338139671820741,3.230772900305829,3.770369909635256,34.41003299350412,False,True,True,False,0.0,False,False,False,False,phase5b0_nominal_mpc
corner_hot_resistive_optimistic,nominal_mpc,1670.0,0.3321084261892859,0.33898662974217264,0.0,3.677523794469147,34.382337730612036,True,False,False,True,1.209279200003948,False,True,False,True,phase5b0_nominal_mpc
corner_hot_resistive_optimistic,nominal_mpc,1675.0,0.3321084261892859,0.3397909495207706,0.0,3.6696490702027957,34.35481622215397,True,False,False,True,4.952351399995678,False,True,False,False,phase5b0_nominal_mpc
corner_hot_resistive_optimistic,nominal_mpc,1680.0,0.3321084261892859,0.3400161557783005,0.0,3.663456148654021,34.32746755145383,False,False,False,True,0.0,False,False,False,False,phase5b0_nominal_mpc
corner_hot_resistive_optimistic,nominal_mpc,1685.0,0.3321084261892859,0.3400539328320754,0.0,3.658531519379819,34.300290633073615,False,False,False,True,0.0,False,False,False,False,phase5b0_nominal_mpc
corner_hot_resistive_optimistic,nominal_mpc,1690.0,0.3321084261892859,0.3396715384806769,0.0,3.6545654353529375,34.27328438839203,False,False,False,True,0.0,False,False,False,False,phase5b0_nominal_mpc
corner_hot_resistive_optimistic,nominal_mpc,1695.0,0.3321084261892859,0.339444285686068,0.0,3.651325805309538,34.24644774556157,False,False,False,True,0.0,False,False,False,False,phase5b0_nominal_mpc
corner_hot_resistive_optimistic,nominal_mpc,1700.0,0.3321084261892859,0.339979637087505,0.0,3.648638657271615,34.21977963946609,True,False,False,True,3.7323449999967124,False,True,False,False,phase5b0_nominal_mpc
corner_hot_resistive_optimistic,nominal_mpc,1705.0,0.3321084261892859,0.3397599368855112,0.0,3.6463735192350297,34.193279011678435,False,False,False,True,0.0,False,False,False,False,phase5b0_nominal_mpc
corner_hot_resistive_optimistic,nominal_mpc,1710.0,0.3321084261892859,0.34089562974046433,0.0,3.64443247934178,34.1669448104185,False,False,False,True,0.0,False,False,False,False,phase5b0_nominal_mpc
corner_hot_resistive_optimistic,nominal_mpc,1715.0,0.3321084261892859,0.34055969829624066,0.0,3.64274199938963,34.14077599051146,False,False,False,True,0.0,False,False,False,False,phase5b0_nominal_mpc
corner_hot_resistive_optimistic,nominal_mpc,1720.0,0.3321084261892859,0.33941238995108813,0.0,3.6412467886509075,34.11477151334627,False,False,False,True,0.0,False,False,False,False,phase5b0_nominal_mpc
corner_hot_resistive_optimistic,nominal_mpc,1725.0,0.3321084261892859,0.3376727803981577,0.0,3.6399052194129973,34.088930346834495,True,False,False,True,3.5008950000046752,False,True,False,False,phase5b0_nominal_mpc
corner_hot_resistive_optimistic,nominal_mpc,1730.0,0.3321084261892859,0.33856928112108264,0.0,3.638685896185613,34.0632514653693,False,False,False,True,0.0,False,False,False,False,phase5b0_nominal_mpc
corner_hot_resistive_optimistic,nominal_mpc,1735.0,0.3321084261892859,0.33856165694514845,0.0,3.637565088196307,34.03773384978476,False,False,False,True,0.0,False,False,False,False,phase5b0_nominal_mpc
corner_hot_resistive_optimistic,nominal_mpc,1740.0,0.3321084261892859,0.33696433256571173,0.0,3.6365248078861323,34.0123764873154,False,False,False,True,0.0,False,False,False,False,phase5b0_nominal_mpc
corner_hot_resistive_optimistic,nominal_mpc,1745.0,0.3321084261892859,0.3364035489999127,0.0,3.635551372810323,33.987178371556034,False,False,False,True,0.0,False,False,False,False,phase5b0_nominal_mpc
corner_hot_resistive_optimistic,nominal_mpc,1750.0,0.3321084261892859,0.3362045137806601,0.0,3.634634329275152,33.96213850242179,True,False,False,True,4.078620899999805,False,True,False,False,phase5b0_nominal_mpc
corner_hot_resistive_optimistic,nominal_mpc,1755.0,0.3321084261892859,0.3356092300123946,0.0,3.63376564666694,33.93725588610841,False,False,False,True,0.0,False,False,False,False,phase5b0_nominal_mpc
corner_hot_resistive_optimistic,nominal_mpc,1760.0,0.3321084261892859,0.33523754916479404,0.0,3.632939114345459,33.91252953505286,False,False,False,True,0.0,False,False,False,False,phase5b0_nominal_mpc
corner_hot_resistive_optimistic,nominal_mpc,1765.0,0.3321084261892859,0.3353472228438262,0.0,3.632149890122081,33.88795846789407,False,False,False,True,0.0,False,False,False,False,phase5b0_nominal_mpc
corner_hot_resistive_optimistic,nominal_mpc,1770.0,0.3321084261892859,0.3364685972631427,0.0,3.6313941621747636,33.86354170943401,False,False,False,True,0.0,False,False,False,False,phase5b0_nominal_mpc
corner_hot_resistive_optimistic,nominal_mpc,1775.0,0.33272571013990315,0.3365542730361746,1.9999999999999996,3.68914689015265,33.85440321039228,True,True,True,False,0.7576101000013296,False,True,False,True,phase5b0_nominal_mpc
corner_hot_resistive_optimistic,nominal_mpc,1780.0,0.3338238382003126,0.337108900308147,3.5579349157265336,3.7398343884126937,33.8740592597331,True,True,True,False,1.339742700001807,False,True,False,False,phase5b0_nominal_mpc
corner_hot_resistive_optimistic,nominal_mpc,1785.0,0.334921966260722,0.33856483221046396,3.5579349157265336,3.7484620665219626,33.896700134877015,False,True,True,False,0.0,False,False,False,False,phase5b0_nominal_mpc
corner_hot_resistive_optimistic,nominal_mpc,1790.0,0.33602009432113145,0.33870425262636256,3.5579349157265336,3.755461001825639,33.92163536421209,False,True,True,False,0.0,False,False,False,False,phase5b0_nominal_mpc
corner_hot_resistive_optimistic,nominal_mpc,1795.0,0.3371182223815409,0.3406820353479109,3.5579349157265336,3.761230868245829,33.948344336629354,False,True,True,False,0.0,False,False,False,False,phase5b0_nominal_mpc
corner_hot_resistive_optimistic,nominal_mpc,1800.0,0.3382163504419503,0.3420926921130005,3.5579349157265336,3.7660710746230635,33.976433626504175,False,True,True,False,0.0,False,False,False,False,phase5b0_nominal_mpc
corner_hot_resistive_optimistic,nominal_mpc,1805.0,0.3382163504419503,0.34341771051381687,0.0,3.666182165330979,33.95146141434435,True,False,False,True,1.3134523999979137,False,True,False,True,phase5b0_nominal_mpc
corner_hot_resistive_optimistic,nominal_mpc,1810.0,0.3382163504419503,0.3423516063588373,0.0,3.6594104888475796,33.92664585118568,True,False,False,True,3.3017669999971986,False,True,False,False,phase5b0_nominal_mpc
corner_hot_resistive_optimistic,nominal_mpc,1815.0,0.3382163504419503,0.34163720030231054,0.0,3.6541432447604776,33.90198613218449,False,False,False,True,0.0,False,False,False,False,phase5b0_nominal_mpc
corner_hot_resistive_optimistic,nominal_mpc,1820.0,0.3382163504419503,0.34125612704372793,0.0,3.650008291651819,33.877481278624245,False,False,False,True,0.0,False,False,False,False,phase5b0_nominal_mpc
corner_hot_resistive_optimistic,nominal_mpc,1825.0,0.3382163504419503,0.34156476905416794,0.0,3.646726945650164,33.85313031793488,False,False,False,True,0.0,False,False,False,False,phase5b0_nominal_mpc
corner_hot_resistive_optimistic,nominal_mpc,1830.0,0.3382163504419503,0.34145505640474405,0.0,3.6440904633543116,33.828932283654154,False,False,False,True,0.0,False,False,False,False,phase5b0_nominal_mpc
corner_hot_resistive_optimistic,nominal_mpc,1835.0,0.3388336343925676,0.34158491727492435,2.0000000000000013,3.7004168446556895,33.821356843397616,True,True,True,False,0.7879025000002002,False,True,False,True,phase5b0_nominal_mpc
corner_hot_resistive_optimistic,nominal_mpc,1840.0,0.3400133813329648,0.34336220399967404,3.8223800868871143,3.757750097855377,33.84932479625951,True,True,True,False,0.8817219999982626,False,True,False,False,phase5b0_nominal_mpc
corner_hot_resistive_optimistic,nominal_mpc,1845.0,0.34119312827336207,0.345300827911851,3.8223800868871143,3.7663200550306426,33.880397213299574,False,True,True,False,0.0,False,False,False,False,phase5b0_nominal_mpc
corner_hot_resistive_optimistic,nominal_mpc,1850.0,0.3423728752137593,0.34577790381884455,3.8223800868871143,3.7733120432297396,33.91385567825182,False,True,True,False,0.0,False,False,False,False,phase5b0_nominal_mpc
corner_hot_resistive_optimistic,nominal_mpc,1855.0,0.34355262215415655,0.3462755904534585,3.8223800868871143,3.7791123119394916,33.949158146917014,False,True,True,False,0.0,False,False,False,False,phase5b0_nominal_mpc
corner_hot_resistive_optimistic,nominal_mpc,1860.0,0.3447323690945538,0.34793666828175734,3.8223800868871143,3.78401024824655,33.985894636987396,False,True,True,False,0.0,False,False,False,False,phase5b0_nominal_mpc
corner_hot_resistive_optimistic,nominal_mpc,1865.0,0.34575028326026724,0.34878544350427926,3.298041896911553,3.7728934940119094,34.01042411801978,True,True,True,False,0.6545715999964159,False,True,False,False,phase5b0_nominal_mpc
corner_hot_resistive_optimistic,nominal_mpc,1870.0,0.3467681974259807,0.3500404681064818,3.298041896911553,3.775056004858833,34.03525097943067,False,True,True,False,0.0,False,False,False,False,phase5b0_nominal_mpc
corner_hot_resistive_optimistic,nominal_mpc,1875.0,0.34778611159169415,0.3513094541192307,3.298041896911553,3.7771000879840697,34.06032974911026,False,True,True,False,0.0,False,False,False,False,phase5b0_nominal_mpc
corner_hot_resistive_optimistic,nominal_mpc,1880.0,0.3488040257574076,0.3514498629204831,3.298041896911553,3.779048560980229,34.08562389750884,False,True,True,False,0.0,False,False,False,False,phase5b0_nominal_mpc
corner_hot_resistive_optimistic,nominal_mpc,1885.0,0.34982193992312105,0.3529113034762788,3.298041896911553,3.780918728326419,34.11110370877234,False,True,True,False,0.0,False,False,False,False,phase5b0_nominal_mpc
corner_hot_resistive_optimistic,nominal_mpc,1890.0,0.3507990644094627,0.3535220416740216,3.165883335746877,3.7788601777692103,34.13354474523553,True,True,True,False,0.1112135999937891,False,True,False,False,phase5b0_nominal_mpc
corner_hot_resistive_optimistic,nominal_mpc,1895.0,0.3517761888958043,0.35411048724601063,3.165883335746877,3.780225337302792,34.15600893801828,False,True,True,False,0.0,False,False,False,False,phase5b0_nominal_mpc
corner_hot_resistive_optimistic,nominal_mpc,1900.0,0.35275331338214594,0.3557466767267872,3.165883335746877,3.781614330878212,34.17850626855348,False,True,True,False,0.0,False,False,False,False,phase5b0_nominal_mpc
corner_hot_resistive_optimistic,nominal_mpc,1905.0,0.35373043786848757,0.3567252207177341,3.165883335746877,3.7830158142694734,34.20104241867767,False,True,True,False,0.0,False,False,False,False,phase5b0_nominal_mpc
corner_hot_resistive_optimistic,nominal_mpc,1910.0,0.3547075623548292,0.35671253960492577,3.165883335746877,3.7844214757160644,34.22361992666579,False,True,True,False,0.0,False,False,False,False,phase5b0_nominal_mpc
corner_hot_resistive_optimistic,nominal_mpc,1915.0,0.3554901700078978,0.3579033073893531,2.5356487959421896,3.767401173028232,34.2321099890104,True,True,True,False,0.29112629999872297,False,True,False,False,phase5b0_nominal_mpc
corner_hot_resistive_optimistic,nominal_mpc,1920.0,0.3562727776609664,0.3582116821679659,2.5356487959421896,3.76696405698021,34.24021365925977,False,True,True,False,0.0,False,False,False,False,phase5b0_nominal_mpc
corner_hot_resistive_optimistic,nominal_mpc,1925.0,0.35705538531403497,0.3596501609068238,2.5356487959421896,3.7668568438064893,34.248031174905236,False,True,True,False,0.0,False,False,False,False,phase5b0_nominal_mpc
corner_hot_resistive_optimistic,nominal_mpc,1930.0,0.35783799296710356,0.361498410329679,2.5356487959421896,3.7669946669525567,34.255637034495585,False,True,True,False,0.0,False,False,False,False,phase5b0_nominal_mpc
corner_hot_resistive_optimistic,nominal_mpc,1935.0,0.35862060062017215,0.3634768190870266,2.5356487959421896,3.76731408244241,34.263086528552975,False,True,True,False,0.0,False,False,False,False,phase5b0_nominal_mpc
corner_hot_resistive_optimistic,nominal_mpc,1940.0,0.35862060062017215,0.36327109876281366,0.0,3.6936423395415123,34.23631404490281,True,False,False,True,0.12318169999343809,False,True,False,True,phase5b0_nominal_mpc
corner_hot_resistive_optimistic,nominal_mpc,1945.0,0.35862060062017215,0.3633737808372732,0.0,3.686813852117058,34.20970957943604,True,False,False,True,4.388200299996242,False,True,False,False,phase5b0_nominal_mpc
corner_hot_resistive_optimistic,nominal_mpc,1950.0,0.35862060062017215,0.36355931668620106,0.0,3.6814221695502254,34.18327219260774,False,False,False,True,0.0,False,False,False,False,phase5b0_nominal_mpc
corner_hot_resistive_optimistic,nominal_mpc,1955.0,0.35862060062017215,0.36260297891069854,0.0,3.677114849874571,34.15700083514776,False,False,False,True,0.0,False,False,False,False,phase5b0_nominal_mpc
corner_hot_resistive_optimistic,nominal_mpc,1960.0,0.35862060062017215,0.3626326738790664,0.0,3.673627862677804,34.13089446437549,False,False,False,True,0.0,False,False,False,False,phase5b0_nominal_mpc
corner_hot_resistive_optimistic,nominal_mpc,1965.0,0.35862060062017215,0.36429019768860654,0.0,3.670763345002841,34.1049520441584,False,False,False,True,0.0,False,False,False,False,phase5b0_nominal_mpc
corner_hot_resistive_optimistic,nominal_mpc,1970.0,0.35862060062017215,0.36447583013003765,0.0,3.6683729559554266,34.07917254487105,True,False,False,True,3.28103839999676,False,True,False,False,phase5b0_nominal_mpc
corner_hot_resistive_optimistic,nominal_mpc,1975.0,0.35862060062017215,0.36439832584672766,0.0,3.666345420786992,34.05355494335408,False,False,False,True,0.0,False,False,False,False,phase5b0_nominal_mpc
corner_hot_resistive_optimistic,nominal_mpc,1980.0,0.35862060062017215,0.3645919483356583,0.0,3.664597209936523,34.02809822287371,False,False,False,True,0.0,False,False,False,False,phase5b0_nominal_mpc
corner_hot_resistive_optimistic,nominal_mpc,1985.0,0.35862060062017215,0.364390556383486,0.0,3.663065563945535,34.00280137308134,False,False,False,True,0.0,False,False,False,False,phase5b0_nominal_mpc
corner_hot_resistive_optimistic,nominal_mpc,1990.0,0.35862060062017215,0.3638341252927055,0.0,3.6617032737795556,33.977663389973436,False,False,False,True,0.0,False,False,False,False,phase5b0_nominal_mpc
corner_hot_resistive_optimistic,nominal_mpc,1995.0,0.35862060062017215,0.3631611885885494,0.0,3.6604747747146136,33.95268327585175,True,False,False,True,5.741359999999986,False,True,False,False,phase5b0_nominal_mpc
corner_hot_resistive_optimistic,nominal_mpc,2000.0,0.35862060062017215,0.363610623430485,0.0,3.6593532231622157,33.927860039283615,False,False,False,True,0.0,False,False,False,False,phase5b0_nominal_mpc
corner_hot_resistive_optimistic,nominal_mpc,2005.0,0.35862060062017215,0.36367772117587993,0.0,3.6583183090274627,33.903192695062714,False,False,False,True,0.0,False,False,False,False,phase5b0_nominal_mpc
corner_hot_resistive_optimistic,nominal_mpc,2010.0,0.35862060062017215,0.3634335163032916,0.0,3.6573546184687205,33.878680264169894,False,False,False,True,0.0,False,False,False,False,phase5b0_nominal_mpc
corner_hot_resistive_optimistic,nominal_mpc,2015.0,0.35862060062017215,0.36448469331504324,0.0,3.656450408526163,33.85432177373434,False,False,False,True,0.0,False,False,False,False,phase5b0_nominal_mpc
corner_hot_resistive_optimistic,nominal_mpc,2020.0,0.3592378845707894,0.3645587387705382,2.0000000000000004,3.714063271508723,33.84573662876543,True,True,True,False,1.740772899996955,False,True,False,True,phase5b0_nominal_mpc
corner_hot_resistive_optimistic,nominal_mpc,2025.0,0.3602128248656951,0.36564929303981936,3.158806555494516,3.752950417802576,33.857842484093105,True,True,True,False,1.8954173999954946,False,True,False,False,phase5b0_nominal_mpc
corner_hot_resistive_optimistic,nominal_mpc,2030.0,0.3611877651606008,0.3672271851012493,3.158806555494516,3.7602968188751333,33.872220357958476,False,True,True,False,0.0,False,False,False,False,phase5b0_nominal_mpc
corner_hot_resistive_optimistic,nominal_mpc,2035.0,0.3621627054555065,0.36908075423575626,3.158806555494516,3.7662397501780833,33.88834166056076,False,True,True,False,0.0,False,False,False,False,phase5b0_nominal_mpc
corner_hot_resistive_optimistic,nominal_mpc,2040.0,0.3631376457504122,0.3706939898287857,3.158806555494516,3.7711245918844036,33.905808117570146,False,True,True,False,0.0,False,False,False,False,phase5b0_nominal_mpc
corner_hot_resistive_optimistic,nominal_mpc,2045.0,0.3641125860453179,0.3711171895029487,3.158806555494516,3.7752100508982815,33.92431902316679,False,True,True,False,0.0,False,False,False,False,phase5b0_nominal_mpc
corner_hot_resistive_optimistic,nominal_mpc,2050.0,0.3641125860453179,0.37074180108554994,0.0,3.6863492829201077,33.89967406248942,True,False,False,True,2.730331799997657,False,True,False,True,phase5b0_nominal_mpc
corner_hot_resistive_optimistic,nominal_mpc,2055.0,0.3641125860453179,0.370505878623706,0.0,3.6801757445039667,33.87518372895241,True,False,False,True,4.349619900000107,False,True,False,False,phase5b0_nominal_mpc
corner_hot_resistive_optimistic,nominal_mpc,2060.0,0.3641125860453179,0.3696541852202897,0.0,3.6753506855191245,33.850847197099114,False,False,False,True,0.0,False,False,False,False,phase5b0_nominal_mpc
corner_hot_resistive_optimistic,nominal_mpc,2065.0,0.3641125860453179,0.36992123891271805,0.0,3.6715413955650074,33.82666350103996,False,False,False,True,0.0,False,False,False,False,phase5b0_nominal_mpc
corner_hot_resistive_optimistic,nominal_mpc,2070.0,0.3641125860453179,0.3703696988567213,0.0,3.6684986909046957,33.802631680951244,False,False,False,True,0.0,False,False,False,False,phase5b0_nominal_mpc
corner_hot_resistive_optimistic,nominal_mpc,2075.0,0.3641125860453179,0.3706369867900769,0.0,3.6660358972642917,33.77875078303706,False,False,False,True,0.0,False,False,False,False,phase5b0_nominal_mpc
corner_hot_resistive_optimistic,nominal_mpc,2080.0,0.3646080819056726,0.3698935137906919,1.6054065875493315,3.7109436409955623,33.766537418278844,True,True,True,False,1.07469310000306,False,True,False,False,phase5b0_nominal_mpc
corner_hot_resistive_optimistic,nominal_mpc,2085.0,0.36510357776602737,0.37074214891937035,1.6054065875493315,3.713928364266717,33.754876535076825,False,True,True,False,0.0,False,False,False,False,phase5b0_nominal_mpc
corner_hot_resistive_optimistic,nominal_mpc,2090.0,0.3655990736263821,0.3710262861100421,1.6054065875493315,3.716305719955546,33.74365127175165,False,True,True,False,0.0,False,False,False,False,phase5b0_nominal_mpc
corner_hot_resistive_optimistic,nominal_mpc,2095.0,0.36609456948673685,0.3721128694686644,1.6054065875493315,3.7182272934844285,33.73277386092395,False,True,True,False,0.0,False,False,False,False,phase5b0_nominal_mpc
corner_hot_resistive_optimistic,nominal_mpc,2100.0,0.3665900653470916,0.37317051765272363,1.6054065875493315,3.7198065576712134,33.722178287501606,False,True,True,False,0.0,False,False,False,False,phase5b0_nominal_mpc
corner_hot_resistive_optimistic,nominal_mpc,2105.0,0.36768700228820267,0.37372760869574667,3.5540756891998906,3.7780931575866177,33.74644399389608,True,True,True,False,1.1389200000048731,False,True,False,True,phase5b0_nominal_mpc
corner_hot_resistive_optimistic,nominal_mpc,2110.0,0.3687183164119338,0.3747179654426187,3.3414577608888565,3.7786769187462648,33.76799647895275,True,True,True,False,0.22494210000149906,False,True,False,False,phase5b0_nominal_mpc
corner_hot_resistive_optimistic,nominal_mpc,2115.0,0.36974963053566495,0.37658038504946645,3.3414577608888565,3.7836626093825347,33.79095939319932,False,True,True,False,0.0,False,False,False,False,phase5b0_nominal_mpc
corner_hot_resistive_optimistic,nominal_mpc,2120.0,0.3707809446593961,0.37660394341192116,3.3414577608888565,3.7878594038083975,33.815018940123764,False,True,True,False,0.0,False,False,False,False,phase5b0_nominal_mpc
corner_hot_resistive_optimistic,nominal_mpc,2125.0,0.37181225878312724,0.3767769200531013,3.3414577608888565,3.791457756881884,33.83993728897334,False,True,True,False,0.0,False,False,False,False,phase5b0_nominal_mpc
corner_hot_resistive_optimistic,nominal_mpc,2130.0,0.3728435729068584,0.3772748715493265,3.3414577608888565,3.7946004565890994,33.865533573743264,False,True,True,False,0.0,False,False,False,False,phase5b0_nominal_mpc
corner_hot_resistive_optimistic,nominal_mpc,2135.0,0.37380887265160284,0.37810927293903357,3.127571172971981,3.7911421800711076,33.88662356924881,True,True,True,False,0.2943188999997801,False,True,False,False,phase5b0_nominal_mpc
corner_hot_resistive_optimistic,nominal_mpc,2140.0,0.3747741723963473,0.3785466837517744,3.127571172971981,3.7930457650057887,33.90794020119096,False,True,True,False,0.0,False,False,False,False,phase5b0_nominal_mpc
corner_hot_resistive_optimistic,nominal_mpc,2145.0,0.37573947214109177,0.3795801607400681,3.127571172971981,3.794856699160822,33.92944960532454,False,True,True,False,0.0,False,False,False,False,phase5b0_nominal_mpc
corner_hot_resistive_optimistic,nominal_mpc,2150.0,0.37670477188583623,0.3809048952293113,3.127571172971981,3.796592360718249,33.951124390775625,False,True,True,False,0.0,False,False,False,False,phase5b0_nominal_mpc
corner_hot_resistive_optimistic,nominal_mpc,2155.0,0.3776700716305807,0.38109784568171606,3.127571172971981,3.7982659544690165,33.97294209738402,False,True,True,False,0.0,False,False,False,False,phase5b0_nominal_mpc
corner_hot_resistive_optimistic,nominal_mpc,2160.0,0.37855791698420527,0.3819668525838113,2.876618945743677,3.7925515770301463,33.98915822909596,True,True,True,False,0.1422318000040832,False,True,False,False,phase5b0_nominal_mpc
corner_hot_resistive_optimistic,nominal_mpc,2165.0,0.37944576233782984,0.3822889125485157,2.876618945743677,3.7933985723250125,34.005282573112126,False,True,True,False,0.0,False,False,False,False,phase5b0_nominal_mpc
corner_hot_resistive_optimistic,nominal_mpc,2170.0,0.3803336076914544,0.38353998728637245,2.876618945743677,3.794342267031171,34.02134885758919,False,True,True,False,0.0,False,False,False,False,phase5b0_nominal_mpc
corner_hot_resistive_optimistic,nominal_mpc,2175.0,0.381221453045079,0.3842520599286273,2.876618945743677,3.795354369970086,34.03738107508215,False,True,True,False,0.0,False,False,False,False,phase5b0_nominal_mpc
corner_hot_resistive_optimistic,nominal_mpc,2180.0,0.38210929839870356,0.38523431382869955,2.876618945743677,3.7964138461554184,34.0533959927289,False,True,True,False,0.0,False,False,False,False,phase5b0_nominal_mpc
corner_hot_resistive_optimistic,nominal_mpc,2185.0,0.38210929839870356,0.3868537290890294,0.0,3.7134134928536904,34.02794041044173,True,False,False,True,0.808399699999427,False,True,False,True,phase5b0_nominal_mpc
corner_hot_resistive_optimistic,nominal_mpc,2190.0,0.38210929839870356,0.38806901633790386,0.0,3.706152589837442,34.002644551726824,True,False,False,True,3.0811595000050147,False,True,False,False,phase5b0_nominal_mpc
corner_hot_resistive_optimistic,nominal_mpc,2195.0,0.38210929839870356,0.3885375808286056,0.0,3.7004509252092608,33.977507553472336,False,False,False,True,0.0,False,False,False,False,phase5b0_nominal_mpc
corner_hot_resistive_optimistic,nominal_mpc,2200.0,0.38210929839870356,0.38899046129054665,0.0,3.6959247953564436,33.95252841801907,False,False,False,True,0.0,False,False,False,False,phase5b0_nominal_mpc
corner_hot_resistive_optimistic,nominal_mpc,2205.0,0.38210929839870356,0.3896525580581967,0.0,3.6922867915523976,33.92770615397324,False,False,False,True,0.0,False,False,False,False,phase5b0_nominal_mpc
corner_hot_resistive_optimistic,nominal_mpc,2210.0,0.38210929839870356,0.38991480353029073,0.0,3.6893215710821394,33.903039776167105,False,False,False,True,0.0,False,False,False,False,phase5b0_nominal_mpc
corner_hot_resistive_optimistic,nominal_mpc,2215.0,0.38210929839870356,0.3903565703635519,0.0,3.6868677266746763,33.87852830561986,True,False,False,True,5.505658399997628,False,True,False,False,phase5b0_nominal_mpc
corner_hot_resistive_optimistic,nominal_mpc,2220.0,0.38210929839870356,0.3895768284580626,0.0,3.684804219256787,33.85417076949883,False,False,False,True,0.0,False,False,False,False,phase5b0_nominal_mpc
corner_hot_resistive_optimistic,nominal_mpc,2225.0,0.38210929839870356,0.38932903996843404,0.0,3.6830402254112453,33.82996620108078,False,False,False,True,0.0,False,False,False,False,phase5b0_nominal_mpc
corner_hot_resistive_optimistic,nominal_mpc,2230.0,0.38210929839870356,0.38882479355710925,0.0,3.681507540038825,33.80591363971362,False,False,False,True,0.0,False,False,False,False,phase5b0_nominal_mpc
corner_hot_resistive_optimistic,nominal_mpc,2235.0,0.38210929839870356,0.38946362544594654,0.0,3.6801548910667106,33.782012130778256,False,False,False,True,0.0,False,False,False,False,phase5b0_nominal_mpc
corner_hot_resistive_optimistic,nominal_mpc,2240.0,0.38272658234932083,0.3897671215815187,2.0000000000000004,3.7374092428308163,33.77464242454598,True,True,True,False,1.369322699996701,False,True,False,True,phase5b0_nominal_mpc
corner_hot_resistive_optimistic,nominal_mpc,2245.0,0.3838869792996985,0.3899477167858459,3.759686119223628,3.793571957387497,33.80154568568122,True,True,True,False,2.3934443999969517,False,True,False,False,phase5b0_nominal_mpc
corner_hot_resistive_optimistic,nominal_mpc,2250.0,0.3850473762500762,0.391165025398117,3.759686119223628,3.8024301763295267,33.83165347614518,False,True,True,False,0.0,False,False,False,False,phase5b0_nominal_mpc
corner_hot_resistive_optimistic,nominal_mpc,2255.0,0.38620777320045385,0.3918895559871956,3.759686119223628,3.809602005795791,33.86420985134215,False,True,True,False,0.0,False,False,False,False,phase5b0_nominal_mpc
corner_hot_resistive_optimistic,nominal_mpc,2260.0,0.3873681701508315,0.3928425101863078,3.759686119223628,3.8155023363675276,33.89864519669804,False,True,True,False,0.0,False,False,False,False,phase5b0_nominal_mpc
corner_hot_resistive_optimistic,nominal_mpc,2265.0,0.3885285671012092,0.39340905467899745,3.759686119223628,3.820441954794546,33.93452939703913,False,True,True,False,0.0,False,False,False,False,phase5b0_nominal_mpc
corner_hot_resistive_optimistic,nominal_mpc,2270.0,0.3895934878491529,0.3940815839034406,3.450343223337591,3.8156105681599897,33.96355621769749,True,True,True,False,0.6199636999954237,False,True,False,False,phase5b0_nominal_mpc
corner_hot_resistive_optimistic,nominal_mpc,2275.0,0.39065840859709655,0.3955369124237042,3.450343223337591,3.818368461506496,33.99309803869952,False,True,True,False,0.0,False,False,False,False,phase5b0_nominal_mpc
corner_hot_resistive_optimistic,nominal_mpc,2280.0,0.3917233293450402,0.3972311904963659,3.450343223337591,3.820870353076811,34.02305027776526,False,True,True,False,0.0,False,False,False,False,phase5b0_nominal_mpc
corner_hot_resistive_optimistic,nominal_mpc,2285.0,0.3927882500929839,0.39905829454662717,3.450343223337591,3.8231739041728985,34.05333207785861,False,True,True,False,0.0,False,False,False,False,phase5b0_nominal_mpc
corner_hot_resistive_optimistic,nominal_mpc,2290.0,0.3938531708409276,0.4003252459281742,3.450343223337591,3.825322496310544,34.08388044972171,False,True,True,False,0.0,False,False,False,False,phase5b0_nominal_mpc
corner_hot_resistive_optimistic,nominal_mpc,2295.0,0.39471348367587955,0.3999530031431782,2.787413585244319,3.807968580652869,34.098781761402414,True,True,True,False,1.1556730000011157,False,True,False,False,phase5b0_nominal_mpc
corner_hot_resistive_optimistic,nominal_mpc,2300.0,0.3955737965108315,0.40064197576171773,2.787413585244319,3.807966738666713,34.11333519019322,False,True,True,False,0.0,False,False,False,False,phase5b0_nominal_mpc
corner_hot_resistive_optimistic,nominal_mpc,2305.0,0.3964341093457835,0.402311854115277,2.787413585244319,3.808242444792635,34.12763348597562,False,True,True,False,0.0,False,False,False,False,phase5b0_nominal_mpc
corner_hot_resistive_optimistic,nominal_mpc,2310.0,0.39729442218073546,0.4023007446346723,2.787413585244319,3.8087228892855576,34.14174511549805,False,True,True,False,0.0,False,False,False,False,phase5b0_nominal_mpc
corner_hot_resistive_optimistic,nominal_mpc,2315.0,0.39815473501568743,0.40368232845946056,2.787413585244319,3.8093536934849648,34.155720447019235,False,True,True,False,0.0,False,False,False,False,phase5b0_nominal_mpc
corner_hot_resistive_optimistic,nominal_mpc,2320.0,0.3991214516087022,0.4040157610335268,3.132161761367877,3.82017298078253,34.17747693422835,True,True,True,False,1.4370011999999406,False,True,False,False,phase5b0_nominal_mpc
corner_hot_resistive_optimistic,nominal_mpc,2325.0,0.400088168201717,0.4040496660375915,3.132161761367877,3.821997294019147,34.199436750571664,False,True,True,False,0.0,False,False,False,False,phase5b0_nominal_mpc
corner_hot_resistive_optimistic,nominal_mpc,2330.0,0.4010548847947318,0.4053204852558879,3.132161761367877,3.8236923255012623,34.22155241646079,False,True,True,False,0.0,False,False,False,False,phase5b0_nominal_mpc
corner_hot_resistive_optimistic,nominal_mpc,2335.0,0.40202160138774656,0.4048374151153579,3.132161761367877,3.82528591887811,34.243787111980915,False,True,True,False,0.0,False,False,False,False,phase5b0_nominal_mpc
corner_hot_resistive_optimistic,nominal_mpc,2340.0,0.40298831798076135,0.40500578902950235,3.132161761367877,3.8267994981834415,34.26611202501499,False,True,True,False,0.0,False,False,False,False,phase5b0_nominal_mpc
corner_hot_resistive_optimistic,nominal_mpc,2345.0,0.4040661382543001,0.40516072272274034,3.492137686265578,3.838772811242458,34.29757572934516,True,True,True,False,1.0608091999965836,False,True,False,False,phase5b0_nominal_mpc
corner_hot_resistive_optimistic,nominal_mpc,2350.0,0.40514395852783885,0.40595561270155783,3.492137686265578,3.8412188983937168,34.32943035792982,False,True,True,False,0.0,False,False,False,False,phase5b0_nominal_mpc
corner_hot_resistive_optimistic,nominal_mpc,2355.0,0.4062217788013776,0.4070876169419463,3.492137686265578,3.843428775365774,34.36157896640315,False,True,True,False,0.0,False,False,False,False,phase5b0_nominal_mpc
corner_hot_resistive_optimistic,nominal_mpc,2360.0,0.40729959907491636,0.4071244760330356,3.492137686265578,3.8454567401464606,34.39394727104521,False,True,True,False,0.0,False,False,False,False,phase5b0_nominal_mpc
corner_hot_resistive_optimistic,nominal_mpc,2365.0,0.4083774193484551,0.40752480285441145,3.492137686265578,3.84734359230685,34.42647799145199,False,True,True,False,0.0,False,False,False,False,phase5b0_nominal_mpc
corner_hot_resistive_optimistic,nominal_mpc,2370.0,0.4094001793227228,0.4084204818525056,3.3137423166272795,3.843905016072554,34.45443102368697,True,True,True,False,0.5387397000013152,False,True,False,False,phase5b0_nominal_mpc
corner_hot_resistive_optimistic,nominal_mpc,2375.0,0.41042293929699053,0.4103844843556084,3.3137423166272795,3.8450750145637245,34.48230468592274,False,True,True,False,0.0,False,False,False,False,phase5b0_nominal_mpc
corner_hot_resistive_optimistic,nominal_mpc,2380.0,0.41144569927125824,0.41179666481112526,3.3137423166272795,3.846271238571358,34.5101106641038,False,True,True,False,0.0,False,False,False,False,phase5b0_nominal_mpc
corner_hot_resistive_optimistic,nominal_mpc,2385.0,0.41246845924552594,0.4134765144537481,3.3137423166272795,3.8474834905112107,34.53785658729868,False,True,True,False,0.0,False,False,False,False,phase5b0_nominal_mpc
corner_hot_resistive_optimistic,nominal_mpc,2390.0,0.41349121921979365,0.41496097215543637,3.3137423166272795,3.8487042580411193,34.565547104909186,False,True,True,False,0.0,False,False,False,False,phase5b0_nominal_mpc
corner_hot_resistive_optimistic,nominal_mpc,2395.0,0.4143973752932426,0.415455447479612,2.9359456779746944,3.8388843266573662,34.58374839305486,True,True,True,False,0.8438911999983247,False,True,False,False,phase5b0_nominal_mpc
corner_hot_resistive_optimistic,nominal_mpc,2400.0,0.41530353136669157,0.41642392042984683,2.9359456779746944,3.839008026207501,34.60161051568996,False,True,True,False,0.0,False,False,False,False,phase5b0_nominal_mpc
corner_hot_resistive_optimistic,nominal_mpc,2405.0,0.41620968744014053,0.4179429142966589,2.9359456779746944,3.8393312266100894,34.61920424135995,False,True,True,False,0.0,False,False,False,False,phase5b0_nominal_mpc
corner_hot_resistive_optimistic,nominal_mpc,2410.0,0.4171158435135895,0.4202833322955653,2.9359456779746944,3.8398022918725765,34.636582201837875,False,True,True,False,0.0,False,False,False,False,phase5b0_nominal_mpc
corner_hot_resistive_optimistic,nominal_mpc,2415.0,0.41802199958703845,0.4211424160623391,2.9359456779746944,3.840382630455793,34.65378349494783,False,True,True,False,0.0,False,False,False,False,phase5b0_nominal_mpc
corner_hot_resistive_optimistic,nominal_mpc,2420.0,0.41802199958703845,0.42272942559095433,0.0,3.7552221430692425,34.624557437322586,True,False,False,True,0.1453239999973448,False,True,False,True,phase5b0_nominal_mpc
corner_hot_resistive_optimistic,nominal_mpc,2425.0,0.41802199958703845,0.4232387416633695,0.0,3.7474020126421106,34.595514765477134,True,False,False,True,4.291915699999663,False,True,False,False,phase5b0_nominal_mpc
corner_hot_resistive_optimistic,nominal_mpc,2430.0,0.41802199958703845,0.4214063998821601,0.0,3.7412047840979707,34.56665448444407,False,False,False,True,0.0,False,False,False,False,phase5b0_nominal_mpc
corner_hot_resistive_optimistic,nominal_mpc,2435.0,0.41802199958703845,0.42223544904350246,0.0,3.7362332484347687,34.53797544879131,False,False,False,True,0.0,False,False,False,False,phase5b0_nominal_mpc
corner_hot_resistive_optimistic,nominal_mpc,2440.0,0.41802199958703845,0.4216531995936264,0.0,3.73218980863927,34.50947652028017,False,False,False,True,0.0,False,False,False,False,phase5b0_nominal_mpc
corner_hot_resistive_optimistic,nominal_mpc,2445.0,0.41802199958703845,0.4216856451241241,0.0,3.7288514185595236,34.48115656782022,False,False,False,True,0.0,False,False,False,False,phase5b0_nominal_mpc
corner_hot_resistive_optimistic,nominal_mpc,2450.0,0.4186392835376557,0.4216464756198373,2.0000000000000004,3.7845133088878278,34.472921510951736,True,True,True,False,1.4648723999998765,False,True,False,True,phase5b0_nominal_mpc
corner_hot_resistive_optimistic,nominal_mpc,2455.0,0.4186392835376557,0.4216326958989239,0.0,3.7294802961318285,34.44483119486836,True,False,False,True,3.4192268999977387,False,True,False,True,phase5b0_nominal_mpc
corner_hot_resistive_optimistic,nominal_mpc,2460.0,0.4186392835376557,0.421526214814233,0.0,3.7263340231467237,34.41691722135834,True,False,False,True,4.626955599997018,False,True,False,False,phase5b0_nominal_mpc
corner_hot_resistive_optimistic,nominal_mpc,2465.0,0.4186392835376557,0.42219479974430685,0.0,3.7236974366499007,34.389178550325056,False,False,False,True,0.0,False,False,False,False,phase5b0_nominal_mpc
corner_hot_resistive_optimistic,nominal_mpc,2470.0,0.4186392835376557,0.4222293083233819,0.0,3.7214514671648824,34.36161408085185,False,False,False,True,0.0,False,False,False,False,phase5b0_nominal_mpc
corner_hot_resistive_optimistic,nominal_mpc,2475.0,0.4186392835376557,0.42101863706945225,0.0,3.719506714645491,34.334222718935926,False,False,False,True,0.0,False,False,False,False,phase5b0_nominal_mpc
corner_hot_resistive_optimistic,nominal_mpc,2480.0,0.4186392835376557,0.42135977667467955,0.0,3.7177959902763535,34.30700337744494,False,False,False,True,0.0,False,False,False,False,phase5b0_nominal_mpc
corner_hot_resistive_optimistic,nominal_mpc,2485.0,0.419256567488273,0.4213092708044541,1.9999999999999998,3.7747310278656205,34.29768296268691,True,True,True,False,0.9302659000022686,False,True,False,True,phase5b0_nominal_mpc
corner_hot_resistive_optimistic,nominal_mpc,2490.0,0.419256567488273,0.42180509860401527,0.0,3.720704396664498,34.27069315440922,True,False,False,True,4.166011200002686,False,True,False,True,phase5b0_nominal_mpc
corner_hot_resistive_optimistic,nominal_mpc,2495.0,0.4198738514388903,0.42265611902443617,2.0,3.7768251079547306,34.261996683765204,True,True,True,False,1.1174774000028265,False,True,False,True,phase5b0_nominal_mpc
corner_hot_resistive_optimistic,nominal_mpc,2500.0,0.42078187664433503,0.4228819112491241,2.942001665641063,3.8081936697320793,34.27055775408023,True,True,True,False,1.1090542000019923,False,True,False,False,phase5b0_nominal_mpc
corner_hot_resistive_optimistic,nominal_mpc,2505.0,0.4216899018497798,0.4241096518640987,2.942001665641063,3.8139649355086385,34.28075125700975,False,True,True,False,0.0,False,False,False,False,phase5b0_nominal_mpc
corner_hot_resistive_optimistic,nominal_mpc,2510.0,0.42259792705522453,0.42563693224469257,2.942001665641063,3.8186283549274864,34.292188624955834,False,True,True,False,0.0,False,False,False,False,phase5b0_nominal_mpc
corner_hot_resistive_optimistic,nominal_mpc,2515.0,0.4235059522606693,0.4270025037688538,2.942001665641063,3.8224576523077167,34.30457748579689,False,True,True,False,0.0,False,False,False,False,phase5b0_nominal_mpc
corner_hot_resistive_optimistic,nominal_mpc,2520.0,0.42441397746611403,0.427520401252707,2.942001665641063,3.8256578226687044,34.31769747105187,False,True,True,False,0.0,False,False,False,False,phase5b0_nominal_mpc
corner_hot_resistive_optimistic,nominal_mpc,2525.0,0.42441397746611403,0.4269541163188099,0.0,3.742386593982879,34.29058204558027,True,False,False,True,0.5196098000014899,False,True,False,True,phase5b0_nominal_mpc
corner_hot_resistive_optimistic,nominal_mpc,2530.0,0.42441397746611403,0.4272586579728536,0.0,3.7361956044491587,34.26363677177524,True,False,False,True,4.176195399995777,False,True,False,False,phase5b0_nominal_mpc
corner_hot_resistive_optimistic,nominal_mpc,2535.0,0.42441397746611403,0.42691321511341573,0.0,3.7313135741049366,34.2368607169183,False,False,False,True,0.0,False,False,False,False,phase5b0_nominal_mpc
corner_hot_resistive_optimistic,nominal_mpc,2540.0,0.42441397746611403,0.4260511475755057,0.0,3.7274191750087367,34.21025281829793,False,False,False,True,0.0,False,False,False,False,phase5b0_nominal_mpc
corner_hot_resistive_optimistic,nominal_mpc,2545.0,0.42441397746611403,0.42628357764999836,0.0,3.724271693935818,34.183812019876584,False,False,False,True,0.0,False,False,False,False,phase5b0_nominal_mpc
corner_hot_resistive_optimistic,nominal_mpc,2550.0,0.42441397746611403,0.42639823886778694,0.0,3.721690749671252,34.157537272248696,False,False,False,True,0.0,False,False,False,False,phase5b0_nominal_mpc
corner_hot_resistive_optimistic,nominal_mpc,2555.0,0.4250312614167313,0.42667544237787197,1.9999999999999998,3.7780019106619305,34.14891125029978,True,True,True,False,0.9472469999964233,False,True,False,True,phase5b0_nominal_mpc
corner_hot_resistive_optimistic,nominal_mpc,2560.0,0.42610180397937975,0.4271446595497765,3.468557902981,3.8249244298596654,34.168423516320914,True,True,True,False,1.201475499998196,False,True,False,False,phase5b0_nominal_mpc
corner_hot_resistive_optimistic,nominal_mpc,2565.0,0.4271723465420282,0.42823767636942844,3.468557902981,3.83236830348784,34.190401887181864,False,True,True,False,0.0,False,False,False,False,phase5b0_nominal_mpc
corner_hot_resistive_optimistic,nominal_mpc,2570.0,0.4282428891046766,0.4301061910125935,3.468557902981,3.83840454503865,34.21426446431631,False,True,True,False,0.0,False,False,False,False,phase5b0_nominal_mpc
corner_hot_resistive_optimistic,nominal_mpc,2575.0,0.42931343166732505,0.4303031843066412,3.468557902981,3.8433794829172263,34.23957285156212,False,True,True,False,0.0,False,False,False,False,phase5b0_nominal_mpc
corner_hot_resistive_optimistic,nominal_mpc,2580.0,0.4303839742299735,0.4310664119297329,3.468557902981,3.8475525374391677,34.26599608138475,False,True,True,False,0.0,False,False,False,False,phase5b0_nominal_mpc
corner_hot_resistive_optimistic,nominal_mpc,2585.0,0.4303839742299735,0.43186396285318945,0.0,3.7497326752456757,34.2392053893117,True,False,False,True,1.4079534000047715,False,True,False,True,phase5b0_nominal_mpc
corner_hot_resistive_optimistic,nominal_mpc,2590.0,0.4303839742299735,0.43185094813315617,0.0,3.7427519142814134,34.212582765919976,True,False,False,True,1.5203576999992947,False,True,False,False,phase5b0_nominal_mpc
corner_hot_resistive_optimistic,nominal_mpc,2595.0,0.4303839742299735,0.4327781957444827,0.0,3.7372850793425765,34.18612733520027,False,False,False,True,0.0,False,False,False,False,phase5b0_nominal_mpc
corner_hot_resistive_optimistic,nominal_mpc,2600.0,0.4303839742299735,0.43239730954566835,0.0,3.7329590488382154,34.15983804716628,False,False,False,True,0.0,False,False,False,False,phase5b0_nominal_mpc
corner_hot_resistive_optimistic,nominal_mpc,2605.0,0.4303839742299735,0.43235296167564047,0.0,3.729494359386871,34.13371385842574,False,False,False,True,0.0,False,False,False,False,phase5b0_nominal_mpc
corner_hot_resistive_optimistic,nominal_mpc,2610.0,0.4303839742299735,0.43263476035611087,0.0,3.726681639736671,34.10775373213899,False,False,False,True,0.0,False,False,False,False,phase5b0_nominal_mpc
corner_hot_resistive_optimistic,nominal_mpc,2615.0,0.43043176977597936,0.43165025329119106,0.15485756905892603,3.728890444533749,34.08253250546146,True,True,True,False,0.8809866000010516,False,True,False,False,phase5b0_nominal_mpc
corner_hot_resistive_optimistic,nominal_mpc,2620.0,0.4304795653219852,0.4323586617446624,0.15485756905892603,3.7274004344613445,34.05744400788511,False,True,True,False,0.0,False,False,False,False,phase5b0_nominal_mpc
corner_hot_resistive_optimistic,nominal_mpc,2625.0,0.4305273608679911,0.43280457848024706,0.15485756905892603,3.726116241567186,34.03249105161084,False,True,True,False,0.0,False,False,False,False,phase5b0_nominal_mpc
corner_hot_resistive_optimistic,nominal_mpc,2630.0,0.43057515641399696,0.43310075408746135,0.15485756905892603,3.7249919157229185,34.007675606937894,False,True,True,False,0.0,False,False,False,False,phase5b0_nominal_mpc
corner_hot_resistive_optimistic,nominal_mpc,2635.0,0.43062295196000283,0.4321170290219634,0.15485756905892603,3.723992881490974,33.982999010481976,False,True,True,False,0.0,False,False,False,False,phase5b0_nominal_mpc
corner_hot_resistive_optimistic,nominal_mpc,2640.0,0.431288031456626,0.4324474756965206,2.154857569058926,3.7815527642563587,33.97633965326331,True,True,True,False,1.1602849999981117,False,True,False,True,phase5b0_nominal_mpc
corner_hot_resistive_optimistic,nominal_mpc,2645.0,0.4322957730926513,0.43371213164829037,3.2650829007221773,3.818998999059409,33.990701596078424,True,True,True,False,1.0791981000002124,False,True,False,False,phase5b0_nominal_mpc
corner_hot_resistive_optimistic,nominal_mpc,2650.0,0.4333035147286767,0.43456799652678874,3.2650829007221773,3.8262098429930016,34.007340957153424,False,True,True,False,0.0,False,False,False,False,phase5b0_nominal_mpc
corner_hot_resistive_optimistic,nominal_mpc,2655.0,0.434311256364702,0.4354632000300052,3.2650829007221773,3.8320628216487256,34.025729149549015,False,True,True,False,0.0,False,False,False,False,phase5b0_nominal_mpc
corner_hot_resistive_optimistic,nominal_mpc,2660.0,0.4353189980007274,0.43686193756979813,3.2650829007221773,3.836891631006572,34.04546773116969,False,True,True,False,0.0,False,False,False,False,phase5b0_nominal_mpc
corner_hot_resistive_optimistic,nominal_mpc,2665.0,0.4363267396367527,0.4381128618426457,3.2650829007221773,3.840946242278115,34.06625570629919,False,True,True,False,0.0,False,False,False,False,phase5b0_nominal_mpc
corner_hot_resistive_optimistic,nominal_mpc,2670.0,0.4363267396367527,0.43965627855007566,0.0,3.748977025964915,34.040719380076865,True,False,False,True,1.7292041999971843,False,True,False,True,phase5b0_nominal_mpc
corner_hot_resistive_optimistic,nominal_mpc,2675.0,0.4363267396367527,0.44065428829171605,0.0,3.7425061413100664,34.01534326818602,True,False,False,True,4.675608600002306,False,True,False,False,phase5b0_nominal_mpc
corner_hot_resistive_optimistic,nominal_mpc,2680.0,0.4363267396367527,0.44025393873454644,0.0,3.737450931169957,33.99012652075337,False,False,False,True,0.0,False,False,False,False,phase5b0_nominal_mpc
corner_hot_resistive_optimistic,nominal_mpc,2685.0,0.4363267396367527,0.4402683750162173,0.0,3.733462021524291,33.96506813695457,False,False,False,True,0.0,False,False,False,False,phase5b0_nominal_mpc
corner_hot_resistive_optimistic,nominal_mpc,2690.0,0.4363267396367527,0.44090095902804,0.0,3.7302777512232583,33.94016712225053,False,False,False,True,0.0,False,False,False,False,phase5b0_nominal_mpc
corner_hot_resistive_optimistic,nominal_mpc,2695.0,0.4363267396367527,0.4409935070317135,0.0,3.7277021013500753,33.91542248834801,False,False,False,True,0.0,False,False,False,False,phase5b0_nominal_mpc
corner_hot_resistive_optimistic,nominal_mpc,2700.0,0.4363267396367527,0.441503429844007,0.0,3.7255881797068913,33.8908332531603,True,False,False,True,4.528834899996582,False,True,False,False,phase5b0_nominal_mpc
corner_hot_resistive_optimistic,nominal_mpc,2705.0,0.4363267396367527,0.4421457004854042,0.0,3.7238258621604254,33.866398440768336,False,False,False,True,0.0,False,False,False,False,phase5b0_nominal_mpc
corner_hot_resistive_optimistic,nominal_mpc,2710.0,0.4363267396367527,0.44182610574452774,0.0,3.7223325445382196,33.842117081381865,False,False,False,True,0.0,False,False,False,False,phase5b0_nominal_mpc
corner_hot_resistive_optimistic,nominal_mpc,2715.0,0.4363267396367527,0.441865978318337,0.0,3.7210462221310134,33.81798821130107,False,False,False,True,0.0,False,False,False,False,phase5b0_nominal_mpc
corner_hot_resistive_optimistic,nominal_mpc,2720.0,0.4363267396367527,0.44213684021571087,0.0,3.7199203109302643,33.79401087287822,False,False,False,True,0.0,False,False,False,False,phase5b0_nominal_mpc
corner_hot_resistive_optimistic,nominal_mpc,2725.0,0.4363267396367527,0.4424479776313295,0.0,3.7189197721982685,33.77018411447972,True,False,False,True,4.396679099998437,False,True,False,False,phase5b0_nominal_mpc
corner_hot_resistive_optimistic,nominal_mpc,2730.0,0.4363267396367527,0.4417847275695987,0.0,3.718018212317769,33.74650699044834,False,False,False,True,0.0,False,False,False,False,phase5b0_nominal_mpc
corner_hot_resistive_optimistic,nominal_mpc,2735.0,0.4363267396367527,0.44163778264667475,0.0,3.7171957124414448,33.722978561065645,False,False,False,True,0.0,False,False,False,False,phase5b0_nominal_mpc
corner_hot_resistive_optimistic,nominal_mpc,2740.0,0.4363267396367527,0.4417100080988958,0.0,3.71643720425076,33.69959789251473,False,False,False,True,0.0,False,False,False,False,phase5b0_nominal_mpc
corner_hot_resistive_optimistic,nominal_mpc,2745.0,0.4363267396367527,0.44155054324183585,0.0,3.715731254369916,33.676364056843184,False,False,False,True,0.0,False,False,False,False,phase5b0_nominal_mpc
corner_hot_resistive_optimistic,nominal_mpc,2750.0,0.43694402358737,0.4420949180835231,1.9999999999999993,3.773528288501022,33.66774982406831,True,True,True,False,1.1739962999999989,False,True,False,True,phase5b0_nominal_mpc
corner_hot_resistive_optimistic,nominal_mpc,2755.0,0.4380464488997133,0.4429333855837934,3.571858011992294,3.8246624172764943,33.687746031329745,True,True,True,False,1.8770389999990584,False,True,False,False,phase5b0_nominal_mpc
corner_hot_resistive_optimistic,nominal_mpc,2760.0,0.43914887421205656,0.44429934820234146,3.571858011992294,3.833377401933877,33.71077881996529,False,True,True,False,0.0,False,False,False,False,phase5b0_nominal_mpc
corner_hot_resistive_optimistic,nominal_mpc,2765.0,0.44025129952439984,0.44507778848918383,3.571858011992294,3.840460999913141,33.73615340488109,False,True,True,False,0.0,False,False,False,False,phase5b0_nominal_mpc
corner_hot_resistive_optimistic,nominal_mpc,2770.0,0.4413537248367431,0.44618059828121126,3.571858011992294,3.846313002682496,33.763345578995214,False,True,True,False,0.0,False,False,False,False,phase5b0_nominal_mpc
corner_hot_resistive_optimistic,nominal_mpc,2775.0,0.4424561501490864,0.44801464664821367,3.571858011992294,3.8512329330574766,33.791958870759295,False,True,True,False,0.0,False,False,False,False,phase5b0_nominal_mpc
corner_hot_resistive_optimistic,nominal_mpc,2780.0,0.4424561501490864,0.4492150741711812,0.0,3.751041585734787,33.7681451759037,True,False,False,True,1.0629895000020042,False,True,False,True,phase5b0_nominal_mpc
corner_hot_resistive_optimistic,nominal_mpc,2785.0,0.4424561501490864,0.4494361370607211,0.0,3.7443306629217097,33.74448085660548,True,False,False,True,4.636475000006612,False,True,False,False,phase5b0_nominal_mpc
corner_hot_resistive_optimistic,nominal_mpc,2790.0,0.4424561501490864,0.44871866782821157,0.0,3.739128473845111,33.720965151540966,False,False,False,True,0.0,False,False,False,False,phase5b0_nominal_mpc
corner_hot_resistive_optimistic,nominal_mpc,2795.0,0.4424561501490864,0.44853569693424195,0.0,3.7350611541716643,33.69759712739829,False,False,False,True,0.0,False,False,False,False,phase5b0_nominal_mpc
corner_hot_resistive_optimistic,nominal_mpc,2800.0,0.4424561501490864,0.4488065457527071,0.0,3.7318487517068437,33.67437585672685,False,False,False,True,0.0,False,False,False,False,phase5b0_nominal_mpc
corner_hot_resistive_optimistic,nominal_mpc,2805.0,0.4424561501490864,0.44854844734464505,0.0,3.7292815942104234,33.65130041790052,False,False,False,True,0.0,False,False,False,False,phase5b0_nominal_mpc
corner_hot_resistive_optimistic,nominal_mpc,2810.0,0.4430734340997037,0.44760491738245345,2.0,3.785661633705733,33.64439062843895,True,True,True,False,1.0362372000017785,False,True,False,True,phase5b0_nominal_mpc
corner_hot_resistive_optimistic,nominal_mpc,2815.0,0.4442024995267756,0.4484774434126179,3.6581719837130646,3.8382349992911524,33.6688059753708,True,True,True,False,1.0087626999957138,False,True,False,False,phase5b0_nominal_mpc
corner_hot_resistive_optimistic,nominal_mpc,2820.0,0.4453315649538475,0.44987388337935297,3.6581719837130646,3.8463675473163086,33.69605179531671,False,True,True,False,0.0,False,False,False,False,phase5b0_nominal_mpc
corner_hot_resistive_optimistic,nominal_mpc,2825.0,0.44646063038091943,0.45096273029827494,3.6581719837130646,3.853010359529638,33.725478421104604,False,True,True,False,0.0,False,False,False,False,phase5b0_nominal_mpc
corner_hot_resistive_optimistic,nominal_mpc,2830.0,0.44758969580799135,0.4529127637057112,3.6581719837130646,3.858527967703311,33.75659549169407,False,True,True,False,0.0,False,False,False,False,phase5b0_nominal_mpc
corner_hot_resistive_optimistic,nominal_mpc,2835.0,0.44871876123506327,0.4539933152040345,3.6581719837130646,3.863193499237462,33.78903193775963,False,True,True,False,0.0,False,False,False,False,phase5b0_nominal_mpc
corner_hot_resistive_optimistic,nominal_mpc,2840.0,0.4497694861953039,0.45426421587427923,3.404348871179669,3.859792482592582,33.81618247992151,True,True,True,False,0.5292594999991707,False,True,False,False,phase5b0_nominal_mpc
corner_hot_resistive_optimistic,nominal_mpc,2845.0,0.4508202111555445,0.455458748963109,3.404348871179669,3.862578817910962,33.84386512619269,False,True,True,False,0.0,False,False,False,False,phase5b0_nominal_mpc
corner_hot_resistive_optimistic,nominal_mpc,2850.0,0.4518709361157851,0.45594560964812497,3.404348871179669,3.865123037623227,33.87198234550348,False,True,True,False,0.0,False,False,False,False,phase5b0_nominal_mpc
corner_hot_resistive_optimistic,nominal_mpc,2855.0,0.4529216610760257,0.45696952680068087,3.404348871179669,3.8674783412376614,33.900458211993794,False,True,True,False,0.0,False,False,False,False,phase5b0_nominal_mpc
corner_hot_resistive_optimistic,nominal_mpc,2860.0,0.45397238603626633,0.45845676025175003,3.404348871179669,3.869684799708424,33.92923308848773,False,True,True,False,0.0,False,False,False,False,phase5b0_nominal_mpc
corner_hot_resistive_optimistic,nominal_mpc,2865.0,0.45397238603626633,0.4590638757847144,0.0,3.7722631149579233,33.90455730161328,True,False,False,True,0.3795719999980065,False,True,False,True,phase5b0_nominal_mpc
corner_hot_resistive_optimistic,nominal_mpc,2870.0,0.4542120966185879,0.45967568823699945,0.7766622867219153,3.78705779244805,33.88603553245319,True,True,True,False,1.307648900001368,False,True,False,False,phase5b0_nominal_mpc
corner_hot_resistive_optimistic,nominal_mpc,2875.0,0.4544518072009095,0.46038422443467814,0.7766622867219153,3.7831618492409245,33.86726677512215,False,True,True,False,0.0,False,False,False,False,phase5b0_nominal_mpc
corner_hot_resistive_optimistic,nominal_mpc,2880.0,0.4546915177832311,0.4616539283625952,0.7766622867219153,3.780167519137416,33.84833384666463,False,True,True,False,0.0,False,False,False,False,phase5b0_nominal_mpc
corner_hot_resistive_optimistic,nominal_mpc,2885.0,0.45493122836555266,0.46093625035372254,0.7766622867219153,3.7778520834907456,33.82929893723377,False,True,True,False,0.0,False,False,False,False,phase5b0_nominal_mpc
corner_hot_resistive_optimistic,nominal_mpc,2890.0,0.45517093894787425,0.46126689024050266,0.7766622867219153,3.7760487459942174,33.81020877344486,False,True,True,False,0.0,False,False,False,False,phase5b0_nominal_mpc
corner_hot_resistive_optimistic,nominal_mpc,2895.0,0.4560279334808131,0.4607809915719812,2.7766622867219155,3.833093040884063,33.818608467464074,True,True,True,False,1.0706432000006316,False,True,False,True,phase5b0_nominal_mpc
corner_hot_resistive_optimistic,nominal_mpc,2900.0,0.4570732320621685,0.4619846861062191,3.38676740359135,3.8556199470969985,33.841212873655536,True,True,True,False,1.0011249000017415,False,True,False,False,phase5b0_nominal_mpc
corner_hot_resistive_optimistic,nominal_mpc,2905.0,0.45811853064352387,0.46266458156857554,3.38676740359135,3.8612350584591697,33.86549432417578,False,True,True,False,0.0,False,False,False,False,phase5b0_nominal_mpc
corner_hot_resistive_optimistic,nominal_mpc,2910.0,0.45916382922487925,0.46394278702594516,3.38676740359135,3.8658793190627456,33.89106102864674,False,True,True,False,0.0,False,False,False,False,phase5b0_nominal_mpc
corner_hot_resistive_optimistic,nominal_mpc,2915.0,0.46020912780623463,0.46551320822959413,3.38676740359135,3.86978993271193,33.917617149406134,False,True,True,False,0.0,False,False,False,False,phase5b0_nominal_mpc
corner_hot_resistive_optimistic,nominal_mpc,2920.0,0.46125442638759,0.46587663555880804,3.38676740359135,3.873144641721055,33.944938717736434,False,True,True,False,0.0,False,False,False,False,phase5b0_nominal_mpc
corner_hot_resistive_optimistic,nominal_mpc,2925.0,0.46215586448980855,0.46755075596018136,2.920659451188111,3.862451868899473,33.961901691315056,True,True,True,False,0.4693390999964322,False,True,False,False,phase5b0_nominal_mpc
corner_hot_resistive_optimistic,nominal_mpc,2930.0,0.4630573025920271,0.46870549538433903,2.920659451188111,3.8637052954950355,33.97890281919081,False,True,True,False,0.0,False,False,False,False,phase5b0_nominal_mpc
corner_hot_resistive_optimistic,nominal_mpc,2935.0,0.46395874069424564,0.46954289379683234,2.920659451188111,3.8649616348048563,33.995943599395574,False,True,True,False,0.0,False,False,False,False,phase5b0_nominal_mpc
corner_hot_resistive_optimistic,nominal_mpc,2940.0,0.4648601787964642,0.47105900929269834,2.920659451188111,3.866216059124521,34.013023811119886,False,True,True,False,0.0,False,False,False,False,phase5b0_nominal_mpc
corner_hot_resistive_optimistic,nominal_mpc,2945.0,0.46576161689868273,0.4732075163711738,2.920659451188111,3.8674650975278384,34.030142022644014,False,True,True,False,0.0,False,False,False,False,phase5b0_nominal_mpc
corner_hot_resistive_optimistic,nominal_mpc,2950.0,0.46576161689868273,0.47383722098982994,0.0,3.7833305620217987,34.00483248077273,True,False,False,True,2.5351979000042775,False,True,False,True,phase5b0_nominal_mpc
corner_hot_resistive_optimistic,nominal_mpc,2955.0,0.46576161689868273,0.47403434818859386,0.0,3.7760646927794173,33.97968174211039,True,False,False,True,4.223974799999269,False,True,False,False,phase5b0_nominal_mpc
corner_hot_resistive_optimistic,nominal_mpc,2960.0,0.46576161689868273,0.47364609137390756,0.0,3.770359098062362,33.95468895254038,False,False,False,True,0.0,False,False,False,False,phase5b0_nominal_mpc
corner_hot_resistive_optimistic,nominal_mpc,2965.0,0.46576161689868273,0.47338313157192957,0.0,3.765829820442854,33.929853120126985,False,False,False,True,0.0,False,False,False,False,phase5b0_nominal_mpc
corner_hot_resistive_optimistic,nominal_mpc,2970.0,0.46576161689868273,0.47278210088220163,0.0,3.762189261038245,33.90517325916396,False,False,False,True,0.0,False,False,False,False,phase5b0_nominal_mpc
corner_hot_resistive_optimistic,nominal_mpc,2975.0,0.46576161689868273,0.47301207531513323,0.0,3.7592219346204625,33.88064839013537,False,False,False,True,0.0,False,False,False,False,phase5b0_nominal_mpc
corner_hot_resistive_optimistic,nominal_mpc,2980.0,0.4663789008493,0.4720318796711176,1.9999999999999993,3.8152296009605515,33.874367910851866,True,True,True,False,0.7275697000004584,False,True,False,True,phase5b0_nominal_mpc
corner_hot_resistive_optimistic,nominal_mpc,2985.0,0.46752481854182437,0.4731791365469776,3.7127733237789,3.869050862189734,33.90230276367307,True,True,True,False,0.8830034999991767,False,True,False,False,phase5b0_nominal_mpc
corner_hot_resistive_optimistic,nominal_mpc,2990.0,0.46867073623434874,0.4759394788420021,3.7127733237789,3.877012257168243,33.93302264892287,False,True,True,False,0.0,False,False,False,False,phase5b0_nominal_mpc
corner_hot_resistive_optimistic,nominal_mpc,2995.0,0.4698166539268731,0.4775607260294779,3.7127733237789,3.883470679130427,33.965862207073755,False,True,True,False,0.0,False,False,False,False,phase5b0_nominal_mpc
corner_hot_resistive_optimistic,nominal_mpc,3000.0,0.4709625716193975,0.4785735732557809,3.7127733237789,3.888796215263189,34.00032022612777,False,True,True,False,0.0,False,False,False,False,phase5b0_nominal_mpc
corner_hot_resistive_optimistic,nominal_mpc,3005.0,0.47210848931192184,0.4789106469102199,3.7127733237789,3.8932660833535078,34.03601837232696,False,True,True,False,0.0,False,False,False,False,phase5b0_nominal_mpc
corner_hot_resistive_optimistic,nominal_mpc,3010.0,0.47210848931192184,0.48049016054367155,0.0,3.788552832753459,34.01067198899818,True,False,False,True,0.9186332000026596,False,True,False,True,phase5b0_nominal_mpc
corner_hot_resistive_optimistic,nominal_mpc,3015.0,0.47233130005244417,0.4815854151428743,0.7219067992923901,3.8021787554465343,33.991052206601644,True,True,True,False,1.033675000006042,False,True,False,False,phase5b0_nominal_mpc
corner_hot_resistive_optimistic,nominal_mpc,3020.0,0.4725541107929665,0.4806806380568052,0.7219067992923901,3.798423610581544,33.97123227518434,False,True,True,False,0.0,False,False,False,False,phase5b0_nominal_mpc
corner_hot_resistive_optimistic,nominal_mpc,3025.0,0.4727769215334888,0.48103721273040034,0.7219067992923901,3.7955017338933903,33.951283194970024,False,True,True,False,0.0,False,False,False,False,phase5b0_nominal_mpc
corner_hot_resistive_optimistic,nominal_mpc,3030.0,0.47299973227401115,0.481292661523174,0.7219067992923901,3.7932085906892756,33.93125836064748,False,True,True,False,0.0,False,False,False,False,phase5b0_nominal_mpc
corner_hot_resistive_optimistic,nominal_mpc,3035.0,0.4732225430145335,0.48065686928406204,0.7219067992923901,3.7913909596342017,33.911197963591796,False,True,True,False,0.0,False,False,False,False,phase5b0_nominal_mpc
corner_hot_resistive_optimistic,nominal_mpc,3040.0,0.4740626377056731,0.48013012307817043,2.721906799292389,3.848400309065664,33.91839576703238,True,True,True,False,0.9431284999955096,False,True,False,True,phase5b0_nominal_mpc
corner_hot_resistive_optimistic,nominal_mpc,3045.0,0.4751253736185495,0.4820010014295985,3.44326435771963,3.874127767549383,33.942267634637155,True,True,True,False,1.0132278999953996,False,True,False,False,phase5b0_nominal_mpc
corner_hot_resistive_optimistic,nominal_mpc,3050.0,0.47618810953142593,0.48417024270154263,3.44326435771963,3.8800021553220656,33.96793511119505,False,True,True,False,0.0,False,False,False,False,phase5b0_nominal_mpc
corner_hot_resistive_optimistic,nominal_mpc,3055.0,0.47725084544430235,0.48494635638257544,3.44326435771963,3.88483716362571,33.9949715632631,False,True,True,False,0.0,False,False,False,False,phase5b0_nominal_mpc
corner_hot_resistive_optimistic,nominal_mpc,3060.0,0.4783135813571788,0.48594734288193553,3.44326435771963,3.888887693027618,34.023055190971675,False,True,True,False,0.0,False,False,False,False,phase5b0_nominal_mpc
corner_hot_resistive_optimistic,nominal_mpc,3065.0,0.4793763172700552,0.48708953592450516,3.44326435771963,3.8923447177183492,34.051942699978014,False,True,True,False,0.0,False,False,False,False,phase5b0_nominal_mpc
corner_hot_resistive_optimistic,nominal_mpc,3070.0,0.4803065450478289,0.48743482555665457,3.0139379999867644,3.882800115169769,34.07107873275729,True,True,True,False,0.638023700004851,False,True,False,False,phase5b0_nominal_mpc
corner_hot_resistive_optimistic,nominal_mpc,3075.0,0.48123677282560257,0.48869267888866086,3.0139379999867644,3.884213118523235,34.090288252624816,False,True,True,False,0.0,False,False,False,False,phase5b0_nominal_mpc
corner_hot_resistive_optimistic,nominal_mpc,3080.0,0.48216700060337625,0.48867780672661204,3.0139379999867644,3.8855943516270153,34.10956026392357,False,True,True,False,0.0,False,False,False,False,phase5b0_nominal_mpc
corner_hot_resistive_optimistic,nominal_mpc,3085.0,0.48309722838114993,0.48988789044737907,3.0139379999867644,3.8869479357677665,34.12888521902522,False,True,True,False,0.0,False,False,False,False,phase5b0_nominal_mpc
corner_hot_resistive_optimistic,nominal_mpc,3090.0,0.4840274561589236,0.49034821807795465,3.0139379999867644,3.888277092820137,34.14825472766006,False,True,True,False,0.0,False,False,False,False,phase5b0_nominal_mpc
corner_hot_resistive_optimistic,nominal_mpc,3095.0,0.4840274561589236,0.49077959243836183,0.0,3.801469120093869,34.12220343655763,True,False,False,True,0.451006100003724,False,True,False,True,phase5b0_nominal_mpc
corner_hot_resistive_optimistic,nominal_mpc,3100.0,0.4840274561589236,0.49042079482273515,0.0,3.7939744539047386,34.09631559684309,True,False,False,True,2.910536700001103,False,True,False,False,phase5b0_nominal_mpc
corner_hot_resistive_optimistic,nominal_mpc,3105.0,0.4840274561589236,0.48982150211132797,0.0,3.7880823732079816,34.070590335287385,False,False,False,True,0.0,False,False,False,False,phase5b0_nominal_mpc
corner_hot_resistive_optimistic,nominal_mpc,3110.0,0.4840274561589236,0.4903392605136538,0.0,3.783398769803456,34.045026630883825,False,False,False,True,0.0,False,False,False,False,phase5b0_nominal_mpc
corner_hot_resistive_optimistic,nominal_mpc,3115.0,0.4840274561589236,0.49061958863251376,0.0,3.779628432757978,34.01962346903773,False,False,False,True,0.0,False,False,False,False,phase5b0_nominal_mpc
corner_hot_resistive_optimistic,nominal_mpc,3120.0,0.4840274561589236,0.4907217743125585,0.0,3.776550165030045,33.99437984152619,False,False,False,True,0.0,False,False,False,False,phase5b0_nominal_mpc
corner_hot_resistive_optimistic,nominal_mpc,3125.0,0.4846447401095409,0.4905892600472728,1.9999999999999984,3.832469908715213,33.987765407623336,True,True,True,False,1.2995177999982843,False,True,False,True,phase5b0_nominal_mpc
corner_hot_resistive_optimistic,nominal_mpc,3130.0,0.4846447401095409,0.49050590546789175,0.0,3.777675088941669,33.96272191433751,True,False,False,True,6.768612600004417,False,True,False,True,phase5b0_nominal_mpc
corner_hot_resistive_optimistic,nominal_mpc,3135.0,0.48526202406015817,0.4907440046273471,1.999999999999998,3.833229636976273,33.956389582228205,True,True,True,False,1.5755873000016436,False,True,False,True,phase5b0_nominal_mpc
corner_hot_resistive_optimistic,nominal_mpc,3140.0,0.4862989620669621,0.4917854377264166,3.3596791420446825,3.876392877540485,33.97625507779678,True,True,True,False,2.3073059000016656,False,True,False,False,phase5b0_nominal_mpc
corner_hot_resistive_optimistic,nominal_mpc,3145.0,0.48733590007376604,0.4935860887798687,3.3596791420446825,3.8830735937570875,33.99821527958235,False,True,True,False,0.0,False,False,False,False,phase5b0_nominal_mpc
corner_hot_resistive_optimistic,nominal_mpc,3150.0,0.48837283808056997,0.49441150574335285,3.3596791420446825,3.888503731749354,34.0217689992304,False,True,True,False,0.0,False,False,False,False,phase5b0_nominal_mpc
corner_hot_resistive_optimistic,nominal_mpc,3155.0,0.4894097760873739,0.49571337896618145,3.3596791420446825,3.892991588359828,34.04653878737649,False,True,True,False,0.0,False,False,False,False,phase5b0_nominal_mpc
corner_hot_resistive_optimistic,nominal_mpc,3160.0,0.49044671409417784,0.4959889884552451,3.3596791420446825,3.8967680873432275,34.07223981916274,False,True,True,False,0.0,False,False,False,False,phase5b0_nominal_mpc
corner_hot_resistive_optimistic,nominal_mpc,3165.0,0.49044671409417784,0.49832099585198203,0.0,3.801776052044929,34.04666592877302,True,False,False,True,0.9616434999988996,False,True,False,True,phase5b0_nominal_mpc
corner_hot_resistive_optimistic,nominal_mpc,3170.0,0.49044671409417784,0.4980762920308153,0.0,3.7948088854828836,34.02125247197626,True,False,False,True,3.4187148999990313,False,True,False,False,phase5b0_nominal_mpc
corner_hot_resistive_optimistic,nominal_mpc,3175.0,0.49044671409417784,0.4981154913596671,0.0,3.7893367586154247,33.99599861416735,False,False,False,True,0.0,False,False,False,False,phase5b0_nominal_mpc
corner_hot_resistive_optimistic,nominal_mpc,3180.0,0.49044671409417784,0.498000364114715,0.0,3.7849918090134325,33.97090335304905,False,False,False,True,0.0,False,False,False,False,phase5b0_nominal_mpc
corner_hot_resistive_optimistic,nominal_mpc,3185.0,0.49044671409417784,0.4969392349681609,0.0,3.7814984921703125,33.94596569261871,False,False,False,True,0.0,False,False,False,False,phase5b0_nominal_mpc
corner_hot_resistive_optimistic,nominal_mpc,3190.0,0.49044671409417784,0.497329092958469,0.0,3.778650353323195,33.921184643128605,False,False,False,True,0.0,False,False,False,False,phase5b0_nominal_mpc
corner_hot_resistive_optimistic,nominal_mpc,3195.0,0.49044671409417784,0.4971291892125337,0.0,3.7762926457085277,33.896559221046765,True,False,False,True,4.193793899998127,False,True,False,False,phase5b0_nominal_mpc
corner_hot_resistive_optimistic,nominal_mpc,3200.0,0.49044671409417784,0.4960926307739171,0.0,3.7743093236646654,33.87208844901788,False,False,False,True,0.0,False,False,False,False,phase5b0_nominal_mpc
corner_hot_resistive_optimistic,nominal_mpc,3205.0,0.49044671409417784,0.4967449820910678,0.0,3.772613309404753,33.847771355824534,False,False,False,True,0.0,False,False,False,False,phase5b0_nominal_mpc
corner_hot_resistive_optimistic,nominal_mpc,3210.0,0.49044671409417784,0.4978069941198747,0.0,3.7711392094583838,33.823606976348636,False,False,False,True,0.0,False,False,False,False,phase5b0_nominal_mpc
corner_hot_resistive_optimistic,nominal_mpc,3215.0,0.49044671409417784,0.4974460423818868,0.0,3.7698378641883883,33.79959435153316,False,False,False,True,0.0,False,False,False,False,phase5b0_nominal_mpc
corner_hot_resistive_optimistic,nominal_mpc,3220.0,0.4910639980447951,0.4982934961457332,2.000000000000001,3.827148065324573,33.79191340571003,True,True,True,False,0.9990844999992987,False,True,False,True,phase5b0_nominal_mpc
corner_hot_resistive_optimistic,nominal_mpc,3225.0,0.49204629752666523,0.4978137027439465,3.1826503212591475,3.8665004501531235,33.80564056732976,True,True,True,False,1.0741653999939444,False,True,False,False,phase5b0_nominal_mpc
corner_hot_resistive_optimistic,nominal_mpc,3230.0,0.49302859700853535,0.49895485662455547,3.1826503212591475,3.8737344274781624,33.82159921383268,False,True,True,False,0.0,False,False,False,False,phase5b0_nominal_mpc
corner_hot_resistive_optimistic,nominal_mpc,3235.0,0.49401089649040547,0.5001751734518167,3.1826503212591475,3.8795902912608224,33.839265929476795,False,True,True,False,0.0,False,False,False,False,phase5b0_nominal_mpc
corner_hot_resistive_optimistic,nominal_mpc,3240.0,0.4949931959722756,0.5006645879447402,3.1826503212591475,3.884407722285974,33.85824643396374,False,True,True,False,0.0,False,False,False,False,phase5b0_nominal_mpc
corner_hot_resistive_optimistic,nominal_mpc,3245.0,0.4959754954541457,0.5014387686608334,3.1826503212591475,3.888441151125472,33.87824312690697,False,True,True,False,0.0,False,False,False,False,phase5b0_nominal_mpc
corner_hot_resistive_optimistic,nominal_mpc,3250.0,0.49691516214290316,0.5031626140554568,3.044520071574117,3.8878422643432717,33.895927899661544,True,True,True,False,0.5922111999971094,False,True,False,False,phase5b0_nominal_mpc
corner_hot_resistive_optimistic,nominal_mpc,3255.0,0.4978548288316606,0.5040704433755514,3.044520071574117,3.8904287017381556,33.91409367063016,False,True,True,False,0.0,False,False,False,False,phase5b0_nominal_mpc
corner_hot_resistive_optimistic,nominal_mpc,3260.0,0.49879449552041805,0.5045418936017989,3.044520071574117,3.89274601007518,33.93264286556765,False,True,True,False,0.0,False,False,False,False,phase5b0_nominal_mpc
corner_hot_resistive_optimistic,nominal_mpc,3265.0,0.4997341622091755,0.5058454160706277,3.044520071574117,3.8948564583544876,33.951500535879,False,True,True,False,0.0,False,False,False,False,phase5b0_nominal_mpc
corner_hot_resistive_optimistic,nominal_mpc,3270.0,0.5006738288979329,0.5065488849860423,3.044520071574117,3.8968064508253546,33.9706087412019,False,True,True,False,0.0,False,False,False,False,phase5b0_nominal_mpc
corner_hot_resistive_optimistic,nominal_mpc,3275.0,0.5006738288979329,0.5079992661813737,0.0,3.809604806422811,33.945673079571264,True,False,False,True,3.348656000001938,False,True,False,True,phase5b0_nominal_mpc
corner_hot_resistive_optimistic,nominal_mpc,3280.0,0.5006738288979329,0.5074700283484693,0.0,3.802442616809363,33.92089386771964,True,False,False,True,4.1766859000053955,False,True,False,False,phase5b0_nominal_mpc
corner_hot_resistive_optimistic,nominal_mpc,3285.0,0.5006738288979329,0.5065148695561572,0.0,3.796838995109343,33.89627027173573,False,False,False,True,0.0,False,False,False,False,phase5b0_nominal_mpc
corner_hot_resistive_optimistic,nominal_mpc,3290.0,0.5006738288979329,0.5063737602225892,0.0,3.7924096164909784,33.87180131433671,False,False,False,True,0.0,False,False,False,False,phase5b0_nominal_mpc
corner_hot_resistive_optimistic,nominal_mpc,3295.0,0.5006738288979329,0.505083341647978,0.0,3.7888666331879053,33.84748602437717,False,False,False,True,0.0,False,False,False,False,phase5b0_nominal_mpc
corner_hot_resistive_optimistic,nominal_mpc,3300.0,0.5006738288979329,0.5058755490144695,0.0,3.785994398925134,33.823323436810604,False,False,False,True,0.0,False,False,False,False,phase5b0_nominal_mpc
corner_hot_resistive_optimistic,nominal_mpc,3305.0,0.5012911128485502,0.504824471589697,2.0000000000000004,3.8421136817667025,33.81683837118086,True,True,True,False,0.7237918000028003,False,True,False,True,phase5b0_nominal_mpc
corner_hot_resistive_optimistic,nominal_mpc,3310.0,0.5025256807497848,0.5055930380255507,4.000000000000002,3.9044581699753635,33.85120959203773,True,True,True,False,0.5879282000023522,False,True,False,True,phase5b0_nominal_mpc
corner_hot_resistive_optimistic,nominal_mpc,3315.0,0.5037161445750719,0.5065431561243934,3.8571027939301854,3.9091999617999464,33.88522350418664,True,True,True,False,0.12073139999847626,False,True,False,False,phase5b0_nominal_mpc
corner_hot_resistive_optimistic,nominal_mpc,3320.0,0.504906608400359,0.5078647024954723,3.8571027939301854,3.916041797546132,33.921557114161914,False,True,True,False,0.0,False,False,False,False,phase5b0_nominal_mpc
corner_hot_resistive_optimistic,nominal_mpc,3325.0,0.506097072225646,0.5087046633194003,3.8571027939301854,3.9217069903488673,33.959670198399955,False,True,True,False,0.0,False,False,False,False,phase5b0_nominal_mpc
corner_hot_resistive_optimistic,nominal_mpc,3330.0,0.5072875360509331,0.5105023612596745,3.8571027939301854,3.92648230965218,33.99915457005212,False,True,True,False,0.0,False,False,False,False,phase5b0_nominal_mpc
corner_hot_resistive_optimistic,nominal_mpc,3335.0,0.5084779998762202,0.5123059464504984,3.8571027939301854,3.930582661297195,34.03970099709291,False,True,True,False,0.0,False,False,False,False,phase5b0_nominal_mpc
corner_hot_resistive_optimistic,nominal_mpc,3340.0,0.5094595334788988,0.513710280452404,3.1801688726788133,3.914375243835775,34.06350628768773,True,True,True,False,1.1427354000043124,False,True,False,False,phase5b0_nominal_mpc
corner_hot_resistive_optimistic,nominal_mpc,3345.0,0.5104410670815774,0.5143644576305243,3.1801688726788133,3.915593392163291,34.08726493233307,False,True,True,False,0.0,False,False,False,False,phase5b0_nominal_mpc
corner_hot_resistive_optimistic,nominal_mpc,3350.0,0.511422600684256,0.5148852123039537,3.1801688726788133,3.9168735327853694,34.111001369339135,False,True,True,False,0.0,False,False,False,False,phase5b0_nominal_mpc
corner_hot_resistive_optimistic,nominal_mpc,3355.0,0.5124041342869347,0.5160961574190622,3.1801688726788133,3.91819500044973,34.134732130495905,False,True,True,False,0.0,False,False,False,False,phase5b0_nominal_mpc
corner_hot_resistive_optimistic,nominal_mpc,3360.0,0.5133856678896133,0.5170750483729274,3.1801688726788133,3.9195425043133456,34.158467937523255,False,True,True,False,0.0,False,False,False,False,phase5b0_nominal_mpc
corner_hot_resistive_optimistic,nominal_mpc,3365.0,0.5143167168697265,0.5193020613639028,3.0165986955666484,3.9161218967560014,34.178308671576715,True,True,True,False,0.10930839999491582,False,True,False,False,phase5b0_nominal_mpc
corner_hot_resistive_optimistic,nominal_mpc,3370.0,0.5152477658498397,0.5201906672699104,3.0165986955666484,3.9170133263964284,34.19803236704928,False,True,True,False,0.0,False,False,False,False,phase5b0_nominal_mpc
corner_hot_resistive_optimistic,nominal_mpc,3375.0,0.5161788148299529,0.5216742559297701,3.0165986955666484,3.917993208116472,34.217671561941394,False,True,True,False,0.0,False,False,False,False,phase5b0_nominal_mpc
corner_hot_resistive_optimistic,nominal_mpc,3380.0,0.5171098638100661,0.5220092890541556,3.0165986955666484,3.9190357129587823,34.23724947435825,False,True,True,False,0.0,False,False,False,False,phase5b0_nominal_mpc
corner_hot_resistive_optimistic,nominal_mpc,3385.0,0.5180409127901793,0.5213423198254099,3.0165986955666484,3.920121637139404,34.256782400871735,False,True,True,False,0.0,False,False,False,False,phase5b0_nominal_mpc
corner_hot_resistive_optimistic,nominal_mpc,3390.0,0.518958824673734,0.5218731686664824,2.9740345027173007,3.919992126316899,34.27528490710316,True,True,True,False,0.1058340000017779,False,True,False,False,phase5b0_nominal_mpc
corner_hot_resistive_optimistic,nominal_mpc,3395.0,0.5198767365572887,0.522852520650943,2.9740345027173007,3.9210016237292544,34.29372789835808,False,True,True,False,0.0,False,False,False,False,phase5b0_nominal_mpc
corner_hot_resistive_optimistic,nominal_mpc,3400.0,0.5207946484408434,0.5238601683542252,2.9740345027173007,3.9220448599127935,34.31212396179775,False,True,True,False,0.0,False,False,False,False,phase5b0_nominal_mpc
corner_hot_resistive_optimistic,nominal_mpc,3405.0,0.5217125603243982,0.5249971723023684,2.9740345027173007,3.9231105369918997,34.33048166371969,False,True,True,False,0.0,False,False,False,False,phase5b0_nominal_mpc
corner_hot_resistive_optimistic,nominal_mpc,3410.0,0.5226304722079529,0.526040289591623,2.9740345027173007,3.9241903005223597,34.34880659766568,False,True,True,False,0.0,False,False,False,False,phase5b0_nominal_mpc
corner_hot_resistive_optimistic,nominal_mpc,3415.0,0.5226304722079529,0.5273972962437924,0.0,3.8383144364888646,34.3214958220045,True,False,False,True,0.5043349999978091,False,True,False,True,phase5b0_nominal_mpc
corner_hot_resistive_optimistic,nominal_mpc,3420.0,0.5226304722079529,0.5273916059952568,0.0,3.8307253679366604,34.294356406667795,True,False,False,True,4.172048799999175,False,True,False,False,phase5b0_nominal_mpc
corner_hot_resistive_optimistic,nominal_mpc,3425.0,0.5226304722079529,0.5272155053469325,0.0,3.8247363204578777,34.267387429506925,False,False,False,True,0.0,False,False,False,False,phase5b0_nominal_mpc
corner_hot_resistive_optimistic,nominal_mpc,3430.0,0.5226304722079529,0.5271102401097093,0.0,3.8199546915665916,34.24058782015354,False,False,False,True,0.0,False,False,False,False,phase5b0_nominal_mpc
corner_hot_resistive_optimistic,nominal_mpc,3435.0,0.5226304722079529,0.5276623804265685,0.0,3.8160863689343123,34.21395651496127,False,False,False,True,0.0,False,False,False,False,phase5b0_nominal_mpc
corner_hot_resistive_optimistic,nominal_mpc,3440.0,0.5226304722079529,0.5262256830556532,0.0,3.8129109504060956,34.18749245696357,False,False,False,True,0.0,False,False,False,False,phase5b0_nominal_mpc
corner_hot_resistive_optimistic,nominal_mpc,3445.0,0.5226304722079529,0.5273094876413732,0.0,3.8102632009947457,34.16119459583174,True,False,False,True,4.402621799999906,False,True,False,False,phase5b0_nominal_mpc
corner_hot_resistive_optimistic,nominal_mpc,3450.0,0.5226304722079529,0.5266779549367713,0.0,3.808019176964491,34.135061887833245,False,False,False,True,0.0,False,False,False,False,phase5b0_nominal_mpc
corner_hot_resistive_optimistic,nominal_mpc,3455.0,0.5226304722079529,0.5269843760268542,0.0,3.8060858422693724,34.10909329579031,False,False,False,True,0.0,False,False,False,False,phase5b0_nominal_mpc
corner_hot_resistive_optimistic,nominal_mpc,3460.0,0.5226304722079529,0.5283124586246587,0.0,3.8043932983019104,34.083287789038714,False,False,False,True,0.0,False,False,False,False,phase5b0_nominal_mpc
corner_hot_resistive_optimistic,nominal_mpc,3465.0,0.5226304722079529,0.5288623113002672,0.0,3.8028889691701857,34.057644343386926,False,False,False,True,0.0,False,False,False,False,phase5b0_nominal_mpc
corner_hot_resistive_optimistic,nominal_mpc,3470.0,0.5226304722079529,0.5282920687316269,0.0,3.8015332502903947,34.032161941075415,True,False,False,True,4.273070099996403,False,True,False,False,phase5b0_nominal_mpc
corner_hot_resistive_optimistic,nominal_mpc,3475.0,0.5226304722079529,0.5292677971166789,0.0,3.800296251975774,34.006839570736304,False,False,False,True,0.0,False,False,False,False,phase5b0_nominal_mpc
corner_hot_resistive_optimistic,nominal_mpc,3480.0,0.5226304722079529,0.5293909826099065,0.0,3.7991553624115015,33.9816762273532,False,False,False,True,0.0,False,False,False,False,phase5b0_nominal_mpc
corner_hot_resistive_optimistic,nominal_mpc,3485.0,0.5226304722079529,0.5293429430817103,0.0,3.7980934237783477,33.9566709122213,False,False,False,True,0.0,False,False,False,False,phase5b0_nominal_mpc
corner_hot_resistive_optimistic,nominal_mpc,3490.0,0.5226304722079529,0.5283953676766936,0.0,3.797097367199204,33.93182263290777,False,False,False,True,0.0,False,False,False,False,phase5b0_nominal_mpc
corner_hot_resistive_optimistic,nominal_mpc,3495.0,0.5226304722079529,0.5278241151482149,0.0,3.7961571910274463,33.90713040321234,True,False,False,True,2.779752299997199,False,True,False,False,phase5b0_nominal_mpc
corner_hot_resistive_optimistic,nominal_mpc,3500.0,0.5226304722079529,0.5267993690967385,0.0,3.7952651960633923,33.882593243128206,False,False,False,True,0.0,False,False,False,False,phase5b0_nominal_mpc
corner_hot_resistive_optimistic,nominal_mpc,3505.0,0.5226304722079529,0.5264625324648139,0.0,3.794415413035875,33.85821017880307,False,False,False,True,0.0,False,False,False,False,phase5b0_nominal_mpc
corner_hot_resistive_optimistic,nominal_mpc,3510.0,0.5226304722079529,0.5270137109967674,0.0,3.793603173961949,33.83398024250054,False,False,False,True,0.0,False,False,False,False,phase5b0_nominal_mpc
corner_hot_resistive_optimistic,nominal_mpc,3515.0,0.5226304722079529,0.5275780680271971,0.0,3.792824791176873,33.809902472561674,False,False,False,True,0.0,False,False,False,False,phase5b0_nominal_mpc
corner_hot_resistive_optimistic,nominal_mpc,3520.0,0.5232477561585702,0.5279936203087766,2.0,3.8505591657539493,33.801239390562145,True,True,True,False,1.4769740999981877,False,True,False,True,phase5b0_nominal_mpc
corner_hot_resistive_optimistic,nominal_mpc,3525.0,0.5242759352219235,0.5287763047894315,3.3313001652645284,3.894606025839814,33.816605645740076,True,True,True,False,1.2947244000024511,False,True,False,False,phase5b0_nominal_mpc
corner_hot_resistive_optimistic,nominal_mpc,3530.0,0.5253041142852768,0.529415990075873,3.3313001652645284,3.902560723514124,33.83455225134261,False,True,True,False,0.0,False,False,False,False,phase5b0_nominal_mpc
corner_hot_resistive_optimistic,nominal_mpc,3535.0,0.5263322933486301,0.5297232134276116,3.3313001652645284,3.9090107355698676,33.854481325325025,False,True,True,False,0.0,False,False,False,False,phase5b0_nominal_mpc
corner_hot_resistive_optimistic,nominal_mpc,3540.0,0.5273604724119834,0.5318392744856113,3.3313001652645284,3.914326012113134,33.875942194015884,False,True,True,False,0.0,False,False,False,False,phase5b0_nominal_mpc
corner_hot_resistive_optimistic,nominal_mpc,3545.0,0.5283886514753366,0.5338497287082917,3.3313001652645284,3.9187836833969065,33.898594405581136,False,True,True,False,0.0,False,False,False,False,phase5b0_nominal_mpc
corner_hot_resistive_optimistic,nominal_mpc,3550.0,0.5283886514753366,0.5344644290666516,0.0,3.8251787837545073,33.874111011388464,True,False,False,True,0.3144364999971003,False,True,False,True,phase5b0_nominal_mpc
corner_hot_resistive_optimistic,nominal_mpc,3555.0,0.5283886514753366,0.5345624245289348,0.0,3.8187668200229212,33.84978121630612,True,False,False,True,7.144567099996493,False,True,False,False,phase5b0_nominal_mpc
corner_hot_resistive_optimistic,nominal_mpc,3560.0,0.5283886514753366,0.5349576596134477,0.0,3.813769202783857,33.82560421471033,False,False,False,True,0.0,False,False,False,False,phase5b0_nominal_mpc
corner_hot_resistive_optimistic,nominal_mpc,3565.0,0.5283886514753366,0.5347187971617017,0.0,3.809836451076547,33.801579047043106,False,False,False,True,0.0,False,False,False,False,phase5b0_nominal_mpc
corner_hot_resistive_optimistic,nominal_mpc,3570.0,0.5283886514753366,0.5336792924450628,0.0,3.80670683814551,33.777704759772554,False,False,False,True,0.0,False,False,False,False,phase5b0_nominal_mpc
corner_hot_resistive_optimistic,nominal_mpc,3575.0,0.5283886514753366,0.5337268755202055,0.0,3.8041843099276846,33.75398040535507,False,False,False,True,0.0,False,False,False,False,phase5b0_nominal_mpc
corner_hot_resistive_optimistic,nominal_mpc,3580.0,0.529005935425954,0.5341594187341551,2.0000000000000004,3.8606051516031457,33.74680699933482,True,True,True,False,1.8211044999989099,False,True,False,True,phase5b0_nominal_mpc
corner_hot_resistive_optimistic,nominal_mpc,3585.0,0.5300496816528314,0.5334078371763243,3.381737775082906,3.905135942743364,33.765109157571416,True,True,True,False,1.4174891999937245,False,True,False,False,phase5b0_nominal_mpc
corner_hot_resistive_optimistic,nominal_mpc,3590.0,0.5310934278797088,0.5343805498800512,3.381737775082906,3.9124880462307576,33.78577073988526,False,True,True,False,0.0,False,False,False,False,phase5b0_nominal_mpc
corner_hot_resistive_optimistic,nominal_mpc,3595.0,0.5321371741065862,0.5357791232249006,3.381737775082906,3.9184890982205323,33.808246823421605,False,True,True,False,0.0,False,False,False,False,phase5b0_nominal_mpc
corner_hot_resistive_optimistic,nominal_mpc,3600.0,0.5331809203334636,0.5374016129550495,3.381737775082906,3.923470505038459,33.832126364568296,False,True,True,False,0.0,False,False,False,False,phase5b0_nominal_mpc
