scenario_id,controller,time_s,true_soc,estimated_soc,charge_current_a,terminal_voltage_v,true_average_temperature_c,control_decision_updated,optimizer_success,prediction_feasible,used_fallback,solve_time_s,active_voltage_constraint,active_temperature_constraint,active_current_upper_constraint,active_current_change_constraint,source
corner_observer_pessimistic,oracle_mpc,0.0,0.3,0.3,0.0,3.5814459862576618,25.0,False,True,True,False,0.0,False,False,False,False,phase5b0_oracle_mpc
corner_observer_pessimistic,oracle_mpc,5.0,0.3005555555555555,0.2946564277126269,2.0000000000000013,3.630238592651198,25.007004458575764,True,True,True,False,0.9000203999967198,False,True,False,True,phase5b0_oracle_mpc
corner_observer_pessimistic,oracle_mpc,10.0,0.30166666666666664,0.2955777507714009,4.000000000000005,3.6839515000494396,25.036521470261313,True,True,True,False,0.9391389000011259,False,True,False,True,phase5b0_oracle_mpc
corner_observer_pessimistic,oracle_mpc,15.0,0.3033333333333333,0.2957985889190575,6.000000000000004,3.741684650117718,25.105794149108576,True,True,True,False,0.8349697000012384,False,True,False,True,phase5b0_oracle_mpc
corner_observer_pessimistic,oracle_mpc,20.0,0.3055555555555555,0.2972352433878608,8.000000000000005,3.802755164492301,25.233304474203038,True,True,True,False,0.6129120000041439,False,True,False,True,phase5b0_oracle_mpc
corner_observer_pessimistic,oracle_mpc,25.0,0.30821464151320516,0.29949993854366014,9.572709447538731,3.856220062964531,25.422436416915726,True,True,True,False,0.7495093999968958,False,True,False,False,phase5b0_oracle_mpc
corner_observer_pessimistic,oracle_mpc,30.0,0.3108737274708548,0.3024188112356086,9.572709447538731,3.8726951340398172,25.62201547936458,False,True,True,False,0.0,False,False,False,False,phase5b0_oracle_mpc
corner_observer_pessimistic,oracle_mpc,35.0,0.3135328134285044,0.3055419724468795,9.572709447538731,3.886571069315599,25.829762235783786,False,True,True,False,0.0,False,False,False,False,phase5b0_oracle_mpc
corner_observer_pessimistic,oracle_mpc,40.0,0.31619189938615405,0.30773832921663846,9.572709447538731,3.8984682872088308,26.043945289443375,False,True,True,False,0.0,False,False,False,False,phase5b0_oracle_mpc
corner_observer_pessimistic,oracle_mpc,45.0,0.3188509853438037,0.3112737304792817,9.572709447538731,3.9088521889594467,26.263244146140643,False,True,True,False,0.0,False,False,False,False,phase5b0_oracle_mpc
corner_observer_pessimistic,oracle_mpc,50.0,0.32121451534882334,0.3138495875082553,8.508708018070788,3.8921242335202857,26.445063016840116,True,True,True,False,0.4571293000044534,False,True,False,False,phase5b0_oracle_mpc
corner_observer_pessimistic,oracle_mpc,55.0,0.323578045353843,0.3160970080310585,8.508708018070788,3.8978359355695957,26.628195587986788,False,True,True,False,0.0,False,False,False,False,phase5b0_oracle_mpc
corner_observer_pessimistic,oracle_mpc,60.0,0.32594157535886265,0.31833774998010406,8.508708018070788,3.903322509493501,26.81247699787325,False,True,True,False,0.0,False,False,False,False,phase5b0_oracle_mpc
corner_observer_pessimistic,oracle_mpc,65.0,0.3283051053638823,0.32067317843904564,8.508708018070788,3.908616275269314,26.99776745543526,False,True,True,False,0.0,False,False,False,False,phase5b0_oracle_mpc
corner_observer_pessimistic,oracle_mpc,70.0,0.33066863536890195,0.3232118155455758,8.508708018070788,3.913742249847805,27.183946630028316,False,True,True,False,0.0,False,False,False,False,phase5b0_oracle_mpc
corner_observer_pessimistic,oracle_mpc,75.0,0.332834338424914,0.3247523657451311,7.7965310016433,3.9013546873027725,27.344366710093023,True,True,True,False,0.4035116000013659,False,True,False,False,phase5b0_oracle_mpc
corner_observer_pessimistic,oracle_mpc,80.0,0.33500004148092605,0.3274675845052414,7.7965310016433,3.90445696567296,27.504417303351026,False,True,True,False,0.0,False,False,False,False,phase5b0_oracle_mpc
corner_observer_pessimistic,oracle_mpc,85.0,0.3371657445369381,0.3302611970793789,7.7965310016433,3.9077587890628505,27.66425097728083,False,True,True,False,0.0,False,False,False,False,phase5b0_oracle_mpc
corner_observer_pessimistic,oracle_mpc,90.0,0.33933144759295014,0.3333720366730878,7.7965310016433,3.9111921430260486,27.823971135059523,False,True,True,False,0.0,False,False,False,False,phase5b0_oracle_mpc
corner_observer_pessimistic,oracle_mpc,95.0,0.3414971506489622,0.33578490941751193,7.7965310016433,3.914706749334799,27.983644858791187,False,True,True,False,0.0,False,False,False,False,phase5b0_oracle_mpc
corner_observer_pessimistic,oracle_mpc,100.0,0.34353450797963836,0.3386927902580695,7.334486390434185,3.907000589011505,28.12678326129113,True,True,True,False,0.4511331000030623,False,True,False,False,phase5b0_oracle_mpc
corner_observer_pessimistic,oracle_mpc,105.0,0.34557186531031453,0.3417758016811484,7.334486390434185,3.9094470134997343,28.269326448594548,False,True,True,False,0.0,False,False,False,False,phase5b0_oracle_mpc
corner_observer_pessimistic,oracle_mpc,110.0,0.3476092226409907,0.3441254320490362,7.334486390434185,3.9120983245683556,28.411420317394274,False,True,True,False,0.0,False,False,False,False,phase5b0_oracle_mpc
corner_observer_pessimistic,oracle_mpc,115.0,0.34964657997166687,0.3471098947231969,7.334486390434185,3.9148897425356624,28.553166740549607,False,True,True,False,0.0,False,False,False,False,phase5b0_oracle_mpc
corner_observer_pessimistic,oracle_mpc,120.0,0.35168393730234304,0.34920688115353166,7.334486390434185,3.917773261292006,28.694634971920863,False,True,True,False,0.0,False,False,False,False,phase5b0_oracle_mpc
corner_observer_pessimistic,oracle_mpc,125.0,0.35357522925553947,0.3524735692907422,6.80865103150712,3.907894066892952,28.81777848434964,True,True,True,False,0.6538509000019985,False,True,False,False,phase5b0_oracle_mpc
corner_observer_pessimistic,oracle_mpc,130.0,0.3554665212087359,0.3548559501698982,6.80865103150712,3.9095800379910015,28.940090974630007,False,True,True,False,0.0,False,False,False,False,phase5b0_oracle_mpc
corner_observer_pessimistic,oracle_mpc,135.0,0.3573578131619323,0.35681676328920836,6.80865103150712,3.9115134405102716,29.061733564012577,False,True,True,False,0.0,False,False,False,False,phase5b0_oracle_mpc
corner_observer_pessimistic,oracle_mpc,140.0,0.35924910511512875,0.35878753299613114,6.80865103150712,3.9136228616100337,29.182822341462334,False,True,True,False,0.0,False,False,False,False,phase5b0_oracle_mpc
corner_observer_pessimistic,oracle_mpc,145.0,0.3611403970683252,0.3602499436881706,6.80865103150712,3.9158551970075264,29.303439924879523,False,True,True,False,0.0,False,False,False,False,phase5b0_oracle_mpc
corner_observer_pessimistic,oracle_mpc,150.0,0.36294207131184264,0.3610891780545429,6.486027276662888,3.910306103443378,29.41297785661614,True,True,True,False,0.5383392000003369,False,True,False,False,phase5b0_oracle_mpc
corner_observer_pessimistic,oracle_mpc,155.0,0.3647437455553601,0.36250001898684386,6.486027276662888,3.9118882633149687,29.521787317012322,False,True,True,False,0.0,False,False,False,False,phase5b0_oracle_mpc
corner_observer_pessimistic,oracle_mpc,160.0,0.36654541979887756,0.36503294233380323,6.486027276662888,3.9136479297207587,29.62997918436354,False,True,True,False,0.0,False,False,False,False,phase5b0_oracle_mpc
corner_observer_pessimistic,oracle_mpc,165.0,0.368347094042395,0.36651078181831903,6.486027276662888,3.9155339926711745,29.737633618181942,False,True,True,False,0.0,False,False,False,False,phase5b0_oracle_mpc
corner_observer_pessimistic,oracle_mpc,170.0,0.3701487682859125,0.36721319603947267,6.486027276662888,3.9175084529428372,29.844807940683143,False,True,True,False,0.0,False,False,False,False,phase5b0_oracle_mpc
corner_observer_pessimistic,oracle_mpc,175.0,0.3719009883525271,0.3682469506821402,6.307992239812573,3.9152030396331936,29.94579437141146,True,True,True,False,0.19594379999762168,False,True,False,False,phase5b0_oracle_mpc
corner_observer_pessimistic,oracle_mpc,180.0,0.37365320841914174,0.36961055506393814,6.307992239812573,3.916842218816774,30.046181406432382,False,True,True,False,0.0,False,False,False,False,phase5b0_oracle_mpc
corner_observer_pessimistic,oracle_mpc,185.0,0.37540542848575637,0.3702538247996367,6.307992239812573,3.918585163747109,30.146033378336487,False,True,True,False,0.0,False,False,False,False,phase5b0_oracle_mpc
corner_observer_pessimistic,oracle_mpc,190.0,0.377157648552371,0.371840775808577,6.307992239812573,3.920401102260641,30.245396600914656,False,True,True,False,0.0,False,False,False,False,phase5b0_oracle_mpc
corner_observer_pessimistic,oracle_mpc,195.0,0.3789098686189856,0.37269232944915465,6.307992239812573,3.9222671983211908,30.344304007226782,False,True,True,False,0.0,False,False,False,False,phase5b0_oracle_mpc
corner_observer_pessimistic,oracle_mpc,200.0,0.3805956939227759,0.3751629375785219,6.068971093645062,3.9183397354793392,30.435209946026568,True,True,True,False,0.21015320000151405,False,True,False,False,phase5b0_oracle_mpc
corner_observer_pessimistic,oracle_mpc,205.0,0.3822815192265662,0.3770816688572689,6.068971093645062,3.919676016697247,30.52545912421669,False,True,True,False,0.0,False,False,False,False,phase5b0_oracle_mpc
corner_observer_pessimistic,oracle_mpc,210.0,0.3839673445303565,0.37932544196515333,6.068971093645062,3.92113104146616,30.615121288721483,False,True,True,False,0.0,False,False,False,False,phase5b0_oracle_mpc
corner_observer_pessimistic,oracle_mpc,215.0,0.3856531698341468,0.38075971785748813,6.068971093645062,3.9226719823700087,30.704247696423515,False,True,True,False,0.0,False,False,False,False,phase5b0_oracle_mpc
corner_observer_pessimistic,oracle_mpc,220.0,0.3873389951379371,0.38211556577960715,6.068971093645062,3.9242744102643936,30.792875842067716,False,True,True,False,0.0,False,False,False,False,phase5b0_oracle_mpc
corner_observer_pessimistic,oracle_mpc,225.0,0.38892961287569944,0.38356291772416284,5.726223855944298,3.917564521949047,30.87052195179124,True,True,True,False,0.5746403000011924,False,True,False,False,phase5b0_oracle_mpc
corner_observer_pessimistic,oracle_mpc,230.0,0.39052023061346175,0.3861293259587918,5.726223855944298,3.9184026596252326,30.94739878365452,False,True,True,False,0.0,False,False,False,False,phase5b0_oracle_mpc
corner_observer_pessimistic,oracle_mpc,235.0,0.39211084835122406,0.3872026608734008,5.726223855944298,3.91941427588605,31.023600554782554,False,True,True,False,0.0,False,False,False,False,phase5b0_oracle_mpc
corner_observer_pessimistic,oracle_mpc,240.0,0.3937014660889864,0.3886737811825594,5.726223855944298,3.9205545603191263,31.099197698751436,False,True,True,False,0.0,False,False,False,False,phase5b0_oracle_mpc
corner_observer_pessimistic,oracle_mpc,245.0,0.3952920838267487,0.39084495895121496,5.726223855944298,3.9217900566421866,31.174242899647364,False,True,True,False,0.0,False,False,False,False,phase5b0_oracle_mpc
corner_observer_pessimistic,oracle_mpc,250.0,0.3968569505820119,0.3929953584101734,5.6335203189477205,3.9208357332692794,31.246014189030692,True,True,True,False,0.22578359999897657,False,True,False,False,phase5b0_oracle_mpc
corner_observer_pessimistic,oracle_mpc,255.0,0.39842181733727516,0.39326081679309005,5.6335203189477205,3.9219664846681423,31.317219455430806,False,True,True,False,0.0,False,False,False,False,phase5b0_oracle_mpc
corner_observer_pessimistic,oracle_mpc,260.0,0.3999866840925384,0.3954641417983454,5.6335203189477205,3.9231765380043155,31.387902028219273,False,True,True,False,0.0,False,False,False,False,phase5b0_oracle_mpc
corner_observer_pessimistic,oracle_mpc,265.0,0.40155155084780164,0.39683136649770284,5.6335203189477205,3.924443570748735,31.458094536114658,False,True,True,False,0.0,False,False,False,False,phase5b0_oracle_mpc
corner_observer_pessimistic,oracle_mpc,270.0,0.4031164176030649,0.3979864840881323,5.6335203189477205,3.925750387596152,31.527821619660365,False,True,True,False,0.0,False,False,False,False,phase5b0_oracle_mpc
corner_observer_pessimistic,oracle_mpc,275.0,0.4045994808372198,0.4008213071040316,5.339027642957778,3.9199061933242727,31.588541294865884,True,True,True,False,0.5286964000042644,False,True,False,False,phase5b0_oracle_mpc
corner_observer_pessimistic,oracle_mpc,280.0,0.40608254407137473,0.4017943330258385,5.339027642957778,3.9205419550581904,31.64857920235729,False,True,True,False,0.0,False,False,False,False,phase5b0_oracle_mpc
corner_observer_pessimistic,oracle_mpc,285.0,0.40756560730552965,0.40322353769380775,5.339027642957778,3.9213236414293307,31.70801055796855,False,True,True,False,0.0,False,False,False,False,phase5b0_oracle_mpc
corner_observer_pessimistic,oracle_mpc,290.0,0.4090486705396846,0.4041453468825457,5.339027642957778,3.9222143948491355,31.76689233636016,False,True,True,False,0.0,False,False,False,False,phase5b0_oracle_mpc
corner_observer_pessimistic,oracle_mpc,295.0,0.4105317337738395,0.40594800370130374,5.339027642957778,3.9231866457578146,31.82526787525806,False,True,True,False,0.0,False,False,False,False,phase5b0_oracle_mpc
corner_observer_pessimistic,oracle_mpc,300.0,0.41200286553721027,0.4082702546854099,5.296074348134713,3.9231726799006417,31.881954402142007,True,True,True,False,0.19934359999751905,False,True,False,False,phase5b0_oracle_mpc
corner_observer_pessimistic,oracle_mpc,305.0,0.41347399730058104,0.41000641263405946,5.296074348134713,3.9241463899564306,31.93815778910663,False,True,True,False,0.0,False,False,False,False,phase5b0_oracle_mpc
corner_observer_pessimistic,oracle_mpc,310.0,0.4149451290639518,0.41145736746301076,5.296074348134713,3.9251733137208005,31.99390700960997,False,True,True,False,0.0,False,False,False,False,phase5b0_oracle_mpc
corner_observer_pessimistic,oracle_mpc,315.0,0.4164162608273226,0.41276368990879186,5.296074348134713,3.926240139980939,32.049224476565286,False,True,True,False,0.0,False,False,False,False,phase5b0_oracle_mpc
corner_observer_pessimistic,oracle_mpc,320.0,0.41788739259069335,0.41457550042757935,5.296074348134713,3.9273369144830355,32.104127687241174,False,True,True,False,0.0,False,False,False,False,phase5b0_oracle_mpc
corner_observer_pessimistic,oracle_mpc,325.0,0.41929423620627976,0.41599934403277916,5.064637016111019,3.922814586884794,32.15220762737596,True,True,True,False,0.5961745000022347,False,True,False,False,phase5b0_oracle_mpc
corner_observer_pessimistic,oracle_mpc,330.0,0.42070107982186616,0.4171408758781595,5.064637016111019,3.923385938261742,32.19971481533238,False,True,True,False,0.0,False,False,False,False,phase5b0_oracle_mpc
corner_observer_pessimistic,oracle_mpc,335.0,0.42210792343745257,0.41839389111975794,5.064637016111019,3.9240739265761024,32.24670617719609,False,True,True,False,0.0,False,False,False,False,phase5b0_oracle_mpc
corner_observer_pessimistic,oracle_mpc,340.0,0.423514767053039,0.4202065230345502,5.064637016111019,3.9248501374961413,32.29322529191713,False,True,True,False,0.0,False,False,False,False,phase5b0_oracle_mpc
corner_observer_pessimistic,oracle_mpc,345.0,0.4249216106686254,0.42193609443071334,5.064637016111019,3.9256932881043265,32.33930574552478,False,True,True,False,0.0,False,False,False,False,phase5b0_oracle_mpc
corner_observer_pessimistic,oracle_mpc,350.0,0.42629273382997246,0.4218831171489648,4.936043380849539,3.9234528828593276,32.381508976998255,True,True,True,False,0.15500340000289725,False,True,False,False,phase5b0_oracle_mpc
corner_observer_pessimistic,oracle_mpc,355.0,0.42766385699131954,0.4225257626748475,4.936043380849539,3.924072293229116,32.42322229631944,False,True,True,False,0.0,False,False,False,False,phase5b0_oracle_mpc
corner_observer_pessimistic,oracle_mpc,360.0,0.4290349801526666,0.424670949122812,4.936043380849539,3.924779472007624,32.464487699172,False,True,True,False,0.0,False,False,False,False,phase5b0_oracle_mpc
corner_observer_pessimistic,oracle_mpc,365.0,0.4304061033140137,0.42634558705634984,4.936043380849539,3.925553633992256,32.505337659849125,False,True,True,False,0.0,False,False,False,False,phase5b0_oracle_mpc
corner_observer_pessimistic,oracle_mpc,370.0,0.43177722647536076,0.4272208455196821,4.936043380849539,3.9263791946632027,32.54579751183115,False,True,True,False,0.0,False,False,False,False,phase5b0_oracle_mpc
corner_observer_pessimistic,oracle_mpc,375.0,0.4331405025500024,0.42863968363679855,4.907793868709946,3.92655587634241,32.585138390717,True,True,True,False,0.20477460000256542,False,True,False,False,phase5b0_oracle_mpc
corner_observer_pessimistic,oracle_mpc,380.0,0.43450377862464407,0.43042565921817943,4.907793868709946,3.9273831536256534,32.62410364813207,False,True,True,False,0.0,False,False,False,False,phase5b0_oracle_mpc
corner_observer_pessimistic,oracle_mpc,385.0,0.4358670546992857,0.43071285696239614,4.907793868709946,3.9282474356708383,32.66271181129078,False,True,True,False,0.0,False,False,False,False,phase5b0_oracle_mpc
corner_observer_pessimistic,oracle_mpc,390.0,0.43723033077392737,0.4316316898639173,4.907793868709946,3.9291406727406955,32.70097771922736,False,True,True,False,0.0,False,False,False,False,phase5b0_oracle_mpc
corner_observer_pessimistic,oracle_mpc,395.0,0.438593606848569,0.43222299300830647,4.907793868709946,3.9300568136061633,32.73891343065549,False,True,True,False,0.0,False,False,False,False,phase5b0_oracle_mpc
corner_observer_pessimistic,oracle_mpc,400.0,0.43984171852313564,0.43421346813692924,4.493202028439933,3.9208856390374045,32.76590177030083,True,True,True,False,0.9147030999956769,False,True,False,False,phase5b0_oracle_mpc
corner_observer_pessimistic,oracle_mpc,405.0,0.44108983019770226,0.4356804053932595,4.493202028439933,3.9208235834568526,32.79229272636885,False,True,True,False,0.0,False,False,False,False,phase5b0_oracle_mpc
corner_observer_pessimistic,oracle_mpc,410.0,0.4423379418722689,0.4367913692809415,4.493202028439933,3.920959733110271,32.81816965447852,False,True,True,False,0.0,False,False,False,False,phase5b0_oracle_mpc
corner_observer_pessimistic,oracle_mpc,415.0,0.4435860535468355,0.4372097024261327,4.493202028439933,3.921246782040842,32.84359622658822,False,True,True,False,0.0,False,False,False,False,phase5b0_oracle_mpc
corner_observer_pessimistic,oracle_mpc,420.0,0.4448341652214021,0.4383869909923326,4.493202028439933,3.9216492593379737,32.8686213732795,False,True,True,False,0.0,False,False,False,False,phase5b0_oracle_mpc
corner_observer_pessimistic,oracle_mpc,425.0,0.44598216829478765,0.44071925557333785,4.132811064187898,3.9133560060518686,32.88465420753514,True,True,True,False,0.598092699998233,False,True,False,False,phase5b0_oracle_mpc
corner_observer_pessimistic,oracle_mpc,430.0,0.4471301713681732,0.4419919111319191,4.132811064187898,3.913036845556587,32.90013492446642,False,True,True,False,0.0,False,False,False,False,phase5b0_oracle_mpc
corner_observer_pessimistic,oracle_mpc,435.0,0.4482781744415587,0.4437042194885264,4.132811064187898,3.9129330552519805,32.91514632980393,False,True,True,False,0.0,False,False,False,False,phase5b0_oracle_mpc
corner_observer_pessimistic,oracle_mpc,440.0,0.44942617751494424,0.4459905462934699,4.132811064187898,3.9129939233402875,32.929751832470984,False,True,True,False,0.0,False,False,False,False,phase5b0_oracle_mpc
corner_observer_pessimistic,oracle_mpc,445.0,0.45057418058832976,0.4461233339007892,4.132811064187898,3.9131813991994684,32.94400030203954,False,True,True,False,0.0,False,False,False,False,phase5b0_oracle_mpc
corner_observer_pessimistic,oracle_mpc,450.0,0.4517204715124314,0.4466594203668447,4.12664732676583,3.913316667028828,32.957788480856514,True,True,True,False,0.39964310000505066,False,True,False,False,phase5b0_oracle_mpc
corner_observer_pessimistic,oracle_mpc,455.0,0.452866762436533,0.44749614266659615,4.12664732676583,3.9136636954625366,32.97128359470929,False,True,True,False,0.0,False,False,False,False,phase5b0_oracle_mpc
corner_observer_pessimistic,oracle_mpc,460.0,0.45401305336063463,0.4489317689302289,4.12664732676583,3.914073880691064,32.98451019560909,False,True,True,False,0.0,False,False,False,False,phase5b0_oracle_mpc
corner_observer_pessimistic,oracle_mpc,465.0,0.45515934428473626,0.4498102839165137,4.12664732676583,3.9145343638743446,32.99748791360892,False,True,True,False,0.0,False,False,False,False,phase5b0_oracle_mpc
corner_observer_pessimistic,oracle_mpc,470.0,0.4563056352088379,0.4510321701607704,4.12664732676583,3.9150354357976074,33.01023265716399,False,True,True,False,0.0,False,False,False,False,phase5b0_oracle_mpc
corner_observer_pessimistic,oracle_mpc,475.0,0.4573915260211364,0.4509044032382952,3.9092069242747396,3.910269464701002,33.01790557941793,True,True,True,False,0.7386697999972966,False,True,False,False,phase5b0_oracle_mpc
corner_observer_pessimistic,oracle_mpc,480.0,0.45847741683343496,0.451279741341577,3.9092069242747396,3.9103007247120862,33.02524333964379,False,True,True,False,0.0,False,False,False,False,phase5b0_oracle_mpc
corner_observer_pessimistic,oracle_mpc,485.0,0.4595633076457335,0.4530358767633316,3.9092069242747396,3.9104528292326868,33.03228975881341,False,True,True,False,0.0,False,False,False,False,phase5b0_oracle_mpc
corner_observer_pessimistic,oracle_mpc,490.0,0.46064919845803204,0.4534122682203548,3.9092069242747396,3.9106987406912412,33.03907886697499,False,True,True,False,0.0,False,False,False,False,phase5b0_oracle_mpc
corner_observer_pessimistic,oracle_mpc,495.0,0.4617350892703306,0.4546780657294461,3.9092069242747396,3.911018128376757,33.04563733893175,False,True,True,False,0.0,False,False,False,False,phase5b0_oracle_mpc
corner_observer_pessimistic,oracle_mpc,500.0,0.462916620520347,0.45630294919431863,4.253512500059062,3.919788624817717,33.05964894663473,True,True,True,False,1.587408499995945,False,True,False,False,phase5b0_oracle_mpc
corner_observer_pessimistic,oracle_mpc,505.0,0.4640981517703634,0.4566383292711139,4.253512500059062,3.9210533996880197,33.07368821608262,False,True,True,False,0.0,False,False,False,False,phase5b0_oracle_mpc
corner_observer_pessimistic,oracle_mpc,510.0,0.4652796830203798,0.457408258459266,4.253512500059062,3.922201803480537,33.08770980641044,False,True,True,False,0.0,False,False,False,False,phase5b0_oracle_mpc
corner_observer_pessimistic,oracle_mpc,515.0,0.4664612142703962,0.4594807773134821,4.253512500059062,3.923264872185344,33.10168056290639,False,True,True,False,0.0,False,False,False,False,phase5b0_oracle_mpc
corner_observer_pessimistic,oracle_mpc,520.0,0.46764274552041263,0.4597810220526,4.253512500059062,3.924265788895743,33.115576409892206,False,True,True,False,0.0,False,False,False,False,phase5b0_oracle_mpc
corner_observer_pessimistic,oracle_mpc,525.0,0.46876467198772076,0.4606739696279161,4.038935282309191,3.9199910426253215,33.12454370247048,True,True,True,False,0.4222016999992775,False,True,False,False,phase5b0_oracle_mpc
corner_observer_pessimistic,oracle_mpc,530.0,0.4698865984550289,0.4617905424424745,4.038935282309191,3.9203910988010557,33.1332710317773,False,True,True,False,0.0,False,False,False,False,phase5b0_oracle_mpc
corner_observer_pessimistic,oracle_mpc,535.0,0.471008524922337,0.46340813289529914,4.038935282309191,3.920864972738941,33.141786036397555,False,True,True,False,0.0,False,False,False,False,phase5b0_oracle_mpc
corner_observer_pessimistic,oracle_mpc,540.0,0.47213045138964516,0.46313220354954504,4.038935282309191,3.9213963673093617,33.150110245138464,False,True,True,False,0.0,False,False,False,False,phase5b0_oracle_mpc
corner_observer_pessimistic,oracle_mpc,545.0,0.4732523778569533,0.4624548334652586,4.038935282309191,3.921973028281239,33.158260599763544,False,True,True,False,0.0,False,False,False,False,phase5b0_oracle_mpc
corner_observer_pessimistic,oracle_mpc,550.0,0.4743793312537576,0.4642877207574167,4.057032228495434,3.9230269029499,33.166649089396934,True,True,True,False,0.33316950000153156,False,True,False,False,phase5b0_oracle_mpc
corner_observer_pessimistic,oracle_mpc,555.0,0.4755062846505619,0.46495035628241294,4.057032228495434,3.923712904344919,33.17489925753942,False,True,True,False,0.0,False,False,False,False,phase5b0_oracle_mpc
corner_observer_pessimistic,oracle_mpc,560.0,0.4766332380473662,0.46475965395000096,4.057032228495434,3.9244146203976626,33.18301701099749,False,True,True,False,0.0,False,False,False,False,phase5b0_oracle_mpc
corner_observer_pessimistic,oracle_mpc,565.0,0.4777601914441705,0.466970013603071,4.057032228495434,3.9251300430008453,33.19100748755306,False,True,True,False,0.0,False,False,False,False,phase5b0_oracle_mpc
corner_observer_pessimistic,oracle_mpc,570.0,0.4788871448409748,0.467705814593155,4.057032228495434,3.9258576227240143,33.19887522661877,False,True,True,False,0.0,False,False,False,False,phase5b0_oracle_mpc
corner_observer_pessimistic,oracle_mpc,575.0,0.4788871448409748,0.46882555544360455,0.0,3.8276878058227997,33.14635920082381,True,False,False,True,4.49458500000037,False,True,False,True,phase5b0_oracle_mpc
corner_observer_pessimistic,oracle_mpc,580.0,0.4794427003965303,0.470361327721799,2.000000000000005,3.8672779940775355,33.1150858722595,True,True,True,False,1.1952209999944898,False,True,False,True,phase5b0_oracle_mpc
corner_observer_pessimistic,oracle_mpc,585.0,0.4794427003965303,0.47165829049188246,0.0,3.8160659356403235,33.063106411343796,True,False,False,True,4.607643900002586,False,True,False,True,phase5b0_oracle_mpc
corner_observer_pessimistic,oracle_mpc,590.0,0.47999825595208584,0.47145577364329283,1.999999999999998,3.857969826398899,33.030682529267814,True,True,True,False,1.2183386999968207,False,True,False,True,phase5b0_oracle_mpc
corner_observer_pessimistic,oracle_mpc,595.0,0.48110936706319696,0.47179630512463716,3.9999999999999982,3.906031733081684,33.031326116663315,True,True,True,False,1.0833806000009645,False,True,False,True,phase5b0_oracle_mpc
corner_observer_pessimistic,oracle_mpc,600.0,0.482299704363014,0.4729906521312587,4.285214279341326,3.917245251462331,33.03909962759589,True,True,True,False,1.267007199996442,False,True,False,False,phase5b0_oracle_mpc
corner_observer_pessimistic,oracle_mpc,605.0,0.48349004166283105,0.47425612341214807,4.285214279341326,3.9213650024962368,33.048015986839694,False,True,True,False,0.0,False,False,False,False,phase5b0_oracle_mpc
corner_observer_pessimistic,oracle_mpc,610.0,0.4846803789626481,0.47521672757532696,4.285214279341326,3.924730644134883,33.05777688703085,False,True,True,False,0.0,False,False,False,False,phase5b0_oracle_mpc
corner_observer_pessimistic,oracle_mpc,615.0,0.48587071626246514,0.4769382797314371,4.285214279341326,3.9275314636202165,33.068158887837434,False,True,True,False,0.0,False,False,False,False,phase5b0_oracle_mpc
corner_observer_pessimistic,oracle_mpc,620.0,0.4870610535622822,0.477331150162397,4.285214279341326,3.9299091416648118,33.07899456876629,False,True,True,False,0.0,False,False,False,False,phase5b0_oracle_mpc
corner_observer_pessimistic,oracle_mpc,625.0,0.48808975417244765,0.47869632523533384,3.7033221965957597,3.9177821810518596,33.07784203862542,True,True,True,False,0.32889199999772245,False,True,False,False,phase5b0_oracle_mpc
corner_observer_pessimistic,oracle_mpc,630.0,0.4891184547826131,0.48038522120196836,3.7033221965957597,3.9181811391982686,33.076545039558276,False,True,True,False,0.0,False,False,False,False,phase5b0_oracle_mpc
corner_observer_pessimistic,oracle_mpc,635.0,0.4901471553927786,0.4816663159428149,3.7033221965957597,3.9186623737810633,33.07513131590513,False,True,True,False,0.0,False,False,False,False,phase5b0_oracle_mpc
corner_observer_pessimistic,oracle_mpc,640.0,0.49117585600294406,0.4831400755580103,3.7033221965957597,3.919206768833097,33.07362202817588,False,True,True,False,0.0,False,False,False,False,phase5b0_oracle_mpc
corner_observer_pessimistic,oracle_mpc,645.0,0.4922045566131095,0.48395061325352356,3.7033221965957597,3.919799983955592,33.07203342460683,False,True,True,False,0.0,False,False,False,False,phase5b0_oracle_mpc
corner_observer_pessimistic,oracle_mpc,650.0,0.49335464200257284,0.48461222777271173,4.140307402067949,3.9310864015166813,33.079451872829964,True,True,True,False,1.2133541000002879,False,True,False,False,phase5b0_oracle_mpc
corner_observer_pessimistic,oracle_mpc,655.0,0.49450472739203616,0.4860791858880284,4.140307402067949,3.932817686212455,33.08709647164229,False,True,True,False,0.0,False,False,False,False,phase5b0_oracle_mpc
corner_observer_pessimistic,oracle_mpc,660.0,0.4956548127814995,0.48756331361389427,4.140307402067949,3.934377235424645,33.09490130833173,False,True,True,False,0.0,False,False,False,False,phase5b0_oracle_mpc
corner_observer_pessimistic,oracle_mpc,665.0,0.4968048981709628,0.48909066317053057,4.140307402067949,3.9358082532988,33.102816994846734,False,True,True,False,0.0,False,False,False,False,phase5b0_oracle_mpc
corner_observer_pessimistic,oracle_mpc,670.0,0.4979549835604261,0.4892271885348901,4.140307402067949,3.9371430921654,33.11080649212831,False,True,True,False,0.0,False,False,False,False,phase5b0_oracle_mpc
corner_observer_pessimistic,oracle_mpc,675.0,0.4990843118417455,0.4908048542111332,4.065581812749791,3.9365837800349426,33.11722734061955,True,True,True,False,0.46981070000038017,False,True,False,False,phase5b0_oracle_mpc
corner_observer_pessimistic,oracle_mpc,680.0,0.5002136401230649,0.49143260734756117,4.065581812749791,3.937609704010627,33.123623656261124,False,True,True,False,0.0,False,False,False,False,phase5b0_oracle_mpc
corner_observer_pessimistic,oracle_mpc,685.0,0.5013429684043843,0.4933372269111034,4.065581812749791,3.938627436235871,33.12999255355122,False,True,True,False,0.0,False,False,False,False,phase5b0_oracle_mpc
corner_observer_pessimistic,oracle_mpc,690.0,0.5024722966857037,0.49449505531294463,4.065581812749791,3.9396383077473907,33.136331890570794,False,True,True,False,0.0,False,False,False,False,phase5b0_oracle_mpc
corner_observer_pessimistic,oracle_mpc,695.0,0.5036016249670231,0.49678654367675146,4.065581812749791,3.9406438614945882,33.142640086731284,False,True,True,False,0.0,False,False,False,False,phase5b0_oracle_mpc
corner_observer_pessimistic,oracle_mpc,700.0,0.5036016249670231,0.497751684290656,0.0,3.8425052288436246,33.09048425734074,True,False,False,True,3.429821900004754,False,True,False,True,phase5b0_oracle_mpc
corner_observer_pessimistic,oracle_mpc,705.0,0.5041571805225786,0.49747948433452666,2.000000000000001,3.8823139039656027,33.058606884688615,True,True,True,False,1.224970100003702,False,True,False,True,phase5b0_oracle_mpc
corner_observer_pessimistic,oracle_mpc,710.0,0.5052682916336897,0.4981227469739437,4.000000000000001,3.928842763738024,33.05995154602732,True,True,True,False,1.2348147000011522,False,True,False,True,phase5b0_oracle_mpc
corner_observer_pessimistic,oracle_mpc,715.0,0.5065071530670379,0.4991538109417927,4.459901160053359,3.9431952368026395,33.071837937333775,True,True,True,False,1.2230503000027966,False,True,False,False,phase5b0_oracle_mpc
corner_observer_pessimistic,oracle_mpc,720.0,0.507746014500386,0.5012863299847563,4.459901160053359,3.94692833052703,33.08470035539549,False,True,True,False,0.0,False,False,False,False,phase5b0_oracle_mpc
corner_observer_pessimistic,oracle_mpc,725.0,0.5089848759337342,0.5022370338667589,4.459901160053359,3.9500570731479474,33.098290693955775,False,True,True,False,0.0,False,False,False,False,phase5b0_oracle_mpc
corner_observer_pessimistic,oracle_mpc,730.0,0.5102237373670824,0.5052851772450909,4.459901160053359,3.9527314252642105,33.11242258380349,False,True,True,False,0.0,False,False,False,False,phase5b0_oracle_mpc
corner_observer_pessimistic,oracle_mpc,735.0,0.5114625988004305,0.5069303571773732,4.459901160053359,3.9550636858495127,33.12695585939558,False,True,True,False,0.0,False,False,False,False,phase5b0_oracle_mpc
corner_observer_pessimistic,oracle_mpc,740.0,0.5114625988004305,0.5078105517192911,0.0,3.8483838880233807,33.07490051890248,True,False,False,True,0.3872750000009546,False,True,False,True,phase5b0_oracle_mpc
corner_observer_pessimistic,oracle_mpc,745.0,0.5114625988004305,0.5085967876308223,0.0,3.839338468935163,33.023178387743485,True,False,False,True,4.355090400000336,False,True,False,False,phase5b0_oracle_mpc
corner_observer_pessimistic,oracle_mpc,750.0,0.5114625988004305,0.5081924635916274,0.0,3.8321449995426464,32.97178755216458,False,False,False,True,0.0,False,False,False,False,phase5b0_oracle_mpc
corner_observer_pessimistic,oracle_mpc,755.0,0.5114625988004305,0.5072741978537009,0.0,3.8263512109604476,32.920725890119385,False,False,False,True,0.0,False,False,False,False,phase5b0_oracle_mpc
corner_observer_pessimistic,oracle_mpc,760.0,0.5114625988004305,0.5081094540738748,0.0,3.821618220590115,32.86999129315386,False,False,False,True,0.0,False,False,False,False,phase5b0_oracle_mpc
corner_observer_pessimistic,oracle_mpc,765.0,0.5114625988004305,0.5082915709643357,0.0,3.8176920066541005,32.81958166631922,False,False,False,True,0.0,False,False,False,False,phase5b0_oracle_mpc
corner_observer_pessimistic,oracle_mpc,770.0,0.5120181543559861,0.5083803979062335,1.9999999999999998,3.863151796492142,32.78500676654896,True,True,True,False,1.030905100000382,False,True,False,True,phase5b0_oracle_mpc
corner_observer_pessimistic,oracle_mpc,775.0,0.5131292654670971,0.5084094308700148,4.0,3.913983978796076,32.780771629489976,True,True,True,False,1.369263000000501,False,True,False,True,phase5b0_oracle_mpc
corner_observer_pessimistic,oracle_mpc,780.0,0.5145312370479963,0.5080304072672349,5.047097691237183,3.945948055124477,32.80022277799743,True,True,True,False,1.5420280000034836,False,True,False,False,phase5b0_oracle_mpc
corner_observer_pessimistic,oracle_mpc,785.0,0.5159332086288955,0.5091118679134528,5.047097691237183,3.9536541745114544,32.82244468662652,False,True,True,False,0.0,False,False,False,False,phase5b0_oracle_mpc
corner_observer_pessimistic,oracle_mpc,790.0,0.5173351802097946,0.5106718685118143,5.047097691237183,3.9599230949739974,32.846768758179635,False,True,True,False,0.0,False,False,False,False,phase5b0_oracle_mpc
corner_observer_pessimistic,oracle_mpc,795.0,0.5187371517906938,0.5111188937856589,5.047097691237183,3.965110245925267,32.872692003600534,False,True,True,False,0.0,False,False,False,False,phase5b0_oracle_mpc
corner_observer_pessimistic,oracle_mpc,800.0,0.520139123371593,0.5114378458268418,5.047097691237183,3.9694818237320044,32.899835408070345,False,True,True,False,0.0,False,False,False,False,phase5b0_oracle_mpc
corner_observer_pessimistic,oracle_mpc,805.0,0.5213490367168984,0.5127241095889308,4.3556880430993745,3.956377126612991,32.91186101567206,True,True,True,False,1.1802623999974458,False,True,False,False,phase5b0_oracle_mpc
corner_observer_pessimistic,oracle_mpc,810.0,0.5225589500622038,0.5137061717971096,4.3556880430993745,3.957971864201252,32.9240026735243,False,True,True,False,0.0,False,False,False,False,phase5b0_oracle_mpc
corner_observer_pessimistic,oracle_mpc,815.0,0.5237688634075092,0.5148934112732646,4.3556880430993745,3.959521768664658,32.93624266478954,False,True,True,False,0.0,False,False,False,False,phase5b0_oracle_mpc
corner_observer_pessimistic,oracle_mpc,820.0,0.5249787767528146,0.5161328168506064,4.3556880430993745,3.9610352545223755,32.94856658869956,False,True,True,False,0.0,False,False,False,False,phase5b0_oracle_mpc
corner_observer_pessimistic,oracle_mpc,825.0,0.52618869009812,0.5175439076284986,4.3556880430993745,3.962518730580301,32.96096260454505,False,True,True,False,0.0,False,False,False,False,phase5b0_oracle_mpc
corner_observer_pessimistic,oracle_mpc,830.0,0.5274773323947912,0.5187398890408843,4.6391122680164,3.9708885986129827,32.97985196438026,True,True,True,False,1.6974177000010968,False,True,False,False,phase5b0_oracle_mpc
corner_observer_pessimistic,oracle_mpc,835.0,0.5287659746914625,0.5194776844613757,4.6391122680164,3.973020227398483,32.99901643546705,False,True,True,False,0.0,False,False,False,False,phase5b0_oracle_mpc
corner_observer_pessimistic,oracle_mpc,840.0,0.5300546169881337,0.5216461915849055,4.6391122680164,3.975006474630457,33.01839412768154,False,True,True,False,0.0,False,False,False,False,phase5b0_oracle_mpc
corner_observer_pessimistic,oracle_mpc,845.0,0.531343259284805,0.5237187503521951,4.6391122680164,3.97688063170331,33.03793740355592,False,True,True,False,0.0,False,False,False,False,phase5b0_oracle_mpc
corner_observer_pessimistic,oracle_mpc,850.0,0.5326319015814762,0.5252060815432614,4.6391122680164,3.9786677428456425,33.05760932639005,False,True,True,False,0.0,False,False,False,False,phase5b0_oracle_mpc
corner_observer_pessimistic,oracle_mpc,855.0,0.5326319015814762,0.5257720123776148,0.0,3.8672548264729905,33.005998186455855,True,False,False,True,0.9718467999991844,False,True,False,True,phase5b0_oracle_mpc
corner_observer_pessimistic,oracle_mpc,860.0,0.5326319015814762,0.5265834911420904,0.0,3.8575473049648474,32.95471739515827,True,False,False,True,7.159230999997817,False,True,False,False,phase5b0_oracle_mpc
corner_observer_pessimistic,oracle_mpc,865.0,0.5326319015814762,0.5271313143668486,0.0,3.849875587942912,32.90376507252816,False,False,False,True,0.0,False,False,False,False,phase5b0_oracle_mpc
corner_observer_pessimistic,oracle_mpc,870.0,0.5326319015814762,0.5275887758894638,0.0,3.8437405667587745,32.853139114626345,False,False,False,True,0.0,False,False,False,False,phase5b0_oracle_mpc
corner_observer_pessimistic,oracle_mpc,875.0,0.5326319015814762,0.5270190744065729,0.0,3.838768327378125,32.80283743099003,False,False,False,True,0.0,False,False,False,False,phase5b0_oracle_mpc
corner_observer_pessimistic,oracle_mpc,880.0,0.5326319015814762,0.5273274156426819,0.0,3.834678652058802,32.75285794454641,False,False,False,True,0.0,False,False,False,False,phase5b0_oracle_mpc
corner_observer_pessimistic,oracle_mpc,885.0,0.5331874571370318,0.527085170729819,2.0000000000000004,3.880034386749026,32.71849507182517,True,True,True,False,1.6733192000028794,False,True,False,True,phase5b0_oracle_mpc
corner_observer_pessimistic,oracle_mpc,890.0,0.5342985682481428,0.527671306564278,4.000000000000001,3.9308078705085987,32.71422861130324,True,True,True,False,1.3456689000013284,False,True,False,True,phase5b0_oracle_mpc
corner_observer_pessimistic,oracle_mpc,895.0,0.5357027364703417,0.527873709736032,5.055005599916217,3.9629396762989963,32.73368696386413,True,True,True,False,1.0750936000040383,False,True,False,False,phase5b0_oracle_mpc
corner_observer_pessimistic,oracle_mpc,900.0,0.5371069046925406,0.5305363777062894,5.055005599916217,3.9706637742121624,32.75591900296047,False,True,True,False,0.0,False,False,False,False,phase5b0_oracle_mpc
corner_observer_pessimistic,oracle_mpc,905.0,0.5385110729147395,0.5327815273365586,5.055005599916217,3.97696474147118,32.78026104203753,False,True,True,False,0.0,False,False,False,False,phase5b0_oracle_mpc
corner_observer_pessimistic,oracle_mpc,910.0,0.5399152411369385,0.5335822881251493,5.055005599916217,3.982194324049886,32.80621354504124,False,True,True,False,0.0,False,False,False,False,phase5b0_oracle_mpc
corner_observer_pessimistic,oracle_mpc,915.0,0.5413194093591374,0.5351953425630781,5.055005599916217,3.986615977113427,32.83339986679135,False,True,True,False,0.0,False,False,False,False,phase5b0_oracle_mpc
corner_observer_pessimistic,oracle_mpc,920.0,0.5426356045842392,0.5375110151875813,4.738302810366505,3.982703184792049,32.85400138368958,True,True,True,False,1.1436116999975638,False,True,False,False,phase5b0_oracle_mpc
corner_observer_pessimistic,oracle_mpc,925.0,0.543951799809341,0.5396324751948857,4.738302810366505,3.985274530639356,32.875037897996464,False,True,True,False,0.0,False,False,False,False,phase5b0_oracle_mpc
corner_observer_pessimistic,oracle_mpc,930.0,0.5452679950344429,0.541685272290902,4.738302810366505,3.9876359477301015,32.89641768888221,False,True,True,False,0.0,False,False,False,False,phase5b0_oracle_mpc
corner_observer_pessimistic,oracle_mpc,935.0,0.5465841902595447,0.5426638751947823,4.738302810366505,3.9898360130573347,32.91807023449041,False,True,True,False,0.0,False,False,False,False,phase5b0_oracle_mpc
corner_observer_pessimistic,oracle_mpc,940.0,0.5479003854846466,0.544066258176616,4.738302810366505,3.99191124832658,32.93994096307134,False,True,True,False,0.0,False,False,False,False,phase5b0_oracle_mpc
corner_observer_pessimistic,oracle_mpc,945.0,0.5483870406876175,0.545768827809915,1.751958730695291,3.9210518291758523,32.90687751090846,True,False,False,True,0.9591715999995358,False,True,False,True,phase5b0_oracle_mpc
corner_observer_pessimistic,oracle_mpc,950.0,0.549429251446144,0.5458227852423044,3.7519587306952893,3.9644010369831824,32.90554092767386,True,True,True,False,1.3237091999981203,False,True,False,True,phase5b0_oracle_mpc
corner_observer_pessimistic,oracle_mpc,955.0,0.5506116468211226,0.546553175076693,4.256623349923286,3.977466042906773,32.91453843353299,True,True,True,False,1.3681691999954637,False,True,False,False,phase5b0_oracle_mpc
corner_observer_pessimistic,oracle_mpc,960.0,0.5517940421961013,0.5475172126959247,4.256623349923286,3.9795273239786293,32.92384917488548,False,True,True,False,0.0,False,False,False,False,phase5b0_oracle_mpc
corner_observer_pessimistic,oracle_mpc,965.0,0.55297643757108,0.5482958857716862,4.256623349923286,3.9814115965100494,32.93340328826808,False,True,True,False,0.0,False,False,False,False,phase5b0_oracle_mpc
corner_observer_pessimistic,oracle_mpc,970.0,0.5541588329460586,0.5498710748629202,4.256623349923286,3.9831613704092663,32.9431476285937,False,True,True,False,0.0,False,False,False,False,phase5b0_oracle_mpc
corner_observer_pessimistic,oracle_mpc,975.0,0.5553412283210373,0.5515957690930138,4.256623349923286,3.9848085497340557,32.953041569308006,False,True,True,False,0.0,False,False,False,False,phase5b0_oracle_mpc
corner_observer_pessimistic,oracle_mpc,980.0,0.5556019209606174,0.5521071536841416,0.9384935024884928,3.9054396029386544,32.91008610996326,True,False,False,True,4.340311699997983,False,True,False,True,phase5b0_oracle_mpc
corner_observer_pessimistic,oracle_mpc,985.0,0.5564092963058027,0.5513234701886824,2.9065512426667666,3.9467984267252882,32.89241599783735,True,True,True,False,1.0221870000023046,False,True,False,True,phase5b0_oracle_mpc
corner_observer_pessimistic,oracle_mpc,990.0,0.55761220293503,0.5530427337053423,4.330463865218079,3.981160491426382,32.90141264525591,True,True,True,False,1.686326499999268,False,True,False,False,phase5b0_oracle_mpc
corner_observer_pessimistic,oracle_mpc,995.0,0.5588151095642573,0.55431998862761,4.330463865218079,3.9844943488672957,32.91121165782662,False,True,True,False,0.0,False,False,False,False,phase5b0_oracle_mpc
corner_observer_pessimistic,oracle_mpc,1000.0,0.5600180161934846,0.5557360403958445,4.330463865218079,3.9873465882503907,32.92162008263097,False,True,True,False,0.0,False,False,False,False,phase5b0_oracle_mpc
corner_observer_pessimistic,oracle_mpc,1005.0,0.5612209228227119,0.5563206355017615,4.330463865218079,3.9898362203970397,32.932492601739966,False,True,True,False,0.0,False,False,False,False,phase5b0_oracle_mpc
corner_observer_pessimistic,oracle_mpc,1010.0,0.5624238294519391,0.5579109274602795,4.330463865218079,3.992052403692153,32.943719515570365,False,True,True,False,0.0,False,False,False,False,phase5b0_oracle_mpc
corner_observer_pessimistic,oracle_mpc,1015.0,0.5624238294519391,0.5589537914895426,0.0,3.8884194464224375,32.89283784338025,True,False,False,True,0.4037599000002956,False,True,False,True,phase5b0_oracle_mpc
corner_observer_pessimistic,oracle_mpc,1020.0,0.5624238294519391,0.557549153337806,0.0,3.8796178237761856,32.84228187761988,True,False,False,True,4.264605900003517,False,True,False,False,phase5b0_oracle_mpc
corner_observer_pessimistic,oracle_mpc,1025.0,0.5624238294519391,0.55786198833322,0.0,3.8726366668078027,32.79204973780459,False,False,False,True,0.0,False,False,False,False,phase5b0_oracle_mpc
corner_observer_pessimistic,oracle_mpc,1030.0,0.5624238294519391,0.5581962272567161,0.0,3.867030655025238,32.742139349733215,False,False,False,True,0.0,False,False,False,False,phase5b0_oracle_mpc
corner_observer_pessimistic,oracle_mpc,1035.0,0.5624238294519391,0.5580658984704999,0.0,3.8624661371584477,32.692548652490466,False,False,False,True,0.0,False,False,False,False,phase5b0_oracle_mpc
corner_observer_pessimistic,oracle_mpc,1040.0,0.5624238294519391,0.5576620740044028,0.0,3.858693036850645,32.643275598361846,False,False,False,True,0.0,False,False,False,False,phase5b0_oracle_mpc
corner_observer_pessimistic,oracle_mpc,1045.0,0.5629793850074947,0.5580770869943216,2.000000000000001,3.9043139498831128,32.60928087518063,True,True,True,False,1.1859388000011677,False,True,False,True,phase5b0_oracle_mpc
corner_observer_pessimistic,oracle_mpc,1050.0,0.563825694321408,0.5591463630828337,3.0467135300880166,3.9320629620403897,32.589406083898815,True,True,True,False,1.4920128000012483,False,True,False,False,phase5b0_oracle_mpc
corner_observer_pessimistic,oracle_mpc,1055.0,0.5646720036353214,0.5616614669213089,3.0467135300880166,3.9363138638915762,32.570612722016286,False,True,True,False,0.0,False,False,False,False,phase5b0_oracle_mpc
corner_observer_pessimistic,oracle_mpc,1060.0,0.5655183129492348,0.5631988143013137,3.0467135300880166,3.9396965954216014,32.55265564711806,False,True,True,False,0.0,False,False,False,False,phase5b0_oracle_mpc
corner_observer_pessimistic,oracle_mpc,1065.0,0.5663646222631482,0.5628711376846087,3.0467135300880166,3.9424297083708706,32.53535121460473,False,True,True,False,0.0,False,False,False,False,phase5b0_oracle_mpc
corner_observer_pessimistic,oracle_mpc,1070.0,0.5672109315770616,0.5631119249602905,3.0467135300880166,3.944676756591583,32.51856177025998,False,True,True,False,0.0,False,False,False,False,phase5b0_oracle_mpc
corner_observer_pessimistic,oracle_mpc,1075.0,0.5685697895353808,0.5638217766679182,4.8918886499493155,3.991577813623232,32.53723767868609,True,True,True,False,1.6946380000008503,False,True,False,False,phase5b0_oracle_mpc
corner_observer_pessimistic,oracle_mpc,1080.0,0.5699286474937001,0.563722927792568,4.8918886499493155,3.9977342126503177,32.557904475562516,False,True,True,False,0.0,False,False,False,False,phase5b0_oracle_mpc
corner_observer_pessimistic,oracle_mpc,1085.0,0.5712875054520193,0.564176898388459,4.8918886499493155,4.002861728332565,32.58009695021263,False,True,True,False,0.0,False,False,False,False,phase5b0_oracle_mpc
corner_observer_pessimistic,oracle_mpc,1090.0,0.5726463634103386,0.5651940261671036,4.8918886499493155,4.007213478938849,32.60346426372951,False,True,True,False,0.0,False,False,False,False,phase5b0_oracle_mpc
corner_observer_pessimistic,oracle_mpc,1095.0,0.5740052213686578,0.5663760945478791,4.8918886499493155,4.0109791095259935,32.627741181261364,False,True,True,False,0.0,False,False,False,False,phase5b0_oracle_mpc
corner_observer_pessimistic,oracle_mpc,1100.0,0.5753465969173047,0.5681760818639926,4.828951975128613,4.012765046785223,32.65124439775251,True,True,True,False,0.10894869999901857,False,True,False,False,phase5b0_oracle_mpc
corner_observer_pessimistic,oracle_mpc,1105.0,0.5766879724659516,0.5694918552662935,4.828951975128613,4.01559403962989,32.67524478807257,False,True,True,False,0.0,False,False,False,False,phase5b0_oracle_mpc
corner_observer_pessimistic,oracle_mpc,1110.0,0.5780293480145985,0.5717360562181565,4.828951975128613,4.018193745660478,32.69963949903534,False,True,True,False,0.0,False,False,False,False,phase5b0_oracle_mpc
corner_observer_pessimistic,oracle_mpc,1115.0,0.5793707235632454,0.572366722783021,4.828951975128613,4.0206173380322445,32.72434934976894,False,True,True,False,0.0,False,False,False,False,phase5b0_oracle_mpc
corner_observer_pessimistic,oracle_mpc,1120.0,0.5807120991118923,0.5741876402952925,4.828951975128613,4.022904802958911,32.749312958511666,False,True,True,False,0.0,False,False,False,False,phase5b0_oracle_mpc
corner_observer_pessimistic,oracle_mpc,1125.0,0.5819623600450136,0.5759579963547456,4.500939359236752,4.017081241656255,32.76681578079671,True,True,True,False,0.9548584000003757,False,True,False,False,phase5b0_oracle_mpc
corner_observer_pessimistic,oracle_mpc,1130.0,0.5832126209781349,0.5777182412354723,4.500939359236752,4.01836894975992,32.78422827964568,False,True,True,False,0.0,False,False,False,False,phase5b0_oracle_mpc
corner_observer_pessimistic,oracle_mpc,1135.0,0.5844628819112562,0.5789176967437785,4.500939359236752,4.01973710797488,32.80158313085718,False,True,True,False,0.0,False,False,False,False,phase5b0_oracle_mpc
corner_observer_pessimistic,oracle_mpc,1140.0,0.5857131428443775,0.5793517106829128,4.500939359236752,4.021162869310163,32.81890347631565,False,True,True,False,0.0,False,False,False,False,phase5b0_oracle_mpc
corner_observer_pessimistic,oracle_mpc,1145.0,0.5869634037774988,0.5793883216170405,4.500939359236752,4.022629266145023,32.83620539031357,False,True,True,False,0.0,False,False,False,False,phase5b0_oracle_mpc
corner_observer_pessimistic,oracle_mpc,1150.0,0.5882125886760327,0.5805678854168553,4.497065634721829,4.024029175569833,32.853411117354156,True,True,True,False,0.5747469999987516,False,True,False,False,phase5b0_oracle_mpc
corner_observer_pessimistic,oracle_mpc,1155.0,0.5894617735745665,0.5820489058039744,4.497065634721829,4.025532827730397,32.87061331071018,False,True,True,False,0.0,False,False,False,False,phase5b0_oracle_mpc
corner_observer_pessimistic,oracle_mpc,1160.0,0.5907109584731004,0.5829026792466669,4.497065634721829,4.0270501570592945,32.88781678246911,False,True,True,False,0.0,False,False,False,False,phase5b0_oracle_mpc
corner_observer_pessimistic,oracle_mpc,1165.0,0.5919601433716343,0.5845072850770754,4.497065634721829,4.028575742749509,32.9050240742831,False,True,True,False,0.0,False,False,False,False,phase5b0_oracle_mpc
corner_observer_pessimistic,oracle_mpc,1170.0,0.5932093282701681,0.5852355633831295,4.497065634721829,4.030105639145022,32.92223606963215,False,True,True,False,0.0,False,False,False,False,phase5b0_oracle_mpc
corner_observer_pessimistic,oracle_mpc,1175.0,0.5940144962296526,0.5862581494867304,2.898604654144122,3.992615010166696,32.9071827836237,True,True,True,False,0.24112040000181878,False,True,False,False,phase5b0_oracle_mpc
corner_observer_pessimistic,oracle_mpc,1180.0,0.5948196641891371,0.5868015798726288,2.898604654144122,3.9901843225657245,32.891404717273204,False,True,True,False,0.0,False,False,False,False,phase5b0_oracle_mpc
corner_observer_pessimistic,oracle_mpc,1185.0,0.5956248321486216,0.5881811412953982,2.898604654144122,3.988466092016669,32.875091468610975,False,True,True,False,0.0,False,False,False,False,phase5b0_oracle_mpc
corner_observer_pessimistic,oracle_mpc,1190.0,0.5964300001081061,0.5890745395738701,2.898604654144122,3.987284544955594,32.858385502328645,False,True,True,False,0.0,False,False,False,False,phase5b0_oracle_mpc
corner_observer_pessimistic,oracle_mpc,1195.0,0.5972351680675906,0.5892378413416329,2.898604654144122,3.9865080527860908,32.84139406371502,False,True,True,False,0.0,False,False,False,False,phase5b0_oracle_mpc
corner_observer_pessimistic,oracle_mpc,1200.0,0.5985267936983454,0.5903776139866682,4.649852270717373,4.028794787304461,32.85841330533682,True,True,True,False,1.758107600006042,False,True,False,False,phase5b0_oracle_mpc
corner_observer_pessimistic,oracle_mpc,1205.0,0.5998184193291002,0.5901854328998434,4.649852270717373,4.032902583891005,32.876488368018265,False,True,True,False,0.0,False,False,False,False,phase5b0_oracle_mpc
corner_observer_pessimistic,oracle_mpc,1210.0,0.601110044959855,0.5910574970051826,4.649852270717373,4.036406667105256,32.89535827105562,False,True,True,False,0.0,False,False,False,False,phase5b0_oracle_mpc
corner_observer_pessimistic,oracle_mpc,1215.0,0.6024016705906098,0.5929171590556809,4.649852270717373,4.039459568124022,32.91482649825288,False,True,True,False,0.0,False,False,False,False,phase5b0_oracle_mpc
corner_observer_pessimistic,oracle_mpc,1220.0,0.6036932962213646,0.594533764461168,4.649852270717373,4.042173434838535,32.93474474080909,False,True,True,False,0.0,False,False,False,False,phase5b0_oracle_mpc
corner_observer_pessimistic,oracle_mpc,1225.0,0.6036932962213646,0.5969953147910915,0.0,3.931072045451546,32.883920583163125,True,False,False,True,1.7268757000056212,False,True,False,True,phase5b0_oracle_mpc
corner_observer_pessimistic,oracle_mpc,1230.0,0.6042488517769201,0.5964219231517106,1.999999999999999,3.9706101085663077,32.853084096321545,True,True,True,False,1.2370311000049696,False,True,False,True,phase5b0_oracle_mpc
corner_observer_pessimistic,oracle_mpc,1235.0,0.6053599628880312,0.597345182673318,3.9999999999999982,4.0170576832220535,32.85509203076858,True,True,True,False,1.172933699999703,False,True,False,True,phase5b0_oracle_mpc
corner_observer_pessimistic,oracle_mpc,1240.0,0.6066118221953035,0.5974593448980059,4.5066935061804925,4.032578925610575,32.868524032517165,True,True,True,False,1.1824285999973654,False,True,False,False,phase5b0_oracle_mpc
corner_observer_pessimistic,oracle_mpc,1245.0,0.6078636815025759,0.599215737771972,4.5066935061804925,4.036522879215688,32.88293250374619,False,True,True,False,0.0,False,False,False,False,phase5b0_oracle_mpc
corner_observer_pessimistic,oracle_mpc,1250.0,0.6091155408098482,0.6000435034464819,4.5066935061804925,4.039893628200861,32.89807670133598,False,True,True,False,0.0,False,False,False,False,phase5b0_oracle_mpc
corner_observer_pessimistic,oracle_mpc,1255.0,0.6103674001171205,0.6015382113902116,4.5066935061804925,4.042833962416654,32.91377539434532,False,True,True,False,0.0,False,False,False,False,phase5b0_oracle_mpc
corner_observer_pessimistic,oracle_mpc,1260.0,0.6116192594243929,0.6031786490639688,4.5066935061804925,4.045450780873948,32.92989190147771,False,True,True,False,0.0,False,False,False,False,phase5b0_oracle_mpc
corner_observer_pessimistic,oracle_mpc,1265.0,0.6129042422219929,0.6042025564549339,4.625938071360111,4.050737592612495,32.949067576582685,True,True,True,False,0.6738407000011648,False,True,False,False,phase5b0_oracle_mpc
corner_observer_pessimistic,oracle_mpc,1270.0,0.6141892250195929,0.6058448558033864,4.625938071360111,4.053225525113428,32.968577399884595,False,True,True,False,0.0,False,False,False,False,phase5b0_oracle_mpc
corner_observer_pessimistic,oracle_mpc,1275.0,0.615474207817193,0.6060289834674847,4.625938071360111,4.0555216539163705,32.98833752508771,False,True,True,False,0.0,False,False,False,False,phase5b0_oracle_mpc
corner_observer_pessimistic,oracle_mpc,1280.0,0.616759190614793,0.6075918697359455,4.625938071360111,4.057672630849224,33.00828412658425,False,True,True,False,0.0,False,False,False,False,phase5b0_oracle_mpc
corner_observer_pessimistic,oracle_mpc,1285.0,0.618044173412393,0.6089417474389974,4.625938071360111,4.0597134100935275,33.02836839615522,False,True,True,False,0.0,False,False,False,False,phase5b0_oracle_mpc
corner_observer_pessimistic,oracle_mpc,1290.0,0.6193547174866715,0.6106830344163071,4.717958667402365,4.063919103532884,33.05073750295787,True,True,True,False,0.7649688000019523,False,True,False,False,phase5b0_oracle_mpc
corner_observer_pessimistic,oracle_mpc,1295.0,0.6206652615609499,0.6115453136320179,4.717958667402365,4.066042154712723,33.07325148920404,False,True,True,False,0.0,False,False,False,False,phase5b0_oracle_mpc
corner_observer_pessimistic,oracle_mpc,1300.0,0.6219758056352284,0.6121149281901479,4.717958667402365,4.068074525198929,33.09586933889391,False,True,True,False,0.0,False,False,False,False,phase5b0_oracle_mpc
corner_observer_pessimistic,oracle_mpc,1305.0,0.6232863497095068,0.6133744244204744,4.717958667402365,4.070037321410113,33.11855933407485,False,True,True,False,0.0,False,False,False,False,phase5b0_oracle_mpc
corner_observer_pessimistic,oracle_mpc,1310.0,0.6245968937837852,0.6153315980459735,4.717958667402365,4.071946374428893,33.14129675051689,False,True,True,False,0.0,False,False,False,False,phase5b0_oracle_mpc
corner_observer_pessimistic,oracle_mpc,1315.0,0.6257993074437326,0.6171361518665741,4.328689175810483,4.064298005796468,33.15493057457384,True,True,True,False,0.4276509999981499,False,True,False,False,phase5b0_oracle_mpc
corner_observer_pessimistic,oracle_mpc,1320.0,0.6270017211036799,0.6172412454333139,4.328689175810483,4.0651547348996075,33.168297085151494,False,True,True,False,0.0,False,False,False,False,phase5b0_oracle_mpc
corner_observer_pessimistic,oracle_mpc,1325.0,0.6282041347636272,0.6190239762153454,4.328689175810483,4.066159108528279,33.18145431663973,False,True,True,False,0.0,False,False,False,False,phase5b0_oracle_mpc
corner_observer_pessimistic,oracle_mpc,1330.0,0.6294065484235746,0.6204991869185081,4.328689175810483,4.0672736583300635,33.194445374006435,False,True,True,False,0.0,False,False,False,False,phase5b0_oracle_mpc
corner_observer_pessimistic,oracle_mpc,1335.0,0.6306089620835219,0.6218626026727936,4.328689175810483,4.068470338089475,33.20730222605947,False,True,True,False,0.0,False,False,False,False,phase5b0_oracle_mpc
corner_observer_pessimistic,oracle_mpc,1340.0,0.6318784019082497,0.6225027343325085,4.569983369020083,4.07562745527566,33.22562042073578,True,True,True,False,1.3068685999969603,False,True,False,False,phase5b0_oracle_mpc
corner_observer_pessimistic,oracle_mpc,1345.0,0.6331478417329776,0.6230405392290355,4.569983369020083,4.077537452627312,33.24402200985126,False,True,True,False,0.0,False,False,False,False,phase5b0_oracle_mpc
corner_observer_pessimistic,oracle_mpc,1350.0,0.6344172815577054,0.6249609471480074,4.569983369020083,4.079373194728051,33.26247505925693,False,True,True,False,0.0,False,False,False,False,phase5b0_oracle_mpc
corner_observer_pessimistic,oracle_mpc,1355.0,0.6356867213824332,0.625659662290741,4.569983369020083,4.081152207140624,33.28095513080279,False,True,True,False,0.0,False,False,False,False,phase5b0_oracle_mpc
corner_observer_pessimistic,oracle_mpc,1360.0,0.636956161207161,0.6265311215780688,4.569983369020083,4.082887609887846,33.29944340627844,False,True,True,False,0.0,False,False,False,False,phase5b0_oracle_mpc
corner_observer_pessimistic,oracle_mpc,1365.0,0.638015886154481,0.6268906088309723,3.8150098103520973,4.066128869694888,33.30104622123625,True,True,True,False,0.48491610000201035,False,True,False,False,phase5b0_oracle_mpc
corner_observer_pessimistic,oracle_mpc,1370.0,0.639075611101801,0.6281019186325066,3.8150098103520973,4.065903594242464,33.30216679678936,False,True,True,False,0.0,False,False,False,False,phase5b0_oracle_mpc
corner_observer_pessimistic,oracle_mpc,1375.0,0.640135336049121,0.6291027258243953,3.8150098103520973,4.065995301953956,33.30291628844058,False,True,True,False,0.0,False,False,False,False,phase5b0_oracle_mpc
corner_observer_pessimistic,oracle_mpc,1380.0,0.641195060996441,0.6296786131132314,3.8150098103520973,4.066325646436977,33.30337825035648,False,True,True,False,0.0,False,False,False,False,phase5b0_oracle_mpc
corner_observer_pessimistic,oracle_mpc,1385.0,0.642254785943761,0.6303899287275095,3.8150098103520973,4.0668359333893065,33.30361560902347,False,True,True,False,0.0,False,False,False,False,phase5b0_oracle_mpc
corner_observer_pessimistic,oracle_mpc,1390.0,0.642254785943761,0.6322351572634478,0.0,3.9741928824744455,33.25042866711415,True,False,False,True,6.368152299997746,False,True,False,True,phase5b0_oracle_mpc
corner_observer_pessimistic,oracle_mpc,1395.0,0.6428103414993165,0.6326482424702148,2.0,4.0142414948435405,33.21759376790311,True,True,True,False,2.501722000000882,False,True,False,True,phase5b0_oracle_mpc
corner_observer_pessimistic,oracle_mpc,1400.0,0.6439214526104275,0.6335234692961662,4.0,4.061114544265145,33.218081011549614,True,True,True,False,2.610771500003466,True,True,False,True,phase5b0_oracle_mpc
corner_observer_pessimistic,oracle_mpc,1405.0,0.6451415490440857,0.63549151618613,4.392347161169366,4.0741679396201,33.227669663867275,True,True,True,False,2.795582500002638,True,True,False,False,phase5b0_oracle_mpc
corner_observer_pessimistic,oracle_mpc,1410.0,0.6463616454777439,0.6369502920115585,4.392347161169366,4.078067223455692,33.23818872142666,False,True,True,False,0.0,False,False,False,False,phase5b0_oracle_mpc
corner_observer_pessimistic,oracle_mpc,1415.0,0.647581741911402,0.6376704321746368,4.392347161169366,4.081380380487216,33.24940067048853,False,True,True,False,0.0,False,False,False,False,phase5b0_oracle_mpc
corner_observer_pessimistic,oracle_mpc,1420.0,0.6488018383450602,0.6389145894966684,4.392347161169366,4.084253274650287,33.26112723025014,False,True,True,False,0.0,False,False,False,False,phase5b0_oracle_mpc
corner_observer_pessimistic,oracle_mpc,1425.0,0.6500219347787184,0.6406146668103067,4.392347161169366,4.086795065374585,33.273234446917726,False,True,True,False,0.0,False,False,False,False,phase5b0_oracle_mpc
corner_observer_pessimistic,oracle_mpc,1430.0,0.6512729455437848,0.64144904980814,4.503638754239084,4.091809028787617,33.28815580541414,True,True,True,False,1.3511629999993602,True,True,False,False,phase5b0_oracle_mpc
corner_observer_pessimistic,oracle_mpc,1435.0,0.6525239563088512,0.6416903318006925,4.503638754239084,4.094193507254059,33.30336884622122,False,True,True,False,0.0,False,False,False,False,phase5b0_oracle_mpc
corner_observer_pessimistic,oracle_mpc,1440.0,0.6537749670739176,0.6435412167921181,4.503638754239084,4.09638555518874,33.318794180158214,False,True,True,False,0.0,False,False,False,False,phase5b0_oracle_mpc
corner_observer_pessimistic,oracle_mpc,1445.0,0.655025977838984,0.6459390742620407,4.503638754239084,4.098431567275341,33.334371792930234,False,True,True,False,0.0,False,False,False,False,phase5b0_oracle_mpc
corner_observer_pessimistic,oracle_mpc,1450.0,0.6562769886040504,0.6477701803133431,4.503638754239084,4.100366271591627,33.35005618755169,False,True,True,False,0.0,False,False,False,False,phase5b0_oracle_mpc
corner_observer_pessimistic,oracle_mpc,1455.0,0.6562769886040504,0.6492921598933968,0.0,3.992082318151632,33.296571831864874,True,False,False,True,0.5185548000008566,True,True,False,True,phase5b0_oracle_mpc
corner_observer_pessimistic,oracle_mpc,1460.0,0.6568325441596059,0.6487115438528225,1.9999999999999991,4.03143067393139,33.263737094880504,True,True,True,False,2.4570440000024973,True,True,False,True,phase5b0_oracle_mpc
corner_observer_pessimistic,oracle_mpc,1465.0,0.6571062481710376,0.6483860694856644,0.9853344411540038,4.0040643732448,33.218789183649264,True,True,True,False,1.6662625999961165,True,True,False,False,phase5b0_oracle_mpc
corner_observer_pessimistic,oracle_mpc,1470.0,0.6573799521824693,0.6482696656625846,0.9853344411540038,3.999545965488056,33.173717912841596,False,True,True,False,0.0,False,False,False,False,phase5b0_oracle_mpc
corner_observer_pessimistic,oracle_mpc,1475.0,0.6576536561939009,0.6499881410441787,0.9853344411540038,3.995931437390394,33.128603692244326,False,True,True,False,0.0,False,False,False,False,phase5b0_oracle_mpc
corner_observer_pessimistic,oracle_mpc,1480.0,0.6579273602053326,0.6500979307338719,0.9853344411540038,3.993003398428054,33.08350712823078,False,True,True,False,0.0,False,False,False,False,phase5b0_oracle_mpc
corner_observer_pessimistic,oracle_mpc,1485.0,0.6582010642167643,0.650918406744459,0.9853344411540038,3.990598845441869,33.03847400940816,False,True,True,False,0.0,False,False,False,False,phase5b0_oracle_mpc
corner_observer_pessimistic,oracle_mpc,1490.0,0.6590303237837515,0.6514516608457498,2.985334441154003,4.037503557202905,33.01729699685436,True,True,True,False,3.1814261999970768,True,True,False,True,phase5b0_oracle_mpc
corner_observer_pessimistic,oracle_mpc,1495.0,0.6603719220059283,0.6521618470824544,4.829753599836565,4.085949642970344,33.031645723355524,True,True,True,False,3.636673699998937,True,True,False,False,phase5b0_oracle_mpc
corner_observer_pessimistic,oracle_mpc,1500.0,0.6617135202281051,0.6543507540632231,4.829753599836565,4.093280091335865,33.04839992877755,False,True,True,False,0.0,False,False,False,False,phase5b0_oracle_mpc
corner_observer_pessimistic,oracle_mpc,1505.0,0.663055118450282,0.656895918997649,4.829753599836565,4.099292324478635,33.0669734364415,False,True,True,False,0.0,False,False,False,False,phase5b0_oracle_mpc
corner_observer_pessimistic,oracle_mpc,1510.0,0.6643967166724588,0.6589429904375919,4.829753599836565,4.104312491239979,33.086925678700084,False,True,True,False,0.0,False,False,False,False,phase5b0_oracle_mpc
corner_observer_pessimistic,oracle_mpc,1515.0,0.6657383148946356,0.6606633604556512,4.829753599836565,4.10858474901085,33.10792504041098,False,True,True,False,0.0,False,False,False,False,phase5b0_oracle_mpc
corner_observer_pessimistic,oracle_mpc,1520.0,0.6668340799234349,0.6613673001544565,3.9447541036772154,4.09065214642581,33.11009798597556,True,True,True,False,0.8814401000054204,True,True,False,False,phase5b0_oracle_mpc
corner_observer_pessimistic,oracle_mpc,1525.0,0.6679298449522342,0.6617889856281451,3.9447541036772154,4.091704943124504,33.1121939581328,False,True,True,False,0.0,False,False,False,False,phase5b0_oracle_mpc
corner_observer_pessimistic,oracle_mpc,1530.0,0.6690256099810334,0.6623600068871983,3.9447541036772154,4.092829834310364,33.11423997813596,False,True,True,False,0.0,False,False,False,False,phase5b0_oracle_mpc
corner_observer_pessimistic,oracle_mpc,1535.0,0.6701213750098327,0.664817464884817,3.9447541036772154,4.094006957923769,33.11625582392884,False,True,True,False,0.0,False,False,False,False,phase5b0_oracle_mpc
corner_observer_pessimistic,oracle_mpc,1540.0,0.671217140038632,0.6652292953770014,3.9447541036772154,4.095221455030114,33.11825591365344,False,True,True,False,0.0,False,False,False,False,phase5b0_oracle_mpc
corner_observer_pessimistic,oracle_mpc,1545.0,0.671998851611442,0.6661391366000169,2.8141616621160033,4.068820050749935,33.09920404655355,True,True,True,False,1.8258246000041254,True,True,False,False,phase5b0_oracle_mpc
corner_observer_pessimistic,oracle_mpc,1550.0,0.6727805631842521,0.6663863931334395,2.8141616621160033,4.067237657752216,33.079670690815064,False,True,True,False,0.0,False,False,False,False,phase5b0_oracle_mpc
corner_observer_pessimistic,oracle_mpc,1555.0,0.6735622747570621,0.6672879027733214,2.8141616621160033,4.066175169210201,33.05979045531077,False,True,True,False,0.0,False,False,False,False,phase5b0_oracle_mpc
corner_observer_pessimistic,oracle_mpc,1560.0,0.6743439863298721,0.667753990397034,2.8141616621160033,4.065504394609595,33.03966459830393,False,True,True,False,0.0,False,False,False,False,phase5b0_oracle_mpc
corner_observer_pessimistic,oracle_mpc,1565.0,0.6751256979026822,0.6696128707851072,2.8141616621160033,4.065129299060577,33.01936944713952,False,True,True,False,0.0,False,False,False,False,phase5b0_oracle_mpc
corner_observer_pessimistic,oracle_mpc,1570.0,0.6758503623118564,0.6709788719131516,2.608791873027192,4.059957224729772,32.99576511744978,True,True,True,False,0.9217496999990544,True,True,False,False,phase5b0_oracle_mpc
corner_observer_pessimistic,oracle_mpc,1575.0,0.6765750267210305,0.6708605215894785,2.608791873027192,4.059459952690394,32.97202435333482,False,True,True,False,0.0,False,False,False,False,phase5b0_oracle_mpc
corner_observer_pessimistic,oracle_mpc,1580.0,0.6772996911302047,0.672050079737273,2.608791873027192,4.059184246427705,32.94819986753602,False,True,True,False,0.0,False,False,False,False,phase5b0_oracle_mpc
corner_observer_pessimistic,oracle_mpc,1585.0,0.6780243555393789,0.6728753179020073,2.608791873027192,4.059077272378267,32.92433165126704,False,True,True,False,0.0,False,False,False,False,phase5b0_oracle_mpc
corner_observer_pessimistic,oracle_mpc,1590.0,0.6787490199485531,0.673712625684551,2.608791873027192,4.059099378581442,32.900450158521146,False,True,True,False,0.0,False,False,False,False,phase5b0_oracle_mpc
corner_observer_pessimistic,oracle_mpc,1595.0,0.6800292399132829,0.6747003327422582,4.608791873027193,4.1081094979877015,32.91321439409049,True,True,True,False,1.4793053999965196,True,True,False,True,phase5b0_oracle_mpc
corner_observer_pessimistic,oracle_mpc,1600.0,0.6812880397077057,0.6750969772558465,4.531679259922087,4.111437948852843,32.92575695674979,True,True,True,False,0.2764458999954513,True,True,False,False,phase5b0_oracle_mpc
corner_observer_pessimistic,oracle_mpc,1605.0,0.6825468395021285,0.6753886974751941,4.531679259922087,4.115618088442406,32.93934445543775,False,True,True,False,0.0,False,False,False,False,phase5b0_oracle_mpc
corner_observer_pessimistic,oracle_mpc,1610.0,0.6838056392965512,0.6769133837192016,4.531679259922087,4.1191987923212094,32.953728721589485,False,True,True,False,0.0,False,False,False,False,phase5b0_oracle_mpc
corner_observer_pessimistic,oracle_mpc,1615.0,0.685064439090974,0.6772811379126739,4.531679259922087,4.122325708636458,32.96872258911501,False,True,True,False,0.0,False,False,False,False,phase5b0_oracle_mpc
corner_observer_pessimistic,oracle_mpc,1620.0,0.6863232388853968,0.6783214610630676,4.531679259922087,4.125107900296751,32.98418459746062,False,True,True,False,0.0,False,False,False,False,phase5b0_oracle_mpc
corner_observer_pessimistic,oracle_mpc,1625.0,0.6876349749646189,0.6786195970361368,4.722249885199515,4.132284138391921,33.00439943310681,True,True,True,False,0.721778599996469,True,True,False,False,phase5b0_oracle_mpc
corner_observer_pessimistic,oracle_mpc,1630.0,0.688946711043841,0.6803248918682899,4.722249885199515,4.135077815159643,33.02505525898961,False,True,True,False,0.0,False,False,False,False,phase5b0_oracle_mpc
corner_observer_pessimistic,oracle_mpc,1635.0,0.6902584471230631,0.6811970968147659,4.722249885199515,4.13762953472655,33.04605009913465,False,True,True,False,0.0,False,False,False,False,phase5b0_oracle_mpc
corner_observer_pessimistic,oracle_mpc,1640.0,0.6915701832022851,0.6833962939285227,4.722249885199515,4.139994477779216,33.067306145790816,False,True,True,False,0.0,False,False,False,False,phase5b0_oracle_mpc
corner_observer_pessimistic,oracle_mpc,1645.0,0.6928819192815072,0.6836279751793121,4.722249885199515,4.142214007306,33.088763722850466,False,True,True,False,0.0,False,False,False,False,phase5b0_oracle_mpc
corner_observer_pessimistic,oracle_mpc,1650.0,0.6939173880950538,0.6856112688200034,3.72768772876777,4.1200212158736615,33.08842074904442,True,True,True,False,0.5084047999989707,True,True,False,False,phase5b0_oracle_mpc
corner_observer_pessimistic,oracle_mpc,1655.0,0.6949528569086003,0.6872966394487359,3.72768772876777,4.119556049643649,33.087568107332096,False,True,True,False,0.0,False,False,False,False,phase5b0_oracle_mpc
corner_observer_pessimistic,oracle_mpc,1660.0,0.6959883257221469,0.6884088922958337,3.72768772876777,4.119466005789581,33.08633638998076,False,True,True,False,0.0,False,False,False,False,phase5b0_oracle_mpc
corner_observer_pessimistic,oracle_mpc,1665.0,0.6970237945356934,0.6905452207979128,3.72768772876777,4.119655588405803,33.08482330238303,False,True,True,False,0.0,False,False,False,False,phase5b0_oracle_mpc
corner_observer_pessimistic,oracle_mpc,1670.0,0.69805926334924,0.6911609844901249,3.72768772876777,4.120053305140129,33.083101991465035,False,True,True,False,0.0,False,False,False,False,phase5b0_oracle_mpc
corner_observer_pessimistic,oracle_mpc,1675.0,0.6984888399288975,0.6911977775909045,1.5464756867672982,4.067329452304093,33.046122147227585,True,False,False,True,1.8287202999999863,True,True,False,True,phase5b0_oracle_mpc
corner_observer_pessimistic,oracle_mpc,1680.0,0.6994739720641107,0.6908541361829339,3.546475686767298,4.1114188207000275,33.03932161183098,True,True,True,False,1.1479785999981686,True,True,False,True,phase5b0_oracle_mpc
corner_observer_pessimistic,oracle_mpc,1685.0,0.7006447643140336,0.6920047451159527,4.2148520997224965,4.129024926563794,33.04604392504715,True,True,True,False,0.7469398999965051,True,True,False,False,phase5b0_oracle_mpc
corner_observer_pessimistic,oracle_mpc,1690.0,0.7018155565639564,0.6938887646833259,4.2148520997224965,4.131877854414328,33.05334750734899,False,True,True,False,0.0,False,False,False,False,phase5b0_oracle_mpc
corner_observer_pessimistic,oracle_mpc,1695.0,0.7029863488138793,0.6954198199442851,4.2148520997224965,4.134362656637458,33.06109004246401,False,True,True,False,0.0,False,False,False,False,phase5b0_oracle_mpc
corner_observer_pessimistic,oracle_mpc,1700.0,0.7041571410638022,0.6960790101618263,4.2148520997224965,4.136569752802012,33.06916443485601,False,True,True,False,0.0,False,False,False,False,phase5b0_oracle_mpc
corner_observer_pessimistic,oracle_mpc,1705.0,0.7053279333137251,0.6986196747050673,4.2148520997224965,4.138566862199982,33.077489936618086,False,True,True,False,0.0,False,False,False,False,phase5b0_oracle_mpc
corner_observer_pessimistic,oracle_mpc,1710.0,0.7053279333137251,0.6995368345601513,0.0,4.037471386258667,33.02575141851296,True,False,False,True,0.8515417000016896,True,True,False,True,phase5b0_oracle_mpc
corner_observer_pessimistic,oracle_mpc,1715.0,0.7054917407840408,0.6990665396622808,0.58970689313627,4.043112009491004,32.97857891866877,True,True,True,False,1.387120600003982,True,True,False,False,phase5b0_oracle_mpc
corner_observer_pessimistic,oracle_mpc,1720.0,0.7056555482543564,0.6987982866972257,0.58970689313627,4.037615880506719,32.931418742253506,False,True,True,False,0.0,False,False,False,False,phase5b0_oracle_mpc
corner_observer_pessimistic,oracle_mpc,1725.0,0.705819355724672,0.6987761708655289,0.58970689313627,4.0332145342254835,32.884328528317035,False,True,True,False,0.0,False,False,False,False,phase5b0_oracle_mpc
corner_observer_pessimistic,oracle_mpc,1730.0,0.7059831631949877,0.6989170477708496,0.58970689313627,4.029643170169586,32.837351527461166,False,True,True,False,0.0,False,False,False,False,phase5b0_oracle_mpc
corner_observer_pessimistic,oracle_mpc,1735.0,0.7061469706653033,0.698945844419037,0.58970689313627,4.026703288351838,32.79052019509302,False,True,True,False,0.0,False,False,False,False,phase5b0_oracle_mpc
corner_observer_pessimistic,oracle_mpc,1740.0,0.7068663336911745,0.7004571976229587,2.589706893136272,4.0730887286600375,32.76391469742445,True,True,True,False,0.6783550000036485,True,False,False,True,phase5b0_oracle_mpc
corner_observer_pessimistic,oracle_mpc,1745.0,0.7081185612514915,0.7013071061663855,4.508019217141312,4.122820865486739,32.77077360078454,True,True,True,False,0.3072253999998793,True,False,False,True,phase5b0_oracle_mpc
corner_observer_pessimistic,oracle_mpc,1750.0,0.7093269003322118,0.7028100275210661,4.35002069059293,4.126004238342594,32.776636848364774,True,True,True,False,0.1109816000025603,True,False,False,False,phase5b0_oracle_mpc
corner_observer_pessimistic,oracle_mpc,1755.0,0.7105352394129321,0.7030697969258591,4.35002069059293,4.1313373310412835,32.78405178576666,False,True,True,False,0.0,False,False,False,False,phase5b0_oracle_mpc
corner_observer_pessimistic,oracle_mpc,1760.0,0.7117435784936523,0.703631775995185,4.35002069059293,4.135751318670683,32.792650468280925,False,True,True,False,0.0,False,False,False,False,phase5b0_oracle_mpc
corner_observer_pessimistic,oracle_mpc,1765.0,0.7129519175743726,0.7046556835236335,4.35002069059293,4.139473082200734,32.80215604074824,False,True,True,False,0.0,False,False,False,False,phase5b0_oracle_mpc
corner_observer_pessimistic,oracle_mpc,1770.0,0.7141602566550929,0.7063244192597368,4.35002069059293,4.142672525300512,32.81235987166506,False,True,True,False,0.0,False,False,False,False,phase5b0_oracle_mpc
corner_observer_pessimistic,oracle_mpc,1775.0,0.715273489442405,0.7082720925980868,4.00763803432348,4.137116435635717,32.815917378393344,True,True,True,False,0.11898810000275262,True,True,False,False,phase5b0_oracle_mpc
corner_observer_pessimistic,oracle_mpc,1780.0,0.7163867222297171,0.7085430320987162,4.00763803432348,4.138771172473936,32.819638972116216,False,True,True,False,0.0,False,False,False,False,phase5b0_oracle_mpc
corner_observer_pessimistic,oracle_mpc,1785.0,0.7174999550170292,0.7096910340278604,4.00763803432348,4.140351452214816,32.823497785107655,False,True,True,False,0.0,False,False,False,False,phase5b0_oracle_mpc
corner_observer_pessimistic,oracle_mpc,1790.0,0.7186131878043414,0.7106234663658476,4.00763803432348,4.1418734347439345,32.8274729102796,False,True,True,False,0.0,False,False,False,False,phase5b0_oracle_mpc
corner_observer_pessimistic,oracle_mpc,1795.0,0.7197264205916535,0.712972950738335,4.00763803432348,4.143349283621974,32.83154794549743,False,True,True,False,0.0,False,False,False,False,phase5b0_oracle_mpc
corner_observer_pessimistic,oracle_mpc,1800.0,0.7197264205916535,0.7137189972161062,0.0,4.0469341715556,32.78138473950817,True,False,False,True,1.123612499999581,True,True,False,True,phase5b0_oracle_mpc
corner_observer_pessimistic,oracle_mpc,1805.0,0.720281976147209,0.7136575931402224,2.0,4.087233221560611,32.750126757839496,True,True,True,False,1.1961444999978994,True,True,False,True,phase5b0_oracle_mpc
corner_observer_pessimistic,oracle_mpc,1810.0,0.7213564450100067,0.7141288444456316,3.868087906071938,4.131047268155144,32.74829613446433,True,True,True,False,0.3479795000021113,True,False,False,False,phase5b0_oracle_mpc
corner_observer_pessimistic,oracle_mpc,1815.0,0.7224309138728044,0.7160228908727888,3.868087906071938,4.134325527931056,32.74724027634269,False,True,True,False,0.0,False,False,False,False,phase5b0_oracle_mpc
corner_observer_pessimistic,oracle_mpc,1820.0,0.7235053827356022,0.7184303923645518,3.868087906071938,4.137100855508431,32.74678002756509,False,True,True,False,0.0,False,False,False,False,phase5b0_oracle_mpc
corner_observer_pessimistic,oracle_mpc,1825.0,0.7245798515983999,0.7192129399574627,3.868087906071938,4.139497555213333,32.746780709559275,False,True,True,False,0.0,False,False,False,False,phase5b0_oracle_mpc
corner_observer_pessimistic,oracle_mpc,1830.0,0.7256543204611976,0.720611169884572,3.868087906071938,4.1416087053624935,32.747140878809304,False,True,True,False,0.0,False,False,False,False,phase5b0_oracle_mpc
corner_observer_pessimistic,oracle_mpc,1835.0,0.7266284038780855,0.7231416964072608,3.5067003007963726,4.1346808331498295,32.74086861514115,True,True,True,False,0.11447490000136895,True,False,False,False,phase5b0_oracle_mpc
corner_observer_pessimistic,oracle_mpc,1840.0,0.7276024872949733,0.7238439104608587,3.5067003007963726,4.135516741499889,32.7345996600857,False,True,True,False,0.0,False,False,False,False,phase5b0_oracle_mpc
corner_observer_pessimistic,oracle_mpc,1845.0,0.7285765707118612,0.7240656141673115,3.5067003007963726,4.136390452617108,32.72834636983138,False,True,True,False,0.0,False,False,False,False,phase5b0_oracle_mpc
corner_observer_pessimistic,oracle_mpc,1850.0,0.7295506541287491,0.7243241836650688,3.5067003007963726,4.137291791972943,32.722117788923974,False,True,True,False,0.0,False,False,False,False,phase5b0_oracle_mpc
corner_observer_pessimistic,oracle_mpc,1855.0,0.730524737545637,0.7250086510330743,3.5067003007963726,4.138213157436591,32.715920504738214,False,True,True,False,0.0,False,False,False,False,phase5b0_oracle_mpc
corner_observer_pessimistic,oracle_mpc,1860.0,0.7314633791227702,0.7264536755850515,3.3791096776793337,4.136033987481347,32.70743023292283,True,True,True,False,0.14261589999659918,True,False,False,False,phase5b0_oracle_mpc
corner_observer_pessimistic,oracle_mpc,1865.0,0.7324020206999033,0.7269980773551682,3.3791096776793337,4.136663750894724,32.69891109541899,False,True,True,False,0.0,False,False,False,False,phase5b0_oracle_mpc
corner_observer_pessimistic,oracle_mpc,1870.0,0.7333406622770365,0.7284901230872584,3.3791096776793337,4.13735775547912,32.69038311360413,False,True,True,False,0.0,False,False,False,False,phase5b0_oracle_mpc
corner_observer_pessimistic,oracle_mpc,1875.0,0.7342793038541697,0.7293320963324622,3.3791096776793337,4.138099695616405,32.68186121879101,False,True,True,False,0.0,False,False,False,False,phase5b0_oracle_mpc
corner_observer_pessimistic,oracle_mpc,1880.0,0.7352179454313029,0.7310831655840943,3.3791096776793337,4.138877364880815,32.67335653808157,False,True,True,False,0.0,False,False,False,False,phase5b0_oracle_mpc
corner_observer_pessimistic,oracle_mpc,1885.0,0.7361473233116326,0.730569764516726,3.3457603691865687,4.138867517314389,32.664280573124394,True,True,True,False,0.1175851000007242,True,False,False,False,phase5b0_oracle_mpc
corner_observer_pessimistic,oracle_mpc,1890.0,0.7370767011919622,0.7316014292448448,3.3457603691865687,4.1396089654494075,32.65521875913497,False,True,True,False,0.0,False,False,False,False,phase5b0_oracle_mpc
corner_observer_pessimistic,oracle_mpc,1895.0,0.7380060790722919,0.733049023294338,3.3457603691865687,4.14038000945724,32.64618019426427,False,True,True,False,0.0,False,False,False,False,phase5b0_oracle_mpc
corner_observer_pessimistic,oracle_mpc,1900.0,0.7389354569526215,0.7335320220641598,3.3457603691865687,4.14117316323292,32.6371716656238,False,True,True,False,0.0,False,False,False,False,phase5b0_oracle_mpc
corner_observer_pessimistic,oracle_mpc,1905.0,0.7398648348329512,0.7346324069567954,3.3457603691865687,4.1419828167897546,32.628198230530636,False,True,True,False,0.0,False,False,False,False,phase5b0_oracle_mpc
corner_observer_pessimistic,oracle_mpc,1910.0,0.7407308725320055,0.7352449970403552,3.117735716595844,4.137238700525799,32.61529764671442,True,True,True,False,0.12115469999844208,True,False,False,False,phase5b0_oracle_mpc
corner_observer_pessimistic,oracle_mpc,1915.0,0.7415969102310599,0.7365930732023793,3.117735716595844,4.137505656498841,32.60232794998532,False,True,True,False,0.0,False,False,False,False,phase5b0_oracle_mpc
corner_observer_pessimistic,oracle_mpc,1920.0,0.7424629479301142,0.7375626378412672,3.117735716595844,4.13788176580638,32.589320302363795,False,True,True,False,0.0,False,False,False,False,phase5b0_oracle_mpc
corner_observer_pessimistic,oracle_mpc,1925.0,0.7433289856291686,0.7379924613195559,3.117735716595844,4.13834031777695,32.57629816913641,False,True,True,False,0.0,False,False,False,False,phase5b0_oracle_mpc
corner_observer_pessimistic,oracle_mpc,1930.0,0.744195023328223,0.7384902737126308,3.117735716595844,4.138861291879098,32.563279256666895,False,True,True,False,0.0,False,False,False,False,phase5b0_oracle_mpc
corner_observer_pessimistic,oracle_mpc,1935.0,0.7450465678143504,0.7387785784201748,3.0655601500587975,4.138156151386379,32.54940373190117,True,True,True,False,0.10789600000134669,True,False,False,False,phase5b0_oracle_mpc
corner_observer_pessimistic,oracle_mpc,1940.0,0.7458981123004779,0.7400096794532721,3.0655601500587975,4.1386316728965395,32.53553063112259,False,True,True,False,0.0,False,False,False,False,phase5b0_oracle_mpc
corner_observer_pessimistic,oracle_mpc,1945.0,0.7467496567866053,0.7406312572402406,3.0655601500587975,4.139158303612194,32.521674118254275,False,True,True,False,0.0,False,False,False,False,phase5b0_oracle_mpc
corner_observer_pessimistic,oracle_mpc,1950.0,0.7476012012727328,0.7417806644461596,3.0655601500587975,4.1397239793491245,32.507844943132426,False,True,True,False,0.0,False,False,False,False,phase5b0_oracle_mpc
corner_observer_pessimistic,oracle_mpc,1955.0,0.7484527457588602,0.7432080033549496,3.0655601500587975,4.140319638446064,32.49405129386847,False,True,True,False,0.0,False,False,False,False,phase5b0_oracle_mpc
corner_observer_pessimistic,oracle_mpc,1960.0,0.749243900863442,0.7442130564058169,2.848158376494169,4.13563235455517,32.47678625381417,True,True,True,False,0.10701449999760371,True,False,False,False,phase5b0_oracle_mpc
corner_observer_pessimistic,oracle_mpc,1965.0,0.7500350559680237,0.7459898240426487,2.848158376494169,4.135732010660553,32.45947374217239,False,True,True,False,0.0,False,False,False,False,phase5b0_oracle_mpc
corner_observer_pessimistic,oracle_mpc,1970.0,0.7508262110726054,0.7472817347972739,2.848158376494169,4.135943438985633,32.4421426638241,False,True,True,False,0.0,False,False,False,False,phase5b0_oracle_mpc
corner_observer_pessimistic,oracle_mpc,1975.0,0.7516173661771871,0.7482475988280309,2.848158376494169,4.136239943697025,32.42481489680913,False,True,True,False,0.0,False,False,False,False,phase5b0_oracle_mpc
corner_observer_pessimistic,oracle_mpc,1980.0,0.7524085212817688,0.7488275831797427,2.848158376494169,4.136601494620022,32.407507055847205,False,True,True,False,0.0,False,False,False,False,phase5b0_oracle_mpc
corner_observer_pessimistic,oracle_mpc,1985.0,0.7531768029761827,0.7496447197601371,2.765814099890217,4.135003393401487,32.38896067655232,True,True,True,False,0.10851969999930589,True,False,False,False,phase5b0_oracle_mpc
corner_observer_pessimistic,oracle_mpc,1990.0,0.7539450846705966,0.750170842728339,2.765814099890217,4.135250285454461,32.370422738193575,False,True,True,False,0.0,False,False,False,False,phase5b0_oracle_mpc
corner_observer_pessimistic,oracle_mpc,1995.0,0.7547133663650105,0.7507549872583393,2.765814099890217,4.135564336308086,32.351909839569494,False,True,True,False,0.0,False,False,False,False,phase5b0_oracle_mpc
corner_observer_pessimistic,oracle_mpc,2000.0,0.7554816480594244,0.7518862981613641,2.765814099890217,4.135930128733499,32.33343464205898,False,True,True,False,0.0,False,False,False,False,phase5b0_oracle_mpc
corner_observer_pessimistic,oracle_mpc,2005.0,0.7562499297538383,0.7530464467728901,2.765814099890217,4.136336070993259,32.31500685030259,False,True,True,False,0.0,False,False,False,False,phase5b0_oracle_mpc
corner_observer_pessimistic,oracle_mpc,2010.0,0.7569993104757756,0.7534655555455471,2.6977705989744676,4.13511288915986,32.29561180079199,True,True,True,False,0.08467620000010356,True,False,False,False,phase5b0_oracle_mpc
corner_observer_pessimistic,oracle_mpc,2015.0,0.7577486911977129,0.7533952662560099,2.6977705989744676,4.135407139784252,32.27624995488991,False,True,True,False,0.0,False,False,False,False,phase5b0_oracle_mpc
corner_observer_pessimistic,oracle_mpc,2020.0,0.7584980719196502,0.753646833841881,2.6977705989744676,4.13575180123901,32.25693327332024,False,True,True,False,0.0,False,False,False,False,phase5b0_oracle_mpc
corner_observer_pessimistic,oracle_mpc,2025.0,0.7592474526415876,0.7559380200650156,2.6977705989744676,4.136135662525161,32.237670924599854,False,True,True,False,0.0,False,False,False,False,phase5b0_oracle_mpc
corner_observer_pessimistic,oracle_mpc,2030.0,0.7599968333635249,0.7554722179517191,2.6977705989744676,4.136550279979157,32.21846997742174,False,True,True,False,0.0,False,False,False,False,phase5b0_oracle_mpc
corner_observer_pessimistic,oracle_mpc,2035.0,0.7607294661316903,0.7568322217018614,2.637477965395711,4.135517970475143,32.19845174301119,True,True,True,False,0.07064750000427011,True,False,False,False,phase5b0_oracle_mpc
corner_observer_pessimistic,oracle_mpc,2040.0,0.7614620988998558,0.7577424874266696,2.637477965395711,4.135827797300148,32.17848080057183,False,True,True,False,0.0,False,False,False,False,phase5b0_oracle_mpc
corner_observer_pessimistic,oracle_mpc,2045.0,0.7621947316680213,0.7593826322417985,2.637477965395711,4.136180601504876,32.15856698420272,False,True,True,False,0.0,False,False,False,False,phase5b0_oracle_mpc
corner_observer_pessimistic,oracle_mpc,2050.0,0.7629273644361868,0.7609953052099839,2.637477965395711,4.136567008027857,32.138717845807946,False,True,True,False,0.0,False,False,False,False,phase5b0_oracle_mpc
corner_observer_pessimistic,oracle_mpc,2055.0,0.7636599972043523,0.7626756427244523,2.637477965395711,4.136979948411625,32.11893921947875,False,True,True,False,0.0,False,False,False,False,phase5b0_oracle_mpc
corner_observer_pessimistic,oracle_mpc,2060.0,0.7643196404294028,0.7635381925709733,2.374715610182017,4.131002276609724,32.09556312136614,True,True,True,False,1.0118572999999742,True,False,False,False,phase5b0_oracle_mpc
corner_observer_pessimistic,oracle_mpc,2065.0,0.7649792836544533,0.7638834932723585,2.374715610182017,4.13080565822434,32.07217345029591,False,True,True,False,0.0,False,False,False,False,phase5b0_oracle_mpc
corner_observer_pessimistic,oracle_mpc,2070.0,0.7656389268795039,0.7639114158724731,2.374715610182017,4.1307410598245236,32.04879833573524,False,True,True,False,0.0,False,False,False,False,phase5b0_oracle_mpc
corner_observer_pessimistic,oracle_mpc,2075.0,0.7662985701045544,0.765087463438628,2.374715610182017,4.130777403618414,32.02545908679427,False,True,True,False,0.0,False,False,False,False,phase5b0_oracle_mpc
corner_observer_pessimistic,oracle_mpc,2080.0,0.7669582133296049,0.7662339015916008,2.374715610182017,4.130891359111678,32.0021719020921,False,True,True,False,0.0,False,False,False,False,phase5b0_oracle_mpc
corner_observer_pessimistic,oracle_mpc,2085.0,0.767643251226095,0.7660978548809448,2.4661364273641744,4.133296094699376,31.9801765723357,True,True,True,False,1.289284400001634,True,False,False,False,phase5b0_oracle_mpc
corner_observer_pessimistic,oracle_mpc,2090.0,0.7683282891225851,0.7667549530314054,2.4661364273641744,4.133742333756187,31.958287912028922,False,True,True,False,0.0,False,False,False,False,phase5b0_oracle_mpc
corner_observer_pessimistic,oracle_mpc,2095.0,0.7690133270190752,0.7671035429133322,2.4661364273641744,4.134184492385734,31.93650425333748,False,True,True,False,0.0,False,False,False,False,phase5b0_oracle_mpc
corner_observer_pessimistic,oracle_mpc,2100.0,0.7696983649155653,0.7676316811121229,2.4661364273641744,4.134625064538213,31.91482450335866,False,True,True,False,0.0,False,False,False,False,phase5b0_oracle_mpc
corner_observer_pessimistic,oracle_mpc,2105.0,0.7703834028120554,0.7686429662114955,2.4661364273641744,4.135065863154522,31.893247985252,False,True,True,False,0.0,False,False,False,False,phase5b0_oracle_mpc
corner_observer_pessimistic,oracle_mpc,2110.0,0.7710387474148079,0.7687406508621863,2.3592405699092045,4.1329000322631595,31.87034964750655,True,True,True,False,1.3297941999990144,True,False,False,False,phase5b0_oracle_mpc
corner_observer_pessimistic,oracle_mpc,2115.0,0.7716940920175605,0.7686601309225555,2.3592405699092045,4.133081506085797,31.847515960969098,False,True,True,False,0.0,False,False,False,False,phase5b0_oracle_mpc
corner_observer_pessimistic,oracle_mpc,2120.0,0.772349436620313,0.7690630548091343,2.3592405699092045,4.133314065551291,31.824757257993152,False,True,True,False,0.0,False,False,False,False,phase5b0_oracle_mpc
corner_observer_pessimistic,oracle_mpc,2125.0,0.7730047812230655,0.7698104939458177,2.3592405699092045,4.133586459188658,31.802081419940066,False,True,True,False,0.0,False,False,False,False,phase5b0_oracle_mpc
corner_observer_pessimistic,oracle_mpc,2130.0,0.773660125825818,0.7708255277895799,2.3592405699092045,4.133890210201367,31.779494485968637,False,True,True,False,0.0,False,False,False,False,phase5b0_oracle_mpc
corner_observer_pessimistic,oracle_mpc,2135.0,0.7743294913207276,0.7710523464424243,2.409715781674533,4.135450407873204,31.75766191219362,True,True,True,False,1.315597799999523,True,False,False,False,phase5b0_oracle_mpc
corner_observer_pessimistic,oracle_mpc,2140.0,0.7749988568156372,0.7713931189308435,2.409715781674533,4.135923508307549,31.735944731629658,False,True,True,False,0.0,False,False,False,False,phase5b0_oracle_mpc
corner_observer_pessimistic,oracle_mpc,2145.0,0.7756682223105468,0.7717801616322225,2.409715781674533,4.136390394018517,31.714340818538734,False,True,True,False,0.0,False,False,False,False,phase5b0_oracle_mpc
corner_observer_pessimistic,oracle_mpc,2150.0,0.7763375878054564,0.7730518963728272,2.409715781674533,4.136853783483884,31.692848657748023,False,True,True,False,0.0,False,False,False,False,phase5b0_oracle_mpc
corner_observer_pessimistic,oracle_mpc,2155.0,0.777006953300366,0.7737072467309664,2.409715781674533,4.137315668056957,31.67146718086346,False,True,True,False,0.0,False,False,False,False,phase5b0_oracle_mpc
corner_observer_pessimistic,oracle_mpc,2160.0,0.7776643989769846,0.7746186030607545,2.3668044358268645,4.136730604160503,31.6496356257446,True,True,True,False,1.1783511999965413,True,False,False,False,phase5b0_oracle_mpc
corner_observer_pessimistic,oracle_mpc,2165.0,0.7783218446536032,0.7754181342173337,2.3668044358268645,4.137087822780968,31.6278979669856,False,True,True,False,0.0,False,False,False,False,phase5b0_oracle_mpc
corner_observer_pessimistic,oracle_mpc,2170.0,0.7789792903302218,0.7759021082089848,2.3668044358268645,4.137466032954172,31.606258039313495,False,True,True,False,0.0,False,False,False,False,phase5b0_oracle_mpc
corner_observer_pessimistic,oracle_mpc,2175.0,0.7796367360068405,0.7758598285791836,2.3668044358268645,4.137861060817834,31.58471876788778,False,True,True,False,0.0,False,False,False,False,phase5b0_oracle_mpc
corner_observer_pessimistic,oracle_mpc,2180.0,0.7802941816834591,0.7763499495369137,2.3668044358268645,4.138269741847775,31.563282390607156,False,True,True,False,0.0,False,False,False,False,phase5b0_oracle_mpc
corner_observer_pessimistic,oracle_mpc,2185.0,0.7809261270556063,0.7768815654810136,2.2750033397299565,4.136450143142587,31.54078170967295,True,True,True,False,0.9718386999957147,True,False,False,False,phase5b0_oracle_mpc
corner_observer_pessimistic,oracle_mpc,2190.0,0.7815580724277534,0.7774135759784229,2.2750033397299565,4.136653679111168,31.518355323120993,False,True,True,False,0.0,False,False,False,False,phase5b0_oracle_mpc
corner_observer_pessimistic,oracle_mpc,2195.0,0.7821900177999006,0.7786956873406473,2.2750033397299565,4.136906411049677,31.4960127683875,False,True,True,False,0.0,False,False,False,False,phase5b0_oracle_mpc
corner_observer_pessimistic,oracle_mpc,2200.0,0.7828219631720478,0.7784906676451379,2.2750033397299565,4.137197207089333,31.47376124583158,False,True,True,False,0.0,False,False,False,False,phase5b0_oracle_mpc
corner_observer_pessimistic,oracle_mpc,2205.0,0.7834539085441949,0.7785647096232328,2.2750033397299565,4.137517691831867,31.451606201288484,False,True,True,False,0.0,False,False,False,False,phase5b0_oracle_mpc
corner_observer_pessimistic,oracle_mpc,2210.0,0.7840750312118283,0.7786683793921003,2.2360416034802797,4.136911112754486,31.429069184986048,True,True,True,False,0.9195000000036089,True,False,False,False,phase5b0_oracle_mpc
corner_observer_pessimistic,oracle_mpc,2215.0,0.7846961538794617,0.7793525968443262,2.2360416034802797,4.137177801994388,31.40662281762854,False,True,True,False,0.0,False,False,False,False,phase5b0_oracle_mpc
corner_observer_pessimistic,oracle_mpc,2220.0,0.785317276547095,0.7803463222507853,2.2360416034802797,4.137476984239128,31.3842730048049,False,True,True,False,0.0,False,False,False,False,phase5b0_oracle_mpc
corner_observer_pessimistic,oracle_mpc,2225.0,0.7859383992147284,0.7811703974273326,2.2360416034802797,4.137801660559141,31.36202421031819,False,True,True,False,0.0,False,False,False,False,phase5b0_oracle_mpc
corner_observer_pessimistic,oracle_mpc,2230.0,0.7865595218823618,0.7818697080095522,2.2360416034802797,4.138146550665316,31.33987981244553,False,True,True,False,0.0,False,False,False,False,phase5b0_oracle_mpc
corner_observer_pessimistic,oracle_mpc,2235.0,0.7871394158278066,0.7808594808994868,2.0876182036011492,4.134887161564576,31.316067063018878,True,True,True,False,0.913199499998882,True,False,False,False,phase5b0_oracle_mpc
corner_observer_pessimistic,oracle_mpc,2240.0,0.7877193097732513,0.7813263957381589,2.0876182036011492,4.13489674614118,31.292316911454048,False,True,True,False,0.0,False,False,False,False,phase5b0_oracle_mpc
corner_observer_pessimistic,oracle_mpc,2245.0,0.7882992037186961,0.7825408259333094,2.0876182036011492,4.13498383558364,31.268643420835687,False,True,True,False,0.0,False,False,False,False,phase5b0_oracle_mpc
corner_observer_pessimistic,oracle_mpc,2250.0,0.7888790976641409,0.7836983421082776,2.0876182036011492,4.135130439307202,31.24505718639103,False,True,True,False,0.0,False,False,False,False,phase5b0_oracle_mpc
corner_observer_pessimistic,oracle_mpc,2255.0,0.7894589916095857,0.7846149935279394,2.0876182036011492,4.135323041574842,31.221566203410955,False,True,True,False,0.0,False,False,False,False,phase5b0_oracle_mpc
corner_observer_pessimistic,oracle_mpc,2260.0,0.7900168676873018,0.7853665625183676,2.0083538797783573,4.133618064519228,31.19727273855308,True,True,True,False,0.9854720000002999,True,False,False,False,phase5b0_oracle_mpc
corner_observer_pessimistic,oracle_mpc,2265.0,0.790574743765018,0.7863559716069264,2.0083538797783573,4.133679985513385,31.17306186664282,False,True,True,False,0.0,False,False,False,False,phase5b0_oracle_mpc
corner_observer_pessimistic,oracle_mpc,2270.0,0.7911326198427342,0.787787823069482,2.0083538797783573,4.133799879155031,31.14894343368862,False,True,True,False,0.0,False,False,False,False,phase5b0_oracle_mpc
corner_observer_pessimistic,oracle_mpc,2275.0,0.7916904959204504,0.788165297161445,2.0083538797783573,4.133964708384739,31.124924870575356,False,True,True,False,0.0,False,False,False,False,phase5b0_oracle_mpc
corner_observer_pessimistic,oracle_mpc,2280.0,0.7922483719981666,0.787952897011166,2.0083538797783573,4.134164663213336,31.101011794169757,False,True,True,False,0.0,False,False,False,False,phase5b0_oracle_mpc
corner_observer_pessimistic,oracle_mpc,2285.0,0.7927947337206613,0.7877070244823723,1.9669022009811905,4.133381306484149,31.076750405899574,True,True,True,False,1.068965800004662,True,False,False,False,phase5b0_oracle_mpc
corner_observer_pessimistic,oracle_mpc,2290.0,0.7933410954431561,0.7885896476578411,1.9669022009811905,4.1335293714679375,31.05258998760216,False,True,True,False,0.0,False,False,False,False,phase5b0_oracle_mpc
corner_observer_pessimistic,oracle_mpc,2295.0,0.7938874571656509,0.7894911748869176,1.9669022009811905,4.13371396130644,31.02853626626625,False,True,True,False,0.0,False,False,False,False,phase5b0_oracle_mpc
corner_observer_pessimistic,oracle_mpc,2300.0,0.7944338188881457,0.789469808845892,1.9669022009811905,4.133927332818669,31.004593566239855,False,True,True,False,0.0,False,False,False,False,phase5b0_oracle_mpc
corner_observer_pessimistic,oracle_mpc,2305.0,0.7949801806106405,0.7910065257375369,1.9669022009811905,4.13416364093565,30.980765155302638,False,True,True,False,0.0,False,False,False,False,phase5b0_oracle_mpc
corner_observer_pessimistic,oracle_mpc,2310.0,0.7955290659503695,0.7921442379725794,1.9759872230247901,4.134640044906948,30.957152360870758,True,True,True,False,0.9956682000047294,True,False,False,False,phase5b0_oracle_mpc
corner_observer_pessimistic,oracle_mpc,2315.0,0.7960779512900986,0.7924063370232732,1.9759872230247901,4.134932318421462,30.933660867650328,False,True,True,False,0.0,False,False,False,False,phase5b0_oracle_mpc
corner_observer_pessimistic,oracle_mpc,2320.0,0.7966268366298277,0.7933666115054315,1.9759872230247901,4.135233112357888,30.910291352183414,False,True,True,False,0.0,False,False,False,False,phase5b0_oracle_mpc
corner_observer_pessimistic,oracle_mpc,2325.0,0.7971757219695568,0.7934577846856407,1.9759872230247901,4.135541461026348,30.88704431984565,False,True,True,False,0.0,False,False,False,False,phase5b0_oracle_mpc
corner_observer_pessimistic,oracle_mpc,2330.0,0.7977246073092858,0.7935970289938411,1.9759872230247901,4.135856599716661,30.863920141205398,False,True,True,False,0.0,False,False,False,False,phase5b0_oracle_mpc
corner_observer_pessimistic,oracle_mpc,2335.0,0.7981668492807978,0.7942788028869051,1.592071097443365,4.126814659182111,30.837020073546398,True,True,True,False,0.08988369999860879,True,False,False,False,phase5b0_oracle_mpc
corner_observer_pessimistic,oracle_mpc,2340.0,0.7986090912523098,0.7948293682471224,1.592071097443365,4.126199863972813,30.81015496400442,False,True,True,False,0.0,False,False,False,False,phase5b0_oracle_mpc
corner_observer_pessimistic,oracle_mpc,2345.0,0.7990513332238218,0.7950517174249434,1.592071097443365,4.125762622405114,30.78334985951077,False,True,True,False,0.0,False,False,False,False,phase5b0_oracle_mpc
corner_observer_pessimistic,oracle_mpc,2350.0,0.7994935751953338,0.7951216680480789,1.592071097443365,4.125460613936364,30.756623580549494,False,True,True,False,0.0,False,False,False,False,phase5b0_oracle_mpc
corner_observer_pessimistic,oracle_mpc,2355.0,0.7999358171668458,0.796063152071924,1.592071097443365,4.125262090669888,30.729990287282646,False,True,True,False,0.0,False,False,False,False,phase5b0_oracle_mpc
corner_observer_pessimistic,oracle_mpc,2360.0,0.8002114784737578,0.7970257075619064,0.9923807048835027,4.110517969161762,30.698586769299247,True,True,True,False,0.08360089999769116,False,False,False,False,phase5b0_oracle_mpc
corner_observer_pessimistic,oracle_mpc,2365.0,0.8004871397806699,0.7973499071902316,0.9923807048835027,4.1089901510538995,30.667233217883826,False,True,True,False,0.0,False,False,False,False,phase5b0_oracle_mpc
corner_observer_pessimistic,oracle_mpc,2370.0,0.8007628010875819,0.7977143743865421,0.9923807048835027,4.1077796539960385,30.635957442137872,False,True,True,False,0.0,False,False,False,False,phase5b0_oracle_mpc
corner_observer_pessimistic,oracle_mpc,2375.0,0.8010384623944939,0.7977834881575211,0.9923807048835027,4.106810757347367,30.60478030557767,False,True,True,False,0.0,False,False,False,False,phase5b0_oracle_mpc
corner_observer_pessimistic,oracle_mpc,2380.0,0.801314123701406,0.7976802044675396,0.9923807048835027,4.1060266634401845,30.573717475235945,False,True,True,False,0.0,False,False,False,False,phase5b0_oracle_mpc
corner_observer_pessimistic,oracle_mpc,2385.0,0.8014745167617117,0.7987040336991441,0.577415017100396,4.0952647558151725,30.540368838357185,True,True,True,False,0.09222500000032596,False,False,False,False,phase5b0_oracle_mpc
corner_observer_pessimistic,oracle_mpc,2390.0,0.8016349098220173,0.7985767075779565,0.577415017100396,4.093715458674617,30.507150757529278,False,True,True,False,0.0,False,False,False,False,phase5b0_oracle_mpc
corner_observer_pessimistic,oracle_mpc,2395.0,0.801795302882323,0.798499834847695,0.577415017100396,4.092438339713981,30.474076388678917,False,True,True,False,0.0,False,False,False,False,phase5b0_oracle_mpc
corner_observer_pessimistic,oracle_mpc,2400.0,0.8019556959426287,0.7984338657093802,0.577415017100396,4.0913698807208245,30.44115550166992,False,True,True,False,0.0,False,False,False,False,phase5b0_oracle_mpc
corner_observer_pessimistic,oracle_mpc,2405.0,0.8021160890029344,0.799440500773437,0.577415017100396,4.090462388158895,30.40839533161009,False,True,True,False,0.0,False,False,False,False,phase5b0_oracle_mpc
