scenario_id,controller,time_s,true_soc,estimated_soc,charge_current_a,terminal_voltage_v,true_average_temperature_c,control_decision_updated,optimizer_success,prediction_feasible,used_fallback,solve_time_s,active_voltage_constraint,active_temperature_constraint,active_current_upper_constraint,active_current_change_constraint,source
lhs_015,oracle_mpc,0.0,0.14700500077659284,0.14700500077659284,0.0,3.3982395767410036,27.28581954923037,False,True,True,False,0.0,False,False,False,False,phase5b0_oracle_mpc
lhs_015,oracle_mpc,5.0,0.14757550848888726,0.14562433157581864,2.000000000000002,3.449288475826273,27.293036018749532,True,True,True,False,1.8783602999974391,False,True,False,True,phase5b0_oracle_mpc
lhs_015,oracle_mpc,10.0,0.1487165239134761,0.14645105600372674,4.000000000000002,3.5055700626459574,27.323260693284695,True,True,True,False,0.909397600000375,False,True,False,True,phase5b0_oracle_mpc
lhs_015,oracle_mpc,15.0,0.15042804705035936,0.14677799842370448,6.00000000000001,3.566337066954394,27.393921867542268,True,True,True,False,0.5770604999997886,False,True,False,True,phase5b0_oracle_mpc
lhs_015,oracle_mpc,20.0,0.1526800324977946,0.1487264156165584,7.89467135642528,3.6282968166458507,27.520464187259666,True,True,True,False,0.9264298999987659,False,True,False,False,phase5b0_oracle_mpc
lhs_015,oracle_mpc,25.0,0.15493201794522984,0.15016075863602565,7.89467135642528,3.645052539810967,27.654655701388457,False,True,True,False,0.0,False,False,False,False,phase5b0_oracle_mpc
lhs_015,oracle_mpc,30.0,0.15718400339266508,0.15302756198549275,7.89467135642528,3.659674575938981,27.795043840740934,False,True,True,False,0.0,False,False,False,False,phase5b0_oracle_mpc
lhs_015,oracle_mpc,35.0,0.15943598884010032,0.15590005888255024,7.89467135642528,3.6725934692918654,27.940478599303212,False,True,True,False,0.0,False,False,False,False,phase5b0_oracle_mpc
lhs_015,oracle_mpc,40.0,0.16168797428753556,0.15795405689093223,7.89467135642528,3.684146962736449,28.090047341209733,False,True,True,False,0.0,False,False,False,False,phase5b0_oracle_mpc
lhs_015,oracle_mpc,45.0,0.1636650692481291,0.15920918491416128,6.931001695462465,3.6700542947709724,28.211794720818503,True,True,True,False,0.641491499998665,False,True,False,False,phase5b0_oracle_mpc
lhs_015,oracle_mpc,50.0,0.16564216420872263,0.1630735379249945,6.931001695462465,3.6771541503790575,28.334923974403967,False,True,True,False,0.0,False,False,False,False,phase5b0_oracle_mpc
lhs_015,oracle_mpc,55.0,0.16761925916931616,0.16585791328923713,6.931001695462465,3.6838891733183416,28.45924225177727,False,True,True,False,0.0,False,False,False,False,phase5b0_oracle_mpc
lhs_015,oracle_mpc,60.0,0.1695963541299097,0.1680540560827327,6.931001695462465,3.69031439267901,28.58459090675805,False,True,True,False,0.0,False,False,False,False,phase5b0_oracle_mpc
lhs_015,oracle_mpc,65.0,0.17157344909050323,0.1700490466498102,6.931001695462465,3.6964731441766867,28.7108384262524,False,True,True,False,0.0,False,False,False,False,phase5b0_oracle_mpc
lhs_015,oracle_mpc,70.0,0.1733739291140624,0.1716648157777287,6.311851653391874,3.6866504878490223,28.81882008993826,True,True,True,False,0.6819140000006882,False,True,False,False,phase5b0_oracle_mpc
lhs_015,oracle_mpc,75.0,0.17517440913762158,0.17392056843336004,6.311851653391874,3.690811525220533,28.926793181076384,False,True,True,False,0.0,False,False,False,False,phase5b0_oracle_mpc
lhs_015,oracle_mpc,80.0,0.17697488916118076,0.17571626927308623,6.311851653391874,3.695022225885566,29.03481124883239,False,True,True,False,0.0,False,False,False,False,phase5b0_oracle_mpc
lhs_015,oracle_mpc,85.0,0.17877536918473994,0.17729267729396572,6.311851653391874,3.699252437424031,29.142911215638865,False,True,True,False,0.0,False,False,False,False,phase5b0_oracle_mpc
lhs_015,oracle_mpc,90.0,0.1805758492082991,0.17933354830932982,6.311851653391874,3.703478676385172,29.251117185276687,False,True,True,False,0.0,False,False,False,False,phase5b0_oracle_mpc
lhs_015,oracle_mpc,95.0,0.18224759538242324,0.18059676264608138,5.860555915715274,3.6962184429213534,29.346202302312122,True,True,True,False,0.4787316000001738,False,True,False,False,phase5b0_oracle_mpc
lhs_015,oracle_mpc,100.0,0.18391934155654738,0.18247095832583826,5.860555915715274,3.6992639711946675,29.440971916656157,False,True,True,False,0.0,False,False,False,False,phase5b0_oracle_mpc
lhs_015,oracle_mpc,105.0,0.1855910877306715,0.18446443374634366,5.860555915715274,3.7024322776314396,29.53551190973931,False,True,True,False,0.0,False,False,False,False,phase5b0_oracle_mpc
lhs_015,oracle_mpc,110.0,0.18726283390479564,0.18754321915311573,5.860555915715274,3.7056805893028493,29.6298861151856,False,True,True,False,0.0,False,False,False,False,phase5b0_oracle_mpc
lhs_015,oracle_mpc,115.0,0.18893458007891978,0.18958245665609808,5.860555915715274,3.708975489722158,29.724141234966474,False,True,True,False,0.0,False,False,False,False,phase5b0_oracle_mpc
lhs_015,oracle_mpc,120.0,0.19052437338541714,0.1905353066140523,5.573257897263641,3.705002235795088,29.81018950233161,True,True,True,False,0.6157509999975446,False,True,False,False,phase5b0_oracle_mpc
lhs_015,oracle_mpc,125.0,0.1921141666919145,0.19164755374628614,5.573257897263641,3.7076129960149795,29.895916807101504,False,True,True,False,0.0,False,False,False,False,phase5b0_oracle_mpc
lhs_015,oracle_mpc,130.0,0.19370395999841186,0.19386189328316952,5.573257897263641,3.710316341031128,29.981389002889095,False,True,True,False,0.0,False,False,False,False,phase5b0_oracle_mpc
lhs_015,oracle_mpc,135.0,0.19529375330490922,0.1949315225958677,5.573257897263641,3.7130780975520428,30.06665520977854,False,True,True,False,0.0,False,False,False,False,phase5b0_oracle_mpc
lhs_015,oracle_mpc,140.0,0.19688354661140658,0.19704769615580395,5.573257897263641,3.7158715584687534,30.151751537431963,False,True,True,False,0.0,False,False,False,False,phase5b0_oracle_mpc
lhs_015,oracle_mpc,145.0,0.19838507965941687,0.19871406530721358,5.263848378040443,3.7108365643108296,30.22822937298823,True,True,True,False,0.6058105999982217,False,True,False,False,phase5b0_oracle_mpc
lhs_015,oracle_mpc,150.0,0.19988661270742716,0.20140278540186754,5.263848378040443,3.7128866912776455,30.30432357292426,False,True,True,False,0.0,False,False,False,False,phase5b0_oracle_mpc
lhs_015,oracle_mpc,155.0,0.20138814575543745,0.20221100577737117,5.263848378040443,3.715039199114766,30.380097954166736,False,True,True,False,0.0,False,False,False,False,phase5b0_oracle_mpc
lhs_015,oracle_mpc,160.0,0.20288967880344774,0.20283212102087925,5.263848378040443,3.7172664147751844,30.45560085035923,False,True,True,False,0.0,False,False,False,False,phase5b0_oracle_mpc
lhs_015,oracle_mpc,165.0,0.20439121185145803,0.20360986022519795,5.263848378040443,3.7195430578289934,30.53086854161342,False,True,True,False,0.0,False,False,False,False,phase5b0_oracle_mpc
lhs_015,oracle_mpc,170.0,0.20586808680211618,0.20469534339908396,5.177405734687017,3.7196615627366034,30.60361322678507,True,True,True,False,0.2556022000062512,False,True,False,False,phase5b0_oracle_mpc
lhs_015,oracle_mpc,175.0,0.20734496175277434,0.20617349797770315,5.177405734687017,3.7217752952855463,30.67609974379112,False,True,True,False,0.0,False,False,False,False,phase5b0_oracle_mpc
lhs_015,oracle_mpc,180.0,0.2088218367034325,0.2066972068394574,5.177405734687017,3.723924183392208,30.748356172449448,False,True,True,False,0.0,False,False,False,False,phase5b0_oracle_mpc
lhs_015,oracle_mpc,185.0,0.21029871165409064,0.20654502235802322,5.177405734687017,3.726092702365176,30.820403229661714,False,True,True,False,0.0,False,False,False,False,phase5b0_oracle_mpc
lhs_015,oracle_mpc,190.0,0.2117755866047488,0.20812251186988198,5.177405734687017,3.728268888533141,30.892255913887,False,True,True,False,0.0,False,False,False,False,phase5b0_oracle_mpc
lhs_015,oracle_mpc,195.0,0.21320371048854034,0.21062330017489256,5.006501588026011,3.72612135596289,30.959401838216557,True,True,True,False,0.2541835000010906,False,True,False,False,phase5b0_oracle_mpc
lhs_015,oracle_mpc,200.0,0.21463183437233188,0.21221528032798576,5.006501588026011,3.727880839941921,31.026238703263406,False,True,True,False,0.0,False,False,False,False,phase5b0_oracle_mpc
lhs_015,oracle_mpc,205.0,0.21605995825612342,0.21290620870049592,5.006501588026011,3.7296898684310484,31.092798377740515,False,True,True,False,0.0,False,False,False,False,phase5b0_oracle_mpc
lhs_015,oracle_mpc,210.0,0.21748808213991497,0.21406447363552977,5.006501588026011,3.731531423526061,31.159104956226102,False,True,True,False,0.0,False,False,False,False,phase5b0_oracle_mpc
lhs_015,oracle_mpc,215.0,0.2189162060237065,0.21527752959678423,5.006501588026011,3.7333923372727282,31.22517648687966,False,True,True,False,0.0,False,False,False,False,phase5b0_oracle_mpc
lhs_015,oracle_mpc,220.0,0.22025999081120545,0.21679813686935098,4.710838288564478,3.7277903206557763,31.283425721145374,True,True,True,False,0.6304305000012391,False,True,False,False,phase5b0_oracle_mpc
lhs_015,oracle_mpc,225.0,0.2216037755987044,0.21807223226565497,4.710838288564478,3.728963185299059,31.341251510502463,False,True,True,False,0.0,False,False,False,False,phase5b0_oracle_mpc
lhs_015,oracle_mpc,230.0,0.22294756038620334,0.21875696704205824,4.710838288564478,3.730240730190028,31.398705125780555,False,True,True,False,0.0,False,False,False,False,phase5b0_oracle_mpc
lhs_015,oracle_mpc,235.0,0.22429134517370228,0.2200902387946511,4.710838288564478,3.7315958551123143,31.455826323736165,False,True,True,False,0.0,False,False,False,False,phase5b0_oracle_mpc
lhs_015,oracle_mpc,240.0,0.22563512996120122,0.22108464615179155,4.710838288564478,3.7330074443705232,31.51264587831949,False,True,True,False,0.0,False,False,False,False,phase5b0_oracle_mpc
lhs_015,oracle_mpc,245.0,0.22690404404314615,0.2225490818631987,4.448367847094384,3.7278296621485154,31.56271712019886,True,True,True,False,0.6956284999978379,False,True,False,False,phase5b0_oracle_mpc
lhs_015,oracle_mpc,250.0,0.22817295812509109,0.22475537837787765,4.448367847094384,3.7286919079207452,31.612356549570197,False,True,True,False,0.0,False,False,False,False,phase5b0_oracle_mpc
lhs_015,oracle_mpc,255.0,0.22944187220703602,0.226198703289911,4.448367847094384,3.729668225423383,31.661614941860535,False,True,True,False,0.0,False,False,False,False,phase5b0_oracle_mpc
lhs_015,oracle_mpc,260.0,0.23071078628898095,0.2280295021477823,4.448367847094384,3.7307309372129924,31.710531995935327,False,True,True,False,0.0,False,False,False,False,phase5b0_oracle_mpc
lhs_015,oracle_mpc,265.0,0.23197970037092588,0.22881066062704275,4.448367847094384,3.7318584398501504,31.759138756956567,False,True,True,False,0.0,False,False,False,False,phase5b0_oracle_mpc
lhs_015,oracle_mpc,270.0,0.23320973485679103,0.22995039066495743,4.3120696157403495,3.729592960975103,31.80421223874966,True,True,True,False,0.21605310000450118,False,True,False,False,phase5b0_oracle_mpc
lhs_015,oracle_mpc,275.0,0.23443976934265617,0.2313004900480008,4.3120696157403495,3.7304845478843713,31.848933384230474,False,True,True,False,0.0,False,False,False,False,phase5b0_oracle_mpc
lhs_015,oracle_mpc,280.0,0.23566980382852132,0.2329883126604775,4.3120696157403495,3.731450852765135,31.893335469831214,False,True,True,False,0.0,False,False,False,False,phase5b0_oracle_mpc
lhs_015,oracle_mpc,285.0,0.23689983831438646,0.23281976103420254,4.3120696157403495,3.7324735639972304,31.937444639515594,False,True,True,False,0.0,False,False,False,False,phase5b0_oracle_mpc
lhs_015,oracle_mpc,290.0,0.2381298728002516,0.23395910112014393,4.3120696157403495,3.7335384020548563,31.981281460232783,False,True,True,False,0.0,False,False,False,False,phase5b0_oracle_mpc
lhs_015,oracle_mpc,295.0,0.2392933102035869,0.23486692287854075,4.078603595580765,3.7287426223291598,32.01947446945226,True,True,True,False,0.7658783000006224,False,True,False,False,phase5b0_oracle_mpc
lhs_015,oracle_mpc,300.0,0.2404567476069222,0.2354591866388229,4.078603595580765,3.7293171000882963,32.057286711002995,False,True,True,False,0.0,False,False,False,False,phase5b0_oracle_mpc
lhs_015,oracle_mpc,305.0,0.2416201850102575,0.23485099656629368,4.078603595580765,3.729992817686785,32.094758374543815,False,True,True,False,0.0,False,False,False,False,phase5b0_oracle_mpc
lhs_015,oracle_mpc,310.0,0.2427836224135928,0.23651435076531202,4.078603595580765,3.7307467588960717,32.13192120644588,False,True,True,False,0.0,False,False,False,False,phase5b0_oracle_mpc
lhs_015,oracle_mpc,315.0,0.2439470598169281,0.23832357965426243,4.078603595580765,3.7315609305873387,32.1688003489387,False,True,True,False,0.0,False,False,False,False,phase5b0_oracle_mpc
lhs_015,oracle_mpc,320.0,0.24507943790325884,0.24026813097355418,3.969720520610049,3.7296744398025945,32.20298665157636,True,True,True,False,0.2352651999972295,False,True,False,False,phase5b0_oracle_mpc
lhs_015,oracle_mpc,325.0,0.24621181598958958,0.24043356215187395,3.969720520610049,3.7303172074577606,32.23686379274863,False,True,True,False,0.0,False,False,False,False,phase5b0_oracle_mpc
lhs_015,oracle_mpc,330.0,0.24734419407592032,0.24300480318690348,3.969720520610049,3.731026464968882,32.27045805117409,False,True,True,False,0.0,False,False,False,False,phase5b0_oracle_mpc
lhs_015,oracle_mpc,335.0,0.24847657216225105,0.24385888372290138,3.969720520610049,3.731787243014625,32.30379033922698,False,True,True,False,0.0,False,False,False,False,phase5b0_oracle_mpc
lhs_015,oracle_mpc,340.0,0.2496089502485818,0.24424338323057765,3.969720520610049,3.732587845835794,32.33687736560463,False,True,True,False,0.0,False,False,False,False,phase5b0_oracle_mpc
lhs_015,oracle_mpc,345.0,0.2506433797515837,0.2458183595936057,3.626347131546134,3.7247589322884043,32.362392472165205,True,True,True,False,0.6718928999980562,False,True,False,False,phase5b0_oracle_mpc
lhs_015,oracle_mpc,350.0,0.2516778092545856,0.24668597197635841,3.626347131546134,3.7248185964195573,32.38751153548217,False,True,True,False,0.0,False,False,False,False,phase5b0_oracle_mpc
lhs_015,oracle_mpc,355.0,0.2527122387575875,0.24844933998017016,3.626347131546134,3.7250216845194086,32.412282626891205,False,True,True,False,0.0,False,False,False,False,phase5b0_oracle_mpc
lhs_015,oracle_mpc,360.0,0.25374666826058945,0.2497020485412522,3.626347131546134,3.7253376713314834,32.43674390613133,False,True,True,False,0.0,False,False,False,False,phase5b0_oracle_mpc
lhs_015,oracle_mpc,365.0,0.25478109776359137,0.25134598532402996,3.626347131546134,3.7257426354855134,32.460925775453575,False,True,True,False,0.0,False,False,False,False,phase5b0_oracle_mpc
lhs_015,oracle_mpc,370.0,0.25584382271445655,0.2528666851735237,3.7255410504134177,3.7287191353654445,32.486903292516175,True,True,True,False,0.831478000000061,False,True,False,False,phase5b0_oracle_mpc
lhs_015,oracle_mpc,375.0,0.2569065476653217,0.254400709776293,3.7255410504134177,3.7294791918040753,32.51269608867633,False,True,True,False,0.0,False,False,False,False,phase5b0_oracle_mpc
lhs_015,oracle_mpc,380.0,0.2579692726161869,0.2556190729759156,3.7255410504134177,3.73024712643204,32.53830847501796,False,True,True,False,0.0,False,False,False,False,phase5b0_oracle_mpc
lhs_015,oracle_mpc,385.0,0.2590319975670521,0.25564791917491814,3.7255410504134177,3.7310215071456114,32.5637442305294,False,True,True,False,0.0,False,False,False,False,phase5b0_oracle_mpc
lhs_015,oracle_mpc,390.0,0.26009472251791727,0.25808846038910793,3.7255410504134177,3.731801231280621,32.58900670288172,False,True,True,False,0.0,False,False,False,False,phase5b0_oracle_mpc
lhs_015,oracle_mpc,395.0,0.26113855023691274,0.25969710310521404,3.659293981487141,3.730915190431696,32.61272936154677,True,True,True,False,0.3095194999987143,False,True,False,False,phase5b0_oracle_mpc
lhs_015,oracle_mpc,400.0,0.2621823779559082,0.2603705881212548,3.659293981487141,3.7315503359288122,32.63624989453822,False,True,True,False,0.0,False,False,False,False,phase5b0_oracle_mpc
lhs_015,oracle_mpc,405.0,0.2632262056749037,0.26175602087599326,3.659293981487141,3.7322129832407733,32.65957855088011,False,True,True,False,0.0,False,False,False,False,phase5b0_oracle_mpc
lhs_015,oracle_mpc,410.0,0.26427003339389915,0.2624793081168175,3.659293981487141,3.7328977193176613,32.68272375428776,False,True,True,False,0.0,False,False,False,False,phase5b0_oracle_mpc
lhs_015,oracle_mpc,415.0,0.2653138611128946,0.26284520442085724,3.659293981487141,3.7336003172959096,32.70569249381575,False,True,True,False,0.0,False,False,False,False,phase5b0_oracle_mpc
lhs_015,oracle_mpc,420.0,0.26630577156162183,0.2642658745436844,3.477290235877912,3.7297291092226743,32.724825631124425,True,True,True,False,0.8324734999987413,False,True,False,False,phase5b0_oracle_mpc
lhs_015,oracle_mpc,425.0,0.26729768201034904,0.26551586192925836,3.477290235877912,3.730038434781656,32.74370395609007,False,True,True,False,0.0,False,False,False,False,phase5b0_oracle_mpc
lhs_015,oracle_mpc,430.0,0.26828959245907624,0.2665018352921317,3.477290235877912,3.7304239509963475,32.76235185722584,False,True,True,False,0.0,False,False,False,False,phase5b0_oracle_mpc
lhs_015,oracle_mpc,435.0,0.26928150290780345,0.26847440129311584,3.477290235877912,3.730870218023392,32.780788893100805,False,True,True,False,0.0,False,False,False,False,phase5b0_oracle_mpc
lhs_015,oracle_mpc,440.0,0.27027341335653066,0.2684739406072522,3.477290235877912,3.7313651352756354,32.799030837259394,False,True,True,False,0.0,False,False,False,False,phase5b0_oracle_mpc
lhs_015,oracle_mpc,445.0,0.27127249461178843,0.26977410287593967,3.5024285692467214,3.7325329373799496,32.81758529762791,True,True,True,False,0.2101870999977109,False,True,False,False,phase5b0_oracle_mpc
lhs_015,oracle_mpc,450.0,0.2722715758670462,0.27102294452216547,3.5024285692467214,3.7331567323701433,32.835980161389315,False,True,True,False,0.0,False,False,False,False,phase5b0_oracle_mpc
lhs_015,oracle_mpc,455.0,0.273270657122304,0.27232038405010484,3.5024285692467214,3.733797317468216,32.85422126639373,False,True,True,False,0.0,False,False,False,False,phase5b0_oracle_mpc
lhs_015,oracle_mpc,460.0,0.27426973837756174,0.27451377622327,3.5024285692467214,3.7344520562796806,32.87231358037675,False,True,True,False,0.0,False,False,False,False,phase5b0_oracle_mpc
lhs_015,oracle_mpc,465.0,0.2752688196328195,0.2765224447748456,3.5024285692467214,3.73511889075963,32.89026137878302,False,True,True,False,0.0,False,False,False,False,phase5b0_oracle_mpc
lhs_015,oracle_mpc,470.0,0.2762566852159937,0.2772226176635397,3.4631103555157097,3.7348050390300016,32.90729858262143,True,True,True,False,0.1569896000000881,False,True,False,False,phase5b0_oracle_mpc
lhs_015,oracle_mpc,475.0,0.27724455079916793,0.27752963303019834,3.4631103555157097,3.735400924114616,32.92417899710198,False,True,True,False,0.0,False,False,False,False,phase5b0_oracle_mpc
lhs_015,oracle_mpc,480.0,0.27823241638234214,0.27923530564781524,3.4631103555157097,3.73601934972979,32.94090989747619,False,True,True,False,0.0,False,False,False,False,phase5b0_oracle_mpc
lhs_015,oracle_mpc,485.0,0.27922028196551635,0.28104875046007777,3.4631103555157097,3.7366565672112984,32.957497353718374,False,True,True,False,0.0,False,False,False,False,phase5b0_oracle_mpc
lhs_015,oracle_mpc,490.0,0.28020814754869056,0.28264678554732936,3.4631103555157097,3.737309646277293,32.97394648512781,False,True,True,False,0.0,False,False,False,False,phase5b0_oracle_mpc
lhs_015,oracle_mpc,495.0,0.2811979384460743,0.283918551023176,3.469859832054146,3.738146454140005,32.99039284112558,True,True,True,False,0.1746216000028653,False,True,False,False,phase5b0_oracle_mpc
lhs_015,oracle_mpc,500.0,0.2821877293434581,0.283778541920765,3.469859832054146,3.738840473147194,33.006712327175435,False,True,True,False,0.0,False,False,False,False,phase5b0_oracle_mpc
lhs_015,oracle_mpc,505.0,0.28317752024084186,0.2839694709818947,3.469859832054146,3.73954244750439,33.02290748783473,False,True,True,False,0.0,False,False,False,False,phase5b0_oracle_mpc
lhs_015,oracle_mpc,510.0,0.28416731113822563,0.2848848839243655,3.469859832054146,3.740251814882984,33.03898064469243,False,True,True,False,0.0,False,False,False,False,phase5b0_oracle_mpc
lhs_015,oracle_mpc,515.0,0.2851571020356094,0.285304368930574,3.469859832054146,3.740968146420812,33.054933937006524,False,True,True,False,0.0,False,False,False,False,phase5b0_oracle_mpc
lhs_015,oracle_mpc,520.0,0.28597010766287595,0.28620046397422605,2.850112661919478,3.7260659243861367,33.05944385475454,True,True,True,False,0.6792254000029061,False,True,False,False,phase5b0_oracle_mpc
lhs_015,oracle_mpc,525.0,0.2867831132901425,0.2885144201188525,2.850112661919478,3.7253635098524263,33.06359400946121,False,True,True,False,0.0,False,False,False,False,phase5b0_oracle_mpc
lhs_015,oracle_mpc,530.0,0.28759611891740905,0.28966006146283163,2.850112661919478,3.7248916965524272,33.06744260589014,False,True,True,False,0.0,False,False,False,False,phase5b0_oracle_mpc
lhs_015,oracle_mpc,535.0,0.2884091245446756,0.28943293129370407,2.850112661919478,3.72460306327683,33.071035786348304,False,True,True,False,0.0,False,False,False,False,phase5b0_oracle_mpc
lhs_015,oracle_mpc,540.0,0.28922213017194215,0.2903932341949083,2.850112661919478,3.724460399044515,33.07441025800682,False,True,True,False,0.0,False,False,False,False,phase5b0_oracle_mpc
lhs_015,oracle_mpc,545.0,0.2901763768455883,0.2910015280202475,3.345254246637423,3.736919350204804,33.08631969977092,True,True,True,False,1.0844818000041414,False,True,False,False,phase5b0_oracle_mpc
lhs_015,oracle_mpc,550.0,0.2911306235192344,0.29109390664169016,3.345254246637423,3.7381325818758144,33.098281326935805,False,True,True,False,0.0,False,False,False,False,phase5b0_oracle_mpc
lhs_015,oracle_mpc,555.0,0.29208487019288054,0.2916847776695614,3.345254246637423,3.7392425194707997,33.11026410426618,False,True,True,False,0.0,False,False,False,False,phase5b0_oracle_mpc
lhs_015,oracle_mpc,560.0,0.29303911686652667,0.292190619175249,3.345254246637423,3.740272800689093,33.12224400339773,False,True,True,False,0.0,False,False,False,False,phase5b0_oracle_mpc
lhs_015,oracle_mpc,565.0,0.2939933635401728,0.2931225800730454,3.345254246637423,3.741241965377232,33.134202455084655,False,True,True,False,0.0,False,False,False,False,phase5b0_oracle_mpc
lhs_015,oracle_mpc,570.0,0.2949765001358372,0.294071822614217,3.4465321834493268,3.744718652377113,33.1480283842706,True,True,True,False,0.4096081999960006,False,True,False,False,phase5b0_oracle_mpc
lhs_015,oracle_mpc,575.0,0.2959596367315016,0.2944741058594056,3.4465321834493268,3.7458408039231945,33.16185917271136,False,True,True,False,0.0,False,False,False,False,phase5b0_oracle_mpc
lhs_015,oracle_mpc,580.0,0.296942773327166,0.2963409384642711,3.4465321834493268,3.746900173308841,33.17567501326966,False,True,True,False,0.0,False,False,False,False,phase5b0_oracle_mpc
lhs_015,oracle_mpc,585.0,0.2979259099228304,0.2973491748487969,3.4465321834493268,3.74791152653275,33.189460573673145,False,True,True,False,0.0,False,False,False,False,phase5b0_oracle_mpc
lhs_015,oracle_mpc,590.0,0.2989090465184948,0.2987142587223271,3.4465321834493268,3.748886460525349,33.203204019963145,False,True,True,False,0.0,False,False,False,False,phase5b0_oracle_mpc
lhs_015,oracle_mpc,595.0,0.29989189471344024,0.2996668262627435,3.4455211516517013,3.7498085863096913,33.21687700967425,True,True,True,False,0.08185219999722904,False,True,False,False,phase5b0_oracle_mpc
lhs_015,oracle_mpc,600.0,0.3008747429083857,0.3008214424918678,3.4455211516517013,3.7507314731941612,33.230491326276244,False,True,True,False,0.0,False,False,False,False,phase5b0_oracle_mpc
lhs_015,oracle_mpc,605.0,0.3018575911033311,0.30124382282892365,3.4455211516517013,3.7516345000931577,33.24404180886713,False,True,True,False,0.0,False,False,False,False,phase5b0_oracle_mpc
lhs_015,oracle_mpc,610.0,0.30284043929827653,0.3026116109370331,3.4455211516517013,3.752521877669176,33.2575245840075,False,True,True,False,0.0,False,False,False,False,phase5b0_oracle_mpc
lhs_015,oracle_mpc,615.0,0.30382328749322196,0.30341419986233187,3.4455211516517013,3.7533969301842043,33.27093678443749,False,True,True,False,0.0,False,False,False,False,phase5b0_oracle_mpc
lhs_015,oracle_mpc,620.0,0.3048198726416044,0.30467896843783987,3.4936780937612393,3.755476847013017,33.285197423188606,True,True,True,False,0.2049200000037672,False,True,False,False,phase5b0_oracle_mpc
lhs_015,oracle_mpc,625.0,0.3058164577899868,0.3054174741809172,3.4936780937612393,3.7564460980815584,33.299408476502464,False,True,True,False,0.0,False,False,False,False,phase5b0_oracle_mpc
lhs_015,oracle_mpc,630.0,0.3068130429383692,0.3055169416780189,3.4936780937612393,3.757391726034565,33.31356353199015,False,True,True,False,0.0,False,False,False,False,phase5b0_oracle_mpc
lhs_015,oracle_mpc,635.0,0.3078096280867516,0.30568497406375683,3.4936780937612393,3.7583186497964536,33.32765769546898,False,True,True,False,0.0,False,False,False,False,phase5b0_oracle_mpc
lhs_015,oracle_mpc,640.0,0.308806213235134,0.3064774939431308,3.4936780937612393,3.759230726359533,33.341687258164356,False,True,True,False,0.0,False,False,False,False,phase5b0_oracle_mpc
lhs_015,oracle_mpc,645.0,0.3097846786763508,0.30828334138554214,3.43015675382072,3.758529031736541,33.3544350280826,True,True,True,False,0.14503079999849433,False,True,False,False,phase5b0_oracle_mpc
lhs_015,oracle_mpc,650.0,0.31076314411756756,0.30985129757096763,3.43015675382072,3.759272768054772,33.36708154745457,False,True,True,False,0.0,False,False,False,False,phase5b0_oracle_mpc
lhs_015,oracle_mpc,655.0,0.3117416095587843,0.3124057303215877,3.43015675382072,3.760032038135945,33.3796323571572,False,True,True,False,0.0,False,False,False,False,phase5b0_oracle_mpc
lhs_015,oracle_mpc,660.0,0.3127200750000011,0.31303385323283106,3.43015675382072,3.7608034601531117,33.3920919544129,False,True,True,False,0.0,False,False,False,False,phase5b0_oracle_mpc
lhs_015,oracle_mpc,665.0,0.31369854044121787,0.31485148093211396,3.43015675382072,3.7615843806160907,33.40446401931209,False,True,True,False,0.0,False,False,False,False,phase5b0_oracle_mpc
lhs_015,oracle_mpc,670.0,0.3146460576247394,0.31574730919535426,3.3216630138473167,3.759636838087811,33.41471538068505,True,True,True,False,0.17799289999675239,False,True,False,False,phase5b0_oracle_mpc
lhs_015,oracle_mpc,675.0,0.31559357480826095,0.3153024778386462,3.3216630138473167,3.7601799882094182,33.42483296717698,False,True,True,False,0.0,False,False,False,False,phase5b0_oracle_mpc
lhs_015,oracle_mpc,680.0,0.3165410919917825,0.3158604141802393,3.3216630138473167,3.760767120705973,33.43483042248654,False,True,True,False,0.0,False,False,False,False,phase5b0_oracle_mpc
lhs_015,oracle_mpc,685.0,0.317488609175304,0.3166251089746474,3.3216630138473167,3.7613889574532755,33.44471863900597,False,True,True,False,0.0,False,False,False,False,phase5b0_oracle_mpc
lhs_015,oracle_mpc,690.0,0.31843612635882557,0.3176950127195019,3.3216630138473167,3.762038216729844,33.45450635432311,False,True,True,False,0.0,False,False,False,False,phase5b0_oracle_mpc
lhs_015,oracle_mpc,695.0,0.3193190755470455,0.3184100321536751,3.095310262043377,3.757001689338631,33.460109557658654,True,True,True,False,1.1246144999968237,False,True,False,False,phase5b0_oracle_mpc
lhs_015,oracle_mpc,700.0,0.3202020247352654,0.3185720121466827,3.095310262043377,3.7571666778019126,33.4655264016779,False,True,True,False,0.0,False,False,False,False,phase5b0_oracle_mpc
lhs_015,oracle_mpc,705.0,0.3210849739234853,0.3191175542618527,3.095310262043377,3.7574277103514166,33.470783743034346,False,True,True,False,0.0,False,False,False,False,phase5b0_oracle_mpc
lhs_015,oracle_mpc,710.0,0.3219679231117052,0.3203441627510009,3.095310262043377,3.7577647605926425,33.47590291473428,False,True,True,False,0.0,False,False,False,False,phase5b0_oracle_mpc
lhs_015,oracle_mpc,715.0,0.3228508722999251,0.3208861439676667,3.095310262043377,3.7581621081922236,33.480900925065285,False,True,True,False,0.0,False,False,False,False,phase5b0_oracle_mpc
lhs_015,oracle_mpc,720.0,0.32373938739444474,0.32299110363504596,3.1148223779351634,3.7590993758689115,33.48613312634039,True,True,True,False,0.9384070999949472,False,True,False,False,phase5b0_oracle_mpc
lhs_015,oracle_mpc,725.0,0.3246279024889644,0.32395744061185694,3.1148223779351634,3.7596280029862092,33.491277112534036,False,True,True,False,0.0,False,False,False,False,phase5b0_oracle_mpc
lhs_015,oracle_mpc,730.0,0.32551641758348404,0.32547754134560536,3.1148223779351634,3.7601801673523956,33.496339826945764,False,True,True,False,0.0,False,False,False,False,phase5b0_oracle_mpc
lhs_015,oracle_mpc,735.0,0.3264049326780037,0.32681303393736416,3.1148223779351634,3.760751362787258,33.501326961458126,False,True,True,False,0.0,False,False,False,False,phase5b0_oracle_mpc
lhs_015,oracle_mpc,740.0,0.32729344777252334,0.32683453933326084,3.1148223779351634,3.7613380395544627,33.506243219539165,False,True,True,False,0.0,False,False,False,False,phase5b0_oracle_mpc
lhs_015,oracle_mpc,745.0,0.3282195546682514,0.32846347470626625,3.2466060520147835,3.7652599137101297,33.51342592285026,True,True,True,False,1.6059276999949361,False,True,False,False,phase5b0_oracle_mpc
lhs_015,oracle_mpc,750.0,0.3291456615639795,0.3289585788232471,3.2466060520147835,3.766173951020336,33.52060598228591,False,True,True,False,0.0,False,False,False,False,phase5b0_oracle_mpc
lhs_015,oracle_mpc,755.0,0.3300717684597076,0.33107644962860233,3.2466060520147835,3.7670487801106667,33.52777258601314,False,True,True,False,0.0,False,False,False,False,phase5b0_oracle_mpc
lhs_015,oracle_mpc,760.0,0.3309978753554357,0.331993068516884,3.2466060520147835,3.7678930607131242,33.53491741805377,False,True,True,False,0.0,False,False,False,False,phase5b0_oracle_mpc
lhs_015,oracle_mpc,765.0,0.33192398225116376,0.3334865059731706,3.2466060520147835,3.768713575060838,33.542034108229025,False,True,True,False,0.0,False,False,False,False,phase5b0_oracle_mpc
lhs_015,oracle_mpc,770.0,0.33283845685323366,0.33271317874441503,3.205827309124782,3.7684875829507303,33.54838799993863,True,True,True,False,0.3859106000018073,False,True,False,False,phase5b0_oracle_mpc
lhs_015,oracle_mpc,775.0,0.33375293145530355,0.3324551938329169,3.205827309124782,3.769181266993253,33.55468619169453,False,True,True,False,0.0,False,False,False,False,phase5b0_oracle_mpc
lhs_015,oracle_mpc,780.0,0.33466740605737344,0.3353397287514354,3.205827309124782,3.7698787365339204,33.560930189100056,False,True,True,False,0.0,False,False,False,False,phase5b0_oracle_mpc
lhs_015,oracle_mpc,785.0,0.33558188065944333,0.335256512847023,3.205827309124782,3.7705794289035137,33.567121327397246,False,True,True,False,0.0,False,False,False,False,phase5b0_oracle_mpc
lhs_015,oracle_mpc,790.0,0.3364963552615132,0.3359301019962717,3.205827309124782,3.771282895727239,33.573260806922754,False,True,True,False,0.0,False,False,False,False,phase5b0_oracle_mpc
lhs_015,oracle_mpc,795.0,0.33737980456552225,0.3362152307393933,3.097063492642543,3.7692469281893253,33.57743606945746,True,True,True,False,0.41529330000048503,False,True,False,False,phase5b0_oracle_mpc
lhs_015,oracle_mpc,800.0,0.33826325386953127,0.33677366240285733,3.097063492642543,3.7697041481614666,33.58151345938131,False,True,True,False,0.0,False,False,False,False,phase5b0_oracle_mpc
lhs_015,oracle_mpc,805.0,0.3391467031735403,0.3375397384936317,3.097063492642543,3.77020280942404,33.58550469450953,False,True,True,False,0.0,False,False,False,False,phase5b0_oracle_mpc
lhs_015,oracle_mpc,810.0,0.3400301524775493,0.33841914535529133,3.097063492642543,3.7707344332376453,33.589419148501115,False,True,True,False,0.0,False,False,False,False,phase5b0_oracle_mpc
lhs_015,oracle_mpc,815.0,0.34091360178155833,0.339947203675334,3.097063492642543,3.771292360282345,33.59326435846602,False,True,True,False,0.0,False,False,False,False,phase5b0_oracle_mpc
lhs_015,oracle_mpc,820.0,0.34091360178155833,0.34006739981536155,0.0,3.693799812217842,33.56075756443651,True,False,False,True,7.8303245000061,False,True,False,True,phase5b0_oracle_mpc
lhs_015,oracle_mpc,825.0,0.34091360178155833,0.3398632766231437,0.0,3.6872566489557106,33.528418152082175,True,False,False,True,7.362037599996256,False,True,False,False,phase5b0_oracle_mpc
lhs_015,oracle_mpc,830.0,0.34091360178155833,0.33969851797076805,0.0,3.6818524887409456,33.49624540871945,False,False,False,True,0.0,False,False,False,False,phase5b0_oracle_mpc
lhs_015,oracle_mpc,835.0,0.34091360178155833,0.33936836673571513,0.0,3.6773487365497615,33.46423847537935,False,False,False,True,0.0,False,False,False,False,phase5b0_oracle_mpc
lhs_015,oracle_mpc,840.0,0.34091360178155833,0.34033250767918855,0.0,3.673558154911207,33.43239649751975,False,False,False,True,0.0,False,False,False,False,phase5b0_oracle_mpc
lhs_015,oracle_mpc,845.0,0.34091360178155833,0.34015998451415813,0.0,3.670333770101999,33.40071862500265,False,False,False,True,0.0,False,False,False,False,phase5b0_oracle_mpc
lhs_015,oracle_mpc,850.0,0.34091360178155833,0.3407435664937516,0.0,3.667560175807264,33.36920401207145,True,False,False,True,3.7682704999970156,False,True,False,False,phase5b0_oracle_mpc
lhs_015,oracle_mpc,855.0,0.34091360178155833,0.34175133601760654,0.0,3.665146716104613,33.33785181732833,False,False,False,True,0.0,False,False,False,False,phase5b0_oracle_mpc
lhs_015,oracle_mpc,860.0,0.34091360178155833,0.3416056708983882,0.0,3.663022141611281,33.30666120371184,False,False,False,True,0.0,False,False,False,False,phase5b0_oracle_mpc
lhs_015,oracle_mpc,865.0,0.34091360178155833,0.3424347953303734,0.0,3.6611304204143824,33.27563133847451,False,False,False,True,0.0,False,False,False,False,phase5b0_oracle_mpc
lhs_015,oracle_mpc,870.0,0.34091360178155833,0.34301979868298205,0.0,3.659427454213395,33.244761393160665,False,False,False,True,0.0,False,False,False,False,phase5b0_oracle_mpc
lhs_015,oracle_mpc,875.0,0.34148410949385277,0.3430369066080421,2.000000000000001,3.7082950725641863,33.22756854703316,True,True,True,False,1.869550800001889,False,True,False,True,phase5b0_oracle_mpc
lhs_015,oracle_mpc,880.0,0.34250431374106394,0.34301810119788695,3.576478372599708,3.7512231293517098,33.232135585622814,True,True,True,False,2.2393190000002505,False,True,False,False,phase5b0_oracle_mpc
lhs_015,oracle_mpc,885.0,0.3435245179882751,0.34471681778980184,3.576478372599708,3.7574231061318946,33.23831415209048,False,True,True,False,0.0,False,False,False,False,phase5b0_oracle_mpc
lhs_015,oracle_mpc,890.0,0.34454472223548627,0.3456706174779955,3.576478372599708,3.7625638063608355,33.24576847164115,False,True,True,False,0.0,False,False,False,False,phase5b0_oracle_mpc
lhs_015,oracle_mpc,895.0,0.34556492648269743,0.3460909014542343,3.576478372599708,3.766871433277479,33.25423462255797,False,True,True,False,0.0,False,False,False,False,phase5b0_oracle_mpc
lhs_015,oracle_mpc,900.0,0.3465851307299086,0.347168736281552,3.576478372599708,3.770523379418162,33.26350496698621,False,True,True,False,0.0,False,False,False,False,phase5b0_oracle_mpc
lhs_015,oracle_mpc,905.0,0.3470818464590595,0.3487016469604607,1.7413111810643802,3.727399713824342,33.24675733712726,True,True,True,False,0.7797458999993978,False,True,False,False,phase5b0_oracle_mpc
lhs_015,oracle_mpc,910.0,0.34757856218821037,0.34805033664090107,1.7413111810643802,3.7258998352787707,33.22981236389681,False,True,True,False,0.0,False,False,False,False,phase5b0_oracle_mpc
lhs_015,oracle_mpc,915.0,0.34807527791736126,0.34862752138325087,1.7413111810643802,3.7247450747456017,33.21272307195391,False,True,True,False,0.0,False,False,False,False,phase5b0_oracle_mpc
lhs_015,oracle_mpc,920.0,0.34857199364651215,0.3493476483853838,1.7413111810643802,3.7238627328570204,33.19553114783078,False,True,True,False,0.0,False,False,False,False,phase5b0_oracle_mpc
lhs_015,oracle_mpc,925.0,0.34906870937566303,0.3501673274064357,1.7413111810643802,3.7231957700695792,33.17826946552576,False,True,True,False,0.0,False,False,False,False,phase5b0_oracle_mpc
lhs_015,oracle_mpc,930.0,0.35005654114347795,0.35108834041428255,3.4629918107228197,3.7660970709700123,33.184635800181326,True,True,True,False,1.5377679000011995,False,True,False,False,phase5b0_oracle_mpc
lhs_015,oracle_mpc,935.0,0.35104437291129287,0.3505113644585931,3.4629918107228197,3.7697019056096006,33.19178613988356,False,True,True,False,0.0,False,False,False,False,phase5b0_oracle_mpc
lhs_015,oracle_mpc,940.0,0.3520322046791078,0.35226557541040515,3.4629918107228197,3.7727890051093294,33.199561632450866,False,True,True,False,0.0,False,False,False,False,phase5b0_oracle_mpc
lhs_015,oracle_mpc,945.0,0.3530200364469227,0.35264259278536686,3.4629918107228197,3.7754679260880053,33.20783717596983,False,True,True,False,0.0,False,False,False,False,phase5b0_oracle_mpc
lhs_015,oracle_mpc,950.0,0.3540078682147376,0.3524713687157383,3.4629918107228197,3.777824614428072,33.21651407120798,False,True,True,False,0.0,False,False,False,False,phase5b0_oracle_mpc
lhs_015,oracle_mpc,955.0,0.3550575363038385,0.3535769020001035,3.6797682712453734,3.785390525020561,33.22943017022525,True,True,True,False,0.36660090000077616,False,True,False,False,phase5b0_oracle_mpc
lhs_015,oracle_mpc,960.0,0.3561072043929394,0.35465367329217606,3.6797682712453734,3.787789693203837,33.242746220472064,False,True,True,False,0.0,False,False,False,False,phase5b0_oracle_mpc
lhs_015,oracle_mpc,965.0,0.3571568724820403,0.3557743484384848,3.6797682712453734,3.789949766372001,33.25638455297042,False,True,True,False,0.0,False,False,False,False,phase5b0_oracle_mpc
lhs_015,oracle_mpc,970.0,0.3582065405711412,0.35619186475420106,3.6797682712453734,3.7919198997551216,33.27028355748843,False,True,True,False,0.0,False,False,False,False,phase5b0_oracle_mpc
lhs_015,oracle_mpc,975.0,0.3592562086602421,0.3564469045729249,3.6797682712453734,3.793738698524399,33.284394222684156,False,True,True,False,0.0,False,False,False,False,phase5b0_oracle_mpc
lhs_015,oracle_mpc,980.0,0.3601256461029162,0.35741978945946734,3.0479428198349123,3.779511218125073,33.2874424910932,True,True,True,False,0.5788045999943279,False,True,False,False,phase5b0_oracle_mpc
lhs_015,oracle_mpc,985.0,0.3609950835455903,0.35867186038542814,3.0479428198349123,3.7796573448071165,33.290316907593905,False,True,True,False,0.0,False,False,False,False,phase5b0_oracle_mpc
lhs_015,oracle_mpc,990.0,0.3618645209882644,0.35902466584149545,3.0479428198349123,3.7799546213531863,33.29305847763938,False,True,True,False,0.0,False,False,False,False,phase5b0_oracle_mpc
lhs_015,oracle_mpc,995.0,0.3627339584309385,0.35928473817658163,3.0479428198349123,3.7803696565692784,33.29569912967513,False,True,True,False,0.0,False,False,False,False,phase5b0_oracle_mpc
lhs_015,oracle_mpc,1000.0,0.36360339587361257,0.3604981630729142,3.0479428198349123,3.7808762983907886,33.29826371733561,False,True,True,False,0.0,False,False,False,False,phase5b0_oracle_mpc
lhs_015,oracle_mpc,1005.0,0.36360339587361257,0.3619170822429857,0.0,3.704631049637832,33.2672772690024,True,False,False,True,3.6910169000038877,False,True,False,True,phase5b0_oracle_mpc
lhs_015,oracle_mpc,1010.0,0.36360339587361257,0.3624610444609801,0.0,3.6982478706161883,33.23645037840827,True,False,False,True,3.9265025000058813,False,True,False,False,phase5b0_oracle_mpc
lhs_015,oracle_mpc,1015.0,0.36360339587361257,0.3629279996084953,0.0,3.6930142408535445,33.20578236165865,False,False,False,True,0.0,False,False,False,False,phase5b0_oracle_mpc
lhs_015,oracle_mpc,1020.0,0.36360339587361257,0.36322444831298956,0.0,3.6886880446019097,33.17527239995871,False,False,False,True,0.0,False,False,False,False,phase5b0_oracle_mpc
lhs_015,oracle_mpc,1025.0,0.36360339587361257,0.36337560171931504,0.0,3.685079318730481,33.14491967873349,False,False,False,True,0.0,False,False,False,False,phase5b0_oracle_mpc
lhs_015,oracle_mpc,1030.0,0.36360339587361257,0.3635896758543942,0.0,3.682038986149274,33.114723387606126,False,False,False,True,0.0,False,False,False,False,phase5b0_oracle_mpc
lhs_015,oracle_mpc,1035.0,0.364173903585907,0.36316266087257965,2.0000000000000013,3.7298597950921213,33.098646963054364,True,True,True,False,1.1009311999951024,False,True,False,True,phase5b0_oracle_mpc
lhs_015,oracle_mpc,1040.0,0.36518585210368376,0.36449326102522345,3.54753667994069,3.7712395368721237,33.10395059568042,True,True,True,False,2.0924228000003495,False,True,False,False,phase5b0_oracle_mpc
lhs_015,oracle_mpc,1045.0,0.3661978006214605,0.3649787433641742,3.54753667994069,3.7767369548262724,33.1106374908523,False,True,True,False,0.0,False,False,False,False,phase5b0_oracle_mpc
lhs_015,oracle_mpc,1050.0,0.36720974913923726,0.367045265036268,3.54753667994069,3.7813288942811845,33.11842279359717,False,True,True,False,0.0,False,False,False,False,phase5b0_oracle_mpc
lhs_015,oracle_mpc,1055.0,0.368221697657014,0.3676393580652047,3.54753667994069,3.785208302379473,33.12708245478658,False,True,True,False,0.0,False,False,False,False,phase5b0_oracle_mpc
lhs_015,oracle_mpc,1060.0,0.36923364617479076,0.36851400127658623,3.54753667994069,3.788526506802982,33.13644005090656,False,True,True,False,0.0,False,False,False,False,phase5b0_oracle_mpc
lhs_015,oracle_mpc,1065.0,0.3702863847486743,0.36933349231845597,3.690532314277545,3.7950063553757896,33.14892371617013,True,True,True,False,1.035140700005286,False,True,False,False,phase5b0_oracle_mpc
lhs_015,oracle_mpc,1070.0,0.37133912332255786,0.37150491266269464,3.690532314277545,3.797861801348517,33.161955518261585,False,True,True,False,0.0,False,False,False,False,phase5b0_oracle_mpc
lhs_015,oracle_mpc,1075.0,0.3723918618964414,0.3724172625033762,3.690532314277545,3.800389010436293,33.175428231263666,False,True,True,False,0.0,False,False,False,False,phase5b0_oracle_mpc
lhs_015,oracle_mpc,1080.0,0.37344460047032496,0.37366536814556534,3.690532314277545,3.8026562363593706,33.18925698344112,False,True,True,False,0.0,False,False,False,False,phase5b0_oracle_mpc
lhs_015,oracle_mpc,1085.0,0.3744973390442085,0.37446466966913,3.690532314277545,3.804717062320308,33.203374443534784,False,True,True,False,0.0,False,False,False,False,phase5b0_oracle_mpc
lhs_015,oracle_mpc,1090.0,0.3755358249719853,0.3751608300254797,3.6405675344870465,3.8053542287571744,33.216791677746826,True,True,True,False,0.6694735999990371,False,True,False,False,phase5b0_oracle_mpc
lhs_015,oracle_mpc,1095.0,0.37657431089976207,0.3761323854660682,3.6405675344870465,3.8070044772849636,33.23037079710129,False,True,True,False,0.0,False,False,False,False,phase5b0_oracle_mpc
lhs_015,oracle_mpc,1100.0,0.37761279682753884,0.37727054438776575,3.6405675344870465,3.80856760378607,33.24408388307168,False,True,True,False,0.0,False,False,False,False,phase5b0_oracle_mpc
lhs_015,oracle_mpc,1105.0,0.3786512827553156,0.3791714842302605,3.6405675344870465,3.8100602467202753,33.25790838312246,False,True,True,False,0.0,False,False,False,False,phase5b0_oracle_mpc
lhs_015,oracle_mpc,1110.0,0.3796897686830924,0.3801179254441017,3.6405675344870465,3.8114955162039084,33.27182597461743,False,True,True,False,0.0,False,False,False,False,phase5b0_oracle_mpc
lhs_015,oracle_mpc,1115.0,0.38071515783250365,0.38084592697269976,3.5946548217111594,3.8117265367542346,33.28495834898476,True,True,True,False,0.19262530000560218,False,True,False,False,phase5b0_oracle_mpc
lhs_015,oracle_mpc,1120.0,0.3817405469819149,0.3816832091113262,3.5946548217111594,3.812970228206023,33.298130383917666,False,True,True,False,0.0,False,False,False,False,phase5b0_oracle_mpc
lhs_015,oracle_mpc,1125.0,0.38276593613132615,0.38288303566039694,3.5946548217111594,3.8141981953058814,33.31133724600964,False,True,True,False,0.0,False,False,False,False,phase5b0_oracle_mpc
lhs_015,oracle_mpc,1130.0,0.3837913252807374,0.38351450385699154,3.5946548217111594,3.8154120693576377,33.32457461368685,False,True,True,False,0.0,False,False,False,False,phase5b0_oracle_mpc
lhs_015,oracle_mpc,1135.0,0.38481671443014864,0.38370641595657373,3.5946548217111594,3.8166131855992016,33.33783858606249,False,True,True,False,0.0,False,False,False,False,phase5b0_oracle_mpc
lhs_015,oracle_mpc,1140.0,0.3857990029293237,0.38427608713977013,3.4435590545289867,3.8139942619514926,33.348317374865346,True,True,True,False,0.19070979999378324,False,True,False,False,phase5b0_oracle_mpc
lhs_015,oracle_mpc,1145.0,0.3867812914284987,0.3863580709383811,3.4435590545289867,3.814825106598635,33.35873590644384,False,True,True,False,0.0,False,False,False,False,phase5b0_oracle_mpc
lhs_015,oracle_mpc,1150.0,0.38776357992767374,0.3865035606989721,3.4435590545289867,3.815700822562686,33.369108004429805,False,True,True,False,0.0,False,False,False,False,phase5b0_oracle_mpc
lhs_015,oracle_mpc,1155.0,0.3887458684268488,0.38711060052430535,3.4435590545289867,3.8166105474079584,33.37944415764765,False,True,True,False,0.0,False,False,False,False,phase5b0_oracle_mpc
lhs_015,oracle_mpc,1160.0,0.3897281569260238,0.387858574548072,3.4435590545289867,3.817545806063961,33.38975226054351,False,True,True,False,0.0,False,False,False,False,phase5b0_oracle_mpc
lhs_015,oracle_mpc,1165.0,0.3897281569260238,0.389910419557424,0.0,3.7317031703917354,33.35829433759365,True,False,False,True,1.199844499999017,False,True,False,True,phase5b0_oracle_mpc
lhs_015,oracle_mpc,1170.0,0.39029866463831825,0.3895738550586883,2.0000000000000013,3.7751525416569227,33.34485289901468,True,True,True,False,1.9591913999975077,False,True,False,True,phase5b0_oracle_mpc
lhs_015,oracle_mpc,1175.0,0.39029866463831825,0.3895861138465647,0.0,3.723644867354125,33.313626277321866,True,False,False,True,7.515944399994623,False,True,False,True,phase5b0_oracle_mpc
lhs_015,oracle_mpc,1180.0,0.39078036480279066,0.3889135743897633,1.6886718762666892,3.760775044651391,33.295688034883625,True,True,True,False,1.862280200002715,False,True,False,False,phase5b0_oracle_mpc
lhs_015,oracle_mpc,1185.0,0.39126206496726307,0.38816075119806237,1.6886718762666892,3.760168188118035,33.277701810935156,False,True,True,False,0.0,False,False,False,False,phase5b0_oracle_mpc
lhs_015,oracle_mpc,1190.0,0.3917437651317355,0.38766948200646395,1.6886718762666892,3.7596902776325187,33.259686431619556,False,True,True,False,0.0,False,False,False,False,phase5b0_oracle_mpc
lhs_015,oracle_mpc,1195.0,0.3922254652962079,0.38865507124014037,1.6886718762666892,3.759315945788955,33.241656976425304,False,True,True,False,0.0,False,False,False,False,phase5b0_oracle_mpc
lhs_015,oracle_mpc,1200.0,0.3927071654606803,0.38884597246697783,1.6886718762666892,3.759025240148811,33.22362553438274,False,True,True,False,0.0,False,False,False,False,phase5b0_oracle_mpc
lhs_015,oracle_mpc,1205.0,0.39369037750162406,0.38934872904391227,3.4467966681451507,3.8031177113923227,33.229630107623535,True,True,True,False,2.487698500000988,False,True,False,False,phase5b0_oracle_mpc
lhs_015,oracle_mpc,1210.0,0.3946735895425678,0.3913564635349991,3.4467966681451507,3.806999905156485,33.23650355417356,False,True,True,False,0.0,False,False,False,False,phase5b0_oracle_mpc
lhs_015,oracle_mpc,1215.0,0.3956568015835116,0.39202438500940145,3.4467966681451507,3.810289824733144,33.24406467070597,False,True,True,False,0.0,False,False,False,False,phase5b0_oracle_mpc
lhs_015,oracle_mpc,1220.0,0.39664001362445533,0.39431265546383565,3.4467966681451507,3.813113766018588,33.252170965693274,False,True,True,False,0.0,False,False,False,False,phase5b0_oracle_mpc
lhs_015,oracle_mpc,1225.0,0.3976232256653991,0.3952786531021007,3.4467966681451507,3.8155707853451215,33.260710234889835,False,True,True,False,0.0,False,False,False,False,phase5b0_oracle_mpc
lhs_015,oracle_mpc,1230.0,0.3976232256653991,0.39619421441808794,0.0,3.7308561316038547,33.22991735125493,True,False,False,True,5.488417500004289,False,True,False,True,phase5b0_oracle_mpc
lhs_015,oracle_mpc,1235.0,0.3976232256653991,0.3959581188404683,0.0,3.7248543320642,33.199283004042535,True,False,False,True,4.416436300001806,False,True,False,False,phase5b0_oracle_mpc
lhs_015,oracle_mpc,1240.0,0.3976232256653991,0.39534191110615324,0.0,3.7199231649886313,33.168806538355696,False,False,False,True,0.0,False,False,False,False,phase5b0_oracle_mpc
lhs_015,oracle_mpc,1245.0,0.3976232256653991,0.39590320463911727,0.0,3.7158374738282176,33.13848714051377,False,False,False,True,0.0,False,False,False,False,phase5b0_oracle_mpc
lhs_015,oracle_mpc,1250.0,0.3976232256653991,0.39557571796814334,0.0,3.712420592038089,33.10832400102957,False,False,False,True,0.0,False,False,False,False,phase5b0_oracle_mpc
lhs_015,oracle_mpc,1255.0,0.3976232256653991,0.3955188709693968,0.0,3.7095338680019814,33.07831631458783,False,False,False,True,0.0,False,False,False,False,phase5b0_oracle_mpc
lhs_015,oracle_mpc,1260.0,0.39819373337769354,0.39668293916579295,2.0000000000000027,3.757481829711921,33.06227179726496,True,True,True,False,0.6986574000038672,False,True,False,True,phase5b0_oracle_mpc
lhs_015,oracle_mpc,1265.0,0.3992653631117834,0.39610692965396355,3.7567580980810065,3.8042423750869125,33.07099995102199,True,True,True,False,1.0552721999993082,False,True,False,False,phase5b0_oracle_mpc
lhs_015,oracle_mpc,1270.0,0.40033699284587326,0.39726840172340766,3.7567580980810065,3.8103110581265276,33.0813399720862,False,True,True,False,0.0,False,False,False,False,phase5b0_oracle_mpc
lhs_015,oracle_mpc,1275.0,0.4014086225799631,0.3979455317070748,3.7567580980810065,3.8153831902499404,33.09296004918029,False,True,True,False,0.0,False,False,False,False,phase5b0_oracle_mpc
lhs_015,oracle_mpc,1280.0,0.402480252314053,0.3992297306693152,3.7567580980810065,3.8196703359513524,33.10559911750885,False,True,True,False,0.0,False,False,False,False,phase5b0_oracle_mpc
lhs_015,oracle_mpc,1285.0,0.40355188204814285,0.4004260893298571,3.7567580980810065,3.8233387627737194,33.119051526850406,False,True,True,False,0.0,False,False,False,False,phase5b0_oracle_mpc
lhs_015,oracle_mpc,1290.0,0.40355188204814285,0.4018012939398695,0.0,3.7318257799633,33.08898873282664,True,False,False,True,1.198784300002444,False,True,False,True,phase5b0_oracle_mpc
lhs_015,oracle_mpc,1295.0,0.4041223897604373,0.40140430115572334,1.9999999999999978,3.776380756114387,33.07526101971455,True,True,True,False,0.950295400005416,False,True,False,True,phase5b0_oracle_mpc
lhs_015,oracle_mpc,1300.0,0.4050765631441207,0.4023922409119171,3.34499731772604,3.8100909524202007,33.08041315435632,True,True,True,False,1.2111046999998507,False,True,False,False,phase5b0_oracle_mpc
lhs_015,oracle_mpc,1305.0,0.40603073652780414,0.40394035204809503,3.34499731772604,3.8131059505580955,33.086166577333536,False,True,True,False,0.0,False,False,False,False,phase5b0_oracle_mpc
lhs_015,oracle_mpc,1310.0,0.40698490991148756,0.4045173800690736,3.34499731772604,3.815718939816316,33.092402213132395,False,True,True,False,0.0,False,False,False,False,phase5b0_oracle_mpc
lhs_015,oracle_mpc,1315.0,0.407939083295171,0.406800878336709,3.34499731772604,3.8180145646514236,33.09902617946047,False,True,True,False,0.0,False,False,False,False,phase5b0_oracle_mpc
lhs_015,oracle_mpc,1320.0,0.4088932566788544,0.40800479225506214,3.34499731772604,3.82005923801789,33.10596430182995,False,True,True,False,0.0,False,False,False,False,phase5b0_oracle_mpc
lhs_015,oracle_mpc,1325.0,0.40992902916734436,0.4091433546105465,3.6310551677711844,3.8291151218415878,33.11821212192188,True,True,True,False,0.7738746999966679,False,True,False,False,phase5b0_oracle_mpc
lhs_015,oracle_mpc,1330.0,0.4109648016558343,0.4105141895669784,3.6310551677711844,3.8314614189582374,33.130845074021344,False,True,True,False,0.0,False,False,False,False,phase5b0_oracle_mpc
lhs_015,oracle_mpc,1335.0,0.4120005741443243,0.41022622061099107,3.6310551677711844,3.83357794507683,33.14378957204684,False,True,True,False,0.0,False,False,False,False,phase5b0_oracle_mpc
lhs_015,oracle_mpc,1340.0,0.41303634663281424,0.4116685391600815,3.6310551677711844,3.835511747785295,33.15698720349968,False,True,True,False,0.0,False,False,False,False,phase5b0_oracle_mpc
lhs_015,oracle_mpc,1345.0,0.4140721191213042,0.4126982640946477,3.6310551677711844,3.8372997801990096,33.17039145746348,False,True,True,False,0.0,False,False,False,False,phase5b0_oracle_mpc
lhs_015,oracle_mpc,1350.0,0.41502938817570284,0.41333546712863384,3.3558496538067617,3.832034824622994,33.17897162572099,True,True,True,False,0.11143239999364596,False,True,False,False,phase5b0_oracle_mpc
lhs_015,oracle_mpc,1355.0,0.4159866572301015,0.41481073900416937,3.3558496538067617,3.832979067637693,33.18754012401927,False,True,True,False,0.0,False,False,False,False,phase5b0_oracle_mpc
lhs_015,oracle_mpc,1360.0,0.4169439262845001,0.41435248748956166,3.3558496538067617,3.833947398436916,33.1961044358016,False,True,True,False,0.0,False,False,False,False,phase5b0_oracle_mpc
lhs_015,oracle_mpc,1365.0,0.41790119533889875,0.4152075459616871,3.3558496538067617,3.834932987708116,33.20466998878377,False,True,True,False,0.0,False,False,False,False,phase5b0_oracle_mpc
lhs_015,oracle_mpc,1370.0,0.4188584643932974,0.41643925231269474,3.3558496538067617,3.835930528475494,33.21324062789277,False,True,True,False,0.0,False,False,False,False,phase5b0_oracle_mpc
lhs_015,oracle_mpc,1375.0,0.4197457352128742,0.41700544797152256,3.1104603862706974,3.8307513064134318,33.217580888114874,True,True,True,False,0.12435809999442426,False,True,False,False,phase5b0_oracle_mpc
lhs_015,oracle_mpc,1380.0,0.4206330060324511,0.41796990047637117,3.1104603862706974,3.831196929954099,33.22181523745859,False,True,True,False,0.0,False,False,False,False,phase5b0_oracle_mpc
lhs_015,oracle_mpc,1385.0,0.4215202768520279,0.4193974002660237,3.1104603862706974,3.8317339243370334,33.225969066780635,False,True,True,False,0.0,False,False,False,False,phase5b0_oracle_mpc
lhs_015,oracle_mpc,1390.0,0.42240754767160477,0.42023574161524174,3.1104603862706974,3.832341705069678,33.23006206689579,False,True,True,False,0.0,False,False,False,False,phase5b0_oracle_mpc
lhs_015,oracle_mpc,1395.0,0.4232948184911816,0.42166643882394583,3.1104603862706974,3.833004161115042,33.23410947988081,False,True,True,False,0.0,False,False,False,False,phase5b0_oracle_mpc
lhs_015,oracle_mpc,1400.0,0.4242175759353144,0.42067112927902633,3.2348640491526135,3.836843994943046,33.24023570697159,True,True,True,False,1.0977547000002232,False,True,False,False,phase5b0_oracle_mpc
lhs_015,oracle_mpc,1405.0,0.4251403333794472,0.4212428465861172,3.2348640491526135,3.837866811285394,33.24639632379594,False,True,True,False,0.0,False,False,False,False,phase5b0_oracle_mpc
lhs_015,oracle_mpc,1410.0,0.42606309082357996,0.4219810675471369,3.2348640491526135,3.838868939273735,33.252585586582335,False,True,True,False,0.0,False,False,False,False,phase5b0_oracle_mpc
lhs_015,oracle_mpc,1415.0,0.42698584826771274,0.42293864193488945,3.2348640491526135,3.839853845224337,33.258798751520224,False,True,True,False,0.0,False,False,False,False,phase5b0_oracle_mpc
lhs_015,oracle_mpc,1420.0,0.4279086057118455,0.42432489665061174,3.2348640491526135,3.840824276393923,33.265031859914494,False,True,True,False,0.0,False,False,False,False,phase5b0_oracle_mpc
lhs_015,oracle_mpc,1425.0,0.4279086057118455,0.42498384505655434,0.0,3.7602563665355904,33.23421669436119,True,False,False,True,3.485576699997182,False,True,False,True,phase5b0_oracle_mpc
lhs_015,oracle_mpc,1430.0,0.42847911342413997,0.42597885401742314,1.9999999999999971,3.8041706243146503,33.22091988438746,True,True,True,False,1.4210342000005767,False,True,False,True,phase5b0_oracle_mpc
lhs_015,oracle_mpc,1435.0,0.4294244604137945,0.42664883631006933,3.314055075093145,3.8365618540349673,33.22662063628641,True,True,True,False,1.4448068999990937,False,True,False,False,phase5b0_oracle_mpc
lhs_015,oracle_mpc,1440.0,0.43036980740344905,0.42870150029120735,3.314055075093145,3.839051206838988,33.23277388423475,False,True,True,False,0.0,False,False,False,False,phase5b0_oracle_mpc
lhs_015,oracle_mpc,1445.0,0.4313151543931036,0.4300813478987093,3.314055075093145,3.8412170676561668,33.23928464151327,False,True,True,False,0.0,False,False,False,False,phase5b0_oracle_mpc
lhs_015,oracle_mpc,1450.0,0.4322605013827581,0.4310548057693035,3.314055075093145,3.843128081895196,33.24607817727664,False,True,True,False,0.0,False,False,False,False,phase5b0_oracle_mpc
lhs_015,oracle_mpc,1455.0,0.43320584837241266,0.43158155642884255,3.314055075093145,3.844838097314286,33.25309558964406,False,True,True,False,0.0,False,False,False,False,phase5b0_oracle_mpc
lhs_015,oracle_mpc,1460.0,0.4341345731928773,0.4327295396666073,3.255783578208166,3.8449208052916304,33.25928086586437,True,True,True,False,0.6016019000016968,False,True,False,False,phase5b0_oracle_mpc
lhs_015,oracle_mpc,1465.0,0.4350632980133419,0.4343053902614094,3.255783578208166,3.8462125067125683,33.265575763884414,False,True,True,False,0.0,False,False,False,False,phase5b0_oracle_mpc
lhs_015,oracle_mpc,1470.0,0.43599202283380656,0.4350006471883305,3.255783578208166,3.8474257972572965,33.27195779963488,False,True,True,False,0.0,False,False,False,False,phase5b0_oracle_mpc
lhs_015,oracle_mpc,1475.0,0.4369207476542712,0.4365984294369602,3.255783578208166,3.848576668720766,33.27840910078582,False,True,True,False,0.0,False,False,False,False,phase5b0_oracle_mpc
lhs_015,oracle_mpc,1480.0,0.4378494724747358,0.4372375452506598,3.255783578208166,3.8496776865892186,33.284915420997926,False,True,True,False,0.0,False,False,False,False,phase5b0_oracle_mpc
lhs_015,oracle_mpc,1485.0,0.4378494724747358,0.43701456503710795,0.0,3.7686870069210636,33.25399778224315,True,False,False,True,0.6397899000003235,False,True,False,True,phase5b0_oracle_mpc
lhs_015,oracle_mpc,1490.0,0.4378494724747358,0.4368386605601924,0.0,3.7622311284674415,33.22323933069927,True,False,False,True,4.117586100001063,False,True,False,False,phase5b0_oracle_mpc
lhs_015,oracle_mpc,1495.0,0.4378494724747358,0.43694679562586736,0.0,3.756931510281584,33.19263940028269,False,False,False,True,0.0,False,False,False,False,phase5b0_oracle_mpc
lhs_015,oracle_mpc,1500.0,0.4378494724747358,0.4369217963720257,0.0,3.7525448338570526,33.162197174016384,False,False,False,True,0.0,False,False,False,False,phase5b0_oracle_mpc
lhs_015,oracle_mpc,1505.0,0.4378494724747358,0.436374208352691,0.0,3.7488801864346732,33.13191183913384,False,False,False,True,0.0,False,False,False,False,phase5b0_oracle_mpc
lhs_015,oracle_mpc,1510.0,0.4378494724747358,0.43637993631339594,0.0,3.745787739906454,33.10178258705732,False,False,False,True,0.0,False,False,False,False,phase5b0_oracle_mpc
lhs_015,oracle_mpc,1515.0,0.43841998018703027,0.43683707877108163,2.0000000000000004,3.7935535536682763,33.08600399872221,True,True,True,False,0.9147622999953455,False,True,False,True,phase5b0_oracle_mpc
lhs_015,oracle_mpc,1520.0,0.43943072527627297,0.4372718640614735,3.5433178814630173,3.8347701452016154,33.091700575958534,True,True,True,False,1.3348417000015615,False,True,False,False,phase5b0_oracle_mpc
lhs_015,oracle_mpc,1525.0,0.4404414703655157,0.43815274847905045,3.5433178814630173,3.8402035773064083,33.09876197475173,False,True,True,False,0.0,False,False,False,False,phase5b0_oracle_mpc
lhs_015,oracle_mpc,1530.0,0.4414522154547584,0.43880560213035635,3.5433178814630173,3.8447352999915836,33.106904829936305,False,True,True,False,0.0,False,False,False,False,phase5b0_oracle_mpc
lhs_015,oracle_mpc,1535.0,0.4424629605440011,0.44008835213287395,3.5433178814630173,3.848557693687822,33.11590633267038,False,True,True,False,0.0,False,False,False,False,phase5b0_oracle_mpc
lhs_015,oracle_mpc,1540.0,0.4434737056332438,0.4407308260813431,3.5433178814630173,3.8518216352594834,33.12559110175871,False,True,True,False,0.0,False,False,False,False,phase5b0_oracle_mpc
lhs_015,oracle_mpc,1545.0,0.44444554664149066,0.4424705688884104,3.4069338145786308,3.8512083349511466,33.13343048791742,True,True,True,False,0.53970290000143,False,True,False,False,phase5b0_oracle_mpc
lhs_015,oracle_mpc,1550.0,0.44541738764973754,0.4426562626891257,3.4069338145786308,3.853371346335808,33.14161837520996,False,True,True,False,0.0,False,False,False,False,phase5b0_oracle_mpc
lhs_015,oracle_mpc,1555.0,0.4463892286579844,0.44294613559583074,3.4069338145786308,3.8553094403825545,33.15008690792074,False,True,True,False,0.0,False,False,False,False,phase5b0_oracle_mpc
lhs_015,oracle_mpc,1560.0,0.4473610696662313,0.44436705952431343,3.4069338145786308,3.857069385375927,33.15878235490709,False,True,True,False,0.0,False,False,False,False,phase5b0_oracle_mpc
lhs_015,oracle_mpc,1565.0,0.44833291067447817,0.4458134190858669,3.4069338145786308,3.8586878980313113,33.16766208069499,False,True,True,False,0.0,False,False,False,False,phase5b0_oracle_mpc
lhs_015,oracle_mpc,1570.0,0.44925968637556196,0.4468604243871563,3.248950649086007,3.8562123180349666,33.173941750369636,True,True,True,False,0.13038930000038818,False,True,False,False,phase5b0_oracle_mpc
lhs_015,oracle_mpc,1575.0,0.45018646207664575,0.4484745655404863,3.248950649086007,3.8572650589070587,33.18026142507554,False,True,True,False,0.0,False,False,False,False,phase5b0_oracle_mpc
lhs_015,oracle_mpc,1580.0,0.45111323777772955,0.4497178166857233,3.248950649086007,3.858303024751945,33.186616910595326,False,True,True,False,0.0,False,False,False,False,phase5b0_oracle_mpc
lhs_015,oracle_mpc,1585.0,0.45204001347881334,0.45092845174337304,3.248950649086007,3.8593281863363234,33.19300456736081,False,True,True,False,0.0,False,False,False,False,phase5b0_oracle_mpc
lhs_015,oracle_mpc,1590.0,0.45296678917989713,0.45127383068749083,3.248950649086007,3.860342127422389,33.19942120972138,False,True,True,False,0.0,False,False,False,False,phase5b0_oracle_mpc
lhs_015,oracle_mpc,1595.0,0.45386422626252254,0.4512986623906408,3.1460997398832324,3.858754044384163,33.204111484787965,True,True,True,False,0.1174883999992744,False,True,False,False,phase5b0_oracle_mpc
lhs_015,oracle_mpc,1600.0,0.45476166334514795,0.45263201992496505,3.1460997398832324,3.859512631010194,33.20877616569308,False,True,True,False,0.0,False,False,False,False,phase5b0_oracle_mpc
lhs_015,oracle_mpc,1605.0,0.45565910042777336,0.45426764481705334,3.1460997398832324,3.860300500166017,33.21342344100378,False,True,True,False,0.0,False,False,False,False,phase5b0_oracle_mpc
lhs_015,oracle_mpc,1610.0,0.45655653751039876,0.45376828221506904,3.1460997398832324,3.8611105144119553,33.218059497359235,False,True,True,False,0.0,False,False,False,False,phase5b0_oracle_mpc
lhs_015,oracle_mpc,1615.0,0.45745397459302417,0.4552303714817188,3.1460997398832324,3.8619371064390298,33.222688964631175,False,True,True,False,0.0,False,False,False,False,phase5b0_oracle_mpc
lhs_015,oracle_mpc,1620.0,0.45745397459302417,0.4557215085769846,0.0,3.783485696688694,33.19209201595533,True,False,False,True,0.08073940000031143,False,True,False,True,phase5b0_oracle_mpc
lhs_015,oracle_mpc,1625.0,0.45745397459302417,0.4558929298227691,0.0,3.777097728143496,33.161652610766694,True,False,False,True,2.7464756999979727,False,True,False,False,phase5b0_oracle_mpc
lhs_015,oracle_mpc,1630.0,0.45745397459302417,0.4550791962953351,0.0,3.7718581719040603,33.13137008242271,False,False,False,True,0.0,False,False,False,False,phase5b0_oracle_mpc
lhs_015,oracle_mpc,1635.0,0.45745397459302417,0.45561091077704013,0.0,3.767525217703952,33.101243622420576,False,False,False,True,0.0,False,False,False,False,phase5b0_oracle_mpc
lhs_015,oracle_mpc,1640.0,0.45745397459302417,0.4556418169585096,0.0,3.763909140228245,33.0712724264243,False,False,False,True,0.0,False,False,False,False,phase5b0_oracle_mpc
lhs_015,oracle_mpc,1645.0,0.45745397459302417,0.4571967363215466,0.0,3.760861047206475,33.04145569424325,False,False,False,True,0.0,False,False,False,False,phase5b0_oracle_mpc
lhs_015,oracle_mpc,1650.0,0.4580244823053186,0.4575911897570121,1.9999999999999987,3.808669446333182,33.02581027944862,True,True,True,False,1.2730930999969132,False,True,False,True,phase5b0_oracle_mpc
lhs_015,oracle_mpc,1655.0,0.4590355749525523,0.45893684810728924,3.544536297913899,3.849958099708949,33.031532749599045,True,True,True,False,1.282082999998238,False,True,False,False,phase5b0_oracle_mpc
lhs_015,oracle_mpc,1660.0,0.460046667599786,0.4595032869529093,3.544536297913899,3.8554336960189537,33.038631058693326,False,True,True,False,0.0,False,False,False,False,phase5b0_oracle_mpc
lhs_015,oracle_mpc,1665.0,0.4610577602470197,0.4604902160225302,3.544536297913899,3.860005514869802,33.04682094826211,False,True,True,False,0.0,False,False,False,False,phase5b0_oracle_mpc
lhs_015,oracle_mpc,1670.0,0.4620688528942534,0.4607165899904357,3.544536297913899,3.8638663214206392,33.055878857892054,False,True,True,False,0.0,False,False,False,False,phase5b0_oracle_mpc
lhs_015,oracle_mpc,1675.0,0.4630799455414871,0.4628280717740323,3.544536297913899,3.867167298449139,33.0656287677568,False,True,True,False,0.0,False,False,False,False,phase5b0_oracle_mpc
lhs_015,oracle_mpc,1680.0,0.4640420333338354,0.4645074772698146,3.3727424594457056,3.8656972281213835,33.07294352926949,True,True,True,False,0.9785879000046407,False,True,False,False,phase5b0_oracle_mpc
lhs_015,oracle_mpc,1685.0,0.4650041211261837,0.465549739718452,3.3727424594457056,3.867813475452199,33.080592285054735,False,True,True,False,0.0,False,False,False,False,phase5b0_oracle_mpc
lhs_015,oracle_mpc,1690.0,0.465966208918532,0.46691916349061174,3.3727424594457056,3.8697168394811876,33.088511328356425,False,True,True,False,0.0,False,False,False,False,phase5b0_oracle_mpc
lhs_015,oracle_mpc,1695.0,0.4669282967108803,0.4668148310926349,3.3727424594457056,3.871451516315623,33.0966501635429,False,True,True,False,0.0,False,False,False,False,phase5b0_oracle_mpc
lhs_015,oracle_mpc,1700.0,0.4678903845032286,0.46780575897617577,3.3727424594457056,3.873052207820289,33.10496867680756,False,True,True,False,0.0,False,False,False,False,phase5b0_oracle_mpc
lhs_015,oracle_mpc,1705.0,0.46875489164745504,0.4699545701827279,3.030658922206788,3.8659242170734007,33.107664027686944,True,True,True,False,0.17716469999868423,False,True,False,False,phase5b0_oracle_mpc
lhs_015,oracle_mpc,1710.0,0.46961939879168146,0.4702608339813272,3.030658922206788,3.8665455230867094,33.110313541439325,False,True,True,False,0.0,False,False,False,False,phase5b0_oracle_mpc
lhs_015,oracle_mpc,1715.0,0.4704839059359079,0.47121571790984534,3.030658922206788,3.8672224782118096,33.11293209700989,False,True,True,False,0.0,False,False,False,False,phase5b0_oracle_mpc
lhs_015,oracle_mpc,1720.0,0.4713484130801343,0.4726666456556988,3.030658922206788,3.8679422631204003,33.1155311017335,False,True,True,False,0.0,False,False,False,False,phase5b0_oracle_mpc
lhs_015,oracle_mpc,1725.0,0.47221292022436073,0.4738112088020476,3.030658922206788,3.8686948570802264,33.118119266681745,False,True,True,False,0.0,False,False,False,False,phase5b0_oracle_mpc
lhs_015,oracle_mpc,1730.0,0.472299021115752,0.47429940457378494,0.30183953533240704,3.800692641749723,33.089826231057856,True,False,False,True,4.255515500000911,False,True,False,True,phase5b0_oracle_mpc
lhs_015,oracle_mpc,1735.0,0.47295562971943766,0.47565854342722486,2.301839535332409,3.845616636462436,33.08059401512114,True,True,True,False,1.1510060000000522,False,True,False,True,phase5b0_oracle_mpc
lhs_015,oracle_mpc,1740.0,0.47395052895926804,0.4770455539302224,3.4877678895143696,3.875631151383451,33.089401387612334,True,True,True,False,1.1482727999973577,False,True,False,False,phase5b0_oracle_mpc
lhs_015,oracle_mpc,1745.0,0.4749454281990984,0.4789966763011531,3.4877678895143696,3.8785517037553308,33.09878024565528,False,True,True,False,0.0,False,False,False,False,phase5b0_oracle_mpc
lhs_015,oracle_mpc,1750.0,0.4759403274389288,0.48010047290105373,3.4877678895143696,3.881095214180667,33.10861381207536,False,True,True,False,0.0,False,False,False,False,phase5b0_oracle_mpc
lhs_015,oracle_mpc,1755.0,0.47693522667875915,0.4804904574353059,3.4877678895143696,3.8833413536790746,33.11881003120803,False,True,True,False,0.0,False,False,False,False,phase5b0_oracle_mpc
lhs_015,oracle_mpc,1760.0,0.4779301259185895,0.4806110045591072,3.4877678895143696,3.885352634178642,33.12929618772773,False,True,True,False,0.0,False,False,False,False,phase5b0_oracle_mpc
lhs_015,oracle_mpc,1765.0,0.4784005020953207,0.4806550982784434,1.6489739458191373,3.840828995918229,33.11301616811633,True,True,True,False,0.7918356000009226,False,True,False,False,phase5b0_oracle_mpc
lhs_015,oracle_mpc,1770.0,0.4788708782720519,0.4811704927233315,1.6489739458191373,3.838271186020902,33.09640527361723,False,True,True,False,0.0,False,False,False,False,phase5b0_oracle_mpc
lhs_015,oracle_mpc,1775.0,0.47934125444878306,0.4824092419357589,1.6489739458191373,3.8362634203189074,33.07954363970989,False,True,True,False,0.0,False,False,False,False,phase5b0_oracle_mpc
lhs_015,oracle_mpc,1780.0,0.47981163062551424,0.4819118310021199,1.6489739458191373,3.8346893058894658,33.06249426438385,False,True,True,False,0.0,False,False,False,False,phase5b0_oracle_mpc
lhs_015,oracle_mpc,1785.0,0.4802820068022454,0.4820172432709818,1.6489739458191373,3.8334575382721625,33.04530678721306,False,True,True,False,0.0,False,False,False,False,phase5b0_oracle_mpc
lhs_015,oracle_mpc,1790.0,0.481321157653665,0.4818642906539192,3.642898523634085,3.8827570161721323,33.05611453497611,True,True,True,False,1.1229319999984,False,True,False,True,phase5b0_oracle_mpc
lhs_015,oracle_mpc,1795.0,0.4823482047085843,0.48286591064023476,3.6004668571045433,3.88553546623877,33.067029139882884,True,True,True,False,0.3869711000006646,False,True,False,False,phase5b0_oracle_mpc
lhs_015,oracle_mpc,1800.0,0.4833752517635036,0.48318628846328615,3.6004668571045433,3.888732770993052,33.07859824399424,False,True,True,False,0.0,False,False,False,False,phase5b0_oracle_mpc
lhs_015,oracle_mpc,1805.0,0.4844022988184229,0.4853479122899151,3.6004668571045433,3.891509858948463,33.090687546667546,False,True,True,False,0.0,False,False,False,False,phase5b0_oracle_mpc
lhs_015,oracle_mpc,1810.0,0.4854293458733422,0.4871314310226161,3.6004668571045433,3.8939555392162113,33.103191109536816,False,True,True,False,0.0,False,False,False,False,phase5b0_oracle_mpc
lhs_015,oracle_mpc,1815.0,0.4864563929282615,0.48840278265365594,3.6004668571045433,3.896139494151855,33.116025249676646,False,True,True,False,0.0,False,False,False,False,phase5b0_oracle_mpc
lhs_015,oracle_mpc,1820.0,0.4875495243115111,0.4893101380172571,3.832135340829481,3.903956448461485,33.133501585459705,True,True,True,False,0.37024079999537207,False,True,False,False,phase5b0_oracle_mpc
lhs_015,oracle_mpc,1825.0,0.48864265569476073,0.49102050396259556,3.832135340829481,3.906303556245717,33.15134011868252,False,True,True,False,0.0,False,False,False,False,phase5b0_oracle_mpc
lhs_015,oracle_mpc,1830.0,0.48973578707801035,0.49169089168634844,3.832135340829481,3.9084362942512114,33.16946788124386,False,True,True,False,0.0,False,False,False,False,phase5b0_oracle_mpc
lhs_015,oracle_mpc,1835.0,0.49082891846126,0.49223310717049584,3.832135340829481,3.910398812066446,33.18782692780567,False,True,True,False,0.0,False,False,False,False,phase5b0_oracle_mpc
lhs_015,oracle_mpc,1840.0,0.4919220498445096,0.4926320328756109,3.832135340829481,3.9122257919642696,33.206371099582164,False,True,True,False,0.0,False,False,False,False,phase5b0_oracle_mpc
lhs_015,oracle_mpc,1845.0,0.4929116329226698,0.49326994093561566,3.4691312907248837,3.9047930609555013,33.218130533040856,True,True,True,False,0.39121090000116965,False,True,False,False,phase5b0_oracle_mpc
lhs_015,oracle_mpc,1850.0,0.49390121600083003,0.49365389261969533,3.4691312907248837,3.9055870951559677,33.229804180664736,False,True,True,False,0.0,False,False,False,False,phase5b0_oracle_mpc
lhs_015,oracle_mpc,1855.0,0.49489079907899025,0.49499302724883687,3.4691312907248837,3.9064427300846543,33.241410907873174,False,True,True,False,0.0,False,False,False,False,phase5b0_oracle_mpc
lhs_015,oracle_mpc,1860.0,0.49588038215715047,0.4959880227377766,3.4691312907248837,3.907345588001743,33.252965123122245,False,True,True,False,0.0,False,False,False,False,phase5b0_oracle_mpc
lhs_015,oracle_mpc,1865.0,0.4968699652353107,0.4977144175002112,3.4691312907248837,3.908284439756406,33.26447777440602,False,True,True,False,0.0,False,False,False,False,phase5b0_oracle_mpc
lhs_015,oracle_mpc,1870.0,0.4977090353059775,0.4980507851610074,2.9414854614051493,3.8959475600426474,33.26672455991978,True,True,True,False,0.38634170000295853,False,True,False,False,phase5b0_oracle_mpc
lhs_015,oracle_mpc,1875.0,0.4985481053766443,0.4989252512054163,2.9414854614051493,3.8957153690055835,33.26871602095669,False,True,True,False,0.0,False,False,False,False,phase5b0_oracle_mpc
lhs_015,oracle_mpc,1880.0,0.4993871754473111,0.5001102819355339,2.9414854614051493,3.8956895228226984,33.27050584185042,False,True,True,False,0.0,False,False,False,False,phase5b0_oracle_mpc
lhs_015,oracle_mpc,1885.0,0.5002262455179779,0.5012890521896244,2.9414854614051493,3.895825628697309,33.27213609279485,False,True,True,False,0.0,False,False,False,False,phase5b0_oracle_mpc
lhs_015,oracle_mpc,1890.0,0.5010653155886446,0.5019097477632294,2.9414854614051493,3.896088094091215,33.27363976850979,False,True,True,False,0.0,False,False,False,False,phase5b0_oracle_mpc
lhs_015,oracle_mpc,1895.0,0.5010653155886446,0.5018648234752617,0.0,3.822286972148296,33.242780220778776,True,False,False,True,0.12548949999472825,False,True,False,True,phase5b0_oracle_mpc
lhs_015,oracle_mpc,1900.0,0.5010653155886446,0.5006418170752395,0.0,3.815932151843517,33.2120795816539,True,False,False,True,3.9009671000021626,False,True,False,False,phase5b0_oracle_mpc
lhs_015,oracle_mpc,1905.0,0.5010653155886446,0.5006224665138154,0.0,3.8107064468599647,33.18153716570603,False,False,False,True,0.0,False,False,False,False,phase5b0_oracle_mpc
lhs_015,oracle_mpc,1910.0,0.5010653155886446,0.4997669474601486,0.0,3.8063725512591633,33.151152157493705,False,False,False,True,0.0,False,False,False,False,phase5b0_oracle_mpc
lhs_015,oracle_mpc,1915.0,0.5010653155886446,0.5008302514377048,0.0,3.802744261382356,33.12092374577804,False,False,False,True,0.0,False,False,False,False,phase5b0_oracle_mpc
lhs_015,oracle_mpc,1920.0,0.5010653155886446,0.5008801989138228,0.0,3.7996754365738648,33.09085112350108,False,False,False,True,0.0,False,False,False,False,phase5b0_oracle_mpc
lhs_015,oracle_mpc,1925.0,0.5010653155886446,0.49943890997263163,0.0,3.797051345603147,33.060933487764224,True,False,False,True,4.1379881000029854,False,True,False,False,phase5b0_oracle_mpc
lhs_015,oracle_mpc,1930.0,0.5010653155886446,0.4994173463902555,0.0,3.794781883185676,33.031170039806824,False,False,False,True,0.0,False,False,False,False,phase5b0_oracle_mpc
lhs_015,oracle_mpc,1935.0,0.5010653155886446,0.49885818454413067,0.0,3.7927962524355068,33.00155998498483,False,False,False,True,0.0,False,False,False,False,phase5b0_oracle_mpc
lhs_015,oracle_mpc,1940.0,0.5010653155886446,0.49945566316122453,0.0,3.79103879643201,32.97210253274957,False,False,False,True,0.0,False,False,False,False,phase5b0_oracle_mpc
lhs_015,oracle_mpc,1945.0,0.5010653155886446,0.5003662054086631,0.0,3.7894657305546113,32.94279689662665,False,False,False,True,0.0,False,False,False,False,phase5b0_oracle_mpc
lhs_015,oracle_mpc,1950.0,0.501635823300939,0.4989175421278251,1.999999999999999,3.838467732269161,32.9264844093631,True,True,True,False,1.003680699999677,False,True,False,True,phase5b0_oracle_mpc
lhs_015,oracle_mpc,1955.0,0.5027734554427911,0.49980411850782164,3.988139397018129,3.891912413234469,32.93830527680268,True,True,True,False,1.119751099999121,False,True,False,True,phase5b0_oracle_mpc
lhs_015,oracle_mpc,1960.0,0.5039157252839667,0.5014111994889523,4.0043975447124245,3.899607402184927,32.95250433674976,True,True,True,False,0.43846079999639187,False,True,False,False,phase5b0_oracle_mpc
lhs_015,oracle_mpc,1965.0,0.5050579951251423,0.5023898469611465,4.0043975447124245,3.905718172030958,32.968377125057984,False,True,True,False,0.0,False,False,False,False,phase5b0_oracle_mpc
lhs_015,oracle_mpc,1970.0,0.5062002649663179,0.5030274789916541,4.0043975447124245,3.910868923454751,32.98558301007934,False,True,True,False,0.0,False,False,False,False,phase5b0_oracle_mpc
lhs_015,oracle_mpc,1975.0,0.5073425348074935,0.5051939179196514,4.0043975447124245,3.915263059753623,33.00385361756906,False,True,True,False,0.0,False,False,False,False,phase5b0_oracle_mpc
lhs_015,oracle_mpc,1980.0,0.5084848046486691,0.5064364435434568,4.0043975447124245,3.9190601453590626,33.02297725483,False,True,True,False,0.0,False,False,False,False,phase5b0_oracle_mpc
lhs_015,oracle_mpc,1985.0,0.5095543479809272,0.5079934662307327,3.749443904822255,3.9159574797318704,33.0379183228995,True,True,True,False,0.5629860999979428,False,True,False,False,phase5b0_oracle_mpc
lhs_015,oracle_mpc,1990.0,0.5106238913131854,0.5088783229792301,3.749443904822255,3.918320413536474,33.053229403454935,False,True,True,False,0.0,False,False,False,False,phase5b0_oracle_mpc
lhs_015,oracle_mpc,1995.0,0.5116934346454436,0.5107893417804517,3.749443904822255,3.9204794715092146,33.06884298859505,False,True,True,False,0.0,False,False,False,False,phase5b0_oracle_mpc
lhs_015,oracle_mpc,2000.0,0.5127629779777018,0.5109936870581342,3.749443904822255,3.922475786539311,33.08470522852771,False,True,True,False,0.0,False,False,False,False,phase5b0_oracle_mpc
lhs_015,oracle_mpc,2005.0,0.5138325213099599,0.5118425323405884,3.749443904822255,3.924341690776282,33.100773022932934,False,True,True,False,0.0,False,False,False,False,phase5b0_oracle_mpc
lhs_015,oracle_mpc,2010.0,0.5148676707854218,0.5131014854842393,3.628871102544046,3.9230627364997317,33.114736434490105,True,True,True,False,0.11342800000420539,False,True,False,False,phase5b0_oracle_mpc
lhs_015,oracle_mpc,2015.0,0.5159028202608837,0.5151373164924536,3.628871102544046,3.9244602871961694,33.1287708413213,False,True,True,False,0.0,False,False,False,False,phase5b0_oracle_mpc
lhs_015,oracle_mpc,2020.0,0.5169379697363456,0.517416642176497,3.628871102544046,3.9258324304510435,33.142868289602816,False,True,True,False,0.0,False,False,False,False,phase5b0_oracle_mpc
lhs_015,oracle_mpc,2025.0,0.5179731192118076,0.5179830470708678,3.628871102544046,3.927182420309193,33.15702185829784,False,True,True,False,0.0,False,False,False,False,phase5b0_oracle_mpc
lhs_015,oracle_mpc,2030.0,0.5190082686872695,0.5205601442259742,3.628871102544046,3.928512877718176,33.17122546415449,False,True,True,False,0.0,False,False,False,False,phase5b0_oracle_mpc
lhs_015,oracle_mpc,2035.0,0.5190082686872695,0.5204366290482869,0.0,3.838334333288371,33.14089378330676,True,False,False,True,0.7405859999998938,False,True,False,True,phase5b0_oracle_mpc
lhs_015,oracle_mpc,2040.0,0.5195787763995638,0.5203789301256476,2.0000000000000004,3.8816758960602904,33.12820642462928,True,True,True,False,1.4393412999997963,False,True,False,True,phase5b0_oracle_mpc
lhs_015,oracle_mpc,2045.0,0.5204739121217481,0.5199567072786953,3.138031977111208,3.9092072358680223,33.131537588502596,True,True,True,False,1.5045552000010503,False,True,False,False,phase5b0_oracle_mpc
lhs_015,oracle_mpc,2050.0,0.5213690478439323,0.5197644012248236,3.138031977111208,3.910976082311628,33.135115699971834,False,True,True,False,0.0,False,False,False,False,phase5b0_oracle_mpc
lhs_015,oracle_mpc,2055.0,0.5222641835661166,0.5210201465435604,3.138031977111208,3.912569805131883,33.13889194749564,False,True,True,False,0.0,False,False,False,False,phase5b0_oracle_mpc
lhs_015,oracle_mpc,2060.0,0.5231593192883008,0.5217935405061472,3.138031977111208,3.914025226612345,33.14282783194982,False,True,True,False,0.0,False,False,False,False,phase5b0_oracle_mpc
lhs_015,oracle_mpc,2065.0,0.5240544550104851,0.5232472619067671,3.138031977111208,3.9153712455421954,33.14689289579652,False,True,True,False,0.0,False,False,False,False,phase5b0_oracle_mpc
lhs_015,oracle_mpc,2070.0,0.5240544550104851,0.5239919173425265,0.0,3.8375128879380664,33.1166865765834,True,False,False,True,0.14281209999899147,False,True,False,True,phase5b0_oracle_mpc
lhs_015,oracle_mpc,2075.0,0.5240544550104851,0.5258771256981181,0.0,3.8314554560507768,33.08663579158379,True,False,False,True,6.948516899996321,False,True,False,False,phase5b0_oracle_mpc
lhs_015,oracle_mpc,2080.0,0.5240544550104851,0.5258385138576429,0.0,3.826482378105188,33.05673988058059,False,False,False,True,0.0,False,False,False,False,phase5b0_oracle_mpc
lhs_015,oracle_mpc,2085.0,0.5240544550104851,0.5242864399969392,0.0,3.8223654853104923,33.02699804539317,False,False,False,True,0.0,False,False,False,False,phase5b0_oracle_mpc
lhs_015,oracle_mpc,2090.0,0.5240544550104851,0.5246356474974989,0.0,3.818925751179262,32.99740949195451,False,False,False,True,0.0,False,False,False,False,phase5b0_oracle_mpc
lhs_015,oracle_mpc,2095.0,0.5240544550104851,0.5243902195898285,0.0,3.816022675439922,32.967973430289994,False,False,False,True,0.0,False,False,False,False,phase5b0_oracle_mpc
lhs_015,oracle_mpc,2100.0,0.5246249627227795,0.5240442553204023,2.0000000000000004,3.863970949715956,32.952466879700864,True,True,True,False,1.7922464000002947,False,True,False,True,phase5b0_oracle_mpc
lhs_015,oracle_mpc,2105.0,0.525752897834275,0.5245356872403508,3.9541450086952894,3.9157223260325917,32.96512829439167,True,True,True,False,2.1951773000037065,False,True,False,True,phase5b0_oracle_mpc
lhs_015,oracle_mpc,2110.0,0.5268679051505692,0.5251736183901317,3.908824691641694,3.921121308041115,32.97878182694285,True,True,True,False,0.6001103000016883,False,True,False,False,phase5b0_oracle_mpc
lhs_015,oracle_mpc,2115.0,0.5279829124668635,0.5274172307603467,3.908824691641694,3.9264934745446696,32.993830903966106,False,True,True,False,0.0,False,False,False,False,phase5b0_oracle_mpc
lhs_015,oracle_mpc,2120.0,0.5290979197831577,0.5273534160098351,3.908824691641694,3.931043816112872,33.00999064638433,False,True,True,False,0.0,False,False,False,False,phase5b0_oracle_mpc
lhs_015,oracle_mpc,2125.0,0.5302129270994519,0.5287108924717642,3.908824691641694,3.9349465403199013,33.027036578771884,False,True,True,False,0.0,False,False,False,False,phase5b0_oracle_mpc
lhs_015,oracle_mpc,2130.0,0.5313279344157461,0.529606823334661,3.908824691641694,3.9383383116921356,33.044791612838765,False,True,True,False,0.0,False,False,False,False,phase5b0_oracle_mpc
lhs_015,oracle_mpc,2135.0,0.5323532826727523,0.5308513193892515,3.5945114672771354,3.933401414696826,33.05721746252703,True,True,True,False,0.7044690999973682,False,True,False,False,phase5b0_oracle_mpc
lhs_015,oracle_mpc,2140.0,0.5333786309297585,0.5317967180425839,3.5945114672771354,3.9353435349034402,33.06989054675055,False,True,True,False,0.0,False,False,False,False,phase5b0_oracle_mpc
lhs_015,oracle_mpc,2145.0,0.5344039791867646,0.5327805949215718,3.5945114672771354,3.9371461819968014,33.08276642806814,False,True,True,False,0.0,False,False,False,False,phase5b0_oracle_mpc
lhs_015,oracle_mpc,2150.0,0.5354293274437708,0.5335535639075607,3.5945114672771354,3.938837280009222,33.09580954564953,False,True,True,False,0.0,False,False,False,False,phase5b0_oracle_mpc
lhs_015,oracle_mpc,2155.0,0.536454675700777,0.5340654158100533,3.5945114672771354,3.9404387906858678,33.10899133695155,False,True,True,False,0.0,False,False,False,False,phase5b0_oracle_mpc
lhs_015,oracle_mpc,2160.0,0.5374709951456567,0.5342401009216601,3.5628596177687295,3.9411699153101925,33.1217039379071,True,True,True,False,0.4434170999957132,False,True,False,False,phase5b0_oracle_mpc
lhs_015,oracle_mpc,2165.0,0.5384873145905363,0.5358879530394286,3.5628596177687295,3.9425672644731473,33.13449531604411,False,True,True,False,0.0,False,False,False,False,phase5b0_oracle_mpc
lhs_015,oracle_mpc,2170.0,0.539503634035416,0.5364169335990341,3.5628596177687295,3.943928155051725,33.14735393343802,False,True,True,False,0.0,False,False,False,False,phase5b0_oracle_mpc
lhs_015,oracle_mpc,2175.0,0.5405199534802957,0.537182332424168,3.5628596177687295,3.9452586613093663,33.16027016400405,False,True,True,False,0.0,False,False,False,False,phase5b0_oracle_mpc
lhs_015,oracle_mpc,2180.0,0.5415362729251754,0.5387449099439825,3.5628596177687295,3.94656360673354,33.1732359002903,False,True,True,False,0.0,False,False,False,False,phase5b0_oracle_mpc
lhs_015,oracle_mpc,2185.0,0.5425502098893652,0.5391127009139788,3.5545074758484025,3.947636228193476,33.186089059700244,True,True,True,False,0.8425180000049295,False,True,False,False,phase5b0_oracle_mpc
lhs_015,oracle_mpc,2190.0,0.543564146853555,0.5398648587258724,3.5545074758484025,3.9488814847600406,33.198974265876025,False,True,True,False,0.0,False,False,False,False,phase5b0_oracle_mpc
lhs_015,oracle_mpc,2195.0,0.5445780838177449,0.5417186297829184,3.5545074758484025,3.9501135850855604,33.21188732242744,False,True,True,False,0.0,False,False,False,False,phase5b0_oracle_mpc
lhs_015,oracle_mpc,2200.0,0.5455920207819347,0.5412798694324137,3.5545074758484025,3.951333880325222,33.224824451835275,False,True,True,False,0.0,False,False,False,False,phase5b0_oracle_mpc
lhs_015,oracle_mpc,2205.0,0.5466059577461245,0.5423818152357328,3.5545074758484025,3.9525434838731397,33.2377822209476,False,True,True,False,0.0,False,False,False,False,phase5b0_oracle_mpc
lhs_015,oracle_mpc,2210.0,0.5474563850155841,0.544227210949023,2.981299818154525,3.939288741840205,33.24063533007942,True,True,True,False,0.45163940000202274,False,True,False,False,phase5b0_oracle_mpc
lhs_015,oracle_mpc,2215.0,0.5483068122850437,0.5442605939422596,2.981299818154525,3.9391528239094096,33.24324381593992,False,True,True,False,0.0,False,False,False,False,phase5b0_oracle_mpc
lhs_015,oracle_mpc,2220.0,0.5491572395545034,0.544758202662254,2.981299818154525,3.93921640283228,33.245660320148275,False,True,True,False,0.0,False,False,False,False,phase5b0_oracle_mpc
lhs_015,oracle_mpc,2225.0,0.550007666823963,0.5458066318746274,2.981299818154525,3.939436347604686,33.24792603128851,False,True,True,False,0.0,False,False,False,False,phase5b0_oracle_mpc
lhs_015,oracle_mpc,2230.0,0.5508580940934226,0.547308939759932,2.981299818154525,3.939778858263919,33.25007319333855,False,True,True,False,0.0,False,False,False,False,phase5b0_oracle_mpc
lhs_015,oracle_mpc,2235.0,0.5518799463396398,0.5490654866614405,3.58225567927066,3.955372553472848,33.262620942072715,True,True,True,False,1.5314661000011256,False,True,False,False,phase5b0_oracle_mpc
lhs_015,oracle_mpc,2240.0,0.552901798585857,0.5502013904821487,3.58225567927066,3.9572783066103985,33.275404027858826,False,True,True,False,0.0,False,False,False,False,phase5b0_oracle_mpc
lhs_015,oracle_mpc,2245.0,0.5539236508320742,0.5519357744496508,3.58225567927066,3.959025285494164,33.28837182852394,False,True,True,False,0.0,False,False,False,False,phase5b0_oracle_mpc
lhs_015,oracle_mpc,2250.0,0.5549455030782914,0.5529694861231169,3.58225567927066,3.960646567341067,33.3014842683977,False,True,True,False,0.0,False,False,False,False,phase5b0_oracle_mpc
lhs_015,oracle_mpc,2255.0,0.5559673553245086,0.5529598550721647,3.58225567927066,3.962168129885905,33.31470952019437,False,True,True,False,0.0,False,False,False,False,phase5b0_oracle_mpc
lhs_015,oracle_mpc,2260.0,0.5568234967250077,0.5534853456889676,3.001331558011658,3.9489594011826665,33.31767906841623,True,True,True,False,0.5720197000046028,False,True,False,False,phase5b0_oracle_mpc
lhs_015,oracle_mpc,2265.0,0.5576796381255069,0.5540208292025783,3.001331558011658,3.9489918596959437,33.320442822974236,False,True,True,False,0.0,False,False,False,False,phase5b0_oracle_mpc
lhs_015,oracle_mpc,2270.0,0.5585357795260061,0.5546483755215176,3.001331558011658,3.9491842154187733,33.32304319489724,False,True,True,False,0.0,False,False,False,False,phase5b0_oracle_mpc
lhs_015,oracle_mpc,2275.0,0.5593919209265052,0.5574267913579294,3.001331558011658,3.949502123537813,33.32551340359444,False,True,True,False,0.0,False,False,False,False,phase5b0_oracle_mpc
lhs_015,oracle_mpc,2280.0,0.5602480623270044,0.5582114457648931,3.001331558011658,3.949918666498019,33.3278794957924,False,True,True,False,0.0,False,False,False,False,phase5b0_oracle_mpc
lhs_015,oracle_mpc,2285.0,0.5612182843554282,0.5587421090040389,3.401258238987777,3.960499620442475,33.33706935747336,True,True,True,False,1.4645224999985658,False,True,False,False,phase5b0_oracle_mpc
lhs_015,oracle_mpc,2290.0,0.562188506383852,0.5601795956745435,3.401258238987777,3.961982394618129,33.346385880265366,False,True,True,False,0.0,False,False,False,False,phase5b0_oracle_mpc
lhs_015,oracle_mpc,2295.0,0.5631587284122758,0.5607567384811637,3.401258238987777,3.963368302449276,33.35579960051605,False,True,True,False,0.0,False,False,False,False,phase5b0_oracle_mpc
lhs_015,oracle_mpc,2300.0,0.5641289504406996,0.5628930116037433,3.401258238987777,3.9646776811289812,33.36528721185258,False,True,True,False,0.0,False,False,False,False,phase5b0_oracle_mpc
lhs_015,oracle_mpc,2305.0,0.5650991724691233,0.5639550633513953,3.401258238987777,3.9659265038857052,33.37483022077911,False,True,True,False,0.0,False,False,False,False,phase5b0_oracle_mpc
lhs_015,oracle_mpc,2310.0,0.5659008258980464,0.564622390446039,2.810315834991873,3.952221460496369,33.37430045007158,True,True,True,False,0.39243830000486923,False,True,False,False,phase5b0_oracle_mpc
lhs_015,oracle_mpc,2315.0,0.5667024793269694,0.5639906474109416,2.810315834991873,3.9520121132383483,33.37354830241419,False,True,True,False,0.0,False,False,False,False,phase5b0_oracle_mpc
lhs_015,oracle_mpc,2320.0,0.5675041327558924,0.5640842115401139,2.810315834991873,3.951986504104505,33.37261935562813,False,True,True,False,0.0,False,False,False,False,phase5b0_oracle_mpc
lhs_015,oracle_mpc,2325.0,0.5683057861848154,0.565589553020398,2.810315834991873,3.9521057007743465,33.37154943535321,False,True,True,False,0.0,False,False,False,False,phase5b0_oracle_mpc
lhs_015,oracle_mpc,2330.0,0.5691074396137384,0.5671219505086095,2.810315834991873,3.9523391736005116,33.370366750511664,False,True,True,False,0.0,False,False,False,False,phase5b0_oracle_mpc
lhs_015,oracle_mpc,2335.0,0.5700877557827709,0.5684158845085777,3.4366447566147604,3.9684626066920856,33.37968178821193,True,True,True,False,1.403446599993913,False,True,False,False,phase5b0_oracle_mpc
lhs_015,oracle_mpc,2340.0,0.5710680719518034,0.5696153101662962,3.4366447566147604,3.9703133784810127,33.38922718536343,False,True,True,False,0.0,False,False,False,False,phase5b0_oracle_mpc
lhs_015,oracle_mpc,2345.0,0.5720483881208359,0.5698415404450494,3.4366447566147604,3.9719940870335972,33.398950765060334,False,True,True,False,0.0,False,False,False,False,phase5b0_oracle_mpc
lhs_015,oracle_mpc,2350.0,0.5730287042898684,0.5703892231170762,3.4366447566147604,3.973540921337604,33.408811418926966,False,True,True,False,0.0,False,False,False,False,phase5b0_oracle_mpc
lhs_015,oracle_mpc,2355.0,0.5740090204589009,0.5714605748710834,3.4366447566147604,3.974982281502689,33.41877669016176,False,True,True,False,0.0,False,False,False,False,phase5b0_oracle_mpc
lhs_015,oracle_mpc,2360.0,0.5740090204589009,0.572092967119448,0.0,3.8896406429265102,33.38716918199612,True,False,False,True,1.108103899998241,False,True,False,True,phase5b0_oracle_mpc
lhs_015,oracle_mpc,2365.0,0.5740090204589009,0.5720856252859498,0.0,3.882940759569643,33.35572439940005,True,False,False,True,7.03963620000286,True,True,False,False,phase5b0_oracle_mpc
lhs_015,oracle_mpc,2370.0,0.5740090204589009,0.5718380397828992,0.0,3.8774351416326587,33.32444167510453,False,False,False,True,0.0,False,False,False,False,phase5b0_oracle_mpc
lhs_015,oracle_mpc,2375.0,0.5740090204589009,0.5714742140293656,0.0,3.8728726620922584,33.29332017390286,False,False,False,True,0.0,False,False,False,False,phase5b0_oracle_mpc
lhs_015,oracle_mpc,2380.0,0.5740090204589009,0.5715507165275173,0.0,3.869056276120559,33.2623590648928,False,False,False,True,0.0,False,False,False,False,phase5b0_oracle_mpc
lhs_015,oracle_mpc,2385.0,0.5740090204589009,0.572595591829168,0.0,3.8658313379772165,33.23155752145435,False,False,False,True,0.0,False,False,False,False,phase5b0_oracle_mpc
lhs_015,oracle_mpc,2390.0,0.5745795281711953,0.5726496187579052,2.0000000000000018,3.913532311629636,33.21551161222607,True,True,True,False,1.8048287999990862,False,True,False,True,phase5b0_oracle_mpc
lhs_015,oracle_mpc,2395.0,0.574721964293441,0.5724604009592132,0.4993311016705276,3.877943454917068,33.18732071309545,True,True,True,False,1.1914191999967443,False,True,False,False,phase5b0_oracle_mpc
lhs_015,oracle_mpc,2400.0,0.5748644004156868,0.5735285504722876,0.4993311016705276,3.8762978431156663,33.159202504809436,False,True,True,False,0.0,False,False,False,False,phase5b0_oracle_mpc
lhs_015,oracle_mpc,2405.0,0.5750068365379325,0.5732427074442245,0.4993311016705276,3.874864265181011,33.13116571233987,False,True,True,False,0.0,False,False,False,False,phase5b0_oracle_mpc
lhs_015,oracle_mpc,2410.0,0.5751492726601782,0.5738201903520181,0.4993311016705276,3.873601636557353,33.10321719217384,False,True,True,False,0.0,False,False,False,False,phase5b0_oracle_mpc
lhs_015,oracle_mpc,2415.0,0.575291708782424,0.5730101736640335,0.4993311016705276,3.8724776218075005,33.07536237031905,False,True,True,False,0.0,False,False,False,False,phase5b0_oracle_mpc
lhs_015,oracle_mpc,2420.0,0.5760046526169641,0.5731404729009221,2.499331101670527,3.9219241249019716,33.06495878196882,True,True,True,False,0.802063499999349,False,True,False,True,phase5b0_oracle_mpc
lhs_015,oracle_mpc,2425.0,0.5771774423036727,0.57366419345153,4.111389421860602,3.9663299387163526,33.080193160132,True,True,True,False,1.1770491999996011,False,True,False,False,phase5b0_oracle_mpc
lhs_015,oracle_mpc,2430.0,0.5783502319903814,0.5745407355937876,4.111389421860602,3.973168400412036,33.09736656376327,False,True,True,False,0.0,False,False,False,False,phase5b0_oracle_mpc
lhs_015,oracle_mpc,2435.0,0.57952302167709,0.5765732662793339,4.111389421860602,3.9789148631454254,33.11607996971138,False,True,True,False,0.0,False,False,False,False,phase5b0_oracle_mpc
lhs_015,oracle_mpc,2440.0,0.5806958113637987,0.5771505101794069,4.111389421860602,3.983801880913873,33.136019268814906,False,True,True,False,0.0,False,False,False,False,phase5b0_oracle_mpc
lhs_015,oracle_mpc,2445.0,0.5818686010505073,0.5792618785401618,4.111389421860602,3.9880118702862832,33.15693688187183,False,True,True,False,0.0,False,False,False,False,phase5b0_oracle_mpc
lhs_015,oracle_mpc,2450.0,0.5829654326547142,0.5808611472491237,3.845107018083202,3.9849688882032557,33.17342501483618,True,True,True,False,0.10966850000113482,False,True,False,False,phase5b0_oracle_mpc
lhs_015,oracle_mpc,2455.0,0.5840622642589212,0.5812342963278432,3.845107018083202,3.9876025696788613,33.19034187306473,False,True,True,False,0.0,False,False,False,False,phase5b0_oracle_mpc
lhs_015,oracle_mpc,2460.0,0.5851590958631281,0.5821435739133396,3.845107018083202,3.9899991015115925,33.20760601024028,False,True,True,False,0.0,False,False,False,False,phase5b0_oracle_mpc
lhs_015,oracle_mpc,2465.0,0.586255927467335,0.5836030221084387,3.845107018083202,3.992207384940843,33.22515263462498,False,True,True,False,0.0,False,False,False,False,phase5b0_oracle_mpc
lhs_015,oracle_mpc,2470.0,0.5873527590715419,0.5848117869852923,3.845107018083202,3.994265842134066,33.24293005452809,False,True,True,False,0.0,False,False,False,False,phase5b0_oracle_mpc
lhs_015,oracle_mpc,2475.0,0.588342121052955,0.5867908973969884,3.468356203053583,3.986696933054767,33.253770838775736,True,True,True,False,1.1897428000011132,False,True,False,False,phase5b0_oracle_mpc
lhs_015,oracle_mpc,2480.0,0.5893314830343681,0.5865945587077289,3.468356203053583,3.9876603513721802,33.264552042476595,False,True,True,False,0.0,False,False,False,False,phase5b0_oracle_mpc
lhs_015,oracle_mpc,2485.0,0.5903208450157812,0.586695904434732,3.468356203053583,3.9886829164025017,33.275291389800564,False,True,True,False,0.0,False,False,False,False,phase5b0_oracle_mpc
lhs_015,oracle_mpc,2490.0,0.5913102069971943,0.5870836223306821,3.468356203053583,3.989750652631349,33.286002270750366,False,True,True,False,0.0,False,False,False,False,phase5b0_oracle_mpc
lhs_015,oracle_mpc,2495.0,0.5922995689786074,0.5882063759625001,3.468356203053583,3.990852658178208,33.29669471508994,False,True,True,False,0.0,False,False,False,False,phase5b0_oracle_mpc
lhs_015,oracle_mpc,2500.0,0.5932171021168584,0.5891257017689204,3.2165494645498294,3.985624989623874,33.3028903438199,True,True,True,False,0.4163375999996788,False,True,False,False,phase5b0_oracle_mpc
lhs_015,oracle_mpc,2505.0,0.5941346352551095,0.5904969284252266,3.2165494645498294,3.9861832683284106,33.308958499741685,False,True,True,False,0.0,False,False,False,False,phase5b0_oracle_mpc
lhs_015,oracle_mpc,2510.0,0.5950521683933605,0.5909419577388142,3.2165494645498294,3.9868466900669097,33.31492872275254,False,True,True,False,0.0,False,False,False,False,phase5b0_oracle_mpc
lhs_015,oracle_mpc,2515.0,0.5959697015316116,0.5923074040559376,3.2165494645498294,3.987592085543288,33.32082391814775,False,True,True,False,0.0,False,False,False,False,phase5b0_oracle_mpc
lhs_015,oracle_mpc,2520.0,0.5968872346698626,0.5931685552043718,3.2165494645498294,3.988401322952286,33.32666181196311,False,True,True,False,0.0,False,False,False,False,phase5b0_oracle_mpc
lhs_015,oracle_mpc,2525.0,0.5968872346698626,0.5933303750729256,0.0,3.908067197962162,33.29552902121819,True,False,False,True,4.607580199997756,False,True,False,True,phase5b0_oracle_mpc
lhs_015,oracle_mpc,2530.0,0.5968872346698626,0.5943055447395362,0.0,3.9014378886784846,33.26455652837868,True,False,False,True,3.299947500003327,False,True,False,False,phase5b0_oracle_mpc
lhs_015,oracle_mpc,2535.0,0.5968872346698626,0.5937924485665586,0.0,3.8960043916265996,33.2337436597801,False,False,False,True,0.0,False,False,False,False,phase5b0_oracle_mpc
lhs_015,oracle_mpc,2540.0,0.5968872346698626,0.5933536946555149,0.0,3.8915147832801873,33.203089592760286,False,False,False,True,0.0,False,False,False,False,phase5b0_oracle_mpc
lhs_015,oracle_mpc,2545.0,0.5968872346698626,0.5937440195660425,0.0,3.8877714071672576,33.17259350889684,False,False,False,True,0.0,False,False,False,False,phase5b0_oracle_mpc
lhs_015,oracle_mpc,2550.0,0.5968872346698626,0.5943165647339315,0.0,3.8846191504601904,33.14225459398532,False,False,False,True,0.0,False,False,False,False,phase5b0_oracle_mpc
lhs_015,oracle_mpc,2555.0,0.5968872346698626,0.5948537449070993,0.0,3.881936254125466,33.11207203801748,True,False,False,True,3.3805285999987973,False,True,False,False,phase5b0_oracle_mpc
lhs_015,oracle_mpc,2560.0,0.5968872346698626,0.5956965211510942,0.0,3.879627109076976,33.082045035159645,False,False,False,True,0.0,False,False,False,False,phase5b0_oracle_mpc
lhs_015,oracle_mpc,2565.0,0.5968872346698626,0.5958961728717598,0.0,3.8776166091160005,33.052172783731194,False,False,False,True,0.0,False,False,False,False,phase5b0_oracle_mpc
lhs_015,oracle_mpc,2570.0,0.5968872346698626,0.5966098758168088,0.0,3.8758457242044027,33.02245448618318,False,False,False,True,0.0,False,False,False,False,phase5b0_oracle_mpc
lhs_015,oracle_mpc,2575.0,0.5968872346698626,0.5971448748288183,0.0,3.8742680303327157,32.992889349077,False,False,False,True,0.0,False,False,False,False,phase5b0_oracle_mpc
lhs_015,oracle_mpc,2580.0,0.5968872346698626,0.5967657809951564,0.0,3.8728469892445463,32.963476583063226,True,False,False,True,2.363601299999573,False,True,False,False,phase5b0_oracle_mpc
lhs_015,oracle_mpc,2585.0,0.5968872346698626,0.596464439635461,0.0,3.8715538159595657,32.934215402860545,False,False,False,True,0.0,False,False,False,False,phase5b0_oracle_mpc
lhs_015,oracle_mpc,2590.0,0.5968872346698626,0.596367864818953,0.0,3.8703658070615825,32.90510502723478,False,False,False,True,0.0,False,False,False,False,phase5b0_oracle_mpc
lhs_015,oracle_mpc,2595.0,0.5968872346698626,0.5953289064232598,0.0,3.86926503017298,32.87614467897803,False,False,False,True,0.0,False,False,False,False,phase5b0_oracle_mpc
lhs_015,oracle_mpc,2600.0,0.5968872346698626,0.595168547603492,0.0,3.8682372965579037,32.84733358488792,False,False,False,True,0.0,False,False,False,False,phase5b0_oracle_mpc
lhs_015,oracle_mpc,2605.0,0.597457742382157,0.5951145798341599,1.9999999999999996,3.9177556519757646,32.830485595740505,True,True,True,False,0.8988817999997991,False,True,False,True,phase5b0_oracle_mpc
lhs_015,oracle_mpc,2610.0,0.5985987578067459,0.5957211778996421,3.999999999999999,3.972007782038053,32.841081976242144,True,True,True,False,0.4750845999951707,False,True,False,True,phase5b0_oracle_mpc
lhs_015,oracle_mpc,2615.0,0.5997898823547859,0.5967566325152136,4.175665016866217,3.9842113278615288,32.85703741192987,True,True,True,False,0.8272477999998955,False,True,False,False,phase5b0_oracle_mpc
lhs_015,oracle_mpc,2620.0,0.600981006902826,0.5976293225613778,4.175665016866217,3.9911364217923953,32.87495386935773,False,True,True,False,0.0,False,False,False,False,phase5b0_oracle_mpc
lhs_015,oracle_mpc,2625.0,0.602172131450866,0.5999285562878964,4.175665016866217,3.997012254354523,32.8944402521483,False,True,True,False,0.0,False,False,False,False,phase5b0_oracle_mpc
lhs_015,oracle_mpc,2630.0,0.6033632559989061,0.5998793991395776,4.175665016866217,4.002061875541263,32.91518816179523,False,True,True,False,0.0,False,False,False,False,phase5b0_oracle_mpc
lhs_015,oracle_mpc,2635.0,0.6045543805469461,0.6011965446243486,4.175665016866217,4.006460189364286,32.93695407073095,False,True,True,False,0.0,False,False,False,False,phase5b0_oracle_mpc
lhs_015,oracle_mpc,2640.0,0.6056192029851198,0.6027288789392048,3.7328941054671487,3.999163437413121,32.95107976738548,True,True,True,False,1.1215722000051755,False,True,False,False,phase5b0_oracle_mpc
lhs_015,oracle_mpc,2645.0,0.6066840254232936,0.6032886010867868,3.7328941054671487,4.001599665790883,32.965549682642106,False,True,True,False,0.0,False,False,False,False,phase5b0_oracle_mpc
lhs_015,oracle_mpc,2650.0,0.6077488478614673,0.6034049683056494,3.7328941054671487,4.003873443102593,32.98030853230481,False,True,True,False,0.0,False,False,False,False,phase5b0_oracle_mpc
lhs_015,oracle_mpc,2655.0,0.6088136702996411,0.603245539256074,3.7328941054671487,4.006017385786361,32.99531184921548,False,True,True,False,0.0,False,False,False,False,phase5b0_oracle_mpc
lhs_015,oracle_mpc,2660.0,0.6098784927378148,0.6044546077789279,3.7328941054671487,4.008057131252404,33.010523704895796,False,True,True,False,0.0,False,False,False,False,phase5b0_oracle_mpc
lhs_015,oracle_mpc,2665.0,0.6108799342047879,0.6066734698507171,3.510702643950449,4.004400544818315,33.02183535271764,True,True,True,False,0.28510559999995166,False,True,False,False,phase5b0_oracle_mpc
lhs_015,oracle_mpc,2670.0,0.611881375671761,0.6095801014066216,3.510702643950449,4.005764092944115,33.03317335784103,False,True,True,False,0.0,False,False,False,False,phase5b0_oracle_mpc
lhs_015,oracle_mpc,2675.0,0.6128828171387342,0.6088268555807265,3.510702643950449,4.007152152698721,33.044544259663176,False,True,True,False,0.0,False,False,False,False,phase5b0_oracle_mpc
lhs_015,oracle_mpc,2680.0,0.6138842586057073,0.6096615658926582,3.510702643950449,4.008557672022676,33.05595242192235,False,True,True,False,0.0,False,False,False,False,phase5b0_oracle_mpc
lhs_015,oracle_mpc,2685.0,0.6148857000726804,0.6111361032457503,3.510702643950449,4.009975171054586,33.06740053833724,False,True,True,False,0.0,False,False,False,False,phase5b0_oracle_mpc
lhs_015,oracle_mpc,2690.0,0.6159554662872864,0.6120692601134488,3.7502252521833737,4.017451800535339,33.08332738986789,True,True,True,False,0.8775011000034283,False,True,False,False,phase5b0_oracle_mpc
lhs_015,oracle_mpc,2695.0,0.6170252325018923,0.6126761740697492,3.7502252521833737,4.019447615728834,33.099436803752404,False,True,True,False,0.0,False,False,False,False,phase5b0_oracle_mpc
lhs_015,oracle_mpc,2700.0,0.6180949987164983,0.6130015801046069,3.7502252521833737,4.021358847614614,33.115699547438744,False,True,True,False,0.0,False,False,False,False,phase5b0_oracle_mpc
lhs_015,oracle_mpc,2705.0,0.6191647649311043,0.614168740700497,3.7502252521833737,4.023201782959773,33.13209187160324,False,True,True,False,0.0,False,False,False,False,phase5b0_oracle_mpc
lhs_015,oracle_mpc,2710.0,0.6202345311457103,0.6146940132871679,3.7502252521833737,4.024989237843122,33.14859433757925,False,True,True,False,0.0,False,False,False,False,phase5b0_oracle_mpc
lhs_015,oracle_mpc,2715.0,0.6211914061013835,0.6158288153029989,3.3544680818596806,4.016730691176573,33.15785586849125,True,True,True,False,0.11375199999747565,False,True,False,False,phase5b0_oracle_mpc
lhs_015,oracle_mpc,2720.0,0.6221482810570567,0.6185656948075011,3.3544680818596806,4.017498007431784,33.166986738210866,False,True,True,False,0.0,False,False,False,False,phase5b0_oracle_mpc
lhs_015,oracle_mpc,2725.0,0.6231051560127299,0.6190635096938952,3.3544680818596806,4.018377222574504,33.176019598886725,False,True,True,False,0.0,False,False,False,False,phase5b0_oracle_mpc
lhs_015,oracle_mpc,2730.0,0.6240620309684031,0.6204520211413417,3.3544680818596806,4.019343174839025,33.18497961421161,False,True,True,False,0.0,False,False,False,False,phase5b0_oracle_mpc
lhs_015,oracle_mpc,2735.0,0.6250189059240763,0.6208978394403777,3.3544680818596806,4.020376162645026,33.19388611344511,False,True,True,False,0.0,False,False,False,False,phase5b0_oracle_mpc
lhs_015,oracle_mpc,2740.0,0.6250189059240763,0.6213962007829357,0.0,3.936682947774658,33.163437624186024,True,False,False,True,0.1167658999984269,False,True,False,True,phase5b0_oracle_mpc
lhs_015,oracle_mpc,2745.0,0.6250189059240763,0.6206087809333365,0.0,3.9298539722951094,33.133145896343194,True,False,False,True,4.068361599995114,False,True,False,False,phase5b0_oracle_mpc
lhs_015,oracle_mpc,2750.0,0.6250189059240763,0.6197626977752823,0.0,3.924270910704938,33.103010284254054,False,False,False,True,0.0,False,False,False,False,phase5b0_oracle_mpc
lhs_015,oracle_mpc,2755.0,0.6250189059240763,0.6208756680994344,0.0,3.9196708201765253,33.07302998333828,False,False,False,True,0.0,False,False,False,False,phase5b0_oracle_mpc
lhs_015,oracle_mpc,2760.0,0.6250189059240763,0.620580786331187,0.0,3.915847411718438,33.043204193162126,False,False,False,True,0.0,False,False,False,False,phase5b0_oracle_mpc
lhs_015,oracle_mpc,2765.0,0.6250189059240763,0.6205768629644552,0.0,3.912638810782912,33.01353211741709,False,False,False,True,0.0,False,False,False,False,phase5b0_oracle_mpc
lhs_015,oracle_mpc,2770.0,0.6255374729432338,0.6205769974307753,1.8179141420261322,3.955861986541652,32.99618361582644,True,True,True,False,1.3667186000020592,False,True,False,False,phase5b0_oracle_mpc
lhs_015,oracle_mpc,2775.0,0.6260560399623913,0.6207146554440972,1.8179141420261322,3.957838337180762,32.97915162768471,False,True,True,False,0.0,False,False,False,False,phase5b0_oracle_mpc
lhs_015,oracle_mpc,2780.0,0.6265746069815489,0.6225105945788499,1.8179141420261322,3.9594648810676727,32.96237917772338,False,True,True,False,0.0,False,False,False,False,phase5b0_oracle_mpc
lhs_015,oracle_mpc,2785.0,0.6270931740007064,0.6242952453027582,1.8179141420261322,3.9608185794843513,32.94582175505053,False,True,True,False,0.0,False,False,False,False,phase5b0_oracle_mpc
lhs_015,oracle_mpc,2790.0,0.627611741019864,0.625727592503751,1.8179141420261322,3.9619597240543594,32.92944457541472,False,True,True,False,0.0,False,False,False,False,phase5b0_oracle_mpc
lhs_015,oracle_mpc,2795.0,0.6285666434325666,0.6271188844277564,3.347553037845153,4.001597446019763,32.933280645973035,True,True,True,False,1.5507122999988496,False,True,False,False,phase5b0_oracle_mpc
lhs_015,oracle_mpc,2800.0,0.6295215458452693,0.6277695709646678,3.347553037845153,4.006075149905296,32.938079416302735,False,True,True,False,0.0,False,False,False,False,phase5b0_oracle_mpc
lhs_015,oracle_mpc,2805.0,0.630476448257972,0.6286322573175923,3.347553037845153,4.009899443433211,32.943646214063946,False,True,True,False,0.0,False,False,False,False,phase5b0_oracle_mpc
lhs_015,oracle_mpc,2810.0,0.6314313506706747,0.6297865255047089,3.347553037845153,4.013209494555867,32.94982780808539,False,True,True,False,0.0,False,False,False,False,phase5b0_oracle_mpc
lhs_015,oracle_mpc,2815.0,0.6323862530833774,0.6312878742399093,3.347553037845153,4.016114441568338,32.956503411247304,False,True,True,False,0.0,False,False,False,False,phase5b0_oracle_mpc
lhs_015,oracle_mpc,2820.0,0.633353645051035,0.6318497007236498,3.3913370382567276,4.019806665440433,32.96432034963609,True,True,True,False,0.9041843000013614,False,True,False,False,phase5b0_oracle_mpc
lhs_015,oracle_mpc,2825.0,0.6343210370186926,0.632397447919903,3.3913370382567276,4.022243786976458,32.97248738988396,False,True,True,False,0.0,False,False,False,False,phase5b0_oracle_mpc
lhs_015,oracle_mpc,2830.0,0.6352884289863502,0.632175014849778,3.3913370382567276,4.024465357546765,32.98093928939691,False,True,True,False,0.0,False,False,False,False,phase5b0_oracle_mpc
lhs_015,oracle_mpc,2835.0,0.6362558209540078,0.6333655627478909,3.3913370382567276,4.026516040448858,32.9896242785517,False,True,True,False,0.0,False,False,False,False,phase5b0_oracle_mpc
lhs_015,oracle_mpc,2840.0,0.6372232129216654,0.635341251300723,3.3913370382567276,4.028430887267729,32.99850116568016,False,True,True,False,0.0,False,False,False,False,phase5b0_oracle_mpc
lhs_015,oracle_mpc,2845.0,0.6372232129216654,0.636938112122853,0.0,3.9445030851299245,32.9690596357784,True,False,False,True,0.2594618000002811,False,True,False,True,phase5b0_oracle_mpc
lhs_015,oracle_mpc,2850.0,0.6372232129216654,0.6362048522862475,0.0,3.938158757274699,32.93976968196178,True,False,False,True,3.8153173999962746,False,True,False,False,phase5b0_oracle_mpc
lhs_015,oracle_mpc,2855.0,0.6372232129216654,0.6359669088660842,0.0,3.9329749781635983,32.910630681013856,False,False,False,True,0.0,False,False,False,False,phase5b0_oracle_mpc
lhs_015,oracle_mpc,2860.0,0.6372232129216654,0.6363020986739936,0.0,3.9287067211671967,32.88164185496249,False,False,False,True,0.0,False,False,False,False,phase5b0_oracle_mpc
lhs_015,oracle_mpc,2865.0,0.6372232129216654,0.6361037769149921,0.0,3.9251617560629652,32.852802429844964,False,False,False,True,0.0,False,False,False,False,phase5b0_oracle_mpc
lhs_015,oracle_mpc,2870.0,0.6372232129216654,0.6362893717690291,0.0,3.9221892429173577,32.8241116356874,False,False,False,True,0.0,False,False,False,False,phase5b0_oracle_mpc
lhs_015,oracle_mpc,2875.0,0.6377937206339598,0.6363575129931911,1.9999999999999993,3.9702314064393565,32.809056767079944,True,True,True,False,0.902943499997491,False,True,False,True,phase5b0_oracle_mpc
lhs_015,oracle_mpc,2880.0,0.6389347360585487,0.6379386533154465,4.000000000000001,4.023390871924312,32.82268475084171,True,True,True,False,0.7240044999998645,False,True,False,True,phase5b0_oracle_mpc
lhs_015,oracle_mpc,2885.0,0.6401682983827098,0.6384125742860349,4.324436979826881,4.038510281594555,32.8442726695988,True,True,True,False,0.4258147000000463,False,True,False,False,phase5b0_oracle_mpc
lhs_015,oracle_mpc,2890.0,0.641401860706871,0.6398353623640132,4.324436979826881,4.045131608508878,32.86767929446747,False,True,True,False,0.0,False,False,False,False,phase5b0_oracle_mpc
lhs_015,oracle_mpc,2895.0,0.6426354230310322,0.640799461922586,4.324436979826881,4.050794327800858,32.89253662759275,False,True,True,False,0.0,False,False,False,False,phase5b0_oracle_mpc
lhs_015,oracle_mpc,2900.0,0.6438689853551933,0.6432278058338656,4.324436979826881,4.055700974295998,32.91855448332324,False,True,True,False,0.0,False,False,False,False,phase5b0_oracle_mpc
lhs_015,oracle_mpc,2905.0,0.6451025476793545,0.6452689775139008,4.324436979826881,4.0600104026809625,32.94550370611286,False,True,True,False,0.0,False,False,False,False,phase5b0_oracle_mpc
lhs_015,oracle_mpc,2910.0,0.646288456546186,0.6463284209586587,4.157380667343201,4.059623542017071,32.96975320187468,True,True,True,False,0.10806479999882868,False,True,False,False,phase5b0_oracle_mpc
lhs_015,oracle_mpc,2915.0,0.6474743654130176,0.6475873824237692,4.157380667343201,4.0626878519172305,32.99447676321013,False,True,True,False,0.0,False,False,False,False,phase5b0_oracle_mpc
lhs_015,oracle_mpc,2920.0,0.6486602742798492,0.6475961427730115,4.157380667343201,4.0655146580734245,33.01958698229646,False,True,True,False,0.0,False,False,False,False,phase5b0_oracle_mpc
lhs_015,oracle_mpc,2925.0,0.6498461831466807,0.6487346230870167,4.157380667343201,4.068151465014376,33.04501402992149,False,True,True,False,0.0,False,False,False,False,phase5b0_oracle_mpc
lhs_015,oracle_mpc,2930.0,0.6510320920135123,0.6512811540042331,4.157380667343201,4.070635579488181,33.07070190735602,False,True,True,False,0.0,False,False,False,False,phase5b0_oracle_mpc
lhs_015,oracle_mpc,2935.0,0.6521235455542876,0.65268755188395,3.8262534134229935,4.064624241040691,33.08988195926096,True,True,True,False,0.8810327999963192,False,True,False,False,phase5b0_oracle_mpc
lhs_015,oracle_mpc,2940.0,0.653214999095063,0.6540372332998582,3.8262534134229935,4.066096344087954,33.10902981206698,False,True,True,False,0.0,False,False,False,False,phase5b0_oracle_mpc
lhs_015,oracle_mpc,2945.0,0.6543064526358383,0.6542118612751945,3.8262534134229935,4.067606510204649,33.12815878503441,False,True,True,False,0.0,False,False,False,False,phase5b0_oracle_mpc
lhs_015,oracle_mpc,2950.0,0.6553979061766136,0.6552686093120978,3.8262534134229935,4.069143802538122,33.14727850763917,False,True,True,False,0.0,False,False,False,False,phase5b0_oracle_mpc
lhs_015,oracle_mpc,2955.0,0.656489359717389,0.6565970777710055,3.8262534134229935,4.070699690512683,33.16639576282955,False,True,True,False,0.0,False,False,False,False,phase5b0_oracle_mpc
lhs_015,oracle_mpc,2960.0,0.65736136100764,0.6565501118739666,3.056930770467626,4.052816582022548,33.171334437665365,True,True,True,False,0.4312084999983199,False,True,False,False,phase5b0_oracle_mpc
lhs_015,oracle_mpc,2965.0,0.658233362297891,0.656635267728289,3.056930770467626,4.052560219691968,33.17591993142371,False,True,True,False,0.0,False,False,False,False,phase5b0_oracle_mpc
lhs_015,oracle_mpc,2970.0,0.659105363588142,0.6572775718868142,3.056930770467626,4.052586287708359,33.18022907748279,False,True,True,False,0.0,False,False,False,False,phase5b0_oracle_mpc
lhs_015,oracle_mpc,2975.0,0.659977364878393,0.6593828574281715,3.056930770467626,4.052833105503173,33.184321943116856,False,True,True,False,0.0,False,False,False,False,phase5b0_oracle_mpc
lhs_015,oracle_mpc,2980.0,0.660849366168644,0.6601772634625059,3.056930770467626,4.053252322079806,33.18824550117838,False,True,True,False,0.0,False,False,False,False,phase5b0_oracle_mpc
lhs_015,oracle_mpc,2985.0,0.6618242713990009,0.6613886473281013,3.4176759028763204,4.06292652009384,33.1982979109736,True,True,True,False,1.003773899996304,False,True,False,False,phase5b0_oracle_mpc
lhs_015,oracle_mpc,2990.0,0.6627991766293578,0.6628886260614598,3.4176759028763204,4.0644432009719464,33.20841933180124,False,True,True,False,0.0,False,False,False,False,phase5b0_oracle_mpc
lhs_015,oracle_mpc,2995.0,0.6637740818597148,0.663085341620729,3.4176759028763204,4.06591016097462,33.21859516416144,False,True,True,False,0.0,False,False,False,False,phase5b0_oracle_mpc
lhs_015,oracle_mpc,3000.0,0.6647489870900717,0.6649653588329092,3.4176759028763204,4.067336605084309,33.228813654607094,False,True,True,False,0.0,False,False,False,False,phase5b0_oracle_mpc
lhs_015,oracle_mpc,3005.0,0.6657238923204286,0.6639221470043273,3.4176759028763204,4.068729763030351,33.23906527179252,False,True,True,False,0.0,False,False,False,False,phase5b0_oracle_mpc
lhs_015,oracle_mpc,3010.0,0.6667545020408627,0.6640308691940804,3.612956313208587,4.075032142959226,33.252955402506785,True,True,True,False,0.47628949999489123,False,True,False,False,phase5b0_oracle_mpc
lhs_015,oracle_mpc,3015.0,0.6677851117612968,0.6648508468260664,3.612956313208587,4.076838727117227,33.266973101186764,False,True,True,False,0.0,False,False,False,False,phase5b0_oracle_mpc
lhs_015,oracle_mpc,3020.0,0.668815721481731,0.6661783064929382,3.612956313208587,4.078554587607995,33.281090086782015,False,True,True,False,0.0,False,False,False,False,phase5b0_oracle_mpc
lhs_015,oracle_mpc,3025.0,0.6698463312021651,0.667401735356751,3.612956313208587,4.08019735326405,33.29528378076452,False,True,True,False,0.0,False,False,False,False,phase5b0_oracle_mpc
lhs_015,oracle_mpc,3030.0,0.6708769409225992,0.6672805925228854,3.612956313208587,4.081780861229948,33.309536077288016,False,True,True,False,0.0,False,False,False,False,phase5b0_oracle_mpc
lhs_015,oracle_mpc,3035.0,0.6716501600410145,0.6682405347206601,2.7106351123830597,4.060506811049428,33.30809608208831,True,True,True,False,0.3820733999964432,False,True,False,False,phase5b0_oracle_mpc
lhs_015,oracle_mpc,3040.0,0.6724233791594298,0.6687969736073549,2.7106351123830597,4.059859600739469,33.30631609076914,False,True,True,False,0.0,False,False,False,False,phase5b0_oracle_mpc
lhs_015,oracle_mpc,3045.0,0.6731965982778452,0.6696344225429733,2.7106351123830597,4.05950787537901,33.30426746172408,False,True,True,False,0.0,False,False,False,False,phase5b0_oracle_mpc
lhs_015,oracle_mpc,3050.0,0.6739698173962605,0.6713666663599298,2.7106351123830597,4.0593881995580405,33.30200624507691,False,True,True,False,0.0,False,False,False,False,phase5b0_oracle_mpc
lhs_015,oracle_mpc,3055.0,0.6747430365146758,0.6714595811998398,2.7106351123830597,4.059450817745391,33.29957653549833,False,True,True,False,0.0,False,False,False,False,phase5b0_oracle_mpc
lhs_015,oracle_mpc,3060.0,0.6756986440832009,0.6727652684773108,3.350025066907002,4.075817934702048,33.30758348633286,True,True,True,False,1.585963300000003,False,True,False,False,phase5b0_oracle_mpc
lhs_015,oracle_mpc,3065.0,0.676654251651726,0.6733653954112576,3.350025066907002,4.077653053386909,33.31577513848559,False,True,True,False,0.0,False,False,False,False,phase5b0_oracle_mpc
lhs_015,oracle_mpc,3070.0,0.6776098592202511,0.6737945332704154,3.350025066907002,4.079343806952079,33.324109387089166,False,True,True,False,0.0,False,False,False,False,phase5b0_oracle_mpc
lhs_015,oracle_mpc,3075.0,0.6785654667887762,0.6753800335748907,3.350025066907002,4.080920014941484,33.33255305888896,False,True,True,False,0.0,False,False,False,False,phase5b0_oracle_mpc
lhs_015,oracle_mpc,3080.0,0.6795210743573012,0.6764955604722723,3.350025066907002,4.082405056011678,33.34107995579997,False,True,True,False,0.0,False,False,False,False,phase5b0_oracle_mpc
lhs_015,oracle_mpc,3085.0,0.6795210743573012,0.6778866212973627,0.0,3.9991524846379063,33.30987286900796,True,False,False,True,1.9476811999993515,False,True,False,True,phase5b0_oracle_mpc
lhs_015,oracle_mpc,3090.0,0.6795210743573012,0.6778722767256051,0.0,3.9925693500600223,33.27882645167592,True,False,False,True,4.331719399997382,False,True,False,False,phase5b0_oracle_mpc
lhs_015,oracle_mpc,3095.0,0.6795210743573012,0.6772300876855029,0.0,3.987158179745833,33.24794003957259,False,False,False,True,0.0,False,False,False,False,phase5b0_oracle_mpc
lhs_015,oracle_mpc,3100.0,0.6795210743573012,0.6774192776551987,0.0,3.9826725858212195,33.21721280807227,False,False,False,True,0.0,False,False,False,False,phase5b0_oracle_mpc
lhs_015,oracle_mpc,3105.0,0.6795210743573012,0.6767828748415511,0.0,3.9789192405881617,33.186643936799186,False,False,False,True,0.0,False,False,False,False,phase5b0_oracle_mpc
lhs_015,oracle_mpc,3110.0,0.6795210743573012,0.6771065406045946,0.0,3.9757464142374337,33.156232609605574,False,False,False,True,0.0,False,False,False,False,phase5b0_oracle_mpc
lhs_015,oracle_mpc,3115.0,0.6795210743573012,0.6777887006484961,0.0,3.973034989678502,33.12597801454987,True,False,False,True,3.1489529000027687,False,True,False,False,phase5b0_oracle_mpc
lhs_015,oracle_mpc,3120.0,0.6795210743573012,0.6775071020674478,0.0,3.9706914191292304,33.09587934387505,False,False,False,True,0.0,False,False,False,False,phase5b0_oracle_mpc
lhs_015,oracle_mpc,3125.0,0.6795210743573012,0.6772998562691622,0.0,3.9686422028107953,33.065935793987066,False,False,False,True,0.0,False,False,False,False,phase5b0_oracle_mpc
lhs_015,oracle_mpc,3130.0,0.6795210743573012,0.6778429185443996,0.0,3.966829560789998,33.03614656543338,False,False,False,True,0.0,False,False,False,False,phase5b0_oracle_mpc
lhs_015,oracle_mpc,3135.0,0.6795210743573012,0.678214193231269,0.0,3.9652080401063383,33.00651086288164,False,False,False,True,0.0,False,False,False,False,phase5b0_oracle_mpc
lhs_015,oracle_mpc,3140.0,0.6800915820695956,0.6784661693838218,2.0,4.014287911228336,32.99002283717079,True,True,True,False,1.9198803000035696,False,True,False,True,phase5b0_oracle_mpc
lhs_015,oracle_mpc,3145.0,0.6811732226416994,0.6799274303722275,3.7918525860193575,4.0629721455610905,32.998438842937446,True,True,True,False,1.5707327999989502,False,True,False,False,phase5b0_oracle_mpc
lhs_015,oracle_mpc,3150.0,0.6822548632138032,0.6807142031643624,3.7918525860193575,4.069992974737972,33.00871153405639,False,True,True,False,0.0,False,False,False,False,phase5b0_oracle_mpc
lhs_015,oracle_mpc,3155.0,0.683336503785907,0.6821596993097484,3.7918525860193575,4.075873066777759,33.02045845677793,False,True,True,False,0.0,False,False,False,False,phase5b0_oracle_mpc
lhs_015,oracle_mpc,3160.0,0.6844181443580108,0.682477666822028,3.7918525860193575,4.08085453116126,33.033378749022226,False,True,True,False,0.0,False,False,False,False,phase5b0_oracle_mpc
lhs_015,oracle_mpc,3165.0,0.6854997849301147,0.6830005519419433,3.7918525860193575,4.0851272225989,33.04723546807512,False,True,True,False,0.0,False,False,False,False,phase5b0_oracle_mpc
lhs_015,oracle_mpc,3170.0,0.6865882910034448,0.6846998528249695,3.8159206260417764,4.089448162162326,33.06228868225767,True,True,True,False,0.935623299999861,False,True,False,False,phase5b0_oracle_mpc
lhs_015,oracle_mpc,3175.0,0.6876767970767749,0.684819768109259,3.8159206260417764,4.092774717044575,33.07796207430608,False,True,True,False,0.0,False,False,False,False,phase5b0_oracle_mpc
lhs_015,oracle_mpc,3180.0,0.688765303150105,0.6857280104742837,3.8159206260417764,4.095740974958748,33.094135347512655,False,True,True,False,0.0,False,False,False,False,phase5b0_oracle_mpc
lhs_015,oracle_mpc,3185.0,0.6898538092234351,0.6863368293569584,3.8159206260417764,4.098420632573535,33.110713207339934,False,True,True,False,0.0,False,False,False,False,phase5b0_oracle_mpc
lhs_015,oracle_mpc,3190.0,0.6909423152967652,0.6874926283440714,3.8159206260417764,4.10087151786809,33.12761998716583,False,True,True,False,0.0,False,False,False,False,phase5b0_oracle_mpc
lhs_015,oracle_mpc,3195.0,0.6920338578467576,0.6887008069402619,3.8265654485283482,4.103407920978139,33.14500082143795,True,True,True,False,0.7512165999942226,True,True,False,False,phase5b0_oracle_mpc
lhs_015,oracle_mpc,3200.0,0.6931254003967501,0.6902423440561213,3.8265654485283482,4.10555274590879,33.162609098934986,False,True,True,False,0.0,False,False,False,False,phase5b0_oracle_mpc
lhs_015,oracle_mpc,3205.0,0.6942169429467425,0.6911940097192477,3.8265654485283482,4.107573906195415,33.18040478749066,False,True,True,False,0.0,False,False,False,False,phase5b0_oracle_mpc
lhs_015,oracle_mpc,3210.0,0.695308485496735,0.6935569706012306,3.8265654485283482,4.109494196672933,33.19835564449713,False,True,True,False,0.0,False,False,False,False,phase5b0_oracle_mpc
lhs_015,oracle_mpc,3215.0,0.6964000280467274,0.6947869103417913,3.8265654485283482,4.111331533685784,33.216435559663495,False,True,True,False,0.0,False,False,False,False,phase5b0_oracle_mpc
lhs_015,oracle_mpc,3220.0,0.6974584782240567,0.6962477312672409,3.710555193277004,4.110170176724469,33.232368622240955,True,True,True,False,0.1062575999967521,True,True,False,False,phase5b0_oracle_mpc
lhs_015,oracle_mpc,3225.0,0.698516928401386,0.6970565506910051,3.710555193277004,4.111608341163203,33.24832291974376,False,True,True,False,0.0,False,False,False,False,phase5b0_oracle_mpc
lhs_015,oracle_mpc,3230.0,0.6995753785787153,0.6989392528836965,3.710555193277004,4.113039927009493,33.26429828111573,False,True,True,False,0.0,False,False,False,False,phase5b0_oracle_mpc
lhs_015,oracle_mpc,3235.0,0.7006338287560446,0.7001655374050532,3.710555193277004,4.114463714072259,33.280293929875405,False,True,True,False,0.0,False,False,False,False,phase5b0_oracle_mpc
lhs_015,oracle_mpc,3240.0,0.7016922789333739,0.7009388300506625,3.710555193277004,4.115881246890737,33.29630864210519,False,True,True,False,0.0,False,False,False,False,phase5b0_oracle_mpc
lhs_015,oracle_mpc,3245.0,0.7026895226843103,0.7021721528186765,3.495986923387116,4.111873821116363,33.30826920668461,True,True,True,False,0.49957590000121854,True,True,False,False,phase5b0_oracle_mpc
lhs_015,oracle_mpc,3250.0,0.7036867664352466,0.7030333304336025,3.495986923387116,4.112773081509309,33.32012987145472,False,True,True,False,0.0,False,False,False,False,phase5b0_oracle_mpc
lhs_015,oracle_mpc,3255.0,0.704684010186183,0.7031448352182073,3.495986923387116,4.113742176190533,33.331912897420786,False,True,True,False,0.0,False,False,False,False,phase5b0_oracle_mpc
lhs_015,oracle_mpc,3260.0,0.7056812539371193,0.7045119976701087,3.495986923387116,4.1147643890689,33.343635347926515,False,True,True,False,0.0,False,False,False,False,phase5b0_oracle_mpc
lhs_015,oracle_mpc,3265.0,0.7066784976880557,0.7065166516047272,3.495986923387116,4.115826653999952,33.35531023680633,False,True,True,False,0.0,False,False,False,False,phase5b0_oracle_mpc
lhs_015,oracle_mpc,3270.0,0.7077362403299001,0.7075477350802415,3.7080748219530437,4.12227378928723,33.37096988441294,True,True,True,False,0.962135900001158,True,True,False,False,phase5b0_oracle_mpc
lhs_015,oracle_mpc,3275.0,0.7087939829717446,0.7092415266519432,3.7080748219530437,4.123885227677831,33.38671751917221,False,True,True,False,0.0,False,False,False,False,phase5b0_oracle_mpc
lhs_015,oracle_mpc,3280.0,0.709851725613589,0.7105552360522083,3.7080748219530437,4.125435173626535,33.402533654070524,False,True,True,False,0.0,False,False,False,False,phase5b0_oracle_mpc
lhs_015,oracle_mpc,3285.0,0.7109094682554334,0.7113164240676348,3.7080748219530437,4.1269349557556065,33.41840254882305,False,True,True,False,0.0,False,False,False,False,phase5b0_oracle_mpc
lhs_015,oracle_mpc,3290.0,0.7119672108972779,0.712740563923589,3.7080748219530437,4.128393499772044,33.434311403250774,False,True,True,False,0.0,False,False,False,False,phase5b0_oracle_mpc
lhs_015,oracle_mpc,3295.0,0.7119672108972779,0.7139862539651632,0.0,4.036198295049871,33.40262385791558,True,False,False,True,0.6325781000050483,True,True,False,True,phase5b0_oracle_mpc
lhs_015,oracle_mpc,3300.0,0.7125377186095723,0.7131831329864143,1.999999999999999,4.0793966531215275,33.38938540986292,True,True,True,False,1.3792890000040643,True,True,False,True,phase5b0_oracle_mpc
lhs_015,oracle_mpc,3305.0,0.7130628592789199,0.7128507607003349,1.8409590546486014,4.074097081667617,33.37394574758215,True,True,True,False,0.3967705999966711,True,True,False,False,phase5b0_oracle_mpc
lhs_015,oracle_mpc,3310.0,0.7135879999482675,0.7124826034807483,1.8409590546486014,4.072757951104521,33.35829791041423,False,True,True,False,0.0,False,False,False,False,phase5b0_oracle_mpc
lhs_015,oracle_mpc,3315.0,0.7141131406176151,0.7130937899467409,1.8409590546486014,4.071727961981108,33.34249208529346,False,True,True,False,0.0,False,False,False,False,phase5b0_oracle_mpc
lhs_015,oracle_mpc,3320.0,0.7146382812869627,0.713720935958578,1.8409590546486014,4.070942763859562,33.32656793951963,False,True,True,False,0.0,False,False,False,False,phase5b0_oracle_mpc
lhs_015,oracle_mpc,3325.0,0.7151634219563103,0.7141178444800619,1.8409590546486014,4.070351844132633,33.31055688891457,False,True,True,False,0.0,False,False,False,False,phase5b0_oracle_mpc
lhs_015,oracle_mpc,3330.0,0.716049122528854,0.715552377643797,3.10495565075417,4.101826834905101,33.31184747016037,True,True,True,False,1.5636660999953165,True,True,False,False,phase5b0_oracle_mpc
lhs_015,oracle_mpc,3335.0,0.7169348231013977,0.7174857910501031,3.10495565075417,4.104475462838096,33.31360554955986,False,True,True,False,0.0,False,False,False,False,phase5b0_oracle_mpc
lhs_015,oracle_mpc,3340.0,0.7178205236739413,0.7184125313605018,3.10495565075417,4.106763443310598,33.315732026234215,False,True,True,False,0.0,False,False,False,False,phase5b0_oracle_mpc
lhs_015,oracle_mpc,3345.0,0.718706224246485,0.7181886991400355,3.10495565075417,4.1087678472762015,33.31814910047265,False,True,True,False,0.0,False,False,False,False,phase5b0_oracle_mpc
lhs_015,oracle_mpc,3350.0,0.7195919248190287,0.7182010070502665,3.10495565075417,4.110549106951072,33.32079562130704,False,True,True,False,0.0,False,False,False,False,phase5b0_oracle_mpc
lhs_015,oracle_mpc,3355.0,0.7206323567181314,0.718521301955008,3.647389427632441,4.125848218822206,33.33312050745482,True,True,True,False,0.9997504999992088,True,True,False,False,phase5b0_oracle_mpc
lhs_015,oracle_mpc,3360.0,0.7216727886172342,0.7180227149363202,3.647389427632441,4.128585063271515,33.34591282956224,False,True,True,False,0.0,False,False,False,False,phase5b0_oracle_mpc
lhs_015,oracle_mpc,3365.0,0.7227132205163369,0.7207513341716307,3.647389427632441,4.131015125607325,33.35907397763585,False,True,True,False,0.0,False,False,False,False,phase5b0_oracle_mpc
lhs_015,oracle_mpc,3370.0,0.7237536524154397,0.7218020204670125,3.647389427632441,4.1332026091264105,33.372526159166604,False,True,True,False,0.0,False,False,False,False,phase5b0_oracle_mpc
lhs_015,oracle_mpc,3375.0,0.7247940843145424,0.7228141457112289,3.647389427632441,4.135197890661882,33.38620788736503,False,True,True,False,0.0,False,False,False,False,phase5b0_oracle_mpc
lhs_015,oracle_mpc,3380.0,0.7247940843145424,0.7241819588982057,0.0,4.044969013579099,33.35476824497769,True,False,False,True,0.3109589000014239,True,True,False,True,phase5b0_oracle_mpc
lhs_015,oracle_mpc,3385.0,0.7253645920268368,0.7244743800806317,2.0,4.088642106360197,33.341231443109535,True,True,True,False,1.6127297999992152,True,True,False,True,phase5b0_oracle_mpc
lhs_015,oracle_mpc,3390.0,0.7262196560087788,0.724841914694852,2.997554506329636,4.112918676338243,33.34163984490932,True,True,True,False,1.667179899995972,True,True,False,False,phase5b0_oracle_mpc
lhs_015,oracle_mpc,3395.0,0.7270747199907208,0.7249853571562431,2.997554506329636,4.114590933613179,33.34226273511233,False,True,True,False,0.0,False,False,False,False,phase5b0_oracle_mpc
lhs_015,oracle_mpc,3400.0,0.7279297839726628,0.7255172391014967,2.997554506329636,4.116092892397816,33.34305502470748,False,True,True,False,0.0,False,False,False,False,phase5b0_oracle_mpc
lhs_015,oracle_mpc,3405.0,0.7287848479546049,0.7273148386429621,2.997554506329636,4.117460823281029,33.343981327933044,False,True,True,False,0.0,False,False,False,False,phase5b0_oracle_mpc
lhs_015,oracle_mpc,3410.0,0.7296399119365469,0.7279331391611911,2.997554506329636,4.118723166997765,33.34501382356027,False,True,True,False,0.0,False,False,False,False,phase5b0_oracle_mpc
lhs_015,oracle_mpc,3415.0,0.7296399119365469,0.7288285097460154,0.0,4.044239533036591,33.31378643193893,True,False,False,True,1.5352437999972608,True,True,False,True,phase5b0_oracle_mpc
lhs_015,oracle_mpc,3420.0,0.7296399119365469,0.7293242277007539,0.0,4.038343760991712,33.28271984511277,True,False,False,True,3.611044099998253,True,True,False,False,phase5b0_oracle_mpc
lhs_015,oracle_mpc,3425.0,0.7296399119365469,0.730284380527921,0.0,4.033485354327324,33.25181336746368,False,False,False,True,0.0,False,False,False,False,phase5b0_oracle_mpc
lhs_015,oracle_mpc,3430.0,0.7296399119365469,0.729747875923634,0.0,4.029446631084543,33.221066173830266,False,False,False,True,0.0,False,False,False,False,phase5b0_oracle_mpc
lhs_015,oracle_mpc,3435.0,0.7296399119365469,0.7290555499059418,0.0,4.026056776043554,33.19047744330377,False,False,False,True,0.0,False,False,False,False,phase5b0_oracle_mpc
lhs_015,oracle_mpc,3440.0,0.7296399119365469,0.7298816337685499,0.0,4.023181716688223,33.16004635920621,False,False,False,True,0.0,False,False,False,False,phase5b0_oracle_mpc
lhs_015,oracle_mpc,3445.0,0.7302104196488413,0.7295442870549573,2.0,4.071199233684967,33.14381120626977,True,True,True,False,1.9020074000000022,True,False,False,True,phase5b0_oracle_mpc
lhs_015,oracle_mpc,3450.0,0.73126411720328,0.7296301849483724,3.6938941638530536,4.1164931763831225,33.15148054724316,True,True,True,False,0.5123084000006202,True,False,False,False,phase5b0_oracle_mpc
lhs_015,oracle_mpc,3455.0,0.7323178147577187,0.7308618855452544,3.6938941638530536,4.122526220968582,33.160695454052515,False,True,True,False,0.0,False,False,False,False,phase5b0_oracle_mpc
lhs_015,oracle_mpc,3460.0,0.7333715123121575,0.7312564001944994,3.6938941638530536,4.127579700962024,33.17113547967565,False,True,True,False,0.0,False,False,False,False,phase5b0_oracle_mpc
lhs_015,oracle_mpc,3465.0,0.7344252098665962,0.7326864795990607,3.6938941638530536,4.131862114445358,33.182548603738084,False,True,True,False,0.0,False,False,False,False,phase5b0_oracle_mpc
lhs_015,oracle_mpc,3470.0,0.7354789074210349,0.7333863196109903,3.6938941638530536,4.135536977752646,33.19473640040915,False,True,True,False,0.0,False,False,False,False,phase5b0_oracle_mpc
lhs_015,oracle_mpc,3475.0,0.7364244594763883,0.7354364436733559,3.314773963530311,4.12916384474979,33.200835401317065,True,True,True,False,0.17960210000455845,True,True,False,False,phase5b0_oracle_mpc
lhs_015,oracle_mpc,3480.0,0.7373700115317418,0.7362014527448683,3.314773963530311,4.131095254800785,33.20718696532031,False,True,True,False,0.0,False,False,False,False,phase5b0_oracle_mpc
lhs_015,oracle_mpc,3485.0,0.7383155635870952,0.7361424907086445,3.314773963530311,4.132864862289083,33.213743963269216,False,True,True,False,0.0,False,False,False,False,phase5b0_oracle_mpc
lhs_015,oracle_mpc,3490.0,0.7392611156424486,0.7377851685224255,3.314773963530311,4.134505724669242,33.2204689653981,False,True,True,False,0.0,False,False,False,False,phase5b0_oracle_mpc
lhs_015,oracle_mpc,3495.0,0.740206667697802,0.7391568237834963,3.314773963530311,4.1360438004026445,33.22733217993235,False,True,True,False,0.0,False,False,False,False,phase5b0_oracle_mpc
lhs_015,oracle_mpc,3500.0,0.7406781398705522,0.7417991107368226,1.6528161235686314,4.095555569406909,33.21050296808807,True,True,True,False,0.7001015999994706,True,True,False,False,phase5b0_oracle_mpc
lhs_015,oracle_mpc,3505.0,0.7411496120433024,0.7430824126182635,1.6528161235686314,4.0930655054249945,33.19334654359068,False,True,True,False,0.0,False,False,False,False,phase5b0_oracle_mpc
lhs_015,oracle_mpc,3510.0,0.7416210842160527,0.7429490641132959,1.6528161235686314,4.091126053128221,33.17594334993312,False,True,True,False,0.0,False,False,False,False,phase5b0_oracle_mpc
lhs_015,oracle_mpc,3515.0,0.7420925563888029,0.7442579367866645,1.6528161235686314,4.089620477494152,33.158356616554585,False,True,True,False,0.0,False,False,False,False,phase5b0_oracle_mpc
lhs_015,oracle_mpc,3520.0,0.7425640285615531,0.7449754739477048,1.6528161235686314,4.0884572085672355,33.140636145021276,False,True,True,False,0.0,False,False,False,False,phase5b0_oracle_mpc
lhs_015,oracle_mpc,3525.0,0.7434467648886499,0.746441654287779,3.0945640455819596,4.123949538003558,33.141651339114695,True,True,True,False,0.4683852000016486,True,False,False,False,phase5b0_oracle_mpc
lhs_015,oracle_mpc,3530.0,0.7443295012157467,0.7474451103578368,3.0945640455819596,4.12663501464364,33.143149161468386,False,True,True,False,0.0,False,False,False,False,phase5b0_oracle_mpc
lhs_015,oracle_mpc,3535.0,0.7452122375428435,0.7468213919860395,3.0945640455819596,4.128966066573187,33.14503252184354,False,True,True,False,0.0,False,False,False,False,phase5b0_oracle_mpc
lhs_015,oracle_mpc,3540.0,0.7460949738699403,0.7476534153180575,3.0945640455819596,4.131017824675003,33.147225034869024,False,True,True,False,0.0,False,False,False,False,phase5b0_oracle_mpc
lhs_015,oracle_mpc,3545.0,0.7469777101970371,0.7472553953396269,3.0945640455819596,4.132849216477638,33.1496664965752,False,True,True,False,0.0,False,False,False,False,phase5b0_oracle_mpc
lhs_015,oracle_mpc,3550.0,0.7478000919678857,0.7487150632221896,2.882982133724948,4.129167161695548,33.14896196035903,True,True,True,False,0.15609119999862742,True,False,False,False,phase5b0_oracle_mpc
lhs_015,oracle_mpc,3555.0,0.7486224737387343,0.7483952208212773,2.882982133724948,4.130193207684111,33.14831997451601,False,True,True,False,0.0,False,False,False,False,phase5b0_oracle_mpc
lhs_015,oracle_mpc,3560.0,0.7494448555095828,0.7494853671428804,2.882982133724948,4.131186805478056,33.147732430575225,False,True,True,False,0.0,False,False,False,False,phase5b0_oracle_mpc
lhs_015,oracle_mpc,3565.0,0.7502672372804314,0.7491687369107451,2.882982133724948,4.13215417049388,33.14719279840754,False,True,True,False,0.0,False,False,False,False,phase5b0_oracle_mpc
lhs_015,oracle_mpc,3570.0,0.75108961905128,0.7504589108242014,2.882982133724948,4.133100191340483,33.14669580010476,False,True,True,False,0.0,False,False,False,False,phase5b0_oracle_mpc
lhs_015,oracle_mpc,3575.0,0.7518849665340233,0.7511770952276469,2.788209398763737,4.13163725000401,33.14478254565683,True,True,True,False,0.1385874000043259,True,False,False,False,phase5b0_oracle_mpc
lhs_015,oracle_mpc,3580.0,0.7526803140167665,0.7510528734459082,2.788209398763737,4.1323304732060055,33.142864432456065,False,True,True,False,0.0,False,False,False,False,phase5b0_oracle_mpc
lhs_015,oracle_mpc,3585.0,0.7534756614995097,0.7520599924920969,2.788209398763737,4.133046096398457,33.14094713952842,False,True,True,False,0.0,False,False,False,False,phase5b0_oracle_mpc
lhs_015,oracle_mpc,3590.0,0.754271008982253,0.7527959682863117,2.788209398763737,4.133778786652546,33.139035022247135,False,True,True,False,0.0,False,False,False,False,phase5b0_oracle_mpc
lhs_015,oracle_mpc,3595.0,0.7550663564649962,0.7540719735129112,2.788209398763737,4.13452437200809,33.137131405287995,False,True,True,False,0.0,False,False,False,False,phase5b0_oracle_mpc
lhs_015,oracle_mpc,3600.0,0.755828045293479,0.7558410248212489,2.6702139587894633,4.132302299979353,33.133474286194954,True,True,True,False,0.2043575999996392,True,False,False,False,phase5b0_oracle_mpc
