scenario_id,controller,time_s,true_soc,estimated_soc,charge_current_a,terminal_voltage_v,true_average_temperature_c,control_decision_updated,optimizer_success,prediction_feasible,used_fallback,solve_time_s,active_voltage_constraint,active_temperature_constraint,active_current_upper_constraint,active_current_change_constraint,source
lhs_033,oracle_mpc,0.0,0.16787894911634021,0.16787894911634021,0.0,3.436773446752104,26.01535028958154,False,True,True,False,0.0,False,False,False,False,phase5b0_oracle_mpc
lhs_033,oracle_mpc,5.0,0.16842785335189817,0.16340810404104997,2.0000000000000058,3.481480226710082,26.021879488670663,True,True,True,False,1.1184673000025214,False,True,False,True,phase5b0_oracle_mpc
lhs_033,oracle_mpc,10.0,0.1695256618230141,0.16520331113813738,4.000000000000005,3.5309043884993443,26.049292447457535,True,True,True,False,1.067007999998168,False,True,False,True,phase5b0_oracle_mpc
lhs_033,oracle_mpc,15.0,0.17117237452968798,0.16487644631922424,6.000000000000004,3.584313729321227,26.113474429861174,True,True,True,False,0.7439366000035079,False,True,False,True,phase5b0_oracle_mpc
lhs_033,oracle_mpc,20.0,0.17336799147191984,0.16666252462054162,8.000000000000002,3.6411230560425336,26.23143437082712,True,True,True,False,0.6415483000018867,False,True,False,True,phase5b0_oracle_mpc
lhs_033,oracle_mpc,25.0,0.1760881413516948,0.1690071836201205,9.911200182341132,3.6988744280197228,26.417879066894237,True,True,True,False,0.7360030000054394,False,True,True,True,phase5b0_oracle_mpc
lhs_033,oracle_mpc,30.0,0.17874155531635513,0.17103373257260876,9.668039678954733,3.7108774675721183,26.605757824975342,True,True,True,False,0.38514170000416925,False,True,False,False,phase5b0_oracle_mpc
lhs_033,oracle_mpc,35.0,0.18139496928101548,0.17323195793933166,9.668039678954733,3.7253955233597162,26.80115194668126,False,True,True,False,0.0,False,False,False,False,phase5b0_oracle_mpc
lhs_033,oracle_mpc,40.0,0.18404838324567582,0.17553284712766193,9.668039678954733,3.738149802362274,27.002562611505574,False,True,True,False,0.0,False,False,False,False,phase5b0_oracle_mpc
lhs_033,oracle_mpc,45.0,0.18670179721033617,0.1786979408772816,9.668039678954733,3.7495022870310653,27.208819046871085,False,True,True,False,0.0,False,False,False,False,phase5b0_oracle_mpc
lhs_033,oracle_mpc,50.0,0.1893552111749965,0.18250865405641514,9.668039678954733,3.759731575755029,27.419003368823947,False,True,True,False,0.0,False,False,False,False,phase5b0_oracle_mpc
lhs_033,oracle_mpc,55.0,0.1917040113585068,0.18515418740470616,8.558141953933752,3.7443399554138934,27.59136053719093,True,True,True,False,0.6722348999974201,False,True,False,False,phase5b0_oracle_mpc
lhs_033,oracle_mpc,60.0,0.19405281154201706,0.18672755801554633,8.558141953933752,3.7504129731386238,27.76456532608699,False,True,True,False,0.0,False,False,False,False,phase5b0_oracle_mpc
lhs_033,oracle_mpc,65.0,0.19640161172552734,0.18860706482912154,8.558141953933752,3.7562861778852685,27.938528010795338,False,True,True,False,0.0,False,False,False,False,phase5b0_oracle_mpc
lhs_033,oracle_mpc,70.0,0.1987504119090376,0.19119957805943588,8.558141953933752,3.76196981633857,28.11316796556465,False,True,True,False,0.0,False,False,False,False,phase5b0_oracle_mpc
lhs_033,oracle_mpc,75.0,0.20109921209254789,0.19470610612224185,8.558141953933752,3.7674744076141895,28.288412056042016,False,True,True,False,0.0,False,False,False,False,phase5b0_oracle_mpc
lhs_033,oracle_mpc,80.0,0.20326612083451626,0.1976155209518533,7.895398146329517,3.758097038927219,28.440914035858693,True,True,True,False,0.4850616999974591,False,True,False,False,phase5b0_oracle_mpc
lhs_033,oracle_mpc,85.0,0.20543302957648463,0.19950383554896878,7.895398146329517,3.761832551493032,28.59304111369218,False,True,True,False,0.0,False,False,False,False,phase5b0_oracle_mpc
lhs_033,oracle_mpc,90.0,0.207599938318453,0.20087913904318497,7.895398146329517,3.765675208013235,28.744913017317362,False,True,True,False,0.0,False,False,False,False,phase5b0_oracle_mpc
lhs_033,oracle_mpc,95.0,0.20976684706042137,0.20372329625673685,7.895398146329517,3.7695783426322094,28.896613955637974,False,True,True,False,0.0,False,False,False,False,phase5b0_oracle_mpc
lhs_033,oracle_mpc,100.0,0.21193375580238974,0.20496603267935787,7.895398146329517,3.7735067895811754,29.048201156496983,False,True,True,False,0.0,False,False,False,False,phase5b0_oracle_mpc
lhs_033,oracle_mpc,105.0,0.21396773354770668,0.20747467221811905,7.411047733123746,3.7666855237251675,29.18336797858845,True,True,True,False,0.4401865999971051,False,True,False,False,phase5b0_oracle_mpc
lhs_033,oracle_mpc,110.0,0.21600171129302362,0.21047214405716635,7.411047733123746,3.7695304613283835,29.317927201602686,False,True,True,False,0.0,False,False,False,False,phase5b0_oracle_mpc
lhs_033,oracle_mpc,115.0,0.21803568903834056,0.21290662479524203,7.411047733123746,3.7725170720383234,29.45200641074272,False,True,True,False,0.0,False,False,False,False,phase5b0_oracle_mpc
lhs_033,oracle_mpc,120.0,0.2200696667836575,0.21470835209691624,7.411047733123746,3.7755962262923983,29.585698331237523,False,True,True,False,0.0,False,False,False,False,phase5b0_oracle_mpc
lhs_033,oracle_mpc,125.0,0.22210364452897444,0.21705953856121005,7.411047733123746,3.77873071622349,29.719069117278284,False,True,True,False,0.0,False,False,False,False,phase5b0_oracle_mpc
lhs_033,oracle_mpc,130.0,0.22399311190255383,0.21871965446066075,6.884506444585022,3.770219786554698,29.835108861986388,True,True,True,False,0.4707734000039636,False,True,False,False,phase5b0_oracle_mpc
lhs_033,oracle_mpc,135.0,0.22588257927613323,0.22056976622845353,6.884506444585022,3.77224446877131,29.950363606496442,False,True,True,False,0.0,False,False,False,False,phase5b0_oracle_mpc
lhs_033,oracle_mpc,140.0,0.22777204664971262,0.22297087506645585,6.884506444585022,3.774450591256845,30.064970618115396,False,True,True,False,0.0,False,False,False,False,phase5b0_oracle_mpc
lhs_033,oracle_mpc,145.0,0.22966151402329202,0.2243390680768906,6.884506444585022,3.776784574276019,30.17903206530638,False,True,True,False,0.0,False,False,False,False,phase5b0_oracle_mpc
lhs_033,oracle_mpc,150.0,0.2315509813968714,0.22599526368464695,6.884506444585022,3.7792056523832325,30.2926232975095,False,True,True,False,0.0,False,False,False,False,phase5b0_oracle_mpc
lhs_033,oracle_mpc,155.0,0.2333277364249784,0.22772924407419176,6.47382517025366,3.7725859946965254,30.393076637612182,True,True,True,False,0.5280763999980991,False,True,False,False,phase5b0_oracle_mpc
lhs_033,oracle_mpc,160.0,0.23510449145308537,0.23030553346899985,6.47382517025366,3.774210820763668,30.49276977529572,False,True,True,False,0.0,False,False,False,False,phase5b0_oracle_mpc
lhs_033,oracle_mpc,165.0,0.23688124648119235,0.23100908128882158,6.47382517025366,3.7759989525525857,30.59181618187069,False,True,True,False,0.0,False,False,False,False,phase5b0_oracle_mpc
lhs_033,oracle_mpc,170.0,0.23865800150929933,0.23468975100064265,6.47382517025366,3.777904494813894,30.690301067016883,False,True,True,False,0.0,False,False,False,False,phase5b0_oracle_mpc
lhs_033,oracle_mpc,175.0,0.2404347565374063,0.23761953659433896,6.47382517025366,3.7798924936351948,30.788288023910475,False,True,True,False,0.0,False,False,False,False,phase5b0_oracle_mpc
lhs_033,oracle_mpc,180.0,0.24212146099097828,0.23939247065991948,6.145714841706119,3.7746729210813186,30.87604244381155,True,True,True,False,0.6082805999976699,False,True,False,False,phase5b0_oracle_mpc
lhs_033,oracle_mpc,185.0,0.24380816544455025,0.2407525758274644,6.145714841706119,3.7760492804897536,30.963095185764097,False,True,True,False,0.0,False,False,False,False,phase5b0_oracle_mpc
lhs_033,oracle_mpc,190.0,0.24549486989812222,0.2426441611452668,6.145714841706119,3.7775640928467387,31.049536343666638,False,True,True,False,0.0,False,False,False,False,phase5b0_oracle_mpc
lhs_033,oracle_mpc,195.0,0.2471815743516942,0.24482320224218954,6.145714841706119,3.779179847686501,31.135434058204986,False,True,True,False,0.0,False,False,False,False,phase5b0_oracle_mpc
lhs_033,oracle_mpc,200.0,0.24886827880526616,0.24681507715698894,6.145714841706119,3.780867966719914,31.220839666727578,False,True,True,False,0.0,False,False,False,False,phase5b0_oracle_mpc
lhs_033,oracle_mpc,205.0,0.25049803290050315,0.24744289626360078,5.9382092163319635,3.7780151497137746,31.299788110273933,True,True,True,False,0.6328544000061811,False,True,False,False,phase5b0_oracle_mpc
lhs_033,oracle_mpc,210.0,0.2521277869957401,0.24769485800702212,5.9382092163319635,3.7793450475659065,31.378139846143824,False,True,True,False,0.0,False,False,False,False,phase5b0_oracle_mpc
lhs_033,oracle_mpc,215.0,0.2537575410909771,0.24861829574868302,5.9382092163319635,3.780770965920507,31.455955940551252,False,True,True,False,0.0,False,False,False,False,phase5b0_oracle_mpc
lhs_033,oracle_mpc,220.0,0.25538729518621406,0.24949282037317935,5.9382092163319635,3.782267070929236,31.5332827598936,False,True,True,False,0.0,False,False,False,False,phase5b0_oracle_mpc
lhs_033,oracle_mpc,225.0,0.257017049281451,0.25080337924928,5.9382092163319635,3.783813718127149,31.610155417067283,False,True,True,False,0.0,False,False,False,False,phase5b0_oracle_mpc
lhs_033,oracle_mpc,230.0,0.25857652691405336,0.2525359401233525,5.682148293197686,3.779731727187485,31.67938644366648,True,True,True,False,0.561217199996463,False,True,False,False,phase5b0_oracle_mpc
lhs_033,oracle_mpc,235.0,0.2601360045466557,0.25339043666298244,5.682148293197686,3.780793078758876,31.748008985130383,False,True,True,False,0.0,False,False,False,False,phase5b0_oracle_mpc
lhs_033,oracle_mpc,240.0,0.26169548217925803,0.2545336960190639,5.682148293197686,3.7819616758446992,31.81608528331295,False,True,True,False,0.0,False,False,False,False,phase5b0_oracle_mpc
lhs_033,oracle_mpc,245.0,0.26325495981186037,0.2558656692544668,5.682148293197686,3.7832108176082544,31.883663089345752,False,True,True,False,0.0,False,False,False,False,phase5b0_oracle_mpc
lhs_033,oracle_mpc,250.0,0.2648144374444627,0.2583179580799222,5.682148293197686,3.784520145913566,31.950779047497306,False,True,True,False,0.0,False,False,False,False,phase5b0_oracle_mpc
lhs_033,oracle_mpc,255.0,0.2663345009685576,0.25963661111359415,5.538538147914718,3.7826979382663084,32.01351843239084,True,True,True,False,0.19206100000155857,False,True,False,False,phase5b0_oracle_mpc
lhs_033,oracle_mpc,260.0,0.2678545644926525,0.2601068746082872,5.538538147914718,3.7837794602692867,32.07573749498667,False,True,True,False,0.0,False,False,False,False,phase5b0_oracle_mpc
lhs_033,oracle_mpc,265.0,0.2693746280167474,0.2621055161695664,5.538538147914718,3.784936122636983,32.137478638042644,False,True,True,False,0.0,False,False,False,False,phase5b0_oracle_mpc
lhs_033,oracle_mpc,270.0,0.2708946915408423,0.26349370953177814,5.538538147914718,3.7861498280173587,32.198774613472814,False,True,True,False,0.0,False,False,False,False,phase5b0_oracle_mpc
lhs_033,oracle_mpc,275.0,0.2724147550649372,0.26472346846635264,5.538538147914718,3.7874068082149854,32.259650770914085,False,True,True,False,0.0,False,False,False,False,phase5b0_oracle_mpc
lhs_033,oracle_mpc,280.0,0.2738779389431606,0.2660368098259607,5.331290172086514,3.7841131554151866,32.314566222189,True,True,True,False,0.5159835000013118,False,True,False,False,phase5b0_oracle_mpc
lhs_033,oracle_mpc,285.0,0.275341122821384,0.26666473525109896,5.331290172086514,3.7849871287124115,32.36894751512909,False,True,True,False,0.0,False,False,False,False,phase5b0_oracle_mpc
lhs_033,oracle_mpc,290.0,0.2768043066996074,0.2675617855054933,5.331290172086514,3.785953572963145,32.42284261648525,False,True,True,False,0.0,False,False,False,False,phase5b0_oracle_mpc
lhs_033,oracle_mpc,295.0,0.27826749057783084,0.26821136613615076,5.331290172086514,3.7869915515239807,32.47628881283393,False,True,True,False,0.0,False,False,False,False,phase5b0_oracle_mpc
lhs_033,oracle_mpc,300.0,0.27973067445605426,0.2696493354850932,5.331290172086514,3.788085081126195,32.52931519112648,False,True,True,False,0.0,False,False,False,False,phase5b0_oracle_mpc
lhs_033,oracle_mpc,305.0,0.2811742087092092,0.2718776346900161,5.259694349734939,3.787638506018346,32.58006371650326,True,True,True,False,0.1949261000045226,False,True,False,False,phase5b0_oracle_mpc
lhs_033,oracle_mpc,310.0,0.2826177429623641,0.2738941563788067,5.259694349734939,3.788657124355593,32.63038275155633,False,True,True,False,0.0,False,False,False,False,phase5b0_oracle_mpc
lhs_033,oracle_mpc,315.0,0.284061277215519,0.27545072893544803,5.259694349734939,3.789728184691923,32.68029872934417,False,True,True,False,0.0,False,False,False,False,phase5b0_oracle_mpc
lhs_033,oracle_mpc,320.0,0.2855048114686739,0.2775826264821142,5.259694349734939,3.7908407139165434,32.729832453797684,False,True,True,False,0.0,False,False,False,False,phase5b0_oracle_mpc
lhs_033,oracle_mpc,325.0,0.2869483457218288,0.27894244941230373,5.259694349734939,3.7919863800653695,32.77900040130435,False,True,True,False,0.0,False,False,False,False,phase5b0_oracle_mpc
lhs_033,oracle_mpc,330.0,0.28831079552250827,0.28038706128787705,4.964253188152344,3.7866236607393327,32.82025041638093,True,True,True,False,0.5385893999991822,False,True,False,False,phase5b0_oracle_mpc
lhs_033,oracle_mpc,335.0,0.2896732453231877,0.28225191238991265,4.964253188152344,3.787188097302736,32.86096313320784,False,True,True,False,0.0,False,False,False,False,phase5b0_oracle_mpc
lhs_033,oracle_mpc,340.0,0.2910356951238672,0.2844399754275814,4.964253188152344,3.7878752783334693,32.90119504612257,False,True,True,False,0.0,False,False,False,False,phase5b0_oracle_mpc
lhs_033,oracle_mpc,345.0,0.29239814492454663,0.2850232576593673,4.964253188152344,3.788659028660573,32.94099031227514,False,True,True,False,0.0,False,False,False,False,phase5b0_oracle_mpc
lhs_033,oracle_mpc,350.0,0.2937605947252261,0.2857328978210391,4.964253188152344,3.789519288167396,32.98038360702874,False,True,True,False,0.0,False,False,False,False,phase5b0_oracle_mpc
lhs_033,oracle_mpc,355.0,0.2950936195791542,0.28648423739100576,4.857039780620743,3.788068573136375,33.01674775491513,True,True,True,False,0.1945904000021983,False,True,False,False,phase5b0_oracle_mpc
lhs_033,oracle_mpc,360.0,0.2964266444330823,0.28835912260096064,4.857039780620743,3.7888100973467966,33.052691154422654,False,True,True,False,0.0,False,False,False,False,phase5b0_oracle_mpc
lhs_033,oracle_mpc,365.0,0.2977596692870104,0.2899527669783508,4.857039780620743,3.7896298107754176,33.08824800046446,False,True,True,False,0.0,False,False,False,False,phase5b0_oracle_mpc
lhs_033,oracle_mpc,370.0,0.29909269414093853,0.29119704351026154,4.857039780620743,3.790512347199094,33.12344533955583,False,True,True,False,0.0,False,False,False,False,phase5b0_oracle_mpc
lhs_033,oracle_mpc,375.0,0.30042571899486664,0.29358857363718965,4.857039780620743,3.7914454161322944,33.15830471252341,False,True,True,False,0.0,False,False,False,False,phase5b0_oracle_mpc
lhs_033,oracle_mpc,380.0,0.3017423276513085,0.29526351699791475,4.797225348802513,3.791088815340178,33.19138721582075,True,True,True,False,0.14239400000224123,False,True,False,False,phase5b0_oracle_mpc
lhs_033,oracle_mpc,385.0,0.3030589363077503,0.2977324894715453,4.797225348802513,3.791952359077035,33.22412543167229,False,True,True,False,0.0,False,False,False,False,phase5b0_oracle_mpc
lhs_033,oracle_mpc,390.0,0.30437554496419217,0.2992479075683384,4.797225348802513,3.7928561135933423,33.25654015215791,False,True,True,False,0.0,False,False,False,False,phase5b0_oracle_mpc
lhs_033,oracle_mpc,395.0,0.305692153620634,0.30096898048539455,4.797225348802513,3.7937910718616985,33.288648095976875,False,True,True,False,0.0,False,False,False,False,phase5b0_oracle_mpc
lhs_033,oracle_mpc,400.0,0.30700876227707585,0.30162501993843066,4.797225348802513,3.79475029336581,33.32046283782814,False,True,True,False,0.0,False,False,False,False,phase5b0_oracle_mpc
lhs_033,oracle_mpc,405.0,0.30830806975838837,0.3030269734190099,4.734186392246601,3.7943336159224765,33.35048020404016,True,True,True,False,0.14129430000321008,False,True,False,False,phase5b0_oracle_mpc
lhs_033,oracle_mpc,410.0,0.3096073772397009,0.3044994865392495,4.734186392246601,3.7951918855904765,33.38018547753422,False,True,True,False,0.0,False,False,False,False,phase5b0_oracle_mpc
lhs_033,oracle_mpc,415.0,0.3109066847210134,0.30465362728179535,4.734186392246601,3.7960841845422975,33.40959618770671,False,True,True,False,0.0,False,False,False,False,phase5b0_oracle_mpc
lhs_033,oracle_mpc,420.0,0.3122059922023259,0.3066966431237801,4.734186392246601,3.797003038101993,33.438726521888995,False,True,True,False,0.0,False,False,False,False,phase5b0_oracle_mpc
lhs_033,oracle_mpc,425.0,0.31350529968363844,0.30766327969608226,4.734186392246601,3.797942682850681,33.4675880859256,False,True,True,False,0.0,False,False,False,False,phase5b0_oracle_mpc
lhs_033,oracle_mpc,430.0,0.3148000571076672,0.30802231639105787,4.717607699684165,3.7985318947172364,33.49579578609265,True,True,True,False,0.16978390000440413,False,True,False,False,phase5b0_oracle_mpc
lhs_033,oracle_mpc,435.0,0.3160948145316959,0.3098452217195843,4.717607699684165,3.7994654271506922,33.523742057090516,False,True,True,False,0.0,False,False,False,False,phase5b0_oracle_mpc
lhs_033,oracle_mpc,440.0,0.31738957195572465,0.3104324451819506,4.717607699684165,3.8004151141493003,33.55143629873005,False,True,True,False,0.0,False,False,False,False,phase5b0_oracle_mpc
lhs_033,oracle_mpc,445.0,0.3186843293797534,0.3119750275198568,4.717607699684165,3.8013775844114406,33.57888639044275,False,True,True,False,0.0,False,False,False,False,phase5b0_oracle_mpc
lhs_033,oracle_mpc,450.0,0.3199790868037821,0.31414106645700657,4.717607699684165,3.8023502324887146,33.606099029675924,False,True,True,False,0.0,False,False,False,False,phase5b0_oracle_mpc
lhs_033,oracle_mpc,455.0,0.321258065210298,0.31639447734204507,4.660114911358933,3.8020592472680934,33.63172233131735,True,True,True,False,0.16623120000440395,False,True,False,False,phase5b0_oracle_mpc
lhs_033,oracle_mpc,460.0,0.32253704361681385,0.31855134965132853,4.660114911358933,3.802924140949331,33.65708353789981,False,True,True,False,0.0,False,False,False,False,phase5b0_oracle_mpc
lhs_033,oracle_mpc,465.0,0.3238160220233297,0.31930644935756103,4.660114911358933,3.803814865577092,33.68219590990711,False,True,True,False,0.0,False,False,False,False,phase5b0_oracle_mpc
lhs_033,oracle_mpc,470.0,0.32509500042984557,0.32033520991118264,4.660114911358933,3.8047259068395958,33.707070272913725,False,True,True,False,0.0,False,False,False,False,phase5b0_oracle_mpc
lhs_033,oracle_mpc,475.0,0.32637397883636143,0.3204982862018405,4.660114911358933,3.8056530103457957,33.73171556967162,False,True,True,False,0.0,False,False,False,False,phase5b0_oracle_mpc
lhs_033,oracle_mpc,480.0,0.32761987031857664,0.32117282565106164,4.539558638853447,3.8039263306644524,33.753337703216005,True,True,True,False,0.3970522000017809,False,True,False,False,phase5b0_oracle_mpc
lhs_033,oracle_mpc,485.0,0.32886576180079186,0.3228154198527005,4.539558638853447,3.804619789516355,33.7746725058645,False,True,True,False,0.0,False,False,False,False,phase5b0_oracle_mpc
lhs_033,oracle_mpc,490.0,0.33011165328300707,0.32316487301286667,4.539558638853447,3.805364373387302,33.7957433295935,False,True,True,False,0.0,False,False,False,False,phase5b0_oracle_mpc
lhs_033,oracle_mpc,495.0,0.3313575447652223,0.3242082284781567,4.539558638853447,3.8061489732631237,33.8165687829818,False,True,True,False,0.0,False,False,False,False,phase5b0_oracle_mpc
lhs_033,oracle_mpc,500.0,0.3326034362474375,0.32631327488215056,4.539558638853447,3.8069650266312296,33.83716381844401,False,True,True,False,0.0,False,False,False,False,phase5b0_oracle_mpc
lhs_033,oracle_mpc,505.0,0.33379106377636175,0.3278263741519087,4.327266768918296,3.803110673901436,33.852749209482056,True,True,True,False,0.8570800999950734,False,True,False,False,phase5b0_oracle_mpc
lhs_033,oracle_mpc,510.0,0.334978691305286,0.3282611414213024,4.327266768918296,3.803519725848728,33.86800688725826,False,True,True,False,0.0,False,False,False,False,phase5b0_oracle_mpc
lhs_033,oracle_mpc,515.0,0.3361663188342103,0.3288170420758121,4.327266768918296,3.8040200240322757,33.882974972879246,False,True,True,False,0.0,False,False,False,False,phase5b0_oracle_mpc
lhs_033,oracle_mpc,520.0,0.33735394636313454,0.33002300209488994,4.327266768918296,3.8045916421868404,33.89768350311644,False,True,True,False,0.0,False,False,False,False,phase5b0_oracle_mpc
lhs_033,oracle_mpc,525.0,0.3385415738920588,0.3320644942792239,4.327266768918296,3.805219225128692,33.9121562906666,False,True,True,False,0.0,False,False,False,False,phase5b0_oracle_mpc
lhs_033,oracle_mpc,530.0,0.33972550058002793,0.33349154751950605,4.313782300352123,3.8055927182501605,33.926115621259456,True,True,True,False,0.1924381999997422,False,True,False,False,phase5b0_oracle_mpc
lhs_033,oracle_mpc,535.0,0.34090942726799706,0.3337537578898631,4.313782300352123,3.806270752316518,33.93986602378106,False,True,True,False,0.0,False,False,False,False,phase5b0_oracle_mpc
lhs_033,oracle_mpc,540.0,0.3420933539559662,0.3349334080621862,4.313782300352123,3.8069815154008113,33.953421797440654,False,True,True,False,0.0,False,False,False,False,phase5b0_oracle_mpc
lhs_033,oracle_mpc,545.0,0.3432772806439353,0.3367539665765843,4.313782300352123,3.8077184841488894,33.966794589719306,False,True,True,False,0.0,False,False,False,False,phase5b0_oracle_mpc
lhs_033,oracle_mpc,550.0,0.34446120733190444,0.33808609309437204,4.313782300352123,3.8084766145615347,33.97999399266654,False,True,True,False,0.0,False,False,False,False,phase5b0_oracle_mpc
lhs_033,oracle_mpc,555.0,0.3455887242981849,0.33936435834476036,4.108246551001087,3.8047067335680107,33.98860214328882,True,True,True,False,0.2511393999957363,False,True,False,False,phase5b0_oracle_mpc
lhs_033,oracle_mpc,560.0,0.3467162412644653,0.33979190206100246,4.108246551001087,3.8050596329025286,33.99694231055107,False,True,True,False,0.0,False,False,False,False,phase5b0_oracle_mpc
lhs_033,oracle_mpc,565.0,0.34784375823074576,0.3403836980160312,4.108246551001087,3.805497389672871,34.00504780572463,False,True,True,False,0.0,False,False,False,False,phase5b0_oracle_mpc
lhs_033,oracle_mpc,570.0,0.3489712751970262,0.34044718637446003,4.108246551001087,3.806001825485937,34.012944938124484,False,True,True,False,0.0,False,False,False,False,phase5b0_oracle_mpc
lhs_033,oracle_mpc,575.0,0.35009879216330664,0.3419692333622185,4.108246551001087,3.8065589230503485,34.020654623768145,False,True,True,False,0.0,False,False,False,False,phase5b0_oracle_mpc
lhs_033,oracle_mpc,580.0,0.3511666465768187,0.34154297683922547,3.8908587120905356,3.802350707784001,34.02370542702317,True,True,True,False,0.606606000001193,False,True,False,False,phase5b0_oracle_mpc
lhs_033,oracle_mpc,585.0,0.3522345009903307,0.34330836587993435,3.8908587120905356,3.8025214316111224,34.0264920564331,False,True,True,False,0.0,False,False,False,False,phase5b0_oracle_mpc
lhs_033,oracle_mpc,590.0,0.35330235540384275,0.343692073688041,3.8908587120905356,3.8027963590615346,34.02905280277753,False,True,True,False,0.0,False,False,False,False,phase5b0_oracle_mpc
lhs_033,oracle_mpc,595.0,0.3543702098173548,0.3446831672788869,3.8908587120905356,3.8031532036148588,34.03141783576665,False,True,True,False,0.0,False,False,False,False,phase5b0_oracle_mpc
lhs_033,oracle_mpc,600.0,0.3554380642308668,0.34520133806731457,3.8908587120905356,3.8035747785354164,34.03361106917649,False,True,True,False,0.0,False,False,False,False,phase5b0_oracle_mpc
lhs_033,oracle_mpc,605.0,0.3561579012551638,0.34561829428877444,2.622814610148592,3.7760080882307148,34.01284841021794,True,True,True,False,1.692360799999733,False,True,False,False,phase5b0_oracle_mpc
lhs_033,oracle_mpc,610.0,0.35687773827946073,0.34694286961707227,2.622814610148592,3.7738298710742524,33.99157842876628,False,True,True,False,0.0,False,False,False,False,phase5b0_oracle_mpc
lhs_033,oracle_mpc,615.0,0.3575975753037577,0.3473547312352595,2.622814610148592,3.772134943724126,33.969918773947775,False,True,True,False,0.0,False,False,False,False,phase5b0_oracle_mpc
lhs_033,oracle_mpc,620.0,0.35831741232805464,0.3490293056823709,2.622814610148592,3.7708163445037473,33.94796084848973,False,True,True,False,0.0,False,False,False,False,phase5b0_oracle_mpc
lhs_033,oracle_mpc,625.0,0.3590372493523516,0.3501138015500619,2.622814610148592,3.7697916855805573,33.92577589375777,False,True,True,False,0.0,False,False,False,False,phase5b0_oracle_mpc
lhs_033,oracle_mpc,630.0,0.3590372493523516,0.35275002979846176,0.0,3.7110011345866423,33.875194357878456,True,False,False,True,7.161316900004749,False,True,False,True,phase5b0_oracle_mpc
lhs_033,oracle_mpc,635.0,0.3590372493523516,0.35222331124671896,0.0,3.704819825642067,33.824936160670745,True,False,False,True,6.420301400001335,False,True,False,False,phase5b0_oracle_mpc
lhs_033,oracle_mpc,640.0,0.3590372493523516,0.35114266118144527,0.0,3.6997126856968516,33.77499932942966,False,False,False,True,0.0,False,False,False,False,phase5b0_oracle_mpc
lhs_033,oracle_mpc,645.0,0.3590372493523516,0.3514569642145698,0.0,3.695442036422442,33.72538180924496,False,False,False,True,0.0,False,False,False,False,phase5b0_oracle_mpc
lhs_033,oracle_mpc,650.0,0.3590372493523516,0.3523364020823822,0.0,3.691824800863479,33.6760815583461,False,False,False,True,0.0,False,False,False,False,phase5b0_oracle_mpc
lhs_033,oracle_mpc,655.0,0.3590372493523516,0.35216714593250414,0.0,3.688719897712468,33.62709654801824,False,False,False,True,0.0,False,False,False,False,phase5b0_oracle_mpc
lhs_033,oracle_mpc,660.0,0.3595861535879096,0.35310797490012097,2.0000000000000018,3.73024307389297,33.593592248423825,True,True,True,False,1.2819709000032162,False,True,False,True,phase5b0_oracle_mpc
lhs_033,oracle_mpc,665.0,0.3606839620590255,0.3535033633907499,4.000000000000002,3.7763319963369444,33.58906460108166,True,True,True,False,1.731150899999193,False,True,False,True,phase5b0_oracle_mpc
lhs_033,oracle_mpc,670.0,0.36206378178868276,0.3547769659106812,5.02754265779971,3.804708940386135,33.6064310614149,True,True,True,False,1.5053398000018205,False,True,False,False,phase5b0_oracle_mpc
lhs_033,oracle_mpc,675.0,0.36344360151834004,0.35574360601144545,5.02754265779971,3.81149070822834,33.62621747120251,False,True,True,False,0.0,False,False,False,False,phase5b0_oracle_mpc
lhs_033,oracle_mpc,680.0,0.3648234212479973,0.3565763090473036,5.02754265779971,3.817095120109164,33.647872757950324,False,True,True,False,0.0,False,False,False,False,phase5b0_oracle_mpc
lhs_033,oracle_mpc,685.0,0.3662032409776546,0.3580976818673402,5.02754265779971,3.8217905185029055,33.67097170482593,False,True,True,False,0.0,False,False,False,False,phase5b0_oracle_mpc
lhs_033,oracle_mpc,690.0,0.3675830607073119,0.3582292272541989,5.02754265779971,3.8257833714934426,33.695185878299,False,True,True,False,0.0,False,False,False,False,phase5b0_oracle_mpc
lhs_033,oracle_mpc,695.0,0.3687991158452602,0.35955609489883067,4.430846253945186,3.8160386260977366,33.70714135933135,True,True,True,False,1.3552142999978969,False,True,False,False,phase5b0_oracle_mpc
lhs_033,oracle_mpc,700.0,0.3700151709832085,0.36077540395897695,4.430846253945186,3.817799948423957,33.719305252829926,False,True,True,False,0.0,False,False,False,False,phase5b0_oracle_mpc
lhs_033,oracle_mpc,705.0,0.37123122612115683,0.3619371453780691,4.430846253945186,3.8194457159312862,33.73163028186829,False,True,True,False,0.0,False,False,False,False,phase5b0_oracle_mpc
lhs_033,oracle_mpc,710.0,0.37244728125910515,0.3638072028385431,4.430846253945186,3.821000982803039,33.74407946667366,False,True,True,False,0.0,False,False,False,False,phase5b0_oracle_mpc
lhs_033,oracle_mpc,715.0,0.37366333639705346,0.3646952291542562,4.430846253945186,3.822485074367624,33.75662379884374,False,True,True,False,0.0,False,False,False,False,phase5b0_oracle_mpc
lhs_033,oracle_mpc,720.0,0.37492420536602933,0.3668315439049885,4.594130951437121,3.8275233915959608,33.77275399505495,True,True,True,False,1.433455700003833,False,True,False,False,phase5b0_oracle_mpc
lhs_033,oracle_mpc,725.0,0.3761850743350052,0.36899525201958433,4.594130951437121,3.829253081111507,33.78904633861718,False,True,True,False,0.0,False,False,False,False,phase5b0_oracle_mpc
lhs_033,oracle_mpc,730.0,0.37744594330398107,0.37116892174812804,4.594130951437121,3.8308890596858225,33.80546114309845,False,True,True,False,0.0,False,False,False,False,phase5b0_oracle_mpc
lhs_033,oracle_mpc,735.0,0.37870681227295694,0.37311403947945315,4.594130951437121,3.8324512265761963,33.821967242289666,False,True,True,False,0.0,False,False,False,False,phase5b0_oracle_mpc
lhs_033,oracle_mpc,740.0,0.3799676812419328,0.3744307736743079,4.594130951437121,3.8339549493386977,33.838540037215594,False,True,True,False,0.0,False,False,False,False,phase5b0_oracle_mpc
lhs_033,oracle_mpc,745.0,0.3799676812419328,0.3747389608020668,0.0,3.733827853687015,33.78851643962849,True,False,False,True,1.4533370999997715,False,True,False,True,phase5b0_oracle_mpc
lhs_033,oracle_mpc,750.0,0.3799676812419328,0.3746052406737342,0.0,3.72549537733587,33.73881248699243,True,False,False,True,6.973739499997464,False,True,False,False,phase5b0_oracle_mpc
lhs_033,oracle_mpc,755.0,0.3799676812419328,0.37532322878845553,0.0,3.7187617644937974,33.689426356317206,False,False,False,True,0.0,False,False,False,False,phase5b0_oracle_mpc
lhs_033,oracle_mpc,760.0,0.3799676812419328,0.3754333341832738,0.0,3.713267291675426,33.640356015353994,False,False,False,True,0.0,False,False,False,False,phase5b0_oracle_mpc
lhs_033,oracle_mpc,765.0,0.3799676812419328,0.3757970177494881,0.0,3.708735058096515,33.59159944484879,False,False,False,True,0.0,False,False,False,False,phase5b0_oracle_mpc
lhs_033,oracle_mpc,770.0,0.3799676812419328,0.3749376431357039,0.0,3.704951859048194,33.5431546384593,False,False,False,True,0.0,False,False,False,False,phase5b0_oracle_mpc
lhs_033,oracle_mpc,775.0,0.3805165854774908,0.3749641375708742,1.9999999999999978,3.745976934787854,33.509938753293476,True,True,True,False,1.196452700001828,False,True,False,True,phase5b0_oracle_mpc
lhs_033,oracle_mpc,780.0,0.3816143939486067,0.37580673326181996,3.999999999999998,3.791705819585136,33.50531447517968,True,True,True,False,1.4645387999989907,False,True,False,True,phase5b0_oracle_mpc
lhs_033,oracle_mpc,785.0,0.3829843393808837,0.3766370775030102,4.99156444250956,3.8190335656064733,33.521544207627144,True,True,True,False,1.1955193999965559,False,True,False,False,phase5b0_oracle_mpc
lhs_033,oracle_mpc,790.0,0.38435428481316075,0.37811368809935375,4.99156444250956,3.8255670578955905,33.5400695590603,False,True,True,False,0.0,False,False,False,False,phase5b0_oracle_mpc
lhs_033,oracle_mpc,795.0,0.3857242302454378,0.3806992686726785,4.99156444250956,3.8309983821306397,33.560377816275555,False,True,True,False,0.0,False,False,False,False,phase5b0_oracle_mpc
lhs_033,oracle_mpc,800.0,0.3870941756777148,0.38151660818024286,4.99156444250956,3.8355781796802053,33.58207298326834,False,True,True,False,0.0,False,False,False,False,phase5b0_oracle_mpc
lhs_033,oracle_mpc,805.0,0.38846412110999184,0.38395295230802357,4.99156444250956,3.839499323340015,33.60484883045417,False,True,True,False,0.0,False,False,False,False,phase5b0_oracle_mpc
lhs_033,oracle_mpc,810.0,0.3892124724804475,0.3861512772743702,2.726710132578728,3.7928287691324747,33.58565130462218,True,False,False,True,0.44964449999679346,False,True,False,True,phase5b0_oracle_mpc
lhs_033,oracle_mpc,815.0,0.39034294246990253,0.3879544783066358,4.119006253635112,3.8218212025592053,33.5900234031002,True,True,True,False,1.2488959999973304,False,True,False,False,phase5b0_oracle_mpc
lhs_033,oracle_mpc,820.0,0.3914734124593576,0.3889708579310361,4.119006253635112,3.823478055611381,33.59461975037204,False,True,True,False,0.0,False,False,False,False,phase5b0_oracle_mpc
lhs_033,oracle_mpc,825.0,0.3926038824488126,0.3900295906680114,4.119006253635112,3.8250238991135306,33.59939749069843,False,True,True,False,0.0,False,False,False,False,phase5b0_oracle_mpc
lhs_033,oracle_mpc,830.0,0.39373435243826765,0.39020827849193757,4.119006253635112,3.8264830291800527,33.604323170201155,False,True,True,False,0.0,False,False,False,False,phase5b0_oracle_mpc
lhs_033,oracle_mpc,835.0,0.3948648224277227,0.39211090172592383,4.119006253635112,3.8278741820714353,33.60937052361497,False,True,True,False,0.0,False,False,False,False,phase5b0_oracle_mpc
lhs_033,oracle_mpc,840.0,0.3948648224277227,0.3926326322718577,0.0,3.7381272934029934,33.56081226162309,True,False,False,True,4.154480699995474,False,True,False,True,phase5b0_oracle_mpc
lhs_033,oracle_mpc,845.0,0.3948648224277227,0.39130523908070197,0.0,3.7306723385053098,33.51256431770474,True,False,False,True,4.633578799999668,False,True,False,False,phase5b0_oracle_mpc
lhs_033,oracle_mpc,850.0,0.3948648224277227,0.3922446418507434,0.0,3.7246438509709177,33.46462488559136,False,False,False,True,0.0,False,False,False,False,phase5b0_oracle_mpc
lhs_033,oracle_mpc,855.0,0.3948648224277227,0.39117446737553085,0.0,3.7197210375222736,33.41699199256607,False,False,False,True,0.0,False,False,False,False,phase5b0_oracle_mpc
lhs_033,oracle_mpc,860.0,0.3948648224277227,0.3918302283134535,0.0,3.7156569599318217,33.36966367852611,False,False,False,True,0.0,False,False,False,False,phase5b0_oracle_mpc
lhs_033,oracle_mpc,865.0,0.3948648224277227,0.3931155680480106,0.0,3.712261479466828,33.32263799590223,False,False,False,True,0.0,False,False,False,False,phase5b0_oracle_mpc
lhs_033,oracle_mpc,870.0,0.3954137266632807,0.3929631263740593,2.0000000000000013,3.7536145095922917,33.290035183270305,True,True,True,False,1.1155732000042917,False,True,False,True,phase5b0_oracle_mpc
lhs_033,oracle_mpc,875.0,0.3965115351343966,0.39421953545976446,4.000000000000001,3.79962560484203,33.285317847665794,True,True,True,False,1.5063596999971196,False,True,False,True,phase5b0_oracle_mpc
lhs_033,oracle_mpc,880.0,0.39776272891342845,0.3952840406125298,4.5588782085458845,3.8176310181225372,33.29255975685919,True,True,True,False,0.9332610000055865,False,True,False,False,phase5b0_oracle_mpc
lhs_033,oracle_mpc,885.0,0.39901392269246033,0.3950873448290006,4.5588782085458845,3.8234613524907997,33.301696802501446,False,True,True,False,0.0,False,False,False,False,phase5b0_oracle_mpc
lhs_033,oracle_mpc,890.0,0.4002651164714922,0.3961338734735351,4.5588782085458845,3.8283193794994457,33.312315441979536,False,True,True,False,0.0,False,False,False,False,phase5b0_oracle_mpc
lhs_033,oracle_mpc,895.0,0.4015163102505241,0.3962243286623094,4.5588782085458845,3.832424540231866,33.32409614731048,False,True,True,False,0.0,False,False,False,False,phase5b0_oracle_mpc
lhs_033,oracle_mpc,900.0,0.40276750402955597,0.39778743910024084,4.5588782085458845,3.8359461927855154,33.33679171129651,False,True,True,False,0.0,False,False,False,False,phase5b0_oracle_mpc
lhs_033,oracle_mpc,905.0,0.4040487204938925,0.39912138919746404,4.668269549912152,3.8414342470820717,33.35248948513006,True,True,True,False,0.885185699997237,False,True,False,False,phase5b0_oracle_mpc
lhs_033,oracle_mpc,910.0,0.40532993695822905,0.4012927609241238,4.668269549912152,3.844383839318359,33.368848561843905,False,True,True,False,0.0,False,False,False,False,phase5b0_oracle_mpc
lhs_033,oracle_mpc,915.0,0.4066111534225656,0.40222827222224355,4.668269549912152,3.847020427775271,33.38573363653513,False,True,True,False,0.0,False,False,False,False,phase5b0_oracle_mpc
lhs_033,oracle_mpc,920.0,0.40789236988690214,0.4030276231633898,4.668269549912152,3.849412513792615,33.40303922701428,False,True,True,False,0.0,False,False,False,False,phase5b0_oracle_mpc
lhs_033,oracle_mpc,925.0,0.4091735863512387,0.40440428229702746,4.668269549912152,3.8516128886788796,33.420682826819494,False,True,True,False,0.0,False,False,False,False,phase5b0_oracle_mpc
lhs_033,oracle_mpc,930.0,0.4104570416710003,0.405852264534709,4.676427094634965,3.8538426376710313,33.4387759665801,True,True,True,False,0.49852600000303937,False,True,False,False,phase5b0_oracle_mpc
lhs_033,oracle_mpc,935.0,0.4117404969907619,0.40743389871457397,4.676427094634965,3.8557897308804714,33.45709704106541,False,True,True,False,0.0,False,False,False,False,phase5b0_oracle_mpc
lhs_033,oracle_mpc,940.0,0.41302395231052347,0.40862154726276384,4.676427094634965,3.8576385993091304,33.475604152383426,False,True,True,False,0.0,False,False,False,False,phase5b0_oracle_mpc
lhs_033,oracle_mpc,945.0,0.41430740763028506,0.4099617263521558,4.676427094634965,3.859408653045119,33.494263859293916,False,True,True,False,0.0,False,False,False,False,phase5b0_oracle_mpc
lhs_033,oracle_mpc,950.0,0.41559086295004666,0.41106647938260765,4.676427094634965,3.861114919938353,33.51304926504519,False,True,True,False,0.0,False,False,False,False,phase5b0_oracle_mpc
lhs_033,oracle_mpc,955.0,0.4165652029194674,0.41269929565332764,3.550127349373966,3.837865774472961,33.509315647329394,True,True,True,False,0.3544758999996702,False,True,False,False,phase5b0_oracle_mpc
lhs_033,oracle_mpc,960.0,0.41753954288888817,0.4132466273438506,3.550127349373966,3.837087576296369,33.505094107868196,False,True,True,False,0.0,False,False,False,False,phase5b0_oracle_mpc
lhs_033,oracle_mpc,965.0,0.4185138828583089,0.41317419665166105,3.550127349373966,3.8366731805935594,33.50050508635941,False,True,True,False,0.0,False,False,False,False,phase5b0_oracle_mpc
lhs_033,oracle_mpc,970.0,0.4194882228277297,0.41315813299039483,3.550127349373966,3.83653854515387,33.49564112064844,False,True,True,False,0.0,False,False,False,False,phase5b0_oracle_mpc
lhs_033,oracle_mpc,975.0,0.42046256279715044,0.4135348217289623,3.550127349373966,3.836619046308926,33.49057334824926,False,True,True,False,0.0,False,False,False,False,phase5b0_oracle_mpc
lhs_033,oracle_mpc,980.0,0.42156091930167333,0.41444282240697783,4.001996827029132,3.846855860689702,33.493728188004255,True,True,True,False,1.2242370000021765,False,True,False,False,phase5b0_oracle_mpc
lhs_033,oracle_mpc,985.0,0.4226592758061962,0.4152415104368701,4.001996827029132,3.8481873647874876,33.49700697259596,False,True,True,False,0.0,False,False,False,False,phase5b0_oracle_mpc
lhs_033,oracle_mpc,990.0,0.4237576323107191,0.41581539252522326,4.001996827029132,3.849456357870057,33.500386590226725,False,True,True,False,0.0,False,False,False,False,phase5b0_oracle_mpc
lhs_033,oracle_mpc,995.0,0.424855988815242,0.4175026417391851,4.001996827029132,3.850676181278529,33.503848927851955,False,True,True,False,0.0,False,False,False,False,phase5b0_oracle_mpc
lhs_033,oracle_mpc,1000.0,0.4259543453197649,0.41816429077578404,4.001996827029132,3.851857130913586,33.507379707646955,False,True,True,False,0.0,False,False,False,False,phase5b0_oracle_mpc
lhs_033,oracle_mpc,1005.0,0.42720351310811505,0.4181323022935381,4.551496262659908,3.8651563233086788,33.52212052044425,True,True,True,False,0.8918660999988788,False,True,False,False,phase5b0_oracle_mpc
lhs_033,oracle_mpc,1010.0,0.4284526808964652,0.42003768102835065,4.551496262659908,3.8674466738214295,33.537266170677356,False,True,True,False,0.0,False,False,False,False,phase5b0_oracle_mpc
lhs_033,oracle_mpc,1015.0,0.42970184868481537,0.421224544052549,4.551496262659908,3.8695220322541997,33.55272601759559,False,True,True,False,0.0,False,False,False,False,phase5b0_oracle_mpc
lhs_033,oracle_mpc,1020.0,0.4309510164731655,0.4224058341492904,4.551496262659908,3.8714297926772896,33.56842956147303,False,True,True,False,0.0,False,False,False,False,phase5b0_oracle_mpc
lhs_033,oracle_mpc,1025.0,0.4322001842615157,0.4233299112876839,4.551496262659908,3.87320647509888,33.58432179225349,False,True,True,False,0.0,False,False,False,False,phase5b0_oracle_mpc
lhs_033,oracle_mpc,1030.0,0.4334249135663928,0.42514326815629344,4.462451646532269,3.8729115391572413,33.598450421112126,True,True,True,False,0.29239789999701316,False,True,False,False,phase5b0_oracle_mpc
lhs_033,oracle_mpc,1035.0,0.4346496428712699,0.4263766924438016,4.462451646532269,3.8743153306050697,33.61263236052006,False,True,True,False,0.0,False,False,False,False,phase5b0_oracle_mpc
lhs_033,oracle_mpc,1040.0,0.435874372176147,0.42872707159294143,4.462451646532269,3.8756862868143513,33.62685447279574,False,True,True,False,0.0,False,False,False,False,phase5b0_oracle_mpc
lhs_033,oracle_mpc,1045.0,0.4370991014810241,0.42984253650542437,4.462451646532269,3.8770302935947627,33.641106051631354,False,True,True,False,0.0,False,False,False,False,phase5b0_oracle_mpc
lhs_033,oracle_mpc,1050.0,0.4383238307859012,0.4300347078448583,4.462451646532269,3.8783519364171606,33.6553782867946,False,True,True,False,0.0,False,False,False,False,phase5b0_oracle_mpc
lhs_033,oracle_mpc,1055.0,0.4395095771882196,0.43180217902078594,4.320412653085457,3.8765144678892747,33.666652488609856,True,True,True,False,0.28192780000244966,False,True,False,False,phase5b0_oracle_mpc
lhs_033,oracle_mpc,1060.0,0.440695323590538,0.43284173916726043,4.320412653085457,3.877500257671718,33.67784732523995,False,True,True,False,0.0,False,False,False,False,phase5b0_oracle_mpc
lhs_033,oracle_mpc,1065.0,0.44188106999285637,0.4343537116773441,4.320412653085457,3.8785226746544694,33.68897791873031,False,True,True,False,0.0,False,False,False,False,phase5b0_oracle_mpc
lhs_033,oracle_mpc,1070.0,0.44306681639517476,0.43636416564857317,4.320412653085457,3.8795721827758793,33.700055527282984,False,True,True,False,0.0,False,False,False,False,phase5b0_oracle_mpc
lhs_033,oracle_mpc,1075.0,0.44425256279749314,0.4371957893054357,4.320412653085457,3.8806414904803335,33.71108845903761,False,True,True,False,0.0,False,False,False,False,phase5b0_oracle_mpc
lhs_033,oracle_mpc,1080.0,0.4454590796369265,0.43720585061411715,4.396092291788912,3.883398231799393,33.723680385301414,True,True,True,False,0.46717029999854276,False,True,False,False,phase5b0_oracle_mpc
lhs_033,oracle_mpc,1085.0,0.44666559647635984,0.4380032915918709,4.396092291788912,3.8846522068207485,33.736284078285394,False,True,True,False,0.0,False,False,False,False,phase5b0_oracle_mpc
lhs_033,oracle_mpc,1090.0,0.4478721133157932,0.44030162522862315,4.396092291788912,3.8858861163243232,33.74889165127586,False,True,True,False,0.0,False,False,False,False,phase5b0_oracle_mpc
lhs_033,oracle_mpc,1095.0,0.44907863015522653,0.441549412742819,4.396092291788912,3.8871035379699195,33.761496675952394,False,True,True,False,0.0,False,False,False,False,phase5b0_oracle_mpc
lhs_033,oracle_mpc,1100.0,0.4502851469946599,0.4427847162040431,4.396092291788912,3.8883072655175823,33.77409385574801,False,True,True,False,0.0,False,False,False,False,phase5b0_oracle_mpc
lhs_033,oracle_mpc,1105.0,0.4502851469946599,0.4432950990463394,0.0,3.7923052758960973,33.72448233185488,True,False,False,True,0.2494758000029833,False,True,False,True,phase5b0_oracle_mpc
lhs_033,oracle_mpc,1110.0,0.4502851469946599,0.4433527384338762,0.0,3.7841668587848534,33.67518783248387,True,False,False,True,4.0608830000055605,False,True,False,False,phase5b0_oracle_mpc
lhs_033,oracle_mpc,1115.0,0.4502851469946599,0.4445377894104232,0.0,3.777578864597496,33.62620853690687,False,False,False,True,0.0,False,False,False,False,phase5b0_oracle_mpc
lhs_033,oracle_mpc,1120.0,0.4502851469946599,0.4450835786194133,0.0,3.772192868340305,33.57754242961641,False,False,False,True,0.0,False,False,False,False,phase5b0_oracle_mpc
lhs_033,oracle_mpc,1125.0,0.4502851469946599,0.44454385295260596,0.0,3.767740654178049,33.52918750799277,False,False,False,True,0.0,False,False,False,False,phase5b0_oracle_mpc
lhs_033,oracle_mpc,1130.0,0.4502851469946599,0.44567661939068454,0.0,3.7640156927279604,33.4811417822216,False,False,False,True,0.0,False,False,False,False,phase5b0_oracle_mpc
lhs_033,oracle_mpc,1135.0,0.45083405123021786,0.44561457931409676,2.0,3.8050773171668855,33.44836871489112,True,True,True,False,0.5455127999957767,False,True,False,True,phase5b0_oracle_mpc
lhs_033,oracle_mpc,1140.0,0.45193185970133376,0.44566265128443405,3.9999999999999987,3.850825039628404,33.444241821501556,True,True,True,False,1.1660239999982878,False,True,False,True,phase5b0_oracle_mpc
lhs_033,oracle_mpc,1145.0,0.4533525047855238,0.4467490743299211,5.1762948513084535,3.8822437925020084,33.46493997883895,True,True,True,False,1.3175956000050064,False,True,False,False,phase5b0_oracle_mpc
lhs_033,oracle_mpc,1150.0,0.45477314986971384,0.4485877058675998,5.1762948513084535,3.8891684534811994,33.488160237794204,False,True,True,False,0.0,False,False,False,False,phase5b0_oracle_mpc
lhs_033,oracle_mpc,1155.0,0.4561937949539039,0.45117707543525154,5.1762948513084535,3.8949199568065356,33.51333672978966,False,True,True,False,0.0,False,False,False,False,phase5b0_oracle_mpc
lhs_033,oracle_mpc,1160.0,0.45761444003809393,0.45268580908053596,5.1762948513084535,3.899764998589239,33.54003238459629,False,True,True,False,0.0,False,False,False,False,phase5b0_oracle_mpc
lhs_033,oracle_mpc,1165.0,0.45903508512228397,0.4538517823961282,5.1762948513084535,3.9039088076872495,33.56790918666085,False,True,True,False,0.0,False,False,False,False,phase5b0_oracle_mpc
lhs_033,oracle_mpc,1170.0,0.46032630655434437,0.4553963485118434,4.704723878648412,3.8970828763274565,33.5860609313584,True,True,True,False,0.7377353000047151,False,True,False,False,phase5b0_oracle_mpc
lhs_033,oracle_mpc,1175.0,0.46161752798640476,0.4560897555037878,4.704723878648412,3.8992613758782935,33.604543918556004,False,True,True,False,0.0,False,False,False,False,phase5b0_oracle_mpc
lhs_033,oracle_mpc,1180.0,0.46290874941846516,0.4567553692171176,4.704723878648412,3.901278942806464,33.62328777434836,False,True,True,False,0.0,False,False,False,False,phase5b0_oracle_mpc
lhs_033,oracle_mpc,1185.0,0.46419997085052556,0.45748404619008964,4.704723878648412,3.9031702192836866,33.642237279037644,False,True,True,False,0.0,False,False,False,False,phase5b0_oracle_mpc
lhs_033,oracle_mpc,1190.0,0.46549119228258595,0.4595995072926355,4.704723878648412,3.9049619366342894,33.66134892959557,False,True,True,False,0.0,False,False,False,False,phase5b0_oracle_mpc
lhs_033,oracle_mpc,1195.0,0.46672081211910027,0.4607986733630591,4.480270899219356,3.901711875453551,33.67569646963706,True,True,True,False,0.11169260000315262,False,True,False,False,phase5b0_oracle_mpc
lhs_033,oracle_mpc,1200.0,0.4679504319556146,0.4621785744630934,4.480270899219356,3.90288537547024,33.68999667194975,False,True,True,False,0.0,False,False,False,False,phase5b0_oracle_mpc
lhs_033,oracle_mpc,1205.0,0.4691800517921289,0.4633305297221151,4.480270899219356,3.9040877999946644,33.704261673568006,False,True,True,False,0.0,False,False,False,False,phase5b0_oracle_mpc
lhs_033,oracle_mpc,1210.0,0.4704096716286432,0.4639164101766173,4.480270899219356,3.905310888140851,33.71850013307499,False,True,True,False,0.0,False,False,False,False,phase5b0_oracle_mpc
lhs_033,oracle_mpc,1215.0,0.47163929146515754,0.46474545886060387,4.480270899219356,3.906548351163131,33.732718069911584,False,True,True,False,0.0,False,False,False,False,phase5b0_oracle_mpc
lhs_033,oracle_mpc,1220.0,0.4728214393537038,0.465889195533743,4.307301026178418,3.90397070662811,33.743249966355876,True,True,True,False,0.6485896000012872,False,True,False,False,phase5b0_oracle_mpc
lhs_033,oracle_mpc,1225.0,0.47400358724225006,0.46760665324420175,4.307301026178418,3.9048564736311513,33.753663735980545,False,True,True,False,0.0,False,False,False,False,phase5b0_oracle_mpc
lhs_033,oracle_mpc,1230.0,0.4751857351307963,0.4693150415268843,4.307301026178418,3.905806776694598,33.76398521636572,False,True,True,False,0.0,False,False,False,False,phase5b0_oracle_mpc
lhs_033,oracle_mpc,1235.0,0.4763678830193426,0.470943414080892,4.307301026178418,3.9068058285119234,33.7742338804153,False,True,True,False,0.0,False,False,False,False,phase5b0_oracle_mpc
lhs_033,oracle_mpc,1240.0,0.47755003090788883,0.47200374021669284,4.307301026178418,3.907841531632443,33.784424330061086,False,True,True,False,0.0,False,False,False,False,phase5b0_oracle_mpc
lhs_033,oracle_mpc,1245.0,0.47755003090788883,0.4733341920970263,0.0,3.813656870472063,33.73474674229517,True,False,False,True,0.4787634000022081,False,True,False,True,phase5b0_oracle_mpc
lhs_033,oracle_mpc,1250.0,0.47755003090788883,0.47371994492693503,0.0,3.8055901956587435,33.685386609209345,True,False,False,True,4.963622399998712,False,True,False,False,phase5b0_oracle_mpc
lhs_033,oracle_mpc,1255.0,0.47755003090788883,0.47443546874373843,0.0,3.799064948365089,33.63634209959915,False,False,False,True,0.0,False,False,False,False,phase5b0_oracle_mpc
lhs_033,oracle_mpc,1260.0,0.47755003090788883,0.4748627482612816,0.0,3.7937345571250525,33.58761119527356,False,False,False,True,0.0,False,False,False,False,phase5b0_oracle_mpc
lhs_033,oracle_mpc,1265.0,0.47755003090788883,0.4752600556279354,0.0,3.7893322380610197,33.53919189094644,False,False,False,True,0.0,False,False,False,False,phase5b0_oracle_mpc
lhs_033,oracle_mpc,1270.0,0.47755003090788883,0.47483851220043255,0.0,3.785652569378591,33.49108219415408,False,False,False,True,0.0,False,False,False,False,phase5b0_oracle_mpc
lhs_033,oracle_mpc,1275.0,0.4780989351434468,0.4754206546361868,2.000000000000001,3.826763369787399,33.458070414184974,True,True,True,False,1.5149655999994138,False,True,False,True,phase5b0_oracle_mpc
lhs_033,oracle_mpc,1280.0,0.4791967436145627,0.4741370423389871,4.000000000000002,3.8725653581889854,33.453543799163626,True,True,True,False,1.5316452999977628,False,True,False,True,phase5b0_oracle_mpc
lhs_033,oracle_mpc,1285.0,0.48060339839402894,0.475582682214429,5.1253194577240775,3.9029142793750835,33.47266672280733,True,True,True,False,1.6719071999978041,False,True,False,False,phase5b0_oracle_mpc
lhs_033,oracle_mpc,1290.0,0.48201005317349516,0.47620462700220473,5.1253194577240775,3.9097870742757586,33.494266056711254,False,True,True,False,0.0,False,False,False,False,phase5b0_oracle_mpc
lhs_033,oracle_mpc,1295.0,0.4834167079529614,0.4777861019933666,5.1253194577240775,3.9155041220619227,33.51778920233169,False,True,True,False,0.0,False,False,False,False,phase5b0_oracle_mpc
lhs_033,oracle_mpc,1300.0,0.4848233627324276,0.47942831437748834,5.1253194577240775,3.9203283131724307,33.54280927071174,False,True,True,False,0.0,False,False,False,False,phase5b0_oracle_mpc
lhs_033,oracle_mpc,1305.0,0.4862300175118938,0.4807448126842545,5.1253194577240775,3.924461951157941,33.56899605547868,False,True,True,False,0.0,False,False,False,False,phase5b0_oracle_mpc
lhs_033,oracle_mpc,1310.0,0.48746692296303246,0.4828632497738968,4.506816930939958,3.91438227361372,33.58244507400329,True,True,True,False,1.2069698999985121,False,True,False,False,phase5b0_oracle_mpc
lhs_033,oracle_mpc,1315.0,0.4887038284141711,0.4835600963723258,4.506816930939958,3.91625044125087,33.596120685924944,False,True,True,False,0.0,False,False,False,False,phase5b0_oracle_mpc
lhs_033,oracle_mpc,1320.0,0.48994073386530973,0.4851314697364255,4.506816930939958,3.9180148513065673,33.609979011984784,False,True,True,False,0.0,False,False,False,False,phase5b0_oracle_mpc
lhs_033,oracle_mpc,1325.0,0.49117763931644837,0.4865735560177659,4.506816930939958,3.919697441453368,33.62398534113084,False,True,True,False,0.0,False,False,False,False,phase5b0_oracle_mpc
lhs_033,oracle_mpc,1330.0,0.492414544767587,0.4886559941668098,4.506816930939958,3.921315163068368,33.63811207773397,False,True,True,False,0.0,False,False,False,False,phase5b0_oracle_mpc
lhs_033,oracle_mpc,1335.0,0.4935890901661432,0.4895492409630832,4.279600420143467,3.9178557195153427,33.64757532815809,True,True,True,False,0.4687779000014416,False,True,False,False,phase5b0_oracle_mpc
lhs_033,oracle_mpc,1340.0,0.49476363556469943,0.4902415505061232,4.279600420143467,3.918896350540601,33.65697823089687,False,True,True,False,0.0,False,False,False,False,phase5b0_oracle_mpc
lhs_033,oracle_mpc,1345.0,0.49593818096325565,0.49098673490297023,4.279600420143467,3.919983689125997,33.66633902966454,False,True,True,False,0.0,False,False,False,False,phase5b0_oracle_mpc
lhs_033,oracle_mpc,1350.0,0.49711272636181186,0.49199485703445134,4.279600420143467,3.9211058078250955,33.675671183797824,False,True,True,False,0.0,False,False,False,False,phase5b0_oracle_mpc
lhs_033,oracle_mpc,1355.0,0.4982872717603681,0.4928111547533275,4.279600420143467,3.922253588997121,33.68498450461262,False,True,True,False,0.0,False,False,False,False,phase5b0_oracle_mpc
lhs_033,oracle_mpc,1360.0,0.4994718259377803,0.4941944316435073,4.316068635207743,3.924226723440403,33.695040106418496,True,True,True,False,1.3288399999946705,False,True,False,False,phase5b0_oracle_mpc
lhs_033,oracle_mpc,1365.0,0.5006563801151925,0.49555091786493594,4.316068635207743,3.9254839639548793,33.70511075143829,False,True,True,False,0.0,False,False,False,False,phase5b0_oracle_mpc
lhs_033,oracle_mpc,1370.0,0.5018409342926048,0.49724031711180466,4.316068635207743,3.926735548230936,33.71519456694612,False,True,True,False,0.0,False,False,False,False,phase5b0_oracle_mpc
lhs_033,oracle_mpc,1375.0,0.503025488470017,0.4980677915774805,4.316068635207743,3.9279811072538,33.72528961357231,False,True,True,False,0.0,False,False,False,False,phase5b0_oracle_mpc
lhs_033,oracle_mpc,1380.0,0.5042100426474293,0.49984830113085554,4.316068635207743,3.9292205928069825,33.735393916607514,False,True,True,False,0.0,False,False,False,False,phase5b0_oracle_mpc
lhs_033,oracle_mpc,1385.0,0.5042100426474293,0.501998438284214,0.0,3.8349869064742927,33.68602984266511,True,False,False,True,4.862513000000035,False,True,False,True,phase5b0_oracle_mpc
lhs_033,oracle_mpc,1390.0,0.5047589468829873,0.5016603931865338,1.9999999999999984,3.871259688844187,33.655569094848175,True,True,True,False,1.8101231999971787,False,True,False,True,phase5b0_oracle_mpc
lhs_033,oracle_mpc,1395.0,0.5058567553541032,0.5023993118618464,3.9999999999999982,3.913317408440347,33.65601617605945,True,True,True,False,2.1440698000005796,False,True,False,True,phase5b0_oracle_mpc
lhs_033,oracle_mpc,1400.0,0.5069443984992765,0.5035674809617822,3.9629613863980957,3.915050328730897,33.656334286797886,True,True,True,False,0.607762300001923,False,True,False,False,phase5b0_oracle_mpc
lhs_033,oracle_mpc,1405.0,0.5080320416444498,0.5050835440332412,3.9629613863980957,3.9171817726852094,33.6570731261225,False,True,True,False,0.0,False,False,False,False,phase5b0_oracle_mpc
lhs_033,oracle_mpc,1410.0,0.5091196847896231,0.5064634277319443,3.9629613863980957,3.9190626263664106,33.65814017987413,False,True,True,False,0.0,False,False,False,False,phase5b0_oracle_mpc
lhs_033,oracle_mpc,1415.0,0.5102073279347964,0.5072591266656565,3.9629613863980957,3.920750047498219,33.65946404371361,False,True,True,False,0.0,False,False,False,False,phase5b0_oracle_mpc
lhs_033,oracle_mpc,1420.0,0.5112949710799697,0.5081029205749449,3.9629613863980957,3.9222880189280565,33.660989556257576,False,True,True,False,0.0,False,False,False,False,phase5b0_oracle_mpc
lhs_033,oracle_mpc,1425.0,0.512395044329188,0.5095939620724111,4.008251997181645,3.9247121615584306,33.663548346630265,True,True,True,False,0.9931492000032449,False,True,False,False,phase5b0_oracle_mpc
lhs_033,oracle_mpc,1430.0,0.5134951175784064,0.5097897646272973,4.008251997181645,3.926141449101885,33.66625941329936,False,True,True,False,0.0,False,False,False,False,phase5b0_oracle_mpc
lhs_033,oracle_mpc,1435.0,0.5145951908276247,0.5121236116910862,4.008251997181645,3.9274852030229646,33.669090847108386,False,True,True,False,0.0,False,False,False,False,phase5b0_oracle_mpc
lhs_033,oracle_mpc,1440.0,0.5156952640768431,0.5128246840869979,4.008251997181645,3.9287624847188733,33.6720178542658,False,True,True,False,0.0,False,False,False,False,phase5b0_oracle_mpc
lhs_033,oracle_mpc,1445.0,0.5167953373260614,0.5135567663894924,4.008251997181645,3.9299879829389437,33.675021118999126,False,True,True,False,0.0,False,False,False,False,phase5b0_oracle_mpc
lhs_033,oracle_mpc,1450.0,0.5179592413783293,0.5144871603279129,4.240827367946027,3.9363173097037136,33.6827152235657,True,True,True,False,1.7325024000019766,False,True,False,False,phase5b0_oracle_mpc
lhs_033,oracle_mpc,1455.0,0.5191231454305971,0.5157088298269397,4.240827367946027,3.9379659807825362,33.69059800751856,False,True,True,False,0.0,False,False,False,False,phase5b0_oracle_mpc
lhs_033,oracle_mpc,1460.0,0.520287049482865,0.5174108683133901,4.240827367946027,3.939507222388548,33.698627118309474,False,True,True,False,0.0,False,False,False,False,phase5b0_oracle_mpc
lhs_033,oracle_mpc,1465.0,0.5214509535351328,0.5176933472566574,4.240827367946027,3.9409647496333537,33.70676958188336,False,True,True,False,0.0,False,False,False,False,phase5b0_oracle_mpc
lhs_033,oracle_mpc,1470.0,0.5226148575874007,0.5191088017455695,4.240827367946027,3.942356845308569,33.714999639359206,False,True,True,False,0.0,False,False,False,False,phase5b0_oracle_mpc
lhs_033,oracle_mpc,1475.0,0.5226148575874007,0.5199905263518434,0.0,3.8498942863229204,33.665765965913515,True,False,False,True,0.9034669999964535,False,True,False,True,phase5b0_oracle_mpc
lhs_033,oracle_mpc,1480.0,0.5226148575874007,0.5204340790055079,0.0,3.842160952977495,33.61684691657347,True,False,False,True,6.1305919000005815,False,True,False,False,phase5b0_oracle_mpc
lhs_033,oracle_mpc,1485.0,0.5226148575874007,0.5204007286331834,0.0,3.8358992669567327,33.56824067028747,False,False,False,True,0.0,False,False,False,False,phase5b0_oracle_mpc
lhs_033,oracle_mpc,1490.0,0.5226148575874007,0.5206950873142079,0.0,3.8307785641225345,33.51994522689911,False,False,False,True,0.0,False,False,False,False,phase5b0_oracle_mpc
lhs_033,oracle_mpc,1495.0,0.5226148575874007,0.5202047112375967,0.0,3.826544299099702,33.471958599041564,False,False,False,True,0.0,False,False,False,False,phase5b0_oracle_mpc
lhs_033,oracle_mpc,1500.0,0.5226148575874007,0.520498405644937,0.0,3.82300046721756,33.424278812055825,False,False,False,True,0.0,False,False,False,False,phase5b0_oracle_mpc
lhs_033,oracle_mpc,1505.0,0.5231637618229587,0.5207518767487389,2.000000000000006,3.8642342572987234,33.391484046298324,True,True,True,False,1.7289266000007046,False,True,False,True,phase5b0_oracle_mpc
lhs_033,oracle_mpc,1510.0,0.5242615702940746,0.5217916032477781,4.000000000000007,3.9101515007922805,33.386994812331764,True,True,True,False,1.9469421999965562,False,True,False,True,phase5b0_oracle_mpc
lhs_033,oracle_mpc,1515.0,0.5256105912184361,0.5226730503646962,4.915323427920859,3.9359614048530855,33.401681435653224,True,True,True,False,1.7563016999993124,False,True,False,False,phase5b0_oracle_mpc
lhs_033,oracle_mpc,1520.0,0.5269596121427976,0.5237892538294361,4.915323427920859,3.942479970036527,33.41862104170316,False,True,True,False,0.0,False,False,False,False,phase5b0_oracle_mpc
lhs_033,oracle_mpc,1525.0,0.5283086330671591,0.524476906246266,4.915323427920859,3.947906999151019,33.43731345318888,False,True,True,False,0.0,False,False,False,False,phase5b0_oracle_mpc
lhs_033,oracle_mpc,1530.0,0.5296576539915206,0.5245164390195243,4.915323427920859,3.9524906668941737,33.457372288649644,False,True,True,False,0.0,False,False,False,False,phase5b0_oracle_mpc
lhs_033,oracle_mpc,1535.0,0.5310066749158822,0.5257748987134536,4.915323427920859,3.9564219536496776,33.47849869100669,False,True,True,False,0.0,False,False,False,False,phase5b0_oracle_mpc
lhs_033,oracle_mpc,1540.0,0.5318353382678883,0.5273289250595172,3.0193367014696433,3.917908315431534,33.464237727282594,True,True,True,False,0.4562742999987677,False,True,False,False,phase5b0_oracle_mpc
lhs_033,oracle_mpc,1545.0,0.5326640016198945,0.5276401968402479,3.0193367014696433,3.9169007667867652,33.44959996137338,False,True,True,False,0.0,False,False,False,False,phase5b0_oracle_mpc
lhs_033,oracle_mpc,1550.0,0.5334926649719006,0.5281466486870033,3.0193367014696433,3.9162599135513574,33.43468804435996,False,True,True,False,0.0,False,False,False,False,phase5b0_oracle_mpc
lhs_033,oracle_mpc,1555.0,0.5343213283239068,0.5288683283603851,3.0193367014696433,3.9159021229711177,33.41958095915978,False,True,True,False,0.0,False,False,False,False,phase5b0_oracle_mpc
lhs_033,oracle_mpc,1560.0,0.5351499916759129,0.5295761561276309,3.0193367014696433,3.9157630595289583,33.404339569978546,False,True,True,False,0.0,False,False,False,False,phase5b0_oracle_mpc
lhs_033,oracle_mpc,1565.0,0.5351499916759129,0.5311550842593743,0.0,3.849003222345334,33.357092265982246,True,False,False,True,4.66359559999546,False,True,False,True,phase5b0_oracle_mpc
lhs_033,oracle_mpc,1570.0,0.5351499916759129,0.5313785039272141,0.0,3.8427277220634117,33.31014696873565,True,False,False,True,6.719325899997784,False,True,False,False,phase5b0_oracle_mpc
lhs_033,oracle_mpc,1575.0,0.5351499916759129,0.5327916133176044,0.0,3.8376244776541104,33.26350185378102,False,False,False,True,0.0,False,False,False,False,phase5b0_oracle_mpc
lhs_033,oracle_mpc,1580.0,0.5351499916759129,0.5319961052660375,0.0,3.8334308859577906,33.217155001662896,False,False,False,True,0.0,False,False,False,False,phase5b0_oracle_mpc
lhs_033,oracle_mpc,1585.0,0.5351499916759129,0.5309996362112178,0.0,3.8299447708559966,33.17110450519933,False,False,False,True,0.0,False,False,False,False,phase5b0_oracle_mpc
lhs_033,oracle_mpc,1590.0,0.5351499916759129,0.5300541804975611,0.0,3.827010429610047,33.12534846940352,False,False,False,True,0.0,False,False,False,False,phase5b0_oracle_mpc
lhs_033,oracle_mpc,1595.0,0.5356988959114709,0.5300963608972759,2.0000000000000067,3.8687493596717797,33.09342131331485,True,True,True,False,1.587510100005602,False,True,False,True,phase5b0_oracle_mpc
lhs_033,oracle_mpc,1600.0,0.5367967043825869,0.5298472385113454,4.000000000000006,3.9150916175576684,33.088895339089625,True,True,True,False,1.9010411999988719,False,True,False,True,phase5b0_oracle_mpc
lhs_033,oracle_mpc,1605.0,0.5381998599367933,0.5302906047173691,5.112569600707006,3.9456267166701475,33.107287411677646,True,True,True,False,1.6225876000025892,False,True,False,False,phase5b0_oracle_mpc
lhs_033,oracle_mpc,1610.0,0.5396030154909998,0.5320736738821666,5.112569600707006,3.952877330614441,33.12830345937725,False,True,True,False,0.0,False,False,False,False,phase5b0_oracle_mpc
lhs_033,oracle_mpc,1615.0,0.5410061710452062,0.5332162519868412,5.112569600707006,3.9589270011922553,33.15137070254999,False,True,True,False,0.0,False,False,False,False,phase5b0_oracle_mpc
lhs_033,oracle_mpc,1620.0,0.5424093265994127,0.5351793212108387,5.112569600707006,3.9640480215705507,33.17604623408083,False,True,True,False,0.0,False,False,False,False,phase5b0_oracle_mpc
lhs_033,oracle_mpc,1625.0,0.5438124821536191,0.5355121258756309,5.112569600707006,3.968449960647964,33.20198704818261,False,True,True,False,0.0,False,False,False,False,phase5b0_oracle_mpc
lhs_033,oracle_mpc,1630.0,0.5450461674221054,0.535597038634303,4.49508379993566,3.9586335785315887,33.21559244690461,True,True,True,False,1.386554899996554,False,True,False,False,phase5b0_oracle_mpc
lhs_033,oracle_mpc,1635.0,0.5462798526905918,0.5371209648520506,4.49508379993566,3.960726194888602,33.229494669993024,False,True,True,False,0.0,False,False,False,False,phase5b0_oracle_mpc
lhs_033,oracle_mpc,1640.0,0.5475135379590781,0.5382505509343725,4.49508379993566,3.962699544326542,33.243643421779225,False,True,True,False,0.0,False,False,False,False,phase5b0_oracle_mpc
lhs_033,oracle_mpc,1645.0,0.5487472232275644,0.5397676459945161,4.49508379993566,3.96457827026601,33.25799868427704,False,True,True,False,0.0,False,False,False,False,phase5b0_oracle_mpc
lhs_033,oracle_mpc,1650.0,0.5499809084960507,0.5409192803599573,4.49508379993566,3.9663814339690715,33.2725284188531,False,True,True,False,0.0,False,False,False,False,phase5b0_oracle_mpc
lhs_033,oracle_mpc,1655.0,0.5512975761690267,0.5422828325024246,4.797440382793069,3.9748133367168106,33.29368313521356,True,True,True,False,1.6321156999983941,False,True,False,False,phase5b0_oracle_mpc
lhs_033,oracle_mpc,1660.0,0.5526142438420028,0.5431067608736043,4.797440382793069,3.977152329430021,33.31518147934342,False,True,True,False,0.0,False,False,False,False,phase5b0_oracle_mpc
lhs_033,oracle_mpc,1665.0,0.5539309115149788,0.5455976497044469,4.797440382793069,3.9793439187886226,33.33695713144679,False,True,True,False,0.0,False,False,False,False,phase5b0_oracle_mpc
lhs_033,oracle_mpc,1670.0,0.5552475791879548,0.5460046118331462,4.797440382793069,3.981419109100214,33.35895764638087,False,True,True,False,0.0,False,False,False,False,phase5b0_oracle_mpc
lhs_033,oracle_mpc,1675.0,0.5565642468609308,0.5476953512749058,4.797440382793069,3.983401863925401,33.38114128253278,False,True,True,False,0.0,False,False,False,False,phase5b0_oracle_mpc
lhs_033,oracle_mpc,1680.0,0.5578401538288563,0.5491854698468844,4.648923747613725,3.9820245160146936,33.400198124852096,True,True,True,False,0.20612719999917317,False,True,False,False,phase5b0_oracle_mpc
lhs_033,oracle_mpc,1685.0,0.5591160607967819,0.5504277211761714,4.648923747613725,3.983556218613519,33.419274833729105,False,True,True,False,0.0,False,False,False,False,phase5b0_oracle_mpc
lhs_033,oracle_mpc,1690.0,0.5603919677647075,0.5536753016592182,4.648923747613725,3.985092104897234,33.43837278035529,False,True,True,False,0.0,False,False,False,False,phase5b0_oracle_mpc
lhs_033,oracle_mpc,1695.0,0.561667874732633,0.5540183641860146,4.648923747613725,3.9866290609812522,33.45749195798317,False,True,True,False,0.0,False,False,False,False,phase5b0_oracle_mpc
lhs_033,oracle_mpc,1700.0,0.5629437817005586,0.555267746999454,4.648923747613725,3.9881647877146156,33.47663134514376,False,True,True,False,0.0,False,False,False,False,phase5b0_oracle_mpc
lhs_033,oracle_mpc,1705.0,0.5641635771358983,0.5571294078926601,4.444474486882933,3.985173270593663,33.49136528165257,True,True,True,False,0.3272050000014133,False,True,False,False,phase5b0_oracle_mpc
lhs_033,oracle_mpc,1710.0,0.5653833725712379,0.5584080579582984,4.444474486882933,3.9862641801762178,33.50598557105435,False,True,True,False,0.0,False,False,False,False,phase5b0_oracle_mpc
lhs_033,oracle_mpc,1715.0,0.5666031680065776,0.5593753114412109,4.444474486882933,3.9874224448614,33.520519592333414,False,True,True,False,0.0,False,False,False,False,phase5b0_oracle_mpc
lhs_033,oracle_mpc,1720.0,0.5678229634419173,0.5609848942087172,4.444474486882933,3.9886312496776806,33.534987724117514,False,True,True,False,0.0,False,False,False,False,phase5b0_oracle_mpc
lhs_033,oracle_mpc,1725.0,0.569042758877257,0.5624778407586222,4.444474486882933,3.9898777318888787,33.54940499661339,False,True,True,False,0.0,False,False,False,False,phase5b0_oracle_mpc
lhs_033,oracle_mpc,1730.0,0.5703801707208506,0.5639790041790141,4.8730243162876485,4.000636786718552,33.57322260652407,True,True,True,False,1.326398999997764,False,True,False,False,phase5b0_oracle_mpc
lhs_033,oracle_mpc,1735.0,0.5717175825644442,0.565388558136901,4.8730243162876485,4.002850422207233,33.597302797420156,False,True,True,False,0.0,False,False,False,False,phase5b0_oracle_mpc
lhs_033,oracle_mpc,1740.0,0.5730549944080378,0.5670065871435238,4.8730243162876485,4.004927261376977,33.621582706499545,False,True,True,False,0.0,False,False,False,False,phase5b0_oracle_mpc
lhs_033,oracle_mpc,1745.0,0.5743924062516313,0.5682468484708803,4.8730243162876485,4.0068970697418695,33.64601300301746,False,True,True,False,0.0,False,False,False,False,phase5b0_oracle_mpc
lhs_033,oracle_mpc,1750.0,0.5757298180952249,0.5701072666543375,4.8730243162876485,4.008782830684003,33.67055477572448,False,True,True,False,0.0,False,False,False,False,phase5b0_oracle_mpc
lhs_033,oracle_mpc,1755.0,0.5770150535676358,0.5725277185896019,4.6829132994553175,4.006394111716252,33.69085371545934,True,True,True,False,0.4249217000033241,False,True,False,False,phase5b0_oracle_mpc
lhs_033,oracle_mpc,1760.0,0.5783002890400467,0.5736499087534864,4.6829132994553175,4.00775273545071,33.71107904743371,False,True,True,False,0.0,False,False,False,False,phase5b0_oracle_mpc
lhs_033,oracle_mpc,1765.0,0.5795855245124576,0.5756606406569725,4.6829132994553175,4.009136647326586,33.73124106905745,False,True,True,False,0.0,False,False,False,False,phase5b0_oracle_mpc
lhs_033,oracle_mpc,1770.0,0.5808707599848685,0.5769195594677475,4.6829132994553175,4.0105390109998424,33.7513470550208,False,True,True,False,0.0,False,False,False,False,phase5b0_oracle_mpc
lhs_033,oracle_mpc,1775.0,0.5821559954572794,0.5772782979304164,4.6829132994553175,4.011954637794948,33.77140199036204,False,True,True,False,0.0,False,False,False,False,phase5b0_oracle_mpc
lhs_033,oracle_mpc,1780.0,0.583422301627807,0.5778394918430324,4.613942063101157,4.011852649633931,33.78986456834601,True,True,True,False,0.41423950000171317,False,True,False,False,phase5b0_oracle_mpc
lhs_033,oracle_mpc,1785.0,0.5846886077983345,0.5792186439151236,4.613942063101157,4.013135615968263,33.80823672092272,False,True,True,False,0.0,False,False,False,False,phase5b0_oracle_mpc
lhs_033,oracle_mpc,1790.0,0.5859549139688621,0.5801382579496812,4.613942063101157,4.014447121462056,33.826529867946476,False,True,True,False,0.0,False,False,False,False,phase5b0_oracle_mpc
lhs_033,oracle_mpc,1795.0,0.5872212201393897,0.5814017115469617,4.613942063101157,4.01578004601617,33.844752337022086,False,True,True,False,0.0,False,False,False,False,phase5b0_oracle_mpc
lhs_033,oracle_mpc,1800.0,0.5884875263099173,0.5829106379339679,4.613942063101157,4.017128969638698,33.86291009974575,False,True,True,False,0.0,False,False,False,False,phase5b0_oracle_mpc
lhs_033,oracle_mpc,1805.0,0.589715619381295,0.5840294054469993,4.474707942923444,4.015406742291203,33.877929985813694,True,True,True,False,0.5622904999981984,False,True,False,False,phase5b0_oracle_mpc
lhs_033,oracle_mpc,1810.0,0.5909437124526727,0.5849208920856133,4.474707942923444,4.016476225687468,33.89280588077241,False,True,True,False,0.0,False,False,False,False,phase5b0_oracle_mpc
lhs_033,oracle_mpc,1815.0,0.5921718055240505,0.5862776124005289,4.474707942923444,4.017601300574836,33.90756004281652,False,True,True,False,0.0,False,False,False,False,phase5b0_oracle_mpc
lhs_033,oracle_mpc,1820.0,0.5933998985954282,0.5881548743259367,4.474707942923444,4.018769143626804,33.92220934656204,False,True,True,False,0.0,False,False,False,False,phase5b0_oracle_mpc
lhs_033,oracle_mpc,1825.0,0.5946279916668059,0.5895129533072575,4.474707942923444,4.019969932210416,33.9367665449344,False,True,True,False,0.0,False,False,False,False,phase5b0_oracle_mpc
lhs_033,oracle_mpc,1830.0,0.5957560627209431,0.590477748209845,4.1102654381613,4.0131249143073555,33.94349190261235,True,True,True,False,0.6310865000050399,False,True,False,False,phase5b0_oracle_mpc
lhs_033,oracle_mpc,1835.0,0.5968841337750802,0.5911622486931083,4.1102654381613,4.013583851988791,33.94993953370611,False,True,True,False,0.0,False,False,False,False,phase5b0_oracle_mpc
lhs_033,oracle_mpc,1840.0,0.5980122048292174,0.5917435840881213,4.1102654381613,4.014186755622148,33.95616366703971,False,True,True,False,0.0,False,False,False,False,phase5b0_oracle_mpc
lhs_033,oracle_mpc,1845.0,0.5991402758833545,0.5931191774411307,4.1102654381613,4.014901307562108,33.96220610034056,False,True,True,False,0.0,False,False,False,False,phase5b0_oracle_mpc
lhs_033,oracle_mpc,1850.0,0.6002683469374916,0.5939412511891319,4.1102654381613,4.01570275638523,33.96809908908001,False,True,True,False,0.0,False,False,False,False,phase5b0_oracle_mpc
lhs_033,oracle_mpc,1855.0,0.6002683469374916,0.5951096404544483,0.0,3.9255280816908282,33.91724701960456,True,False,False,True,4.964687200001208,False,True,False,True,phase5b0_oracle_mpc
lhs_033,oracle_mpc,1860.0,0.6002683469374916,0.5950369318291215,0.0,3.917563338749038,33.86671992508186,True,False,False,True,6.122057399996265,False,True,False,False,phase5b0_oracle_mpc
lhs_033,oracle_mpc,1865.0,0.6002683469374916,0.5954448277094068,0.0,3.9110947516469725,33.81651591593577,False,False,False,True,0.0,False,False,False,False,phase5b0_oracle_mpc
lhs_033,oracle_mpc,1870.0,0.6002683469374916,0.5953967759242135,0.0,3.905786852428815,33.76663292626161,False,False,False,True,0.0,False,False,False,False,phase5b0_oracle_mpc
lhs_033,oracle_mpc,1875.0,0.6002683469374916,0.5948981801687935,0.0,3.9013813763054324,33.71706890336472,False,False,False,True,0.0,False,False,False,False,phase5b0_oracle_mpc
lhs_033,oracle_mpc,1880.0,0.6002683469374916,0.5937071210708471,0.0,3.8976794338131384,33.667821807676,False,False,False,True,0.0,False,False,False,False,phase5b0_oracle_mpc
lhs_033,oracle_mpc,1885.0,0.6002683469374916,0.594752329494053,0.0,3.8945278016022846,33.61888961266794,True,False,False,True,6.526711300000898,False,True,False,False,phase5b0_oracle_mpc
lhs_033,oracle_mpc,1890.0,0.6002683469374916,0.593961998633701,0.0,3.8918083803065793,33.57027030477128,False,False,False,True,0.0,False,False,False,False,phase5b0_oracle_mpc
lhs_033,oracle_mpc,1895.0,0.6002683469374916,0.5940055073634174,0.0,3.8894300877871144,33.52196188329209,False,False,False,True,0.0,False,False,False,False,phase5b0_oracle_mpc
lhs_033,oracle_mpc,1900.0,0.6002683469374916,0.5936926663790463,0.0,3.887322625096198,33.47396236032953,False,False,False,True,0.0,False,False,False,False,phase5b0_oracle_mpc
lhs_033,oracle_mpc,1905.0,0.6002683469374916,0.5935810903030775,0.0,3.88543168250014,33.426269760693934,False,False,False,True,0.0,False,False,False,False,phase5b0_oracle_mpc
lhs_033,oracle_mpc,1910.0,0.6008172511730496,0.5925292018324425,1.999999999999999,3.928016266148141,33.39230657494442,True,True,True,False,1.4975928999992902,False,True,False,True,phase5b0_oracle_mpc
lhs_033,oracle_mpc,1915.0,0.6019150596441656,0.5928653117908363,3.9999999999999964,3.975070394045687,33.38586249806386,True,True,True,False,1.9940350000033504,False,True,False,True,phase5b0_oracle_mpc
lhs_033,oracle_mpc,1920.0,0.6033796867420983,0.5938683487929892,5.336548720357124,4.01117003045657,33.407300564928235,True,True,True,False,1.6879109000001336,False,True,False,False,phase5b0_oracle_mpc
lhs_033,oracle_mpc,1925.0,0.604844313840031,0.5953994729889907,5.336548720357124,4.019401204804187,33.431822781313485,False,True,True,False,0.0,False,False,False,False,phase5b0_oracle_mpc
lhs_033,oracle_mpc,1930.0,0.6063089409379637,0.5971863882214596,5.336548720357124,4.026271966385549,33.45874773844032,False,True,True,False,0.0,False,False,False,False,phase5b0_oracle_mpc
lhs_033,oracle_mpc,1935.0,0.6077735680358964,0.5993044539097829,5.336548720357124,4.0320929329464406,33.48754887083156,False,True,True,False,0.0,False,False,False,False,phase5b0_oracle_mpc
lhs_033,oracle_mpc,1940.0,0.6092381951338292,0.6025026595559754,5.336548720357124,4.037103055638099,33.5178187101908,False,True,True,False,0.0,False,False,False,False,phase5b0_oracle_mpc
lhs_033,oracle_mpc,1945.0,0.6105031189601008,0.6053039353828222,4.6089053220215845,4.025359085371543,33.532941658447044,True,True,True,False,1.6865034000002197,False,True,False,False,phase5b0_oracle_mpc
lhs_033,oracle_mpc,1950.0,0.6117680427863724,0.6062649489601627,4.6089053220215845,4.027672212661986,33.548364449306455,False,True,True,False,0.0,False,False,False,False,phase5b0_oracle_mpc
lhs_033,oracle_mpc,1955.0,0.6130329666126441,0.6067447751561286,4.6089053220215845,4.029864587509841,33.56403279955863,False,True,True,False,0.0,False,False,False,False,phase5b0_oracle_mpc
lhs_033,oracle_mpc,1960.0,0.6142978904389157,0.6089263399149191,4.6089053220215845,4.031962259049648,33.57990366955013,False,True,True,False,0.0,False,False,False,False,phase5b0_oracle_mpc
lhs_033,oracle_mpc,1965.0,0.6155628142651873,0.6109094068749977,4.6089053220215845,4.033985304950474,33.59594274766374,False,True,True,False,0.0,False,False,False,False,phase5b0_oracle_mpc
lhs_033,oracle_mpc,1970.0,0.6155628142651873,0.6125049694973363,0.0,3.933772348405435,33.547470382894524,True,False,False,True,1.1277275000029476,False,True,False,True,phase5b0_oracle_mpc
lhs_033,oracle_mpc,1975.0,0.6155628142651873,0.6133283441532807,0.0,3.925634109439701,33.49930775094501,True,False,False,True,6.688965800000005,False,True,False,False,phase5b0_oracle_mpc
lhs_033,oracle_mpc,1980.0,0.6155628142651873,0.6136646414006546,0.0,3.9190870899939547,33.45145308529019,False,False,False,True,0.0,False,False,False,False,phase5b0_oracle_mpc
lhs_033,oracle_mpc,1985.0,0.6155628142651873,0.613622770036966,0.0,3.91377222866523,33.40390441670133,False,False,False,True,0.0,False,False,False,False,phase5b0_oracle_mpc
lhs_033,oracle_mpc,1990.0,0.6155628142651873,0.6126242369658487,0.0,3.9094131665194816,33.356659788541535,False,False,False,True,0.0,False,False,False,False,phase5b0_oracle_mpc
lhs_033,oracle_mpc,1995.0,0.6155628142651873,0.6113312609129454,0.0,3.9057971472733635,33.309717256685225,False,False,False,True,0.0,False,False,False,False,phase5b0_oracle_mpc
lhs_033,oracle_mpc,2000.0,0.6161117185007453,0.6099438512037302,1.9999999999999996,3.9470985007575075,33.277159357389394,True,True,True,False,1.506183699995745,False,True,False,True,phase5b0_oracle_mpc
lhs_033,oracle_mpc,2005.0,0.6172095269718613,0.6091032238984495,3.999999999999999,3.99321618721577,33.272404282173625,True,True,True,False,2.197935800002597,False,True,False,True,phase5b0_oracle_mpc
lhs_033,oracle_mpc,2010.0,0.6186797840285847,0.6104062928598163,5.357062166696024,4.029094691618647,33.295910917006616,True,True,True,False,1.7726925999959349,False,True,False,False,phase5b0_oracle_mpc
lhs_033,oracle_mpc,2015.0,0.6201500410853081,0.6110640050488478,5.357062166696024,4.036875068711056,33.32223265898324,False,True,True,False,0.0,False,False,False,False,phase5b0_oracle_mpc
lhs_033,oracle_mpc,2020.0,0.6216202981420316,0.6127271679806993,5.357062166696024,4.0434255494905145,33.350752295149256,False,True,True,False,0.0,False,False,False,False,phase5b0_oracle_mpc
lhs_033,oracle_mpc,2025.0,0.623090555198755,0.6133611478164578,5.357062166696024,4.049025638903064,33.38099251300215,False,True,True,False,0.0,False,False,False,False,phase5b0_oracle_mpc
lhs_033,oracle_mpc,2030.0,0.6245608122554784,0.6160023304212551,5.357062166696024,4.053890368947396,33.41258360854421,False,True,True,False,0.0,False,False,False,False,phase5b0_oracle_mpc
lhs_033,oracle_mpc,2035.0,0.6258806673106397,0.6174290109640113,4.809054001267272,4.046031540428841,33.43275784536207,True,True,True,False,0.9712295999997878,False,True,False,False,phase5b0_oracle_mpc
lhs_033,oracle_mpc,2040.0,0.627200522365801,0.6176282574749918,4.809054001267272,4.048683194247102,33.45330465936615,False,True,True,False,0.0,False,False,False,False,phase5b0_oracle_mpc
lhs_033,oracle_mpc,2045.0,0.6285203774209623,0.6184784532009573,4.809054001267272,4.051183616249677,33.474154797425356,False,True,True,False,0.0,False,False,False,False,phase5b0_oracle_mpc
lhs_033,oracle_mpc,2050.0,0.6298402324761236,0.620569897753323,4.809054001267272,4.053564762970346,33.49525341635688,False,True,True,False,0.0,False,False,False,False,phase5b0_oracle_mpc
lhs_033,oracle_mpc,2055.0,0.6311600875312849,0.6225242742669,4.809054001267272,4.055851266739342,33.516556837074184,False,True,True,False,0.0,False,False,False,False,phase5b0_oracle_mpc
lhs_033,oracle_mpc,2060.0,0.6323687803313769,0.6247378151600512,4.4040206717052355,4.049077674093792,33.52927008628715,True,True,True,False,0.4086626999996952,False,True,False,False,phase5b0_oracle_mpc
lhs_033,oracle_mpc,2065.0,0.6335774731314688,0.625661287119337,4.4040206717052355,4.0503387779325415,33.54185894087133,False,True,True,False,0.0,False,False,False,False,phase5b0_oracle_mpc
lhs_033,oracle_mpc,2070.0,0.6347861659315608,0.6275949742478838,4.4040206717052355,4.051693382080883,33.55436097994216,False,True,True,False,0.0,False,False,False,False,phase5b0_oracle_mpc
lhs_033,oracle_mpc,2075.0,0.6359948587316527,0.628279528315369,4.4040206717052355,4.0531180936904985,33.56680422778873,False,True,True,False,0.0,False,False,False,False,phase5b0_oracle_mpc
lhs_033,oracle_mpc,2080.0,0.6372035515317447,0.6294743008133807,4.4040206717052355,4.054594950732384,33.57920941190426,False,True,True,False,0.0,False,False,False,False,phase5b0_oracle_mpc
lhs_033,oracle_mpc,2085.0,0.6385089859882885,0.6310927786120711,4.756510779031766,4.063930100493183,33.59919056340496,True,True,True,False,1.3200617999973474,False,True,False,False,phase5b0_oracle_mpc
lhs_033,oracle_mpc,2090.0,0.6398144204448324,0.6336013987964793,4.756510779031766,4.066247414480767,33.61939687607921,False,True,True,False,0.0,False,False,False,False,phase5b0_oracle_mpc
lhs_033,oracle_mpc,2095.0,0.6411198549013762,0.6349416670895005,4.756510779031766,4.068459650831905,33.63978133442242,False,True,True,False,0.0,False,False,False,False,phase5b0_oracle_mpc
lhs_033,oracle_mpc,2100.0,0.6424252893579201,0.6363731231093789,4.756510779031766,4.070588563961488,33.660306704871985,False,True,True,False,0.0,False,False,False,False,phase5b0_oracle_mpc
lhs_033,oracle_mpc,2105.0,0.643730723814464,0.6374775203830779,4.756510779031766,4.07265091407991,33.68094329584778,False,True,True,False,0.0,False,False,False,False,phase5b0_oracle_mpc
lhs_033,oracle_mpc,2110.0,0.6449839097028003,0.6392365927826215,4.566136703472494,4.0704358303256765,33.697457077712784,True,True,True,False,0.2814813000004506,False,True,False,False,phase5b0_oracle_mpc
lhs_033,oracle_mpc,2115.0,0.6462370955911366,0.6407883033047903,4.566136703472494,4.071982364351926,33.71391240179459,False,True,True,False,0.0,False,False,False,False,phase5b0_oracle_mpc
lhs_033,oracle_mpc,2120.0,0.647490281479473,0.6420630466699108,4.566136703472494,4.073560351377099,33.730322734355106,False,True,True,False,0.0,False,False,False,False,phase5b0_oracle_mpc
lhs_033,oracle_mpc,2125.0,0.6487434673678093,0.6431325826800945,4.566136703472494,4.075160613658905,33.74669770962711,False,True,True,False,0.0,False,False,False,False,phase5b0_oracle_mpc
lhs_033,oracle_mpc,2130.0,0.6499966532561456,0.6443308984962789,4.566136703472494,4.076776106212167,33.763044051111684,False,True,True,False,0.0,False,False,False,False,phase5b0_oracle_mpc
lhs_033,oracle_mpc,2135.0,0.651159683925251,0.6457126434068745,4.2376450891223865,4.071113000059545,33.772355813740845,True,True,True,False,0.4293147999997018,False,True,False,False,phase5b0_oracle_mpc
lhs_033,oracle_mpc,2140.0,0.6523227145943564,0.6469897872470477,4.2376450891223865,4.072021785482279,33.78145231370589,False,True,True,False,0.0,False,False,False,False,phase5b0_oracle_mpc
lhs_033,oracle_mpc,2145.0,0.6534857452634618,0.648385515949922,4.2376450891223865,4.073049595147404,33.790380864191,False,True,True,False,0.0,False,False,False,False,phase5b0_oracle_mpc
lhs_033,oracle_mpc,2150.0,0.6546487759325672,0.6490268158616606,4.2376450891223865,4.07416791278349,33.79917755079565,False,True,True,False,0.0,False,False,False,False,phase5b0_oracle_mpc
lhs_033,oracle_mpc,2155.0,0.6558118066016726,0.65004246166723,4.2376450891223865,4.075354799992074,33.807869853316056,False,True,True,False,0.0,False,False,False,False,phase5b0_oracle_mpc
lhs_033,oracle_mpc,2160.0,0.6559487613940457,0.6522968677970994,0.4990116071297912,3.9936429449000177,33.7618783627665,True,False,False,True,2.469428100004734,False,True,False,True,phase5b0_oracle_mpc
lhs_033,oracle_mpc,2165.0,0.6566346204219767,0.6531370121901688,2.499011607129791,4.031076838322231,33.738143578150826,True,True,True,False,1.7535439999992377,False,True,False,True,phase5b0_oracle_mpc
lhs_033,oracle_mpc,2170.0,0.6577497077148262,0.6545065643748618,4.062957509212806,4.064587553505617,33.740382291984496,True,True,True,False,1.1567684000037843,False,True,False,False,phase5b0_oracle_mpc
lhs_033,oracle_mpc,2175.0,0.6588647950076757,0.6555692995077377,4.062957509212806,4.067177185257766,33.743098543698316,False,True,True,False,0.0,False,False,False,False,phase5b0_oracle_mpc
lhs_033,oracle_mpc,2180.0,0.6599798823005252,0.6558105996101996,4.062957509212806,4.069477075268987,33.746182882659255,False,True,True,False,0.0,False,False,False,False,phase5b0_oracle_mpc
lhs_033,oracle_mpc,2185.0,0.6610949695933747,0.6572870588422095,4.062957509212806,4.07155318128244,33.749550987597104,False,True,True,False,0.0,False,False,False,False,phase5b0_oracle_mpc
lhs_033,oracle_mpc,2190.0,0.6622100568862241,0.6578728365154747,4.062957509212806,4.0734562101672465,33.75313780385283,False,True,True,False,0.0,False,False,False,False,phase5b0_oracle_mpc
lhs_033,oracle_mpc,2195.0,0.6622100568862241,0.6586782013401707,0.0,3.9850837280587634,33.703660249041675,True,False,False,True,2.2152740999954403,False,True,False,True,phase5b0_oracle_mpc
lhs_033,oracle_mpc,2200.0,0.6622100568862241,0.6591751573935201,0.0,3.977823078149211,33.65449889230495,True,False,False,True,4.025340000000142,False,True,False,False,phase5b0_oracle_mpc
lhs_033,oracle_mpc,2205.0,0.6622100568862241,0.6597685425331064,0.0,3.9719238354799957,33.60565188800835,False,False,False,True,0.0,False,False,False,False,phase5b0_oracle_mpc
lhs_033,oracle_mpc,2210.0,0.6622100568862241,0.6601665930047413,0.0,3.9670808360981717,33.55711722608822,False,False,False,True,0.0,False,False,False,False,phase5b0_oracle_mpc
lhs_033,oracle_mpc,2215.0,0.6622100568862241,0.66043243746581,0.0,3.963059142412775,33.50889290933384,False,False,False,True,0.0,False,False,False,False,phase5b0_oracle_mpc
lhs_033,oracle_mpc,2220.0,0.6622100568862241,0.6604976871485616,0.0,3.9596778265275683,33.46097695330526,False,False,False,True,0.0,False,False,False,False,phase5b0_oracle_mpc
lhs_033,oracle_mpc,2225.0,0.6627589611217821,0.6600650607008175,1.9999999999999996,4.001169971149242,33.427893097258526,True,True,True,False,1.3999917000037385,True,True,False,True,phase5b0_oracle_mpc
lhs_033,oracle_mpc,2230.0,0.6638567695928981,0.65948211086208,3.9999999999999996,4.047449115927578,33.42309664818793,True,True,True,False,1.8338842999946792,True,True,False,True,phase5b0_oracle_mpc
lhs_033,oracle_mpc,2235.0,0.6653000026905868,0.660215454490342,5.258597052805063,4.081272656430673,33.44475316605688,True,True,True,False,1.4305759000053513,True,True,False,False,phase5b0_oracle_mpc
lhs_033,oracle_mpc,2240.0,0.6667432357882754,0.66049721515669,5.258597052805063,4.088922408270835,33.46911005970673,False,True,True,False,0.0,False,False,False,False,phase5b0_oracle_mpc
lhs_033,oracle_mpc,2245.0,0.6681864688859641,0.6609799321620321,5.258597052805063,4.09534181129524,33.4955661427607,False,True,True,False,0.0,False,False,False,False,phase5b0_oracle_mpc
lhs_033,oracle_mpc,2250.0,0.6696297019836528,0.663035423674143,5.258597052805063,4.100809070387599,33.523656903005545,False,True,True,False,0.0,False,False,False,False,phase5b0_oracle_mpc
lhs_033,oracle_mpc,2255.0,0.6710729350813415,0.6643528785991331,5.258597052805063,4.105538195965289,33.55302294477396,False,True,True,False,0.0,False,False,False,False,phase5b0_oracle_mpc
lhs_033,oracle_mpc,2260.0,0.6712323060680012,0.6659137132253412,0.5806877642244057,4.005926151803161,33.50906625253357,True,False,False,True,1.0936393000010867,True,True,False,True,phase5b0_oracle_mpc
lhs_033,oracle_mpc,2265.0,0.6719405812902189,0.6660371850435614,2.5806877642244057,4.043743523167736,33.486882207153194,True,True,True,False,1.4666204000022844,True,True,False,True,phase5b0_oracle_mpc
lhs_033,oracle_mpc,2270.0,0.6728083571677791,0.6668015865795406,3.161847992220629,4.055787415023036,33.473180145899605,True,True,True,False,1.5283946999988984,True,True,False,False,phase5b0_oracle_mpc
lhs_033,oracle_mpc,2275.0,0.6736761330453392,0.6671539378108499,3.161847992220629,4.0565212944664015,33.459506778923085,False,True,True,False,0.0,False,False,False,False,phase5b0_oracle_mpc
lhs_033,oracle_mpc,2280.0,0.6745439089228994,0.6684407222373917,3.161847992220629,4.057286549071458,33.44587126010841,False,True,True,False,0.0,False,False,False,False,phase5b0_oracle_mpc
lhs_033,oracle_mpc,2285.0,0.6754116848004595,0.667743523914065,3.161847992220629,4.058075997963206,33.432280675153976,False,True,True,False,0.0,False,False,False,False,phase5b0_oracle_mpc
lhs_033,oracle_mpc,2290.0,0.6762794606780197,0.6687111210813643,3.161847992220629,4.058884089491582,33.418740493872,False,True,True,False,0.0,False,False,False,False,phase5b0_oracle_mpc
lhs_033,oracle_mpc,2295.0,0.676534463098381,0.6700144400761914,0.9291326385997127,4.010185932535281,33.37796312457372,True,False,False,True,3.0123342000006232,True,True,False,True,phase5b0_oracle_mpc
lhs_033,oracle_mpc,2300.0,0.6773383697543002,0.6689341937350005,2.9291326385997123,4.05048909773974,33.36001391314947,True,True,True,False,4.790313400000741,True,True,False,True,phase5b0_oracle_mpc
lhs_033,oracle_mpc,2305.0,0.6786552247564733,0.6695546191158416,4.798122939731234,4.093066153244165,33.37552187377072,True,True,True,False,3.0910540999975638,True,True,False,False,phase5b0_oracle_mpc
lhs_033,oracle_mpc,2310.0,0.6799720797586465,0.6692306661996671,4.798122939731234,4.0981927885305005,33.3925103999872,False,True,True,False,0.0,False,False,False,False,phase5b0_oracle_mpc
lhs_033,oracle_mpc,2315.0,0.6812889347608196,0.6707324177200013,4.798122939731234,4.102586040550472,33.41065386572792,False,True,True,False,0.0,False,False,False,False,phase5b0_oracle_mpc
lhs_033,oracle_mpc,2320.0,0.6826057897629928,0.672123081389341,4.798122939731234,4.106410252421786,33.42970040181641,False,True,True,False,0.0,False,False,False,False,phase5b0_oracle_mpc
lhs_033,oracle_mpc,2325.0,0.683922644765166,0.6731397779266924,4.798122939731234,4.109791857244864,33.44945482769424,False,True,True,False,0.0,False,False,False,False,phase5b0_oracle_mpc
lhs_033,oracle_mpc,2330.0,0.6853157733738582,0.6738375436052714,5.076035193192312,4.118990273768013,33.47599801486888,True,True,True,False,1.460936600000423,True,True,False,False,phase5b0_oracle_mpc
lhs_033,oracle_mpc,2335.0,0.6867089019825504,0.6760333354958351,5.076035193192312,4.1223623302642185,33.50320862963674,False,True,True,False,0.0,False,False,False,False,phase5b0_oracle_mpc
lhs_033,oracle_mpc,2340.0,0.6881020305912426,0.6787990804705049,5.076035193192312,4.125422226645192,33.530942797911514,False,True,True,False,0.0,False,False,False,False,phase5b0_oracle_mpc
lhs_033,oracle_mpc,2345.0,0.6894951591999349,0.6798719512618064,5.076035193192312,4.128236361879005,33.559088239046744,False,True,True,False,0.0,False,False,False,False,phase5b0_oracle_mpc
lhs_033,oracle_mpc,2350.0,0.6908882878086271,0.6804935329677974,5.076035193192312,4.130855848518436,33.587557009353134,False,True,True,False,0.0,False,False,False,False,phase5b0_oracle_mpc
lhs_033,oracle_mpc,2355.0,0.6917491721209487,0.6814130013862562,3.136737727835212,4.090332935921635,33.57687861342283,True,True,True,False,0.7272894999987329,True,True,False,True,phase5b0_oracle_mpc
lhs_033,oracle_mpc,2360.0,0.6921840869464332,0.6819327158405283,1.5846655839425268,4.054051426983673,33.543185294633275,True,True,True,False,1.4522217999983695,True,True,False,False,phase5b0_oracle_mpc
lhs_033,oracle_mpc,2365.0,0.6926190017719177,0.6823072495132625,1.5846655839425268,4.049387754689044,33.508986948552824,False,True,True,False,0.0,False,False,False,False,phase5b0_oracle_mpc
lhs_033,oracle_mpc,2370.0,0.6930539165974022,0.6830160631503103,1.5846655839425268,4.045732059542219,33.47443139163961,False,True,True,False,0.0,False,False,False,False,phase5b0_oracle_mpc
lhs_033,oracle_mpc,2375.0,0.6934888314228868,0.6830601011652374,1.5846655839425268,4.042856404626925,33.43963268359974,False,True,True,False,0.0,False,False,False,False,phase5b0_oracle_mpc
lhs_033,oracle_mpc,2380.0,0.6939237462483713,0.6825017573323591,1.5846655839425268,4.040585361069407,33.40467896131329,False,True,True,False,0.0,False,False,False,False,phase5b0_oracle_mpc
lhs_033,oracle_mpc,2385.0,0.6949075653094138,0.6836175279941412,3.584665583942526,4.083110707381416,33.39674981385813,True,True,True,False,1.5819996999998693,True,True,False,True,phase5b0_oracle_mpc
lhs_033,oracle_mpc,2390.0,0.6961424923003927,0.6855170552275944,4.499608168348766,4.106297012965202,33.40639969880727,True,True,True,False,1.1686804999990272,True,True,False,False,phase5b0_oracle_mpc
lhs_033,oracle_mpc,2395.0,0.6973774192913716,0.686559749462783,4.499608168348766,4.110764771375149,33.41727612161529,False,True,True,False,0.0,False,False,False,False,phase5b0_oracle_mpc
lhs_033,oracle_mpc,2400.0,0.6986123462823506,0.6862674963841969,4.499608168348766,4.11457537732569,33.42910649073337,False,True,True,False,0.0,False,False,False,False,phase5b0_oracle_mpc
lhs_033,oracle_mpc,2405.0,0.6998472732733295,0.6878806403309662,4.499608168348766,4.117876186934713,33.441680188854775,False,True,True,False,0.0,False,False,False,False,phase5b0_oracle_mpc
lhs_033,oracle_mpc,2410.0,0.7010822002643085,0.6903651340507344,4.499608168348766,4.120782665196698,33.454834249309165,False,True,True,False,0.0,False,False,False,False,phase5b0_oracle_mpc
lhs_033,oracle_mpc,2415.0,0.7010822002643085,0.692333755538123,0.0,4.023690730666693,33.407264162022166,True,False,False,True,0.4501598999995622,True,True,False,True,phase5b0_oracle_mpc
lhs_033,oracle_mpc,2420.0,0.7010822002643085,0.6927123617003014,0.0,4.01630705285231,33.35999805064446,True,False,False,True,1.967777699996077,True,True,False,False,phase5b0_oracle_mpc
lhs_033,oracle_mpc,2425.0,0.7010822002643085,0.6936829110501581,0.0,4.010336487824403,33.31303417294037,False,False,False,True,0.0,False,False,False,False,phase5b0_oracle_mpc
lhs_033,oracle_mpc,2430.0,0.7010822002643085,0.6943396672755043,0.0,4.0054612354046375,33.26637059633727,False,False,False,True,0.0,False,False,False,False,phase5b0_oracle_mpc
lhs_033,oracle_mpc,2435.0,0.7010822002643085,0.6945355396115405,0.0,4.001436661684157,33.22000540061996,False,False,False,True,0.0,False,False,False,False,phase5b0_oracle_mpc
lhs_033,oracle_mpc,2440.0,0.7010822002643085,0.6954646958844373,0.0,3.9980744025212225,33.17393667785169,False,False,False,True,0.0,False,False,False,False,phase5b0_oracle_mpc
lhs_033,oracle_mpc,2445.0,0.7016311044998664,0.696044345719282,1.9999999999999993,4.039542217458575,33.142205984477265,True,True,True,False,1.4103157999998075,True,True,False,True,phase5b0_oracle_mpc
lhs_033,oracle_mpc,2450.0,0.7027289129709824,0.6961341428693549,4.000000000000001,4.085749175767904,33.13828478648052,True,True,True,False,0.9068141999960062,True,True,False,True,phase5b0_oracle_mpc
lhs_033,oracle_mpc,2455.0,0.7041158056287222,0.6977022785170367,5.053313739982675,4.114923315128779,33.15619307775672,True,True,True,False,1.2697325000044657,True,True,False,False,phase5b0_oracle_mpc
lhs_033,oracle_mpc,2460.0,0.7055026982864621,0.6989654342146383,5.053313739982675,4.122033486695831,33.17656477719617,False,True,True,False,0.0,False,False,False,False,phase5b0_oracle_mpc
lhs_033,oracle_mpc,2465.0,0.7068895909442019,0.6994606813500466,5.053313739982675,4.127990872986581,33.19885824612813,False,True,True,False,0.0,False,False,False,False,phase5b0_oracle_mpc
lhs_033,oracle_mpc,2470.0,0.7082764836019417,0.7004182898524207,5.053313739982675,4.133056174912059,33.22265478781299,False,True,True,False,0.0,False,False,False,False,phase5b0_oracle_mpc
lhs_033,oracle_mpc,2475.0,0.7096633762596816,0.7027446952380727,5.053313739982675,4.13743001180267,33.24763027126743,False,True,True,False,0.0,False,False,False,False,phase5b0_oracle_mpc
lhs_033,oracle_mpc,2480.0,0.7110385849620439,0.7041252934509759,5.010741813512693,4.1403236876448375,33.27257734255598,True,True,True,False,0.5754044999994221,True,True,False,False,phase5b0_oracle_mpc
lhs_033,oracle_mpc,2485.0,0.7124137936644062,0.7061951195767356,5.010741813512693,4.143650202905022,33.298219590960606,False,True,True,False,0.0,False,False,False,False,phase5b0_oracle_mpc
lhs_033,oracle_mpc,2490.0,0.7137890023667685,0.7074377962917582,5.010741813512693,4.146665236334671,33.32441320164806,False,True,True,False,0.0,False,False,False,False,phase5b0_oracle_mpc
lhs_033,oracle_mpc,2495.0,0.7151642110691308,0.7092648516088484,5.010741813512693,4.14943593614355,33.351045754102095,False,True,True,False,0.0,False,False,False,False,phase5b0_oracle_mpc
lhs_033,oracle_mpc,2500.0,0.716539419771493,0.7108145430544403,5.010741813512693,4.152014062611899,33.37802903396314,False,True,True,False,0.0,False,False,False,False,phase5b0_oracle_mpc
lhs_033,oracle_mpc,2505.0,0.7178024049166734,0.7122695547687505,4.6018414993516075,4.1453819350686985,33.396155238074456,True,True,True,False,0.11060179999913089,True,True,False,False,phase5b0_oracle_mpc
lhs_033,oracle_mpc,2510.0,0.7190653900618537,0.7133321415913799,4.6018414993516075,4.146801855884548,33.4142185489384,False,True,True,False,0.0,False,False,False,False,phase5b0_oracle_mpc
lhs_033,oracle_mpc,2515.0,0.720328375207034,0.715166319834625,4.6018414993516075,4.1482691417887025,33.43224061053009,False,True,True,False,0.0,False,False,False,False,phase5b0_oracle_mpc
lhs_033,oracle_mpc,2520.0,0.7215913603522143,0.7160278008307781,4.6018414993516075,4.14976971058267,33.45023700619637,False,True,True,False,0.0,False,False,False,False,phase5b0_oracle_mpc
lhs_033,oracle_mpc,2525.0,0.7228543454973946,0.7153478833182966,4.6018414993516075,4.151292812268444,33.46821871733827,False,True,True,False,0.0,False,False,False,False,phase5b0_oracle_mpc
lhs_033,oracle_mpc,2530.0,0.7240637923781706,0.7175692562044896,4.406768257296052,4.1485095635476785,33.482007947907185,True,True,True,False,0.10756469999614637,True,True,False,False,phase5b0_oracle_mpc
lhs_033,oracle_mpc,2535.0,0.7252732392589467,0.719213273772834,4.406768257296052,4.149633921595219,33.49567300259434,False,True,True,False,0.0,False,False,False,False,phase5b0_oracle_mpc
lhs_033,oracle_mpc,2540.0,0.7264826861397228,0.7203416418882388,4.406768257296052,4.150831033882511,33.50924489482564,False,True,True,False,0.0,False,False,False,False,phase5b0_oracle_mpc
lhs_033,oracle_mpc,2545.0,0.7276921330204988,0.7223469989903638,4.406768257296052,4.152081837995863,33.52274679859643,False,True,True,False,0.0,False,False,False,False,phase5b0_oracle_mpc
lhs_033,oracle_mpc,2550.0,0.7289015799012749,0.7239770977886111,4.406768257296052,4.1533717291641965,33.53619589345201,False,True,True,False,0.0,False,False,False,False,phase5b0_oracle_mpc
lhs_033,oracle_mpc,2555.0,0.7300220350878404,0.7253246821642191,4.08251608926461,4.147508286248353,33.542918849082874,True,True,True,False,0.10567799999989802,True,True,False,False,phase5b0_oracle_mpc
lhs_033,oracle_mpc,2560.0,0.7311424902744058,0.7263681193865312,4.08251608926461,4.148145950957517,33.54942800614956,False,True,True,False,0.0,False,False,False,False,phase5b0_oracle_mpc
lhs_033,oracle_mpc,2565.0,0.7322629454609713,0.7281476937676749,4.08251608926461,4.148911716610961,33.55577291232286,False,True,True,False,0.0,False,False,False,False,phase5b0_oracle_mpc
lhs_033,oracle_mpc,2570.0,0.7333834006475367,0.7287739030244426,4.08251608926461,4.149774838897712,33.56199139258945,False,True,True,False,0.0,False,False,False,False,phase5b0_oracle_mpc
lhs_033,oracle_mpc,2575.0,0.7345038558341022,0.729835141767896,4.08251608926461,4.150711699161891,33.568112283406414,False,True,True,False,0.0,False,False,False,False,phase5b0_oracle_mpc
lhs_033,oracle_mpc,2580.0,0.7345038558341022,0.7300220442130829,0.0,4.061295173979234,33.51981784162787,True,False,False,True,0.5800390999938827,True,True,False,True,phase5b0_oracle_mpc
lhs_033,oracle_mpc,2585.0,0.7345038558341022,0.7298925990593031,0.0,4.053527469366675,33.4718320283099,True,False,False,True,4.611695999999938,True,True,False,False,phase5b0_oracle_mpc
lhs_033,oracle_mpc,2590.0,0.7345038558341022,0.7298626287557268,0.0,4.04724029189765,33.42415305065533,False,False,False,True,0.0,False,False,False,False,phase5b0_oracle_mpc
lhs_033,oracle_mpc,2595.0,0.7345038558341022,0.7295903354360551,0.0,4.042100898029468,33.37677894666502,False,False,False,True,0.0,False,False,False,False,phase5b0_oracle_mpc
lhs_033,oracle_mpc,2600.0,0.7345038558341022,0.7294347634841714,0.0,4.037853144227641,33.32970776688545,False,False,False,True,0.0,False,False,False,False,phase5b0_oracle_mpc
lhs_033,oracle_mpc,2605.0,0.7345038558341022,0.7294352663837408,0.0,4.034299797697431,33.282937574328464,False,False,False,True,0.0,False,False,False,False,phase5b0_oracle_mpc
lhs_033,oracle_mpc,2610.0,0.7350527600696601,0.7291136455544059,2.0,4.07557994284585,33.25103191344549,True,True,True,False,1.2512440999998944,True,False,False,True,phase5b0_oracle_mpc
lhs_033,oracle_mpc,2615.0,0.7361505685407761,0.7296115849245333,4.000000000000004,4.12159729634837,33.2474097446846,True,True,True,False,0.5104888999994728,True,False,False,True,phase5b0_oracle_mpc
lhs_033,oracle_mpc,2620.0,0.7373080341908297,0.731101450305956,4.217368258698089,4.1320743848709105,33.24937177177585,True,True,True,False,0.2518417000028421,True,False,False,False,phase5b0_oracle_mpc
lhs_033,oracle_mpc,2625.0,0.7384654998408833,0.7331730901915895,4.217368258698089,4.137210577103344,33.25284200771908,False,True,True,False,0.0,False,False,False,False,phase5b0_oracle_mpc
lhs_033,oracle_mpc,2630.0,0.7396229654909369,0.7345530985459102,4.217368258698089,4.1415013641930365,33.25748871844679,False,True,True,False,0.0,False,False,False,False,phase5b0_oracle_mpc
lhs_033,oracle_mpc,2635.0,0.7407804311409905,0.7352509571036581,4.217368258698089,4.1451391063108725,33.26305584729184,False,True,True,False,0.0,False,False,False,False,phase5b0_oracle_mpc
lhs_033,oracle_mpc,2640.0,0.741937896791044,0.7373032645716311,4.217368258698089,4.148271796574782,33.269345553339996,False,True,True,False,0.0,False,False,False,False,phase5b0_oracle_mpc
lhs_033,oracle_mpc,2645.0,0.7429794205804384,0.7378494975525022,3.7949198491267158,4.141659167352909,33.26825464637407,True,True,True,False,0.1099573000028613,True,False,False,False,phase5b0_oracle_mpc
lhs_033,oracle_mpc,2650.0,0.7440209443698328,0.7397094664563397,3.7949198491267158,4.143187657101605,33.26734784248737,False,True,True,False,0.0,False,False,False,False,phase5b0_oracle_mpc
lhs_033,oracle_mpc,2655.0,0.7450624681592272,0.7403604267151137,3.7949198491267158,4.144630218468657,33.26659512700148,False,True,True,False,0.0,False,False,False,False,phase5b0_oracle_mpc
lhs_033,oracle_mpc,2660.0,0.7461039919486215,0.7402866771226985,3.7949198491267158,4.146005208160911,33.265972962613674,False,True,True,False,0.0,False,False,False,False,phase5b0_oracle_mpc
lhs_033,oracle_mpc,2665.0,0.7471455157380159,0.7412138448553024,3.7949198491267158,4.14732677605624,33.26546282571425,False,True,True,False,0.0,False,False,False,False,phase5b0_oracle_mpc
lhs_033,oracle_mpc,2670.0,0.7481356506323333,0.7424592371528103,3.6076780982058816,4.144460133198564,33.26168042560343,True,True,True,False,0.10837560000072699,True,False,False,False,phase5b0_oracle_mpc
lhs_033,oracle_mpc,2675.0,0.7491257855266508,0.7437746107331932,3.6076780982058816,4.145302323483365,33.25788819709437,False,True,True,False,0.0,False,False,False,False,phase5b0_oracle_mpc
lhs_033,oracle_mpc,2680.0,0.7501159204209682,0.7449524866531644,3.6076780982058816,4.146183484060731,33.254099475009376,False,True,True,False,0.0,False,False,False,False,phase5b0_oracle_mpc
lhs_033,oracle_mpc,2685.0,0.7511060553152856,0.7464201949073399,3.6076780982058816,4.147093766033482,33.25032427407692,False,True,True,False,0.0,False,False,False,False,phase5b0_oracle_mpc
lhs_033,oracle_mpc,2690.0,0.752096190209603,0.7476245832895596,3.6076780982058816,4.14802561184671,33.24657007051608,False,True,True,False,0.0,False,False,False,False,phase5b0_oracle_mpc
lhs_033,oracle_mpc,2695.0,0.7530426384060092,0.7480301470657537,3.44850024865997,4.1454491557929645,33.24007072600876,True,True,True,False,0.11274639999464853,True,False,False,False,phase5b0_oracle_mpc
lhs_033,oracle_mpc,2700.0,0.7539890866024153,0.7481784582284678,3.44850024865997,4.1460659471311505,33.2335275653664,False,True,True,False,0.0,False,False,False,False,phase5b0_oracle_mpc
lhs_033,oracle_mpc,2705.0,0.7549355347988214,0.7497831342904864,3.44850024865997,4.146747228994216,33.22696141844567,False,True,True,False,0.0,False,False,False,False,phase5b0_oracle_mpc
lhs_033,oracle_mpc,2710.0,0.7558819829952275,0.7498174291494707,3.44850024865997,4.1474777460818775,33.220388203122035,False,True,True,False,0.0,False,False,False,False,phase5b0_oracle_mpc
lhs_033,oracle_mpc,2715.0,0.7568284311916336,0.7498263689267873,3.44850024865997,4.148245769737992,33.21382006828448,False,True,True,False,0.0,False,False,False,False,phase5b0_oracle_mpc
lhs_033,oracle_mpc,2720.0,0.7577379614830686,0.7512997601805397,3.3139853275517983,4.146064453735667,33.20499881624196,True,True,True,False,0.07718670000031125,True,False,False,False,phase5b0_oracle_mpc
lhs_033,oracle_mpc,2725.0,0.7586474917745036,0.7531422796600955,3.3139853275517983,4.146593609241235,33.196139664317585,False,True,True,False,0.0,False,False,False,False,phase5b0_oracle_mpc
lhs_033,oracle_mpc,2730.0,0.7595570220659387,0.7531810846613456,3.3139853275517983,4.147186793215036,33.18726237964142,False,True,True,False,0.0,False,False,False,False,phase5b0_oracle_mpc
lhs_033,oracle_mpc,2735.0,0.7604665523573737,0.7524185781428988,3.3139853275517983,4.147829216897737,33.17838215370929,False,True,True,False,0.0,False,False,False,False,phase5b0_oracle_mpc
lhs_033,oracle_mpc,2740.0,0.7613760826488087,0.7535214256832162,3.3139853275517983,4.148509500315999,33.169510663143875,False,True,True,False,0.0,False,False,False,False,phase5b0_oracle_mpc
lhs_033,oracle_mpc,2745.0,0.7622821264672753,0.7544583287215488,3.301281935074093,4.148937683595125,33.16044700864834,True,True,True,False,0.20096440000634175,True,False,False,False,phase5b0_oracle_mpc
lhs_033,oracle_mpc,2750.0,0.7631881702857419,0.7544559314779665,3.301281935074093,4.149642162535107,33.15140240223033,False,True,True,False,0.0,False,False,False,False,phase5b0_oracle_mpc
lhs_033,oracle_mpc,2755.0,0.7640942141042085,0.7548203018793219,3.301281935074093,4.1503683220693555,33.14238349025055,False,True,True,False,0.0,False,False,False,False,phase5b0_oracle_mpc
lhs_033,oracle_mpc,2760.0,0.7650002579226751,0.7554275269824634,3.301281935074093,4.151111152727898,33.133395378228045,False,True,True,False,0.0,False,False,False,False,phase5b0_oracle_mpc
lhs_033,oracle_mpc,2765.0,0.7659063017411417,0.756773356833873,3.301281935074093,4.151866794580423,33.124441985427005,False,True,True,False,0.0,False,False,False,False,phase5b0_oracle_mpc
lhs_033,oracle_mpc,2770.0,0.7667524397058365,0.7581621131082259,3.083007599074714,4.147800920415515,33.1120117974782,True,True,True,False,0.7988776000056532,True,False,False,False,phase5b0_oracle_mpc
lhs_033,oracle_mpc,2775.0,0.7675985776705313,0.7594174948602249,3.083007599074714,4.148105819875685,33.09953267850893,False,True,True,False,0.0,False,False,False,False,phase5b0_oracle_mpc
lhs_033,oracle_mpc,2780.0,0.7684447156352261,0.7616785823553431,3.083007599074714,4.148494043046808,33.08702838749602,False,True,True,False,0.0,False,False,False,False,phase5b0_oracle_mpc
lhs_033,oracle_mpc,2785.0,0.7692908535999209,0.7634731217787121,3.083007599074714,4.148946868196704,33.07451729069693,False,True,True,False,0.0,False,False,False,False,phase5b0_oracle_mpc
lhs_033,oracle_mpc,2790.0,0.7701369915646157,0.7640570502397789,3.083007599074714,4.149449876450007,33.062013610097736,False,True,True,False,0.0,False,False,False,False,phase5b0_oracle_mpc
lhs_033,oracle_mpc,2795.0,0.7709469403578022,0.7656405466631109,2.95114790784297,4.14707353526456,33.047500038845854,True,True,True,False,1.5910107000017888,True,False,False,False,phase5b0_oracle_mpc
lhs_033,oracle_mpc,2800.0,0.7717568891509887,0.7673740033262665,2.95114790784297,4.1473635325808615,33.032963625694286,False,True,True,False,0.0,False,False,False,False,phase5b0_oracle_mpc
lhs_033,oracle_mpc,2805.0,0.7725668379441752,0.7676771150817829,2.95114790784297,4.147724281320148,33.01842353824447,False,True,True,False,0.0,False,False,False,False,phase5b0_oracle_mpc
lhs_033,oracle_mpc,2810.0,0.7733767867373618,0.7685952375847553,2.95114790784297,4.148140199372206,33.00389465023798,False,True,True,False,0.0,False,False,False,False,phase5b0_oracle_mpc
lhs_033,oracle_mpc,2815.0,0.7741867355305483,0.7698018653077774,2.95114790784297,4.148599275690327,32.98938853094777,False,True,True,False,0.0,False,False,False,False,phase5b0_oracle_mpc
lhs_033,oracle_mpc,2820.0,0.774953745375315,0.7700188155984394,2.794694575409945,4.1456297264326905,32.9726037200034,True,True,True,False,1.5714597000041977,True,False,False,False,phase5b0_oracle_mpc
lhs_033,oracle_mpc,2825.0,0.7757207552200818,0.7712784835570418,2.794694575409945,4.145814363493747,32.95580224397436,False,True,True,False,0.0,False,False,False,False,phase5b0_oracle_mpc
lhs_033,oracle_mpc,2830.0,0.7764877650648485,0.7718027423913596,2.794694575409945,4.146075799919187,32.939003698517304,False,True,True,False,0.0,False,False,False,False,phase5b0_oracle_mpc
lhs_033,oracle_mpc,2835.0,0.7772547749096153,0.7723110227056099,2.794694575409945,4.146397323760096,32.922223317305736,False,True,True,False,0.0,False,False,False,False,phase5b0_oracle_mpc
lhs_033,oracle_mpc,2840.0,0.778021784754382,0.7732222511837796,2.794694575409945,4.146766047864456,32.90547297637542,False,True,True,False,0.0,False,False,False,False,phase5b0_oracle_mpc
lhs_033,oracle_mpc,2845.0,0.7787658608742766,0.7741551589823259,2.7111327320630085,4.145322809912689,32.88757450592209,True,True,True,False,1.4361984000061057,True,False,False,False,phase5b0_oracle_mpc
lhs_033,oracle_mpc,2850.0,0.7795099369941711,0.774829623058968,2.7111327320630085,4.145579513963958,32.86969414897254,False,True,True,False,0.0,False,False,False,False,phase5b0_oracle_mpc
lhs_033,oracle_mpc,2855.0,0.7802540131140657,0.7758480050066501,2.7111327320630085,4.145889536504503,32.85184490535396,False,True,True,False,0.0,False,False,False,False,phase5b0_oracle_mpc
lhs_033,oracle_mpc,2860.0,0.7809980892339603,0.7759937317278306,2.7111327320630085,4.14624163492691,32.83403692977907,False,True,True,False,0.0,False,False,False,False,phase5b0_oracle_mpc
lhs_033,oracle_mpc,2865.0,0.7817421653538549,0.7775637563112731,2.7111327320630085,4.146627126790123,32.816278183040154,False,True,True,False,0.0,False,False,False,False,phase5b0_oracle_mpc
lhs_033,oracle_mpc,2870.0,0.7824714065444445,0.778054719112502,2.6570798450784965,4.145843187283844,32.797826432514825,True,True,True,False,1.3291202999971574,True,False,False,False,phase5b0_oracle_mpc
lhs_033,oracle_mpc,2875.0,0.7832006477350341,0.7787990807941195,2.6570798450784965,4.1461612268986086,32.7794169447132,False,True,True,False,0.0,False,False,False,False,phase5b0_oracle_mpc
lhs_033,oracle_mpc,2880.0,0.7839298889256237,0.7790443029941148,2.6570798450784965,4.146515921292128,32.761058287520754,False,True,True,False,0.0,False,False,False,False,phase5b0_oracle_mpc
lhs_033,oracle_mpc,2885.0,0.7846591301162132,0.7785537343413522,2.6570798450784965,4.146899841219145,32.74275718699773,False,True,True,False,0.0,False,False,False,False,phase5b0_oracle_mpc
lhs_033,oracle_mpc,2890.0,0.7853883713068028,0.7789574489100136,2.6570798450784965,4.147307237840026,32.72451894625527,False,True,True,False,0.0,False,False,False,False,phase5b0_oracle_mpc
lhs_033,oracle_mpc,2895.0,0.7861260013849808,0.7791773537544439,2.687645787350014,4.148409994005513,32.706766334217015,True,True,True,False,1.301517400002922,True,False,False,False,phase5b0_oracle_mpc
lhs_033,oracle_mpc,2900.0,0.7868636314631587,0.7802760305391294,2.687645787350014,4.1489173103000425,32.68909466443735,False,True,True,False,0.0,False,False,False,False,phase5b0_oracle_mpc
lhs_033,oracle_mpc,2905.0,0.7876012615413367,0.7814367131923081,2.687645787350014,4.149426635881351,32.671503952191244,False,True,True,False,0.0,False,False,False,False,phase5b0_oracle_mpc
lhs_033,oracle_mpc,2910.0,0.7883388916195146,0.7825298040384554,2.687645787350014,4.149938297329492,32.65399429788822,False,True,True,False,0.0,False,False,False,False,phase5b0_oracle_mpc
lhs_033,oracle_mpc,2915.0,0.7890765216976926,0.7834381858142997,2.687645787350014,4.150452516957129,32.636565859662106,False,True,True,False,0.0,False,False,False,False,phase5b0_oracle_mpc
lhs_033,oracle_mpc,2920.0,0.789774699167122,0.7852130875367843,2.5438953617097764,4.147788843116849,32.617285268894406,True,True,True,False,1.1278652000037255,True,False,False,False,phase5b0_oracle_mpc
lhs_033,oracle_mpc,2925.0,0.7904728766365513,0.7848089366013076,2.5438953617097764,4.14800146496648,32.59803907719844,False,True,True,False,0.0,False,False,False,False,phase5b0_oracle_mpc
lhs_033,oracle_mpc,2930.0,0.7911710541059807,0.7857555359198787,2.5438953617097764,4.1482679717791076,32.57883949630058,False,True,True,False,0.0,False,False,False,False,phase5b0_oracle_mpc
lhs_033,oracle_mpc,2935.0,0.79186923157541,0.785906252166948,2.5438953617097764,4.148576939126585,32.55969602335589,False,True,True,False,0.0,False,False,False,False,phase5b0_oracle_mpc
lhs_033,oracle_mpc,2940.0,0.7925674090448394,0.7873820459052199,2.5438953617097764,4.1489195468304265,32.540616065052184,False,True,True,False,0.0,False,False,False,False,phase5b0_oracle_mpc
lhs_033,oracle_mpc,2945.0,0.7932460649711166,0.7875645527551144,2.472766221551768,4.147715281695526,32.52068322127489,True,True,True,False,0.6681945000018459,True,False,False,False,phase5b0_oracle_mpc
lhs_033,oracle_mpc,2950.0,0.7939247208973939,0.7880938847138047,2.472766221551768,4.147954406319251,32.50080203937136,False,True,True,False,0.0,False,False,False,False,phase5b0_oracle_mpc
lhs_033,oracle_mpc,2955.0,0.7946033768236711,0.7882240377114988,2.472766221551768,4.148236256964271,32.480981759452355,False,True,True,False,0.0,False,False,False,False,phase5b0_oracle_mpc
lhs_033,oracle_mpc,2960.0,0.7952820327499484,0.7883673102049078,2.472766221551768,4.148552004107402,32.461229584670605,False,True,True,False,0.0,False,False,False,False,phase5b0_oracle_mpc
lhs_033,oracle_mpc,2965.0,0.7959606886762256,0.7893404939786879,2.472766221551768,4.148894822702137,32.44155114649098,False,True,True,False,0.0,False,False,False,False,phase5b0_oracle_mpc
lhs_033,oracle_mpc,2970.0,0.7966258111568227,0.7906030550727247,2.4234554500061023,4.14816851742802,32.42132723899857,True,True,True,False,0.3914068000012776,True,False,False,False,phase5b0_oracle_mpc
lhs_033,oracle_mpc,2975.0,0.7972909336374199,0.7920534835224562,2.4234554500061023,4.148445606007853,32.4011698289679,False,True,True,False,0.0,False,False,False,False,phase5b0_oracle_mpc
lhs_033,oracle_mpc,2980.0,0.797956056118017,0.792602174712435,2.4234554500061023,4.1487547210851545,32.381085519880486,False,True,True,False,0.0,False,False,False,False,phase5b0_oracle_mpc
lhs_033,oracle_mpc,2985.0,0.7986211785986141,0.7934016752126825,2.4234554500061023,4.149089464531636,32.36107946955896,False,True,True,False,0.0,False,False,False,False,phase5b0_oracle_mpc
lhs_033,oracle_mpc,2990.0,0.7992863010792113,0.7940110729482379,2.4234554500061023,4.149444882315177,32.3411557186066,False,True,True,False,0.0,False,False,False,False,phase5b0_oracle_mpc
lhs_033,oracle_mpc,2995.0,0.7997779538682614,0.7940831832709947,1.7913973228879665,4.13583475872987,32.31409378060823,True,True,True,False,0.07627269999647979,False,False,False,False,phase5b0_oracle_mpc
lhs_033,oracle_mpc,3000.0,0.8002696066573116,0.7952539890574457,1.7913973228879665,4.134872999856331,32.28698676790395,False,True,True,False,0.0,False,False,False,False,phase5b0_oracle_mpc
lhs_033,oracle_mpc,3005.0,0.8007612594463618,0.7957578789086821,1.7913973228879665,4.13414721868517,32.25987313805576,False,True,True,False,0.0,False,False,False,False,phase5b0_oracle_mpc
lhs_033,oracle_mpc,3010.0,0.801252912235412,0.7962418711410945,1.7913973228879665,4.133605348596625,32.23278262927213,False,True,True,False,0.0,False,False,False,False,phase5b0_oracle_mpc
lhs_033,oracle_mpc,3015.0,0.8017445650244621,0.7975240976330451,1.7913973228879665,4.1332072771644075,32.20573828096112,False,True,True,False,0.0,False,False,False,False,phase5b0_oracle_mpc
lhs_033,oracle_mpc,3020.0,0.8019883632975218,0.797867876365444,0.8883089517859275,4.112944771677107,32.17109509498111,True,True,True,False,0.07400520000373945,False,False,False,False,phase5b0_oracle_mpc
lhs_033,oracle_mpc,3025.0,0.8022321615705814,0.798167726908152,0.8883089517859275,4.110823432473199,32.1364923382466,False,True,True,False,0.0,False,False,False,False,phase5b0_oracle_mpc
lhs_033,oracle_mpc,3030.0,0.8024759598436411,0.79769748532986,0.8883089517859275,4.109093288945746,32.10196108759214,False,True,True,False,0.0,False,False,False,False,phase5b0_oracle_mpc
lhs_033,oracle_mpc,3035.0,0.8027197581167007,0.7976494940876876,0.8883089517859275,4.107668329331589,32.0675252742117,False,True,True,False,0.0,False,False,False,False,phase5b0_oracle_mpc
lhs_033,oracle_mpc,3040.0,0.8029635563897604,0.7980853507244368,0.8883089517859275,4.106482283662358,32.03320334438827,False,True,True,False,0.0,False,False,False,False,phase5b0_oracle_mpc
lhs_033,oracle_mpc,3045.0,0.8030753215355046,0.7993073738560419,0.40723003578462835,4.094842259507988,31.996368515856354,True,True,True,False,0.07806259999779286,False,False,False,False,phase5b0_oracle_mpc
