scenario_id,controller,time_s,true_soc,estimated_soc,charge_current_a,terminal_voltage_v,true_average_temperature_c,control_decision_updated,optimizer_success,prediction_feasible,used_fallback,solve_time_s,active_voltage_constraint,active_temperature_constraint,active_current_upper_constraint,active_current_change_constraint,source
lhs_016,nominal_mpc,0.0,0.2583983988085057,0.2583983988085057,0.0,3.545374373687875,25.653841998313347,False,True,True,False,0.0,False,False,False,False,phase5b0_nominal_mpc
lhs_016,nominal_mpc,5.0,0.25891432733091596,0.2617832240174475,2.000000000000001,3.6016863315221412,25.661539263999426,True,True,True,False,2.0936607999974512,False,True,False,True,phase5b0_nominal_mpc
lhs_016,nominal_mpc,10.0,0.2599461843757365,0.2630929039902128,4.0000000000000036,3.663942886276878,25.69414245318604,True,True,True,False,1.2588904000003822,False,True,False,True,phase5b0_nominal_mpc
lhs_016,nominal_mpc,15.0,0.26149396994296736,0.26383722290981854,6.000000000000004,3.7308986749496214,25.770885426182605,True,True,True,False,1.0400049000018043,False,True,False,True,phase5b0_nominal_mpc
lhs_016,nominal_mpc,20.0,0.2635576840326085,0.26391132831539216,8.000000000000005,3.8016472928473513,25.91238034131314,True,True,True,False,0.6428279000028851,False,True,False,True,phase5b0_nominal_mpc
lhs_016,nominal_mpc,25.0,0.2659658715985399,0.26641900040589095,9.335353489204095,3.856814988776648,26.11298041639839,True,True,True,False,0.996881700004451,False,True,False,False,phase5b0_nominal_mpc
lhs_016,nominal_mpc,30.0,0.2683740591644713,0.26847763722253554,9.335353489204095,3.8750626767325396,26.324722697792822,False,True,True,False,0.0,False,False,False,False,phase5b0_nominal_mpc
lhs_016,nominal_mpc,35.0,0.27078224673040274,0.2715928571979791,9.335353489204095,3.8900766314686637,26.544890402098908,False,True,True,False,0.0,False,False,False,False,phase5b0_nominal_mpc
lhs_016,nominal_mpc,40.0,0.27319043429633416,0.2744033519411888,9.335353489204095,3.9027223979941548,26.771497160066673,False,True,True,False,0.0,False,False,False,False,phase5b0_nominal_mpc
lhs_016,nominal_mpc,45.0,0.2755986218622656,0.2773564098902081,9.335353489204095,3.913623003838999,27.003081778083835,False,True,True,False,0.0,False,False,False,False,phase5b0_nominal_mpc
lhs_016,nominal_mpc,50.0,0.2776810210717227,0.27990218123431737,8.072432978617542,3.88767433124189,27.185715175636435,True,True,True,False,1.0908372000048985,False,True,False,False,phase5b0_nominal_mpc
lhs_016,nominal_mpc,55.0,0.27976342028117984,0.28116543906630015,8.072432978617542,3.8925566220198524,27.3687875216476,False,True,True,False,0.0,False,False,False,False,phase5b0_nominal_mpc
lhs_016,nominal_mpc,60.0,0.281845819490637,0.2842278429861577,8.072432978617542,3.8974843783592616,27.552340101634634,False,True,True,False,0.0,False,False,False,False,phase5b0_nominal_mpc
lhs_016,nominal_mpc,65.0,0.2839282187000941,0.2853501380410986,8.072432978617542,3.9024128176346724,27.736380326078546,False,True,True,False,0.0,False,False,False,False,phase5b0_nominal_mpc
lhs_016,nominal_mpc,70.0,0.28601061790955123,0.2881132616407673,8.072432978617542,3.907311515126979,27.92089236542892,False,True,True,False,0.0,False,False,False,False,phase5b0_nominal_mpc
lhs_016,nominal_mpc,75.0,0.2878936546782025,0.28976489995051385,7.299603285564467,3.8904011353593755,28.075651458058854,True,True,True,False,0.6484762999971281,False,True,False,False,phase5b0_nominal_mpc
lhs_016,nominal_mpc,80.0,0.28977669144685375,0.2924691541103309,7.299603285564467,3.892888114441943,28.229544358994637,False,True,True,False,0.0,False,False,False,False,phase5b0_nominal_mpc
lhs_016,nominal_mpc,85.0,0.291659728215505,0.2946233730091165,7.299603285564467,3.8957823402049727,28.382843578918944,False,True,True,False,0.0,False,False,False,False,phase5b0_nominal_mpc
lhs_016,nominal_mpc,90.0,0.29354276498415627,0.29762596427603516,7.299603285564467,3.8989481131258126,28.535731133170426,False,True,True,False,0.0,False,False,False,False,phase5b0_nominal_mpc
lhs_016,nominal_mpc,95.0,0.2954258017528075,0.29996596520747265,7.299603285564467,3.902289332643448,28.688324806579395,False,True,True,False,0.0,False,False,False,False,phase5b0_nominal_mpc
lhs_016,nominal_mpc,100.0,0.2971567535334486,0.30199383149058795,6.710044920775187,3.88913510470124,28.818936532814316,True,True,True,False,0.7756702999977279,False,True,False,False,phase5b0_nominal_mpc
lhs_016,nominal_mpc,105.0,0.2988877053140897,0.3030720503901125,6.710044920775187,3.8908857938161425,28.948526875818402,False,True,True,False,0.0,False,False,False,False,phase5b0_nominal_mpc
lhs_016,nominal_mpc,110.0,0.3006186570947308,0.30544167795696153,6.710044920775187,3.893026527192045,29.077334074223312,False,True,True,False,0.0,False,False,False,False,phase5b0_nominal_mpc
lhs_016,nominal_mpc,115.0,0.3023496088753719,0.30782522464381923,6.710044920775187,3.8954212968705173,29.205521066609876,False,True,True,False,0.0,False,False,False,False,phase5b0_nominal_mpc
lhs_016,nominal_mpc,120.0,0.30408056065601297,0.309449501352859,6.710044920775187,3.89797852995118,29.333197214804095,False,True,True,False,0.0,False,False,False,False,phase5b0_nominal_mpc
lhs_016,nominal_mpc,125.0,0.305731441666011,0.3100240608869736,6.3996500999229236,3.8918944068751244,29.449446801251,True,True,True,False,0.7509338000018033,False,True,False,False,phase5b0_nominal_mpc
lhs_016,nominal_mpc,130.0,0.30738232267600907,0.31079298863069216,6.3996500999229236,3.893683171473862,29.564892973482134,False,True,True,False,0.0,False,False,False,False,phase5b0_nominal_mpc
lhs_016,nominal_mpc,135.0,0.3090332036860071,0.3119298742587829,6.3996500999229236,3.8956898745884727,29.67967131940868,False,True,True,False,0.0,False,False,False,False,phase5b0_nominal_mpc
lhs_016,nominal_mpc,140.0,0.31068408469600517,0.31379545444212503,6.3996500999229236,3.897840027414153,29.793874126189355,False,True,True,False,0.0,False,False,False,False,phase5b0_nominal_mpc
lhs_016,nominal_mpc,145.0,0.3123349657060032,0.315189795639498,6.3996500999229236,3.9000806945055704,29.90756290480593,False,True,True,False,0.0,False,False,False,False,phase5b0_nominal_mpc
lhs_016,nominal_mpc,150.0,0.3139395281946437,0.31711515471548496,6.220096075108992,3.8973183658231174,30.01455504221635,True,True,True,False,0.193794999999227,False,True,False,False,phase5b0_nominal_mpc
lhs_016,nominal_mpc,155.0,0.3155440906832842,0.3193956478785542,6.220096075108992,3.8991044906248296,30.120871258534596,False,True,True,False,0.0,False,False,False,False,phase5b0_nominal_mpc
lhs_016,nominal_mpc,160.0,0.3171486531719247,0.3206036179548746,6.220096075108992,3.9010103550022723,30.22658722381191,False,True,True,False,0.0,False,False,False,False,phase5b0_nominal_mpc
lhs_016,nominal_mpc,165.0,0.3187532156605652,0.32293160833767975,6.220096075108992,3.9029925519475483,30.33175404890244,False,True,True,False,0.0,False,False,False,False,phase5b0_nominal_mpc
lhs_016,nominal_mpc,170.0,0.3203577781492057,0.3247090387476351,6.220096075108992,3.9050203115636437,30.436405422652598,False,True,True,False,0.0,False,False,False,False,phase5b0_nominal_mpc
lhs_016,nominal_mpc,175.0,0.32183525728294804,0.325871514728624,5.727456690473196,3.893201225292133,30.524037754231195,True,True,True,False,0.6516211000052863,False,True,False,False,phase5b0_nominal_mpc
lhs_016,nominal_mpc,180.0,0.3233127364166904,0.3273678535926742,5.727456690473196,3.8937972517159913,30.610628721581286,False,True,True,False,0.0,False,False,False,False,phase5b0_nominal_mpc
lhs_016,nominal_mpc,185.0,0.32479021555043275,0.3289850570137219,5.727456690473196,3.8946976621689,30.696342603359213,False,True,True,False,0.0,False,False,False,False,phase5b0_nominal_mpc
lhs_016,nominal_mpc,190.0,0.3262676946841751,0.3300969564079618,5.727456690473196,3.8958114170963585,30.78129632648252,False,True,True,False,0.0,False,False,False,False,phase5b0_nominal_mpc
lhs_016,nominal_mpc,195.0,0.32774517381791746,0.33141931820851106,5.727456690473196,3.8970734277220593,30.865572975746602,False,True,True,False,0.0,False,False,False,False,phase5b0_nominal_mpc
lhs_016,nominal_mpc,200.0,0.3291136688306317,0.33221797579742657,5.304979094084467,3.8865429356623236,30.935859216144856,True,True,True,False,0.6133353999975952,False,True,False,False,phase5b0_nominal_mpc
lhs_016,nominal_mpc,205.0,0.33048216384334594,0.33354551139851346,5.304979094084467,3.886720539102843,31.005141059423142,False,True,True,False,0.0,False,False,False,False,phase5b0_nominal_mpc
lhs_016,nominal_mpc,210.0,0.3318506588560602,0.3341845089112152,5.304979094084467,3.8872058164561123,31.073571252295928,False,True,True,False,0.0,False,False,False,False,phase5b0_nominal_mpc
lhs_016,nominal_mpc,215.0,0.33321915386877443,0.33562578605717847,5.304979094084467,3.887910192179698,31.141259877756497,False,True,True,False,0.0,False,False,False,False,phase5b0_nominal_mpc
lhs_016,nominal_mpc,220.0,0.3345876488814887,0.33746464214384275,5.304979094084467,3.8887702193468656,31.208286468199418,False,True,True,False,0.0,False,False,False,False,phase5b0_nominal_mpc
lhs_016,nominal_mpc,225.0,0.33595664857383967,0.3386550671816539,5.306935487711969,3.8897955408671185,31.274768528164564,True,True,True,False,0.14808089999860385,False,True,False,False,phase5b0_nominal_mpc
lhs_016,nominal_mpc,230.0,0.33732564826619066,0.3419390248759669,5.306935487711969,3.8908492920635616,31.34069010167619,False,True,True,False,0.0,False,False,False,False,phase5b0_nominal_mpc
lhs_016,nominal_mpc,235.0,0.33869464795854165,0.34357977331077066,5.306935487711969,3.8919562618964134,31.40608133307311,False,True,True,False,0.0,False,False,False,False,phase5b0_nominal_mpc
lhs_016,nominal_mpc,240.0,0.34006364765089264,0.34468375581843347,5.306935487711969,3.8931001541663877,31.470964474674908,False,True,True,False,0.0,False,False,False,False,phase5b0_nominal_mpc
lhs_016,nominal_mpc,245.0,0.34143264734324363,0.34745283578194847,5.306935487711969,3.8942693344971118,31.535356128070788,False,True,True,False,0.0,False,False,False,False,phase5b0_nominal_mpc
lhs_016,nominal_mpc,250.0,0.34276219032900573,0.3494009417121949,5.1539813288507625,3.8911498033835805,31.59463616423084,True,True,True,False,0.27851799999916693,False,True,False,False,phase5b0_nominal_mpc
lhs_016,nominal_mpc,255.0,0.34409173331476783,0.3510137365403034,5.1539813288507625,3.891893256016104,31.65329695146461,False,True,True,False,0.0,False,False,False,False,phase5b0_nominal_mpc
lhs_016,nominal_mpc,260.0,0.34542127630052993,0.3524592857220418,5.1539813288507625,3.8927386799116537,31.7113900342667,False,True,True,False,0.0,False,False,False,False,phase5b0_nominal_mpc
lhs_016,nominal_mpc,265.0,0.34675081928629203,0.35293566722867753,5.1539813288507625,3.893657124305175,31.768953373956084,False,True,True,False,0.0,False,False,False,False,phase5b0_nominal_mpc
lhs_016,nominal_mpc,270.0,0.34808036227205413,0.3541603782549422,5.1539813288507625,3.8946278421049136,31.826015191870773,False,True,True,False,0.0,False,False,False,False,phase5b0_nominal_mpc
lhs_016,nominal_mpc,275.0,0.34938259949329437,0.3556322386174717,5.048130369519036,3.892656355238021,31.879453980067172,True,True,True,False,0.21157490000041435,False,True,False,False,phase5b0_nominal_mpc
lhs_016,nominal_mpc,280.0,0.3506848367145346,0.356789506337916,5.048130369519036,3.8933772896437797,31.93232804866288,False,True,True,False,0.0,False,False,False,False,phase5b0_nominal_mpc
lhs_016,nominal_mpc,285.0,0.35198707393577483,0.3570816854207669,5.048130369519036,3.8941831311241764,31.984679663462067,False,True,True,False,0.0,False,False,False,False,phase5b0_nominal_mpc
lhs_016,nominal_mpc,290.0,0.35328931115701506,0.35806578254945864,5.048130369519036,3.8950504327772926,32.03654030930516,False,True,True,False,0.0,False,False,False,False,phase5b0_nominal_mpc
lhs_016,nominal_mpc,295.0,0.3545915483782553,0.35957715221693043,5.048130369519036,3.895962370534059,32.08793372764198,False,True,True,False,0.0,False,False,False,False,phase5b0_nominal_mpc
lhs_016,nominal_mpc,300.0,0.35587887451890277,0.3616216479128162,4.99032747650157,3.895279818784197,32.13718614134584,True,True,True,False,0.14180449999548728,False,True,False,False,phase5b0_nominal_mpc
lhs_016,nominal_mpc,305.0,0.35716620065955024,0.3627577781971254,4.99032747650157,3.8960768120663087,32.18594946297045,False,True,True,False,0.0,False,False,False,False,phase5b0_nominal_mpc
lhs_016,nominal_mpc,310.0,0.3584535268001977,0.36470848406401096,4.99032747650157,3.8969273814837457,32.2342509809367,False,True,True,False,0.0,False,False,False,False,phase5b0_nominal_mpc
lhs_016,nominal_mpc,315.0,0.3597408529408452,0.3653804025102712,4.99032747650157,3.8978172291806645,32.28211146812889,False,True,True,False,0.0,False,False,False,False,phase5b0_nominal_mpc
lhs_016,nominal_mpc,320.0,0.36102817908149265,0.36618343929963043,4.99032747650157,3.8987360822235395,32.329547006366504,False,True,True,False,0.0,False,False,False,False,phase5b0_nominal_mpc
lhs_016,nominal_mpc,325.0,0.3622614571074638,0.36770555997194393,4.780809637000112,3.8937791175174152,32.37056264870616,True,True,True,False,0.5605638999986695,False,True,False,False,phase5b0_nominal_mpc
lhs_016,nominal_mpc,330.0,0.363494735133435,0.3675738364092436,4.780809637000112,3.8941147311664475,32.41098906952858,False,True,True,False,0.0,False,False,False,False,phase5b0_nominal_mpc
lhs_016,nominal_mpc,335.0,0.3647280131594062,0.36840210935443246,4.780809637000112,3.894592961206974,32.45089047665055,False,True,True,False,0.0,False,False,False,False,phase5b0_nominal_mpc
lhs_016,nominal_mpc,340.0,0.36596129118537735,0.37010966678585944,4.780809637000112,3.8951754374132466,32.49031440151305,False,True,True,False,0.0,False,False,False,False,phase5b0_nominal_mpc
lhs_016,nominal_mpc,345.0,0.3671945692113485,0.3710348662708905,4.780809637000112,3.8958345876010263,32.52929639252804,False,True,True,False,0.0,False,False,False,False,phase5b0_nominal_mpc
lhs_016,nominal_mpc,350.0,0.3684091009447045,0.370982382861117,4.708139521661014,3.89450511346116,32.5658335199816,True,True,True,False,0.2096192000026349,False,True,False,False,phase5b0_nominal_mpc
lhs_016,nominal_mpc,355.0,0.36962363267806053,0.3723111014374865,4.708139521661014,3.8950482514060023,32.601913107108494,False,True,True,False,0.0,False,False,False,False,phase5b0_nominal_mpc
lhs_016,nominal_mpc,360.0,0.37083816441141654,0.3730090373689543,4.708139521661014,3.8956688052003763,32.6375702649922,False,True,True,False,0.0,False,False,False,False,phase5b0_nominal_mpc
lhs_016,nominal_mpc,365.0,0.37205269614477254,0.37395616493184564,4.708139521661014,3.896346995723275,32.672831624312835,False,True,True,False,0.0,False,False,False,False,phase5b0_nominal_mpc
lhs_016,nominal_mpc,370.0,0.37326722787812855,0.37604317413495886,4.708139521661014,3.8970685759303727,32.70771770074283,False,True,True,False,0.0,False,False,False,False,phase5b0_nominal_mpc
lhs_016,nominal_mpc,375.0,0.37444428761498666,0.3766524648905275,4.562879103326993,3.8937345852912837,32.738268697006504,True,True,True,False,0.2526901999954134,False,True,False,False,phase5b0_nominal_mpc
lhs_016,nominal_mpc,380.0,0.37562134735184477,0.3780067664241406,4.562879103326993,3.8940843316114147,32.76835084240929,False,True,True,False,0.0,False,False,False,False,phase5b0_nominal_mpc
lhs_016,nominal_mpc,385.0,0.3767984070887029,0.3789730909571761,4.562879103326993,3.8945445745996263,32.798011468018764,False,True,True,False,0.0,False,False,False,False,phase5b0_nominal_mpc
lhs_016,nominal_mpc,390.0,0.377975466825561,0.3801824551106016,4.562879103326993,3.895086711082265,32.82728603600934,False,True,True,False,0.0,False,False,False,False,phase5b0_nominal_mpc
lhs_016,nominal_mpc,395.0,0.3791525265624191,0.3819922441041499,4.562879103326993,3.8956901486727933,32.856201462164535,False,True,True,False,0.0,False,False,False,False,phase5b0_nominal_mpc
lhs_016,nominal_mpc,400.0,0.38029966909029156,0.3834627261610345,4.446904863926792,3.893075667739428,32.88168430202091,True,True,True,False,0.19861929999751737,False,True,False,False,phase5b0_nominal_mpc
lhs_016,nominal_mpc,405.0,0.381446811618164,0.3848881380072249,4.446904863926792,3.8934174588060366,32.90675031817308,False,True,True,False,0.0,False,False,False,False,phase5b0_nominal_mpc
lhs_016,nominal_mpc,410.0,0.3825939541460365,0.3868984892830244,4.446904863926792,3.8938592249206945,32.93144108106792,False,True,True,False,0.0,False,False,False,False,phase5b0_nominal_mpc
lhs_016,nominal_mpc,415.0,0.38374109667390893,0.3879019527442101,4.446904863926792,3.8943756189650354,32.95578791041424,False,True,True,False,0.0,False,False,False,False,phase5b0_nominal_mpc
lhs_016,nominal_mpc,420.0,0.3848882392017814,0.3885234384825514,4.446904863926792,3.89494837351676,32.97981473602979,False,True,True,False,0.0,False,False,False,False,phase5b0_nominal_mpc
lhs_016,nominal_mpc,425.0,0.3859151942987906,0.38951371603966095,3.9809975700182103,3.882450054313437,32.99171825630974,True,True,True,False,1.3768762999970932,False,True,False,False,phase5b0_nominal_mpc
lhs_016,nominal_mpc,430.0,0.38694214939579985,0.3895019747301876,3.9809975700182103,3.8817181122585205,33.00300122079671,False,True,True,False,0.0,False,False,False,False,phase5b0_nominal_mpc
lhs_016,nominal_mpc,435.0,0.3879691044928091,0.3899396671929858,3.9809975700182103,3.8813021087310178,33.01377804031474,False,True,True,False,0.0,False,False,False,False,phase5b0_nominal_mpc
lhs_016,nominal_mpc,440.0,0.3889960595898183,0.3917935320252909,3.9809975700182103,3.881117819916258,33.02413269535603,False,True,True,False,0.0,False,False,False,False,phase5b0_nominal_mpc
lhs_016,nominal_mpc,445.0,0.39002301468682754,0.39279545126415705,3.9809975700182103,3.881104681657034,33.03412730158032,False,True,True,False,0.0,False,False,False,False,phase5b0_nominal_mpc
lhs_016,nominal_mpc,450.0,0.39102957470924193,0.39462890309296556,3.9019359414826913,3.878993652380525,33.0419210742681,True,True,True,False,0.3112935000026482,False,True,False,False,phase5b0_nominal_mpc
lhs_016,nominal_mpc,455.0,0.3920361347316563,0.39486609705101955,3.9019359414826913,3.878969727405286,33.049382265086194,False,True,True,False,0.0,False,False,False,False,phase5b0_nominal_mpc
lhs_016,nominal_mpc,460.0,0.3930426947540707,0.3957294449781466,3.9019359414826913,3.8790683230352294,33.05655440520275,False,True,True,False,0.0,False,False,False,False,phase5b0_nominal_mpc
lhs_016,nominal_mpc,465.0,0.3940492547764851,0.39634725818010735,3.9019359414826913,3.879259581293636,33.063470446666805,False,True,True,False,0.0,False,False,False,False,phase5b0_nominal_mpc
lhs_016,nominal_mpc,470.0,0.3950558147988995,0.39787319142239086,3.9019359414826913,3.8795219291041496,33.07015569655237,False,True,True,False,0.0,False,False,False,False,phase5b0_nominal_mpc
lhs_016,nominal_mpc,475.0,0.39578630988636637,0.39923875344763854,2.8317685715617555,3.849715723669037,33.05373994952343,True,True,True,False,0.5815883000032045,False,True,False,False,phase5b0_nominal_mpc
lhs_016,nominal_mpc,480.0,0.39651680497383324,0.40008363494777927,2.8317685715617555,3.8469031177632953,33.03663194155098,False,True,True,False,0.0,False,False,False,False,phase5b0_nominal_mpc
lhs_016,nominal_mpc,485.0,0.3972473000613001,0.4011034527668435,2.8317685715617555,3.8447906114939534,33.01901016592346,False,True,True,False,0.0,False,False,False,False,phase5b0_nominal_mpc
lhs_016,nominal_mpc,490.0,0.39797779514876697,0.4018099512229648,2.8317685715617555,3.8431902578513846,33.001004830679804,False,True,True,False,0.0,False,False,False,False,phase5b0_nominal_mpc
lhs_016,nominal_mpc,495.0,0.39870829023623383,0.40122066032833464,2.8317685715617555,3.841966937498339,32.98271147428964,False,True,True,False,0.0,False,False,False,False,phase5b0_nominal_mpc
lhs_016,nominal_mpc,500.0,0.3997797537985651,0.4020682584774056,4.1535349017947665,3.8782304286497533,32.991827559327206,True,True,True,False,2.204740400004084,False,True,False,False,phase5b0_nominal_mpc
lhs_016,nominal_mpc,505.0,0.4008512173608964,0.40403262115370775,4.1535349017947665,3.8814177810996795,33.00171409626755,False,True,True,False,0.0,False,False,False,False,phase5b0_nominal_mpc
lhs_016,nominal_mpc,510.0,0.4019226809232277,0.40547802063212246,4.1535349017947665,3.883942168103831,33.01212259647533,False,True,True,False,0.0,False,False,False,False,phase5b0_nominal_mpc
lhs_016,nominal_mpc,515.0,0.402994144485559,0.40478596379942444,4.1535349017947665,3.8859915951019217,33.02287538790644,False,True,True,False,0.0,False,False,False,False,phase5b0_nominal_mpc
lhs_016,nominal_mpc,520.0,0.40406560804789027,0.4049576569420256,4.1535349017947665,3.8877008583866246,33.033845504633454,False,True,True,False,0.0,False,False,False,False,phase5b0_nominal_mpc
lhs_016,nominal_mpc,525.0,0.4050986156428307,0.4051297353990936,4.004460114414468,3.8849703623667415,33.04140515564447,True,True,True,False,1.01787350000086,False,True,False,False,phase5b0_nominal_mpc
lhs_016,nominal_mpc,530.0,0.4061316232377711,0.4071992621296521,4.004460114414468,3.8858197608304863,33.04890858851091,False,True,True,False,0.0,False,False,False,False,phase5b0_nominal_mpc
lhs_016,nominal_mpc,535.0,0.4071646308327115,0.40846789081978496,4.004460114414468,3.886637150800393,33.05634492298414,False,True,True,False,0.0,False,False,False,False,phase5b0_nominal_mpc
lhs_016,nominal_mpc,540.0,0.4081976384276519,0.4091480739059123,4.004460114414468,3.8874327732188134,33.063706970296366,False,True,True,False,0.0,False,False,False,False,phase5b0_nominal_mpc
lhs_016,nominal_mpc,545.0,0.4092306460225923,0.41036967606245417,4.004460114414468,3.88821392497821,33.07099017475214,False,True,True,False,0.0,False,False,False,False,phase5b0_nominal_mpc
lhs_016,nominal_mpc,550.0,0.41038486072182856,0.41166746480942834,4.474320178477788,3.902211149610334,33.08962122402357,True,True,True,False,1.474625400005607,False,True,False,False,phase5b0_nominal_mpc
lhs_016,nominal_mpc,555.0,0.4115390754210648,0.4130663629398611,4.474320178477788,3.9043702209317734,33.108572078764155,False,True,True,False,0.0,False,False,False,False,phase5b0_nominal_mpc
lhs_016,nominal_mpc,560.0,0.4126932901203011,0.41402058106431766,4.474320178477788,3.906234335769014,33.12772464298671,False,True,True,False,0.0,False,False,False,False,phase5b0_nominal_mpc
lhs_016,nominal_mpc,565.0,0.41384750481953736,0.41619197266826635,4.474320178477788,3.9078851676373136,33.14699393846084,False,True,True,False,0.0,False,False,False,False,phase5b0_nominal_mpc
lhs_016,nominal_mpc,570.0,0.4150017195187736,0.41753380928848866,4.474320178477788,3.9093813397104733,33.16631873048756,False,True,True,False,0.0,False,False,False,False,phase5b0_nominal_mpc
lhs_016,nominal_mpc,575.0,0.4161418745536171,0.41840001058637777,4.41981780544701,3.909230895569069,33.184268179529774,True,True,True,False,0.26342319999821484,False,True,False,False,phase5b0_nominal_mpc
lhs_016,nominal_mpc,580.0,0.4172820295884606,0.41950692055536043,4.41981780544701,3.910370669432404,33.20214951390448,False,True,True,False,0.0,False,False,False,False,phase5b0_nominal_mpc
lhs_016,nominal_mpc,585.0,0.4184221846233041,0.42022781450040403,4.41981780544701,3.9114837322804608,33.21995333996832,False,True,True,False,0.0,False,False,False,False,phase5b0_nominal_mpc
lhs_016,nominal_mpc,590.0,0.4195623396581476,0.4233069233642318,4.41981780544701,3.9125764734989215,33.2376727998255,False,True,True,False,0.0,False,False,False,False,phase5b0_nominal_mpc
lhs_016,nominal_mpc,595.0,0.4207024946929911,0.42406738039419006,4.41981780544701,3.913653520870896,33.2553028696635,False,True,True,False,0.0,False,False,False,False,phase5b0_nominal_mpc
lhs_016,nominal_mpc,600.0,0.42182994748649194,0.4256498801063314,4.370577490981376,3.9133323292077598,33.27159405847545,True,True,True,False,0.45567489999666577,False,True,False,False,phase5b0_nominal_mpc
lhs_016,nominal_mpc,605.0,0.4229574002799928,0.42647044138552853,4.370577490981376,3.9142412816206975,33.28774802868674,False,True,True,False,0.0,False,False,False,False,phase5b0_nominal_mpc
lhs_016,nominal_mpc,610.0,0.42408485307349364,0.4268614146645394,4.370577490981376,3.915172751809782,33.30377481551529,False,True,True,False,0.0,False,False,False,False,phase5b0_nominal_mpc
lhs_016,nominal_mpc,615.0,0.4252123058669945,0.4287575396587407,4.370577490981376,3.9161197064301274,33.319681647589434,False,True,True,False,0.0,False,False,False,False,phase5b0_nominal_mpc
lhs_016,nominal_mpc,620.0,0.42633975866049534,0.4300537705856276,4.370577490981376,3.9170771325574942,33.33547375030041,False,True,True,False,0.0,False,False,False,False,phase5b0_nominal_mpc
lhs_016,nominal_mpc,625.0,0.42746046148057887,0.4304705956642158,4.3444111786953865,3.9173050064833,33.350496746048314,True,True,True,False,0.15515489999961574,False,True,False,False,phase5b0_nominal_mpc
lhs_016,nominal_mpc,630.0,0.4285811643006624,0.4312119037741408,4.3444111786953865,3.9181962029561808,33.36538986976574,False,True,True,False,0.0,False,False,False,False,phase5b0_nominal_mpc
lhs_016,nominal_mpc,635.0,0.42970186712074593,0.43227077831641647,4.3444111786953865,3.9191062455383507,33.38016151988968,False,True,True,False,0.0,False,False,False,False,phase5b0_nominal_mpc
lhs_016,nominal_mpc,640.0,0.43082256994082946,0.43266710692989846,4.3444111786953865,3.920029434100196,33.394817831641774,False,True,True,False,0.0,False,False,False,False,phase5b0_nominal_mpc
lhs_016,nominal_mpc,645.0,0.431943272760913,0.4340816767295303,4.3444111786953865,3.920961702057201,33.40936332175836,False,True,True,False,0.0,False,False,False,False,phase5b0_nominal_mpc
lhs_016,nominal_mpc,650.0,0.43307656485783774,0.43641981009360914,4.393213585596222,3.923273694922584,33.42503068917825,True,True,True,False,1.4402711000002455,False,True,False,False,phase5b0_nominal_mpc
lhs_016,nominal_mpc,655.0,0.4342098569547625,0.4380841348753784,4.393213585596222,3.9243608303579633,33.440634100035965,False,True,True,False,0.0,False,False,False,False,phase5b0_nominal_mpc
lhs_016,nominal_mpc,660.0,0.43534314905168725,0.43918203943252027,4.393213585596222,3.9254203264123966,33.456163522048435,False,True,True,False,0.0,False,False,False,False,phase5b0_nominal_mpc
lhs_016,nominal_mpc,665.0,0.436476441148612,0.4405156335249885,4.393213585596222,3.9264594512769806,33.471611800515745,False,True,True,False,0.0,False,False,False,False,phase5b0_nominal_mpc
lhs_016,nominal_mpc,670.0,0.43760973324553676,0.4413025822847444,4.393213585596222,3.927483444674257,33.48697384768256,False,True,True,False,0.0,False,False,False,False,phase5b0_nominal_mpc
lhs_016,nominal_mpc,675.0,0.43874437166665553,0.4423619456082169,4.3984326193791965,3.9286429799383824,33.50237829774075,True,True,True,False,0.3955887999982224,False,True,False,False,phase5b0_nominal_mpc
lhs_016,nominal_mpc,680.0,0.4398790100877743,0.4440276709997088,4.3984326193791965,3.929662479564917,33.51769479398898,False,True,True,False,0.0,False,False,False,False,phase5b0_nominal_mpc
lhs_016,nominal_mpc,685.0,0.4410136485088931,0.44349703145840713,4.3984326193791965,3.9306721241792233,33.53292029691545,False,True,True,False,0.0,False,False,False,False,phase5b0_nominal_mpc
lhs_016,nominal_mpc,690.0,0.44214828693001185,0.44546770941414565,4.3984326193791965,3.931674254919493,33.548052681744224,False,True,True,False,0.0,False,False,False,False,phase5b0_nominal_mpc
lhs_016,nominal_mpc,695.0,0.4432829253511306,0.4468037270563642,4.3984326193791965,3.932670576923671,33.56309048465992,False,True,True,False,0.0,False,False,False,False,phase5b0_nominal_mpc
lhs_016,nominal_mpc,700.0,0.44434476771189707,0.4465236111525997,4.116238256438378,3.925720032520113,33.57102616215861,True,True,True,False,0.5306532999966294,False,True,False,False,phase5b0_nominal_mpc
lhs_016,nominal_mpc,705.0,0.4454066100726635,0.4482590167137807,4.116238256438378,3.9258722678933347,33.578645429256696,False,True,True,False,0.0,False,False,False,False,phase5b0_nominal_mpc
lhs_016,nominal_mpc,710.0,0.44646845243343,0.4483924673218549,4.116238256438378,3.9261967720868616,33.58601289965375,False,True,True,False,0.0,False,False,False,False,phase5b0_nominal_mpc
lhs_016,nominal_mpc,715.0,0.4475302947941964,0.4493587575496555,4.116238256438378,3.926646103552194,33.59317546179485,False,True,True,False,0.0,False,False,False,False,phase5b0_nominal_mpc
lhs_016,nominal_mpc,720.0,0.4485921371549629,0.4504407991172506,4.116238256438378,3.9271862105910764,33.60016729111592,False,True,True,False,0.0,False,False,False,False,phase5b0_nominal_mpc
lhs_016,nominal_mpc,725.0,0.44962385552917394,0.45089755861621383,3.9994624425536838,3.9245059888504805,33.60422668255279,True,True,True,False,0.4613632999971742,False,True,False,False,phase5b0_nominal_mpc
lhs_016,nominal_mpc,730.0,0.450655573903385,0.4515323771241415,3.9994624425536838,3.9248152514522108,33.6080726582898,False,True,True,False,0.0,False,False,False,False,phase5b0_nominal_mpc
lhs_016,nominal_mpc,735.0,0.4516872922775961,0.452468498977885,3.9994624425536838,3.925233148945846,33.61174469669562,False,True,True,False,0.0,False,False,False,False,phase5b0_nominal_mpc
lhs_016,nominal_mpc,740.0,0.45271901065180714,0.4534505880607308,3.9994624425536838,3.9257307500007648,33.615271772893365,False,True,True,False,0.0,False,False,False,False,phase5b0_nominal_mpc
lhs_016,nominal_mpc,745.0,0.4537507290260182,0.45458569829559875,3.9994624425536838,3.9262872551963914,33.61867531286906,False,True,True,False,0.0,False,False,False,False,phase5b0_nominal_mpc
lhs_016,nominal_mpc,750.0,0.4547941636468326,0.45555802330002704,4.044880542520612,3.9281660042131907,33.62304184178529,True,True,True,False,0.9602624000035576,False,True,False,False,phase5b0_nominal_mpc
lhs_016,nominal_mpc,755.0,0.455837598267647,0.4557387612266796,4.044880542520612,3.928934161332684,33.62734703860946,False,True,True,False,0.0,False,False,False,False,phase5b0_nominal_mpc
lhs_016,nominal_mpc,760.0,0.45688103288846144,0.4575149031898698,4.044880542520612,3.929699493968996,33.63158997545648,False,True,True,False,0.0,False,False,False,False,phase5b0_nominal_mpc
lhs_016,nominal_mpc,765.0,0.45792446750927585,0.4584510854157972,4.044880542520612,3.930464092681872,33.63577048053844,False,True,True,False,0.0,False,False,False,False,phase5b0_nominal_mpc
lhs_016,nominal_mpc,770.0,0.45896790213009026,0.46021638377115304,4.044880542520612,3.9312294196890902,33.63988890512402,False,True,True,False,0.0,False,False,False,False,phase5b0_nominal_mpc
lhs_016,nominal_mpc,775.0,0.4598484849994482,0.4611239529763508,3.4135847548961213,3.9142281680119204,33.62980105245677,True,True,True,False,0.6612937999962014,False,True,False,False,phase5b0_nominal_mpc
lhs_016,nominal_mpc,780.0,0.46072906786880613,0.4615906404218614,3.4135847548961213,3.913126988785928,33.61925944174799,False,True,True,False,0.0,False,False,False,False,phase5b0_nominal_mpc
lhs_016,nominal_mpc,785.0,0.46160965073816407,0.46325132076697406,3.4135847548961213,3.9124206021804206,33.60838541886626,False,True,True,False,0.0,False,False,False,False,phase5b0_nominal_mpc
lhs_016,nominal_mpc,790.0,0.462490233607522,0.4636989743225853,3.4135847548961213,3.9120020305281726,33.597267202052976,False,True,True,False,0.0,False,False,False,False,phase5b0_nominal_mpc
lhs_016,nominal_mpc,795.0,0.46337081647687994,0.46354597987275786,3.4135847548961213,3.911794409057948,33.58596923306518,False,True,True,False,0.0,False,False,False,False,phase5b0_nominal_mpc
lhs_016,nominal_mpc,800.0,0.4644720525118162,0.4635393203642257,4.268948069750291,3.935817801039845,33.59363515678125,True,True,True,False,1.6337409999978263,False,True,False,False,phase5b0_nominal_mpc
lhs_016,nominal_mpc,805.0,0.4655732885467525,0.46414013498598383,4.268948069750291,3.938416910775028,33.601868785887916,False,True,True,False,0.0,False,False,False,False,phase5b0_nominal_mpc
lhs_016,nominal_mpc,810.0,0.4666745245816888,0.4648559993900418,4.268948069750291,3.940572308445028,33.61049877371164,False,True,True,False,0.0,False,False,False,False,phase5b0_nominal_mpc
lhs_016,nominal_mpc,815.0,0.46777576061662507,0.4658541710550313,4.268948069750291,3.942408652001135,33.61940202218814,False,True,True,False,0.0,False,False,False,False,phase5b0_nominal_mpc
lhs_016,nominal_mpc,820.0,0.46887699665156135,0.46743995166606045,4.268948069750291,3.9440153628722934,33.62849000296595,False,True,True,False,0.0,False,False,False,False,phase5b0_nominal_mpc
lhs_016,nominal_mpc,825.0,0.46998479149643296,0.4692465100513215,4.294373335656109,3.9461722481080037,33.63832080167562,True,True,True,False,0.944686199996795,False,True,False,False,phase5b0_nominal_mpc
lhs_016,nominal_mpc,830.0,0.4710925863413046,0.4710613944189954,4.294373335656109,3.9475694344797105,33.64824840574572,False,True,True,False,0.0,False,False,False,False,phase5b0_nominal_mpc
lhs_016,nominal_mpc,835.0,0.4722003811861762,0.4725256053770461,4.294373335656109,3.948864469222753,33.6582333463178,False,True,True,False,0.0,False,False,False,False,phase5b0_nominal_mpc
lhs_016,nominal_mpc,840.0,0.4733081760310478,0.4737294345549827,4.294373335656109,3.950085418335089,33.668247061139965,False,True,True,False,0.0,False,False,False,False,phase5b0_nominal_mpc
lhs_016,nominal_mpc,845.0,0.4744159708759194,0.4746112226410692,4.294373335656109,3.9512524528547424,33.6782688213201,False,True,True,False,0.0,False,False,False,False,phase5b0_nominal_mpc
lhs_016,nominal_mpc,850.0,0.4755496549000461,0.47600269969337317,4.394732893736422,3.9552050188711387,33.6907753097937,True,True,True,False,0.9437800000014249,False,True,False,False,phase5b0_nominal_mpc
lhs_016,nominal_mpc,855.0,0.47668333892417275,0.4777146043606211,4.394732893736422,3.9566013426858997,33.70334952171871,False,True,True,False,0.0,False,False,False,False,phase5b0_nominal_mpc
lhs_016,nominal_mpc,860.0,0.4778170229482994,0.479077286693675,4.394732893736422,3.9579139703393453,33.715958466253916,False,True,True,False,0.0,False,False,False,False,phase5b0_nominal_mpc
lhs_016,nominal_mpc,865.0,0.4789507069724261,0.4798100192655208,4.394732893736422,3.9591654044958946,33.7285781028926,False,True,True,False,0.0,False,False,False,False,phase5b0_nominal_mpc
lhs_016,nominal_mpc,870.0,0.48008439099655276,0.4798350736679715,4.394732893736422,3.96037184317874,33.7411908245511,False,True,True,False,0.0,False,False,False,False,phase5b0_nominal_mpc
lhs_016,nominal_mpc,875.0,0.48114561694102576,0.4814165557168163,4.113848714993291,3.953638254609883,33.74687155455421,True,True,True,False,1.0216072000039276,False,True,False,False,phase5b0_nominal_mpc
lhs_016,nominal_mpc,880.0,0.48220684288549875,0.4820719218988578,4.113848714993291,3.9539530756397747,33.75230013524622,False,True,True,False,0.0,False,False,False,False,phase5b0_nominal_mpc
lhs_016,nominal_mpc,885.0,0.48326806882997175,0.48300073013316397,4.113848714993291,3.954423395451364,33.75753443644585,False,True,True,False,0.0,False,False,False,False,phase5b0_nominal_mpc
lhs_016,nominal_mpc,890.0,0.48432929477444475,0.4857283318483531,4.113848714993291,3.9550059138586677,33.762616159076785,False,True,True,False,0.0,False,False,False,False,phase5b0_nominal_mpc
lhs_016,nominal_mpc,895.0,0.48539052071891775,0.48665046699789244,4.113848714993291,3.9556695804693085,33.7675754192766,False,True,True,False,0.0,False,False,False,False,phase5b0_nominal_mpc
lhs_016,nominal_mpc,900.0,0.48539052071891775,0.48819049036324114,0.0,3.8405852480898925,33.70661299431359,True,False,False,True,0.09784379999473458,False,True,False,True,phase5b0_nominal_mpc
lhs_016,nominal_mpc,905.0,0.48539052071891775,0.4883824149284323,0.0,3.829140772709242,33.64610842500955,True,False,False,True,4.4596719999972265,False,True,False,False,phase5b0_nominal_mpc
lhs_016,nominal_mpc,910.0,0.48539052071891775,0.4882900151042632,0.0,3.8202813116149033,33.586058457346184,False,False,False,True,0.0,False,False,False,False,phase5b0_nominal_mpc
lhs_016,nominal_mpc,915.0,0.48539052071891775,0.4885754827440017,0.0,3.8132995884137544,33.52645967566985,False,False,False,True,0.0,False,False,False,False,phase5b0_nominal_mpc
lhs_016,nominal_mpc,920.0,0.48539052071891775,0.488893201064208,0.0,3.8076876271747713,33.46730868999046,False,False,False,True,0.0,False,False,False,False,phase5b0_nominal_mpc
lhs_016,nominal_mpc,925.0,0.48539052071891775,0.4888196638975894,0.0,3.8030803684627363,33.40860213578867,False,False,False,True,0.0,False,False,False,False,phase5b0_nominal_mpc
lhs_016,nominal_mpc,930.0,0.48539052071891775,0.48962238267682917,0.0,3.7992152453393695,33.350336673824444,True,False,False,True,4.419425400003092,False,True,False,False,phase5b0_nominal_mpc
lhs_016,nominal_mpc,935.0,0.48539052071891775,0.48878647220758464,0.0,3.795903201410593,33.292508989947194,False,False,False,True,0.0,False,False,False,False,phase5b0_nominal_mpc
lhs_016,nominal_mpc,940.0,0.48539052071891775,0.48910512872634043,0.0,3.793007911936109,33.23511579490721,False,False,False,True,0.0,False,False,False,False,phase5b0_nominal_mpc
lhs_016,nominal_mpc,945.0,0.48539052071891775,0.48926981841931455,0.0,3.7904308859117357,33.178153824168604,False,False,False,True,0.0,False,False,False,False,phase5b0_nominal_mpc
lhs_016,nominal_mpc,950.0,0.48539052071891775,0.48864300208417216,0.0,3.788100784373503,33.12161983772359,False,False,False,True,0.0,False,False,False,False,phase5b0_nominal_mpc
lhs_016,nominal_mpc,955.0,0.48590644924132803,0.48808080252851244,1.9999999999999998,3.842266613532293,33.08038094840516,True,True,True,False,1.0488528999994742,False,True,False,True,phase5b0_nominal_mpc
lhs_016,nominal_mpc,960.0,0.4869383062861486,0.488372905374756,3.9999999999999987,3.9025257960944577,33.070982935015586,True,True,True,False,0.822965799998201,False,True,False,True,phase5b0_nominal_mpc
lhs_016,nominal_mpc,965.0,0.4881849025607701,0.48968197253449575,4.832437907474788,3.934741983809816,33.08236899292744,True,True,True,False,1.1913719000003766,False,True,False,False,phase5b0_nominal_mpc
lhs_016,nominal_mpc,970.0,0.48943149883539155,0.4905563775170734,4.832437907474788,3.943961438524115,33.09706127805613,False,True,True,False,0.0,False,False,False,False,phase5b0_nominal_mpc
lhs_016,nominal_mpc,975.0,0.49067809511001304,0.4915442867968831,4.832437907474788,3.9511989344737137,33.114192673595205,False,True,True,False,0.0,False,False,False,False,phase5b0_nominal_mpc
lhs_016,nominal_mpc,980.0,0.4919246913846345,0.49324464840157317,4.832437907474788,3.9570038803810785,33.133136632058296,False,True,True,False,0.0,False,False,False,False,phase5b0_nominal_mpc
lhs_016,nominal_mpc,985.0,0.493171287659256,0.4943065122447123,4.832437907474788,3.961770624451219,33.1534392436786,False,True,True,False,0.0,False,False,False,False,phase5b0_nominal_mpc
lhs_016,nominal_mpc,990.0,0.4941924388909874,0.4954014267981904,3.9584988515883626,3.9411784761721864,33.154065212709625,True,True,True,False,0.38681930000166176,False,True,False,False,phase5b0_nominal_mpc
lhs_016,nominal_mpc,995.0,0.4952135901227188,0.49516938568135244,3.9584988515883626,3.942042325479396,33.1546535544406,False,True,True,False,0.0,False,False,False,False,phase5b0_nominal_mpc
lhs_016,nominal_mpc,1000.0,0.4962347413544502,0.4954276308321709,3.9584988515883626,3.943042940382555,33.15525295628603,False,True,True,False,0.0,False,False,False,False,phase5b0_nominal_mpc
lhs_016,nominal_mpc,1005.0,0.49725589258618164,0.4971915867032481,3.9584988515883626,3.9441370651168666,33.1558965373411,False,True,True,False,0.0,False,False,False,False,phase5b0_nominal_mpc
lhs_016,nominal_mpc,1010.0,0.49827704381791305,0.49872330746754695,3.9584988515883626,3.94529387930034,33.15660636287317,False,True,True,False,0.0,False,False,False,False,phase5b0_nominal_mpc
lhs_016,nominal_mpc,1015.0,0.49827704381791305,0.4993862441835776,0.0,3.835042949093186,33.10023443468478,True,False,False,True,2.7028140999973402,False,True,False,True,phase5b0_nominal_mpc
lhs_016,nominal_mpc,1020.0,0.49827704381791305,0.4990039466091321,0.0,3.824501861955802,33.044285896292806,True,False,False,True,6.995006299999659,False,True,False,False,phase5b0_nominal_mpc
lhs_016,nominal_mpc,1025.0,0.49827704381791305,0.4988273348753367,0.0,3.8164319349733824,32.98875772776113,False,False,False,True,0.0,False,False,False,False,phase5b0_nominal_mpc
lhs_016,nominal_mpc,1030.0,0.49827704381791305,0.4974812149538194,0.0,3.8101528139588874,32.933646770636926,False,False,False,True,0.0,False,False,False,False,phase5b0_nominal_mpc
lhs_016,nominal_mpc,1035.0,0.49827704381791305,0.4974799761016719,0.0,3.8051760225807354,32.87894989019841,False,False,False,True,0.0,False,False,False,False,phase5b0_nominal_mpc
lhs_016,nominal_mpc,1040.0,0.49827704381791305,0.4986030284009539,0.0,3.801150672169508,32.82466397527661,False,False,False,True,0.0,False,False,False,False,phase5b0_nominal_mpc
lhs_016,nominal_mpc,1045.0,0.4987929723403233,0.49835421225528814,2.0000000000000004,3.854132851154451,32.78586371650035,True,True,True,False,1.5665787999969325,False,True,False,True,phase5b0_nominal_mpc
lhs_016,nominal_mpc,1050.0,0.4998248293851439,0.4988992944366996,4.0,3.913576588804986,32.77879566706246,True,True,True,False,1.6836467999964952,False,True,False,True,phase5b0_nominal_mpc
lhs_016,nominal_mpc,1055.0,0.5010966210317821,0.49957877093105985,4.930107917649812,3.947987358020754,32.79454967182975,True,True,True,False,1.9907367999985581,False,True,False,False,phase5b0_nominal_mpc
lhs_016,nominal_mpc,1060.0,0.5023684126784203,0.5009588584083235,4.930107917649812,3.9571234485714015,32.81358363289771,False,True,True,False,0.0,False,False,False,False,phase5b0_nominal_mpc
lhs_016,nominal_mpc,1065.0,0.5036402043250584,0.5020261188977527,4.930107917649812,3.9643457272254548,32.83504453651044,False,True,True,False,0.0,False,False,False,False,phase5b0_nominal_mpc
lhs_016,nominal_mpc,1070.0,0.5049119959716966,0.5037987582595268,4.930107917649812,3.9701823607843263,32.85831531030383,False,True,True,False,0.0,False,False,False,False,phase5b0_nominal_mpc
lhs_016,nominal_mpc,1075.0,0.5061837876183347,0.5050307729756496,4.930107917649812,3.975012524778257,32.88294822443304,False,True,True,False,0.0,False,False,False,False,phase5b0_nominal_mpc
lhs_016,nominal_mpc,1080.0,0.5073920266344052,0.5057353437689709,4.683745765502134,3.972172459010393,32.90239979955616,True,True,True,False,1.3766173999974853,False,True,False,False,phase5b0_nominal_mpc
lhs_016,nominal_mpc,1085.0,0.5086002656504757,0.5058611407584797,4.683745765502134,3.9749981025919543,32.92237592483512,False,True,True,False,0.0,False,False,False,False,phase5b0_nominal_mpc
lhs_016,nominal_mpc,1090.0,0.5098085046665461,0.5087399034395316,4.683745765502134,3.977579151712312,32.94277415622661,False,True,True,False,0.0,False,False,False,False,phase5b0_nominal_mpc
lhs_016,nominal_mpc,1095.0,0.5110167436826166,0.5106539217161248,4.683745765502134,3.979975123711775,32.96351727457264,False,True,True,False,0.0,False,False,False,False,phase5b0_nominal_mpc
lhs_016,nominal_mpc,1100.0,0.5122249826986871,0.5119527036024896,4.683745765502134,3.9822290662414894,32.984546312860815,False,True,True,False,0.0,False,False,False,False,phase5b0_nominal_mpc
lhs_016,nominal_mpc,1105.0,0.5132199784327639,0.514400259924205,3.8571069086408984,3.9610990503109007,32.98620519215011,True,True,True,False,0.46911210000689607,False,True,False,False,phase5b0_nominal_mpc
lhs_016,nominal_mpc,1110.0,0.5142149741668407,0.515598492324328,3.8571069086408984,3.9606980108369503,32.987405155342344,False,True,True,False,0.0,False,False,False,False,phase5b0_nominal_mpc
lhs_016,nominal_mpc,1115.0,0.5152099699009175,0.5176641005383126,3.8571069086408984,3.9607388611742813,32.98830066019039,False,True,True,False,0.0,False,False,False,False,phase5b0_nominal_mpc
lhs_016,nominal_mpc,1120.0,0.5162049656349943,0.5187032884483337,3.8571069086408984,3.9610933716006915,32.9890012984064,False,True,True,False,0.0,False,False,False,False,phase5b0_nominal_mpc
lhs_016,nominal_mpc,1125.0,0.5171999613690711,0.5198526357041117,3.8571069086408984,3.9616697390571805,32.98958457696584,False,True,True,False,0.0,False,False,False,False,phase5b0_nominal_mpc
lhs_016,nominal_mpc,1130.0,0.5182185715217854,0.5211756942590198,3.9486483435945616,3.964979533380139,32.992121069296,True,True,True,False,1.2665687000044272,False,True,False,False,phase5b0_nominal_mpc
lhs_016,nominal_mpc,1135.0,0.5192371816744997,0.5222219880637927,3.9486483435945616,3.9660932561152347,32.99470181729575,False,True,True,False,0.0,False,False,False,False,phase5b0_nominal_mpc
lhs_016,nominal_mpc,1140.0,0.520255791827214,0.5245149860722925,3.9486483435945616,3.9672257632556875,32.99733362595129,False,True,True,False,0.0,False,False,False,False,phase5b0_nominal_mpc
lhs_016,nominal_mpc,1145.0,0.5212744019799284,0.5253782623223264,3.9486483435945616,3.9683686589842186,33.000020294810525,False,True,True,False,0.0,False,False,False,False,phase5b0_nominal_mpc
lhs_016,nominal_mpc,1150.0,0.5222930121326427,0.5263913283022055,3.9486483435945616,3.9695160514975325,33.00276350809475,False,True,True,False,0.0,False,False,False,False,phase5b0_nominal_mpc
lhs_016,nominal_mpc,1155.0,0.5222930121326427,0.5272506340406541,0.0,3.8594923656752433,32.94754748205282,True,False,False,True,5.200152199999138,False,True,False,True,phase5b0_nominal_mpc
lhs_016,nominal_mpc,1160.0,0.5224108337132978,0.5281579325372379,0.45673606143998974,3.8617628847652274,32.89597465193981,True,True,True,False,1.7014584999997169,False,True,False,False,phase5b0_nominal_mpc
lhs_016,nominal_mpc,1165.0,0.5225286552939529,0.5282952676838382,0.45673606143998974,3.8549789740218348,32.84452311872715,False,True,True,False,0.0,False,False,False,False,phase5b0_nominal_mpc
lhs_016,nominal_mpc,1170.0,0.522646476874608,0.5287737864794373,0.45673606143998974,3.849686624655338,32.793251623142126,False,True,True,False,0.0,False,False,False,False,phase5b0_nominal_mpc
lhs_016,nominal_mpc,1175.0,0.5227642984552631,0.5279165002390562,0.45673606143998974,3.8454807278131726,32.7422021726028,False,True,True,False,0.0,False,False,False,False,phase5b0_nominal_mpc
lhs_016,nominal_mpc,1180.0,0.5228821200359182,0.5272903481589962,0.45673606143998974,3.8420702128282382,32.6914047496837,False,True,True,False,0.0,False,False,False,False,phase5b0_nominal_mpc
lhs_016,nominal_mpc,1185.0,0.5235158701389836,0.5268562551269006,2.4567360614399907,3.8955544798985806,32.660638141831754,True,True,True,False,1.2786521000016364,False,True,False,True,phase5b0_nominal_mpc
lhs_016,nominal_mpc,1190.0,0.5246655487644593,0.5277131323573244,4.45673606143999,3.9554176761037096,32.666451325321596,True,True,True,False,1.201540499998373,False,True,False,True,phase5b0_nominal_mpc
lhs_016,nominal_mpc,1195.0,0.5259674925930065,0.5283994932316793,5.046993030991579,3.9806191146270216,32.68900490603785,True,True,True,False,1.4709527000013622,False,True,False,False,phase5b0_nominal_mpc
lhs_016,nominal_mpc,1200.0,0.5272694364215537,0.530001899126771,5.046993030991579,3.9890612321956174,32.714553957211656,False,True,True,False,0.0,False,False,False,False,phase5b0_nominal_mpc
lhs_016,nominal_mpc,1205.0,0.5285713802501009,0.5304633817951874,5.046993030991579,3.995769043239972,32.74230706404783,False,True,True,False,0.0,False,False,False,False,phase5b0_nominal_mpc
lhs_016,nominal_mpc,1210.0,0.5298733240786481,0.5318443122960839,5.046993030991579,4.00122122281267,32.77169169407897,False,True,True,False,0.0,False,False,False,False,phase5b0_nominal_mpc
lhs_016,nominal_mpc,1215.0,0.5311752679071953,0.5321032030372904,5.046993030991579,4.005761430004212,32.80229242676565,False,True,True,False,0.0,False,False,False,False,phase5b0_nominal_mpc
lhs_016,nominal_mpc,1220.0,0.5323652738921235,0.5329719677750817,4.61306531132969,3.9974191106297017,32.822627369423216,True,True,True,False,1.4293109999998705,False,True,False,False,phase5b0_nominal_mpc
lhs_016,nominal_mpc,1225.0,0.5335552798770518,0.5339454948374058,4.61306531132969,3.9995164195367385,32.84319007929495,False,True,True,False,0.0,False,False,False,False,phase5b0_nominal_mpc
lhs_016,nominal_mpc,1230.0,0.53474528586198,0.5353725864748347,4.61306531132969,4.001522947501301,32.863943515421674,False,True,True,False,0.0,False,False,False,False,phase5b0_nominal_mpc
lhs_016,nominal_mpc,1235.0,0.5359352918469082,0.5361197121765225,4.61306531132969,4.0034568703713616,32.88485818744935,False,True,True,False,0.0,False,False,False,False,phase5b0_nominal_mpc
lhs_016,nominal_mpc,1240.0,0.5371252978318365,0.5380659530388096,4.61306531132969,4.005331525553113,32.90591016272594,False,True,True,False,0.0,False,False,False,False,phase5b0_nominal_mpc
lhs_016,nominal_mpc,1245.0,0.538302843914101,0.5395218003160778,4.564764424200765,4.005796792130641,32.925863163400386,True,True,True,False,0.20073910000064643,False,True,False,False,phase5b0_nominal_mpc
lhs_016,nominal_mpc,1250.0,0.5394803899963655,0.5412806860179159,4.564764424200765,4.007436328205049,32.94587168866084,False,True,True,False,0.0,False,False,False,False,phase5b0_nominal_mpc
lhs_016,nominal_mpc,1255.0,0.54065793607863,0.5419838958075309,4.564764424200765,4.009069323783506,32.96593375636555,False,True,True,False,0.0,False,False,False,False,phase5b0_nominal_mpc
lhs_016,nominal_mpc,1260.0,0.5418354821608945,0.5428905449932908,4.564764424200765,4.010691811627323,32.98604572290199,False,True,True,False,0.0,False,False,False,False,phase5b0_nominal_mpc
lhs_016,nominal_mpc,1265.0,0.543013028243159,0.543499276419734,4.564764424200765,4.012301192529874,33.00620285173743,False,True,True,False,0.0,False,False,False,False,phase5b0_nominal_mpc
lhs_016,nominal_mpc,1270.0,0.5441492618423059,0.5439387618124637,4.404616336537112,4.009386443818709,33.02239566385287,True,True,True,False,0.26572070000111125,False,True,False,False,phase5b0_nominal_mpc
lhs_016,nominal_mpc,1275.0,0.5452854954414529,0.5445494310642021,4.404616336537112,4.010488903268584,33.03848087950234,False,True,True,False,0.0,False,False,False,False,phase5b0_nominal_mpc
lhs_016,nominal_mpc,1280.0,0.5464217290405998,0.544111552934387,4.404616336537112,4.0116745943535665,33.054492144841184,False,True,True,False,0.0,False,False,False,False,phase5b0_nominal_mpc
lhs_016,nominal_mpc,1285.0,0.5475579626397468,0.5459032128908667,4.404616336537112,4.01291618713553,33.0704521726358,False,True,True,False,0.0,False,False,False,False,phase5b0_nominal_mpc
lhs_016,nominal_mpc,1290.0,0.5486941962388937,0.5479983977002404,4.404616336537112,4.014194256546391,33.08637590706114,False,True,True,False,0.0,False,False,False,False,phase5b0_nominal_mpc
lhs_016,nominal_mpc,1295.0,0.5498813146872534,0.5494584817322621,4.601871758567685,4.021049583650394,33.1072324073292,True,True,True,False,0.7158856999958516,False,True,False,False,phase5b0_nominal_mpc
lhs_016,nominal_mpc,1300.0,0.5510684331356132,0.5507408337818185,4.601871758567685,4.022950608798398,33.12824713956159,False,True,True,False,0.0,False,False,False,False,phase5b0_nominal_mpc
lhs_016,nominal_mpc,1305.0,0.5522555515839729,0.5521315613343849,4.601871758567685,4.024735468008223,33.14937223656737,False,True,True,False,0.0,False,False,False,False,phase5b0_nominal_mpc
lhs_016,nominal_mpc,1310.0,0.5534426700323326,0.5539460705042922,4.601871758567685,4.026432949225737,33.17057182466964,False,True,True,False,0.0,False,False,False,False,phase5b0_nominal_mpc
lhs_016,nominal_mpc,1315.0,0.5546297884806923,0.5549281639574883,4.601871758567685,4.0280638773883295,33.19181869025584,False,True,True,False,0.0,False,False,False,False,phase5b0_nominal_mpc
lhs_016,nominal_mpc,1320.0,0.5556861383892325,0.556540339206246,4.094946732563794,4.015367868659493,33.2005151052993,True,True,True,False,0.4532965000034892,False,True,False,False,phase5b0_nominal_mpc
lhs_016,nominal_mpc,1325.0,0.5567424882977727,0.556897887875811,4.094946732563794,4.015396815131792,33.2088115172899,False,True,True,False,0.0,False,False,False,False,phase5b0_nominal_mpc
lhs_016,nominal_mpc,1330.0,0.5577988382063129,0.5577006567132612,4.094946732563794,4.015707789824543,33.21681246913708,False,True,True,False,0.0,False,False,False,False,phase5b0_nominal_mpc
lhs_016,nominal_mpc,1335.0,0.5588551881148531,0.5597893081325662,4.094946732563794,4.016220579421693,33.22459269725274,False,True,True,False,0.0,False,False,False,False,phase5b0_nominal_mpc
lhs_016,nominal_mpc,1340.0,0.5599115380233933,0.5606369107090612,4.094946732563794,4.016877718378102,33.2322056044197,False,True,True,False,0.0,False,False,False,False,phase5b0_nominal_mpc
lhs_016,nominal_mpc,1345.0,0.5608242383401091,0.5622838333761067,3.538088231493365,4.001955379570141,33.227137233445795,True,True,True,False,0.2994974999965052,False,True,False,False,phase5b0_nominal_mpc
lhs_016,nominal_mpc,1350.0,0.5617369386568248,0.5625853031424594,3.538088231493365,4.001129588865052,33.22160631984,False,True,True,False,0.0,False,False,False,False,phase5b0_nominal_mpc
lhs_016,nominal_mpc,1355.0,0.5626496389735406,0.5633565141789716,3.538088231493365,4.000701820328577,33.21573969826014,False,True,True,False,0.0,False,False,False,False,phase5b0_nominal_mpc
lhs_016,nominal_mpc,1360.0,0.5635623392902563,0.565134065854574,3.538088231493365,4.000562356471701,33.20962899314964,False,True,True,False,0.0,False,False,False,False,phase5b0_nominal_mpc
lhs_016,nominal_mpc,1365.0,0.5644750396069721,0.5656652668421004,3.538088231493365,4.000632448401198,33.20334057935134,False,True,True,False,0.0,False,False,False,False,phase5b0_nominal_mpc
lhs_016,nominal_mpc,1370.0,0.5644750396069721,0.5664839268983795,0.0,3.90120774918495,33.14661749456995,True,False,False,True,4.26376270000037,False,True,False,True,phase5b0_nominal_mpc
lhs_016,nominal_mpc,1375.0,0.5645447872963935,0.5660986924473923,0.270377334811966,3.8986079145037245,33.092229841274595,True,True,True,False,0.9191963999983273,False,True,False,False,phase5b0_nominal_mpc
lhs_016,nominal_mpc,1380.0,0.5646145349858148,0.5653282112315526,0.270377334811966,3.891478264485124,33.038087224114264,False,True,True,False,0.0,False,False,False,False,phase5b0_nominal_mpc
lhs_016,nominal_mpc,1385.0,0.5646842826752362,0.5661127667341475,0.270377334811966,3.8858375099614655,32.98422300270235,False,True,True,False,0.0,False,False,False,False,phase5b0_nominal_mpc
lhs_016,nominal_mpc,1390.0,0.5647540303646575,0.566649664731131,0.270377334811966,3.8812846467321505,32.93066074122933,False,True,True,False,0.0,False,False,False,False,phase5b0_nominal_mpc
lhs_016,nominal_mpc,1395.0,0.5648237780540789,0.5667821609917093,0.270377334811966,3.8775314215318892,32.87741696416545,False,True,True,False,0.0,False,False,False,False,phase5b0_nominal_mpc
lhs_016,nominal_mpc,1400.0,0.5654094542659106,0.567492493890573,2.2703773348119656,3.9306992336089537,32.84330518682026,True,True,True,False,0.8197379000048386,False,True,False,True,phase5b0_nominal_mpc
lhs_016,nominal_mpc,1405.0,0.5665110590001525,0.5682117550366343,4.270377334811966,3.9902745931110766,32.84470045524093,True,True,True,False,1.13570250000339,False,True,False,True,phase5b0_nominal_mpc
lhs_016,nominal_mpc,1410.0,0.5677226287490732,0.5697840416556808,4.69665737129847,4.010585789027514,32.85844984434963,True,True,True,False,1.3683337999973446,False,True,False,False,phase5b0_nominal_mpc
lhs_016,nominal_mpc,1415.0,0.5689341984979939,0.5713721317466396,4.69665737129847,4.018277442358555,32.8747648726106,False,True,True,False,0.0,False,False,False,False,phase5b0_nominal_mpc
lhs_016,nominal_mpc,1420.0,0.5701457682469145,0.572671444897992,4.69665737129847,4.024347213604909,32.892955697016845,False,True,True,False,0.0,False,False,False,False,phase5b0_nominal_mpc
lhs_016,nominal_mpc,1425.0,0.5713573379958352,0.573220419253853,4.69665737129847,4.029245960389383,32.91252432101929,False,True,True,False,0.0,False,False,False,False,phase5b0_nominal_mpc
lhs_016,nominal_mpc,1430.0,0.5725689077447559,0.5742825167988515,4.69665737129847,4.033297263358354,32.93311041336912,False,True,True,False,0.0,False,False,False,False,phase5b0_nominal_mpc
lhs_016,nominal_mpc,1435.0,0.5736969370516437,0.5760095567287418,4.372812348571011,4.0276113328129615,32.946484663853916,True,True,True,False,1.0214621999984956,False,True,False,False,phase5b0_nominal_mpc
lhs_016,nominal_mpc,1440.0,0.5748249663585315,0.5763183242321912,4.372812348571011,4.029632115328266,32.96010281609564,False,True,True,False,0.0,False,False,False,False,phase5b0_nominal_mpc
lhs_016,nominal_mpc,1445.0,0.5759529956654194,0.5782215962621664,4.372812348571011,4.031525354504024,32.97391425973624,False,True,True,False,0.0,False,False,False,False,phase5b0_nominal_mpc
lhs_016,nominal_mpc,1450.0,0.5770810249723072,0.5796333299855949,4.372812348571011,4.033322316101039,32.98788073584203,False,True,True,False,0.0,False,False,False,False,phase5b0_nominal_mpc
lhs_016,nominal_mpc,1455.0,0.578209054279195,0.5820767983762348,4.372812348571011,4.035045634927855,33.001972938562886,False,True,True,False,0.0,False,False,False,False,phase5b0_nominal_mpc
lhs_016,nominal_mpc,1460.0,0.5792707883777372,0.583046702828006,4.115818577278874,4.0294720135370765,33.010053635269614,True,True,True,False,0.3522101000053226,False,True,False,False,phase5b0_nominal_mpc
lhs_016,nominal_mpc,1465.0,0.5803325224762793,0.5832977473352362,4.115818577278874,4.030324701322833,33.01800634490473,False,True,True,False,0.0,False,False,False,False,phase5b0_nominal_mpc
lhs_016,nominal_mpc,1470.0,0.5813942565748215,0.582355675268168,4.115818577278874,4.031300265430555,33.02587649746182,False,True,True,False,0.0,False,False,False,False,phase5b0_nominal_mpc
lhs_016,nominal_mpc,1475.0,0.5824559906733636,0.582574947490982,4.115818577278874,4.032361524481303,33.03369563101675,False,True,True,False,0.0,False,False,False,False,phase5b0_nominal_mpc
lhs_016,nominal_mpc,1480.0,0.5835177247719058,0.5844262294356503,4.115818577278874,4.033481947730695,33.041485379281845,False,True,True,False,0.0,False,False,False,False,phase5b0_nominal_mpc
lhs_016,nominal_mpc,1485.0,0.5845262556613615,0.5870517787528123,3.9095760193450713,4.028832028252102,33.044537662040185,True,True,True,False,0.4876189999995404,False,True,False,False,phase5b0_nominal_mpc
lhs_016,nominal_mpc,1490.0,0.5855347865508173,0.5881330908249359,3.9095760193450713,4.0294024605180425,33.04742882170782,False,True,True,False,0.0,False,False,False,False,phase5b0_nominal_mpc
lhs_016,nominal_mpc,1495.0,0.586543317440273,0.5888565544381775,3.9095760193450713,4.030118042203573,33.050209643188516,False,True,True,False,0.0,False,False,False,False,phase5b0_nominal_mpc
lhs_016,nominal_mpc,1500.0,0.5875518483297287,0.5893793829755025,3.9095760193450713,4.030937009056784,33.052916096393815,False,True,True,False,0.0,False,False,False,False,phase5b0_nominal_mpc
lhs_016,nominal_mpc,1505.0,0.5885603792191845,0.5912716516725313,3.9095760193450713,4.031829478041702,33.05557355706114,False,True,True,False,0.0,False,False,False,False,phase5b0_nominal_mpc
lhs_016,nominal_mpc,1510.0,0.5895087148060462,0.5928965516908354,3.6762285691486447,4.02619916509802,33.05307300499479,True,True,True,False,0.5409658999997191,False,True,False,False,phase5b0_nominal_mpc
lhs_016,nominal_mpc,1515.0,0.5904570503929079,0.5935550710967484,3.6762285691486447,4.026481785156123,33.050391363042564,False,True,True,False,0.0,False,False,False,False,phase5b0_nominal_mpc
lhs_016,nominal_mpc,1520.0,0.5914053859797695,0.5949064303000233,3.6762285691486447,4.026935019612034,33.047584590695706,False,True,True,False,0.0,False,False,False,False,phase5b0_nominal_mpc
lhs_016,nominal_mpc,1525.0,0.5923537215666312,0.5957693977770518,3.6762285691486447,4.027511457048843,33.04469283577234,False,True,True,False,0.0,False,False,False,False,phase5b0_nominal_mpc
lhs_016,nominal_mpc,1530.0,0.5933020571534929,0.5970711311633745,3.6762285691486447,4.028177104489669,33.04174491724273,False,True,True,False,0.0,False,False,False,False,phase5b0_nominal_mpc
lhs_016,nominal_mpc,1535.0,0.5942913311295442,0.5979612193376311,3.8349264794653153,4.033379600553505,33.042200116156565,True,True,True,False,1.5685411000013119,False,True,False,False,phase5b0_nominal_mpc
lhs_016,nominal_mpc,1540.0,0.5952806051055956,0.5998775844345964,3.8349264794653153,4.034633201252417,33.04274943538755,False,True,True,False,0.0,False,False,False,False,phase5b0_nominal_mpc
lhs_016,nominal_mpc,1545.0,0.5962698790816469,0.601270607126563,3.8349264794653153,4.035823279734998,33.04337000432395,False,True,True,False,0.0,False,False,False,False,phase5b0_nominal_mpc
lhs_016,nominal_mpc,1550.0,0.5972591530576982,0.6022759664123384,3.8349264794653153,4.036967821156448,33.04404520075815,False,True,True,False,0.0,False,False,False,False,phase5b0_nominal_mpc
lhs_016,nominal_mpc,1555.0,0.5982484270337495,0.6026469077313811,3.8349264794653153,4.038079754162041,33.044762884824934,False,True,True,False,0.0,False,False,False,False,phase5b0_nominal_mpc
lhs_016,nominal_mpc,1560.0,0.5993792510746514,0.6037894263068223,4.383646151676079,4.054632760332687,33.058196095971304,True,True,True,False,1.4800758999990649,False,True,False,False,phase5b0_nominal_mpc
lhs_016,nominal_mpc,1565.0,0.6005100751155533,0.605366209092271,4.383646151676079,4.057352006737375,33.0721285390348,False,True,True,False,0.0,False,False,False,False,phase5b0_nominal_mpc
lhs_016,nominal_mpc,1570.0,0.6016408991564552,0.6069851770902573,4.383646151676079,4.059722297398882,33.086420047314355,False,True,True,False,0.0,False,False,False,False,phase5b0_nominal_mpc
lhs_016,nominal_mpc,1575.0,0.6027717231973572,0.6072267445032821,4.383646151676079,4.061840709868617,33.100968894778056,False,True,True,False,0.0,False,False,False,False,phase5b0_nominal_mpc
lhs_016,nominal_mpc,1580.0,0.6039025472382591,0.6079541693358157,4.383646151676079,4.063776574791472,33.11570094625583,False,True,True,False,0.0,False,False,False,False,phase5b0_nominal_mpc
lhs_016,nominal_mpc,1585.0,0.6050107078782898,0.6092606109575346,4.29579134277634,4.063103102021749,33.12841419988945,True,True,True,False,0.3658218000055058,False,True,False,False,phase5b0_nominal_mpc
lhs_016,nominal_mpc,1590.0,0.6061188685183205,0.6097440918206608,4.29579134277634,4.064544865725823,33.14114012996647,False,True,True,False,0.0,False,False,False,False,phase5b0_nominal_mpc
lhs_016,nominal_mpc,1595.0,0.6072270291583513,0.6112491508346974,4.29579134277634,4.065969753639267,33.153870701623134,False,True,True,False,0.0,False,False,False,False,phase5b0_nominal_mpc
lhs_016,nominal_mpc,1600.0,0.608335189798382,0.6113421253186622,4.29579134277634,4.067381386485063,33.16659933515756,False,True,True,False,0.0,False,False,False,False,phase5b0_nominal_mpc
lhs_016,nominal_mpc,1605.0,0.6094433504384127,0.6118437241809165,4.29579134277634,4.068782420073941,33.17932053610869,False,True,True,False,0.0,False,False,False,False,phase5b0_nominal_mpc
lhs_016,nominal_mpc,1610.0,0.6106062479369524,0.6136331960341566,4.50797910186057,4.076157658456779,33.19729094521376,True,True,True,False,1.1612891999975545,False,True,False,False,phase5b0_nominal_mpc
lhs_016,nominal_mpc,1615.0,0.6117691454354921,0.6152931183948975,4.50797910186057,4.07818275600758,33.215433404670044,False,True,True,False,0.0,False,False,False,False,phase5b0_nominal_mpc
lhs_016,nominal_mpc,1620.0,0.6129320429340318,0.6164861195641622,4.50797910186057,4.080070491071674,33.23369063291298,False,True,True,False,0.0,False,False,False,False,phase5b0_nominal_mpc
lhs_016,nominal_mpc,1625.0,0.6140949404325715,0.6173478165651094,4.50797910186057,4.081857728867748,33.25202048044979,False,True,True,False,0.0,False,False,False,False,phase5b0_nominal_mpc
lhs_016,nominal_mpc,1630.0,0.6152578379311112,0.6186010448442975,4.50797910186057,4.083570982362578,33.270391687657934,False,True,True,False,0.0,False,False,False,False,phase5b0_nominal_mpc
lhs_016,nominal_mpc,1635.0,0.6163271753745597,0.6198000052127021,4.145292989241511,4.0750009303261265,33.27980413039863,True,True,True,False,0.43301899999642046,False,True,False,False,phase5b0_nominal_mpc
lhs_016,nominal_mpc,1640.0,0.6173965128180082,0.6213313419986127,4.145292989241511,4.075522433600541,33.2889213001038,False,True,True,False,0.0,False,False,False,False,phase5b0_nominal_mpc
lhs_016,nominal_mpc,1645.0,0.6184658502614567,0.6225823407422303,4.145292989241511,4.076237251042799,33.29781479763461,False,True,True,False,0.0,False,False,False,False,phase5b0_nominal_mpc
lhs_016,nominal_mpc,1650.0,0.6195351877049052,0.6223287369573953,4.145292989241511,4.0770909758850244,33.30653581090072,False,True,True,False,0.0,False,False,False,False,phase5b0_nominal_mpc
lhs_016,nominal_mpc,1655.0,0.6206045251483537,0.6227227184225382,4.145292989241511,4.078044594480856,33.315120919793934,False,True,True,False,0.0,False,False,False,False,phase5b0_nominal_mpc
lhs_016,nominal_mpc,1660.0,0.6215939803266187,0.623041764620658,3.8356289109293304,4.070335630980596,33.31637739517776,True,True,True,False,0.6156793999980437,False,True,False,False,phase5b0_nominal_mpc
lhs_016,nominal_mpc,1665.0,0.6225834355048837,0.6243613495383753,3.8356289109293304,4.0704762107609,33.31732105025809,False,True,True,False,0.0,False,False,False,False,phase5b0_nominal_mpc
lhs_016,nominal_mpc,1670.0,0.6235728906831487,0.6249287943570452,3.8356289109293304,4.070846065594072,33.31803056557036,False,True,True,False,0.0,False,False,False,False,phase5b0_nominal_mpc
lhs_016,nominal_mpc,1675.0,0.6245623458614137,0.6260952931020776,3.8356289109293304,4.071382267103235,33.31856276678786,False,True,True,False,0.0,False,False,False,False,phase5b0_nominal_mpc
lhs_016,nominal_mpc,1680.0,0.6255518010396787,0.6267802520492524,3.8356289109293304,4.072039626949932,33.318958808777644,False,True,True,False,0.0,False,False,False,False,phase5b0_nominal_mpc
lhs_016,nominal_mpc,1685.0,0.6265301291753802,0.6285152989144159,3.792494863943781,4.071568867178896,33.31828289091462,True,True,True,False,0.3259182999972836,False,True,False,False,phase5b0_nominal_mpc
lhs_016,nominal_mpc,1690.0,0.6275084573110817,0.6308360451941437,3.792494863943781,4.07224962830043,33.3174924412439,False,True,True,False,0.0,False,False,False,False,phase5b0_nominal_mpc
lhs_016,nominal_mpc,1695.0,0.6284867854467833,0.6304422948343332,3.792494863943781,4.073005658332151,33.31661243779613,False,True,True,False,0.0,False,False,False,False,phase5b0_nominal_mpc
lhs_016,nominal_mpc,1700.0,0.6294651135824848,0.6315402203308488,3.792494863943781,4.073817514502372,33.3156612063844,False,True,True,False,0.0,False,False,False,False,phase5b0_nominal_mpc
lhs_016,nominal_mpc,1705.0,0.6304434417181863,0.6316595871949613,3.792494863943781,4.074671183617005,33.31465228879614,False,True,True,False,0.0,False,False,False,False,phase5b0_nominal_mpc
lhs_016,nominal_mpc,1710.0,0.6315578240893815,0.6330117543357586,4.31990992081266,4.09043648638469,33.32583786675818,True,True,True,False,1.1227402000004076,False,True,False,False,phase5b0_nominal_mpc
lhs_016,nominal_mpc,1715.0,0.6326722064605768,0.6353282509230121,4.31990992081266,4.092944974609621,33.33741797854104,False,True,True,False,0.0,False,False,False,False,phase5b0_nominal_mpc
lhs_016,nominal_mpc,1720.0,0.633786588831772,0.6370506330695299,4.31990992081266,4.095145524531015,33.349271840955666,False,True,True,False,0.0,False,False,False,False,phase5b0_nominal_mpc
lhs_016,nominal_mpc,1725.0,0.6349009712029672,0.6392456275604119,4.31990992081266,4.097123828730575,33.361312292569444,False,True,True,False,0.0,False,False,False,False,phase5b0_nominal_mpc
lhs_016,nominal_mpc,1730.0,0.6360153535741624,0.6409396685439523,4.31990992081266,4.0989413590704595,33.373476281662285,False,True,True,False,0.0,False,False,False,False,phase5b0_nominal_mpc
lhs_016,nominal_mpc,1735.0,0.6370184475698292,0.6418963655239793,3.8884998680847582,4.088469731313448,33.37547508842066,True,True,True,False,0.47331300000223564,False,True,False,False,phase5b0_nominal_mpc
lhs_016,nominal_mpc,1740.0,0.638021541565496,0.6428835249531345,3.8884998680847582,4.088776829861729,33.377189165109215,False,True,True,False,0.0,False,False,False,False,phase5b0_nominal_mpc
lhs_016,nominal_mpc,1745.0,0.6390246355611627,0.6434220544406557,3.8884998680847582,4.089289222602345,33.37869040224911,False,True,True,False,0.0,False,False,False,False,phase5b0_nominal_mpc
lhs_016,nominal_mpc,1750.0,0.6400277295568295,0.6439486594780643,3.8884998680847582,4.089949956048236,33.380030632909566,False,True,True,False,0.0,False,False,False,False,phase5b0_nominal_mpc
lhs_016,nominal_mpc,1755.0,0.6410308235524963,0.6448999473589789,3.8884998680847582,4.090718138979645,33.381247318786244,False,True,True,False,0.0,False,False,False,False,phase5b0_nominal_mpc
lhs_016,nominal_mpc,1760.0,0.6421199567634761,0.6440937581478483,4.222031400364095,4.10097574434442,33.390153492183316,True,True,True,False,1.0734019000010449,True,True,False,False,phase5b0_nominal_mpc
lhs_016,nominal_mpc,1765.0,0.6432090899744559,0.6448552507188435,4.222031400364095,4.102891241732035,33.399248183382035,False,True,True,False,0.0,False,False,False,False,phase5b0_nominal_mpc
lhs_016,nominal_mpc,1770.0,0.6442982231854357,0.645659937764783,4.222031400364095,4.104641528048982,33.408468309943856,False,True,True,False,0.0,False,False,False,False,phase5b0_nominal_mpc
lhs_016,nominal_mpc,1775.0,0.6453873563964155,0.6472392437541528,4.222031400364095,4.106272299299808,33.417768336087164,False,True,True,False,0.0,False,False,False,False,phase5b0_nominal_mpc
lhs_016,nominal_mpc,1780.0,0.6464764896073953,0.6489862478534987,4.222031400364095,4.107816326409973,33.42711530790843,False,True,True,False,0.0,False,False,False,False,phase5b0_nominal_mpc
lhs_016,nominal_mpc,1785.0,0.6464764896073953,0.6494143741757714,0.0,3.990158616556703,33.368710938213376,True,False,False,True,0.9804265999991912,True,True,False,True,phase5b0_nominal_mpc
lhs_016,nominal_mpc,1790.0,0.6469059631216678,0.6490704123523038,1.6648566443508137,4.0257556611265946,33.3276631668804,True,True,True,False,1.4011345999970217,True,True,False,False,phase5b0_nominal_mpc
lhs_016,nominal_mpc,1795.0,0.6473354366359403,0.6505368057153144,1.6648566443508137,4.0220142543036745,33.28633538779165,False,True,True,False,0.0,False,False,False,False,phase5b0_nominal_mpc
lhs_016,nominal_mpc,1800.0,0.6477649101502128,0.6506646384526203,1.6648566443508137,4.019117582137752,33.244852505406946,False,True,True,False,0.0,False,False,False,False,phase5b0_nominal_mpc
lhs_016,nominal_mpc,1805.0,0.6481943836644852,0.65016529621803,1.6648566443508137,4.016839624755106,33.20330539508083,False,True,True,False,0.0,False,False,False,False,phase5b0_nominal_mpc
lhs_016,nominal_mpc,1810.0,0.6486238571787577,0.6499049049144193,1.6648566443508137,4.015017852381561,33.16176042908267,False,True,True,False,0.0,False,False,False,False,phase5b0_nominal_mpc
lhs_016,nominal_mpc,1815.0,0.6495692592154404,0.650632693791525,3.6648566443508135,4.069972370180591,33.15229051822629,True,True,True,False,1.5265166999961366,True,True,False,True,phase5b0_nominal_mpc
lhs_016,nominal_mpc,1820.0,0.650682578794512,0.651005923631793,4.315790000794783,4.093184881724612,33.15807204996246,True,True,True,False,1.968729300002451,True,True,False,False,phase5b0_nominal_mpc
lhs_016,nominal_mpc,1825.0,0.6517958983735835,0.6528054941913773,4.315790000794783,4.098957230241572,33.16550566950735,False,True,True,False,0.0,False,False,False,False,phase5b0_nominal_mpc
lhs_016,nominal_mpc,1830.0,0.6529092179526551,0.654321537806409,4.315790000794783,4.103573116226288,33.1741398131052,False,True,True,False,0.0,False,False,False,False,phase5b0_nominal_mpc
lhs_016,nominal_mpc,1835.0,0.6540225375317267,0.6558083899374021,4.315790000794783,4.107355087387892,33.18364912316069,False,True,True,False,0.0,False,False,False,False,phase5b0_nominal_mpc
lhs_016,nominal_mpc,1840.0,0.6551358571107982,0.6573757082760974,4.315790000794783,4.110534521691063,33.19379876492245,False,True,True,False,0.0,False,False,False,False,phase5b0_nominal_mpc
lhs_016,nominal_mpc,1845.0,0.6562452656673798,0.6590941152546828,4.300628898742681,4.11284960537095,33.20405707782623,True,True,True,False,0.8325274999951944,True,True,False,False,phase5b0_nominal_mpc
lhs_016,nominal_mpc,1850.0,0.6573546742239614,0.6615647834863276,4.300628898742681,4.115229104587747,33.214648580661965,False,True,True,False,0.0,False,False,False,False,phase5b0_nominal_mpc
lhs_016,nominal_mpc,1855.0,0.658464082780543,0.6629973956624879,4.300628898742681,4.11738616975649,33.22548750251755,False,True,True,False,0.0,False,False,False,False,phase5b0_nominal_mpc
lhs_016,nominal_mpc,1860.0,0.6595734913371246,0.6643908722904963,4.300628898742681,4.119379658370164,33.2365110579978,False,True,True,False,0.0,False,False,False,False,phase5b0_nominal_mpc
lhs_016,nominal_mpc,1865.0,0.6606828998937062,0.6655045515570812,4.300628898742681,4.121251870417084,33.24767299687252,False,True,True,False,0.0,False,False,False,False,phase5b0_nominal_mpc
lhs_016,nominal_mpc,1870.0,0.6618622634705984,0.6678555649112701,4.571809952985371,4.130685307497019,33.2656328500232,True,True,True,False,1.6478420999992522,True,True,False,False,phase5b0_nominal_mpc
lhs_016,nominal_mpc,1875.0,0.6630416270474906,0.667908022041941,4.571809952985371,4.133220553348598,33.283921089859625,False,True,True,False,0.0,False,False,False,False,phase5b0_nominal_mpc
lhs_016,nominal_mpc,1880.0,0.6642209906243828,0.6704154086580889,4.571809952985371,4.135534057092648,33.30244756685458,False,True,True,False,0.0,False,False,False,False,phase5b0_nominal_mpc
lhs_016,nominal_mpc,1885.0,0.665400354201275,0.6720356210517092,4.571809952985371,4.137683276816968,33.321146015767425,False,True,True,False,0.0,False,False,False,False,phase5b0_nominal_mpc
lhs_016,nominal_mpc,1890.0,0.6665797177781672,0.6732121992020912,4.571809952985371,4.139709536343283,33.33996735484864,False,True,True,False,0.0,False,False,False,False,phase5b0_nominal_mpc
lhs_016,nominal_mpc,1895.0,0.6677054288978833,0.6738639183123208,4.363825882148071,4.135774159945462,33.35364103050817,True,True,True,False,0.4626337000008789,True,True,False,False,phase5b0_nominal_mpc
lhs_016,nominal_mpc,1900.0,0.6688311400175995,0.6742958941429354,4.363825882148071,4.137004826946996,33.36719097700222,False,True,True,False,0.0,False,False,False,False,phase5b0_nominal_mpc
lhs_016,nominal_mpc,1905.0,0.6699568511373156,0.6753748488509792,4.363825882148071,4.138308591327846,33.38064768571451,False,True,True,False,0.0,False,False,False,False,phase5b0_nominal_mpc
lhs_016,nominal_mpc,1910.0,0.6710825622570318,0.6774475358381116,4.363825882148071,4.139661342506386,33.39403215730103,False,True,True,False,0.0,False,False,False,False,phase5b0_nominal_mpc
lhs_016,nominal_mpc,1915.0,0.6722082733767479,0.6793049696737286,4.363825882148071,4.1410458557648155,33.40735863784498,False,True,True,False,0.0,False,False,False,False,phase5b0_nominal_mpc
lhs_016,nominal_mpc,1920.0,0.6733165625528215,0.6804444731188353,4.296289613514223,4.140544427003907,33.4189711324108,True,True,True,False,0.7829597999952966,True,True,False,False,phase5b0_nominal_mpc
lhs_016,nominal_mpc,1925.0,0.674424851728895,0.6812915800535551,4.296289613514223,4.141754541649847,33.430484839306935,False,True,True,False,0.0,False,False,False,False,phase5b0_nominal_mpc
lhs_016,nominal_mpc,1930.0,0.6755331409049685,0.6815805621726385,4.296289613514223,4.143011166806598,33.441919559560176,False,True,True,False,0.0,False,False,False,False,phase5b0_nominal_mpc
lhs_016,nominal_mpc,1935.0,0.676641430081042,0.6823789169127862,4.296289613514223,4.1442984131550045,33.45328895634285,False,True,True,False,0.0,False,False,False,False,phase5b0_nominal_mpc
lhs_016,nominal_mpc,1940.0,0.6777497192571156,0.6828976627466649,4.296289613514223,4.145604919450577,33.46460232177396,False,True,True,False,0.0,False,False,False,False,phase5b0_nominal_mpc
lhs_016,nominal_mpc,1945.0,0.6787511247163603,0.6838709754688461,3.8819542465550496,4.135234223404281,33.46602475615268,True,True,True,False,0.35379030000331113,True,True,False,False,phase5b0_nominal_mpc
lhs_016,nominal_mpc,1950.0,0.6797525301756051,0.6848251333855678,3.8819542465550496,4.135303584653958,33.46709513646343,False,True,True,False,0.0,False,False,False,False,phase5b0_nominal_mpc
lhs_016,nominal_mpc,1955.0,0.6807539356348499,0.6862414950009242,3.8819542465550496,4.135632101837237,33.467905594868206,False,True,True,False,0.0,False,False,False,False,phase5b0_nominal_mpc
lhs_016,nominal_mpc,1960.0,0.6817553410940946,0.6875353032539848,3.8819542465550496,4.136146464462236,33.468522488380515,False,True,True,False,0.0,False,False,False,False,phase5b0_nominal_mpc
lhs_016,nominal_mpc,1965.0,0.6827567465533394,0.6893920889138231,3.8819542465550496,4.136794052128408,33.468993701915004,False,True,True,False,0.0,False,False,False,False,phase5b0_nominal_mpc
lhs_016,nominal_mpc,1970.0,0.6837861938326926,0.6896970116424203,3.9906585297664368,4.140603213772179,33.47184300054264,True,True,True,False,0.4366703999985475,True,True,False,False,phase5b0_nominal_mpc
lhs_016,nominal_mpc,1975.0,0.6848156411120457,0.6901830696714186,3.9906585297664368,4.1417430109273425,33.474686845272856,False,True,True,False,0.0,False,False,False,False,phase5b0_nominal_mpc
lhs_016,nominal_mpc,1980.0,0.6858450883913989,0.6901607436164688,3.9906585297664368,4.142863880204338,33.477519780344544,False,True,True,False,0.0,False,False,False,False,phase5b0_nominal_mpc
lhs_016,nominal_mpc,1985.0,0.6868745356707521,0.6909675856294635,3.9906585297664368,4.1439702297783425,33.480337988285,False,True,True,False,0.0,False,False,False,False,phase5b0_nominal_mpc
lhs_016,nominal_mpc,1990.0,0.6879039829501052,0.6924772460882278,3.9906585297664368,4.145065184618177,33.48313881929584,False,True,True,False,0.0,False,False,False,False,phase5b0_nominal_mpc
lhs_016,nominal_mpc,1995.0,0.6879039829501052,0.6949733636419835,0.0,4.033605600481009,33.424313499269076,True,False,False,True,0.5400205000041751,True,True,False,True,phase5b0_nominal_mpc
lhs_016,nominal_mpc,2000.0,0.6879039829501052,0.6954416284534725,0.0,4.022638012031313,33.365929989830136,True,False,False,True,1.744928100000834,True,True,False,False,phase5b0_nominal_mpc
lhs_016,nominal_mpc,2005.0,0.6879039829501052,0.6948617475684273,0.0,4.014146008377326,33.30798514542896,False,False,False,True,0.0,False,False,False,False,phase5b0_nominal_mpc
lhs_016,nominal_mpc,2010.0,0.6879039829501052,0.6947900387470858,0.0,4.0074523340443955,33.25047567015173,False,False,False,True,0.0,False,False,False,False,phase5b0_nominal_mpc
lhs_016,nominal_mpc,2015.0,0.6879039829501052,0.6946325771185471,0.0,4.002070571442105,33.19339829284851,False,False,False,True,0.0,False,False,False,False,phase5b0_nominal_mpc
lhs_016,nominal_mpc,2020.0,0.6879039829501052,0.6934618708968373,0.0,3.9976511511572945,33.13674976694718,False,False,False,True,0.0,False,False,False,False,phase5b0_nominal_mpc
lhs_016,nominal_mpc,2025.0,0.6884199114725156,0.6937696309316645,1.9999999999999996,4.050347517032744,33.09711239621781,True,True,True,False,1.1031662000023061,True,False,False,True,phase5b0_nominal_mpc
lhs_016,nominal_mpc,2030.0,0.6894517685173361,0.6952754300190476,3.999999999999999,4.109610242615362,33.09061041523161,True,True,True,False,0.453802000003634,True,True,False,True,phase5b0_nominal_mpc
lhs_016,nominal_mpc,2035.0,0.690599655632466,0.6954678441052731,4.449791260879303,4.130345056176422,33.09627034703361,True,True,True,False,0.25762489999760874,True,False,False,False,phase5b0_nominal_mpc
lhs_016,nominal_mpc,2040.0,0.6917475427475958,0.6979899822201061,4.449791260879303,4.13790873624153,33.10433955303964,False,True,True,False,0.0,False,False,False,False,phase5b0_nominal_mpc
lhs_016,nominal_mpc,2045.0,0.6928954298627256,0.6989576400915739,4.449791260879303,4.143864399790778,33.114172667965484,False,True,True,False,0.0,False,False,False,False,phase5b0_nominal_mpc
lhs_016,nominal_mpc,2050.0,0.6940433169778554,0.7012127556917895,4.449791260879303,4.148658158969843,33.12530426025057,False,True,True,False,0.0,False,False,False,False,phase5b0_nominal_mpc
lhs_016,nominal_mpc,2055.0,0.6951912040929852,0.7023049920633883,4.449791260879303,4.152610077113696,33.13739799260223,False,True,True,False,0.0,False,False,False,False,phase5b0_nominal_mpc
lhs_016,nominal_mpc,2060.0,0.6962108714111178,0.7031665376591697,3.9527464516555977,4.1419360724633165,33.13871770777602,True,True,True,False,0.1155127000020002,True,False,False,False,phase5b0_nominal_mpc
lhs_016,nominal_mpc,2065.0,0.6972305387292504,0.7030680864801192,3.9527464516555977,4.143332981398531,33.140134119269376,False,True,True,False,0.0,False,False,False,False,phase5b0_nominal_mpc
lhs_016,nominal_mpc,2070.0,0.6982502060473831,0.7039224314593594,3.9527464516555977,4.144710968796929,33.14164223548072,False,True,True,False,0.0,False,False,False,False,phase5b0_nominal_mpc
lhs_016,nominal_mpc,2075.0,0.6992698733655157,0.7052118897674686,3.9527464516555977,4.14607071236365,33.143237319143,False,True,True,False,0.0,False,False,False,False,phase5b0_nominal_mpc
lhs_016,nominal_mpc,2080.0,0.7002895406836483,0.7063295281432037,3.9527464516555977,4.1474129405952445,33.14491488212833,False,True,True,False,0.0,False,False,False,False,phase5b0_nominal_mpc
lhs_016,nominal_mpc,2085.0,0.7012420063032018,0.7078991758110669,3.692238665556908,4.141397240510468,33.140994594304026,True,True,True,False,0.17605220000405097,True,False,False,False,phase5b0_nominal_mpc
lhs_016,nominal_mpc,2090.0,0.7021944719227552,0.7078939722574551,3.692238665556908,4.141929131428843,33.136960261285935,False,True,True,False,0.0,False,False,False,False,phase5b0_nominal_mpc
lhs_016,nominal_mpc,2095.0,0.7031469375423086,0.708533383106476,3.692238665556908,4.142610584031777,33.13286202499286,False,True,True,False,0.0,False,False,False,False,phase5b0_nominal_mpc
lhs_016,nominal_mpc,2100.0,0.704099403161862,0.7100119856323068,3.692238665556908,4.143397795185881,33.128735364372936,False,True,True,False,0.0,False,False,False,False,phase5b0_nominal_mpc
lhs_016,nominal_mpc,2105.0,0.7050518687814155,0.7122010178667593,3.692238665556908,4.144259404658341,33.124605272726726,False,True,True,False,0.0,False,False,False,False,phase5b0_nominal_mpc
lhs_016,nominal_mpc,2110.0,0.7059496261763566,0.7144859133318847,3.480161905944036,4.139194943328266,33.116081285068816,True,True,True,False,0.1498518000007607,True,False,False,False,phase5b0_nominal_mpc
lhs_016,nominal_mpc,2115.0,0.7068473835712977,0.7143306062582035,3.480161905944036,4.139507186179093,33.107444162364615,False,True,True,False,0.0,False,False,False,False,phase5b0_nominal_mpc
lhs_016,nominal_mpc,2120.0,0.7077451409662389,0.7147612822072584,3.480161905944036,4.139975687987925,33.09874296017297,False,True,True,False,0.0,False,False,False,False,phase5b0_nominal_mpc
lhs_016,nominal_mpc,2125.0,0.70864289836118,0.7147161177962676,3.480161905944036,4.14055622842627,33.09001278422478,False,True,True,False,0.0,False,False,False,False,phase5b0_nominal_mpc
lhs_016,nominal_mpc,2130.0,0.7095406557561211,0.7156952194464976,3.480161905944036,4.141217094093766,33.0812787455565,False,True,True,False,0.0,False,False,False,False,phase5b0_nominal_mpc
lhs_016,nominal_mpc,2135.0,0.7104254630552963,0.7170014090340963,3.429960782325493,4.1405205344514835,33.07154823061143,True,True,True,False,0.11020519999874523,True,False,False,False,phase5b0_nominal_mpc
lhs_016,nominal_mpc,2140.0,0.7113102703544715,0.7184422709553949,3.429960782325493,4.141129465777042,33.061812455782395,False,True,True,False,0.0,False,False,False,False,phase5b0_nominal_mpc
lhs_016,nominal_mpc,2145.0,0.7121950776536466,0.7189932114680991,3.429960782325493,4.141799151910202,33.052090022372056,False,True,True,False,0.0,False,False,False,False,phase5b0_nominal_mpc
lhs_016,nominal_mpc,2150.0,0.7130798849528218,0.7189397934020362,3.429960782325493,4.142512659210072,33.04239427111274,False,True,True,False,0.0,False,False,False,False,phase5b0_nominal_mpc
lhs_016,nominal_mpc,2155.0,0.713964692251997,0.719250468409632,3.429960782325493,4.143257827426147,33.03273476816357,False,True,True,False,0.0,False,False,False,False,phase5b0_nominal_mpc
lhs_016,nominal_mpc,2160.0,0.7148194083910745,0.7196941986458744,3.3133122203999683,4.140738137069219,33.02081618938398,True,True,True,False,0.10558640000090236,True,False,False,False,phase5b0_nominal_mpc
lhs_016,nominal_mpc,2165.0,0.715674124530152,0.7206309302069871,3.3133122203999683,4.141172682354008,33.00887330008849,False,True,True,False,0.0,False,False,False,False,phase5b0_nominal_mpc
lhs_016,nominal_mpc,2170.0,0.7165288406692295,0.7215115557909693,3.3133122203999683,4.141691847289686,32.99693106987309,False,True,True,False,0.0,False,False,False,False,phase5b0_nominal_mpc
lhs_016,nominal_mpc,2175.0,0.717383556808307,0.7225171009299463,3.3133122203999683,4.142272551399341,32.985007538269436,False,True,True,False,0.0,False,False,False,False,phase5b0_nominal_mpc
lhs_016,nominal_mpc,2180.0,0.7182382729473845,0.7233773942087093,3.3133122203999683,4.142898205492985,32.97311576947297,False,True,True,False,0.0,False,False,False,False,phase5b0_nominal_mpc
lhs_016,nominal_mpc,2185.0,0.7190986491302302,0.7231490573372191,3.335253413888861,4.144175267542296,32.9616917674247,True,True,True,False,0.26058069999999134,True,False,False,False,phase5b0_nominal_mpc
lhs_016,nominal_mpc,2190.0,0.719959025313076,0.7239946485096684,3.335253413888861,4.14492419931882,32.95032957433168,False,True,True,False,0.0,False,False,False,False,phase5b0_nominal_mpc
lhs_016,nominal_mpc,2195.0,0.7208194014959217,0.7247721097544605,3.335253413888861,4.145677715401241,32.939030191470465,False,True,True,False,0.0,False,False,False,False,phase5b0_nominal_mpc
lhs_016,nominal_mpc,2200.0,0.7216797776787675,0.7254223506058063,3.335253413888861,4.146435062925092,32.92779439807982,False,True,True,False,0.0,False,False,False,False,phase5b0_nominal_mpc
lhs_016,nominal_mpc,2205.0,0.7225401538616132,0.7271111204189735,3.335253413888861,4.1471956718678085,32.91662280546947,False,True,True,False,0.0,False,False,False,False,phase5b0_nominal_mpc
lhs_016,nominal_mpc,2210.0,0.7233380970243004,0.7277589862560144,3.0932314381823427,4.141138262789931,32.90092148933852,True,True,True,False,0.2260147999986657,True,False,False,False,phase5b0_nominal_mpc
lhs_016,nominal_mpc,2215.0,0.7241360401869876,0.7286970811320274,3.0932314381823427,4.141178241818491,32.88514590915686,False,True,True,False,0.0,False,False,False,False,phase5b0_nominal_mpc
lhs_016,nominal_mpc,2220.0,0.7249339833496748,0.7276932278411742,3.0932314381823427,4.141370851618091,32.86933813803445,False,True,True,False,0.0,False,False,False,False,phase5b0_nominal_mpc
lhs_016,nominal_mpc,2225.0,0.7257319265123621,0.728416209985844,3.0932314381823427,4.141674746532118,32.85352865502276,False,True,True,False,0.0,False,False,False,False,phase5b0_nominal_mpc
lhs_016,nominal_mpc,2230.0,0.7265298696750493,0.7290438110298406,3.0932314381823427,4.142060206905352,32.83773961556745,False,True,True,False,0.0,False,False,False,False,phase5b0_nominal_mpc
lhs_016,nominal_mpc,2235.0,0.7273338954981008,0.730913202041026,3.1168109074308274,4.1431703557275075,32.82241998810318,True,True,True,False,0.22817090000171447,True,False,False,False,phase5b0_nominal_mpc
lhs_016,nominal_mpc,2240.0,0.7281379213211523,0.731723321033782,3.1168109074308274,4.143731478652107,32.807162243297526,False,True,True,False,0.0,False,False,False,False,phase5b0_nominal_mpc
lhs_016,nominal_mpc,2245.0,0.7289419471442038,0.7328532227240498,3.1168109074308274,4.144311617484241,32.79197109526198,False,True,True,False,0.0,False,False,False,False,phase5b0_nominal_mpc
lhs_016,nominal_mpc,2250.0,0.7297459729672553,0.73416078718475,3.1168109074308274,4.144906745704516,32.776850127270016,False,True,True,False,0.0,False,False,False,False,phase5b0_nominal_mpc
lhs_016,nominal_mpc,2255.0,0.7305499987903068,0.7347216632497435,3.1168109074308274,4.145513917120825,32.76180209567838,False,True,True,False,0.0,False,False,False,False,phase5b0_nominal_mpc
lhs_016,nominal_mpc,2260.0,0.7313176395971492,0.7360761169689413,2.9757641746815686,4.142156231310121,32.74428225731868,True,True,True,False,0.1500257999941823,True,False,False,False,phase5b0_nominal_mpc
lhs_016,nominal_mpc,2265.0,0.7320852804039917,0.7360746877805205,2.9757641746815686,4.14235882505319,32.7267617367363,False,True,True,False,0.0,False,False,False,False,phase5b0_nominal_mpc
lhs_016,nominal_mpc,2270.0,0.7328529212108341,0.7368298409822656,2.9757641746815686,4.142656134953284,32.70926525334344,False,True,True,False,0.0,False,False,False,False,phase5b0_nominal_mpc
lhs_016,nominal_mpc,2275.0,0.7336205620176766,0.7376323951101391,2.9757641746815686,4.143023277324067,32.69181081665711,False,True,True,False,0.0,False,False,False,False,phase5b0_nominal_mpc
lhs_016,nominal_mpc,2280.0,0.734388202824519,0.7371992307678586,2.9757641746815686,4.143442332405441,32.67441161064075,False,True,True,False,0.0,False,False,False,False,phase5b0_nominal_mpc
lhs_016,nominal_mpc,2285.0,0.7351391409574695,0.7388615160607981,2.911016159534104,4.142075839583678,32.65594407056832,True,True,True,False,0.0870264999975916,True,False,False,False,phase5b0_nominal_mpc
lhs_016,nominal_mpc,2290.0,0.7358900790904199,0.7390225433654595,2.911016159534104,4.142369560510856,32.637514331790165,False,True,True,False,0.0,False,False,False,False,phase5b0_nominal_mpc
lhs_016,nominal_mpc,2295.0,0.7366410172233704,0.7387872771434035,2.911016159534104,4.142726402602648,32.61913816392047,False,True,True,False,0.0,False,False,False,False,phase5b0_nominal_mpc
lhs_016,nominal_mpc,2300.0,0.7373919553563208,0.7400917696599255,2.911016159534104,4.1431304432032805,32.600827140067004,False,True,True,False,0.0,False,False,False,False,phase5b0_nominal_mpc
lhs_016,nominal_mpc,2305.0,0.7381428934892713,0.7409046681539185,2.911016159534104,4.1435701865384,32.58258980742072,False,True,True,False,0.0,False,False,False,False,phase5b0_nominal_mpc
lhs_016,nominal_mpc,2310.0,0.7389104204649909,0.7403044397898749,2.975322907653527,4.1458493382946315,32.565549630412356,True,True,True,False,0.3918935000037891,True,False,False,False,phase5b0_nominal_mpc
lhs_016,nominal_mpc,2315.0,0.7396779474407105,0.7424054468503132,2.975322907653527,4.146530382131223,32.548629516505514,False,True,True,False,0.0,False,False,False,False,phase5b0_nominal_mpc
lhs_016,nominal_mpc,2320.0,0.74044547441643,0.7429399310126172,2.975322907653527,4.14718840369429,32.53182249091313,False,True,True,False,0.0,False,False,False,False,phase5b0_nominal_mpc
lhs_016,nominal_mpc,2325.0,0.7412130013921496,0.7436283774761484,2.975322907653527,4.147831105585018,32.51512366395574,False,True,True,False,0.0,False,False,False,False,phase5b0_nominal_mpc
lhs_016,nominal_mpc,2330.0,0.7419805283678692,0.7439745334824506,2.975322907653527,4.148463957446835,32.49852962617699,False,True,True,False,0.0,False,False,False,False,phase5b0_nominal_mpc
lhs_016,nominal_mpc,2335.0,0.7426939096024019,0.7456686572090732,2.765426618400435,4.143176665904722,32.47845646327875,True,True,True,False,0.10485899999912363,True,False,False,False,phase5b0_nominal_mpc
lhs_016,nominal_mpc,2340.0,0.7434072908369346,0.7468475563122917,2.765426618400435,4.143171990259868,32.45837681805082,False,True,True,False,0.0,False,False,False,False,phase5b0_nominal_mpc
lhs_016,nominal_mpc,2345.0,0.7441206720714673,0.7477304105002728,2.765426618400435,4.143296416379914,32.438322038565474,False,True,True,False,0.0,False,False,False,False,phase5b0_nominal_mpc
lhs_016,nominal_mpc,2350.0,0.7448340533059999,0.7494795041726228,2.765426618400435,4.143515601137881,32.41831486540269,False,True,True,False,0.0,False,False,False,False,phase5b0_nominal_mpc
lhs_016,nominal_mpc,2355.0,0.7455474345405326,0.7500388106275614,2.765426618400435,4.143804833815982,32.39837185463397,False,True,True,False,0.0,False,False,False,False,phase5b0_nominal_mpc
lhs_016,nominal_mpc,2360.0,0.7462170849817954,0.7504948479957818,2.5959039369808274,4.139369933233371,32.37576971667504,True,True,True,False,0.11760339999455027,True,False,False,False,phase5b0_nominal_mpc
lhs_016,nominal_mpc,2365.0,0.7468867354230582,0.7509470931129661,2.5959039369808274,4.139243559229561,32.35317423760481,False,True,True,False,0.0,False,False,False,False,phase5b0_nominal_mpc
lhs_016,nominal_mpc,2370.0,0.7475563858643209,0.7517075684608896,2.5959039369808274,4.139252647818118,32.330616105595574,False,True,True,False,0.0,False,False,False,False,phase5b0_nominal_mpc
lhs_016,nominal_mpc,2375.0,0.7482260363055837,0.7526343630306056,2.5959039369808274,4.139361657339812,32.3081176497547,False,True,True,False,0.0,False,False,False,False,phase5b0_nominal_mpc
lhs_016,nominal_mpc,2380.0,0.7488956867468465,0.7543844941986478,2.5959039369808274,4.1395449961152595,32.285695187595906,False,True,True,False,0.0,False,False,False,False,phase5b0_nominal_mpc
lhs_016,nominal_mpc,2385.0,0.7495269705167711,0.7544127107291407,2.447175306282288,4.1355938732182045,32.26108509417887,True,True,True,False,0.10684049999690615,True,False,False,False,phase5b0_nominal_mpc
lhs_016,nominal_mpc,2390.0,0.7501582542866957,0.7546253418338495,2.447175306282288,4.135430753315871,32.2365078277987,False,True,True,False,0.0,False,False,False,False,phase5b0_nominal_mpc
lhs_016,nominal_mpc,2395.0,0.7507895380566203,0.7556811343458754,2.447175306282288,4.1353929417139925,32.21198986691379,False,True,True,False,0.0,False,False,False,False,phase5b0_nominal_mpc
lhs_016,nominal_mpc,2400.0,0.7514208218265449,0.7554458058425167,2.447175306282288,4.135448146802548,32.18755053220942,False,True,True,False,0.0,False,False,False,False,phase5b0_nominal_mpc
lhs_016,nominal_mpc,2405.0,0.7520521055964695,0.7558214181887313,2.447175306282288,4.1355730935462045,32.163203991825355,False,True,True,False,0.0,False,False,False,False,phase5b0_nominal_mpc
lhs_016,nominal_mpc,2410.0,0.7527179516829663,0.756488506124865,2.5811563329979093,4.139525668792115,32.14097655280965,True,True,True,False,0.4864180000004126,True,False,False,False,phase5b0_nominal_mpc
lhs_016,nominal_mpc,2415.0,0.7533837977694631,0.7562436251761157,2.5811563329979093,4.140144945655856,32.11892200348187,False,True,True,False,0.0,False,False,False,False,phase5b0_nominal_mpc
lhs_016,nominal_mpc,2420.0,0.7540496438559599,0.7575181103539622,2.5811563329979093,4.140712901879237,32.09702721635101,False,True,True,False,0.0,False,False,False,False,phase5b0_nominal_mpc
lhs_016,nominal_mpc,2425.0,0.7547154899424566,0.7580865204652333,2.5811563329979093,4.141245864931229,32.075282894915254,False,True,True,False,0.0,False,False,False,False,phase5b0_nominal_mpc
lhs_016,nominal_mpc,2430.0,0.7553813360289534,0.759789821517809,2.5811563329979093,4.141755466695841,32.05368247022513,False,True,True,False,0.0,False,False,False,False,phase5b0_nominal_mpc
lhs_016,nominal_mpc,2435.0,0.7560274572712381,0.7608138952204774,2.5046928565458755,4.140095828397277,32.031064071002874,True,True,True,False,0.07156839999515796,True,False,False,False,phase5b0_nominal_mpc
lhs_016,nominal_mpc,2440.0,0.7566735785135228,0.7617955783500859,2.5046928565458755,4.140352551431062,32.00854631592338,False,True,True,False,0.0,False,False,False,False,phase5b0_nominal_mpc
lhs_016,nominal_mpc,2445.0,0.7573196997558075,0.7630867387238265,2.5046928565458755,4.1406516935028845,31.986137664140223,False,True,True,False,0.0,False,False,False,False,phase5b0_nominal_mpc
lhs_016,nominal_mpc,2450.0,0.7579658209980922,0.7635036147178228,2.5046928565458755,4.1409831632226926,31.963844289563347,False,True,True,False,0.0,False,False,False,False,phase5b0_nominal_mpc
lhs_016,nominal_mpc,2455.0,0.7586119422403769,0.7639575527053541,2.5046928565458755,4.141339648256059,31.941670714610346,False,True,True,False,0.0,False,False,False,False,phase5b0_nominal_mpc
lhs_016,nominal_mpc,2460.0,0.7592605592050894,0.7643760828384967,2.5143675394506,4.141988378573362,31.919764384908266,True,True,True,False,1.2272012000030372,True,False,False,False,phase5b0_nominal_mpc
lhs_016,nominal_mpc,2465.0,0.7599091761698019,0.7654616437422849,2.5143675394506,4.142409283840055,31.897988083393557,False,True,True,False,0.0,False,False,False,False,phase5b0_nominal_mpc
lhs_016,nominal_mpc,2470.0,0.7605577931345144,0.7662860297142189,2.5143675394506,4.142837137608386,31.87634227271939,False,True,True,False,0.0,False,False,False,False,phase5b0_nominal_mpc
lhs_016,nominal_mpc,2475.0,0.761206410099227,0.7664439878691557,2.5143675394506,4.143271471283169,31.85482731699804,False,True,True,False,0.0,False,False,False,False,phase5b0_nominal_mpc
lhs_016,nominal_mpc,2480.0,0.7618550270639395,0.767380078339456,2.5143675394506,4.143711886854278,31.833443497496162,False,True,True,False,0.0,False,False,False,False,phase5b0_nominal_mpc
lhs_016,nominal_mpc,2485.0,0.7624533206303512,0.7682069361709498,2.319288585235251,4.1386626492812,31.80936692983778,True,True,True,False,1.2914444999987609,True,False,False,False,phase5b0_nominal_mpc
lhs_016,nominal_mpc,2490.0,0.7630516141967629,0.7691751795929181,2.319288585235251,4.138531552311233,31.785339386869445,False,True,True,False,0.0,False,False,False,False,phase5b0_nominal_mpc
lhs_016,nominal_mpc,2495.0,0.7636499077631747,0.7695365706846635,2.319288585235251,4.138526839849347,31.761386143099,False,True,True,False,0.0,False,False,False,False,phase5b0_nominal_mpc
lhs_016,nominal_mpc,2500.0,0.7642482013295864,0.7706172418720341,2.319288585235251,4.138615114178302,31.73752545615757,False,True,True,False,0.0,False,False,False,False,phase5b0_nominal_mpc
lhs_016,nominal_mpc,2505.0,0.7648464948959981,0.7719747105566082,2.319288585235251,4.138772337708702,31.713770541184015,False,True,True,False,0.0,False,False,False,False,phase5b0_nominal_mpc
lhs_016,nominal_mpc,2510.0,0.7654567432531814,0.7717154917718196,2.365631403095876,4.1402866212516845,31.69077937312761,True,True,True,False,1.5570902999970713,True,False,False,False,phase5b0_nominal_mpc
lhs_016,nominal_mpc,2515.0,0.7660669916103646,0.7710688669380775,2.365631403095876,4.140672964393903,31.667930201946014,False,True,True,False,0.0,False,False,False,False,phase5b0_nominal_mpc
lhs_016,nominal_mpc,2520.0,0.7666772399675479,0.7706018501917238,2.365631403095876,4.141060577831966,31.645222098377516,False,True,True,False,0.0,False,False,False,False,phase5b0_nominal_mpc
lhs_016,nominal_mpc,2525.0,0.7672874883247311,0.7724582611832911,2.365631403095876,4.141450766933607,31.62265442285714,False,True,True,False,0.0,False,False,False,False,phase5b0_nominal_mpc
lhs_016,nominal_mpc,2530.0,0.7678977366819144,0.7735174657350529,2.365631403095876,4.141844399883465,31.60022673007442,False,True,True,False,0.0,False,False,False,False,phase5b0_nominal_mpc
lhs_016,nominal_mpc,2535.0,0.7684929645212929,0.7751285638657845,2.3074042760718045,4.140601889806975,31.577129058068255,True,True,True,False,1.286876400001347,True,False,False,False,phase5b0_nominal_mpc
lhs_016,nominal_mpc,2540.0,0.7690881923606714,0.7757750571025603,2.3074042760718045,4.140830061469146,31.55414614711705,False,True,True,False,0.0,False,False,False,False,phase5b0_nominal_mpc
lhs_016,nominal_mpc,2545.0,0.7696834202000499,0.7762630793008203,2.3074042760718045,4.141098935364175,31.531285289286778,False,True,True,False,0.0,False,False,False,False,phase5b0_nominal_mpc
lhs_016,nominal_mpc,2550.0,0.7702786480394284,0.7767681518649929,2.3074042760718045,4.141398689220293,31.50855172949391,False,True,True,False,0.0,False,False,False,False,phase5b0_nominal_mpc
lhs_016,nominal_mpc,2555.0,0.7708738758788068,0.7772499450689504,2.3074042760718045,4.1417222125440984,31.485949234564345,False,True,True,False,0.0,False,False,False,False,phase5b0_nominal_mpc
lhs_016,nominal_mpc,2560.0,0.7714601641181716,0.7780917030840898,2.272749863201275,4.141088229662804,31.463008276379128,True,True,True,False,1.301322400002391,True,False,False,False,phase5b0_nominal_mpc
lhs_016,nominal_mpc,2565.0,0.7720464523575364,0.778093245472346,2.272749863201275,4.1413417945816535,31.44018861054619,False,True,True,False,0.0,False,False,False,False,phase5b0_nominal_mpc
lhs_016,nominal_mpc,2570.0,0.7726327405969012,0.7783309117455443,2.272749863201275,4.141628972962913,31.417495947511117,False,True,True,False,0.0,False,False,False,False,phase5b0_nominal_mpc
lhs_016,nominal_mpc,2575.0,0.773219028836266,0.7789035980196685,2.272749863201275,4.141941837843156,31.394934372609285,False,True,True,False,0.0,False,False,False,False,phase5b0_nominal_mpc
lhs_016,nominal_mpc,2580.0,0.7738053170756308,0.7791746473121388,2.272749863201275,4.142274641805902,31.372506796107714,False,True,True,False,0.0,False,False,False,False,phase5b0_nominal_mpc
lhs_016,nominal_mpc,2585.0,0.7743743840183586,0.7801974552409722,2.2059914038837714,4.140742881835752,31.34932456896223,True,True,True,False,1.0975776000050246,True,False,False,False,phase5b0_nominal_mpc
lhs_016,nominal_mpc,2590.0,0.7749434509610863,0.7802923463534468,2.2059914038837714,4.1409050092592,31.326252944865608,False,True,True,False,0.0,False,False,False,False,phase5b0_nominal_mpc
lhs_016,nominal_mpc,2595.0,0.775512517903814,0.7808875107226059,2.2059914038837714,4.141119068978586,31.30330106939352,False,True,True,False,0.0,False,False,False,False,phase5b0_nominal_mpc
lhs_016,nominal_mpc,2600.0,0.7760815848465418,0.7799926432847395,2.2059914038837714,4.141372048965027,31.280475493634956,False,True,True,False,0.0,False,False,False,False,phase5b0_nominal_mpc
lhs_016,nominal_mpc,2605.0,0.7766506517892695,0.780605588593731,2.2059914038837714,4.1416545527270285,31.25778089916987,False,True,True,False,0.0,False,False,False,False,phase5b0_nominal_mpc
lhs_016,nominal_mpc,2610.0,0.777220404750736,0.780974636489488,2.2086507596234344,4.142034679234322,31.235255480920024,True,True,True,False,0.700241400001687,True,False,False,False,phase5b0_nominal_mpc
lhs_016,nominal_mpc,2615.0,0.7777901577122024,0.7799450269784489,2.2086507596234344,4.142365617273079,31.212867799333903,False,True,True,False,0.0,False,False,False,False,phase5b0_nominal_mpc
lhs_016,nominal_mpc,2620.0,0.7783599106736688,0.7808030689927131,2.2086507596234344,4.142709083576351,31.190619170050386,False,True,True,False,0.0,False,False,False,False,phase5b0_nominal_mpc
lhs_016,nominal_mpc,2625.0,0.7789296636351353,0.7812992965614939,2.2086507596234344,4.143062889548009,31.168510479245057,False,True,True,False,0.0,False,False,False,False,phase5b0_nominal_mpc
lhs_016,nominal_mpc,2630.0,0.7794994165966017,0.7814297213493261,2.2086507596234344,4.143425410567652,31.146542296371273,False,True,True,False,0.0,False,False,False,False,phase5b0_nominal_mpc
lhs_016,nominal_mpc,2635.0,0.7800577194466052,0.7831616580708235,2.16426433411808,4.142545326497583,31.124139378257176,True,True,True,False,0.9381199999988894,True,False,False,False,phase5b0_nominal_mpc
lhs_016,nominal_mpc,2640.0,0.7806160222966086,0.7837960466866549,2.16426433411808,4.142789604603827,31.101859766396426,False,True,True,False,0.0,False,False,False,False,phase5b0_nominal_mpc
lhs_016,nominal_mpc,2645.0,0.7811743251466121,0.7838263660838205,2.16426433411808,4.143067323588648,31.079708827503453,False,True,True,False,0.0,False,False,False,False,phase5b0_nominal_mpc
lhs_016,nominal_mpc,2650.0,0.7817326279966156,0.7842381531581882,2.16426433411808,4.1433703826302,31.057690346748004,False,True,True,False,0.0,False,False,False,False,phase5b0_nominal_mpc
lhs_016,nominal_mpc,2655.0,0.782290930846619,0.7830755635450394,2.16426433411808,4.143692918402377,31.035806968005843,False,True,True,False,0.0,False,False,False,False,phase5b0_nominal_mpc
lhs_016,nominal_mpc,2660.0,0.7828343299932613,0.7844443064977217,2.1064900389829457,4.142403571145264,31.013327369568273,True,True,True,False,0.7406332999962615,True,False,False,False,phase5b0_nominal_mpc
lhs_016,nominal_mpc,2665.0,0.7833777291399036,0.784381321043501,2.1064900389829457,4.1425812784305,30.990963611373445,False,True,True,False,0.0,False,False,False,False,phase5b0_nominal_mpc
lhs_016,nominal_mpc,2670.0,0.7839211282865458,0.7853371323924992,2.1064900389829457,4.142804727230369,30.968723220927856,False,True,True,False,0.0,False,False,False,False,phase5b0_nominal_mpc
lhs_016,nominal_mpc,2675.0,0.7844645274331881,0.7860662494482877,2.1064900389829457,4.143062421833601,30.94661153829618,False,True,True,False,0.0,False,False,False,False,phase5b0_nominal_mpc
lhs_016,nominal_mpc,2680.0,0.7850079265798303,0.7867538746032232,2.1064900389829457,4.143346062016633,30.924632327889267,False,True,True,False,0.0,False,False,False,False,phase5b0_nominal_mpc
lhs_016,nominal_mpc,2685.0,0.7855369990964327,0.7868193866280734,2.050952772026148,4.142085592345915,30.902100842139404,True,True,True,False,0.671472599999106,True,False,False,False,phase5b0_nominal_mpc
lhs_016,nominal_mpc,2690.0,0.7860660716130351,0.7871825873790684,2.050952772026148,4.142239302804712,30.879685485076447,False,True,True,False,0.0,False,False,False,False,phase5b0_nominal_mpc
lhs_016,nominal_mpc,2695.0,0.7865951441296375,0.7877924808721936,2.050952772026148,4.142439921541306,30.85739376224211,False,True,True,False,0.0,False,False,False,False,phase5b0_nominal_mpc
lhs_016,nominal_mpc,2700.0,0.7871242166462399,0.7877069073538575,2.050952772026148,4.1426756821391,30.83523099940467,False,True,True,False,0.0,False,False,False,False,phase5b0_nominal_mpc
lhs_016,nominal_mpc,2705.0,0.7876532891628423,0.7885340283446176,2.050952772026148,4.142938088282533,30.813200952009808,False,True,True,False,0.0,False,False,False,False,phase5b0_nominal_mpc
lhs_016,nominal_mpc,2710.0,0.78818552109505,0.7888000541465996,2.063200265499072,4.143565894545004,30.791455608685112,True,True,True,False,0.7527373000048101,True,False,False,False,phase5b0_nominal_mpc
lhs_016,nominal_mpc,2715.0,0.7887177530272578,0.7900721948092354,2.063200265499072,4.143901301296102,30.769852029209652,False,True,True,False,0.0,False,False,False,False,phase5b0_nominal_mpc
lhs_016,nominal_mpc,2720.0,0.7892499849594655,0.7916006175462142,2.063200265499072,4.144241873202265,30.748390019026264,False,True,True,False,0.0,False,False,False,False,phase5b0_nominal_mpc
lhs_016,nominal_mpc,2725.0,0.7897822168916733,0.7914147198015868,2.063200265499072,4.144587305404206,30.72706933526167,False,True,True,False,0.0,False,False,False,False,phase5b0_nominal_mpc
lhs_016,nominal_mpc,2730.0,0.790314448823881,0.7916317392168608,2.063200265499072,4.144937331805413,30.70588969354693,False,True,True,False,0.0,False,False,False,False,phase5b0_nominal_mpc
lhs_016,nominal_mpc,2735.0,0.7907585899099832,0.7923722735022848,1.7217155741932084,4.135675411158473,30.680918986173573,True,True,True,False,0.3060604999991483,True,False,False,False,phase5b0_nominal_mpc
lhs_016,nominal_mpc,2740.0,0.7912027309960853,0.7934848534674193,1.7217155741932084,4.135017280681145,30.65598353614128,False,True,True,False,0.0,False,False,False,False,phase5b0_nominal_mpc
lhs_016,nominal_mpc,2745.0,0.7916468720821874,0.7944996379510042,1.7217155741932084,4.134575280278049,30.631115666859955,False,True,True,False,0.0,False,False,False,False,phase5b0_nominal_mpc
lhs_016,nominal_mpc,2750.0,0.7920910131682896,0.7947827355425857,1.7217155741932084,4.134291203452114,30.606338620803534,False,True,True,False,0.0,False,False,False,False,phase5b0_nominal_mpc
lhs_016,nominal_mpc,2755.0,0.7925351542543917,0.795016987168858,1.7217155741932084,4.134123206597099,30.581669122467968,False,True,True,False,0.0,False,False,False,False,phase5b0_nominal_mpc
lhs_016,nominal_mpc,2760.0,0.7928041864787444,0.7961449230417526,1.0429050252769718,4.114926190751253,30.550838345660825,True,True,True,False,0.07416949999606004,False,False,False,False,phase5b0_nominal_mpc
lhs_016,nominal_mpc,2765.0,0.7930732187030971,0.7958612588865392,1.0429050252769718,4.112887952209421,30.520039499267174,False,True,True,False,0.0,False,False,False,False,phase5b0_nominal_mpc
lhs_016,nominal_mpc,2770.0,0.7933422509274498,0.7971251195683564,1.0429050252769718,4.111320057254608,30.489315266984256,False,True,True,False,0.0,False,False,False,False,phase5b0_nominal_mpc
lhs_016,nominal_mpc,2775.0,0.7936112831518025,0.7981331787358906,1.0429050252769718,4.1100958415891995,30.458696358321497,False,True,True,False,0.0,False,False,False,False,phase5b0_nominal_mpc
lhs_016,nominal_mpc,2780.0,0.7938803153761552,0.7986677906285179,1.0429050252769718,4.109124253673588,30.428204890710752,False,True,True,False,0.0,False,False,False,False,phase5b0_nominal_mpc
lhs_016,nominal_mpc,2785.0,0.7940007861423399,0.7987516459289862,0.46700564497556785,4.092122966285316,30.394288806069294,True,True,True,False,0.07087300000421237,False,False,False,False,phase5b0_nominal_mpc
lhs_016,nominal_mpc,2790.0,0.7941212569085246,0.799061016384019,0.46700564497556785,4.0897644209974455,30.360531851850467,False,True,True,False,0.0,False,False,False,False,phase5b0_nominal_mpc
