scenario_id,controller,time_s,true_soc,estimated_soc,charge_current_a,terminal_voltage_v,true_average_temperature_c,control_decision_updated,optimizer_success,prediction_feasible,used_fallback,solve_time_s,active_voltage_constraint,active_temperature_constraint,active_current_upper_constraint,active_current_change_constraint,source
lhs_062,oracle_mpc,0.0,0.10889482165422903,0.10889482165422903,0.0,3.3166217109662877,24.399230280924854,False,True,True,False,0.0,False,False,False,False,phase5b0_oracle_mpc
lhs_062,oracle_mpc,5.0,0.1094406017856483,0.1080028903128445,2.000000000000002,3.3635828229737945,24.406712518908158,True,True,True,False,0.7098422999997638,False,True,False,True,phase5b0_oracle_mpc
lhs_062,oracle_mpc,10.0,0.1105321620484868,0.10772297526664394,4.000000000000002,3.416037039047048,24.438277084429913,True,True,True,False,0.7087675000002491,False,True,False,True,phase5b0_oracle_mpc
lhs_062,oracle_mpc,15.0,0.11216950244274457,0.10940855093129359,6.000000000000002,3.473090784708161,24.512406867687936,True,True,True,False,0.8543276999998852,False,True,False,True,phase5b0_oracle_mpc
lhs_062,oracle_mpc,20.0,0.1143526229684216,0.11008750540769545,8.000000000000002,3.534063198220464,24.64891926646783,True,True,True,False,0.5397800999999163,False,True,False,True,phase5b0_oracle_mpc
lhs_062,oracle_mpc,25.0,0.11702204819177296,0.11185734012399953,9.78205350352255,3.5933150648079155,24.859778362269626,True,True,True,False,0.7504896999998891,False,True,False,False,phase5b0_oracle_mpc
lhs_062,oracle_mpc,30.0,0.11969147341512433,0.11449594461403607,9.78205350352255,3.61315300853861,25.08261352406651,False,True,True,False,0.0,False,False,False,False,phase5b0_oracle_mpc
lhs_062,oracle_mpc,35.0,0.1223608986384757,0.11817050942669736,9.78205350352255,3.6303291383941114,25.314767434166072,False,True,True,False,0.0,False,False,False,False,phase5b0_oracle_mpc
lhs_062,oracle_mpc,40.0,0.12503032386182705,0.12051119258052044,9.78205350352255,3.6454801501971055,25.554236696142432,False,True,True,False,0.0,False,False,False,False,phase5b0_oracle_mpc
lhs_062,oracle_mpc,45.0,0.12769974908517842,0.12354013309403018,9.78205350352255,3.6590793084512545,25.7995043091914,False,True,True,False,0.0,False,False,False,False,phase5b0_oracle_mpc
lhs_062,oracle_mpc,50.0,0.1300544751161103,0.12642014829407525,8.628844823678703,3.6444539378781178,26.00030497401581,True,True,True,False,0.7148018999996566,False,True,False,False,phase5b0_oracle_mpc
lhs_062,oracle_mpc,55.0,0.13240920114704216,0.1285974128968082,8.628844823678703,3.6528118227787143,26.20245131163834,False,True,True,False,0.0,False,False,False,False,phase5b0_oracle_mpc
lhs_062,oracle_mpc,60.0,0.13476392717797403,0.13149164900697066,8.628844823678703,3.6609491802029437,26.405798051857722,False,True,True,False,0.0,False,False,False,False,phase5b0_oracle_mpc
lhs_062,oracle_mpc,65.0,0.1371186532089059,0.133689880213507,8.628844823678703,3.6688850052342303,26.61021805093504,False,True,True,False,0.0,False,False,False,False,phase5b0_oracle_mpc
lhs_062,oracle_mpc,70.0,0.13947337923983777,0.13603003771404865,8.628844823678703,3.676633879859944,26.815598458173902,False,True,True,False,0.0,False,False,False,False,phase5b0_oracle_mpc
lhs_062,oracle_mpc,75.0,0.1416786437894851,0.13895285228922902,8.081146317703936,3.6713886379666727,26.99950657402077,True,True,True,False,0.4188230999998268,False,True,False,False,phase5b0_oracle_mpc
lhs_062,oracle_mpc,80.0,0.14388390833913245,0.1406129404169733,8.081146317703936,3.6773376949445353,27.183259437206157,False,True,True,False,0.0,False,False,False,False,phase5b0_oracle_mpc
lhs_062,oracle_mpc,85.0,0.1460891728887798,0.14280337676392174,8.081146317703936,3.6833751146302727,27.36698092870455,False,True,True,False,0.0,False,False,False,False,phase5b0_oracle_mpc
lhs_062,oracle_mpc,90.0,0.14829443743842713,0.14511757485816557,8.081146317703936,3.6894464595998375,27.550749671079632,False,True,True,False,0.0,False,False,False,False,phase5b0_oracle_mpc
lhs_062,oracle_mpc,95.0,0.15049970198807447,0.14686707342223168,8.081146317703936,3.6955116688898637,27.734611256730513,False,True,True,False,0.0,False,False,False,False,phase5b0_oracle_mpc
lhs_062,oracle_mpc,100.0,0.15253592953804543,0.14947601956182055,7.461713729577957,3.6870634099226263,27.894236858204472,True,True,True,False,0.4656005000006189,False,True,False,False,phase5b0_oracle_mpc
lhs_062,oracle_mpc,105.0,0.1545721570880164,0.15090960128573325,7.461713729577957,3.691407418811544,28.05306408559336,False,True,True,False,0.0,False,False,False,False,phase5b0_oracle_mpc
lhs_062,oracle_mpc,110.0,0.15660838463798735,0.1535375141970258,7.461713729577957,3.6959596061442634,28.211297928733472,False,True,True,False,0.0,False,False,False,False,phase5b0_oracle_mpc
lhs_062,oracle_mpc,115.0,0.1586446121879583,0.15548719507893663,7.461713729577957,3.7006407412943574,28.369082034928006,False,True,True,False,0.0,False,False,False,False,phase5b0_oracle_mpc
lhs_062,oracle_mpc,120.0,0.16068083973792927,0.1581110846958386,7.461713729577957,3.7053922446050427,28.526514913011944,False,True,True,False,0.0,False,False,False,False,phase5b0_oracle_mpc
lhs_062,oracle_mpc,125.0,0.16257993902723267,0.15979132854022549,6.959210055393381,3.6984417236430724,28.664795260281252,True,True,True,False,0.4503264000004492,False,True,False,False,phase5b0_oracle_mpc
lhs_062,oracle_mpc,130.0,0.16447903831653607,0.1614508190949362,6.959210055393381,3.7019102095456278,28.80216361076461,False,True,True,False,0.0,False,False,False,False,phase5b0_oracle_mpc
lhs_062,oracle_mpc,135.0,0.16637813760583947,0.16487896253196357,6.959210055393381,3.705578288839943,28.93880247717442,False,True,True,False,0.0,False,False,False,False,phase5b0_oracle_mpc
lhs_062,oracle_mpc,140.0,0.16827723689514287,0.16687652649555254,6.959210055393381,3.7093736259046652,29.0748420781747,False,True,True,False,0.0,False,False,False,False,phase5b0_oracle_mpc
lhs_062,oracle_mpc,145.0,0.17017633618444628,0.16906373389114052,6.959210055393381,3.7132426685061164,29.21037407924486,False,True,True,False,0.0,False,False,False,False,phase5b0_oracle_mpc
lhs_062,oracle_mpc,150.0,0.1719646248019637,0.1697083700765018,6.553146641183627,3.7076805885366393,29.330842256988433,True,True,True,False,0.4245881000006193,False,True,False,False,phase5b0_oracle_mpc
lhs_062,oracle_mpc,155.0,0.17375291341948113,0.17155696665498918,6.553146641183627,3.710546603042261,29.45041447117802,False,True,True,False,0.0,False,False,False,False,phase5b0_oracle_mpc
lhs_062,oracle_mpc,160.0,0.17554120203699855,0.1725064677828544,6.553146641183627,3.7135799489522143,29.56923856593285,False,True,True,False,0.0,False,False,False,False,phase5b0_oracle_mpc
lhs_062,oracle_mpc,165.0,0.17732949065451598,0.17410282745168376,6.553146641183627,3.7167201589331245,29.687421214645703,False,True,True,False,0.0,False,False,False,False,phase5b0_oracle_mpc
lhs_062,oracle_mpc,170.0,0.1791177792720334,0.17629588530880205,6.553146641183627,3.719922420621582,29.805038703727817,False,True,True,False,0.0,False,False,False,False,phase5b0_oracle_mpc
lhs_062,oracle_mpc,175.0,0.1808154281049916,0.17841181107505832,6.2209990259030095,3.71542187529062,29.910626717150926,True,True,True,False,0.4068148000005749,False,True,False,False,phase5b0_oracle_mpc
lhs_062,oracle_mpc,180.0,0.1825130769379498,0.18092806675907516,6.2209990259030095,3.7178156169584553,30.015365197596836,False,True,True,False,0.0,False,False,False,False,phase5b0_oracle_mpc
lhs_062,oracle_mpc,185.0,0.184210725770908,0.18280208594732464,6.2209990259030095,3.7203460753057263,30.1193730746447,False,True,True,False,0.0,False,False,False,False,phase5b0_oracle_mpc
lhs_062,oracle_mpc,190.0,0.1859083746038662,0.1841464145512324,6.2209990259030095,3.7229633661697323,30.222737038280957,False,True,True,False,0.0,False,False,False,False,phase5b0_oracle_mpc
lhs_062,oracle_mpc,195.0,0.1876060234368244,0.18443540537944986,6.2209990259030095,3.7256304800172964,30.32551995847864,False,True,True,False,0.0,False,False,False,False,phase5b0_oracle_mpc
lhs_062,oracle_mpc,200.0,0.18922377747764452,0.18496248490445796,5.928226213047734,3.7215142603535805,30.417960276235434,True,True,True,False,0.49165759999959846,False,True,False,False,phase5b0_oracle_mpc
lhs_062,oracle_mpc,205.0,0.19084153151846464,0.18641328283297523,5.928226213047734,3.7234732838698164,30.5095870522172,False,True,True,False,0.0,False,False,False,False,phase5b0_oracle_mpc
lhs_062,oracle_mpc,210.0,0.19245928555928477,0.18863086754390532,5.928226213047734,3.7255519821302028,30.6005017129292,False,True,True,False,0.0,False,False,False,False,phase5b0_oracle_mpc
lhs_062,oracle_mpc,215.0,0.1940770396001049,0.19047820592747267,5.928226213047734,3.7277070262711436,30.69077899316354,False,True,True,False,0.0,False,False,False,False,phase5b0_oracle_mpc
lhs_062,oracle_mpc,220.0,0.195694793640925,0.1924444949655203,5.928226213047734,3.7299062319142138,30.7804738823027,False,True,True,False,0.0,False,False,False,False,phase5b0_oracle_mpc
lhs_062,oracle_mpc,225.0,0.19724441548442534,0.19448979109979542,5.67855718554892,3.726330017031952,30.861535421875907,True,True,True,False,0.4725760999999693,False,True,False,False,phase5b0_oracle_mpc
lhs_062,oracle_mpc,230.0,0.19879403732792567,0.19549582348016142,5.67855718554892,3.7279353895563347,30.941835080289156,False,True,True,False,0.0,False,False,False,False,phase5b0_oracle_mpc
lhs_062,oracle_mpc,235.0,0.200343659171426,0.197847678876367,5.67855718554892,3.729643490338089,31.021458691916926,False,True,True,False,0.0,False,False,False,False,phase5b0_oracle_mpc
lhs_062,oracle_mpc,240.0,0.20189328101492632,0.19935353743676623,5.67855718554892,3.731423738427568,31.10047011862936,False,True,True,False,0.0,False,False,False,False,phase5b0_oracle_mpc
lhs_062,oracle_mpc,245.0,0.20344290285842664,0.20024032814853926,5.67855718554892,3.733252155771228,31.17891694849724,False,True,True,False,0.0,False,False,False,False,phase5b0_oracle_mpc
lhs_062,oracle_mpc,250.0,0.20493900377986535,0.2020859525847066,5.482430873942685,3.730561437197521,31.250664459975972,True,True,True,False,0.42438750000019354,False,True,False,False,phase5b0_oracle_mpc
lhs_062,oracle_mpc,255.0,0.20643510470130405,0.20280033073067802,5.482430873942685,3.7319523240550576,31.3217224890586,False,True,True,False,0.0,False,False,False,False,phase5b0_oracle_mpc
lhs_062,oracle_mpc,260.0,0.20793120562274275,0.20403490049209913,5.482430873942685,3.7334347145816746,31.392159719779322,False,True,True,False,0.0,False,False,False,False,phase5b0_oracle_mpc
lhs_062,oracle_mpc,265.0,0.20942730654418146,0.20528581952145092,5.482430873942685,3.734979355816705,31.46202771777153,False,True,True,False,0.0,False,False,False,False,phase5b0_oracle_mpc
lhs_062,oracle_mpc,270.0,0.21092340746562016,0.2067525608705445,5.482430873942685,3.7365646726970545,31.531365355947887,False,True,True,False,0.0,False,False,False,False,phase5b0_oracle_mpc
lhs_062,oracle_mpc,275.0,0.21238578208291808,0.20887093402381934,5.358841530178593,3.7353116321718582,31.596403617943132,True,True,True,False,0.14881360000072164,False,True,False,False,phase5b0_oracle_mpc
lhs_062,oracle_mpc,280.0,0.213848156700216,0.21076545421854168,5.358841530178593,3.736634788960434,31.660848993437767,False,True,True,False,0.0,False,False,False,False,phase5b0_oracle_mpc
lhs_062,oracle_mpc,285.0,0.21531053131751393,0.2121780066169592,5.358841530178593,3.7380179105621174,31.724748784761044,False,True,True,False,0.0,False,False,False,False,phase5b0_oracle_mpc
lhs_062,oracle_mpc,290.0,0.21677290593481185,0.21385111221133477,5.358841530178593,3.739441206781878,31.788138895278593,False,True,True,False,0.0,False,False,False,False,phase5b0_oracle_mpc
lhs_062,oracle_mpc,295.0,0.21823528055210978,0.21496748041229474,5.358841530178593,3.7408901020285272,31.851046766532434,False,True,True,False,0.0,False,False,False,False,phase5b0_oracle_mpc
lhs_062,oracle_mpc,300.0,0.2196565752589906,0.21654364288072236,5.208305048352957,3.738869129597755,31.908960568918452,True,True,True,False,0.17319489999954385,False,True,False,False,phase5b0_oracle_mpc
lhs_062,oracle_mpc,305.0,0.22107786996587142,0.21818148424630568,5.208305048352957,3.7399769434172327,31.96629475601027,False,True,True,False,0.0,False,False,False,False,phase5b0_oracle_mpc
lhs_062,oracle_mpc,310.0,0.22249916467275224,0.22056944489782274,5.208305048352957,3.7411533430462183,32.023097972376014,False,True,True,False,0.0,False,False,False,False,phase5b0_oracle_mpc
lhs_062,oracle_mpc,315.0,0.22392045937963306,0.22207400988985465,5.208305048352957,3.742377634323219,32.07940730983902,False,True,True,False,0.0,False,False,False,False,phase5b0_oracle_mpc
lhs_062,oracle_mpc,320.0,0.22534175408651388,0.2230930291178218,5.208305048352957,3.7436345438984233,32.13525127730028,False,True,True,False,0.0,False,False,False,False,phase5b0_oracle_mpc
lhs_062,oracle_mpc,325.0,0.22670759169393295,0.22540211367800816,5.005083654721235,3.7402115264438525,32.18469557711491,True,True,True,False,0.39334949999920354,False,True,False,False,phase5b0_oracle_mpc
lhs_062,oracle_mpc,330.0,0.22807342930135202,0.22775609609473435,5.005083654721235,3.7410156725636448,32.23354045599244,False,True,True,False,0.0,False,False,False,False,phase5b0_oracle_mpc
lhs_062,oracle_mpc,335.0,0.2294392669087711,0.2289946812017175,5.005083654721235,3.741917423193138,32.281845906011846,False,True,True,False,0.0,False,False,False,False,phase5b0_oracle_mpc
lhs_062,oracle_mpc,340.0,0.23080510451619016,0.23026503410186622,5.005083654721235,3.7428900047284883,32.32965765353172,False,True,True,False,0.0,False,False,False,False,phase5b0_oracle_mpc
lhs_062,oracle_mpc,345.0,0.23217094212360923,0.23108147858343125,5.005083654721235,3.743913597975269,32.37701082175921,False,True,True,False,0.0,False,False,False,False,phase5b0_oracle_mpc
lhs_062,oracle_mpc,350.0,0.23346843024453648,0.23198654810592703,4.754618375547127,3.739182447266271,32.41685444917549,True,True,True,False,0.48075000000062573,False,True,False,False,phase5b0_oracle_mpc
lhs_062,oracle_mpc,355.0,0.23476591836546373,0.2343942543957868,4.754618375547127,3.739670298384821,32.45608775070659,False,True,True,False,0.0,False,False,False,False,phase5b0_oracle_mpc
lhs_062,oracle_mpc,360.0,0.236063406486391,0.23655722329939813,4.754618375547127,3.7402870510672686,32.49478150719008,False,True,True,False,0.0,False,False,False,False,phase5b0_oracle_mpc
lhs_062,oracle_mpc,365.0,0.23736089460731824,0.23748812740136854,4.754618375547127,3.7409992696072187,32.53298965580612,False,True,True,False,0.0,False,False,False,False,phase5b0_oracle_mpc
lhs_062,oracle_mpc,370.0,0.2386583827282455,0.23888359220578909,4.754618375547127,3.7417821523542933,32.57075360989203,False,True,True,False,0.0,False,False,False,False,phase5b0_oracle_mpc
lhs_062,oracle_mpc,375.0,0.23994088369255687,0.24015188571015914,4.699698250195821,3.741348035799913,32.60659952493867,True,True,True,False,0.1546317000002091,False,True,False,False,phase5b0_oracle_mpc
lhs_062,oracle_mpc,380.0,0.24122338465686824,0.24057065498365593,4.699698250195821,3.742091301923877,32.642015359450085,False,True,True,False,0.0,False,False,False,False,phase5b0_oracle_mpc
lhs_062,oracle_mpc,385.0,0.2425058856211796,0.24120820147820632,4.699698250195821,3.7428874885333947,32.67703264764314,False,True,True,False,0.0,False,False,False,False,phase5b0_oracle_mpc
lhs_062,oracle_mpc,390.0,0.24378838658549098,0.2430689803055864,4.699698250195821,3.74372308377051,32.71167609924884,False,True,True,False,0.0,False,False,False,False,phase5b0_oracle_mpc
lhs_062,oracle_mpc,395.0,0.24507088754980236,0.24557681650728008,4.699698250195821,3.7445880765213406,32.74596532657945,False,True,True,False,0.0,False,False,False,False,phase5b0_oracle_mpc
lhs_062,oracle_mpc,400.0,0.2463185868029265,0.24549214653561852,4.572168099559069,3.7425287323644354,32.77648435857153,True,True,True,False,0.16661560000011377,False,True,False,False,phase5b0_oracle_mpc
lhs_062,oracle_mpc,405.0,0.24756628605605066,0.24672735109874655,4.572168099559069,3.7431300681679036,32.80657981571646,False,True,True,False,0.0,False,False,False,False,phase5b0_oracle_mpc
lhs_062,oracle_mpc,410.0,0.2488139853091748,0.24851552080144315,4.572168099559069,3.743800363835425,32.83628894298352,False,True,True,False,0.0,False,False,False,False,phase5b0_oracle_mpc
lhs_062,oracle_mpc,415.0,0.25006168456229894,0.24957367581866546,4.572168099559069,3.744522607503565,32.865640677858316,False,True,True,False,0.0,False,False,False,False,phase5b0_oracle_mpc
lhs_062,oracle_mpc,420.0,0.25130938381542306,0.25087647504399707,4.572168099559069,3.7452841783008877,32.89465776296522,False,True,True,False,0.0,False,False,False,False,phase5b0_oracle_mpc
lhs_062,oracle_mpc,425.0,0.2524580200481145,0.25149022179378083,4.209153710687602,3.737691327883705,32.913993267832126,True,True,True,False,0.895193699999254,False,True,False,False,phase5b0_oracle_mpc
lhs_062,oracle_mpc,430.0,0.253606656280806,0.2539051797944451,4.209153710687602,3.737647857456929,32.93277387355738,False,True,True,False,0.0,False,False,False,False,phase5b0_oracle_mpc
lhs_062,oracle_mpc,435.0,0.25475529251349743,0.25453150579126704,4.209153710687602,3.737782815553042,32.95108078111175,False,True,True,False,0.0,False,False,False,False,phase5b0_oracle_mpc
lhs_062,oracle_mpc,440.0,0.2559039287461889,0.2554931156038717,4.209153710687602,3.7380524519608715,32.968975773375846,False,True,True,False,0.0,False,False,False,False,phase5b0_oracle_mpc
lhs_062,oracle_mpc,445.0,0.25705256497888035,0.2565528882980932,4.209153710687602,3.738424248674459,32.98650619415053,False,True,True,False,0.0,False,False,False,False,phase5b0_oracle_mpc
lhs_062,oracle_mpc,450.0,0.2580994925248446,0.25649423591583376,3.836444332415791,3.730267371641049,32.994744294343946,True,True,True,False,0.5780169999998179,False,True,False,False,phase5b0_oracle_mpc
lhs_062,oracle_mpc,455.0,0.25914642007080885,0.2572235548818152,3.836444332415791,3.7298975903400193,33.002455356588214,False,True,True,False,0.0,False,False,False,False,phase5b0_oracle_mpc
lhs_062,oracle_mpc,460.0,0.2601933476167731,0.25856089130627874,3.836444332415791,3.7297389998263806,33.00972552049052,False,True,True,False,0.0,False,False,False,False,phase5b0_oracle_mpc
lhs_062,oracle_mpc,465.0,0.26124027516273735,0.2588345331328903,3.836444332415791,3.729740627188698,33.016620348863746,False,True,True,False,0.0,False,False,False,False,phase5b0_oracle_mpc
lhs_062,oracle_mpc,470.0,0.2622872027087016,0.25972783157901436,3.836444332415791,3.729864549786625,33.02319009736829,False,True,True,False,0.0,False,False,False,False,phase5b0_oracle_mpc
lhs_062,oracle_mpc,475.0,0.2622872027087016,0.26030466239760536,0.0,3.6415010001316643,32.969130984674145,True,False,False,True,4.642316700000265,False,True,False,True,phase5b0_oracle_mpc
lhs_062,oracle_mpc,480.0,0.2622872027087016,0.2609744522343459,0.0,3.6327448872918393,32.91541053632146,True,False,False,True,6.042032400000608,False,True,False,False,phase5b0_oracle_mpc
lhs_062,oracle_mpc,485.0,0.2622872027087016,0.2601421797695865,0.0,3.625736894791904,32.86202683476094,False,False,False,True,0.0,False,False,False,False,phase5b0_oracle_mpc
lhs_062,oracle_mpc,490.0,0.2622872027087016,0.2602848742708922,0.0,3.6200435760536918,32.808977769094305,False,False,False,True,0.0,False,False,False,False,phase5b0_oracle_mpc
lhs_062,oracle_mpc,495.0,0.2622872027087016,0.25963092562143153,0.0,3.6153426166189857,32.75626124165545,False,False,False,True,0.0,False,False,False,False,phase5b0_oracle_mpc
lhs_062,oracle_mpc,500.0,0.2622872027087016,0.2602344015296246,0.0,3.6113942131297745,32.703875167927514,False,False,False,True,0.0,False,False,False,False,phase5b0_oracle_mpc
lhs_062,oracle_mpc,505.0,0.26283298284012085,0.26122945871807013,1.9999999999999938,3.6541990402112567,32.66990720573612,True,True,True,False,0.9418218999999226,False,True,False,True,phase5b0_oracle_mpc
lhs_062,oracle_mpc,510.0,0.2639245431029594,0.2620208237756445,3.999999999999994,3.7021609177719172,32.66979124791305,True,True,True,False,1.7416550999996616,False,True,False,True,phase5b0_oracle_mpc
lhs_062,oracle_mpc,515.0,0.2651336020677458,0.2639212086133327,4.430571562370259,3.718061722612798,32.681078543623734,True,True,True,False,1.530312099999719,False,True,False,False,phase5b0_oracle_mpc
lhs_062,oracle_mpc,520.0,0.2663426610325322,0.2643647733797846,4.430571562370259,3.723760592648161,32.694385949517354,False,True,True,False,0.0,False,False,False,False,phase5b0_oracle_mpc
lhs_062,oracle_mpc,525.0,0.2675517199973186,0.26476476075981226,4.430571562370259,3.728321940563989,32.709187497761896,False,True,True,False,0.0,False,False,False,False,phase5b0_oracle_mpc
lhs_062,oracle_mpc,530.0,0.268760778962105,0.26677241850738953,4.430571562370259,3.7320365604539423,32.72509196679767,False,True,True,False,0.0,False,False,False,False,phase5b0_oracle_mpc
lhs_062,oracle_mpc,535.0,0.2699698379268914,0.26859896512497333,4.430571562370259,3.7351204485021663,32.741808167541556,False,True,True,False,0.0,False,False,False,False,phase5b0_oracle_mpc
lhs_062,oracle_mpc,540.0,0.2711422870695658,0.2708053696326854,4.296415626657284,3.734636816494769,32.7559333752787,True,True,True,False,1.1599245999996128,False,True,False,False,phase5b0_oracle_mpc
lhs_062,oracle_mpc,545.0,0.27231473621224017,0.27175479001846886,4.296415626657284,3.73658337172326,32.77037401899424,False,True,True,False,0.0,False,False,False,False,phase5b0_oracle_mpc
lhs_062,oracle_mpc,550.0,0.27348718535491456,0.27333441638221606,4.296415626657284,3.7383266543961193,32.78503946340247,False,True,True,False,0.0,False,False,False,False,phase5b0_oracle_mpc
lhs_062,oracle_mpc,555.0,0.27465963449758896,0.27357149805141,4.296415626657284,3.7399178430983677,32.7998619636759,False,True,True,False,0.0,False,False,False,False,phase5b0_oracle_mpc
lhs_062,oracle_mpc,560.0,0.27583208364026335,0.2749176594946923,4.296415626657284,3.7413950368013253,32.81479079416973,False,True,True,False,0.0,False,False,False,False,phase5b0_oracle_mpc
lhs_062,oracle_mpc,565.0,0.27699662361275124,0.2764331836104249,4.267432636140842,3.7421174928220298,32.829099495192644,True,True,True,False,0.3307222000003094,False,True,False,False,phase5b0_oracle_mpc
lhs_062,oracle_mpc,570.0,0.2781611635852391,0.27813299679108955,4.267432636140842,3.7433763524333443,32.84342519094112,False,True,True,False,0.0,False,False,False,False,phase5b0_oracle_mpc
lhs_062,oracle_mpc,575.0,0.279325703557727,0.28009386482342397,4.267432636140842,3.7445993570935663,32.85775204521046,False,True,True,False,0.0,False,False,False,False,phase5b0_oracle_mpc
lhs_062,oracle_mpc,580.0,0.2804902435302149,0.28088857552264623,4.267432636140842,3.7457951687936624,32.87206797827864,False,True,True,False,0.0,False,False,False,False,phase5b0_oracle_mpc
lhs_062,oracle_mpc,585.0,0.2816547835027028,0.28148883311511325,4.267432636140842,3.7469703150541993,32.886363715746405,False,True,True,False,0.0,False,False,False,False,phase5b0_oracle_mpc
lhs_062,oracle_mpc,590.0,0.2827453203111234,0.2833610729943793,3.996249572459788,3.7418685373032154,32.89431741760976,True,True,True,False,0.6036047999996299,False,True,False,False,phase5b0_oracle_mpc
lhs_062,oracle_mpc,595.0,0.28383585711954407,0.28507553386018814,3.996249572459788,3.742376404538486,32.90204619663207,False,True,True,False,0.0,False,False,False,False,phase5b0_oracle_mpc
lhs_062,oracle_mpc,600.0,0.2849263939279647,0.2855028644568103,3.996249572459788,3.7429943159181955,32.90959563237921,False,True,True,False,0.0,False,False,False,False,phase5b0_oracle_mpc
lhs_062,oracle_mpc,605.0,0.28601693073638534,0.2857828754114484,3.996249572459788,3.743694667024688,32.91699965274364,False,True,True,False,0.0,False,False,False,False,phase5b0_oracle_mpc
lhs_062,oracle_mpc,610.0,0.287107467544806,0.2865366696103292,3.996249572459788,3.744457015940214,32.924283550201594,False,True,True,False,0.0,False,False,False,False,phase5b0_oracle_mpc
lhs_062,oracle_mpc,615.0,0.28828033340640186,0.2864765277957204,4.29794268452362,3.752232664595782,32.9384682684535,True,True,True,False,1.7013271000005261,False,True,False,False,phase5b0_oracle_mpc
lhs_062,oracle_mpc,620.0,0.28945319926799773,0.28725032359613517,4.29794268452362,3.753790089527665,32.952791519802865,False,True,True,False,0.0,False,False,False,False,phase5b0_oracle_mpc
lhs_062,oracle_mpc,625.0,0.2906260651295936,0.2885634290888682,4.29794268452362,3.7552426009844444,32.96720519322566,False,True,True,False,0.0,False,False,False,False,phase5b0_oracle_mpc
lhs_062,oracle_mpc,630.0,0.2917989309911895,0.28946549549605965,4.29794268452362,3.7566173242560943,32.98167328871603,False,True,True,False,0.0,False,False,False,False,phase5b0_oracle_mpc
lhs_062,oracle_mpc,635.0,0.29297179685278535,0.290508473770886,4.29794268452362,3.757934491922455,32.99616879400618,False,True,True,False,0.0,False,False,False,False,phase5b0_oracle_mpc
lhs_062,oracle_mpc,640.0,0.29406369126875664,0.2913773005008119,4.001224497241735,3.7523564120863515,33.00372897035023,True,True,True,False,0.31393519999983255,False,True,False,False,phase5b0_oracle_mpc
lhs_062,oracle_mpc,645.0,0.29515558568472794,0.2915827094737788,4.001224497241735,3.752897831558708,33.01106898017824,False,True,True,False,0.0,False,False,False,False,phase5b0_oracle_mpc
lhs_062,oracle_mpc,650.0,0.29624748010069923,0.2918697328898136,4.001224497241735,3.753546629513495,33.01823245861487,False,True,True,False,0.0,False,False,False,False,phase5b0_oracle_mpc
lhs_062,oracle_mpc,655.0,0.29733937451667053,0.29157762876729426,4.001224497241735,3.75427655221661,33.025251937737664,False,True,True,False,0.0,False,False,False,False,phase5b0_oracle_mpc
lhs_062,oracle_mpc,660.0,0.2984312689326418,0.29403853173233785,4.001224497241735,3.7550681563221264,33.032151721155685,False,True,True,False,0.0,False,False,False,False,phase5b0_oracle_mpc
lhs_062,oracle_mpc,665.0,0.29945295071451733,0.2951624264604761,3.7439317522193214,3.7499634630798866,33.033231160800945,True,True,True,False,0.7448999000007461,False,True,False,False,phase5b0_oracle_mpc
lhs_062,oracle_mpc,670.0,0.30047463249639284,0.2963317208178037,3.7439317522193214,3.7502280595088084,33.03405889746652,False,True,True,False,0.0,False,False,False,False,phase5b0_oracle_mpc
lhs_062,oracle_mpc,675.0,0.30149631427826834,0.29692614004731327,3.7439317522193214,3.7506288198594033,33.03468873060507,False,True,True,False,0.0,False,False,False,False,phase5b0_oracle_mpc
lhs_062,oracle_mpc,680.0,0.30251799606014385,0.29730051776826383,3.7439317522193214,3.7511306457206697,33.03516101687208,False,True,True,False,0.0,False,False,False,False,phase5b0_oracle_mpc
lhs_062,oracle_mpc,685.0,0.30353967784201935,0.29904359065013597,3.7439317522193214,3.7517081008336355,33.03550613331491,False,True,True,False,0.0,False,False,False,False,phase5b0_oracle_mpc
lhs_062,oracle_mpc,690.0,0.304687763436937,0.30116884252107545,4.207135909957583,3.7630417362234767,33.04611993492762,True,True,True,False,1.2805030999998053,False,True,False,False,phase5b0_oracle_mpc
lhs_062,oracle_mpc,695.0,0.3058358490318546,0.30279076462618804,4.207135909957583,3.764814959026091,33.056981262224696,False,True,True,False,0.0,False,False,False,False,phase5b0_oracle_mpc
lhs_062,oracle_mpc,700.0,0.30698393462677226,0.30461305922484916,4.207135909957583,3.7664159676477746,33.06801569160928,False,True,True,False,0.0,False,False,False,False,phase5b0_oracle_mpc
lhs_062,oracle_mpc,705.0,0.3081320202216899,0.30575831236030104,4.207135909957583,3.7678878766197563,33.07916779934777,False,True,True,False,0.0,False,False,False,False,phase5b0_oracle_mpc
lhs_062,oracle_mpc,710.0,0.30928010581660753,0.30682500923040257,4.207135909957583,3.76926272352945,33.090396250486506,False,True,True,False,0.0,False,False,False,False,phase5b0_oracle_mpc
lhs_062,oracle_mpc,715.0,0.31053386668422983,0.3089402243184887,4.594380760479483,3.77950819185019,33.11105052426641,True,True,True,False,1.1589395999999397,False,True,False,False,phase5b0_oracle_mpc
lhs_062,oracle_mpc,720.0,0.31178762755185213,0.30918103337215647,4.594380760479483,3.781669825623033,33.132051159479445,False,True,True,False,0.0,False,False,False,False,phase5b0_oracle_mpc
lhs_062,oracle_mpc,725.0,0.31304138841947443,0.31077197785527705,4.594380760479483,3.7836182136594667,33.153297608747124,False,True,True,False,0.0,False,False,False,False,phase5b0_oracle_mpc
lhs_062,oracle_mpc,730.0,0.31429514928709673,0.31125533806593986,4.594380760479483,3.7854057314510587,33.17471451536099,False,True,True,False,0.0,False,False,False,False,phase5b0_oracle_mpc
lhs_062,oracle_mpc,735.0,0.31554891015471903,0.3122980457893828,4.594380760479483,3.7870713366059334,33.19624523081806,False,True,True,False,0.0,False,False,False,False,phase5b0_oracle_mpc
lhs_062,oracle_mpc,740.0,0.31590881835452733,0.3136472682639389,1.3188761520958963,3.7130003539410525,33.15505141338923,True,False,False,True,0.6090926999995645,False,True,False,True,phase5b0_oracle_mpc
lhs_062,oracle_mpc,745.0,0.31590881835452733,0.31481609547236894,0.0,3.676306037305183,33.100165569554925,True,False,False,True,5.9404074000003675,False,True,False,False,phase5b0_oracle_mpc
lhs_062,oracle_mpc,750.0,0.31590881835452733,0.3143564783374399,0.0,3.668342235547793,33.04562373051255,False,False,False,True,0.0,False,False,False,False,phase5b0_oracle_mpc
lhs_062,oracle_mpc,755.0,0.31590881835452733,0.31407711825217954,0.0,3.6620003220110657,32.99142378715237,False,False,False,True,0.0,False,False,False,False,phase5b0_oracle_mpc
lhs_062,oracle_mpc,760.0,0.31590881835452733,0.31460127713043634,0.0,3.656876764960775,32.93756359630025,False,False,False,True,0.0,False,False,False,False,phase5b0_oracle_mpc
lhs_062,oracle_mpc,765.0,0.31590881835452733,0.31472768817530206,0.0,3.652671543166354,32.884041028216586,False,False,False,True,0.0,False,False,False,False,phase5b0_oracle_mpc
lhs_062,oracle_mpc,770.0,0.3164545984859466,0.31504584431299426,2.0000000000000138,3.6953491135953485,32.84795503773471,True,True,True,False,1.5478444000000309,False,True,False,True,phase5b0_oracle_mpc
lhs_062,oracle_mpc,775.0,0.3175461587487851,0.31462604599674654,4.000000000000016,3.7432804715988475,32.84471377577504,True,True,True,False,1.5598460000001069,False,True,False,True,phase5b0_oracle_mpc
lhs_062,oracle_mpc,780.0,0.318763374816606,0.3152322678860824,4.460463097678549,3.7599066780943864,32.85333326043408,True,True,True,False,1.3272741000000678,False,True,False,False,phase5b0_oracle_mpc
lhs_062,oracle_mpc,785.0,0.3199805908844269,0.3157101098198624,4.460463097678549,3.765756727209277,32.86404676567842,False,True,True,False,0.0,False,False,False,False,phase5b0_oracle_mpc
lhs_062,oracle_mpc,790.0,0.32119780695224776,0.3170239881870963,4.460463097678549,3.7704879317963442,32.876333485692264,False,True,True,False,0.0,False,False,False,False,phase5b0_oracle_mpc
lhs_062,oracle_mpc,795.0,0.32241502302006864,0.3180972933514991,4.460463097678549,3.7743842618509746,32.889805196240836,False,True,True,False,0.0,False,False,False,False,phase5b0_oracle_mpc
lhs_062,oracle_mpc,800.0,0.3236322390878895,0.31986607339639506,4.460463097678549,3.777656647170716,32.904172125942665,False,True,True,False,0.0,False,False,False,False,phase5b0_oracle_mpc
lhs_062,oracle_mpc,805.0,0.32490050048458924,0.32039055567641994,4.647517649283855,3.784781010171857,32.92371048718072,True,True,True,False,1.172813999999562,False,True,False,False,phase5b0_oracle_mpc
lhs_062,oracle_mpc,810.0,0.32616876188128896,0.3219097146345642,4.647517649283855,3.7876766487025075,32.943945444910185,False,True,True,False,0.0,False,False,False,False,phase5b0_oracle_mpc
lhs_062,oracle_mpc,815.0,0.3274370232779887,0.3231327477601266,4.647517649283855,3.7902255772093785,32.96471009891715,False,True,True,False,0.0,False,False,False,False,phase5b0_oracle_mpc
lhs_062,oracle_mpc,820.0,0.3287052846746884,0.324741743840427,4.647517649283855,3.7925127444558377,32.985878862764395,False,True,True,False,0.0,False,False,False,False,phase5b0_oracle_mpc
lhs_062,oracle_mpc,825.0,0.3299735460713881,0.3261985895941452,4.647517649283855,3.794601352951984,33.00735687140972,False,True,True,False,0.0,False,False,False,False,phase5b0_oracle_mpc
lhs_062,oracle_mpc,830.0,0.3311680129353776,0.32704503468300106,4.377099110894309,3.7902948474757845,33.02245484350168,True,True,True,False,0.8254539999998087,False,True,False,False,phase5b0_oracle_mpc
lhs_062,oracle_mpc,835.0,0.3323624797993671,0.3286767837651149,4.377099110894309,3.7914780912428765,33.03750909661339,False,True,True,False,0.0,False,False,False,False,phase5b0_oracle_mpc
lhs_062,oracle_mpc,840.0,0.3335569466633566,0.32959361518111197,4.377099110894309,3.792690305488884,33.05253416174138,False,True,True,False,0.0,False,False,False,False,phase5b0_oracle_mpc
lhs_062,oracle_mpc,845.0,0.3347514135273461,0.3301667108951384,4.377099110894309,3.7939213170010304,33.06753987021522,False,True,True,False,0.0,False,False,False,False,phase5b0_oracle_mpc
lhs_062,oracle_mpc,850.0,0.3359458803913356,0.33120036699670224,4.377099110894309,3.795163664933341,33.082532617476424,False,True,True,False,0.0,False,False,False,False,phase5b0_oracle_mpc
lhs_062,oracle_mpc,855.0,0.3359458803913356,0.33218663216141336,0.0,3.695356721119872,33.02810154564897,True,False,False,True,0.5834979999999632,False,True,False,True,phase5b0_oracle_mpc
lhs_062,oracle_mpc,860.0,0.3359458803913356,0.3313960246186022,0.0,3.6862938166574253,32.97401144015734,True,False,False,True,5.9292593000000124,False,True,False,False,phase5b0_oracle_mpc
lhs_062,oracle_mpc,865.0,0.3359458803913356,0.3319505809421182,0.0,3.679158431293224,32.92026039865476,False,False,False,True,0.0,False,False,False,False,phase5b0_oracle_mpc
lhs_062,oracle_mpc,870.0,0.3359458803913356,0.33115010985222254,0.0,3.6734675169142355,32.8668462957176,False,False,False,True,0.0,False,False,False,False,phase5b0_oracle_mpc
lhs_062,oracle_mpc,875.0,0.3359458803913356,0.3314228316495669,0.0,3.6688620535737715,32.81376701924546,False,False,False,True,0.0,False,False,False,False,phase5b0_oracle_mpc
lhs_062,oracle_mpc,880.0,0.3359458803913356,0.33196296419720067,0.0,3.665075101190773,32.76102047037762,False,False,False,True,0.0,False,False,False,False,phase5b0_oracle_mpc
lhs_062,oracle_mpc,885.0,0.33649166052275487,0.33187727451978233,2.0000000000000036,3.7080827467079294,32.724870783237684,True,True,True,False,1.1954653000002509,False,True,False,True,phase5b0_oracle_mpc
lhs_062,oracle_mpc,890.0,0.3375832207855934,0.332842738902231,4.0000000000000036,3.7562747288608915,32.720840853393085,True,True,True,False,1.6049384999996619,False,True,False,True,phase5b0_oracle_mpc
lhs_062,oracle_mpc,895.0,0.3389443080954026,0.3333369623013627,4.987676287408378,3.7852876151568173,32.74060107976603,True,True,True,False,1.6363723999993454,False,True,False,False,phase5b0_oracle_mpc
lhs_062,oracle_mpc,900.0,0.3403053954052118,0.3342319464379931,4.987676287408378,3.7925620399498636,32.76329061313991,False,True,True,False,0.0,False,False,False,False,phase5b0_oracle_mpc
lhs_062,oracle_mpc,905.0,0.34166648271502104,0.33599457150550194,4.987676287408378,3.798460327417982,32.788192962520995,False,True,True,False,0.0,False,False,False,False,phase5b0_oracle_mpc
lhs_062,oracle_mpc,910.0,0.34302757002483025,0.33725769533457717,4.987676287408378,3.8033300440165485,32.81477311550114,False,True,True,False,0.0,False,False,False,False,phase5b0_oracle_mpc
lhs_062,oracle_mpc,915.0,0.34438865733463947,0.33865642311136307,4.987676287408378,3.807429426455215,32.842630838912136,False,True,True,False,0.0,False,False,False,False,phase5b0_oracle_mpc
lhs_062,oracle_mpc,920.0,0.3456805146349666,0.34034361640294764,4.733984349953346,3.8050938618458066,32.865060823709335,True,True,True,False,1.1789240999996764,False,True,False,False,phase5b0_oracle_mpc
lhs_062,oracle_mpc,925.0,0.3469723719352937,0.3420730016203574,4.733984349953346,3.8075819364139516,32.88798280843178,False,True,True,False,0.0,False,False,False,False,phase5b0_oracle_mpc
lhs_062,oracle_mpc,930.0,0.3482642292356208,0.3438892169595296,4.733984349953346,3.8098522356945503,32.91129036327618,False,True,True,False,0.0,False,False,False,False,phase5b0_oracle_mpc
lhs_062,oracle_mpc,935.0,0.3495560865359479,0.34390292431872604,4.733984349953346,3.8119558717074984,32.93490234103624,False,True,True,False,0.0,False,False,False,False,phase5b0_oracle_mpc
lhs_062,oracle_mpc,940.0,0.350847943836275,0.34512685871013177,4.733984349953346,3.813930958590125,32.95875645727516,False,True,True,False,0.0,False,False,False,False,phase5b0_oracle_mpc
lhs_062,oracle_mpc,945.0,0.3520863319457737,0.3461325888963806,4.5380476063810695,3.811282925230293,32.97792517258357,True,True,True,False,0.28155320000041684,False,True,False,False,phase5b0_oracle_mpc
lhs_062,oracle_mpc,950.0,0.35332472005527243,0.3472958296735206,4.5380476063810695,3.81261809094413,32.99708100294049,False,True,True,False,0.0,False,False,False,False,phase5b0_oracle_mpc
lhs_062,oracle_mpc,955.0,0.35456310816477116,0.34884827120108086,4.5380476063810695,3.8139767525291646,33.01623620769155,False,True,True,False,0.0,False,False,False,False,phase5b0_oracle_mpc
lhs_062,oracle_mpc,960.0,0.3558014962742699,0.3499091419990727,4.5380476063810695,3.815349375720751,33.03539848266464,False,True,True,False,0.0,False,False,False,False,phase5b0_oracle_mpc
lhs_062,oracle_mpc,965.0,0.3570398843837686,0.35066791063978353,4.5380476063810695,3.816729007310901,33.05457220155082,False,True,True,False,0.0,False,False,False,False,phase5b0_oracle_mpc
lhs_062,oracle_mpc,970.0,0.3570398843837686,0.35240701767859217,0.0,3.7133568698485067,33.00031641316367,True,False,False,True,0.3213524000002508,False,True,False,True,phase5b0_oracle_mpc
lhs_062,oracle_mpc,975.0,0.3570398843837686,0.35409858043196085,0.0,3.704061065172012,32.946400478858635,True,False,False,True,5.258027899999433,False,True,False,False,phase5b0_oracle_mpc
lhs_062,oracle_mpc,980.0,0.3570398843837686,0.35369713804854414,0.0,3.6967596181599043,32.89282251675005,False,False,False,True,0.0,False,False,False,False,phase5b0_oracle_mpc
lhs_062,oracle_mpc,985.0,0.3570398843837686,0.3537584974929423,0.0,3.6909520266602844,32.83958040825819,False,False,False,True,0.0,False,False,False,False,phase5b0_oracle_mpc
lhs_062,oracle_mpc,990.0,0.3570398843837686,0.35313061753223035,0.0,3.6862663225113326,32.786672048083645,False,False,False,True,0.0,False,False,False,False,phase5b0_oracle_mpc
lhs_062,oracle_mpc,995.0,0.3570398843837686,0.3528190169072338,0.0,3.682425961770956,32.73409534412408,False,False,False,True,0.0,False,False,False,False,phase5b0_oracle_mpc
lhs_062,oracle_mpc,1000.0,0.35758566451518786,0.3533610038899392,1.999999999999994,3.7253921965563745,32.698018652255676,True,True,True,False,1.2227525999996942,False,True,False,True,phase5b0_oracle_mpc
lhs_062,oracle_mpc,1005.0,0.3586772247780264,0.3540256595825859,3.9999999999999933,3.773549958815179,32.693956258102325,True,True,True,False,1.5720965000000433,False,True,False,True,phase5b0_oracle_mpc
lhs_062,oracle_mpc,1010.0,0.3600008166330369,0.35582566260785803,4.850274969037901,3.7993646727530823,32.71040764962659,True,True,True,False,1.630013300000428,False,True,False,False,phase5b0_oracle_mpc
lhs_062,oracle_mpc,1015.0,0.3613244084880474,0.3565835610201308,4.850274969037901,3.8062979998210507,32.72958272969767,False,True,True,False,0.0,False,False,False,False,phase5b0_oracle_mpc
lhs_062,oracle_mpc,1020.0,0.36264800034305794,0.3574579399570687,4.850274969037901,3.8119221703422594,32.7508181187801,False,True,True,False,0.0,False,False,False,False,phase5b0_oracle_mpc
lhs_062,oracle_mpc,1025.0,0.36397159219806846,0.3585531041626776,4.850274969037901,3.8165680619774265,32.773618439022435,False,True,True,False,0.0,False,False,False,False,phase5b0_oracle_mpc
lhs_062,oracle_mpc,1030.0,0.365295184053079,0.3593555538379535,4.850274969037901,3.820481511563849,32.79761308692292,False,True,True,False,0.0,False,False,False,False,phase5b0_oracle_mpc
lhs_062,oracle_mpc,1035.0,0.36659363248317983,0.360960585688081,4.758137408645951,3.8217184365556447,32.820230841801624,True,True,True,False,1.2859733999994205,False,True,False,False,phase5b0_oracle_mpc
lhs_062,oracle_mpc,1040.0,0.3678920809132807,0.36208997821353955,4.758137408645951,3.824451557041555,32.84346186314137,False,True,True,False,0.0,False,False,False,False,phase5b0_oracle_mpc
lhs_062,oracle_mpc,1045.0,0.36919052934338153,0.3638395559894221,4.758137408645951,3.8269123897085033,32.86717159972307,False,True,True,False,0.0,False,False,False,False,phase5b0_oracle_mpc
lhs_062,oracle_mpc,1050.0,0.3704889777734824,0.3650493023290984,4.758137408645951,3.829166010204359,32.891257879185595,False,True,True,False,0.0,False,False,False,False,phase5b0_oracle_mpc
lhs_062,oracle_mpc,1055.0,0.37178742620358324,0.36689305892809204,4.758137408645951,3.8312609083247735,32.915642655348314,False,True,True,False,0.0,False,False,False,False,phase5b0_oracle_mpc
lhs_062,oracle_mpc,1060.0,0.3729402581606393,0.3687385019933728,4.224528855816815,3.8209161944777774,32.92730083674656,True,True,True,False,0.6867336999994222,False,True,False,False,phase5b0_oracle_mpc
lhs_062,oracle_mpc,1065.0,0.37409309011769537,0.36990947841336935,4.224528855816815,3.821538091709554,32.938719154088005,False,True,True,False,0.0,False,False,False,False,phase5b0_oracle_mpc
lhs_062,oracle_mpc,1070.0,0.37524592207475144,0.370946753829444,4.224528855816815,3.8223196161549984,32.949968614289574,False,True,True,False,0.0,False,False,False,False,phase5b0_oracle_mpc
lhs_062,oracle_mpc,1075.0,0.3763987540318075,0.37216446947644205,4.224528855816815,3.82321729549328,32.961100947023326,False,True,True,False,0.0,False,False,False,False,phase5b0_oracle_mpc
lhs_062,oracle_mpc,1080.0,0.37755158598886357,0.37380221995174057,4.224528855816815,3.824198950527361,32.97215363968028,False,True,True,False,0.0,False,False,False,False,phase5b0_oracle_mpc
lhs_062,oracle_mpc,1085.0,0.3786737469276316,0.37485680977327424,4.1121355438497815,3.8226464441747896,32.98056673205562,True,True,True,False,0.13507939999999508,False,True,False,False,phase5b0_oracle_mpc
lhs_062,oracle_mpc,1090.0,0.37979590786639966,0.3763734392242195,4.1121355438497815,3.8234665274278505,32.988864360061875,False,True,True,False,0.0,False,False,False,False,phase5b0_oracle_mpc
lhs_062,oracle_mpc,1095.0,0.3809180688051677,0.3770090710382309,4.1121355438497815,3.824365710024181,32.997080786219186,False,True,True,False,0.0,False,False,False,False,phase5b0_oracle_mpc
lhs_062,oracle_mpc,1100.0,0.38204022974393576,0.3778569103642384,4.1121355438497815,3.825322092186846,33.00524082571613,False,True,True,False,0.0,False,False,False,False,phase5b0_oracle_mpc
lhs_062,oracle_mpc,1105.0,0.3831623906827038,0.3787305982061535,4.1121355438497815,3.8263194808984338,33.01336231074829,False,True,True,False,0.0,False,False,False,False,phase5b0_oracle_mpc
lhs_062,oracle_mpc,1110.0,0.3844457992431223,0.3797283192479529,4.703024117353094,3.8409853888596657,33.03557852572572,True,True,True,False,1.35623299999952,False,True,False,False,phase5b0_oracle_mpc
lhs_062,oracle_mpc,1115.0,0.38572920780354075,0.3814077149059013,4.703024117353094,3.84342203956515,33.05827854662367,False,True,True,False,0.0,False,False,False,False,phase5b0_oracle_mpc
lhs_062,oracle_mpc,1120.0,0.3870126163639592,0.3824768265890234,4.703024117353094,3.8456124000526546,33.081341761767895,False,True,True,False,0.0,False,False,False,False,phase5b0_oracle_mpc
lhs_062,oracle_mpc,1125.0,0.3882960249243777,0.3843246918823603,4.703024117353094,3.8476166565089818,33.10467720648564,False,True,True,False,0.0,False,False,False,False,phase5b0_oracle_mpc
lhs_062,oracle_mpc,1130.0,0.3895794334847962,0.38535408272191884,4.703024117353094,3.8494796144447854,33.12821594652942,False,True,True,False,0.0,False,False,False,False,phase5b0_oracle_mpc
lhs_062,oracle_mpc,1135.0,0.3898538117885718,0.38735196852941295,1.0054536176029645,3.765881593882049,33.083306809146876,True,False,False,True,0.4871266000000105,False,True,False,True,phase5b0_oracle_mpc
lhs_062,oracle_mpc,1140.0,0.3906739702237667,0.38744516336426366,3.005453617602964,3.805020626159404,33.06726118658514,True,True,True,False,1.6624752000006993,False,True,False,True,phase5b0_oracle_mpc
lhs_062,oracle_mpc,1145.0,0.39177032129489603,0.38782335258410056,4.017555817865149,3.8276242221655186,33.07127599058293,True,True,True,False,1.5740653000002567,False,True,False,False,phase5b0_oracle_mpc
lhs_062,oracle_mpc,1150.0,0.39286667236602535,0.389078523402122,4.017555817865149,3.8295364913661287,33.07566459034459,False,True,True,False,0.0,False,False,False,False,phase5b0_oracle_mpc
lhs_062,oracle_mpc,1155.0,0.39396302343715467,0.38977538816743873,4.017555817865149,3.831221673093228,33.08033139549298,False,True,True,False,0.0,False,False,False,False,phase5b0_oracle_mpc
lhs_062,oracle_mpc,1160.0,0.395059374508284,0.39045796770602026,4.017555817865149,3.832737566390814,33.085205171920094,False,True,True,False,0.0,False,False,False,False,phase5b0_oracle_mpc
lhs_062,oracle_mpc,1165.0,0.3961557255794133,0.3913920955752116,4.017555817865149,3.834127113700398,33.09023272853153,False,True,True,False,0.0,False,False,False,False,phase5b0_oracle_mpc
lhs_062,oracle_mpc,1170.0,0.3973208134478267,0.3929128831566794,4.269440389424527,3.8412368621252377,33.10112388286679,True,True,True,False,1.3980889000004026,False,True,False,False,phase5b0_oracle_mpc
lhs_062,oracle_mpc,1175.0,0.3984859013162401,0.3942200587077024,4.269440389424527,3.8430542276785244,33.112296655107464,False,True,True,False,0.0,False,False,False,False,phase5b0_oracle_mpc
lhs_062,oracle_mpc,1180.0,0.3996509891846535,0.3956478840386984,4.269440389424527,3.8447077336266458,33.12367788435869,False,True,True,False,0.0,False,False,False,False,phase5b0_oracle_mpc
lhs_062,oracle_mpc,1185.0,0.40081607705306693,0.396225056968776,4.269440389424527,3.846237677759266,33.13521265092968,False,True,True,False,0.0,False,False,False,False,phase5b0_oracle_mpc
lhs_062,oracle_mpc,1190.0,0.40198116492148034,0.39712133705777963,4.269440389424527,3.847672915491031,33.14685958663296,False,True,True,False,0.0,False,False,False,False,phase5b0_oracle_mpc
lhs_062,oracle_mpc,1195.0,0.4031115647194078,0.3985966063456226,4.142326672786523,3.8461016267688146,33.15562072070221,True,True,True,False,0.2603486999996676,False,True,False,False,phase5b0_oracle_mpc
lhs_062,oracle_mpc,1200.0,0.40424196451733524,0.39931380707360375,4.142326672786523,3.847110207739694,33.16434292120702,False,True,True,False,0.0,False,False,False,False,phase5b0_oracle_mpc
lhs_062,oracle_mpc,1205.0,0.4053723643152627,0.40084190604356873,4.142326672786523,3.84813200885903,33.17303270846469,False,True,True,False,0.0,False,False,False,False,phase5b0_oracle_mpc
lhs_062,oracle_mpc,1210.0,0.40650276411319014,0.4020980876576983,4.142326672786523,3.8491624382756404,33.18169458861115,False,True,True,False,0.0,False,False,False,False,phase5b0_oracle_mpc
lhs_062,oracle_mpc,1215.0,0.4076331639111176,0.40345391664944324,4.142326672786523,3.850198127616412,33.19033159357662,False,True,True,False,0.0,False,False,False,False,phase5b0_oracle_mpc
lhs_062,oracle_mpc,1220.0,0.40880975478949105,0.4040524053141736,4.311592931438747,3.8551437985186037,33.20291462444996,True,True,True,False,1.1671157999999195,False,True,False,False,phase5b0_oracle_mpc
lhs_062,oracle_mpc,1225.0,0.4099863456678645,0.40472667912027976,4.311592931438747,3.856581378388349,33.215605830363074,False,True,True,False,0.0,False,False,False,False,phase5b0_oracle_mpc
lhs_062,oracle_mpc,1230.0,0.411162936546238,0.4061925012619273,4.311592931438747,3.8579440808729792,33.22837233655387,False,True,True,False,0.0,False,False,False,False,phase5b0_oracle_mpc
lhs_062,oracle_mpc,1235.0,0.41233952742461144,0.40776545922825536,4.311592931438747,3.8592495871343786,33.24118924362385,False,True,True,False,0.0,False,False,False,False,phase5b0_oracle_mpc
lhs_062,oracle_mpc,1240.0,0.4135161183029849,0.40867992233864014,4.311592931438747,3.8605110781662604,33.25403758385705,False,True,True,False,0.0,False,False,False,False,phase5b0_oracle_mpc
lhs_062,oracle_mpc,1245.0,0.4147219976086287,0.4091043101383151,4.41891976722572,3.864215713327266,33.26949190354997,True,True,True,False,1.6393634000005477,False,True,False,False,phase5b0_oracle_mpc
lhs_062,oracle_mpc,1250.0,0.4159278769142725,0.4100344948000107,4.41891976722572,3.86566851735375,33.285037542432256,False,True,True,False,0.0,False,False,False,False,phase5b0_oracle_mpc
lhs_062,oracle_mpc,1255.0,0.41713375621991633,0.4118647874004828,4.41891976722572,3.8670527230884124,33.30064374780933,False,True,True,False,0.0,False,False,False,False,phase5b0_oracle_mpc
lhs_062,oracle_mpc,1260.0,0.41833963552556014,0.4128064480794862,4.41891976722572,3.8683842690537764,33.31628712862874,False,True,True,False,0.0,False,False,False,False,phase5b0_oracle_mpc
lhs_062,oracle_mpc,1265.0,0.41954551483120395,0.4141140434072228,4.41891976722572,3.8696750489101426,33.33194977628372,False,True,True,False,0.0,False,False,False,False,phase5b0_oracle_mpc
lhs_062,oracle_mpc,1270.0,0.41954551483120395,0.4155565006026181,0.0,3.768939738767578,33.27595523980169,True,False,False,True,0.10684110000056535,False,True,False,True,phase5b0_oracle_mpc
lhs_062,oracle_mpc,1275.0,0.41954551483120395,0.41700103486840884,0.0,3.759787644375146,33.22031146268234,True,False,False,True,6.718046299999514,False,True,False,False,phase5b0_oracle_mpc
lhs_062,oracle_mpc,1280.0,0.41954551483120395,0.41715322042636416,0.0,3.7525615431283628,33.16501648874732,False,False,False,True,0.0,False,False,False,False,phase5b0_oracle_mpc
lhs_062,oracle_mpc,1285.0,0.41954551483120395,0.41761165277771184,0.0,3.746779602976703,33.11006813152282,False,False,False,True,0.0,False,False,False,False,phase5b0_oracle_mpc
lhs_062,oracle_mpc,1290.0,0.41954551483120395,0.4165007444483194,0.0,3.7420836790201624,33.05546421824096,False,False,False,True,0.0,False,False,False,False,phase5b0_oracle_mpc
lhs_062,oracle_mpc,1295.0,0.41954551483120395,0.41543877753077724,0.0,3.7382074540200962,33.00120258975383,False,False,False,True,0.0,False,False,False,False,phase5b0_oracle_mpc
lhs_062,oracle_mpc,1300.0,0.4200912949626232,0.41513320355439454,1.9999999999999991,3.781115381102339,32.96401455633996,True,True,True,False,1.2388920000003054,False,True,False,True,phase5b0_oracle_mpc
lhs_062,oracle_mpc,1305.0,0.4211828552254617,0.4157379316698112,3.999999999999999,3.829197916902901,32.95938985649928,True,True,True,False,1.3361054000006334,False,True,False,True,phase5b0_oracle_mpc
lhs_062,oracle_mpc,1310.0,0.4225491324044126,0.4172304829080382,5.006694455505244,3.8585373558653138,32.97920210952144,True,True,True,False,1.3512063999996826,False,True,False,False,phase5b0_oracle_mpc
lhs_062,oracle_mpc,1315.0,0.4239154095833635,0.418772585467756,5.006694455505244,3.8657471660314884,33.00193908154319,False,True,True,False,0.0,False,False,False,False,phase5b0_oracle_mpc
lhs_062,oracle_mpc,1320.0,0.42528168676231437,0.4196862751853861,5.006694455505244,3.87157562214855,33.02687837929052,False,True,True,False,0.0,False,False,False,False,phase5b0_oracle_mpc
lhs_062,oracle_mpc,1325.0,0.42664796394126525,0.4210044221739392,5.006694455505244,3.8763724028640247,33.05348089110037,False,True,True,False,0.0,False,False,False,False,phase5b0_oracle_mpc
lhs_062,oracle_mpc,1330.0,0.42801424112021613,0.4231771345012338,5.006694455505244,3.880397292146665,33.081343611616866,False,True,True,False,0.0,False,False,False,False,phase5b0_oracle_mpc
lhs_062,oracle_mpc,1335.0,0.4293122581654491,0.425003054334165,4.7565566077224855,3.8780700676576703,33.103780131672664,True,True,True,False,0.8595157999998264,False,True,False,False,phase5b0_oracle_mpc
lhs_062,oracle_mpc,1340.0,0.43061027521068207,0.4269569972724865,4.7565566077224855,3.880493111723215,33.126692491426624,False,True,True,False,0.0,False,False,False,False,phase5b0_oracle_mpc
lhs_062,oracle_mpc,1345.0,0.43190829225591504,0.4277999089006629,4.7565566077224855,3.882697714073475,33.14997306100012,False,True,True,False,0.0,False,False,False,False,phase5b0_oracle_mpc
lhs_062,oracle_mpc,1350.0,0.433206309301148,0.42879800854416855,4.7565566077224855,3.884735797211945,33.17354001918673,False,True,True,False,0.0,False,False,False,False,phase5b0_oracle_mpc
lhs_062,oracle_mpc,1355.0,0.434504326346381,0.4297810606500295,4.7565566077224855,3.886646059967099,33.19733079050221,False,True,True,False,0.0,False,False,False,False,phase5b0_oracle_mpc
lhs_062,oracle_mpc,1360.0,0.4356919203045425,0.43139325243932103,4.351913489680469,3.8791182021687067,33.21127262120603,True,True,True,False,0.43247340000016266,False,True,False,False,phase5b0_oracle_mpc
lhs_062,oracle_mpc,1365.0,0.43687951426270405,0.4322309848048229,4.351913489680469,3.879901593585477,33.22502047557799,False,True,True,False,0.0,False,False,False,False,phase5b0_oracle_mpc
lhs_062,oracle_mpc,1370.0,0.4380671082208656,0.43402734517909536,4.351913489680469,3.880801968037484,33.23862822344036,False,True,True,False,0.0,False,False,False,False,phase5b0_oracle_mpc
lhs_062,oracle_mpc,1375.0,0.4392547021790271,0.433735402575133,4.351913489680469,3.8817869889691394,33.25213495870429,False,True,True,False,0.0,False,False,False,False,phase5b0_oracle_mpc
lhs_062,oracle_mpc,1380.0,0.44044229613718866,0.4349655237782799,4.351913489680469,3.882832736467986,33.265568865229,False,True,True,False,0.0,False,False,False,False,phase5b0_oracle_mpc
lhs_062,oracle_mpc,1385.0,0.44044229613718866,0.436294655306379,0.0,3.783479563053874,33.20999042877004,True,False,False,True,0.6355375000002823,False,True,False,True,phase5b0_oracle_mpc
lhs_062,oracle_mpc,1390.0,0.4409880762686079,0.43684930753621093,1.9999999999999984,3.820534986460099,33.17584332115904,True,True,True,False,1.7888944999995147,False,True,False,True,phase5b0_oracle_mpc
lhs_062,oracle_mpc,1395.0,0.44207963653144644,0.4376358077071105,3.9999999999999987,3.8642251563326093,33.17680873093051,True,True,True,False,1.7625778000001446,False,True,False,True,phase5b0_oracle_mpc
lhs_062,oracle_mpc,1400.0,0.44331703567245506,0.4388701758632416,4.534423551809591,3.879358795734007,33.190647602264406,True,True,True,False,1.5819169000005786,False,True,False,False,phase5b0_oracle_mpc
lhs_062,oracle_mpc,1405.0,0.4445544348134637,0.43930506999557295,4.534423551809591,3.882962560546791,33.20556796833034,False,True,True,False,0.0,False,False,False,False,phase5b0_oracle_mpc
lhs_062,oracle_mpc,1410.0,0.4457918339544723,0.4415945205942667,4.534423551809591,3.8859951789378764,33.221299356976864,False,True,True,False,0.0,False,False,False,False,phase5b0_oracle_mpc
lhs_062,oracle_mpc,1415.0,0.4470292330954809,0.4419051045143498,4.534423551809591,3.888600787283143,33.23763972156985,False,True,True,False,0.0,False,False,False,False,phase5b0_oracle_mpc
lhs_062,oracle_mpc,1420.0,0.44826663223648955,0.44304063122930787,4.534423551809591,3.8908864917951735,33.254437828401805,False,True,True,False,0.0,False,False,False,False,phase5b0_oracle_mpc
lhs_062,oracle_mpc,1425.0,0.4494348884270384,0.44394422047280285,4.2810506403406885,3.8870840177792285,33.26549164139412,True,True,True,False,0.7017098999995142,False,True,False,False,phase5b0_oracle_mpc
lhs_062,oracle_mpc,1430.0,0.4506031446175872,0.44408302280438183,4.2810506403406885,3.8883530547321996,33.27659389233188,False,True,True,False,0.0,False,False,False,False,phase5b0_oracle_mpc
lhs_062,oracle_mpc,1435.0,0.45177140080813605,0.4458227232421217,4.2810506403406885,3.8895965813822917,33.287733467787376,False,True,True,False,0.0,False,False,False,False,phase5b0_oracle_mpc
lhs_062,oracle_mpc,1440.0,0.4529396569986849,0.4468477175866304,4.2810506403406885,3.890819552728451,33.29890144019213,False,True,True,False,0.0,False,False,False,False,phase5b0_oracle_mpc
lhs_062,oracle_mpc,1445.0,0.4541079131892337,0.4480532651712849,4.2810506403406885,3.89202571384819,33.31009054527272,False,True,True,False,0.0,False,False,False,False,phase5b0_oracle_mpc
lhs_062,oracle_mpc,1450.0,0.4541079131892337,0.45039503200298286,0.0,3.7944090352371447,33.25423301791311,True,False,False,True,3.7379649000004065,False,True,False,True,phase5b0_oracle_mpc
lhs_062,oracle_mpc,1455.0,0.4541079131892337,0.4504245345785588,0.0,3.7855297884539674,33.19872540660703,True,False,False,True,5.784138699999858,False,True,False,False,phase5b0_oracle_mpc
lhs_062,oracle_mpc,1460.0,0.4541079131892337,0.45029600420732013,0.0,3.778524867159196,33.14356574492949,False,False,False,True,0.0,False,False,False,False,phase5b0_oracle_mpc
lhs_062,oracle_mpc,1465.0,0.4541079131892337,0.4499489082402073,0.0,3.7729251287482133,33.08875185175717,False,False,False,True,0.0,False,False,False,False,phase5b0_oracle_mpc
lhs_062,oracle_mpc,1470.0,0.4541079131892337,0.4496733875757699,0.0,3.7683818685388917,33.03428155963917,False,False,False,True,0.0,False,False,False,False,phase5b0_oracle_mpc
lhs_062,oracle_mpc,1475.0,0.4541079131892337,0.4507793739131669,0.0,3.7646357969470903,32.98015271471123,False,False,False,True,0.0,False,False,False,False,phase5b0_oracle_mpc
lhs_062,oracle_mpc,1480.0,0.454653693320653,0.45096999535806453,2.0000000000000018,3.8076549998445475,32.9427139748804,True,True,True,False,1.072090699999535,False,True,False,True,phase5b0_oracle_mpc
lhs_062,oracle_mpc,1485.0,0.4557452535834915,0.4515324550349905,4.000000000000002,3.8558345174979816,32.93749444130815,True,True,True,False,1.4662515999998504,False,True,False,True,phase5b0_oracle_mpc
lhs_062,oracle_mpc,1490.0,0.4571053583172658,0.4534201036129347,4.984075657856741,3.8847390661373953,32.95603448894388,True,True,True,False,1.5674646999996185,False,True,False,False,phase5b0_oracle_mpc
lhs_062,oracle_mpc,1495.0,0.4584654630510401,0.4545417706723897,4.984075657856741,3.8919760342427616,32.97750657445913,False,True,True,False,0.0,False,False,False,False,phase5b0_oracle_mpc
lhs_062,oracle_mpc,1500.0,0.45982556778481437,0.45704135479889463,4.984075657856741,3.897836386391433,33.00119325512518,False,True,True,False,0.0,False,False,False,False,phase5b0_oracle_mpc
lhs_062,oracle_mpc,1505.0,0.46118567251858866,0.4586520517504901,4.984075657856741,3.902668547313979,33.02655888746164,False,True,True,False,0.0,False,False,False,False,phase5b0_oracle_mpc
lhs_062,oracle_mpc,1510.0,0.46254577725236296,0.46105058312709907,4.984075657856741,3.906731383286917,33.05320284238451,False,True,True,False,0.0,False,False,False,False,phase5b0_oracle_mpc
lhs_062,oracle_mpc,1515.0,0.46328907234978844,0.46267742141828444,2.7237895065641284,3.8580465051499178,33.03218084908206,True,False,False,True,0.7349713000003248,False,True,False,True,phase5b0_oracle_mpc
lhs_062,oracle_mpc,1520.0,0.4644284820924692,0.46261594790821825,4.175343428929162,3.889288761195388,33.03912419161492,True,True,True,False,2.189224999999169,False,True,False,False,phase5b0_oracle_mpc
lhs_062,oracle_mpc,1525.0,0.4655678918351499,0.4638201535077897,4.175343428929162,3.8911064463945415,33.04637281753959,False,True,True,False,0.0,False,False,False,False,phase5b0_oracle_mpc
lhs_062,oracle_mpc,1530.0,0.46670730157783064,0.4655717900490231,4.175343428929162,3.8927831274855578,33.05386499558577,False,True,True,False,0.0,False,False,False,False,phase5b0_oracle_mpc
lhs_062,oracle_mpc,1535.0,0.46784671132051137,0.46648994087364,4.175343428929162,3.894352618526767,33.061553854332175,False,True,True,False,0.0,False,False,False,False,phase5b0_oracle_mpc
lhs_062,oracle_mpc,1540.0,0.4689861210631921,0.4676660807429035,4.175343428929162,3.8958401195033106,33.069403524210315,False,True,True,False,0.0,False,False,False,False,phase5b0_oracle_mpc
lhs_062,oracle_mpc,1545.0,0.4702182766600443,0.46869657444228907,4.515208692731518,3.9051093763363864,33.08533051094661,True,True,True,False,1.8842297999999573,False,True,False,False,phase5b0_oracle_mpc
lhs_062,oracle_mpc,1550.0,0.4714504322568965,0.4691852760234241,4.515208692731518,3.9072839585384735,33.101655234479885,False,True,True,False,0.0,False,False,False,False,phase5b0_oracle_mpc
lhs_062,oracle_mpc,1555.0,0.47268258785374867,0.46970422604649487,4.515208692731518,3.909270439298158,33.11828894577963,False,True,True,False,0.0,False,False,False,False,phase5b0_oracle_mpc
lhs_062,oracle_mpc,1560.0,0.47391474345060086,0.47079068182336364,4.515208692731518,3.9111140707607177,33.13516429064335,False,True,True,False,0.0,False,False,False,False,phase5b0_oracle_mpc
lhs_062,oracle_mpc,1565.0,0.47514689904745305,0.4718373259715296,4.515208692731518,3.9128485719561295,33.15222983363148,False,True,True,False,0.0,False,False,False,False,phase5b0_oracle_mpc
lhs_062,oracle_mpc,1570.0,0.47636888945425593,0.4730001482141479,4.477958564102372,3.9136392259240735,33.168539303883996,True,True,True,False,0.2774718999999095,False,True,False,False,phase5b0_oracle_mpc
lhs_062,oracle_mpc,1575.0,0.4775908798610588,0.47464654240605847,4.477958564102372,3.915136902217778,33.1849374280105,False,True,True,False,0.0,False,False,False,False,phase5b0_oracle_mpc
lhs_062,oracle_mpc,1580.0,0.4788128702678617,0.47527698086028164,4.477958564102372,3.916599842383282,33.20140799194158,False,True,True,False,0.0,False,False,False,False,phase5b0_oracle_mpc
lhs_062,oracle_mpc,1585.0,0.48003486067466455,0.4764120244328372,4.477958564102372,3.91803450793974,33.21793779076068,False,True,True,False,0.0,False,False,False,False,phase5b0_oracle_mpc
lhs_062,oracle_mpc,1590.0,0.48125685108146743,0.4785999510545063,4.477958564102372,3.919445800835026,33.23451590048529,False,True,True,False,0.0,False,False,False,False,phase5b0_oracle_mpc
lhs_062,oracle_mpc,1595.0,0.4825032551063114,0.4797597067947048,4.567421762323243,3.922902730700233,33.253335951563585,True,True,True,False,1.765491000000111,False,True,False,False,phase5b0_oracle_mpc
lhs_062,oracle_mpc,1600.0,0.4837496591311554,0.48027213684180314,4.567421762323243,3.92448831643415,33.27226211149958,False,True,True,False,0.0,False,False,False,False,phase5b0_oracle_mpc
lhs_062,oracle_mpc,1605.0,0.4849960631559994,0.481972337854707,4.567421762323243,3.9260200467988335,33.29126866156535,False,True,True,False,0.0,False,False,False,False,phase5b0_oracle_mpc
lhs_062,oracle_mpc,1610.0,0.4862424671808434,0.4836834702596752,4.567421762323243,3.927509504492477,33.31033540845104,False,True,True,False,0.0,False,False,False,False,phase5b0_oracle_mpc
lhs_062,oracle_mpc,1615.0,0.4874888712056874,0.4851100030890135,4.567421762323243,3.9289653892853327,33.3294462987923,False,True,True,False,0.0,False,False,False,False,phase5b0_oracle_mpc
lhs_062,oracle_mpc,1620.0,0.4887322230754558,0.48616952189072443,4.556237203194457,3.930136042387734,33.34830911797605,True,True,True,False,0.1418522000003577,False,True,False,False,phase5b0_oracle_mpc
lhs_062,oracle_mpc,1625.0,0.48997557494522415,0.48776494501880197,4.556237203194457,3.931516499312814,33.367183245783195,False,True,True,False,0.0,False,False,False,False,phase5b0_oracle_mpc
lhs_062,oracle_mpc,1630.0,0.4912189268149925,0.4885984634584741,4.556237203194457,3.932883596450358,33.38606224420015,False,True,True,False,0.0,False,False,False,False,phase5b0_oracle_mpc
lhs_062,oracle_mpc,1635.0,0.4924622786847609,0.4895202880063441,4.556237203194457,3.93423899874816,33.40494044881589,False,True,True,False,0.0,False,False,False,False,phase5b0_oracle_mpc
lhs_062,oracle_mpc,1640.0,0.49370563055452926,0.49011093148463936,4.556237203194457,3.9355840284343664,33.42381280611812,False,True,True,False,0.0,False,False,False,False,phase5b0_oracle_mpc
lhs_062,oracle_mpc,1645.0,0.4948386136891704,0.4917929234334284,4.151793256727568,3.927581680564034,33.43283786050052,True,True,True,False,0.5233048000000053,False,True,False,False,phase5b0_oracle_mpc
lhs_062,oracle_mpc,1650.0,0.4959715968238116,0.49206745167032223,4.151793256727568,3.927955034571837,33.44154761308863,False,True,True,False,0.0,False,False,False,False,phase5b0_oracle_mpc
lhs_062,oracle_mpc,1655.0,0.49710457995845275,0.4929167080085618,4.151793256727568,3.928498428248397,33.450015617182046,False,True,True,False,0.0,False,False,False,False,phase5b0_oracle_mpc
lhs_062,oracle_mpc,1660.0,0.4982375630930939,0.49528722531837444,4.151793256727568,3.929168026044759,33.45829633144721,False,True,True,False,0.0,False,False,False,False,phase5b0_oracle_mpc
lhs_062,oracle_mpc,1665.0,0.4993705462277351,0.4965559096172448,4.151793256727568,3.929931312601558,33.46643007081261,False,True,True,False,0.0,False,False,False,False,phase5b0_oracle_mpc
lhs_062,oracle_mpc,1670.0,0.4993705462277351,0.4977829627640577,0.0,3.8348977365558494,33.409592521696936,True,False,False,True,0.41316270000061195,False,True,False,True,phase5b0_oracle_mpc
lhs_062,oracle_mpc,1675.0,0.4993705462277351,0.49663574461306,0.0,3.8259842224588656,33.35311103887384,True,False,False,True,5.805087099999582,False,True,False,False,phase5b0_oracle_mpc
lhs_062,oracle_mpc,1680.0,0.4993705462277351,0.4963984062960029,0.0,3.8189354429482267,33.296983610395806,False,False,False,True,0.0,False,False,False,False,phase5b0_oracle_mpc
lhs_062,oracle_mpc,1685.0,0.4993705462277351,0.4967946512751154,0.0,3.813285345519874,33.2412080168721,False,False,False,True,0.0,False,False,False,False,phase5b0_oracle_mpc
lhs_062,oracle_mpc,1690.0,0.4993705462277351,0.49625055000444573,0.0,3.808687498473066,33.18578205282425,False,False,False,True,0.0,False,False,False,False,phase5b0_oracle_mpc
lhs_062,oracle_mpc,1695.0,0.4993705462277351,0.4971313627816281,0.0,3.804884279365374,33.13070352659884,False,False,False,True,0.0,False,False,False,False,phase5b0_oracle_mpc
lhs_062,oracle_mpc,1700.0,0.4993705462277351,0.496992635383338,0.0,3.8016840034709793,33.07597026028084,True,False,False,True,5.260377900000094,False,True,False,False,phase5b0_oracle_mpc
lhs_062,oracle_mpc,1705.0,0.4993705462277351,0.4974285930456223,0.0,3.7989439460143553,33.02158008960747,False,False,False,True,0.0,False,False,False,False,phase5b0_oracle_mpc
lhs_062,oracle_mpc,1710.0,0.4993705462277351,0.49701793251000825,0.0,3.7965577392914147,32.96753086388266,False,False,False,True,0.0,False,False,False,False,phase5b0_oracle_mpc
lhs_062,oracle_mpc,1715.0,0.4993705462277351,0.49758061561547307,0.0,3.7944460172276093,32.91382044589196,False,False,False,True,0.0,False,False,False,False,phase5b0_oracle_mpc
lhs_062,oracle_mpc,1720.0,0.4993705462277351,0.4972853538443677,0.0,3.792549470481136,32.860446711818085,False,False,False,True,0.0,False,False,False,False,phase5b0_oracle_mpc
lhs_062,oracle_mpc,1725.0,0.49991632635915434,0.49618988978848855,1.999999999999999,3.837004221515595,32.822086962410474,True,True,True,False,0.7639634999995906,False,True,False,True,phase5b0_oracle_mpc
lhs_062,oracle_mpc,1730.0,0.5010078866219928,0.4964193508351382,3.9999999999999982,3.8863156151655938,32.81471737539336,True,True,True,False,1.1437620000006063,False,True,False,True,phase5b0_oracle_mpc
lhs_062,oracle_mpc,1735.0,0.502477392191994,0.4977712424171165,5.384972758828264,3.925375953176015,32.84040461500002,True,True,True,False,0.9185583999997107,False,True,False,False,phase5b0_oracle_mpc
lhs_062,oracle_mpc,1740.0,0.5039468977619953,0.5003208355517278,5.384972758828264,3.934275939800006,32.87003497489662,False,True,True,False,0.0,False,False,False,False,phase5b0_oracle_mpc
lhs_062,oracle_mpc,1745.0,0.5054164033319966,0.5019494200109701,5.384972758828264,3.9414861996940638,32.902657853295366,False,True,True,False,0.0,False,False,False,False,phase5b0_oracle_mpc
lhs_062,oracle_mpc,1750.0,0.5068859089019978,0.5032132059987942,5.384972758828264,3.947432851046023,32.93756286288852,False,True,True,False,0.0,False,False,False,False,phase5b0_oracle_mpc
lhs_062,oracle_mpc,1755.0,0.5083554144719991,0.5046598998206864,5.384972758828264,3.9524325319374616,32.9742180332106,False,True,True,False,0.0,False,False,False,False,phase5b0_oracle_mpc
lhs_062,oracle_mpc,1760.0,0.5097118617731222,0.5060349419066222,4.970673071574874,3.9471545406597954,33.00131235172096,True,True,True,False,0.8563133999996353,False,True,False,False,phase5b0_oracle_mpc
lhs_062,oracle_mpc,1765.0,0.5110683090742454,0.507715657158712,4.970673071574874,3.9499287578544773,33.02899285287335,False,True,True,False,0.0,False,False,False,False,phase5b0_oracle_mpc
lhs_062,oracle_mpc,1770.0,0.5124247563753686,0.5093183949757017,4.970673071574874,3.952479028987464,33.0571442002995,False,True,True,False,0.0,False,False,False,False,phase5b0_oracle_mpc
lhs_062,oracle_mpc,1775.0,0.5137812036764917,0.5110693036994612,4.970673071574874,3.95485676828564,33.08567774045604,False,True,True,False,0.0,False,False,False,False,phase5b0_oracle_mpc
lhs_062,oracle_mpc,1780.0,0.5151376509776149,0.5125108106574222,4.970673071574874,3.957100372101998,33.11452476460531,False,True,True,False,0.0,False,False,False,False,phase5b0_oracle_mpc
lhs_062,oracle_mpc,1785.0,0.5164556023773768,0.5137528443218674,4.829605637473949,3.9559813601929603,33.139980577303426,True,True,True,False,0.24665830000049027,False,True,False,False,phase5b0_oracle_mpc
lhs_062,oracle_mpc,1790.0,0.5177735537771386,0.5154212014270586,4.829605637473949,3.9577029105690493,33.16552170838482,False,True,True,False,0.0,False,False,False,False,phase5b0_oracle_mpc
lhs_062,oracle_mpc,1795.0,0.5190915051769005,0.5154521292831661,4.829605637473949,3.9594188866578106,33.191146187656386,False,True,True,False,0.0,False,False,False,False,phase5b0_oracle_mpc
lhs_062,oracle_mpc,1800.0,0.5204094565766624,0.5156195321013649,4.829605637473949,3.9611260125772634,33.21685034845063,False,True,True,False,0.0,False,False,False,False,phase5b0_oracle_mpc
lhs_062,oracle_mpc,1805.0,0.5217274079764243,0.5166165390886304,4.829605637473949,3.962822036950727,33.24262935682648,False,True,True,False,0.0,False,False,False,False,phase5b0_oracle_mpc
lhs_062,oracle_mpc,1810.0,0.5230305298160817,0.5172683418282266,4.7752630212784535,3.9632506890534565,33.26707758939633,True,True,True,False,0.10872870000002877,False,True,False,False,phase5b0_oracle_mpc
lhs_062,oracle_mpc,1815.0,0.5243336516557391,0.5190819882397989,4.7752630212784535,3.964792356370081,33.29154058587672,False,True,True,False,0.0,False,False,False,False,phase5b0_oracle_mpc
lhs_062,oracle_mpc,1820.0,0.5256367734953965,0.5195904329109696,4.7752630212784535,3.966343862428151,33.31602390600241,False,True,True,False,0.0,False,False,False,False,phase5b0_oracle_mpc
lhs_062,oracle_mpc,1825.0,0.5269398953350539,0.5214134953994671,4.7752630212784535,3.9678989966401295,33.34052997150463,False,True,True,False,0.0,False,False,False,False,phase5b0_oracle_mpc
lhs_062,oracle_mpc,1830.0,0.5282430171747113,0.5224166427708001,4.7752630212784535,3.9694532965938203,33.36505894400298,False,True,True,False,0.0,False,False,False,False,phase5b0_oracle_mpc
lhs_062,oracle_mpc,1835.0,0.5282430171747113,0.5228175986807109,0.0,3.86073955782355,33.308856893171935,True,False,False,True,0.6325206999999864,False,True,False,True,phase5b0_oracle_mpc
lhs_062,oracle_mpc,1840.0,0.5282430171747113,0.5232002214717641,0.0,3.8510138449846596,33.25300687193941,True,False,False,True,4.178978599999937,False,True,False,False,phase5b0_oracle_mpc
lhs_062,oracle_mpc,1845.0,0.5282430171747113,0.5230488652323683,0.0,3.8433820096552056,33.19750694673307,False,False,False,True,0.0,False,False,False,False,phase5b0_oracle_mpc
lhs_062,oracle_mpc,1850.0,0.5282430171747113,0.5221110409995913,0.0,3.8373182804964676,33.14235492297492,False,False,False,True,0.0,False,False,False,False,phase5b0_oracle_mpc
lhs_062,oracle_mpc,1855.0,0.5282430171747113,0.5220928826775344,0.0,3.832431919668355,33.08754861984366,False,False,False,True,0.0,False,False,False,False,phase5b0_oracle_mpc
lhs_062,oracle_mpc,1860.0,0.5282430171747113,0.5229536213323771,0.0,3.8284324384741155,33.03308587018852,False,False,False,True,0.0,False,False,False,False,phase5b0_oracle_mpc
lhs_062,oracle_mpc,1865.0,0.5287887973061306,0.5229857650570873,2.0,3.8712850253313804,32.995401397479654,True,True,True,False,1.0178194999998595,False,True,False,True,phase5b0_oracle_mpc
lhs_062,oracle_mpc,1870.0,0.5298803575689691,0.5228459926060922,3.9999999999999996,3.919367682635087,32.98996729748412,True,True,True,False,0.9523869999993622,False,True,False,True,phase5b0_oracle_mpc
lhs_062,oracle_mpc,1875.0,0.5311739283305359,0.5240046712023635,4.740263293216539,3.9425923897365505,33.00257933813834,True,True,True,False,1.1194906999999148,False,True,False,False,phase5b0_oracle_mpc
lhs_062,oracle_mpc,1880.0,0.5324674990921027,0.5267199986236281,4.740263293216539,3.9492313111142376,33.01773234147005,False,True,True,False,0.0,False,False,False,False,phase5b0_oracle_mpc
lhs_062,oracle_mpc,1885.0,0.5337610698536694,0.5280978509791765,4.740263293216539,3.9546213146603777,33.0348069750211,False,True,True,False,0.0,False,False,False,False,phase5b0_oracle_mpc
lhs_062,oracle_mpc,1890.0,0.5350546406152362,0.5300495251112094,4.740263293216539,3.9590788297574657,33.053340919019696,False,True,True,False,0.0,False,False,False,False,phase5b0_oracle_mpc
lhs_062,oracle_mpc,1895.0,0.536348211376803,0.5309251587369507,4.740263293216539,3.9628389473532684,33.072988462637234,False,True,True,False,0.0,False,False,False,False,phase5b0_oracle_mpc
lhs_062,oracle_mpc,1900.0,0.537612452114026,0.5326721277795737,4.6327840258144946,3.963594453036163,33.090861487656646,True,True,True,False,0.9472704999998314,False,True,False,False,phase5b0_oracle_mpc
lhs_062,oracle_mpc,1905.0,0.538876692851249,0.5343984352894076,4.6327840258144946,3.9661852256295154,33.109288279816674,False,True,True,False,0.0,False,False,False,False,phase5b0_oracle_mpc
lhs_062,oracle_mpc,1910.0,0.5401409335884719,0.536280179850332,4.6327840258144946,3.9685270498628524,33.1281482758219,False,True,True,False,0.0,False,False,False,False,phase5b0_oracle_mpc
lhs_062,oracle_mpc,1915.0,0.5414051743256949,0.5379238148967183,4.6327840258144946,3.9706800008283074,33.14735000901996,False,True,True,False,0.0,False,False,False,False,phase5b0_oracle_mpc
lhs_062,oracle_mpc,1920.0,0.5426694150629179,0.5389107775275561,4.6327840258144946,3.9726888368202533,33.16682369079731,False,True,True,False,0.0,False,False,False,False,phase5b0_oracle_mpc
lhs_062,oracle_mpc,1925.0,0.5438746931068227,0.5385902397740595,4.416716456022595,3.9695971808453407,33.18124894813379,True,True,True,False,0.3264331999998831,False,True,False,False,phase5b0_oracle_mpc
lhs_062,oracle_mpc,1930.0,0.5450799711507275,0.5407251981059557,4.416716456022595,3.970898848649129,33.19566926159902,False,True,True,False,0.0,False,False,False,False,phase5b0_oracle_mpc
lhs_062,oracle_mpc,1935.0,0.5462852491946323,0.541522154339311,4.416716456022595,3.972228368923331,33.210097413988066,False,True,True,False,0.0,False,False,False,False,phase5b0_oracle_mpc
lhs_062,oracle_mpc,1940.0,0.5474905272385371,0.5429566011269924,4.416716456022595,3.9735759891436833,33.22454164196437,False,True,True,False,0.0,False,False,False,False,phase5b0_oracle_mpc
lhs_062,oracle_mpc,1945.0,0.5486958052824419,0.5431974543289506,4.416716456022595,3.9749345839112986,33.23900686724782,False,True,True,False,0.0,False,False,False,False,phase5b0_oracle_mpc
lhs_062,oracle_mpc,1950.0,0.5486958052824419,0.5441467874095488,0.0,3.8742949268282545,33.18359493766261,True,False,False,True,3.113227600000755,False,True,False,True,phase5b0_oracle_mpc
lhs_062,oracle_mpc,1955.0,0.5486958052824419,0.5451713334257222,0.0,3.865217841937534,33.12853012137518,True,False,False,True,4.045999400000255,False,True,False,False,phase5b0_oracle_mpc
lhs_062,oracle_mpc,1960.0,0.5486958052824419,0.5451951105139324,0.0,3.8580831294681692,33.07381047905436,False,False,False,True,0.0,False,False,False,False,phase5b0_oracle_mpc
lhs_062,oracle_mpc,1965.0,0.5486958052824419,0.5446557679649588,0.0,3.852403537479873,33.01943384697612,False,False,False,True,0.0,False,False,False,False,phase5b0_oracle_mpc
lhs_062,oracle_mpc,1970.0,0.5486958052824419,0.5463430495662003,0.0,3.8478169382010243,32.965398074979696,False,False,False,True,0.0,False,False,False,False,phase5b0_oracle_mpc
lhs_062,oracle_mpc,1975.0,0.5486958052824419,0.5465921127417229,0.0,3.844054096849716,32.91170102638266,False,False,False,True,0.0,False,False,False,False,phase5b0_oracle_mpc
lhs_062,oracle_mpc,1980.0,0.5492415854138611,0.5466091573520994,1.9999999999999996,3.8871045430231628,32.87440060711468,True,True,True,False,1.0419705999993312,False,True,False,True,phase5b0_oracle_mpc
lhs_062,oracle_mpc,1985.0,0.5503331456766997,0.5470194910711845,3.999999999999999,3.935358567221078,32.86903099842045,True,True,True,False,1.2630292000003465,False,True,False,True,phase5b0_oracle_mpc
lhs_062,oracle_mpc,1990.0,0.5516724787755053,0.5477990659625865,4.907958431256333,3.962605032842419,32.88550029367714,True,True,True,False,1.2789513999996416,False,True,False,False,phase5b0_oracle_mpc
lhs_062,oracle_mpc,1995.0,0.5530118118743109,0.5486945645851169,4.907958431256333,3.9697700598038357,32.90480199156003,False,True,True,False,0.0,False,False,False,False,phase5b0_oracle_mpc
lhs_062,oracle_mpc,2000.0,0.5543511449731165,0.5508823022435412,4.907958431256333,3.9755979798184216,32.92624908643543,False,True,True,False,0.0,False,False,False,False,phase5b0_oracle_mpc
lhs_062,oracle_mpc,2005.0,0.5556904780719222,0.5519904224673695,4.907958431256333,3.9804272589575027,32.94932846721268,False,True,True,False,0.0,False,False,False,False,phase5b0_oracle_mpc
lhs_062,oracle_mpc,2010.0,0.5570298111707278,0.5531154191509341,4.907958431256333,3.9845093811605197,32.97365617535757,False,True,True,False,0.0,False,False,False,False,phase5b0_oracle_mpc
lhs_062,oracle_mpc,2015.0,0.558384625384362,0.5547361388367534,4.964688656258118,3.9893416127642536,33.00038464436255,True,True,True,False,1.0877549999995608,False,True,False,False,phase5b0_oracle_mpc
lhs_062,oracle_mpc,2020.0,0.5597394395979961,0.5566190059901212,4.964688656258118,3.992576563412667,33.02791748444291,False,True,True,False,0.0,False,False,False,False,phase5b0_oracle_mpc
lhs_062,oracle_mpc,2025.0,0.5610942538116303,0.5586816252432545,4.964688656258118,3.995468701189645,33.05607632822846,False,True,True,False,0.0,False,False,False,False,phase5b0_oracle_mpc
lhs_062,oracle_mpc,2030.0,0.5624490680252644,0.5597509984351422,4.964688656258118,3.998101215885385,33.08472600814001,False,True,True,False,0.0,False,False,False,False,phase5b0_oracle_mpc
lhs_062,oracle_mpc,2035.0,0.5638038822388985,0.5616585820501869,4.964688656258118,4.000536075238981,33.11376352410841,False,True,True,False,0.0,False,False,False,False,phase5b0_oracle_mpc
lhs_062,oracle_mpc,2040.0,0.5651616041414804,0.5633723418917628,4.975343822250477,4.003065629457991,33.143389240791244,True,True,True,False,0.4733531000001676,False,True,False,False,phase5b0_oracle_mpc
lhs_062,oracle_mpc,2045.0,0.5665193260440623,0.5661232216937304,4.975343822250477,4.005257362614911,33.173272971163286,False,True,True,False,0.0,False,False,False,False,phase5b0_oracle_mpc
lhs_062,oracle_mpc,2050.0,0.5678770479466442,0.5670678507191637,4.975343822250477,4.007353283579153,33.203364430633016,False,True,True,False,0.0,False,False,False,False,phase5b0_oracle_mpc
lhs_062,oracle_mpc,2055.0,0.569234769849226,0.5681279771826652,4.975343822250477,4.00937391353249,33.23362398770065,False,True,True,False,0.0,False,False,False,False,phase5b0_oracle_mpc
lhs_062,oracle_mpc,2060.0,0.5705924917518079,0.5702706668765232,4.975343822250477,4.0113346725141135,33.264020006320095,False,True,True,False,0.0,False,False,False,False,phase5b0_oracle_mpc
lhs_062,oracle_mpc,2065.0,0.5718231612177926,0.5715689022153166,4.509762796914096,4.002490514609844,33.282544584867146,True,True,True,False,0.2817997000001924,False,True,False,False,phase5b0_oracle_mpc
lhs_062,oracle_mpc,2070.0,0.5730538306837774,0.5739349621394741,4.509762796914096,4.003258207491631,33.30076613647631,False,True,True,False,0.0,False,False,False,False,phase5b0_oracle_mpc
lhs_062,oracle_mpc,2075.0,0.5742845001497621,0.5754912961524781,4.509762796914096,4.004197559284492,33.31876509487996,False,True,True,False,0.0,False,False,False,False,phase5b0_oracle_mpc
lhs_062,oracle_mpc,2080.0,0.5755151696157468,0.5753219778999238,4.509762796914096,4.005262537580138,33.336600103258526,False,True,True,False,0.0,False,False,False,False,phase5b0_oracle_mpc
lhs_062,oracle_mpc,2085.0,0.5767458390817315,0.5770887422175893,4.509762796914096,4.006419073212593,33.354313699451154,False,True,True,False,0.0,False,False,False,False,phase5b0_oracle_mpc
lhs_062,oracle_mpc,2090.0,0.5780099997348879,0.5783967090566104,4.632490559408924,4.010477826561073,33.375007206863984,True,True,True,False,0.9263425999997708,False,True,False,False,phase5b0_oracle_mpc
lhs_062,oracle_mpc,2095.0,0.5792741603880442,0.5797649559241504,4.632490559408924,4.012040258273712,33.39573320022174,False,True,True,False,0.0,False,False,False,False,phase5b0_oracle_mpc
lhs_062,oracle_mpc,2100.0,0.5805383210412006,0.5795842723723604,4.632490559408924,4.0135828646273355,33.416481315800986,False,True,True,False,0.0,False,False,False,False,phase5b0_oracle_mpc
lhs_062,oracle_mpc,2105.0,0.581802481694357,0.5803852035321139,4.632490559408924,4.0151090418880875,33.43724281816535,False,True,True,False,0.0,False,False,False,False,phase5b0_oracle_mpc
lhs_062,oracle_mpc,2110.0,0.5830666423475134,0.5807920028892921,4.632490559408924,4.016621413672607,33.45801021539416,False,True,True,False,0.0,False,False,False,False,phase5b0_oracle_mpc
lhs_062,oracle_mpc,2115.0,0.5841449454076771,0.583235005437827,3.951419255075268,4.00238224646755,33.462341270178,True,True,True,False,0.24910869999985152,False,True,False,False,phase5b0_oracle_mpc
lhs_062,oracle_mpc,2120.0,0.5852232484678409,0.5844857755282371,3.951419255075268,4.00225116135381,33.4661847038664,False,True,True,False,0.0,False,False,False,False,phase5b0_oracle_mpc
lhs_062,oracle_mpc,2125.0,0.5863015515280047,0.5848305991402557,3.951419255075268,4.002410137825004,33.46965958906563,False,True,True,False,0.0,False,False,False,False,phase5b0_oracle_mpc
lhs_062,oracle_mpc,2130.0,0.5873798545881684,0.5853923942584901,3.951419255075268,4.002785367283921,33.472854404028276,False,True,True,False,0.0,False,False,False,False,phase5b0_oracle_mpc
lhs_062,oracle_mpc,2135.0,0.5884581576483322,0.5868294390398133,3.951419255075268,4.00332206364208,33.475834953095344,False,True,True,False,0.0,False,False,False,False,phase5b0_oracle_mpc
lhs_062,oracle_mpc,2140.0,0.5884581576483322,0.5891257032100621,0.0,3.912649653864527,33.4189384322888,True,False,False,True,3.426647299999786,False,True,False,True,phase5b0_oracle_mpc
lhs_062,oracle_mpc,2145.0,0.5884581576483322,0.5898360721464306,0.0,3.9039813207249083,33.362398364597034,True,False,False,True,4.363600700000461,False,True,False,False,phase5b0_oracle_mpc
lhs_062,oracle_mpc,2150.0,0.5884581576483322,0.5894961722159499,0.0,3.8971182685335366,33.30621271848975,False,False,False,True,0.0,False,False,False,False,phase5b0_oracle_mpc
lhs_062,oracle_mpc,2155.0,0.5884581576483322,0.5889574082357192,0.0,3.8916096414900205,33.25037927227418,False,False,False,True,0.0,False,False,False,False,phase5b0_oracle_mpc
lhs_062,oracle_mpc,2160.0,0.5884581576483322,0.5888584016630104,0.0,3.887120292407216,33.19489581818424,False,False,False,True,0.0,False,False,False,False,phase5b0_oracle_mpc
lhs_062,oracle_mpc,2165.0,0.5884581576483322,0.5871474674998177,0.0,3.883400979249371,33.13976016229325,False,False,False,True,0.0,False,False,False,False,phase5b0_oracle_mpc
lhs_062,oracle_mpc,2170.0,0.5890039377797515,0.5858562802309798,1.9999999999999987,3.926492292822047,33.10156588504126,True,True,True,False,1.2789444000000003,False,True,False,True,phase5b0_oracle_mpc
lhs_062,oracle_mpc,2175.0,0.59009549804259,0.5867151748553706,3.999999999999999,3.9747965501606566,33.095840495311094,True,True,True,False,1.2094939999997223,False,True,False,True,phase5b0_oracle_mpc
lhs_062,oracle_mpc,2180.0,0.5912522741904873,0.5871232430014423,4.238982261553583,3.986628878527337,33.09722168058528,True,True,True,False,0.9703062999997201,False,True,False,False,phase5b0_oracle_mpc
lhs_062,oracle_mpc,2185.0,0.5924090503383846,0.5874544017393665,4.238982261553583,3.992235383909465,33.10051478177927,False,True,True,False,0.0,False,False,False,False,phase5b0_oracle_mpc
lhs_062,oracle_mpc,2190.0,0.593565826486282,0.5890494924348684,4.238982261553583,3.9967909107022406,33.105252401192715,False,True,True,False,0.0,False,False,False,False,phase5b0_oracle_mpc
lhs_062,oracle_mpc,2195.0,0.5947226026341793,0.5895836167417713,4.238982261553583,4.00056363846942,33.111086120646235,False,True,True,False,0.0,False,False,False,False,phase5b0_oracle_mpc
lhs_062,oracle_mpc,2200.0,0.5958793787820766,0.5911822648186725,4.238982261553583,4.00375276404427,33.11775588124945,False,True,True,False,0.0,False,False,False,False,phase5b0_oracle_mpc
lhs_062,oracle_mpc,2205.0,0.5958793787820766,0.5921677279961536,0.0,3.908509258923459,33.06310398500065,True,False,False,True,0.43692270000065037,False,True,False,True,phase5b0_oracle_mpc
lhs_062,oracle_mpc,2210.0,0.5958793787820766,0.5918142014399498,0.0,3.9008142818073073,33.00879446661259,True,False,False,True,4.198665300000357,False,True,False,False,phase5b0_oracle_mpc
lhs_062,oracle_mpc,2215.0,0.5958793787820766,0.5937967372006329,0.0,3.8947383784439116,32.954825387604004,False,False,False,True,0.0,False,False,False,False,phase5b0_oracle_mpc
lhs_062,oracle_mpc,2220.0,0.5958793787820766,0.5942151469142386,0.0,3.889876511305356,32.9011946139296,False,False,False,True,0.0,False,False,False,False,phase5b0_oracle_mpc
lhs_062,oracle_mpc,2225.0,0.5958793787820766,0.5943620994383313,0.0,3.885927616325502,32.847900024921366,False,False,False,True,0.0,False,False,False,False,phase5b0_oracle_mpc
lhs_062,oracle_mpc,2230.0,0.5958793787820766,0.5951185703505325,0.0,3.88266782130054,32.79493951320473,False,False,False,True,0.0,False,False,False,False,phase5b0_oracle_mpc
lhs_062,oracle_mpc,2235.0,0.5964251589134959,0.5946607418851145,2.0000000000000004,3.926166254892155,32.75757673334844,True,True,True,False,1.3652101999996376,False,True,False,True,phase5b0_oracle_mpc
lhs_062,oracle_mpc,2240.0,0.5975167191763344,0.5959616072356142,4.000000000000002,3.974839528184814,32.75147760900382,True,True,True,False,1.0897117000004073,False,True,False,True,phase5b0_oracle_mpc
lhs_062,oracle_mpc,2245.0,0.5989646617873693,0.5968427399403825,5.305955741809833,4.011673002861593,32.77647317786225,True,True,True,False,1.3378416999994442,False,True,False,False,phase5b0_oracle_mpc
lhs_062,oracle_mpc,2250.0,0.6004126043984042,0.5974832778011491,5.305955741809833,4.020134374611015,32.805044047520774,False,True,True,False,0.0,False,False,False,False,phase5b0_oracle_mpc
lhs_062,oracle_mpc,2255.0,0.601860547009439,0.5985757955542176,5.305955741809833,4.027057638623836,32.836332116876996,False,True,True,False,0.0,False,False,False,False,phase5b0_oracle_mpc
lhs_062,oracle_mpc,2260.0,0.6033084896204739,0.5997665496555442,5.305955741809833,4.0328337435667825,32.869695863264155,False,True,True,False,0.0,False,False,False,False,phase5b0_oracle_mpc
lhs_062,oracle_mpc,2265.0,0.6047564322315088,0.6022431777107297,5.305955741809833,4.037752043737028,32.90465463210403,False,True,True,False,0.0,False,False,False,False,phase5b0_oracle_mpc
lhs_062,oracle_mpc,2270.0,0.6061223224910426,0.6043282439961964,5.005276597306251,4.035073183265749,32.932959885919935,True,True,True,False,0.10596319999967818,False,True,False,False,phase5b0_oracle_mpc
lhs_062,oracle_mpc,2275.0,0.6074882127505764,0.6044526637896374,5.005276597306251,4.038143581518493,32.961892465308644,False,True,True,False,0.0,False,False,False,False,phase5b0_oracle_mpc
lhs_062,oracle_mpc,2280.0,0.6088541030101102,0.6053255584506617,5.005276597306251,4.040981159567431,32.991327158477134,False,True,True,False,0.0,False,False,False,False,phase5b0_oracle_mpc
lhs_062,oracle_mpc,2285.0,0.610219993269644,0.6072597774582953,5.005276597306251,4.043641303037666,33.02116788506937,False,True,True,False,0.0,False,False,False,False,phase5b0_oracle_mpc
lhs_062,oracle_mpc,2290.0,0.6115858835291779,0.6090558543607227,5.005276597306251,4.0461652774484556,33.0513403239004,False,True,True,False,0.0,False,False,False,False,phase5b0_oracle_mpc
lhs_062,oracle_mpc,2295.0,0.6129440639127488,0.6105399026558904,4.977023916349099,4.047930184197922,33.08104539861301,True,True,True,False,1.1433124999994106,False,True,False,False,phase5b0_oracle_mpc
lhs_062,oracle_mpc,2300.0,0.6143022442963197,0.6120733931436254,4.977023916349099,4.050198302721962,33.110950959600636,False,True,True,False,0.0,False,False,False,False,phase5b0_oracle_mpc
lhs_062,oracle_mpc,2305.0,0.6156604246798907,0.6137301302793298,4.977023916349099,4.052413568909547,33.14102694238715,False,True,True,False,0.0,False,False,False,False,phase5b0_oracle_mpc
lhs_062,oracle_mpc,2310.0,0.6170186050634616,0.6153587109689878,4.977023916349099,4.054585770434027,33.17124851514712,False,True,True,False,0.0,False,False,False,False,phase5b0_oracle_mpc
lhs_062,oracle_mpc,2315.0,0.6183767854470326,0.6164750200561128,4.977023916349099,4.0567222894074915,33.20159482754227,False,True,True,False,0.0,False,False,False,False,phase5b0_oracle_mpc
lhs_062,oracle_mpc,2320.0,0.6196594817119604,0.6186542982464397,4.700413925264412,4.052427014190634,33.224856884580966,True,True,True,False,0.34853910000038013,False,True,False,False,phase5b0_oracle_mpc
lhs_062,oracle_mpc,2325.0,0.6209421779768882,0.6193528545278326,4.700413925264412,4.05383961020903,33.247966344159906,False,True,True,False,0.0,False,False,False,False,phase5b0_oracle_mpc
lhs_062,oracle_mpc,2330.0,0.622224874241816,0.6205793171226941,4.700413925264412,4.055350813363327,33.27097003830601,False,True,True,False,0.0,False,False,False,False,phase5b0_oracle_mpc
lhs_062,oracle_mpc,2335.0,0.6235075705067439,0.6218367506254089,4.700413925264412,4.056932780093983,33.293901184847435,False,True,True,False,0.0,False,False,False,False,phase5b0_oracle_mpc
lhs_062,oracle_mpc,2340.0,0.6247902667716717,0.6218168589946154,4.700413925264412,4.058564907761859,33.31678297253531,False,True,True,False,0.0,False,False,False,False,phase5b0_oracle_mpc
lhs_062,oracle_mpc,2345.0,0.6247902667716717,0.6239240600599544,0.0,3.951426286189498,33.260883533202616,True,False,False,True,0.11709419999988313,False,True,False,True,phase5b0_oracle_mpc
lhs_062,oracle_mpc,2350.0,0.625336046903091,0.6223993720937236,1.9999999999999991,3.9880460523295365,33.22681233476378,True,True,True,False,1.4274060000007012,False,True,False,True,phase5b0_oracle_mpc
lhs_062,oracle_mpc,2355.0,0.626188559256748,0.6218501351328543,3.1240138824408157,4.011305085079562,33.210560702170916,True,True,True,False,1.5721873000002233,False,True,False,False,phase5b0_oracle_mpc
lhs_062,oracle_mpc,2360.0,0.627041071610405,0.6231899329171224,3.1240138824408157,4.011942131175748,33.19433127502691,False,True,True,False,0.0,False,False,False,False,phase5b0_oracle_mpc
lhs_062,oracle_mpc,2365.0,0.627893583964062,0.6234670863784841,3.1240138824408157,4.01259549235871,33.17812809315866,False,True,True,False,0.0,False,False,False,False,phase5b0_oracle_mpc
lhs_062,oracle_mpc,2370.0,0.628746096317719,0.6250397072868293,3.1240138824408157,4.01326335895133,33.161954686019214,False,True,True,False,0.0,False,False,False,False,phase5b0_oracle_mpc
lhs_062,oracle_mpc,2375.0,0.6295986086713761,0.6266399785187077,3.1240138824408157,4.01394430529203,33.14581413800407,False,True,True,False,0.0,False,False,False,False,phase5b0_oracle_mpc
lhs_062,oracle_mpc,2380.0,0.6308066990010321,0.6277702818634875,4.427022018975221,4.044803890872743,33.15665050128149,True,True,True,False,1.524088799999845,False,True,False,False,phase5b0_oracle_mpc
lhs_062,oracle_mpc,2385.0,0.6320147893306882,0.6289848695985246,4.427022018975221,4.04866364558667,33.16854305025548,False,True,True,False,0.0,False,False,False,False,phase5b0_oracle_mpc
lhs_062,oracle_mpc,2390.0,0.6332228796603443,0.630726543937856,4.427022018975221,4.051961408208999,33.181230474409155,False,True,True,False,0.0,False,False,False,False,phase5b0_oracle_mpc
lhs_062,oracle_mpc,2395.0,0.6344309699900004,0.632278540731918,4.427022018975221,4.054839603402057,33.19451762484859,False,True,True,False,0.0,False,False,False,False,phase5b0_oracle_mpc
lhs_062,oracle_mpc,2400.0,0.6356390603196564,0.6338139769314121,4.427022018975221,4.057404006630537,33.2082584465512,False,True,True,False,0.0,False,False,False,False,phase5b0_oracle_mpc
lhs_062,oracle_mpc,2405.0,0.6367829364934992,0.6344770317568525,4.191710573516611,4.0542846063943925,33.216814579707986,True,True,True,False,0.10427400000025955,False,True,False,False,phase5b0_oracle_mpc
lhs_062,oracle_mpc,2410.0,0.6379268126673419,0.6356072740900823,4.191710573516611,4.055866319114679,33.225440972275734,False,True,True,False,0.0,False,False,False,False,phase5b0_oracle_mpc
lhs_062,oracle_mpc,2415.0,0.6390706888411846,0.6361337464186799,4.191710573516611,4.057417951661557,33.23412393639323,False,True,True,False,0.0,False,False,False,False,phase5b0_oracle_mpc
lhs_062,oracle_mpc,2420.0,0.6402145650150273,0.636863006282899,4.191710573516611,4.058945911268764,33.24285264419795,False,True,True,False,0.0,False,False,False,False,phase5b0_oracle_mpc
lhs_062,oracle_mpc,2425.0,0.64135844118887,0.6374484537989885,4.191710573516611,4.06045497219207,33.25161842916907,False,True,True,False,0.0,False,False,False,False,phase5b0_oracle_mpc
lhs_062,oracle_mpc,2430.0,0.6425774799647956,0.6384065882243931,4.467142373818864,4.068326805369841,33.26693997994458,True,True,True,False,1.202274700000089,False,True,False,False,phase5b0_oracle_mpc
lhs_062,oracle_mpc,2435.0,0.6437965187407213,0.6385836981889677,4.467142373818864,4.070476200417307,33.282508860883794,False,True,True,False,0.0,False,False,False,False,phase5b0_oracle_mpc
lhs_062,oracle_mpc,2440.0,0.645015557516647,0.6395325409901494,4.467142373818864,4.07249376578662,33.29826342344968,False,True,True,False,0.0,False,False,False,False,phase5b0_oracle_mpc
lhs_062,oracle_mpc,2445.0,0.6462345962925726,0.6403028593963852,4.467142373818864,4.074411219713369,33.31415695557233,False,True,True,False,0.0,False,False,False,False,phase5b0_oracle_mpc
lhs_062,oracle_mpc,2450.0,0.6474536350684983,0.6410584746523348,4.467142373818864,4.076252140643051,33.33015385472526,False,True,True,False,0.0,False,False,False,False,phase5b0_oracle_mpc
lhs_062,oracle_mpc,2455.0,0.6486487833216822,0.6426099945472753,4.379596047500054,4.076006670094048,33.34409745016188,True,True,True,False,0.306845300000532,False,True,False,False,phase5b0_oracle_mpc
lhs_062,oracle_mpc,2460.0,0.6498439315748661,0.6447160565584908,4.379596047500054,4.077530131441318,33.358025610911945,False,True,True,False,0.0,False,False,False,False,phase5b0_oracle_mpc
lhs_062,oracle_mpc,2465.0,0.65103907982805,0.6466790972616244,4.379596047500054,4.079055883533437,33.37193974601411,False,True,True,False,0.0,False,False,False,False,phase5b0_oracle_mpc
lhs_062,oracle_mpc,2470.0,0.6522342280812339,0.6480354518129215,4.379596047500054,4.080581547948346,33.38584024589408,False,True,True,False,0.0,False,False,False,False,phase5b0_oracle_mpc
lhs_062,oracle_mpc,2475.0,0.6534293763344178,0.6490394189113836,4.379596047500054,4.082105373081219,33.39972677644531,False,True,True,False,0.0,False,False,False,False,phase5b0_oracle_mpc
lhs_062,oracle_mpc,2480.0,0.6537601527274923,0.6493794573455463,1.2121232490250105,4.0102733828003565,33.355579800478566,True,False,False,True,3.099497500000325,True,True,False,True,phase5b0_oracle_mpc
lhs_062,oracle_mpc,2485.0,0.6540212137380133,0.6504336384067498,0.9566526719911301,3.9981856551925405,33.30804384919973,True,True,True,False,1.3665550000005169,True,True,False,False,phase5b0_oracle_mpc
lhs_062,oracle_mpc,2490.0,0.6542822747485342,0.6495896904249132,0.9566526719911301,3.9927843263351117,33.26026792120705,False,True,True,False,0.0,False,False,False,False,phase5b0_oracle_mpc
lhs_062,oracle_mpc,2495.0,0.6545433357590551,0.6495040870627962,0.9566526719911301,3.98853737591641,33.212365692501265,False,True,True,False,0.0,False,False,False,False,phase5b0_oracle_mpc
lhs_062,oracle_mpc,2500.0,0.654804396769576,0.6506479634880495,0.9566526719911301,3.985157794508985,33.16442209954067,False,True,True,False,0.0,False,False,False,False,phase5b0_oracle_mpc
lhs_062,oracle_mpc,2505.0,0.655065457780097,0.6508129936579468,0.9566526719911301,3.982432186171278,33.116500719983385,False,True,True,False,0.0,False,False,False,False,phase5b0_oracle_mpc
lhs_062,oracle_mpc,2510.0,0.6558722989220371,0.6515100244202233,2.95665267199113,4.0265178574026494,33.09391148645827,True,True,True,False,1.6526708000001236,True,True,False,True,phase5b0_oracle_mpc
lhs_062,oracle_mpc,2515.0,0.6572249201953966,0.6518687178854177,4.956652671991132,4.075834561610273,33.11276942159642,True,True,True,False,1.6209262000002127,True,True,False,True,phase5b0_oracle_mpc
lhs_062,oracle_mpc,2520.0,0.6585592892987929,0.6531645740304841,4.889767972778371,4.0815483907557955,33.132732703312996,True,True,True,False,0.27553179999995336,True,True,False,False,phase5b0_oracle_mpc
lhs_062,oracle_mpc,2525.0,0.6598936584021893,0.6544646455310642,4.889767972778371,4.087329756079542,33.154670731937344,False,True,True,False,0.0,False,False,False,False,phase5b0_oracle_mpc
lhs_062,oracle_mpc,2530.0,0.6612280275055856,0.6567859958107254,4.889767972778371,4.092155402129211,33.17809609327257,False,True,True,False,0.0,False,False,False,False,phase5b0_oracle_mpc
lhs_062,oracle_mpc,2535.0,0.662562396608982,0.6583600442639667,4.889767972778371,4.09626593204312,33.20264462788515,False,True,True,False,0.0,False,False,False,False,phase5b0_oracle_mpc
lhs_062,oracle_mpc,2540.0,0.6638967657123783,0.6598161435298519,4.889767972778371,4.0998400534081325,33.228043759792115,False,True,True,False,0.0,False,False,False,False,phase5b0_oracle_mpc
lhs_062,oracle_mpc,2545.0,0.6652171285171516,0.6623070555073195,4.838442181249357,4.101822024767534,33.25277015254072,True,True,True,False,0.3800432999996701,True,True,False,False,phase5b0_oracle_mpc
lhs_062,oracle_mpc,2550.0,0.666537491321925,0.6641548863444706,4.838442181249357,4.104563063575643,33.27793788866994,False,True,True,False,0.0,False,False,False,False,phase5b0_oracle_mpc
lhs_062,oracle_mpc,2555.0,0.6678578541266983,0.6649299467111409,4.838442181249357,4.107095066590506,33.30344333695172,False,True,True,False,0.0,False,False,False,False,phase5b0_oracle_mpc
lhs_062,oracle_mpc,2560.0,0.6691782169314716,0.6664836286062669,4.838442181249357,4.109466912344833,33.32920773385008,False,True,True,False,0.0,False,False,False,False,phase5b0_oracle_mpc
lhs_062,oracle_mpc,2565.0,0.6704985797362449,0.6683620490853649,4.838442181249357,4.1117149625501765,33.35517084895492,False,True,True,False,0.0,False,False,False,False,phase5b0_oracle_mpc
lhs_062,oracle_mpc,2570.0,0.671831273517371,0.6701605277417668,4.883628788979906,4.114912494251464,33.382467253097595,True,True,True,False,0.5426761999997325,True,True,False,False,phase5b0_oracle_mpc
lhs_062,oracle_mpc,2575.0,0.6731639672984971,0.6702396823175157,4.883628788979906,4.1170966379185625,33.409921520068934,False,True,True,False,0.0,False,False,False,False,phase5b0_oracle_mpc
lhs_062,oracle_mpc,2580.0,0.6744966610796232,0.6710816102673193,4.883628788979906,4.119199278696555,33.43749490820594,False,True,True,False,0.0,False,False,False,False,phase5b0_oracle_mpc
lhs_062,oracle_mpc,2585.0,0.6758293548607494,0.672931664872518,4.883628788979906,4.121236595322179,33.46515707199798,False,True,True,False,0.0,False,False,False,False,phase5b0_oracle_mpc
lhs_062,oracle_mpc,2590.0,0.6771620486418755,0.673380524208697,4.883628788979906,4.123220658850914,33.49288395842112,False,True,True,False,0.0,False,False,False,False,phase5b0_oracle_mpc
lhs_062,oracle_mpc,2595.0,0.6783901681815185,0.6757096081513125,4.500418644590162,4.116289529491994,33.510778069201656,True,True,True,False,0.37818679999963933,True,True,False,False,phase5b0_oracle_mpc
lhs_062,oracle_mpc,2600.0,0.6796182877211616,0.675959067767214,4.500418644590162,4.11726587611008,33.528385027231764,False,True,True,False,0.0,False,False,False,False,phase5b0_oracle_mpc
lhs_062,oracle_mpc,2605.0,0.6808464072608047,0.6768687861122165,4.500418644590162,4.118379275042127,33.54577197930011,False,True,True,False,0.0,False,False,False,False,phase5b0_oracle_mpc
lhs_062,oracle_mpc,2610.0,0.6820745268004478,0.6779045054949124,4.500418644590162,4.119591470585557,33.562988107897546,False,True,True,False,0.0,False,False,False,False,phase5b0_oracle_mpc
lhs_062,oracle_mpc,2615.0,0.6833026463400909,0.6787219326218765,4.500418644590162,4.120874075690603,33.580069311426506,False,True,True,False,0.0,False,False,False,False,phase5b0_oracle_mpc
lhs_062,oracle_mpc,2620.0,0.6843538791999907,0.6805155003572708,3.8522210662605874,4.107203907175505,33.58163739460407,True,True,True,False,0.5508551000002626,True,True,False,False,phase5b0_oracle_mpc
lhs_062,oracle_mpc,2625.0,0.6854051120598905,0.6823420319875962,3.8522210662605874,4.107006418890147,33.582684416395416,False,True,True,False,0.0,False,False,False,False,phase5b0_oracle_mpc
lhs_062,oracle_mpc,2630.0,0.6864563449197904,0.6833892004185963,3.8522210662605874,4.10711781579279,33.58333641235824,False,True,True,False,0.0,False,False,False,False,phase5b0_oracle_mpc
lhs_062,oracle_mpc,2635.0,0.6875075777796902,0.6855115403383274,3.8522210662605874,4.107458335083009,33.58368725438451,False,True,True,False,0.0,False,False,False,False,phase5b0_oracle_mpc
lhs_062,oracle_mpc,2640.0,0.68855881063959,0.6868819827276313,3.8522210662605874,4.107968710275077,33.58380696462159,False,True,True,False,0.0,False,False,False,False,phase5b0_oracle_mpc
lhs_062,oracle_mpc,2645.0,0.68855881063959,0.6882019958747486,0.0,4.019464307373518,33.52623361359368,True,False,False,True,1.16472210000029,True,True,False,True,phase5b0_oracle_mpc
lhs_062,oracle_mpc,2650.0,0.6891045907710093,0.6890297072038571,2.0,4.057197292662861,33.49025884275515,True,True,True,False,0.9958967999991728,True,True,False,True,phase5b0_oracle_mpc
lhs_062,oracle_mpc,2655.0,0.6891045907710093,0.6896113091795827,0.0,4.0089570198113975,33.43327177484406,True,False,False,True,2.160154000000148,True,True,False,True,phase5b0_oracle_mpc
lhs_062,oracle_mpc,2660.0,0.6891045907710093,0.690233734747433,0.0,4.00262542956859,33.376641858551345,True,False,False,True,2.577263999999559,True,True,False,False,phase5b0_oracle_mpc
lhs_062,oracle_mpc,2665.0,0.6891045907710093,0.6900597922507282,0.0,3.9975131690616226,33.32036692705934,False,False,False,True,0.0,False,False,False,False,phase5b0_oracle_mpc
lhs_062,oracle_mpc,2670.0,0.6891045907710093,0.6898027859424186,0.0,3.9933198442635254,33.26444475514476,False,False,False,True,0.0,False,False,False,False,phase5b0_oracle_mpc
lhs_062,oracle_mpc,2675.0,0.6891045907710093,0.6904944845213484,0.0,3.9898220120454164,33.20887313153312,False,False,False,True,0.0,False,False,False,False,phase5b0_oracle_mpc
lhs_062,oracle_mpc,2680.0,0.6891045907710093,0.6910845106942257,0.0,3.986853364487622,33.153649858811335,False,False,False,True,0.0,False,False,False,False,phase5b0_oracle_mpc
lhs_062,oracle_mpc,2685.0,0.6896503709024285,0.6911086732727441,2.0,4.0305695346253225,33.11475667037555,True,True,True,False,1.0917570999999953,True,True,False,True,phase5b0_oracle_mpc
lhs_062,oracle_mpc,2690.0,0.690741931165267,0.6917760686449673,3.999999999999999,4.079413210061636,33.10790053199979,True,True,True,False,0.786442800000259,True,True,False,True,phase5b0_oracle_mpc
lhs_062,oracle_mpc,2695.0,0.6919399354769028,0.6921914553935198,4.390062014608137,4.095179036582396,33.111436883445435,True,True,True,False,0.3480117999997674,True,True,False,False,phase5b0_oracle_mpc
lhs_062,oracle_mpc,2700.0,0.6931379397885385,0.6937568689591274,4.390062014608137,4.101503901884359,33.11719459220276,False,True,True,False,0.0,False,False,False,False,phase5b0_oracle_mpc
lhs_062,oracle_mpc,2705.0,0.6943359441001743,0.6940125262722397,4.390062014608137,4.106646655740016,33.12463357563503,False,True,True,False,0.0,False,False,False,False,phase5b0_oracle_mpc
lhs_062,oracle_mpc,2710.0,0.69553394841181,0.6957224608921313,4.390062014608137,4.110905782998359,33.13335100615199,False,True,True,False,0.0,False,False,False,False,phase5b0_oracle_mpc
lhs_062,oracle_mpc,2715.0,0.6967319527234458,0.697556130916305,4.390062014608137,4.114502951678976,33.143045990864316,False,True,True,False,0.0,False,False,False,False,phase5b0_oracle_mpc
lhs_062,oracle_mpc,2720.0,0.6980069644559833,0.6987593927510068,4.672254115304453,4.12412995383912,33.1601544076446,True,True,True,False,0.612887999999657,True,True,False,False,phase5b0_oracle_mpc
lhs_062,oracle_mpc,2725.0,0.6992819761885208,0.700335340825617,4.672254115304453,4.127531005507815,33.17812361660061,False,True,True,False,0.0,False,False,False,False,phase5b0_oracle_mpc
lhs_062,oracle_mpc,2730.0,0.7005569879210584,0.7011209071675252,4.672254115304453,4.130523334572705,33.19675789908517,False,True,True,False,0.0,False,False,False,False,phase5b0_oracle_mpc
lhs_062,oracle_mpc,2735.0,0.7018319996535959,0.7016560980870703,4.672254115304453,4.133209892683397,33.21590984160222,False,True,True,False,0.0,False,False,False,False,phase5b0_oracle_mpc
lhs_062,oracle_mpc,2740.0,0.7031070113861334,0.7020845556234128,4.672254115304453,4.1356650354064355,33.23546795123471,False,True,True,False,0.0,False,False,False,False,phase5b0_oracle_mpc
lhs_062,oracle_mpc,2745.0,0.7041891335165799,0.703089296189302,3.9654141591137235,4.121596867965692,33.238717383330105,True,True,True,False,0.276287499999853,True,True,False,False,phase5b0_oracle_mpc
lhs_062,oracle_mpc,2750.0,0.7052712556470263,0.7045131845365269,3.9654141591137235,4.122046571115018,33.24168043761514,False,True,True,False,0.0,False,False,False,False,phase5b0_oracle_mpc
lhs_062,oracle_mpc,2755.0,0.7063533777774728,0.7057100482705478,3.9654141591137235,4.122702371898027,33.244443330177965,False,True,True,False,0.0,False,False,False,False,phase5b0_oracle_mpc
lhs_062,oracle_mpc,2760.0,0.7074354999079192,0.7076284345629673,3.9654141591137235,4.123509290079796,33.24706940918887,False,True,True,False,0.0,False,False,False,False,phase5b0_oracle_mpc
lhs_062,oracle_mpc,2765.0,0.7085176220383657,0.7091236246345367,3.9654141591137235,4.124426564541623,33.249605109942415,False,True,True,False,0.0,False,False,False,False,phase5b0_oracle_mpc
lhs_062,oracle_mpc,2770.0,0.709603090115635,0.7104554734017168,3.97767531202266,4.125707521015973,33.25235476963236,True,True,True,False,0.3876211999995576,True,True,False,False,phase5b0_oracle_mpc
lhs_062,oracle_mpc,2775.0,0.7106885581929044,0.7107080508452358,3.97767531202266,4.126792056976532,33.25508108432393,False,True,True,False,0.0,False,False,False,False,phase5b0_oracle_mpc
lhs_062,oracle_mpc,2780.0,0.7117740262701738,0.7118865542132411,3.97767531202266,4.127912392815961,33.25779961965931,False,True,True,False,0.0,False,False,False,False,phase5b0_oracle_mpc
lhs_062,oracle_mpc,2785.0,0.7128594943474432,0.7129762886227505,3.97767531202266,4.129057623471645,33.26052140581816,False,True,True,False,0.0,False,False,False,False,phase5b0_oracle_mpc
lhs_062,oracle_mpc,2790.0,0.7139449624247126,0.714193500803798,3.97767531202266,4.130219697722952,33.263254124606355,False,True,True,False,0.0,False,False,False,False,phase5b0_oracle_mpc
lhs_062,oracle_mpc,2795.0,0.7139449624247126,0.7160678908031728,0.0,4.039416878101101,33.20769016201132,True,False,False,True,1.1822224999996251,True,True,False,True,phase5b0_oracle_mpc
lhs_062,oracle_mpc,2800.0,0.7139449624247126,0.7153822911769062,0.0,4.031082430615603,33.15247430473754,True,False,False,True,2.168132300000252,True,True,False,False,phase5b0_oracle_mpc
lhs_062,oracle_mpc,2805.0,0.7139449624247126,0.7151384821841772,0.0,4.0245040542185615,33.09760456823125,False,False,False,True,0.0,False,False,False,False,phase5b0_oracle_mpc
lhs_062,oracle_mpc,2810.0,0.7139449624247126,0.7149744905384958,0.0,4.019242338605009,33.04307878283338,False,False,False,True,0.0,False,False,False,False,phase5b0_oracle_mpc
lhs_062,oracle_mpc,2815.0,0.7139449624247126,0.7157054322504817,0.0,4.014970673932902,32.98889479248538,False,False,False,True,0.0,False,False,False,False,phase5b0_oracle_mpc
lhs_062,oracle_mpc,2820.0,0.7139449624247126,0.7154436883863053,0.0,4.011446195437608,32.93505045464395,False,False,False,True,0.0,False,False,False,False,phase5b0_oracle_mpc
lhs_062,oracle_mpc,2825.0,0.7144907425561319,0.7158187755725146,2.0,4.054734397962434,32.897410723134776,True,True,True,False,1.1062397999994573,True,False,False,True,phase5b0_oracle_mpc
lhs_062,oracle_mpc,2830.0,0.7155823028189704,0.7154310219140011,3.999999999999998,4.103238083635409,32.891566718609795,True,True,True,False,0.5723046000002796,True,False,False,True,phase5b0_oracle_mpc
lhs_062,oracle_mpc,2835.0,0.7167939156324661,0.7165047325962711,4.439930088129081,4.119902083602227,32.897055264860256,True,True,True,False,0.24188560000038706,True,False,False,False,phase5b0_oracle_mpc
lhs_062,oracle_mpc,2840.0,0.7180055284459618,0.7185551062954177,4.439930088129081,4.126159801115294,32.9047649132064,False,True,True,False,0.0,False,False,False,False,phase5b0_oracle_mpc
lhs_062,oracle_mpc,2845.0,0.7192171412594575,0.7185021511218133,4.439930088129081,4.131264909489509,32.914161332079544,False,True,True,False,0.0,False,False,False,False,phase5b0_oracle_mpc
lhs_062,oracle_mpc,2850.0,0.7204287540729531,0.7205328013386979,4.439930088129081,4.135508796518829,32.92484563282667,False,True,True,False,0.0,False,False,False,False,phase5b0_oracle_mpc
lhs_062,oracle_mpc,2855.0,0.7216403668864488,0.7214748318970019,4.439930088129081,4.139107928801316,32.93651952603339,False,True,True,False,0.0,False,False,False,False,phase5b0_oracle_mpc
lhs_062,oracle_mpc,2860.0,0.7227568703944367,0.7216477599495956,4.091404005801855,4.134165126758934,32.94111472958546,True,True,True,False,0.1022765999996409,True,False,False,False,phase5b0_oracle_mpc
lhs_062,oracle_mpc,2865.0,0.7238733739024246,0.7224639656151592,4.091404005801855,4.136083469544786,32.9460042025298,False,True,True,False,0.0,False,False,False,False,phase5b0_oracle_mpc
lhs_062,oracle_mpc,2870.0,0.7249898774104124,0.7227106887595812,4.091404005801855,4.137880084324299,32.951136673646026,False,True,True,False,0.0,False,False,False,False,phase5b0_oracle_mpc
lhs_062,oracle_mpc,2875.0,0.7261063809184003,0.7239850953548984,4.091404005801855,4.139582817062722,32.9564727772822,False,True,True,False,0.0,False,False,False,False,phase5b0_oracle_mpc
lhs_062,oracle_mpc,2880.0,0.7272228844263882,0.724626915094506,4.091404005801855,4.141212441727381,32.9619820500331,False,True,True,False,0.0,False,False,False,False,phase5b0_oracle_mpc
lhs_062,oracle_mpc,2885.0,0.7282706645024117,0.7261670438164419,3.8395684111802666,4.1369624222714,32.96217981023435,True,True,True,False,0.10817929999939224,True,False,False,False,phase5b0_oracle_mpc
lhs_062,oracle_mpc,2890.0,0.7293184445784353,0.7273415646182343,3.8395684111802666,4.137887371316371,32.96232873614877,False,True,True,False,0.0,False,False,False,False,phase5b0_oracle_mpc
lhs_062,oracle_mpc,2895.0,0.7303662246544589,0.7282287332377072,3.8395684111802666,4.1388861322943535,32.96245902123136,False,True,True,False,0.0,False,False,False,False,phase5b0_oracle_mpc
lhs_062,oracle_mpc,2900.0,0.7314140047304825,0.7286181916431318,3.8395684111802666,4.139937595827908,32.96259236315787,False,True,True,False,0.0,False,False,False,False,phase5b0_oracle_mpc
lhs_062,oracle_mpc,2905.0,0.732461784806506,0.730317534487039,3.8395684111802666,4.141026150325972,32.96274419067697,False,True,True,False,0.0,False,False,False,False,phase5b0_oracle_mpc
lhs_062,oracle_mpc,2910.0,0.7334454002731056,0.7324384094184347,3.604438527440318,4.136704822877472,32.95804158802554,True,True,True,False,0.1109918000001926,True,False,False,False,phase5b0_oracle_mpc
lhs_062,oracle_mpc,2915.0,0.7344290157397051,0.7340794605140247,3.604438527440318,4.137275140648367,32.953225695255774,False,True,True,False,0.0,False,False,False,False,phase5b0_oracle_mpc
lhs_062,oracle_mpc,2920.0,0.7354126312063046,0.7350510483367753,3.604438527440318,4.137959933831881,32.94833994791752,False,True,True,False,0.0,False,False,False,False,phase5b0_oracle_mpc
lhs_062,oracle_mpc,2925.0,0.7363962466729042,0.7350433623751459,3.604438527440318,4.138728767935316,32.943416287931115,False,True,True,False,0.0,False,False,False,False,phase5b0_oracle_mpc
lhs_062,oracle_mpc,2930.0,0.7373798621395037,0.7362753874523245,3.604438527440318,4.139559072123058,32.9384781459082,False,True,True,False,0.0,False,False,False,False,phase5b0_oracle_mpc
lhs_062,oracle_mpc,2935.0,0.7383331463415144,0.7368587865694111,3.493290235874797,4.137864906599165,32.93131792759287,True,True,True,False,0.10895589999927324,True,False,False,False,phase5b0_oracle_mpc
lhs_062,oracle_mpc,2940.0,0.739286430543525,0.7383645660308509,3.493290235874797,4.138507341118637,32.9241055622886,False,True,True,False,0.0,False,False,False,False,phase5b0_oracle_mpc
lhs_062,oracle_mpc,2945.0,0.7402397147455357,0.7397430115794352,3.493290235874797,4.139221930940007,32.91686755345516,False,True,True,False,0.0,False,False,False,False,phase5b0_oracle_mpc
lhs_062,oracle_mpc,2950.0,0.7411929989475464,0.7400463280213878,3.493290235874797,4.139989660369565,32.909623447911734,False,True,True,False,0.0,False,False,False,False,phase5b0_oracle_mpc
lhs_062,oracle_mpc,2955.0,0.7421462831495571,0.7405212153475856,3.493290235874797,4.140796417985537,32.90238763609802,False,True,True,False,0.0,False,False,False,False,phase5b0_oracle_mpc
lhs_062,oracle_mpc,2960.0,0.7430708735618584,0.740700024119814,3.3881424371276494,4.1392013990535,32.893117131333355,True,True,True,False,0.11836409999978059,True,False,False,False,phase5b0_oracle_mpc
lhs_062,oracle_mpc,2965.0,0.7439954639741597,0.741046270045052,3.3881424371276494,4.139807034679747,32.8838117151154,False,True,True,False,0.0,False,False,False,False,phase5b0_oracle_mpc
lhs_062,oracle_mpc,2970.0,0.744920054386461,0.7429058248843096,3.3881424371276494,4.140474057718785,32.87449316795974,False,True,True,False,0.0,False,False,False,False,phase5b0_oracle_mpc
lhs_062,oracle_mpc,2975.0,0.7458446447987623,0.744422826054137,3.3881424371276494,4.141186639277846,32.865177653313395,False,True,True,False,0.0,False,False,False,False,phase5b0_oracle_mpc
lhs_062,oracle_mpc,2980.0,0.7467692352110636,0.7460637460764704,3.3881424371276494,4.141933020179568,32.85587716737758,False,True,True,False,0.0,False,False,False,False,phase5b0_oracle_mpc
lhs_062,oracle_mpc,2985.0,0.7476595269758523,0.7466436199910131,3.2624557529182234,4.139799601937622,32.844211241246995,True,True,True,False,0.10486390000005485,True,False,False,False,phase5b0_oracle_mpc
lhs_062,oracle_mpc,2990.0,0.7485498187406409,0.7473664275736893,3.2624557529182234,4.140290415753646,32.83250560056463,False,True,True,False,0.0,False,False,False,False,phase5b0_oracle_mpc
lhs_062,oracle_mpc,2995.0,0.7494401105054295,0.7483945117874301,3.2624557529182234,4.140850383624102,32.82078374109551,False,True,True,False,0.0,False,False,False,False,phase5b0_oracle_mpc
lhs_062,oracle_mpc,3000.0,0.7503304022702181,0.7483755007356474,3.2624557529182234,4.141462101396614,32.80906321060287,False,True,True,False,0.0,False,False,False,False,phase5b0_oracle_mpc
lhs_062,oracle_mpc,3005.0,0.7512206940350067,0.7488545083865682,3.2624557529182234,4.142112626949645,32.79735714021262,False,True,True,False,0.0,False,False,False,False,phase5b0_oracle_mpc
lhs_062,oracle_mpc,3010.0,0.752082797648046,0.7494175805179881,3.159160854014586,4.140405146193995,32.78376804528369,True,True,True,False,0.07653389999995852,True,False,False,False,phase5b0_oracle_mpc
lhs_062,oracle_mpc,3015.0,0.7529449012610853,0.7502074543420378,3.159160854014586,4.14086112473911,32.77015529072754,False,True,True,False,0.0,False,False,False,False,phase5b0_oracle_mpc
lhs_062,oracle_mpc,3020.0,0.7538070048741246,0.7519442277769134,3.159160854014586,4.141379312658072,32.75653922591923,False,True,True,False,0.0,False,False,False,False,phase5b0_oracle_mpc
lhs_062,oracle_mpc,3025.0,0.7546691084871638,0.7525083363417879,3.159160854014586,4.141944373617391,32.74293512564298,False,True,True,False,0.0,False,False,False,False,phase5b0_oracle_mpc
lhs_062,oracle_mpc,3030.0,0.7555312121002031,0.7539300114165652,3.159160854014586,4.1425448915929985,32.729354492550286,False,True,True,False,0.0,False,False,False,False,phase5b0_oracle_mpc
lhs_062,oracle_mpc,3035.0,0.7563712560583116,0.7540449706514654,3.078323704910293,4.141304305355746,32.714351080237705,True,True,True,False,0.08686259999922186,True,False,False,False,phase5b0_oracle_mpc
lhs_062,oracle_mpc,3040.0,0.75721130001642,0.7544718951865108,3.078323704910293,4.141760196142556,32.69934438876487,False,True,True,False,0.0,False,False,False,False,phase5b0_oracle_mpc
lhs_062,oracle_mpc,3045.0,0.7580513439745284,0.7551740252723397,3.078323704910293,4.142267598826357,32.684350719693725,False,True,True,False,0.0,False,False,False,False,phase5b0_oracle_mpc
lhs_062,oracle_mpc,3050.0,0.7588913879326369,0.7565699059832863,3.078323704910293,4.142814086433924,32.66938236864567,False,True,True,False,0.0,False,False,False,False,phase5b0_oracle_mpc
lhs_062,oracle_mpc,3055.0,0.7597314318907453,0.7574266508251516,3.078323704910293,4.143390397786321,32.6544486500361,False,True,True,False,0.0,False,False,False,False,phase5b0_oracle_mpc
lhs_062,oracle_mpc,3060.0,0.7605358215779505,0.7569108414286749,2.9476693668324,4.140970539502401,32.63727197319042,True,True,True,False,0.07797349999964354,True,False,False,False,phase5b0_oracle_mpc
lhs_062,oracle_mpc,3065.0,0.7613402112651557,0.7581497327025057,2.9476693668324,4.141277077935986,32.6200777275315,False,True,True,False,0.0,False,False,False,False,phase5b0_oracle_mpc
lhs_062,oracle_mpc,3070.0,0.7621446009523609,0.7588428891212107,2.9476693668324,4.141655102555871,32.602887554288785,False,True,True,False,0.0,False,False,False,False,phase5b0_oracle_mpc
lhs_062,oracle_mpc,3075.0,0.7629489906395661,0.7597321280730622,2.9476693668324,4.142087355017068,32.58571776556591,False,True,True,False,0.0,False,False,False,False,phase5b0_oracle_mpc
lhs_062,oracle_mpc,3080.0,0.7637533803267713,0.7610352315023758,2.9476693668324,4.1425609779117485,32.56858070955141,False,True,True,False,0.0,False,False,False,False,phase5b0_oracle_mpc
lhs_062,oracle_mpc,3085.0,0.7645407186380818,0.7608178155685169,2.885184952640692,4.141622618083602,32.550425399091395,True,True,True,False,1.1161311999994723,True,False,False,False,phase5b0_oracle_mpc
lhs_062,oracle_mpc,3090.0,0.7653280569493923,0.761962626288332,2.885184952640692,4.142004266184525,32.53228935487763,False,True,True,False,0.0,False,False,False,False,phase5b0_oracle_mpc
lhs_062,oracle_mpc,3095.0,0.7661153952607028,0.7634983629223541,2.885184952640692,4.142432722807518,32.514186246718495,False,True,True,False,0.0,False,False,False,False,phase5b0_oracle_mpc
lhs_062,oracle_mpc,3100.0,0.7669027335720133,0.7639592699648137,2.885184952640692,4.142897103960293,32.4961264571928,False,True,True,False,0.0,False,False,False,False,phase5b0_oracle_mpc
lhs_062,oracle_mpc,3105.0,0.7676900718833238,0.7647548447104126,2.885184952640692,4.143389283616037,32.47811791796743,False,True,True,False,0.0,False,False,False,False,phase5b0_oracle_mpc
lhs_062,oracle_mpc,3110.0,0.7684218477022975,0.7653729082658292,2.681577348998706,4.13919891488848,32.45683840126633,True,True,True,False,1.2913609000006545,True,False,False,False,phase5b0_oracle_mpc
lhs_062,oracle_mpc,3115.0,0.7691536235212711,0.7663265228026582,2.681577348998706,4.139246774637371,32.435530546137066,False,True,True,False,0.0,False,False,False,False,phase5b0_oracle_mpc
lhs_062,oracle_mpc,3120.0,0.7698853993402448,0.7668796456789401,2.681577348998706,4.139398135246044,32.41422276702855,False,True,True,False,0.0,False,False,False,False,phase5b0_oracle_mpc
lhs_062,oracle_mpc,3125.0,0.7706171751592185,0.769484720969729,2.681577348998706,4.139628041835212,32.39293646677819,False,True,True,False,0.0,False,False,False,False,phase5b0_oracle_mpc
lhs_062,oracle_mpc,3130.0,0.7713489509781921,0.7698040172562347,2.681577348998706,4.139917906623924,32.371687834504634,False,True,True,False,0.0,False,False,False,False,phase5b0_oracle_mpc
lhs_062,oracle_mpc,3135.0,0.7720109568266211,0.7713219969794843,2.425906735401124,4.134347038620252,32.34658533054016,True,True,True,False,1.4064527999998973,True,False,False,False,phase5b0_oracle_mpc
lhs_062,oracle_mpc,3140.0,0.7726729626750501,0.7725556070811829,2.425906735401124,4.134112310295497,32.32144322344229,False,True,True,False,0.0,False,False,False,False,phase5b0_oracle_mpc
lhs_062,oracle_mpc,3145.0,0.7733349685234792,0.7735733835762582,2.425906735401124,4.134018293247684,32.29629640495901,False,True,True,False,0.0,False,False,False,False,phase5b0_oracle_mpc
lhs_062,oracle_mpc,3150.0,0.7739969743719082,0.774668547765694,2.425906735401124,4.13403109376039,32.27117115187905,False,True,True,False,0.0,False,False,False,False,phase5b0_oracle_mpc
lhs_062,oracle_mpc,3155.0,0.7746589802203372,0.7751018756932758,2.425906735401124,4.134125468183142,32.246087335110545,False,True,True,False,0.0,False,False,False,False,phase5b0_oracle_mpc
lhs_062,oracle_mpc,3160.0,0.775319634102625,0.7765233685439354,2.420952483447652,4.134168142931978,32.220988273611354,True,True,True,False,1.3954118000001472,True,False,False,False,phase5b0_oracle_mpc
lhs_062,oracle_mpc,3165.0,0.7759802879849129,0.7778724451072938,2.420952483447652,4.134362230623523,32.19595538568901,False,True,True,False,0.0,False,False,False,False,phase5b0_oracle_mpc
lhs_062,oracle_mpc,3170.0,0.7766409418672008,0.7770337159991519,2.420952483447652,4.134596701933794,32.170998070148606,False,True,True,False,0.0,False,False,False,False,phase5b0_oracle_mpc
lhs_062,oracle_mpc,3175.0,0.7773015957494886,0.7780072515586095,2.420952483447652,4.134863140779707,32.14612359680806,False,True,True,False,0.0,False,False,False,False,phase5b0_oracle_mpc
lhs_062,oracle_mpc,3180.0,0.7779622496317765,0.7788943625135483,2.420952483447652,4.135155227897042,32.121337638087226,False,True,True,False,0.0,False,False,False,False,phase5b0_oracle_mpc
lhs_062,oracle_mpc,3185.0,0.7786077387038242,0.7791591051742108,2.365381350065267,4.134184460324472,32.09585447081261,True,True,True,False,0.9235542000005807,True,False,False,False,phase5b0_oracle_mpc
lhs_062,oracle_mpc,3190.0,0.7792532277758718,0.780282341039744,2.365381350065267,4.134383040987585,32.07044649253486,False,True,True,False,0.0,False,False,False,False,phase5b0_oracle_mpc
lhs_062,oracle_mpc,3195.0,0.7798987168479194,0.7800751677857377,2.365381350065267,4.134620664636347,32.04512251289091,False,True,True,False,0.0,False,False,False,False,phase5b0_oracle_mpc
lhs_062,oracle_mpc,3200.0,0.7805442059199671,0.7810409532983432,2.365381350065267,4.13488912968054,32.01988931254228,False,True,True,False,0.0,False,False,False,False,phase5b0_oracle_mpc
lhs_062,oracle_mpc,3205.0,0.7811896949920147,0.7815199417919197,2.365381350065267,4.1351822806824545,31.994752152360874,False,True,True,False,0.0,False,False,False,False,phase5b0_oracle_mpc
lhs_062,oracle_mpc,3210.0,0.7818211060862365,0.7817000459990451,2.313792891579989,4.134303805157525,31.968999504493773,True,True,True,False,0.7517647000004217,True,False,False,False,phase5b0_oracle_mpc
lhs_062,oracle_mpc,3215.0,0.7824525171804582,0.7818599642500177,2.313792891579989,4.134511373102522,31.943330816438788,False,True,True,False,0.0,False,False,False,False,phase5b0_oracle_mpc
lhs_062,oracle_mpc,3220.0,0.7830839282746799,0.7834693247364504,2.313792891579989,4.134755566630525,31.917754082346374,False,True,True,False,0.0,False,False,False,False,phase5b0_oracle_mpc
lhs_062,oracle_mpc,3225.0,0.7837153393689016,0.7836146993880199,2.313792891579989,4.135028682818052,31.892275432936344,False,True,True,False,0.0,False,False,False,False,phase5b0_oracle_mpc
lhs_062,oracle_mpc,3230.0,0.7843467504631233,0.784239279008767,2.313792891579989,4.13532494074864,31.86689960332012,False,True,True,False,0.0,False,False,False,False,phase5b0_oracle_mpc
lhs_062,oracle_mpc,3235.0,0.7849436231649911,0.7857632569023256,2.1872276673600153,4.132716516053922,31.839934119191703,True,True,True,False,0.7268682000003537,True,False,False,False,phase5b0_oracle_mpc
lhs_062,oracle_mpc,3240.0,0.7855404958668589,0.7859328637489272,2.1872276673600153,4.132747449026427,31.81303312097288,False,True,True,False,0.0,False,False,False,False,phase5b0_oracle_mpc
lhs_062,oracle_mpc,3245.0,0.7861373685687267,0.7867115249804034,2.1872276673600153,4.132847166682073,31.786211411430852,False,True,True,False,0.0,False,False,False,False,phase5b0_oracle_mpc
lhs_062,oracle_mpc,3250.0,0.7867342412705945,0.7869035141267451,2.1872276673600153,4.132999851956077,31.75948017150815,False,True,True,False,0.0,False,False,False,False,phase5b0_oracle_mpc
lhs_062,oracle_mpc,3255.0,0.7873311139724624,0.7872154146709702,2.1872276673600153,4.133193695586721,31.73284788336316,False,True,True,False,0.0,False,False,False,False,phase5b0_oracle_mpc
lhs_062,oracle_mpc,3260.0,0.7879555045838796,0.7870548439508199,2.288066477589118,4.135748983017886,31.707649028416746,True,True,True,False,0.7274883000000045,True,False,False,False,phase5b0_oracle_mpc
lhs_062,oracle_mpc,3265.0,0.7885798951952969,0.7876124318145309,2.288066477589118,4.136239460550605,31.682598170738004,False,True,True,False,0.0,False,False,False,False,phase5b0_oracle_mpc
lhs_062,oracle_mpc,3270.0,0.7892042858067142,0.788276722251221,2.288066477589118,4.136706224441376,31.657688774771156,False,True,True,False,0.0,False,False,False,False,phase5b0_oracle_mpc
lhs_062,oracle_mpc,3275.0,0.7898286764181315,0.7879965142675073,2.288066477589118,4.137156601901159,31.63291606865255,False,True,True,False,0.0,False,False,False,False,phase5b0_oracle_mpc
lhs_062,oracle_mpc,3280.0,0.7904530670295488,0.788432933411163,2.288066477589118,4.137595986194049,31.60827657678558,False,True,True,False,0.0,False,False,False,False,phase5b0_oracle_mpc
lhs_062,oracle_mpc,3285.0,0.7910752747336744,0.7890895940338573,2.2800672589810413,4.137843584571816,31.583661357552508,True,True,True,False,0.5100284999998621,True,False,False,False,phase5b0_oracle_mpc
lhs_062,oracle_mpc,3290.0,0.7916974824378001,0.7894697158330625,2.2800672589810413,4.138252879342196,31.559171922997418,False,True,True,False,0.0,False,False,False,False,phase5b0_oracle_mpc
lhs_062,oracle_mpc,3295.0,0.7923196901419258,0.7901134645318416,2.2800672589810413,4.1386636708640845,31.534807796017713,False,True,True,False,0.0,False,False,False,False,phase5b0_oracle_mpc
lhs_062,oracle_mpc,3300.0,0.7929418978460515,0.7911857350101205,2.2800672589810413,4.139076605583829,31.510568658245973,False,True,True,False,0.0,False,False,False,False,phase5b0_oracle_mpc
lhs_062,oracle_mpc,3305.0,0.7935641055501772,0.7928557850151149,2.2800672589810413,4.139492123898353,31.486454301242663,False,True,True,False,0.0,False,False,False,False,phase5b0_oracle_mpc
lhs_062,oracle_mpc,3310.0,0.7940268429181058,0.7926300140719196,1.6956915112512805,4.126414291087306,31.455373186678862,True,True,True,False,0.07444680000025983,False,False,False,False,phase5b0_oracle_mpc
lhs_062,oracle_mpc,3315.0,0.7944895802860343,0.792986068247083,1.6956915112512805,4.125454331125175,31.424259275097967,False,True,True,False,0.0,False,False,False,False,phase5b0_oracle_mpc
lhs_062,oracle_mpc,3320.0,0.7949523176539629,0.7933239309926209,1.6956915112512805,4.124755052211697,31.39315766793502,False,True,True,False,0.0,False,False,False,False,phase5b0_oracle_mpc
lhs_062,oracle_mpc,3325.0,0.7954150550218915,0.7946347878730391,1.6956915112512805,4.12425227913719,31.362102059171658,False,True,True,False,0.0,False,False,False,False,phase5b0_oracle_mpc
lhs_062,oracle_mpc,3330.0,0.79587779238982,0.794149827806894,1.6956915112512805,4.123898271968037,31.33111767549196,False,True,True,False,0.0,False,False,False,False,phase5b0_oracle_mpc
lhs_062,oracle_mpc,3335.0,0.7962613881456109,0.794213617348364,1.4056787109246478,4.116959856999402,31.297313047785174,True,True,True,False,0.06964229999994132,False,False,False,False,phase5b0_oracle_mpc
lhs_062,oracle_mpc,3340.0,0.7966449839014017,0.7947329674842762,1.4056787109246478,4.116120489717926,31.263560568770657,False,True,True,False,0.0,False,False,False,False,phase5b0_oracle_mpc
lhs_062,oracle_mpc,3345.0,0.7970285796571925,0.7951396468665837,1.4056787109246478,4.11547591382516,31.229887600774035,False,True,True,False,0.0,False,False,False,False,phase5b0_oracle_mpc
lhs_062,oracle_mpc,3350.0,0.7974121754129834,0.7964478252167639,1.4056787109246478,4.114979514933028,31.196314644427055,False,True,True,False,0.0,False,False,False,False,phase5b0_oracle_mpc
lhs_062,oracle_mpc,3355.0,0.7977957711687742,0.7981712171183644,1.4056787109246478,4.114596569621747,31.162857097718955,False,True,True,False,0.0,False,False,False,False,phase5b0_oracle_mpc
lhs_062,oracle_mpc,3360.0,0.7979449222208521,0.7982156770601423,0.5465609445695295,4.094461054178109,31.12310653011774,True,True,True,False,0.07072390000030282,False,False,False,False,phase5b0_oracle_mpc
lhs_062,oracle_mpc,3365.0,0.79809407327293,0.7979810262515644,0.5465609445695295,4.092204147762651,31.083477912169627,False,True,True,False,0.0,False,False,False,False,phase5b0_oracle_mpc
lhs_062,oracle_mpc,3370.0,0.7982432243250079,0.797052547497309,0.5465609445695295,4.090379441894735,31.04399442080251,False,True,True,False,0.0,False,False,False,False,phase5b0_oracle_mpc
lhs_062,oracle_mpc,3375.0,0.7983923753770859,0.7972698384263869,0.5465609445695295,4.088881693663375,31.004673199187717,False,True,True,False,0.0,False,False,False,False,phase5b0_oracle_mpc
lhs_062,oracle_mpc,3380.0,0.7985415264291638,0.7977532595123752,0.5465609445695295,4.087632576266397,30.96552691807614,False,True,True,False,0.0,False,False,False,False,phase5b0_oracle_mpc
lhs_062,oracle_mpc,3385.0,0.7987368460825621,0.7977543189978155,0.71574482893114,4.0904807739501186,30.92747206551318,True,True,True,False,0.9930846000006568,False,False,False,False,phase5b0_oracle_mpc
lhs_062,oracle_mpc,3390.0,0.7989321657359605,0.7975395776091955,0.71574482893114,4.0899684226488615,30.889611706878416,False,True,True,False,0.0,False,False,False,False,phase5b0_oracle_mpc
lhs_062,oracle_mpc,3395.0,0.7991274853893588,0.7975791526447145,0.71574482893114,4.089495877126007,30.851947334505063,False,True,True,False,0.0,False,False,False,False,phase5b0_oracle_mpc
lhs_062,oracle_mpc,3400.0,0.7993228050427572,0.7976010624968426,0.71574482893114,4.089057442328263,30.814480024829844,False,True,True,False,0.0,False,False,False,False,phase5b0_oracle_mpc
lhs_062,oracle_mpc,3405.0,0.7995181246961556,0.7972413477275694,0.71574482893114,4.088648737241143,30.777210533788676,False,True,True,False,0.0,False,False,False,False,phase5b0_oracle_mpc
lhs_062,oracle_mpc,3410.0,0.7997628142964159,0.7972610138401315,0.8966599777975636,4.092444229615847,30.74117815859627,True,True,True,False,1.0589710000003834,False,False,False,False,phase5b0_oracle_mpc
lhs_062,oracle_mpc,3415.0,0.8000075038966763,0.7973489862949739,0.8966599777975636,4.092512835464091,30.70536350878112,False,True,True,False,0.0,False,False,False,False,phase5b0_oracle_mpc
lhs_062,oracle_mpc,3420.0,0.8002521934969367,0.7982003878171194,0.8966599777975636,4.092523298526864,30.669759725573684,False,True,True,False,0.0,False,False,False,False,phase5b0_oracle_mpc
lhs_062,oracle_mpc,3425.0,0.800496883097197,0.7986015133493606,0.8966599777975636,4.092493791315421,30.634361666379966,False,True,True,False,0.0,False,False,False,False,phase5b0_oracle_mpc
lhs_062,oracle_mpc,3430.0,0.8007415726974574,0.7985903977977155,0.8966599777975636,4.0924376952754296,30.599165451743534,False,True,True,False,0.0,False,False,False,False,phase5b0_oracle_mpc
lhs_062,oracle_mpc,3435.0,0.8009165856463951,0.7983064266569712,0.6413313305582431,4.086468660737544,30.56276068463265,True,True,True,False,0.06935900000007678,False,False,False,False,phase5b0_oracle_mpc
lhs_062,oracle_mpc,3440.0,0.8010915985953329,0.7988867126780761,0.6413313305582431,4.085783272087452,30.526533403542945,False,True,True,False,0.0,False,False,False,False,phase5b0_oracle_mpc
