scenario_id,controller,time_s,true_soc,estimated_soc,charge_current_a,terminal_voltage_v,true_average_temperature_c,control_decision_updated,optimizer_success,prediction_feasible,used_fallback,solve_time_s,active_voltage_constraint,active_temperature_constraint,active_current_upper_constraint,active_current_change_constraint,source
lhs_046,nominal_mpc,0.0,0.24162071983732325,0.24162071983732325,0.0,3.5302727226432076,29.288897488813358,False,True,True,False,0.0,False,False,False,False,phase5b0_nominal_mpc
lhs_046,nominal_mpc,5.0,0.24214057564176536,0.24113935370261902,1.9999999999999967,3.5829616449158164,29.296442033094017,True,True,True,False,1.100930500000004,False,True,False,True,phase5b0_nominal_mpc
lhs_046,nominal_mpc,10.0,0.2431802872506496,0.24096786650359986,3.999999999999996,3.6410072487435006,29.32827888031693,True,True,True,False,0.5050608000000238,False,True,False,True,phase5b0_nominal_mpc
lhs_046,nominal_mpc,15.0,0.24473985466397596,0.24145601124414703,5.999999999999995,3.703382963770236,29.403058172866814,True,True,True,False,0.5412582999999813,False,True,False,True,phase5b0_nominal_mpc
lhs_046,nominal_mpc,20.0,0.2464846200677463,0.24284585847541915,6.712497538207593,3.73540441430475,29.502186515821364,True,True,True,False,0.7508109000000331,False,True,False,False,phase5b0_nominal_mpc
lhs_046,nominal_mpc,25.0,0.24822938547151663,0.2443676549367034,6.712497538207593,3.748198287117295,29.607173617408314,False,True,True,False,0.0,False,False,False,False,phase5b0_nominal_mpc
lhs_046,nominal_mpc,30.0,0.24997415087528696,0.24648386092605917,6.712497538207593,3.75885045241277,29.716698684856297,False,True,True,False,0.0,False,False,False,False,phase5b0_nominal_mpc
lhs_046,nominal_mpc,35.0,0.2517189162790573,0.24768103937196648,6.712497538207593,3.7678886533487517,29.829768959378246,False,True,True,False,0.0,False,False,False,False,phase5b0_nominal_mpc
lhs_046,nominal_mpc,40.0,0.2534636816828276,0.24916214865306893,6.712497538207593,3.775704587066113,29.945634994974036,False,True,True,False,0.0,False,False,False,False,phase5b0_nominal_mpc
lhs_046,nominal_mpc,45.0,0.25499443401211697,0.2520974839809691,5.889142012878223,3.7609095082035093,30.03956385583883,True,True,True,False,0.6406974000000218,False,True,False,False,phase5b0_nominal_mpc
lhs_046,nominal_mpc,50.0,0.2565251863414063,0.2546949438106651,5.889142012878223,3.7648855024670427,30.134093623901325,False,True,True,False,0.0,False,False,False,False,phase5b0_nominal_mpc
lhs_046,nominal_mpc,55.0,0.25805593867069565,0.25576237294289217,5.889142012878223,3.768728979614481,30.22915922313232,False,True,True,False,0.0,False,False,False,False,phase5b0_nominal_mpc
lhs_046,nominal_mpc,60.0,0.259586690999985,0.2574554343876282,5.889142012878223,3.772454404927678,30.32470313601306,False,True,True,False,0.0,False,False,False,False,phase5b0_nominal_mpc
lhs_046,nominal_mpc,65.0,0.26111744332927433,0.25935294379247026,5.889142012878223,3.776073268080188,30.420673849188276,False,True,True,False,0.0,False,False,False,False,phase5b0_nominal_mpc
lhs_046,nominal_mpc,70.0,0.2625060724518432,0.2610131446408365,5.3423626732765435,3.765200107028904,30.50187375025068,True,True,True,False,0.5687322999999651,False,True,False,False,phase5b0_nominal_mpc
lhs_046,nominal_mpc,75.0,0.2638947015744121,0.26278978666724045,5.3423626732765435,3.767176995469008,30.58279672641457,False,True,True,False,0.0,False,False,False,False,phase5b0_nominal_mpc
lhs_046,nominal_mpc,80.0,0.26528333069698096,0.2637719063286271,5.3423626732765435,3.7693496517199465,30.6635445047833,False,True,True,False,0.0,False,False,False,False,phase5b0_nominal_mpc
lhs_046,nominal_mpc,85.0,0.26667195981954983,0.26524916409530036,5.3423626732765435,3.771653230979607,30.744186462672406,False,True,True,False,0.0,False,False,False,False,phase5b0_nominal_mpc
lhs_046,nominal_mpc,90.0,0.2680605889421187,0.26669038293156716,5.3423626732765435,3.7740403095536728,30.824768300735013,False,True,True,False,0.0,False,False,False,False,phase5b0_nominal_mpc
lhs_046,nominal_mpc,95.0,0.2694004957241289,0.26725916596004573,5.154917077238746,3.7715419872386473,30.90031295110005,True,True,True,False,0.4002669999999853,False,True,False,False,phase5b0_nominal_mpc
lhs_046,nominal_mpc,100.0,0.27074040250613907,0.2687490772873707,5.154917077238746,3.773503406961908,30.975650294548423,False,True,True,False,0.0,False,False,False,False,phase5b0_nominal_mpc
lhs_046,nominal_mpc,105.0,0.27208030928814925,0.2691553489684807,5.154917077238746,3.7755662868716255,31.05083234646475,False,True,True,False,0.0,False,False,False,False,phase5b0_nominal_mpc
lhs_046,nominal_mpc,110.0,0.2734202160701594,0.2708966623232762,5.154917077238746,3.777693738286689,31.12589330939042,False,True,True,False,0.0,False,False,False,False,phase5b0_nominal_mpc
lhs_046,nominal_mpc,115.0,0.2747601228521696,0.2725787528766585,5.154917077238746,3.7798589173212087,31.200854387756188,False,True,True,False,0.0,False,False,False,False,phase5b0_nominal_mpc
lhs_046,nominal_mpc,120.0,0.27598062154493835,0.27318361605076846,4.695527807286853,3.7699495054863448,31.26385844919238,True,True,True,False,0.38448199999999133,False,True,False,False,phase5b0_nominal_mpc
lhs_046,nominal_mpc,125.0,0.2772011202377071,0.2734716849144666,4.695527807286853,3.7709153843655527,31.326360380235794,False,True,True,False,0.0,False,False,False,False,phase5b0_nominal_mpc
lhs_046,nominal_mpc,130.0,0.27842161893047584,0.27461254312894434,4.695527807286853,3.772109568267102,31.388461860953313,False,True,True,False,0.0,False,False,False,False,phase5b0_nominal_mpc
lhs_046,nominal_mpc,135.0,0.2796421176232446,0.27643164308926105,4.695527807286853,3.773466156174226,31.45023572559008,False,True,True,False,0.0,False,False,False,False,phase5b0_nominal_mpc
lhs_046,nominal_mpc,140.0,0.28086261631601334,0.2763671086293889,4.695527807286853,3.774936685875227,31.511733589788093,False,True,True,False,0.0,False,False,False,False,phase5b0_nominal_mpc
lhs_046,nominal_mpc,145.0,0.2819742904399395,0.27725118824765504,4.276855675850954,3.76546402451863,31.562840134519924,True,True,True,False,0.3908996999999772,False,True,False,False,phase5b0_nominal_mpc
lhs_046,nominal_mpc,150.0,0.28308596456386564,0.27758008359537517,4.276855675850954,3.7659508948043734,31.613399042896212,False,True,True,False,0.0,False,False,False,False,phase5b0_nominal_mpc
lhs_046,nominal_mpc,155.0,0.2841976386877918,0.2776956223224132,4.276855675850954,3.766684046334461,31.66350942484697,False,True,True,False,0.0,False,False,False,False,phase5b0_nominal_mpc
lhs_046,nominal_mpc,160.0,0.28530931281171795,0.2785739334049943,4.276855675850954,3.767595971379563,31.713243503404584,False,True,True,False,0.0,False,False,False,False,phase5b0_nominal_mpc
lhs_046,nominal_mpc,165.0,0.2864209869356441,0.28144099843541903,4.276855675850954,3.7686369033560805,31.76265368007231,False,True,True,False,0.0,False,False,False,False,phase5b0_nominal_mpc
lhs_046,nominal_mpc,170.0,0.2874981564073212,0.28317735687832263,4.144108664259516,3.7662753140520895,31.808707128892,True,True,True,False,0.14267569999998386,False,True,False,False,phase5b0_nominal_mpc
lhs_046,nominal_mpc,175.0,0.28857532587899826,0.2831274737308116,4.144108664259516,3.7671203392542854,31.854402251163243,False,True,True,False,0.0,False,False,False,False,phase5b0_nominal_mpc
lhs_046,nominal_mpc,180.0,0.28965249535067533,0.2854788850436581,4.144108664259516,3.768078498886994,31.899783467859947,False,True,True,False,0.0,False,False,False,False,phase5b0_nominal_mpc
lhs_046,nominal_mpc,185.0,0.2907296648223524,0.28723308152405186,4.144108664259516,3.76911831550326,31.94488301651723,False,True,True,False,0.0,False,False,False,False,phase5b0_nominal_mpc
lhs_046,nominal_mpc,190.0,0.2918068342940295,0.2874167690250461,4.144108664259516,3.770216642414451,31.989724161164993,False,True,True,False,0.0,False,False,False,False,phase5b0_nominal_mpc
lhs_046,nominal_mpc,195.0,0.2927785663185201,0.2882457650091067,3.7384675372949987,3.7606756118749924,32.02534766403807,True,True,True,False,0.5183115000000384,False,True,False,False,phase5b0_nominal_mpc
lhs_046,nominal_mpc,200.0,0.29375029834301075,0.2900742177712383,3.7384675372949987,3.7607621843349905,32.060470342679544,False,True,True,False,0.0,False,False,False,False,phase5b0_nominal_mpc
lhs_046,nominal_mpc,205.0,0.2947220303675014,0.2905738203867464,3.7384675372949987,3.7610747714420762,32.09517106457659,False,True,True,False,0.0,False,False,False,False,phase5b0_nominal_mpc
lhs_046,nominal_mpc,210.0,0.295693762391992,0.29126913719502184,3.7384675372949987,3.761554748970258,32.12950829335359,False,True,True,False,0.0,False,False,False,False,phase5b0_nominal_mpc
lhs_046,nominal_mpc,215.0,0.29666549441648266,0.29261239532881156,3.7384675372949987,3.7621587918888757,32.16352541901753,False,True,True,False,0.0,False,False,False,False,phase5b0_nominal_mpc
lhs_046,nominal_mpc,220.0,0.29765479920881505,0.29416393521952633,3.8060738530910965,3.764635307177811,32.19869409995736,True,True,True,False,0.16343380000000707,False,True,False,False,phase5b0_nominal_mpc
lhs_046,nominal_mpc,225.0,0.29864410400114744,0.29569855401482403,3.8060738530910965,3.7655805435444085,32.23364361107076,False,True,True,False,0.0,False,False,False,False,phase5b0_nominal_mpc
lhs_046,nominal_mpc,230.0,0.2996334087934798,0.29635598695637067,3.8060738530910965,3.7665424856086447,32.2683800564272,False,True,True,False,0.0,False,False,False,False,phase5b0_nominal_mpc
lhs_046,nominal_mpc,235.0,0.3006227135858122,0.29747469897218953,3.8060738530910965,3.767515833632277,32.30290801558756,False,True,True,False,0.0,False,False,False,False,phase5b0_nominal_mpc
lhs_046,nominal_mpc,240.0,0.3016120183781446,0.2980151056410249,3.8060738530910965,3.768493306778575,32.33723094557943,False,True,True,False,0.0,False,False,False,False,phase5b0_nominal_mpc
lhs_046,nominal_mpc,245.0,0.3025723023318259,0.29798414832821996,3.694424282563693,3.7665318177795686,32.368980620765576,True,True,True,False,0.14327580000002627,False,True,False,False,phase5b0_nominal_mpc
lhs_046,nominal_mpc,250.0,0.3035325862855072,0.2995136023829471,3.694424282563693,3.767212317041697,32.40045678005555,False,True,True,False,0.0,False,False,False,False,phase5b0_nominal_mpc
lhs_046,nominal_mpc,255.0,0.30449287023918853,0.3006631004424681,3.694424282563693,3.7679484065309206,32.43168039931632,False,True,True,False,0.0,False,False,False,False,phase5b0_nominal_mpc
lhs_046,nominal_mpc,260.0,0.30545315419286984,0.3024477242725113,3.694424282563693,3.768724923780736,32.462667237741634,False,True,True,False,0.0,False,False,False,False,phase5b0_nominal_mpc
lhs_046,nominal_mpc,265.0,0.30641343814655114,0.3031718825928718,3.694424282563693,3.7695306635054733,32.49342920055421,False,True,True,False,0.0,False,False,False,False,phase5b0_nominal_mpc
lhs_046,nominal_mpc,270.0,0.30735236338783883,0.3047362312670202,3.6122526026049333,3.7681934434180353,32.522264249841484,True,True,True,False,0.37206680000002734,False,True,False,False,phase5b0_nominal_mpc
lhs_046,nominal_mpc,275.0,0.3082912886291265,0.3053232895610046,3.6122526026049333,3.7688156477212895,32.55083849932486,False,True,True,False,0.0,False,False,False,False,phase5b0_nominal_mpc
lhs_046,nominal_mpc,280.0,0.3092302138704142,0.3056762628792295,3.6122526026049333,3.7694901115791026,32.57917119120235,False,True,True,False,0.0,False,False,False,False,phase5b0_nominal_mpc
lhs_046,nominal_mpc,285.0,0.3101691391117019,0.3066723121901815,3.6122526026049333,3.770202978203821,32.60727690646864,False,True,True,False,0.0,False,False,False,False,phase5b0_nominal_mpc
lhs_046,nominal_mpc,290.0,0.3111080643529896,0.30796849740688376,3.6122526026049333,3.7709439948590586,32.635166777211694,False,True,True,False,0.0,False,False,False,False,phase5b0_nominal_mpc
lhs_046,nominal_mpc,295.0,0.31198102547285417,0.30823839427448707,3.358474070714276,3.7650230744384046,32.657740704687654,True,True,True,False,0.4646885000000225,False,True,False,False,phase5b0_nominal_mpc
lhs_046,nominal_mpc,300.0,0.31285398659271874,0.30921097965914635,3.358474070714276,3.765122741124596,32.67996703564289,False,True,True,False,0.0,False,False,False,False,phase5b0_nominal_mpc
lhs_046,nominal_mpc,305.0,0.3137269477125833,0.31037667818571574,3.358474070714276,3.7653626870354833,32.70189079917649,False,True,True,False,0.0,False,False,False,False,phase5b0_nominal_mpc
lhs_046,nominal_mpc,310.0,0.31459990883244787,0.31043902031204873,3.358474070714276,3.7657073033043806,32.723545907580394,False,True,True,False,0.0,False,False,False,False,phase5b0_nominal_mpc
lhs_046,nominal_mpc,315.0,0.31547286995231244,0.3125669787963596,3.358474070714276,3.7661302016123845,32.74495804317093,False,True,True,False,0.0,False,False,False,False,phase5b0_nominal_mpc
lhs_046,nominal_mpc,320.0,0.31630436769322073,0.313230937588202,3.1989553018479215,3.762411633235279,32.763091220567695,True,True,True,False,0.3309873999999695,False,True,False,False,phase5b0_nominal_mpc
lhs_046,nominal_mpc,325.0,0.317135865434129,0.3127262695794074,3.1989553018479215,3.76251224885013,32.78093051530303,False,True,True,False,0.0,False,False,False,False,phase5b0_nominal_mpc
lhs_046,nominal_mpc,330.0,0.3179673631750373,0.314085280387026,3.1989553018479215,3.7627276750537075,32.798511067939494,False,True,True,False,0.0,False,False,False,False,phase5b0_nominal_mpc
lhs_046,nominal_mpc,335.0,0.3187988609159456,0.3146073274690198,3.1989553018479215,3.7630294583865274,32.815859558676664,False,True,True,False,0.0,False,False,False,False,phase5b0_nominal_mpc
lhs_046,nominal_mpc,340.0,0.3196303586568539,0.31664331211422064,3.1989553018479215,3.763396489028801,32.83299639487586,False,True,True,False,0.0,False,False,False,False,phase5b0_nominal_mpc
lhs_046,nominal_mpc,345.0,0.3204234735887267,0.3178348276166388,3.0512881652785433,3.7599251842428227,32.84722246687225,True,True,True,False,0.2901021000000128,False,True,False,False,phase5b0_nominal_mpc
lhs_046,nominal_mpc,350.0,0.3212165885205995,0.31789998137077835,3.0512881652785433,3.7599863046073865,32.861189944283666,False,True,True,False,0.0,False,False,False,False,phase5b0_nominal_mpc
lhs_046,nominal_mpc,355.0,0.32200970345247226,0.31918737195198055,3.0512881652785433,3.760152000717258,32.874929277941206,False,True,True,False,0.0,False,False,False,False,phase5b0_nominal_mpc
lhs_046,nominal_mpc,360.0,0.32280281838434505,0.3196005628846496,3.0512881652785433,3.7603968804419194,32.88846371626235,False,True,True,False,0.0,False,False,False,False,phase5b0_nominal_mpc
lhs_046,nominal_mpc,365.0,0.32359593331621783,0.3211540026948339,3.0512881652785433,3.7607020868408645,32.901811162504515,False,True,True,False,0.0,False,False,False,False,phase5b0_nominal_mpc
lhs_046,nominal_mpc,370.0,0.3243936113175784,0.3228888234860511,3.068843300563213,3.761515785894006,32.915300556584654,True,True,True,False,0.3401827999999796,False,True,False,False,phase5b0_nominal_mpc
lhs_046,nominal_mpc,375.0,0.3251912893189389,0.3233665659193786,3.068843300563213,3.7619499232727573,32.92863684150577,False,True,True,False,0.0,False,False,False,False,phase5b0_nominal_mpc
lhs_046,nominal_mpc,380.0,0.32598896732029947,0.3246505779587242,3.068843300563213,3.7624032022356273,32.941826286950125,False,True,True,False,0.0,False,False,False,False,phase5b0_nominal_mpc
lhs_046,nominal_mpc,385.0,0.32678664532166,0.32596514307397045,3.068843300563213,3.762872060224593,32.95487413969749,False,True,True,False,0.0,False,False,False,False,phase5b0_nominal_mpc
lhs_046,nominal_mpc,390.0,0.32758432332302057,0.3275357838232147,3.068843300563213,3.763353809662907,32.967784871731716,False,True,True,False,0.0,False,False,False,False,phase5b0_nominal_mpc
lhs_046,nominal_mpc,395.0,0.3283421859482129,0.32902615453981426,2.9156647620993383,3.7598137815673023,32.97786661773522,True,True,True,False,0.4247515000000135,False,True,False,False,phase5b0_nominal_mpc
lhs_046,nominal_mpc,400.0,0.32910004857340525,0.331142851977304,2.9156647620993383,3.759907958725319,32.98774326309962,False,True,True,False,0.0,False,False,False,False,phase5b0_nominal_mpc
lhs_046,nominal_mpc,405.0,0.3298579111985976,0.3312339893060937,2.9156647620993383,3.7600883462767056,32.997438740428926,False,True,True,False,0.0,False,False,False,False,phase5b0_nominal_mpc
lhs_046,nominal_mpc,410.0,0.3306157738237899,0.33202321998621204,2.9156647620993383,3.7603343737475523,33.00697140451339,False,True,True,False,0.0,False,False,False,False,phase5b0_nominal_mpc
lhs_046,nominal_mpc,415.0,0.33137363644898227,0.3317981219944885,2.9156647620993383,3.7606307522365605,33.01635546846724,False,True,True,False,0.0,False,False,False,False,phase5b0_nominal_mpc
lhs_046,nominal_mpc,420.0,0.33137363644898227,0.331985540545487,0.0,3.684210109348844,32.991680297001075,True,False,False,True,1.275579300000004,False,True,False,True,phase5b0_nominal_mpc
lhs_046,nominal_mpc,425.0,0.3318934922534244,0.33274940903970307,2.000000000000001,3.7294680840482695,32.985691183621796,True,True,True,False,1.3391775000000052,False,True,False,True,phase5b0_nominal_mpc
lhs_046,nominal_mpc,430.0,0.3318934922534244,0.3336153588321139,0.0,3.676257178318814,32.9612189560294,True,False,False,True,5.363290899999981,False,True,False,True,phase5b0_nominal_mpc
lhs_046,nominal_mpc,435.0,0.33217569561194765,0.33520447954640903,1.085698596079297,3.699068591723916,32.94445828692797,True,True,True,False,1.1450226000000043,False,True,False,False,phase5b0_nominal_mpc
lhs_046,nominal_mpc,440.0,0.3324578989704709,0.33427987272333404,1.085698596079297,3.6972952271044397,32.92762509912624,False,True,True,False,0.0,False,False,False,False,phase5b0_nominal_mpc
lhs_046,nominal_mpc,445.0,0.33274010232899415,0.33415552826563844,1.085698596079297,3.6958015352934224,32.91074680644919,False,True,True,False,0.0,False,False,False,False,phase5b0_nominal_mpc
lhs_046,nominal_mpc,450.0,0.3330223056875174,0.3340645533283873,1.085698596079297,3.694523085613816,32.89384436237477,False,True,True,False,0.0,False,False,False,False,phase5b0_nominal_mpc
lhs_046,nominal_mpc,455.0,0.33330450904604064,0.3342171008441468,1.085698596079297,3.693411912360981,32.876933892395655,False,True,True,False,0.0,False,False,False,False,phase5b0_nominal_mpc
lhs_046,nominal_mpc,460.0,0.334106568209006,0.33339475365882487,3.085698596079297,3.745081902589072,32.884279868688026,True,True,True,False,1.3093238000000156,False,True,False,True,phase5b0_nominal_mpc
lhs_046,nominal_mpc,465.0,0.33492030130939937,0.3337628737965993,3.130610809536396,3.750710123588216,32.89335098005407,True,True,True,False,1.0126710000000116,False,True,False,False,phase5b0_nominal_mpc
lhs_046,nominal_mpc,470.0,0.3357340344097927,0.3341887919412834,3.130610809536396,3.7543407346951025,32.90318395316291,False,True,True,False,0.0,False,False,False,False,phase5b0_nominal_mpc
lhs_046,nominal_mpc,475.0,0.33654776751018606,0.33480695449787967,3.130610809536396,3.7572550172963104,32.91357157482229,False,True,True,False,0.0,False,False,False,False,phase5b0_nominal_mpc
lhs_046,nominal_mpc,480.0,0.3373615006105794,0.33509397853185824,3.130610809536396,3.759637409276439,32.92436016060743,False,True,True,False,0.0,False,False,False,False,phase5b0_nominal_mpc
lhs_046,nominal_mpc,485.0,0.33817523371097274,0.33515241390568945,3.130610809536396,3.7616244708736755,32.93543565658137,False,True,True,False,0.0,False,False,False,False,phase5b0_nominal_mpc
lhs_046,nominal_mpc,490.0,0.3389691862897756,0.3358614375821518,3.0545107778680607,3.7613141001898613,32.94541399104069,True,True,True,False,1.3162566999999967,False,True,False,False,phase5b0_nominal_mpc
lhs_046,nominal_mpc,495.0,0.3397631388685785,0.3371122321692808,3.0545107778680607,3.7625852879161292,32.955485304946144,False,True,True,False,0.0,False,False,False,False,phase5b0_nominal_mpc
lhs_046,nominal_mpc,500.0,0.3405570914473814,0.3379204082277563,3.0545107778680607,3.7637314457560604,32.96561479549823,False,True,True,False,0.0,False,False,False,False,phase5b0_nominal_mpc
lhs_046,nominal_mpc,505.0,0.34135104402618427,0.3387952280116911,3.0545107778680607,3.7647839291616734,32.9757765304558,False,True,True,False,0.0,False,False,False,False,phase5b0_nominal_mpc
lhs_046,nominal_mpc,510.0,0.34214499660498715,0.33956478759099923,3.0545107778680607,3.7657659820078644,32.985951154983354,False,True,True,False,0.0,False,False,False,False,phase5b0_nominal_mpc
lhs_046,nominal_mpc,515.0,0.34214499660498715,0.339745705491616,0.0,3.686291478990599,32.96147725793916,True,False,False,True,0.08887459999999692,False,True,False,True,phase5b0_nominal_mpc
lhs_046,nominal_mpc,520.0,0.34214499660498715,0.34056316837996514,0.0,3.679059429910867,32.937165263911595,True,False,False,True,4.806452399999955,False,True,False,False,phase5b0_nominal_mpc
lhs_046,nominal_mpc,525.0,0.34214499660498715,0.34113431928368587,0.0,3.673353185590736,32.91301421208019,False,False,False,True,0.0,False,False,False,False,phase5b0_nominal_mpc
lhs_046,nominal_mpc,530.0,0.34214499660498715,0.3411468293305255,0.0,3.668788185153083,32.889023037028814,False,False,False,True,0.0,False,False,False,False,phase5b0_nominal_mpc
lhs_046,nominal_mpc,535.0,0.34214499660498715,0.3414839329786221,0.0,3.6650794075158593,32.86519068039425,False,False,False,True,0.0,False,False,False,False,phase5b0_nominal_mpc
lhs_046,nominal_mpc,540.0,0.34214499660498715,0.34269811611246076,0.0,3.6620155150706477,32.841516090819525,False,False,False,True,0.0,False,False,False,False,phase5b0_nominal_mpc
lhs_046,nominal_mpc,545.0,0.34214499660498715,0.3419841647049094,0.0,3.6594397168754997,32.81799822390748,True,False,False,True,4.896408699999995,False,True,False,False,phase5b0_nominal_mpc
lhs_046,nominal_mpc,550.0,0.34214499660498715,0.34191213827667566,0.0,3.6572356049960537,32.79463604217475,False,False,False,True,0.0,False,False,False,False,phase5b0_nominal_mpc
lhs_046,nominal_mpc,555.0,0.34214499660498715,0.3422832345149845,0.0,3.6553166715037553,32.771428515005965,False,False,False,True,0.0,False,False,False,False,phase5b0_nominal_mpc
lhs_046,nominal_mpc,560.0,0.34214499660498715,0.34225599481577373,0.0,3.653618549554086,32.7483746186083,False,False,False,True,0.0,False,False,False,False,phase5b0_nominal_mpc
lhs_046,nominal_mpc,565.0,0.34214499660498715,0.34292378888861136,0.0,3.652093270578771,32.7254733359663,False,False,False,True,0.0,False,False,False,False,phase5b0_nominal_mpc
lhs_046,nominal_mpc,570.0,0.3426648524094293,0.34326930431119235,2.0,3.703350726649056,32.715355286579225,True,True,True,False,0.9685465000000022,False,True,False,True,phase5b0_nominal_mpc
lhs_046,nominal_mpc,575.0,0.343654435102114,0.3435852322296492,3.807142997072722,3.7549586982970595,32.73093068887453,True,True,True,False,1.3612880000000018,False,True,False,False,phase5b0_nominal_mpc
lhs_046,nominal_mpc,580.0,0.34464401779479875,0.344525873715308,3.807142997072722,3.7628725385434376,32.74878912414037,False,True,True,False,0.0,False,False,False,False,phase5b0_nominal_mpc
lhs_046,nominal_mpc,585.0,0.3456336004874835,0.34556935325051447,3.807142997072722,3.769177260776149,32.768363755607666,False,True,True,False,0.0,False,False,False,False,phase5b0_nominal_mpc
lhs_046,nominal_mpc,590.0,0.3466231831801682,0.3460318427671547,3.807142997072722,3.774283114177979,32.78923262248016,False,True,True,False,0.0,False,False,False,False,phase5b0_nominal_mpc
lhs_046,nominal_mpc,595.0,0.34761276587285295,0.3470543788631461,3.807142997072722,3.7784939959429744,32.811081028519276,False,True,True,False,0.0,False,False,False,False,phase5b0_nominal_mpc
lhs_046,nominal_mpc,600.0,0.3485342603298081,0.347045541228321,3.545192528701554,3.7751400929269914,32.828763401058644,True,True,True,False,0.8511444000000097,False,True,False,False,phase5b0_nominal_mpc
lhs_046,nominal_mpc,605.0,0.3494557547867633,0.3479070846047875,3.545192528701554,3.7774822141474154,32.84679856800301,False,True,True,False,0.0,False,False,False,False,phase5b0_nominal_mpc
lhs_046,nominal_mpc,610.0,0.35037724924371844,0.348680841209601,3.545192528701554,3.7795787554300375,32.865106752548975,False,True,True,False,0.0,False,False,False,False,phase5b0_nominal_mpc
lhs_046,nominal_mpc,615.0,0.3512987437006736,0.3498203988060522,3.545192528701554,3.7814879689935332,32.88362730814571,False,True,True,False,0.0,False,False,False,False,phase5b0_nominal_mpc
lhs_046,nominal_mpc,620.0,0.35222023815762876,0.3505275326224102,3.545192528701554,3.783253157636654,32.90231381942964,False,True,True,False,0.0,False,False,False,False,phase5b0_nominal_mpc
lhs_046,nominal_mpc,625.0,0.3530928372476604,0.3519154721423319,3.357081262055118,3.779955265760256,32.91767170176399,True,True,True,False,0.14587349999999333,False,True,False,False,phase5b0_nominal_mpc
lhs_046,nominal_mpc,630.0,0.353965436337692,0.3541961647376072,3.357081262055118,3.781021149526344,32.93300777054519,False,True,True,False,0.0,False,False,False,False,phase5b0_nominal_mpc
lhs_046,nominal_mpc,635.0,0.35483803542772363,0.3556061641977081,3.357081262055118,3.7821131136671315,32.94833089048147,False,True,True,False,0.0,False,False,False,False,phase5b0_nominal_mpc
lhs_046,nominal_mpc,640.0,0.35571063451775525,0.35642832534449487,3.357081262055118,3.783220495518294,32.96364659470837,False,True,True,False,0.0,False,False,False,False,phase5b0_nominal_mpc
lhs_046,nominal_mpc,645.0,0.3565832336077869,0.3569824046636133,3.357081262055118,3.784335536881838,32.97895799907812,False,True,True,False,0.0,False,False,False,False,phase5b0_nominal_mpc
lhs_046,nominal_mpc,650.0,0.357465531808918,0.35746820559156517,3.3943958828273275,3.786434765959059,32.99494704283019,True,True,True,False,0.1203366000000301,False,True,False,False,phase5b0_nominal_mpc
lhs_046,nominal_mpc,655.0,0.3583478300100491,0.358672156203427,3.3943958828273275,3.7876489870593195,33.01095690473693,False,True,True,False,0.0,False,False,False,False,phase5b0_nominal_mpc
lhs_046,nominal_mpc,660.0,0.3592301282111802,0.359270406669096,3.3943958828273275,3.7888393462336296,33.026980830286924,False,True,True,False,0.0,False,False,False,False,phase5b0_nominal_mpc
lhs_046,nominal_mpc,665.0,0.36011242641231134,0.35955521168837423,3.3943958828273275,3.790008626853779,33.043012939306756,False,True,True,False,0.0,False,False,False,False,phase5b0_nominal_mpc
lhs_046,nominal_mpc,670.0,0.36099472461344245,0.35936889548242423,3.3943958828273275,3.791159007217145,33.05904803324444,False,True,True,False,0.0,False,False,False,False,phase5b0_nominal_mpc
lhs_046,nominal_mpc,675.0,0.3618490780571276,0.36099021084766353,3.2868862341625498,3.7894625440176335,33.07311664397715,True,True,True,False,0.8785080999999764,False,True,False,False,phase5b0_nominal_mpc
lhs_046,nominal_mpc,680.0,0.3627034315008128,0.36131040115773466,3.2868862341625498,3.7902944326973524,33.087113708455945,False,True,True,False,0.0,False,False,False,False,phase5b0_nominal_mpc
lhs_046,nominal_mpc,685.0,0.363557784944498,0.3631651982205682,3.2868862341625498,3.7911664578063102,33.101052103564975,False,True,True,False,0.0,False,False,False,False,phase5b0_nominal_mpc
lhs_046,nominal_mpc,690.0,0.36441213838818315,0.3639641122105544,3.2868862341625498,3.792065777632928,33.11494078254534,False,True,True,False,0.0,False,False,False,False,phase5b0_nominal_mpc
lhs_046,nominal_mpc,695.0,0.3652664918318683,0.3661861432508007,3.2868862341625498,3.792982972540729,33.12878582367416,False,True,True,False,0.0,False,False,False,False,phase5b0_nominal_mpc
lhs_046,nominal_mpc,700.0,0.3652664918318683,0.36707448523294645,0.0,3.7074006149139698,33.1033663946814,True,False,False,True,0.7796778000000018,False,True,False,True,phase5b0_nominal_mpc
lhs_046,nominal_mpc,705.0,0.3652664918318683,0.36726533346541,0.0,3.6996056909988755,33.07811511326952,True,False,False,True,7.007782300000031,False,True,False,False,phase5b0_nominal_mpc
lhs_046,nominal_mpc,710.0,0.3652664918318683,0.3651498190122419,0.0,3.6934878334283567,33.05303099201248,False,False,False,True,0.0,False,False,False,False,phase5b0_nominal_mpc
lhs_046,nominal_mpc,715.0,0.3652664918318683,0.3648049317503367,0.0,3.688623000362751,33.028112924332085,False,False,False,True,0.0,False,False,False,False,phase5b0_nominal_mpc
lhs_046,nominal_mpc,720.0,0.3652664918318683,0.36621597485212765,0.0,3.684696956454516,33.00335981097555,False,False,False,True,0.0,False,False,False,False,phase5b0_nominal_mpc
lhs_046,nominal_mpc,725.0,0.3652664918318683,0.3667155448628042,0.0,3.6814767480490884,32.97877055996699,False,False,False,True,0.0,False,False,False,False,phase5b0_nominal_mpc
lhs_046,nominal_mpc,730.0,0.3652664918318683,0.3663514192802773,0.0,3.678789591436021,32.95434408655925,True,False,False,True,3.1504962000000205,False,True,False,False,phase5b0_nominal_mpc
lhs_046,nominal_mpc,735.0,0.3652664918318683,0.3657311230465364,0.0,3.6765072475362266,32.930079313186084,False,False,False,True,0.0,False,False,False,False,phase5b0_nominal_mpc
lhs_046,nominal_mpc,740.0,0.3652664918318683,0.3662994563307167,0.0,3.674534457131951,32.90597516941456,False,False,False,True,0.0,False,False,False,False,phase5b0_nominal_mpc
lhs_046,nominal_mpc,745.0,0.3652664918318683,0.3661368284293193,0.0,3.6728003813310273,32.88203059189789,False,False,False,True,0.0,False,False,False,False,phase5b0_nominal_mpc
lhs_046,nominal_mpc,750.0,0.3652664918318683,0.3655220371475815,0.0,3.6712522662280263,32.8582445243285,False,False,False,True,0.0,False,False,False,False,phase5b0_nominal_mpc
lhs_046,nominal_mpc,755.0,0.36578634763631046,0.3656450506567658,2.0000000000000004,3.722490583383956,32.84719291344116,True,True,True,False,1.0088824999999702,False,True,False,True,phase5b0_nominal_mpc
lhs_046,nominal_mpc,760.0,0.3667778923905498,0.367104876584748,3.814691480855551,3.774280175050397,32.861918663930574,True,True,True,False,1.0820130000000177,False,True,False,False,phase5b0_nominal_mpc
lhs_046,nominal_mpc,765.0,0.36776943714478916,0.3667116133400107,3.814691480855551,3.782202610938361,32.878942847701076,False,True,True,False,0.0,False,False,False,False,phase5b0_nominal_mpc
lhs_046,nominal_mpc,770.0,0.3687609818990285,0.3672871099923604,3.814691480855551,3.788516262691708,32.8976973809957,False,True,True,False,0.0,False,False,False,False,phase5b0_nominal_mpc
lhs_046,nominal_mpc,775.0,0.36975252665326785,0.36822021663433385,3.814691480855551,3.7936312971121726,32.917759314725735,False,True,True,False,0.0,False,False,False,False,phase5b0_nominal_mpc
lhs_046,nominal_mpc,780.0,0.3707440714075072,0.3687472906643609,3.814691480855551,3.79785155531332,32.93881315770006,False,True,True,False,0.0,False,False,False,False,phase5b0_nominal_mpc
lhs_046,nominal_mpc,785.0,0.37168228152390786,0.3695091158746005,3.6095013593529472,3.796001631098165,32.956753313886544,True,True,True,False,0.7553482999999801,False,True,False,False,phase5b0_nominal_mpc
lhs_046,nominal_mpc,790.0,0.3726204916403085,0.3711732408247641,3.6095013593529472,3.7985046059659235,32.97510116918423,False,True,True,False,0.0,False,False,False,False,phase5b0_nominal_mpc
lhs_046,nominal_mpc,795.0,0.3735587017567092,0.37286351196214906,3.6095013593529472,3.8007331305179934,32.99376566919569,False,True,True,False,0.0,False,False,False,False,phase5b0_nominal_mpc
lhs_046,nominal_mpc,800.0,0.37449691187310985,0.3730556001788742,3.6095013593529472,3.8027527302084385,33.01267767445884,False,True,True,False,0.0,False,False,False,False,phase5b0_nominal_mpc
lhs_046,nominal_mpc,805.0,0.3754351219895105,0.3731880241444505,3.6095013593529472,3.8046121032353275,33.031784340669,False,True,True,False,0.0,False,False,False,False,phase5b0_nominal_mpc
lhs_046,nominal_mpc,810.0,0.3762200168299434,0.3738542844964354,3.019663659522594,3.7908231159515937,33.040489188288554,True,True,True,False,0.5800075999999876,False,True,False,False,phase5b0_nominal_mpc
lhs_046,nominal_mpc,815.0,0.37700491167037625,0.3739463537840228,3.019663659522594,3.7908951286117403,33.04896492580051,False,True,True,False,0.0,False,False,False,False,phase5b0_nominal_mpc
lhs_046,nominal_mpc,820.0,0.3777898065108091,0.37533238435665206,3.019663659522594,3.7911908175385043,33.05727450357818,False,True,True,False,0.0,False,False,False,False,phase5b0_nominal_mpc
lhs_046,nominal_mpc,825.0,0.378574701351242,0.3764548385715213,3.019663659522594,3.791649658894625,33.06546389421368,False,True,True,False,0.0,False,False,False,False,phase5b0_nominal_mpc
lhs_046,nominal_mpc,830.0,0.37935959619167486,0.37812821524740897,3.019663659522594,3.792226943890927,33.073566552220875,False,True,True,False,0.0,False,False,False,False,phase5b0_nominal_mpc
lhs_046,nominal_mpc,835.0,0.38016992940513294,0.3793701676520276,3.1175306942188725,3.795465511690979,33.08325473159693,True,True,True,False,0.5450542000000382,False,True,False,False,phase5b0_nominal_mpc
lhs_046,nominal_mpc,840.0,0.380980262618591,0.3807882971589158,3.1175306942188725,3.7964492355771586,33.09295230448754,False,True,True,False,0.0,False,False,False,False,phase5b0_nominal_mpc
lhs_046,nominal_mpc,845.0,0.3817905958320491,0.38146034828514963,3.1175306942188725,3.79742625048708,33.10265768908937,False,True,True,False,0.0,False,False,False,False,phase5b0_nominal_mpc
lhs_046,nominal_mpc,850.0,0.3826009290455072,0.3819438408100364,3.1175306942188725,3.7983958994626192,33.11236911639984,False,True,True,False,0.0,False,False,False,False,phase5b0_nominal_mpc
lhs_046,nominal_mpc,855.0,0.38341126225896527,0.3822851240722143,3.1175306942188725,3.799357782659233,33.12208469932753,False,True,True,False,0.0,False,False,False,False,phase5b0_nominal_mpc
lhs_046,nominal_mpc,860.0,0.3842261048973103,0.3830744231433548,3.134879446886145,3.80076830833276,33.1321003549762,True,True,True,False,0.5401198999999792,False,True,False,False,phase5b0_nominal_mpc
lhs_046,nominal_mpc,865.0,0.3850409475356553,0.38302659010653706,3.134879446886145,3.8017602382883577,33.1421262429478,False,True,True,False,0.0,False,False,False,False,phase5b0_nominal_mpc
lhs_046,nominal_mpc,870.0,0.38585579017400035,0.3848071496813216,3.134879446886145,3.8027352988505183,33.15215782130151,False,True,True,False,0.0,False,False,False,False,phase5b0_nominal_mpc
lhs_046,nominal_mpc,875.0,0.38667063281234537,0.3867874193036037,3.134879446886145,3.803695806282812,33.16219121909776,False,True,True,False,0.0,False,False,False,False,phase5b0_nominal_mpc
lhs_046,nominal_mpc,880.0,0.3874854754506904,0.38679740932678663,3.134879446886145,3.804643550632365,33.17222308242064,False,True,True,False,0.0,False,False,False,False,phase5b0_nominal_mpc
lhs_046,nominal_mpc,885.0,0.3874854754506904,0.3879066693633851,0.0,3.723068698439984,33.146516093268794,True,False,False,True,0.6768414000000007,False,True,False,True,phase5b0_nominal_mpc
lhs_046,nominal_mpc,890.0,0.3874854754506904,0.3879525345638039,0.0,3.715667564077186,33.12097916653938,True,False,False,True,2.9939741000000026,False,True,False,False,phase5b0_nominal_mpc
lhs_046,nominal_mpc,895.0,0.3874854754506904,0.3869533038476998,0.0,3.7098539724102877,33.09561129089915,False,False,False,True,0.0,False,False,False,False,phase5b0_nominal_mpc
lhs_046,nominal_mpc,900.0,0.3874854754506904,0.3860837893286881,0.0,3.7052267139679658,33.07041134725219,False,False,False,True,0.0,False,False,False,False,phase5b0_nominal_mpc
lhs_046,nominal_mpc,905.0,0.3874854754506904,0.3867771378634222,0.0,3.7014884664354515,33.04537822391084,False,False,False,True,0.0,False,False,False,False,phase5b0_nominal_mpc
lhs_046,nominal_mpc,910.0,0.3874854754506904,0.38615139984592606,0.0,3.698418807773899,33.02051081654665,False,False,False,True,0.0,False,False,False,False,phase5b0_nominal_mpc
lhs_046,nominal_mpc,915.0,0.38800533125513254,0.3866519024475202,1.9999999999999993,3.7484949834374337,33.0096064396954,True,True,True,False,0.6385740000000055,False,True,False,True,phase5b0_nominal_mpc
lhs_046,nominal_mpc,920.0,0.3890414803972172,0.38832894481198793,3.986294404066959,3.803906924120263,33.02838831376012,True,True,True,False,0.800453100000027,False,True,False,True,phase5b0_nominal_mpc
lhs_046,nominal_mpc,925.0,0.39003426621687076,0.3906585672240288,3.819466133378898,3.8071989383785554,33.046332077128895,True,True,True,False,0.3043544999999881,False,True,False,False,phase5b0_nominal_mpc
lhs_046,nominal_mpc,930.0,0.3910270520365243,0.3912120002676298,3.819466133378898,3.812891217062934,33.06579311984986,False,True,True,False,0.0,False,False,False,False,phase5b0_nominal_mpc
lhs_046,nominal_mpc,935.0,0.3920198378561779,0.392925638818545,3.819466133378898,3.8175157209333763,33.08639413447738,False,True,True,False,0.0,False,False,False,False,phase5b0_nominal_mpc
lhs_046,nominal_mpc,940.0,0.39301262367583145,0.39298840908658966,3.819466133378898,3.8213435240559908,33.10785379138746,False,True,True,False,0.0,False,False,False,False,phase5b0_nominal_mpc
lhs_046,nominal_mpc,945.0,0.394005409495485,0.39446795925468675,3.819466133378898,3.8245754783688217,33.12996188153099,False,True,True,False,0.0,False,False,False,False,phase5b0_nominal_mpc
lhs_046,nominal_mpc,950.0,0.39489355742015103,0.3954220574091925,3.416901060166513,3.816764457578459,33.14490460306363,True,True,True,False,0.4424766000000204,False,True,False,False,phase5b0_nominal_mpc
lhs_046,nominal_mpc,955.0,0.39578170534481705,0.3949052358111836,3.416901060166513,3.8181431040393545,33.15992170785485,False,True,True,False,0.0,False,False,False,False,phase5b0_nominal_mpc
lhs_046,nominal_mpc,960.0,0.39666985326948306,0.39627305134433666,3.416901060166513,3.8194720672367297,33.17499795794431,False,True,True,False,0.0,False,False,False,False,phase5b0_nominal_mpc
lhs_046,nominal_mpc,965.0,0.3975580011941491,0.3963059306110301,3.416901060166513,3.8207605512243275,33.19012100519337,False,True,True,False,0.0,False,False,False,False,phase5b0_nominal_mpc
lhs_046,nominal_mpc,970.0,0.3984461491188151,0.3978493218817847,3.416901060166513,3.822015502689419,33.20528069922303,False,True,True,False,0.0,False,False,False,False,phase5b0_nominal_mpc
lhs_046,nominal_mpc,975.0,0.3984461491188151,0.39851030637474466,0.0,3.7333031709942124,33.17935489005112,True,False,False,True,0.45281380000000127,False,True,False,True,phase5b0_nominal_mpc
lhs_046,nominal_mpc,980.0,0.3984461491188151,0.39888730926009525,0.0,3.7254241171483518,33.15360057481514,True,False,False,True,3.516325600000016,False,True,False,False,phase5b0_nominal_mpc
lhs_046,nominal_mpc,985.0,0.3984461491188151,0.3991425364737574,0.0,3.719264264919394,33.12801674975161,False,False,False,True,0.0,False,False,False,False,phase5b0_nominal_mpc
lhs_046,nominal_mpc,990.0,0.3984461491188151,0.39852536595623433,0.0,3.7143879345920707,33.10260228623807,False,False,False,True,0.0,False,False,False,False,phase5b0_nominal_mpc
lhs_046,nominal_mpc,995.0,0.3984461491188151,0.3980058602012193,0.0,3.71047230087944,33.077356063123375,False,False,False,True,0.0,False,False,False,False,phase5b0_nominal_mpc
lhs_046,nominal_mpc,1000.0,0.3984461491188151,0.3965213687368131,0.0,3.707278075184883,33.05227696667826,False,False,False,True,0.0,False,False,False,False,phase5b0_nominal_mpc
lhs_046,nominal_mpc,1005.0,0.3984461491188151,0.3957517004997618,0.0,3.7046278070235785,33.0273638905462,True,False,False,True,4.0388829999999984,False,True,False,False,phase5b0_nominal_mpc
lhs_046,nominal_mpc,1010.0,0.3984461491188151,0.3970312772313235,0.0,3.7023898244212248,33.00261573569461,False,False,False,True,0.0,False,False,False,False,phase5b0_nominal_mpc
lhs_046,nominal_mpc,1015.0,0.3984461491188151,0.3974749374247193,0.0,3.700466347750756,32.978031410366334,False,False,False,True,0.0,False,False,False,False,phase5b0_nominal_mpc
lhs_046,nominal_mpc,1020.0,0.3984461491188151,0.3975223018341965,0.0,3.698784692356618,32.95360983003154,False,False,False,True,0.0,False,False,False,False,phase5b0_nominal_mpc
lhs_046,nominal_mpc,1025.0,0.3984461491188151,0.39817963686915814,0.0,3.6972907572131466,32.9293499173398,False,False,False,True,0.0,False,False,False,False,phase5b0_nominal_mpc
lhs_046,nominal_mpc,1030.0,0.39896600492325723,0.3989941369682564,1.9999999999999978,3.748587765491298,32.91754877959482,True,True,True,False,0.8680243999999675,False,True,False,True,phase5b0_nominal_mpc
lhs_046,nominal_mpc,1035.0,0.3999322949087833,0.39960271277379567,3.7175308124646174,3.7978826684299114,32.92964994372913,True,True,True,False,1.138388099999986,False,True,False,False,phase5b0_nominal_mpc
lhs_046,nominal_mpc,1040.0,0.40089858489430935,0.400760339337704,3.7175308124646174,3.805609360021267,32.94394440725123,False,True,True,False,0.0,False,False,False,False,phase5b0_nominal_mpc
lhs_046,nominal_mpc,1045.0,0.4018648748798354,0.40093138205302115,3.7175308124646174,3.8117753029624923,32.959895237986466,False,True,True,False,0.0,False,False,False,False,phase5b0_nominal_mpc
lhs_046,nominal_mpc,1050.0,0.40283116486536147,0.40181802638776626,3.7175308124646174,3.8167779500053833,32.97710255985627,False,True,True,False,0.0,False,False,False,False,phase5b0_nominal_mpc
lhs_046,nominal_mpc,1055.0,0.4037974548508875,0.40189067550893953,3.7175308124646174,3.820911735553456,32.99526797806906,False,True,True,False,0.0,False,False,False,False,phase5b0_nominal_mpc
lhs_046,nominal_mpc,1060.0,0.4037974548508875,0.4025437159866488,0.0,3.726545524117996,32.970732430551124,True,False,False,True,2.222645199999988,False,True,False,True,phase5b0_nominal_mpc
lhs_046,nominal_mpc,1065.0,0.4037974548508875,0.4039338816364126,0.0,3.7196632704748245,32.94635916850069,True,False,False,True,3.3867834999999786,False,True,False,False,phase5b0_nominal_mpc
lhs_046,nominal_mpc,1070.0,0.4037974548508875,0.40405903447460617,0.0,3.7143067632064013,32.92214725423266,False,False,False,True,0.0,False,False,False,False,phase5b0_nominal_mpc
lhs_046,nominal_mpc,1075.0,0.4037974548508875,0.40414762515172026,0.0,3.710088377227467,32.898095619645964,False,False,False,True,0.0,False,False,False,False,phase5b0_nominal_mpc
lhs_046,nominal_mpc,1080.0,0.4037974548508875,0.4050078856494986,0.0,3.7067209280000526,32.874203203710245,False,False,False,True,0.0,False,False,False,False,phase5b0_nominal_mpc
lhs_046,nominal_mpc,1085.0,0.4037974548508875,0.4051631017730754,0.0,3.7039915775715353,32.85046895241901,False,False,False,True,0.0,False,False,False,False,phase5b0_nominal_mpc
lhs_046,nominal_mpc,1090.0,0.40431731065532966,0.40498472730387636,2.0000000000000004,3.75438471515804,32.839454958576596,True,True,True,False,0.6815703999999982,False,True,False,True,phase5b0_nominal_mpc
lhs_046,nominal_mpc,1095.0,0.405351332596703,0.4056449674326677,3.978110593505691,3.809878202326257,32.85684898167722,True,True,True,False,1.1192722999999773,False,True,False,True,phase5b0_nominal_mpc
lhs_046,nominal_mpc,1100.0,0.4063633198896324,0.4065582814448022,3.893338438398205,3.8155866716312548,32.87506216320955,True,True,True,False,0.27241099999997687,False,True,False,False,phase5b0_nominal_mpc
lhs_046,nominal_mpc,1105.0,0.4073753071825619,0.40796583388657953,3.893338438398205,3.8217418099318325,32.894966265143864,False,True,True,False,0.0,False,False,False,False,phase5b0_nominal_mpc
lhs_046,nominal_mpc,1110.0,0.4083872944754913,0.4090818381722155,3.893338438398205,3.826776406774335,32.916158037952066,False,True,True,False,0.0,False,False,False,False,phase5b0_nominal_mpc
lhs_046,nominal_mpc,1115.0,0.4093992817684208,0.41039117130212266,3.893338438398205,3.8309727483185623,32.93833612349567,False,True,True,False,0.0,False,False,False,False,phase5b0_nominal_mpc
lhs_046,nominal_mpc,1120.0,0.4104112690613502,0.4103411807609727,3.893338438398205,3.8345400584093103,32.96127468682546,False,True,True,False,0.0,False,False,False,False,phase5b0_nominal_mpc
lhs_046,nominal_mpc,1125.0,0.4112984099155767,0.4112397377468172,3.413026637948217,3.824991809649266,32.975810049137145,True,True,True,False,0.5474145999999678,False,True,False,False,phase5b0_nominal_mpc
lhs_046,nominal_mpc,1130.0,0.4121855507698032,0.4122230280083987,3.413026637948217,3.8264510893943684,32.99044090839615,False,True,True,False,0.0,False,False,False,False,phase5b0_nominal_mpc
lhs_046,nominal_mpc,1135.0,0.41307269162402965,0.4125063843021534,3.413026637948217,3.827881898537846,33.00515901637501,False,True,True,False,0.0,False,False,False,False,phase5b0_nominal_mpc
lhs_046,nominal_mpc,1140.0,0.41395983247825613,0.41361972779455886,3.413026637948217,3.829286164784037,33.01995670872809,False,True,True,False,0.0,False,False,False,False,phase5b0_nominal_mpc
lhs_046,nominal_mpc,1145.0,0.4148469733324826,0.41498408812064075,3.413026637948217,3.830665500414802,33.034826832107846,False,True,True,False,0.0,False,False,False,False,phase5b0_nominal_mpc
lhs_046,nominal_mpc,1150.0,0.4157022226206984,0.4148577152616198,3.290332745764394,3.8287920940642257,33.047572868257824,True,True,True,False,0.2346928000000048,False,True,False,False,phase5b0_nominal_mpc
lhs_046,nominal_mpc,1155.0,0.4165574719089142,0.41534986926587664,3.290332745764394,3.8297997947986033,33.0603008548785,False,True,True,False,0.0,False,False,False,False,phase5b0_nominal_mpc
lhs_046,nominal_mpc,1160.0,0.41741272119712997,0.41747661274610376,3.290332745764394,3.8308487144336683,33.07302399426207,False,True,True,False,0.0,False,False,False,False,phase5b0_nominal_mpc
lhs_046,nominal_mpc,1165.0,0.41826797048534575,0.4185155938079651,3.290332745764394,3.83192405877583,33.08575096865019,False,True,True,False,0.0,False,False,False,False,phase5b0_nominal_mpc
lhs_046,nominal_mpc,1170.0,0.41912321977356154,0.41972589272729677,3.290332745764394,3.833015017520149,33.09848716193994,False,True,True,False,0.0,False,False,False,False,phase5b0_nominal_mpc
lhs_046,nominal_mpc,1175.0,0.41912321977356154,0.42004373254432537,0.0,3.7475170414231442,33.07326830191672,True,False,False,True,0.16304919999998901,False,True,False,True,phase5b0_nominal_mpc
lhs_046,nominal_mpc,1180.0,0.41912321977356154,0.4195487601504677,0.0,3.739884350404658,33.048216265912025,True,False,False,True,3.4353098000000273,False,True,False,False,phase5b0_nominal_mpc
lhs_046,nominal_mpc,1185.0,0.41912321977356154,0.4201364213925703,0.0,3.7339263277224726,33.02333007108384,False,False,False,True,0.0,False,False,False,False,phase5b0_nominal_mpc
lhs_046,nominal_mpc,1190.0,0.41912321977356154,0.4208423322320923,0.0,3.7292182069353963,32.99860861958543,False,False,False,True,0.0,False,False,False,False,phase5b0_nominal_mpc
lhs_046,nominal_mpc,1195.0,0.41912321977356154,0.42093601862544283,0.0,3.7254452621001755,32.97405082083767,False,False,False,True,0.0,False,False,False,False,phase5b0_nominal_mpc
lhs_046,nominal_mpc,1200.0,0.41912321977356154,0.4209198123130861,0.0,3.7223742206065102,32.94965559148091,False,False,False,True,0.0,False,False,False,False,phase5b0_nominal_mpc
lhs_046,nominal_mpc,1205.0,0.4196430755780037,0.4203089838949712,2.0000000000000018,3.7724691830105486,32.9388130142512,True,True,True,False,0.6734313000000043,False,True,False,True,phase5b0_nominal_mpc
lhs_046,nominal_mpc,1210.0,0.4206827871868879,0.42078718998566667,4.000000000000001,3.8282731534178303,32.95751117746583,True,True,True,False,0.7053248000000281,False,True,False,True,phase5b0_nominal_mpc
lhs_046,nominal_mpc,1215.0,0.4217062826252611,0.421555618084581,3.93761281350544,3.83439276110052,32.97735510920349,True,True,True,False,0.26954789999996365,False,True,False,False,phase5b0_nominal_mpc
lhs_046,nominal_mpc,1220.0,0.4227297780636343,0.42145039979029736,3.93761281350544,3.840441204582021,32.99886786991945,False,True,True,False,0.0,False,False,False,False,phase5b0_nominal_mpc
lhs_046,nominal_mpc,1225.0,0.42375327350200753,0.4236749595019353,3.93761281350544,3.8453677236297024,33.021641073048414,False,True,True,False,0.0,False,False,False,False,phase5b0_nominal_mpc
lhs_046,nominal_mpc,1230.0,0.42477676894038074,0.42383338801948356,3.93761281350544,3.8494560550417787,33.04536990988836,False,True,True,False,0.0,False,False,False,False,phase5b0_nominal_mpc
lhs_046,nominal_mpc,1235.0,0.42580026437875396,0.4255490022472982,3.93761281350544,3.852916462487535,33.069826330518275,False,True,True,False,0.0,False,False,False,False,phase5b0_nominal_mpc
lhs_046,nominal_mpc,1240.0,0.4267068393296345,0.4266955576768046,3.487793896437905,3.8440665855038856,33.086163461069596,True,True,True,False,0.3570438000000422,False,True,False,False,phase5b0_nominal_mpc
lhs_046,nominal_mpc,1245.0,0.427613414280515,0.4279676271395663,3.487793896437905,3.845504923831323,33.10258267221378,False,True,True,False,0.0,False,False,False,False,phase5b0_nominal_mpc
lhs_046,nominal_mpc,1250.0,0.42851998923139556,0.42854533737879863,3.487793896437905,3.8469018806326534,33.11907135272237,False,True,True,False,0.0,False,False,False,False,phase5b0_nominal_mpc
lhs_046,nominal_mpc,1255.0,0.4294265641822761,0.4291205959592511,3.487793896437905,3.8482635228289133,33.1356188258154,False,True,True,False,0.0,False,False,False,False,phase5b0_nominal_mpc
lhs_046,nominal_mpc,1260.0,0.43033313913315663,0.4311119833881624,3.487793896437905,3.8495945021454334,33.15221591759029,False,True,True,False,0.0,False,False,False,False,phase5b0_nominal_mpc
lhs_046,nominal_mpc,1265.0,0.4312061092524647,0.43267025969797374,3.3585086935595165,3.8474959567996625,33.16647089008913,True,True,True,False,0.4175091999999836,False,True,False,False,phase5b0_nominal_mpc
lhs_046,nominal_mpc,1270.0,0.4320790793717728,0.432538947820806,3.3585086935595165,3.848432597552189,33.18067804164197,False,True,True,False,0.0,False,False,False,False,phase5b0_nominal_mpc
lhs_046,nominal_mpc,1275.0,0.4329520494910809,0.43317928662465005,3.3585086935595165,3.849413097829749,33.19485165683783,False,True,True,False,0.0,False,False,False,False,phase5b0_nominal_mpc
lhs_046,nominal_mpc,1280.0,0.433825019610389,0.4346649687069745,3.3585086935595165,3.8504226716150813,33.20900140682037,False,True,True,False,0.0,False,False,False,False,phase5b0_nominal_mpc
lhs_046,nominal_mpc,1285.0,0.4346979897296971,0.43472503736700274,3.3585086935595165,3.8514504935146228,33.22313358957428,False,True,True,False,0.0,False,False,False,False,phase5b0_nominal_mpc
lhs_046,nominal_mpc,1290.0,0.4354355120112712,0.4346683433093612,2.8374109715502507,3.83877478331458,33.22823175617123,True,True,True,False,0.6280436000000122,False,True,False,False,phase5b0_nominal_mpc
lhs_046,nominal_mpc,1295.0,0.43617303429284526,0.4352953727742703,2.8374109715502507,3.838435041371308,33.23304945140366,False,True,True,False,0.0,False,False,False,False,phase5b0_nominal_mpc
lhs_046,nominal_mpc,1300.0,0.43691055657441935,0.4367951389625441,2.8374109715502507,3.838361286475554,33.23765685931003,False,True,True,False,0.0,False,False,False,False,phase5b0_nominal_mpc
lhs_046,nominal_mpc,1305.0,0.43764807885599344,0.4371348227377603,2.8374109715502507,3.838483744101072,33.24210577898452,False,True,True,False,0.0,False,False,False,False,phase5b0_nominal_mpc
lhs_046,nominal_mpc,1310.0,0.4383856011375675,0.4377912461518523,2.8374109715502507,3.838750797867527,33.24643442895745,False,True,True,False,0.0,False,False,False,False,phase5b0_nominal_mpc
lhs_046,nominal_mpc,1315.0,0.4383856011375675,0.43845678130173854,0.0,3.7644514912555156,33.220236153870836,True,False,False,True,0.07368580000002112,False,True,False,True,phase5b0_nominal_mpc
lhs_046,nominal_mpc,1320.0,0.4383856011375675,0.43801987002008735,0.0,3.7573752795094686,33.194211210056494,True,False,False,True,2.822716700000001,False,True,False,False,phase5b0_nominal_mpc
lhs_046,nominal_mpc,1325.0,0.4383856011375675,0.43773492400833314,0.0,3.751802011092193,33.16835854794013,False,False,False,True,0.0,False,False,False,False,phase5b0_nominal_mpc
lhs_046,nominal_mpc,1330.0,0.4383856011375675,0.43751330952885575,0.0,3.747352468840706,33.1426770270396,False,False,False,True,0.0,False,False,False,False,phase5b0_nominal_mpc
lhs_046,nominal_mpc,1335.0,0.4383856011375675,0.43754341191904983,0.0,3.7437456068372077,33.11716551442264,False,False,False,True,0.0,False,False,False,False,phase5b0_nominal_mpc
lhs_046,nominal_mpc,1340.0,0.4383856011375675,0.4380490676953789,0.0,3.7407730490828097,33.091822884656786,False,False,False,True,0.0,False,False,False,False,phase5b0_nominal_mpc
lhs_046,nominal_mpc,1345.0,0.43890545694200966,0.43799800499626557,2.0000000000000013,3.790914664858281,33.08041176678616,True,True,True,False,1.126395099999968,False,True,False,True,phase5b0_nominal_mpc
lhs_046,nominal_mpc,1350.0,0.43971949499593216,0.4377819127677189,3.1317840330592204,3.823878364197389,33.08433209662258,True,True,True,False,0.9151641999999924,False,True,False,False,phase5b0_nominal_mpc
lhs_046,nominal_mpc,1355.0,0.44053353304985465,0.43950627603870907,3.1317840330592204,3.8293200847520006,33.08955586935426,False,True,True,False,0.0,False,False,False,False,phase5b0_nominal_mpc
lhs_046,nominal_mpc,1360.0,0.44134757110377715,0.4404433357247581,3.1317840330592204,3.8336388928966296,33.095757345466396,False,True,True,False,0.0,False,False,False,False,phase5b0_nominal_mpc
lhs_046,nominal_mpc,1365.0,0.44216160915769964,0.4406031314508143,3.1317840330592204,3.8371227063264666,33.102694426520806,False,True,True,False,0.0,False,False,False,False,phase5b0_nominal_mpc
lhs_046,nominal_mpc,1370.0,0.44297564721162214,0.4420253693755526,3.1317840330592204,3.8399847502028583,33.11018692442592,False,True,True,False,0.0,False,False,False,False,phase5b0_nominal_mpc
lhs_046,nominal_mpc,1375.0,0.44297564721162214,0.4432581932825246,0.0,3.759963097032041,33.08489059705223,True,False,False,True,4.12476410000005,False,True,False,True,phase5b0_nominal_mpc
lhs_046,nominal_mpc,1380.0,0.44297564721162214,0.4434670072649086,0.0,3.7537055668209027,33.059761622985555,True,False,False,True,2.6733249000000114,False,True,False,False,phase5b0_nominal_mpc
lhs_046,nominal_mpc,1385.0,0.44297564721162214,0.44413631976417756,0.0,3.748783502348183,33.034798999415216,False,False,False,True,0.0,False,False,False,False,phase5b0_nominal_mpc
lhs_046,nominal_mpc,1390.0,0.44297564721162214,0.4437264707574297,0.0,3.7448596781250516,33.010001625122854,False,False,False,True,0.0,False,False,False,False,phase5b0_nominal_mpc
lhs_046,nominal_mpc,1395.0,0.44297564721162214,0.44335043966737153,0.0,3.7416841784328154,32.98536840618003,False,False,False,True,0.0,False,False,False,False,phase5b0_nominal_mpc
lhs_046,nominal_mpc,1400.0,0.44297564721162214,0.4431592033884354,0.0,3.7390717170980303,32.96089825589995,False,False,False,True,0.0,False,False,False,False,phase5b0_nominal_mpc
lhs_046,nominal_mpc,1405.0,0.4434955030160643,0.4434181354815602,2.0000000000000013,3.7895192991628,32.94953121067599,True,True,True,False,0.9676688999999783,False,True,False,True,phase5b0_nominal_mpc
lhs_046,nominal_mpc,1410.0,0.4434955030160643,0.4431557910237671,0.0,3.7403277276800933,32.925298339429325,True,False,False,True,4.242743399999995,False,True,False,True,phase5b0_nominal_mpc
lhs_046,nominal_mpc,1415.0,0.4440153588205064,0.4435384786038419,2.0000000000000004,3.790327700648084,32.91425940144032,True,True,True,False,1.0105526000000395,False,True,False,True,phase5b0_nominal_mpc
lhs_046,nominal_mpc,1420.0,0.4440153588205064,0.4444597403190384,0.0,3.740812743853431,32.89026002521859,True,False,False,True,4.148789499999964,False,True,False,True,phase5b0_nominal_mpc
lhs_046,nominal_mpc,1425.0,0.4440153588205064,0.4441680942066443,0.0,3.7379465504023046,32.866419479885245,True,False,False,True,3.0171187999999916,False,True,False,False,phase5b0_nominal_mpc
lhs_046,nominal_mpc,1430.0,0.4440153588205064,0.44383762851878406,0.0,3.7355957633534476,32.842736755819836,False,False,False,True,0.0,False,False,False,False,phase5b0_nominal_mpc
lhs_046,nominal_mpc,1435.0,0.4440153588205064,0.44424364210346656,0.0,3.733634209160082,32.81921080826638,False,False,False,True,0.0,False,False,False,False,phase5b0_nominal_mpc
lhs_046,nominal_mpc,1440.0,0.4440153588205064,0.4440680351566304,0.0,3.7319682427401024,32.79584059938501,False,False,False,True,0.0,False,False,False,False,phase5b0_nominal_mpc
lhs_046,nominal_mpc,1445.0,0.4440153588205064,0.44503046320944345,0.0,3.730528302361421,32.772625098206255,False,False,False,True,0.0,False,False,False,False,phase5b0_nominal_mpc
lhs_046,nominal_mpc,1450.0,0.44453521462494855,0.44512244663705924,2.0000000000000004,3.7818971398604937,32.76112956389649,True,True,True,False,1.0235051000000226,False,True,False,True,phase5b0_nominal_mpc
lhs_046,nominal_mpc,1455.0,0.44548703326032396,0.44630125529109566,3.6618563349382907,3.8298090032331684,32.772026026934746,True,True,True,False,1.246567099999993,False,True,False,False,phase5b0_nominal_mpc
lhs_046,nominal_mpc,1460.0,0.4464388518956994,0.4467387935097155,3.6618563349382907,3.8374826204742067,32.785075898324905,False,True,True,False,0.0,False,False,False,False,phase5b0_nominal_mpc
lhs_046,nominal_mpc,1465.0,0.4473906705310748,0.4469589822521572,3.6618563349382907,3.8436326435021644,32.79976252337887,False,True,True,False,0.0,False,False,False,False,phase5b0_nominal_mpc
lhs_046,nominal_mpc,1470.0,0.4483424891664502,0.44787374315161715,3.6618563349382907,3.8486460948629353,32.815700707868004,False,True,True,False,0.0,False,False,False,False,phase5b0_nominal_mpc
lhs_046,nominal_mpc,1475.0,0.4492943078018256,0.44865323430629905,3.6618563349382907,3.8528097211357943,32.832602611758105,False,True,True,False,0.0,False,False,False,False,phase5b0_nominal_mpc
lhs_046,nominal_mpc,1480.0,0.45014334514721105,0.44857784517958743,3.266434030861988,3.8459295365748547,32.84337729390081,True,True,True,False,0.42831210000002784,False,True,False,False,phase5b0_nominal_mpc
lhs_046,nominal_mpc,1485.0,0.4509923824925965,0.4490877320106954,3.266434030861988,3.8479269154103726,32.85443158192477,False,True,True,False,0.0,False,False,False,False,phase5b0_nominal_mpc
lhs_046,nominal_mpc,1490.0,0.45184141983798193,0.44947907674468623,3.266434030861988,3.8497628892996656,32.86571700328403,False,True,True,False,0.0,False,False,False,False,phase5b0_nominal_mpc
lhs_046,nominal_mpc,1495.0,0.45269045718336737,0.4512886096825242,3.266434030861988,3.851473547704505,32.877195997209874,False,True,True,False,0.0,False,False,False,False,phase5b0_nominal_mpc
lhs_046,nominal_mpc,1500.0,0.4535394945287528,0.4529272880929361,3.266434030861988,3.8530858044799605,32.88883915639924,False,True,True,False,0.0,False,False,False,False,phase5b0_nominal_mpc
lhs_046,nominal_mpc,1505.0,0.4535394945287528,0.45499171310488634,0.0,3.7686547747399977,32.86500813060438,True,False,False,True,0.1240791000000172,False,True,False,True,phase5b0_nominal_mpc
lhs_046,nominal_mpc,1510.0,0.45405935033319494,0.4538690652382115,1.9999999999999996,3.8140930326983766,32.857091373518415,True,True,True,False,1.2765453000000093,False,True,False,True,phase5b0_nominal_mpc
lhs_046,nominal_mpc,1515.0,0.4548957706088099,0.45485902663447647,3.2178933791557394,3.8458674145946254,32.86600783593765,True,True,True,False,1.241410099999996,False,True,False,False,phase5b0_nominal_mpc
lhs_046,nominal_mpc,1520.0,0.4557321908844249,0.45533152778442093,3.2178933791557394,3.8490045278470655,32.87554945682254,False,True,True,False,0.0,False,False,False,False,phase5b0_nominal_mpc
lhs_046,nominal_mpc,1525.0,0.4565686111600399,0.4553371258569868,3.2178933791557394,3.8516567968696656,32.88557189767358,False,True,True,False,0.0,False,False,False,False,phase5b0_nominal_mpc
lhs_046,nominal_mpc,1530.0,0.45740503143565486,0.4556173125458042,3.2178933791557394,3.8539452312267954,32.89596697454608,False,True,True,False,0.0,False,False,False,False,phase5b0_nominal_mpc
lhs_046,nominal_mpc,1535.0,0.45824145171126984,0.4569655525689015,3.2178933791557394,3.8559595656983374,32.906653276062826,False,True,True,False,0.0,False,False,False,False,phase5b0_nominal_mpc
lhs_046,nominal_mpc,1540.0,0.4585588540910464,0.45700305066822916,1.2211169984614632,3.805214986679057,32.89133580571345,True,True,True,False,0.7278756000000044,False,True,False,True,phase5b0_nominal_mpc
lhs_046,nominal_mpc,1545.0,0.4593961122752651,0.4570961990916523,3.2211169984614636,3.8542003877289295,32.90128934017234,True,True,True,False,1.2263404000000264,False,True,False,True,phase5b0_nominal_mpc
lhs_046,nominal_mpc,1550.0,0.4601644375660817,0.4588630040976143,2.9559169456273238,3.84977390063076,32.9073905595995,True,True,True,False,0.17433260000001383,False,True,False,False,phase5b0_nominal_mpc
lhs_046,nominal_mpc,1555.0,0.4609327628568983,0.4599669657438502,2.9559169456273238,3.851271469342604,32.91366563517804,False,True,True,False,0.0,False,False,False,False,phase5b0_nominal_mpc
lhs_046,nominal_mpc,1560.0,0.46170108814771493,0.45989966106216684,2.9559169456273238,3.85263953030993,32.9200792746167,False,True,True,False,0.0,False,False,False,False,phase5b0_nominal_mpc
lhs_046,nominal_mpc,1565.0,0.46246941343853154,0.4611596818309938,2.9559169456273238,3.853908662400343,32.9266045531212,False,True,True,False,0.0,False,False,False,False,phase5b0_nominal_mpc
lhs_046,nominal_mpc,1570.0,0.46323773872934815,0.4619407598797044,2.9559169456273238,3.855101606715821,32.93322077837754,False,True,True,False,0.0,False,False,False,False,phase5b0_nominal_mpc
lhs_046,nominal_mpc,1575.0,0.46323773872934815,0.46350418471373783,0.0,3.7784394891214217,32.909095937014875,True,False,False,True,4.139265899999998,False,True,False,True,phase5b0_nominal_mpc
lhs_046,nominal_mpc,1580.0,0.4637575945337903,0.46278073980377493,2.000000000000001,3.8243170028145315,32.90118459509483,True,True,True,False,0.9624650000000088,False,True,False,True,phase5b0_nominal_mpc
lhs_046,nominal_mpc,1585.0,0.46457924205831597,0.46294560219945086,3.1610593457062333,3.8548925634605062,32.90945428233806,True,True,True,False,1.3741114999999695,False,True,False,False,phase5b0_nominal_mpc
lhs_046,nominal_mpc,1590.0,0.46540088958284165,0.46410415075311695,3.1610593457062333,3.8580706665504008,32.91836152477504,False,True,True,False,0.0,False,False,False,False,phase5b0_nominal_mpc
lhs_046,nominal_mpc,1595.0,0.46622253710736733,0.4649697594513978,3.1610593457062333,3.8607160986549895,32.92775047995139,False,True,True,False,0.0,False,False,False,False,phase5b0_nominal_mpc
lhs_046,nominal_mpc,1600.0,0.467044184631893,0.46562709403646635,3.1610593457062333,3.8629635197951915,32.937504818737,False,True,True,False,0.0,False,False,False,False,phase5b0_nominal_mpc
lhs_046,nominal_mpc,1605.0,0.4678658321564187,0.46557796232972315,3.1610593457062333,3.8649127271245773,32.9475374588672,False,True,True,False,0.0,False,False,False,False,phase5b0_nominal_mpc
lhs_046,nominal_mpc,1610.0,0.46867569241949864,0.46541000388313375,3.1157111497448153,3.8654441739348777,32.957022072978674,True,True,True,False,0.10506450000002587,False,True,False,False,phase5b0_nominal_mpc
lhs_046,nominal_mpc,1615.0,0.4694855526825786,0.4661782061974419,3.1157111497448153,3.866879398406367,32.96664181484881,False,True,True,False,0.0,False,False,False,False,phase5b0_nominal_mpc
lhs_046,nominal_mpc,1620.0,0.4702954129456585,0.46753622790513644,3.1157111497448153,3.868209122009391,32.976366493814346,False,True,True,False,0.0,False,False,False,False,phase5b0_nominal_mpc
lhs_046,nominal_mpc,1625.0,0.47110527320873846,0.46876386335148595,3.1157111497448153,3.869457802681285,32.9861729809369,False,True,True,False,0.0,False,False,False,False,phase5b0_nominal_mpc
lhs_046,nominal_mpc,1630.0,0.4719151334718184,0.4700937927384053,3.1157111497448153,3.8706436492308374,32.99604340601629,False,True,True,False,0.0,False,False,False,False,phase5b0_nominal_mpc
lhs_046,nominal_mpc,1635.0,0.4719151334718184,0.47028823462607006,0.0,3.789774685120178,32.97150269884519,True,False,False,True,1.364694600000007,False,True,False,True,phase5b0_nominal_mpc
lhs_046,nominal_mpc,1640.0,0.4719151334718184,0.4697563986153761,0.0,3.7825967836222745,32.94712433772018,True,False,False,True,4.202991300000008,False,True,False,False,phase5b0_nominal_mpc
lhs_046,nominal_mpc,1645.0,0.4719151334718184,0.4708823116687479,0.0,3.7769743299032243,32.92290735813277,False,False,False,True,0.0,False,False,False,False,phase5b0_nominal_mpc
lhs_046,nominal_mpc,1650.0,0.4719151334718184,0.472237861447014,0.0,3.772513577234638,32.89885069175843,False,False,False,True,0.0,False,False,False,False,phase5b0_nominal_mpc
lhs_046,nominal_mpc,1655.0,0.4719151334718184,0.4716324582657677,0.0,3.7689227562805443,32.874953277344844,False,False,False,True,0.0,False,False,False,False,phase5b0_nominal_mpc
lhs_046,nominal_mpc,1660.0,0.4719151334718184,0.47218061607122225,0.0,3.7659855835494027,32.85121406066501,False,False,False,True,0.0,False,False,False,False,phase5b0_nominal_mpc
lhs_046,nominal_mpc,1665.0,0.47243498927626054,0.4727133292621554,1.9999999999999998,3.81618162783934,32.84098764037731,True,True,True,False,1.0789085000000114,False,True,False,True,phase5b0_nominal_mpc
lhs_046,nominal_mpc,1670.0,0.47337919234243825,0.473364057858823,3.632557559652444,3.862392973041698,32.85383793808222,True,True,True,False,1.3827587000000108,False,True,False,False,phase5b0_nominal_mpc
lhs_046,nominal_mpc,1675.0,0.47432339540861596,0.47396622051314674,3.632557559652444,3.8692387090925116,32.86855074270941,False,True,True,False,0.0,False,False,False,False,phase5b0_nominal_mpc
lhs_046,nominal_mpc,1680.0,0.47526759847479366,0.4755034699138607,3.632557559652444,3.874710844842088,32.88466394749492,False,True,True,False,0.0,False,False,False,False,phase5b0_nominal_mpc
lhs_046,nominal_mpc,1685.0,0.47621180154097137,0.4765794381903538,3.632557559652444,3.8791598289045943,32.90183353610077,False,True,True,False,0.0,False,False,False,False,phase5b0_nominal_mpc
lhs_046,nominal_mpc,1690.0,0.4771560046071491,0.47793984374084475,3.632557559652444,3.8828452623900898,32.919802920830286,False,True,True,False,0.0,False,False,False,False,phase5b0_nominal_mpc
lhs_046,nominal_mpc,1695.0,0.47801406571746613,0.4782758113311599,3.3011504458929637,3.8772364916326385,32.93242909566968,True,True,True,False,0.1060999000000038,False,True,False,False,phase5b0_nominal_mpc
lhs_046,nominal_mpc,1700.0,0.4788721268277832,0.47934833405755967,3.3011504458929637,3.879041445047918,32.945271625788195,False,True,True,False,0.0,False,False,False,False,phase5b0_nominal_mpc
lhs_046,nominal_mpc,1705.0,0.47973018793810024,0.48077338145268017,3.3011504458929637,3.8806922367878975,32.958283692955426,False,True,True,False,0.0,False,False,False,False,phase5b0_nominal_mpc
lhs_046,nominal_mpc,1710.0,0.4805882490484173,0.4807614533006311,3.3011504458929637,3.882224831970225,32.97142946789899,False,True,True,False,0.0,False,False,False,False,phase5b0_nominal_mpc
lhs_046,nominal_mpc,1715.0,0.48144631015873435,0.48169788290448434,3.3011504458929637,3.8836659969568452,32.984681312770626,False,True,True,False,0.0,False,False,False,False,phase5b0_nominal_mpc
lhs_046,nominal_mpc,1720.0,0.48144631015873435,0.4835382971530632,0.0,3.7981428623634264,32.960215831695635,True,False,False,True,3.895437900000047,False,True,False,True,phase5b0_nominal_mpc
lhs_046,nominal_mpc,1725.0,0.48144631015873435,0.4829681328250955,0.0,3.7906813730822764,32.935912188143554,True,False,False,True,2.7226681000000212,False,True,False,False,phase5b0_nominal_mpc
lhs_046,nominal_mpc,1730.0,0.48144631015873435,0.48356014540091263,0.0,3.784855685725346,32.91176943150858,False,False,False,True,0.0,False,False,False,False,phase5b0_nominal_mpc
lhs_046,nominal_mpc,1735.0,0.48144631015873435,0.4831036845743064,0.0,3.7802509443453194,32.887786496740524,False,False,False,True,0.0,False,False,False,False,phase5b0_nominal_mpc
lhs_046,nominal_mpc,1740.0,0.48144631015873435,0.48227851154983836,0.0,3.7765597642509414,32.8639623258397,False,False,False,True,0.0,False,False,False,False,phase5b0_nominal_mpc
lhs_046,nominal_mpc,1745.0,0.48144631015873435,0.4824111761904504,0.0,3.773554312361206,32.84029586781023,False,False,False,True,0.0,False,False,False,False,phase5b0_nominal_mpc
lhs_046,nominal_mpc,1750.0,0.48144631015873435,0.4827579628573552,0.0,3.7710656433921774,32.816786078613674,True,False,False,True,2.5221889000000033,False,True,False,False,phase5b0_nominal_mpc
lhs_046,nominal_mpc,1755.0,0.48144631015873435,0.482251396713728,0.0,3.7689684061206443,32.79343192112303,False,False,False,True,0.0,False,False,False,False,phase5b0_nominal_mpc
lhs_046,nominal_mpc,1760.0,0.48144631015873435,0.48153201506993015,0.0,3.7671695240706975,32.77023236507691,False,False,False,True,0.0,False,False,False,False,phase5b0_nominal_mpc
lhs_046,nominal_mpc,1765.0,0.48144631015873435,0.48168683253120836,0.0,3.7655998176951737,32.74718638703412,False,False,False,True,0.0,False,False,False,False,phase5b0_nominal_mpc
lhs_046,nominal_mpc,1770.0,0.48144631015873435,0.4817784770445243,0.0,3.764207803578419,32.724292970328534,False,False,False,True,0.0,False,False,False,False,phase5b0_nominal_mpc
lhs_046,nominal_mpc,1775.0,0.4819661659631765,0.48192577077116644,1.9999999999999996,3.815598990004423,32.71349045699397,True,True,True,False,0.7961644000000092,False,True,False,True,phase5b0_nominal_mpc
lhs_046,nominal_mpc,1780.0,0.4829549844198783,0.4832559959358073,3.804202812597061,3.8672633426354666,32.72775047508328,True,True,True,False,1.4182035999999698,False,True,False,False,phase5b0_nominal_mpc
lhs_046,nominal_mpc,1785.0,0.48394380287658006,0.48386076858210686,3.804202812597061,3.8753038948852514,32.74433763503645,False,True,True,False,0.0,False,False,False,False,phase5b0_nominal_mpc
lhs_046,nominal_mpc,1790.0,0.48493262133328185,0.4837601522373668,3.804202812597061,3.8817366384102696,32.76268535412483,False,True,True,False,0.0,False,False,False,False,phase5b0_nominal_mpc
lhs_046,nominal_mpc,1795.0,0.48592143978998364,0.48546534612115233,3.804202812597061,3.8869707864821375,32.78237145010329,False,True,True,False,0.0,False,False,False,False,phase5b0_nominal_mpc
lhs_046,nominal_mpc,1800.0,0.48691025824668543,0.48654567213587696,3.804202812597061,3.8913095066513534,32.80308066886975,False,True,True,False,0.0,False,False,False,False,phase5b0_nominal_mpc
lhs_046,nominal_mpc,1805.0,0.4872421665841371,0.48708674993467954,1.2769246187713534,3.8284509075851294,32.788754631130644,True,False,False,True,1.220206200000007,False,True,False,True,phase5b0_nominal_mpc
lhs_046,nominal_mpc,1810.0,0.48803615322234156,0.48772534753887686,3.0546418119020906,3.8716887673419573,32.796163079051404,True,True,True,False,0.6330621000000178,False,True,False,False,phase5b0_nominal_mpc
lhs_046,nominal_mpc,1815.0,0.488830139860546,0.48704183681162594,3.0546418119020906,3.873765082513338,32.8038870102676,False,True,True,False,0.0,False,False,False,False,phase5b0_nominal_mpc
lhs_046,nominal_mpc,1820.0,0.4896241264987505,0.48796335847516953,3.0546418119020906,3.8756099626424976,32.81186094470127,False,True,True,False,0.0,False,False,False,False,phase5b0_nominal_mpc
lhs_046,nominal_mpc,1825.0,0.49041811313695494,0.4883871456284311,3.0546418119020906,3.8772792851137985,32.82003529714602,False,True,True,False,0.0,False,False,False,False,phase5b0_nominal_mpc
lhs_046,nominal_mpc,1830.0,0.4912120997751594,0.4906492058809237,3.0546418119020906,3.8788145587997005,32.82837223942114,False,True,True,False,0.0,False,False,False,False,phase5b0_nominal_mpc
lhs_046,nominal_mpc,1835.0,0.4912120997751594,0.4918759330525237,0.0,3.79983466211484,32.80494148482486,True,False,False,True,3.964033200000017,False,True,False,True,phase5b0_nominal_mpc
lhs_046,nominal_mpc,1840.0,0.4915362116050854,0.49145580368603664,1.2469297338090761,3.82588408641085,32.78969123501544,True,True,True,False,1.0735134000000244,False,True,False,False,phase5b0_nominal_mpc
lhs_046,nominal_mpc,1845.0,0.49186032343501146,0.492191285808971,1.2469297338090761,3.823918652004491,32.77429626204911,False,True,True,False,0.0,False,False,False,False,phase5b0_nominal_mpc
lhs_046,nominal_mpc,1850.0,0.4921844352649375,0.4915648564577207,1.2469297338090761,3.822431773738047,32.75881116000711,False,True,True,False,0.0,False,False,False,False,phase5b0_nominal_mpc
lhs_046,nominal_mpc,1855.0,0.4925085470948635,0.4909358407127256,1.2469297338090761,3.821302651213065,32.74327658708737,False,True,True,False,0.0,False,False,False,False,phase5b0_nominal_mpc
lhs_046,nominal_mpc,1860.0,0.49283265892478956,0.49130937277458586,1.2469297338090761,3.8204417597796843,32.72772285429988,False,True,True,False,0.0,False,False,False,False,phase5b0_nominal_mpc
lhs_046,nominal_mpc,1865.0,0.4936766265591577,0.4922455034571902,3.2469297338090763,3.8724328366894474,32.73599219774474,True,True,True,False,0.6212542000000099,False,True,False,True,phase5b0_nominal_mpc
lhs_046,nominal_mpc,1870.0,0.49466657383420876,0.49237158883035564,3.8085456258910546,3.892033731041937,32.75498388560132,True,True,True,False,0.7239471999999978,False,True,False,False,phase5b0_nominal_mpc
lhs_046,nominal_mpc,1875.0,0.4956565211092598,0.49305607490416936,3.8085456258910546,3.897442607804232,32.775371893195285,False,True,True,False,0.0,False,False,False,False,phase5b0_nominal_mpc
lhs_046,nominal_mpc,1880.0,0.4966464683843108,0.4941958969763014,3.8085456258910546,3.901892773514713,32.79681821039621,False,True,True,False,0.0,False,False,False,False,phase5b0_nominal_mpc
lhs_046,nominal_mpc,1885.0,0.49763641565936184,0.49437787879773976,3.8085456258910546,3.905626116182432,32.81907026596245,False,True,True,False,0.0,False,False,False,False,phase5b0_nominal_mpc
lhs_046,nominal_mpc,1890.0,0.49862636293441287,0.49519352334407996,3.8085456258910546,3.9088219211468185,32.841938794018425,False,True,True,False,0.0,False,False,False,False,phase5b0_nominal_mpc
lhs_046,nominal_mpc,1895.0,0.49964217497233204,0.49601905817831565,3.9080530764075907,3.9142328676446487,32.86723936625515,True,True,True,False,0.34613130000002457,False,True,False,False,phase5b0_nominal_mpc
lhs_046,nominal_mpc,1900.0,0.5006579870102512,0.49695956067719865,3.9080530764075907,3.916982801981176,32.8929903089587,False,True,True,False,0.0,False,False,False,False,phase5b0_nominal_mpc
lhs_046,nominal_mpc,1905.0,0.5016737990481704,0.49856825399597954,3.9080530764075907,3.9194477592967316,32.91908954477601,False,True,True,False,0.0,False,False,False,False,phase5b0_nominal_mpc
lhs_046,nominal_mpc,1910.0,0.5026896110860897,0.4993674497090496,3.9080530764075907,3.921694834700715,32.94545934711448,False,True,True,False,0.0,False,False,False,False,phase5b0_nominal_mpc
lhs_046,nominal_mpc,1915.0,0.5037054231240089,0.500566216925949,3.9080530764075907,3.9237740051178283,32.97204009215719,False,True,True,False,0.0,False,False,False,False,phase5b0_nominal_mpc
lhs_046,nominal_mpc,1920.0,0.5046497258865996,0.5021659993495265,3.632941113753941,3.9184796865032308,32.99330134209863,True,True,True,False,0.4477931000000126,False,True,False,False,phase5b0_nominal_mpc
lhs_046,nominal_mpc,1925.0,0.5055940286491903,0.5032304439149334,3.632941113753941,3.9195927745080206,33.0144926067731,False,True,True,False,0.0,False,False,False,False,phase5b0_nominal_mpc
lhs_046,nominal_mpc,1930.0,0.5065383314117811,0.5044150363811128,3.632941113753941,3.92076391008486,33.035634381324456,False,True,True,False,0.0,False,False,False,False,phase5b0_nominal_mpc
lhs_046,nominal_mpc,1935.0,0.5074826341743718,0.505274037049275,3.632941113753941,3.921973396340932,33.05674050480035,False,True,True,False,0.0,False,False,False,False,phase5b0_nominal_mpc
lhs_046,nominal_mpc,1940.0,0.5084269369369625,0.5070184759767401,3.632941113753941,3.9232068174419434,33.07781995529319,False,True,True,False,0.0,False,False,False,False,phase5b0_nominal_mpc
lhs_046,nominal_mpc,1945.0,0.5091477842294017,0.5091757142000667,2.7732586085586375,3.9018212083865045,33.083462974090594,True,True,True,False,0.2504081999999812,False,True,False,False,phase5b0_nominal_mpc
lhs_046,nominal_mpc,1950.0,0.5098686315218408,0.5098154169024043,2.7732586085586375,3.9007850792288705,33.088651781715136,False,True,True,False,0.0,False,False,False,False,phase5b0_nominal_mpc
lhs_046,nominal_mpc,1955.0,0.51058947881428,0.5095582297694832,2.7732586085586375,3.900187265554955,33.09349930620581,False,True,True,False,0.0,False,False,False,False,phase5b0_nominal_mpc
lhs_046,nominal_mpc,1960.0,0.5113103261067191,0.5111334863645715,2.7732586085586375,3.899913606216289,33.09808907242254,False,True,True,False,0.0,False,False,False,False,phase5b0_nominal_mpc
lhs_046,nominal_mpc,1965.0,0.5120311733991583,0.5111445384285355,2.7732586085586375,3.8998796213274063,33.10248288095908,False,True,True,False,0.0,False,False,False,False,phase5b0_nominal_mpc
lhs_046,nominal_mpc,1970.0,0.5120311733991583,0.5123001703026064,0.0,3.8270127023641622,33.07723754329759,True,False,False,True,4.0875798000000145,False,True,False,True,phase5b0_nominal_mpc
lhs_046,nominal_mpc,1975.0,0.5123108176800255,0.5119718671398195,1.0758532596066992,3.8482268898714462,33.05948324311026,True,True,True,False,1.0195262999999954,False,True,False,False,phase5b0_nominal_mpc
lhs_046,nominal_mpc,1980.0,0.5125904619608928,0.5114397181791481,1.0758532596066992,3.845491547551667,33.04156829232344,False,True,True,False,0.0,False,False,False,False,phase5b0_nominal_mpc
lhs_046,nominal_mpc,1985.0,0.51287010624176,0.5117464556103497,1.0758532596066992,3.843336799908788,33.02354978649316,False,True,True,False,0.0,False,False,False,False,phase5b0_nominal_mpc
lhs_046,nominal_mpc,1990.0,0.5131497505226272,0.5123050199699875,1.0758532596066992,3.841618298123676,33.005470449597986,False,True,True,False,0.0,False,False,False,False,phase5b0_nominal_mpc
lhs_046,nominal_mpc,1995.0,0.5134293948034945,0.513061619230667,1.0758532596066992,3.8402289875132563,32.98736232917792,False,True,True,False,0.0,False,False,False,False,phase5b0_nominal_mpc
lhs_046,nominal_mpc,2000.0,0.5136050876226911,0.513039730752789,0.6759290468445965,3.8285608326469047,32.9663715807498,True,True,True,False,0.8520458000000417,False,True,False,False,phase5b0_nominal_mpc
lhs_046,nominal_mpc,2005.0,0.5137807804418877,0.5132712471301625,0.6759290468445965,3.8265472799157236,32.94539524683803,False,True,True,False,0.0,False,False,False,False,phase5b0_nominal_mpc
lhs_046,nominal_mpc,2010.0,0.5139564732610843,0.5143672823894957,0.6759290468445965,3.8248843525186094,32.92445439239962,False,True,True,False,0.0,False,False,False,False,phase5b0_nominal_mpc
lhs_046,nominal_mpc,2015.0,0.5141321660802809,0.5151426950458189,0.6759290468445965,3.8234881150799125,32.90356481675979,False,True,True,False,0.0,False,False,False,False,phase5b0_nominal_mpc
lhs_046,nominal_mpc,2020.0,0.5143078588994775,0.5163025553051241,0.6759290468445965,3.8222962030932894,32.882738414634254,False,True,True,False,0.0,False,False,False,False,phase5b0_nominal_mpc
lhs_046,nominal_mpc,2025.0,0.5150034075231162,0.5161632286361543,2.675929046844597,3.873915165982904,32.881063197799975,True,True,True,False,0.761698899999999,False,True,False,True,phase5b0_nominal_mpc
lhs_046,nominal_mpc,2030.0,0.5160645691286307,0.5171833705468233,4.082522870561526,3.9153599229846656,32.90324626611972,True,True,True,False,1.0012307000000078,False,True,False,False,phase5b0_nominal_mpc
lhs_046,nominal_mpc,2035.0,0.5171257307341453,0.5177423368614129,4.082522870561526,3.922597543672482,32.92756078983329,False,True,True,False,0.0,False,False,False,False,phase5b0_nominal_mpc
lhs_046,nominal_mpc,2040.0,0.5181868923396598,0.5190034676799571,4.082522870561526,3.92843436806045,32.95347765584551,False,True,True,False,0.0,False,False,False,False,phase5b0_nominal_mpc
lhs_046,nominal_mpc,2045.0,0.5192480539451743,0.5200751852701895,4.082522870561526,3.933226336080089,32.980602535424495,False,True,True,False,0.0,False,False,False,False,phase5b0_nominal_mpc
lhs_046,nominal_mpc,2050.0,0.5203092155506888,0.5210910162796868,4.082522870561526,3.9372371669528494,33.008640911301995,False,True,True,False,0.0,False,False,False,False,phase5b0_nominal_mpc
lhs_046,nominal_mpc,2055.0,0.5212036784980936,0.5209802127552097,3.4411963462239754,3.9237782980354776,33.02482803445716,True,True,True,False,0.7987229999999954,False,True,False,False,phase5b0_nominal_mpc
lhs_046,nominal_mpc,2060.0,0.5220981414454984,0.5216229033517489,3.4411963462239754,3.9250550324523004,33.04104136897249,False,True,True,False,0.0,False,False,False,False,phase5b0_nominal_mpc
lhs_046,nominal_mpc,2065.0,0.5229926043929032,0.5227814409299348,3.4411963462239754,3.926325182590456,33.057279442507394,False,True,True,False,0.0,False,False,False,False,phase5b0_nominal_mpc
lhs_046,nominal_mpc,2070.0,0.523887067340308,0.522663279169605,3.4411963462239754,3.9275863378795526,33.07353997213823,False,True,True,False,0.0,False,False,False,False,phase5b0_nominal_mpc
lhs_046,nominal_mpc,2075.0,0.5247815302877128,0.5245000066584706,3.4411963462239754,3.9288368621452983,33.089820149241184,False,True,True,False,0.0,False,False,False,False,phase5b0_nominal_mpc
lhs_046,nominal_mpc,2080.0,0.5257559512123332,0.5262326656466799,3.7488123294729805,3.938174314349195,33.11199793574169,True,True,True,False,0.6890510999999719,False,True,False,False,phase5b0_nominal_mpc
lhs_046,nominal_mpc,2085.0,0.5267303721369536,0.5266782083170767,3.7488123294729805,3.9402200063390147,33.134407046980485,False,True,True,False,0.0,False,False,False,False,phase5b0_nominal_mpc
lhs_046,nominal_mpc,2090.0,0.527704793061574,0.5270599843955776,3.7488123294729805,3.942096337462971,33.15698941349219,False,True,True,False,0.0,False,False,False,False,phase5b0_nominal_mpc
lhs_046,nominal_mpc,2095.0,0.5286792139861944,0.5271981078105116,3.7488123294729805,3.9438426246492178,33.179700642337885,False,True,True,False,0.0,False,False,False,False,phase5b0_nominal_mpc
lhs_046,nominal_mpc,2100.0,0.5296536349108149,0.5290838376064091,3.7488123294729805,3.9454881373125574,33.202506506767016,False,True,True,False,0.0,False,False,False,False,phase5b0_nominal_mpc
lhs_046,nominal_mpc,2105.0,0.5305645129274232,0.5297677574098942,3.504348739881191,3.9406185548292614,33.22058346089635,True,True,True,False,0.6267622999999958,False,True,False,False,phase5b0_nominal_mpc
lhs_046,nominal_mpc,2110.0,0.5314753909440316,0.530862905019434,3.504348739881191,3.941471296461886,33.238543253450516,False,True,True,False,0.0,False,False,False,False,phase5b0_nominal_mpc
lhs_046,nominal_mpc,2115.0,0.53238626896064,0.5318329655404375,3.504348739881191,3.9423981166020066,33.25641055664881,False,True,True,False,0.0,False,False,False,False,phase5b0_nominal_mpc
lhs_046,nominal_mpc,2120.0,0.5332971469772484,0.5316489024282396,3.504348739881191,3.9433768684890653,33.274202826258914,False,True,True,False,0.0,False,False,False,False,phase5b0_nominal_mpc
lhs_046,nominal_mpc,2125.0,0.5342080249938568,0.5324882737726412,3.504348739881191,3.9443912700027335,33.291932221441506,False,True,True,False,0.0,False,False,False,False,phase5b0_nominal_mpc
lhs_046,nominal_mpc,2130.0,0.5350398242834291,0.531884236279492,3.200115426103562,3.9374194235831483,33.30393568036944,True,True,True,False,0.21218040000002247,False,True,False,False,phase5b0_nominal_mpc
lhs_046,nominal_mpc,2135.0,0.5358716235730014,0.5320307271460626,3.200115426103562,3.9376618701881925,33.31571366679483,False,True,True,False,0.0,False,False,False,False,phase5b0_nominal_mpc
lhs_046,nominal_mpc,2140.0,0.5367034228625738,0.5325034912133729,3.200115426103562,3.9380678183990248,33.32731504664538,False,True,True,False,0.0,False,False,False,False,phase5b0_nominal_mpc
lhs_046,nominal_mpc,2145.0,0.5375352221521461,0.5326868435124061,3.200115426103562,3.9385936392921947,33.33877571832123,False,True,True,False,0.0,False,False,False,False,phase5b0_nominal_mpc
lhs_046,nominal_mpc,2150.0,0.5383670214417184,0.5345258859874729,3.200115426103562,3.939207090676448,33.35012200831936,False,True,True,False,0.0,False,False,False,False,phase5b0_nominal_mpc
lhs_046,nominal_mpc,2155.0,0.5383670214417184,0.5350908572551704,0.0,3.855628497466425,33.32323735969317,True,False,False,True,0.24133569999997917,False,True,False,True,phase5b0_nominal_mpc
lhs_046,nominal_mpc,2160.0,0.5383670214417184,0.5347089509783788,0.0,3.8478235742912346,33.29653056147178,True,False,False,True,4.020082600000023,False,True,False,False,phase5b0_nominal_mpc
lhs_046,nominal_mpc,2165.0,0.5383670214417184,0.5339231062123865,0.0,3.8416817699347465,33.27000055873469,False,False,False,True,0.0,False,False,False,False,phase5b0_nominal_mpc
lhs_046,nominal_mpc,2170.0,0.5383670214417184,0.5333001871792532,0.0,3.8367832283038683,33.24364618111906,False,False,False,True,0.0,False,False,False,False,phase5b0_nominal_mpc
lhs_046,nominal_mpc,2175.0,0.5383670214417184,0.5335000997379207,0.0,3.8328167929256916,33.217466266009765,False,False,False,True,0.0,False,False,False,False,phase5b0_nominal_mpc
lhs_046,nominal_mpc,2180.0,0.5383670214417184,0.532866575019269,0.0,3.829551770465377,33.19145965848799,False,False,False,True,0.0,False,False,False,False,phase5b0_nominal_mpc
lhs_046,nominal_mpc,2185.0,0.5383670214417184,0.5329207893889544,0.0,3.826817032339731,33.165625211280364,True,False,False,True,2.684944900000005,False,True,False,False,phase5b0_nominal_mpc
lhs_046,nominal_mpc,2190.0,0.5383670214417184,0.5328844832782453,0.0,3.8244855472935373,33.13996178470828,False,False,False,True,0.0,False,False,False,False,phase5b0_nominal_mpc
lhs_046,nominal_mpc,2195.0,0.5383670214417184,0.5325890805269049,0.0,3.8224629334633216,33.11446824663767,False,False,False,True,0.0,False,False,False,False,phase5b0_nominal_mpc
lhs_046,nominal_mpc,2200.0,0.5383670214417184,0.5338809903943634,0.0,3.8206789852909573,33.08914347242906,False,False,False,True,0.0,False,False,False,False,phase5b0_nominal_mpc
lhs_046,nominal_mpc,2205.0,0.5383670214417184,0.5339215928203257,0.0,3.8190814021472055,33.06398634488791,False,False,False,True,0.0,False,False,False,False,phase5b0_nominal_mpc
lhs_046,nominal_mpc,2210.0,0.5388868772461606,0.5339153050571769,2.0,3.8702890965171757,33.05180234292027,True,True,True,False,0.9949861000000055,False,True,False,True,phase5b0_nominal_mpc
lhs_046,nominal_mpc,2215.0,0.5398953588227673,0.5346155373107007,3.8798511740729293,3.9237817814894598,33.06673533010573,True,True,True,False,1.2173782000000415,False,True,False,False,phase5b0_nominal_mpc
lhs_046,nominal_mpc,2220.0,0.540903840399374,0.5363752583188456,3.8798511740729293,3.931867440772382,33.08404621233379,False,True,True,False,0.0,False,False,False,False,phase5b0_nominal_mpc
lhs_046,nominal_mpc,2225.0,0.5419123219759807,0.5374493954500663,3.8798511740729293,3.9383133008006665,33.10314569563092,False,True,True,False,0.0,False,False,False,False,phase5b0_nominal_mpc
lhs_046,nominal_mpc,2230.0,0.5429208035525874,0.5377177386799548,3.8798511740729293,3.943537948516464,33.12359512867732,False,True,True,False,0.0,False,False,False,False,phase5b0_nominal_mpc
lhs_046,nominal_mpc,2235.0,0.5439292851291941,0.5389994542541093,3.8798511740729293,3.9478514551828385,33.14506739202758,False,True,True,False,0.0,False,False,False,False,phase5b0_nominal_mpc
lhs_046,nominal_mpc,2240.0,0.5439292851291941,0.5393771117139136,0.0,3.84932608974987,33.11954020585447,True,False,False,True,2.3579154000000244,False,True,False,True,phase5b0_nominal_mpc
lhs_046,nominal_mpc,2245.0,0.5444491409336363,0.5396587180366698,1.999999999999998,3.894762393179171,33.11044465703968,True,True,True,False,1.2940515999999889,False,True,False,True,phase5b0_nominal_mpc
lhs_046,nominal_mpc,2250.0,0.5453161609292444,0.5404680955821871,3.335617254629147,3.9296289646143086,33.12044952892662,True,True,True,False,1.3157441999999833,False,True,False,False,phase5b0_nominal_mpc
lhs_046,nominal_mpc,2255.0,0.5461831809248525,0.5409500647213832,3.335617254629147,3.933058211507158,33.13116701388865,False,True,True,False,0.0,False,False,False,False,phase5b0_nominal_mpc
lhs_046,nominal_mpc,2260.0,0.5470502009204606,0.5413183144830673,3.335617254629147,3.9359331732794045,33.14242590598223,False,True,True,False,0.0,False,False,False,False,phase5b0_nominal_mpc
lhs_046,nominal_mpc,2265.0,0.5479172209160688,0.5421695761630655,3.335617254629147,3.9383934456192358,33.154098226037235,False,True,True,False,0.0,False,False,False,False,phase5b0_nominal_mpc
lhs_046,nominal_mpc,2270.0,0.5487842409116769,0.5440010597604813,3.335617254629147,3.940542507231209,33.166087994040886,False,True,True,False,0.0,False,False,False,False,phase5b0_nominal_mpc
lhs_046,nominal_mpc,2275.0,0.5496854643150254,0.5446939603547156,3.4672053121178705,3.9459220303794336,33.18067868146572,True,True,True,False,0.725334499999974,False,True,False,False,phase5b0_nominal_mpc
lhs_046,nominal_mpc,2280.0,0.5505866877183739,0.5452643085846306,3.4672053121178705,3.9480101854378336,33.19555249573954,False,True,True,False,0.0,False,False,False,False,phase5b0_nominal_mpc
lhs_046,nominal_mpc,2285.0,0.5514879111217225,0.5468424200288804,3.4672053121178705,3.949896148094344,33.21064476786001,False,True,True,False,0.0,False,False,False,False,phase5b0_nominal_mpc
lhs_046,nominal_mpc,2290.0,0.552389134525071,0.5486874337936716,3.4672053121178705,3.9516282389984925,33.225906365638764,False,True,True,False,0.0,False,False,False,False,phase5b0_nominal_mpc
lhs_046,nominal_mpc,2295.0,0.5532903579284195,0.5496621927588266,3.4672053121178705,3.953242378218946,33.241299700114084,False,True,True,False,0.0,False,False,False,False,phase5b0_nominal_mpc
lhs_046,nominal_mpc,2300.0,0.5542392014936173,0.5501349203375557,3.6504105834346103,3.9595896497235676,33.260258482193,True,True,True,False,0.6672593999999776,False,True,False,False,phase5b0_nominal_mpc
lhs_046,nominal_mpc,2305.0,0.555188045058815,0.5506263069238787,3.6504105834346103,3.9615303573319416,33.27942698621108,False,True,True,False,0.0,False,False,False,False,phase5b0_nominal_mpc
lhs_046,nominal_mpc,2310.0,0.5561368886240128,0.5511209274609733,3.6504105834346103,3.9633214568984934,33.298754988996514,False,True,True,False,0.0,False,False,False,False,phase5b0_nominal_mpc
lhs_046,nominal_mpc,2315.0,0.5570857321892105,0.5528641855854747,3.6504105834346103,3.9649976045335253,33.31820400157673,False,True,True,False,0.0,False,False,False,False,phase5b0_nominal_mpc
lhs_046,nominal_mpc,2320.0,0.5580345757544083,0.5543815930893795,3.6504105834346103,3.966584610119361,33.33774426446063,False,True,True,False,0.0,False,False,False,False,phase5b0_nominal_mpc
lhs_046,nominal_mpc,2325.0,0.5589124531617498,0.5559350719907254,3.377388113550068,3.9609117897476027,33.352142138445245,True,True,True,False,0.2462483000000475,False,True,False,False,phase5b0_nominal_mpc
lhs_046,nominal_mpc,2330.0,0.5597903305690912,0.5563238155725432,3.377388113550068,3.9616441499054997,33.3664137542383,False,True,True,False,0.0,False,False,False,False,phase5b0_nominal_mpc
lhs_046,nominal_mpc,2335.0,0.5606682079764327,0.5565103439655338,3.377388113550068,3.962470749867765,33.38058887755935,False,True,True,False,0.0,False,False,False,False,phase5b0_nominal_mpc
lhs_046,nominal_mpc,2340.0,0.5615460853837742,0.5571877324140236,3.377388113550068,3.963364718486479,33.39468883899376,False,True,True,False,0.0,False,False,False,False,phase5b0_nominal_mpc
lhs_046,nominal_mpc,2345.0,0.5624239627911156,0.5589663261751836,3.377388113550068,3.9643062644295,33.40872876660502,False,True,True,False,0.0,False,False,False,False,phase5b0_nominal_mpc
lhs_046,nominal_mpc,2350.0,0.5624239627911156,0.5599140308423873,0.0,3.876333697804905,33.381456158793625,True,False,False,True,0.8736226999999985,False,True,False,True,phase5b0_nominal_mpc
lhs_046,nominal_mpc,2355.0,0.5624239627911156,0.5599242277525771,0.0,3.8683052954453525,33.35436395979541,True,False,False,True,3.2916461000000368,False,True,False,False,phase5b0_nominal_mpc
lhs_046,nominal_mpc,2360.0,0.5624239627911156,0.5600388220953801,0.0,3.862010965646682,33.32745110758382,False,False,False,True,0.0,False,False,False,False,phase5b0_nominal_mpc
lhs_046,nominal_mpc,2365.0,0.5624239627911156,0.5599593067714516,0.0,3.8570119753552943,33.300716414906766,False,False,False,True,0.0,False,False,False,False,phase5b0_nominal_mpc
lhs_046,nominal_mpc,2370.0,0.5624239627911156,0.56016704561005,0.0,3.852983211991661,33.27415870237162,False,False,False,True,0.0,False,False,False,False,phase5b0_nominal_mpc
lhs_046,nominal_mpc,2375.0,0.5624239627911156,0.5606878702716851,0.0,3.849683667551664,33.24777679839317,False,False,False,True,0.0,False,False,False,False,phase5b0_nominal_mpc
lhs_046,nominal_mpc,2380.0,0.5629438185955578,0.5611076124305778,2.000000000000001,3.8996065977972227,33.23570513574927,True,True,True,False,1.1740151000000196,False,True,False,True,phase5b0_nominal_mpc
lhs_046,nominal_mpc,2385.0,0.5638840046870884,0.5609248489018599,3.617103371730508,3.945208127989088,33.24701413121154,True,True,True,False,1.2428567000000044,False,True,False,False,phase5b0_nominal_mpc
lhs_046,nominal_mpc,2390.0,0.5648241907786191,0.562194798711317,3.617103371730508,3.951843952707697,33.26010756249294,False,True,True,False,0.0,False,False,False,False,phase5b0_nominal_mpc
lhs_046,nominal_mpc,2395.0,0.5657643768701498,0.5629358731363112,3.617103371730508,3.957140717827611,33.274536573003886,False,True,True,False,0.0,False,False,False,False,phase5b0_nominal_mpc
lhs_046,nominal_mpc,2400.0,0.5667045629616805,0.5632580476505028,3.617103371730508,3.961441282205913,33.289967346438814,False,True,True,False,0.0,False,False,False,False,phase5b0_nominal_mpc
lhs_046,nominal_mpc,2405.0,0.5676447490532112,0.5636148143898068,3.617103371730508,3.9649995909571434,33.306151222439965,False,True,True,False,0.0,False,False,False,False,phase5b0_nominal_mpc
lhs_046,nominal_mpc,2410.0,0.568540853676874,0.5637227134748065,3.4475122370694513,3.963537017208155,33.31976759705144,True,True,True,False,0.9019544000000224,False,True,False,False,phase5b0_nominal_mpc
lhs_046,nominal_mpc,2415.0,0.5694369583005369,0.564349829803474,3.4475122370694513,3.965672833676947,33.3336832501178,False,True,True,False,0.0,False,False,False,False,phase5b0_nominal_mpc
lhs_046,nominal_mpc,2420.0,0.5703330629241997,0.5651910518913811,3.4475122370694513,3.967583573835182,33.347826412875335,False,True,True,False,0.0,False,False,False,False,phase5b0_nominal_mpc
lhs_046,nominal_mpc,2425.0,0.5712291675478626,0.5660503389766048,3.4475122370694513,3.9693241590072903,33.3621428575083,False,True,True,False,0.0,False,False,False,False,phase5b0_nominal_mpc
lhs_046,nominal_mpc,2430.0,0.5721252721715254,0.5674258386825914,3.4475122370694513,3.970935376107557,33.37659138874355,False,True,True,False,0.0,False,False,False,False,phase5b0_nominal_mpc
lhs_046,nominal_mpc,2435.0,0.572907968353776,0.5684277332206582,3.0112049363018074,3.9609550447355373,33.383396560253594,True,True,True,False,0.3461130999999682,False,True,False,False,phase5b0_nominal_mpc
lhs_046,nominal_mpc,2440.0,0.5736906645360266,0.5703173775664584,3.0112049363018074,3.9612227309850354,33.39002681313706,False,True,True,False,0.0,False,False,False,False,phase5b0_nominal_mpc
lhs_046,nominal_mpc,2445.0,0.5744733607182771,0.5712329807366489,3.0112049363018074,3.9616527147021245,33.39652742173426,False,True,True,False,0.0,False,False,False,False,phase5b0_nominal_mpc
lhs_046,nominal_mpc,2450.0,0.5752560569005277,0.5722584480016325,3.0112049363018074,3.9622016296253846,33.402931526800465,False,True,True,False,0.0,False,False,False,False,phase5b0_nominal_mpc
lhs_046,nominal_mpc,2455.0,0.5760387530827783,0.5734503215685748,3.0112049363018074,3.9628374344761665,33.40926332077606,False,True,True,False,0.0,False,False,False,False,phase5b0_nominal_mpc
lhs_046,nominal_mpc,2460.0,0.5768581815254348,0.5733142254723779,3.152522048054646,3.967259078598605,33.41795533828113,True,True,True,False,0.5239927999999736,False,True,False,False,phase5b0_nominal_mpc
lhs_046,nominal_mpc,2465.0,0.5776776099680913,0.5754252068097325,3.152522048054646,3.968382455694683,33.4266844808466,False,True,True,False,0.0,False,False,False,False,phase5b0_nominal_mpc
lhs_046,nominal_mpc,2470.0,0.5784970384107477,0.5768229950186643,3.152522048054646,3.96946684304705,33.43543933282367,False,True,True,False,0.0,False,False,False,False,phase5b0_nominal_mpc
lhs_046,nominal_mpc,2475.0,0.5793164668534042,0.5773300417352687,3.152522048054646,3.9705208807531553,33.44421100710215,False,True,True,False,0.0,False,False,False,False,phase5b0_nominal_mpc
lhs_046,nominal_mpc,2480.0,0.5801358952960607,0.5792777580985514,3.152522048054646,3.9715510302950894,33.452992500846186,False,True,True,False,0.0,False,False,False,False,phase5b0_nominal_mpc
lhs_046,nominal_mpc,2485.0,0.5801358952960607,0.5796806550214427,0.0,3.889511642971715,33.4254268571279,True,False,False,True,0.07367499999998017,False,True,False,True,phase5b0_nominal_mpc
lhs_046,nominal_mpc,2490.0,0.5801358952960607,0.5791354656866634,0.0,3.882057218967003,33.39804357790203,True,False,False,True,2.6583337000000142,False,True,False,False,phase5b0_nominal_mpc
lhs_046,nominal_mpc,2495.0,0.5801358952960607,0.5795133534941037,0.0,3.876194946964025,33.370841572375525,False,False,False,True,0.0,False,False,False,False,phase5b0_nominal_mpc
lhs_046,nominal_mpc,2500.0,0.5801358952960607,0.579453361554743,0.0,3.871522732747641,33.343819640540396,False,False,False,True,0.0,False,False,False,False,phase5b0_nominal_mpc
lhs_046,nominal_mpc,2505.0,0.5801358952960607,0.5800410365003911,0.0,3.867742588585813,33.31697659033254,False,False,False,True,0.0,False,False,False,False,phase5b0_nominal_mpc
lhs_046,nominal_mpc,2510.0,0.5801358952960607,0.5803781877639225,0.0,3.8646335897064725,33.290311237579154,False,False,False,True,0.0,False,False,False,False,phase5b0_nominal_mpc
lhs_046,nominal_mpc,2515.0,0.5806557511005028,0.5802619693746173,1.9999999999999993,3.914719989858824,33.27777564455926,True,True,True,False,1.0033781000000204,False,True,False,True,phase5b0_nominal_mpc
lhs_046,nominal_mpc,2520.0,0.5815106193410143,0.581034836976049,3.288866771157446,3.951818918718295,33.28310612069135,True,True,True,False,1.381700099999989,False,True,False,False,phase5b0_nominal_mpc
lhs_046,nominal_mpc,2525.0,0.5823654875815258,0.5815547299274332,3.288866771157446,3.9576957032314706,33.289887386856996,False,True,True,False,0.0,False,False,False,False,phase5b0_nominal_mpc
lhs_046,nominal_mpc,2530.0,0.5832203558220374,0.5818298042352248,3.288866771157446,3.9623828234742056,33.29775660343407,False,True,True,False,0.0,False,False,False,False,phase5b0_nominal_mpc
lhs_046,nominal_mpc,2535.0,0.5840752240625489,0.5824510744286654,3.288866771157446,3.9661855302196587,33.30644405570477,False,True,True,False,0.0,False,False,False,False,phase5b0_nominal_mpc
lhs_046,nominal_mpc,2540.0,0.5849300923030604,0.5815734864382187,3.288866771157446,3.969329892881113,33.315748959128705,False,True,True,False,0.0,False,False,False,False,phase5b0_nominal_mpc
lhs_046,nominal_mpc,2545.0,0.5858237184498455,0.5823679167153192,3.4379769895772085,3.9759119828254947,33.32814013995722,True,True,True,False,0.9378902999999923,False,True,False,False,phase5b0_nominal_mpc
lhs_046,nominal_mpc,2550.0,0.5867173445966306,0.5836701584548918,3.4379769895772085,3.9785988561499237,33.34099838045987,False,True,True,False,0.0,False,False,False,False,phase5b0_nominal_mpc
lhs_046,nominal_mpc,2555.0,0.5876109707434157,0.5853712012365025,3.4379769895772085,3.980935082201909,33.3542119089324,False,True,True,False,0.0,False,False,False,False,phase5b0_nominal_mpc
lhs_046,nominal_mpc,2560.0,0.5885045968902008,0.5857466361816902,3.4379769895772085,3.983007982425192,33.3676967914759,False,True,True,False,0.0,False,False,False,False,phase5b0_nominal_mpc
lhs_046,nominal_mpc,2565.0,0.589398223036986,0.5862784659460963,3.4379769895772085,3.98488233467195,33.38138973832339,False,True,True,False,0.0,False,False,False,False,phase5b0_nominal_mpc
lhs_046,nominal_mpc,2570.0,0.589398223036986,0.5867483885015959,0.0,3.896017700226096,33.35429810958933,True,False,False,True,2.048082099999988,False,True,False,True,phase5b0_nominal_mpc
lhs_046,nominal_mpc,2575.0,0.589398223036986,0.5868029364696169,0.0,3.888393255124199,33.327385693297416,True,False,False,True,4.081568300000015,False,True,False,False,phase5b0_nominal_mpc
lhs_046,nominal_mpc,2580.0,0.589398223036986,0.5862199856260935,0.0,3.8824303924110115,33.30065143365432,False,False,False,True,0.0,False,False,False,False,phase5b0_nominal_mpc
lhs_046,nominal_mpc,2585.0,0.589398223036986,0.5852309822347272,0.0,3.8777081175452053,33.274094151286505,False,False,False,True,0.0,False,False,False,False,phase5b0_nominal_mpc
lhs_046,nominal_mpc,2590.0,0.589398223036986,0.5847645824512591,0.0,3.873914483606369,33.24771267462773,False,False,False,True,0.0,False,False,False,False,phase5b0_nominal_mpc
lhs_046,nominal_mpc,2595.0,0.589398223036986,0.5854290657727417,0.0,3.870818262601915,33.22150583986736,False,False,False,True,0.0,False,False,False,False,phase5b0_nominal_mpc
lhs_046,nominal_mpc,2600.0,0.589398223036986,0.5861368928367265,0.0,3.868247978894921,33.195472490899064,True,False,False,True,2.686872699999981,False,True,False,False,phase5b0_nominal_mpc
lhs_046,nominal_mpc,2605.0,0.589398223036986,0.5858857209359062,0.0,3.866076391373832,33.169611479269754,False,False,False,True,0.0,False,False,False,False,phase5b0_nominal_mpc
lhs_046,nominal_mpc,2610.0,0.589398223036986,0.587225119054542,0.0,3.8642090082660325,33.143921664128975,False,False,False,True,0.0,False,False,False,False,phase5b0_nominal_mpc
lhs_046,nominal_mpc,2615.0,0.589398223036986,0.5873915873216975,0.0,3.862575586536457,33.11840191217851,False,False,False,True,0.0,False,False,False,False,phase5b0_nominal_mpc
lhs_046,nominal_mpc,2620.0,0.589398223036986,0.5877012621274078,0.0,3.8611238401993666,33.09305109762247,False,False,False,True,0.0,False,False,False,False,phase5b0_nominal_mpc
lhs_046,nominal_mpc,2625.0,0.5899180788414281,0.58831105365356,1.9999999999999996,3.9125132993908016,33.08004127366729,True,True,True,False,1.17199439999996,False,True,False,True,phase5b0_nominal_mpc
lhs_046,nominal_mpc,2630.0,0.5907676250490121,0.5880133001165109,3.2683917360344017,3.9501105603441475,33.08373848052735,True,True,True,False,1.4052145999999652,False,True,False,False,phase5b0_nominal_mpc
lhs_046,nominal_mpc,2635.0,0.5916171712565962,0.588730090888488,3.2683917360344017,3.9567668597705907,33.089104546535765,False,True,True,False,0.0,False,False,False,False,phase5b0_nominal_mpc
lhs_046,nominal_mpc,2640.0,0.5924667174641802,0.589421755154094,3.2683917360344017,3.9620913879108537,33.09573571450723,False,True,True,False,0.0,False,False,False,False,phase5b0_nominal_mpc
lhs_046,nominal_mpc,2645.0,0.5933162636717643,0.5902163680639622,3.2683917360344017,3.966424440379131,33.103331391144664,False,True,True,False,0.0,False,False,False,False,phase5b0_nominal_mpc
lhs_046,nominal_mpc,2650.0,0.5941658098793483,0.5906019265769693,3.2683917360344017,3.9700180888833145,33.111667367057805,False,True,True,False,0.0,False,False,False,False,phase5b0_nominal_mpc
lhs_046,nominal_mpc,2655.0,0.5950447485059293,0.5918515640349566,3.3814708581515442,3.9760390293381107,33.12248099380789,True,True,True,False,0.7992280999999934,False,True,False,False,phase5b0_nominal_mpc
lhs_046,nominal_mpc,2660.0,0.5959236871325102,0.5938704302831915,3.3814708581515442,3.978969973485194,33.13382820886993,False,True,True,False,0.0,False,False,False,False,phase5b0_nominal_mpc
lhs_046,nominal_mpc,2665.0,0.5968026257590912,0.595313082991417,3.3814708581515442,3.9815318825327366,33.145593191437555,False,True,True,False,0.0,False,False,False,False,phase5b0_nominal_mpc
lhs_046,nominal_mpc,2670.0,0.5976815643856721,0.5957133927529341,3.3814708581515442,3.983815419170981,33.157688549908244,False,True,True,False,0.0,False,False,False,False,phase5b0_nominal_mpc
lhs_046,nominal_mpc,2675.0,0.598560503012253,0.5963896432949689,3.3814708581515442,3.9858878839192458,33.17004799176078,False,True,True,False,0.0,False,False,False,False,phase5b0_nominal_mpc
lhs_046,nominal_mpc,2680.0,0.5993588240964393,0.5977616810472284,3.071317382107062,3.9796250484143987,33.17731443840634,True,True,True,False,0.4159803000000011,False,True,False,False,phase5b0_nominal_mpc
lhs_046,nominal_mpc,2685.0,0.6001571451806255,0.5986081095982229,3.071317382107062,3.980577535737231,33.18456342075775,False,True,True,False,0.0,False,False,False,False,phase5b0_nominal_mpc
lhs_046,nominal_mpc,2690.0,0.6009554662648117,0.6004044615993906,3.071317382107062,3.981592641217786,33.191812260012945,False,True,True,False,0.0,False,False,False,False,phase5b0_nominal_mpc
lhs_046,nominal_mpc,2695.0,0.6017537873489979,0.6004645124301909,3.071317382107062,3.98265176071611,33.19907282644535,False,True,True,False,0.0,False,False,False,False,phase5b0_nominal_mpc
lhs_046,nominal_mpc,2700.0,0.6025521084331841,0.6004950527820047,3.071317382107062,3.983740827244585,33.20635300318169,False,True,True,False,0.0,False,False,False,False,phase5b0_nominal_mpc
lhs_046,nominal_mpc,2705.0,0.6025521084331841,0.6026005450346476,0.0,3.9038903582868842,33.18042007040713,True,False,False,True,0.2466237999999521,False,True,False,True,phase5b0_nominal_mpc
lhs_046,nominal_mpc,2710.0,0.6025521084331841,0.6021573738855601,0.0,3.8967289524594677,33.154658703817574,True,False,False,True,4.03268300000002,False,True,False,False,phase5b0_nominal_mpc
lhs_046,nominal_mpc,2715.0,0.6025521084331841,0.6020242359440883,0.0,3.891135891964879,33.12906787407952,False,False,False,True,0.0,False,False,False,False,phase5b0_nominal_mpc
lhs_046,nominal_mpc,2720.0,0.6025521084331841,0.6017455796221857,0.0,3.886713495573716,33.10364645226146,False,False,False,True,0.0,False,False,False,False,phase5b0_nominal_mpc
lhs_046,nominal_mpc,2725.0,0.6025521084331841,0.6015367225267454,0.0,3.8831671017563996,33.07839331690531,False,False,False,True,0.0,False,False,False,False,phase5b0_nominal_mpc
lhs_046,nominal_mpc,2730.0,0.6025521084331841,0.6022186969086079,0.0,3.8802783055734245,33.05330735397687,False,False,False,True,0.0,False,False,False,False,phase5b0_nominal_mpc
lhs_046,nominal_mpc,2735.0,0.6030719642376262,0.6008535518284717,1.9999999999999998,3.9306043035252283,33.041464607351806,True,True,True,False,1.3776941000000988,False,True,False,True,phase5b0_nominal_mpc
lhs_046,nominal_mpc,2740.0,0.6030719642376262,0.6023333090145551,0.0,3.8812583441831188,33.0166231495724,True,False,False,True,3.8783056000000897,False,True,False,True,phase5b0_nominal_mpc
lhs_046,nominal_mpc,2745.0,0.6030719642376262,0.6027785292255333,0.0,3.878507936844738,32.991946097010434,True,False,False,True,3.922638099999972,False,True,False,False,phase5b0_nominal_mpc
lhs_046,nominal_mpc,2750.0,0.6030719642376262,0.6019985528172778,0.0,3.876233868896277,32.967432403284,False,False,False,True,0.0,False,False,False,False,phase5b0_nominal_mpc
lhs_046,nominal_mpc,2755.0,0.6030719642376262,0.6013214487309857,0.0,3.8743204243777747,32.94308098697915,False,False,False,True,0.0,False,False,False,False,phase5b0_nominal_mpc
lhs_046,nominal_mpc,2760.0,0.6030719642376262,0.6010435591995351,0.0,3.8726816875879737,32.91889077384072,False,False,False,True,0.0,False,False,False,False,phase5b0_nominal_mpc
lhs_046,nominal_mpc,2765.0,0.6030719642376262,0.6012751264816896,0.0,3.8712538073717613,32.89486069672501,False,False,False,True,0.0,False,False,False,False,phase5b0_nominal_mpc
lhs_046,nominal_mpc,2770.0,0.6035918200420683,0.6008170397348964,1.9999999999999991,3.9227097582513877,32.88268720585637,True,True,True,False,1.3803556000000299,False,True,False,True,phase5b0_nominal_mpc
lhs_046,nominal_mpc,2775.0,0.6044942551726048,0.6007148281799969,3.471867094010419,3.965767265390669,32.89000397838374,True,True,True,False,1.457033000000024,False,True,False,False,phase5b0_nominal_mpc
lhs_046,nominal_mpc,2780.0,0.6053966903031412,0.6021963946043475,3.471867094010419,3.973080725703164,32.89923896852794,False,True,True,False,0.0,False,False,False,False,phase5b0_nominal_mpc
lhs_046,nominal_mpc,2785.0,0.6062991254336777,0.6019573040672624,3.471867094010419,3.9789672528634195,32.90993210894051,False,True,True,False,0.0,False,False,False,False,phase5b0_nominal_mpc
lhs_046,nominal_mpc,2790.0,0.6072015605642141,0.6021087489490847,3.471867094010419,3.983790660654411,32.92174052532104,False,True,True,False,0.0,False,False,False,False,phase5b0_nominal_mpc
lhs_046,nominal_mpc,2795.0,0.6081039956947506,0.6028907021169896,3.471867094010419,3.9878204596494644,32.934408127327714,False,True,True,False,0.0,False,False,False,False,phase5b0_nominal_mpc
lhs_046,nominal_mpc,2800.0,0.6081039956947506,0.6047116983114212,0.0,3.8997151794761424,32.9102754451844,True,False,False,True,0.24659120000001167,False,True,False,True,phase5b0_nominal_mpc
lhs_046,nominal_mpc,2805.0,0.6081039956947506,0.6058503269645563,0.0,3.893319242663578,32.88630240040891,True,False,False,True,4.003179400000022,False,True,False,False,phase5b0_nominal_mpc
lhs_046,nominal_mpc,2810.0,0.6081039956947506,0.6053152415983866,0.0,3.8883526284643533,32.86248805403019,False,False,False,True,0.0,False,False,False,False,phase5b0_nominal_mpc
lhs_046,nominal_mpc,2815.0,0.6081039956947506,0.6055481660487342,0.0,3.8844517562788505,32.83883135548579,False,False,False,True,0.0,False,False,False,False,phase5b0_nominal_mpc
lhs_046,nominal_mpc,2820.0,0.6081039956947506,0.6054632580325955,0.0,3.881347271392927,32.815331261167806,False,False,False,True,0.0,False,False,False,False,phase5b0_nominal_mpc
lhs_046,nominal_mpc,2825.0,0.6081039956947506,0.6065265358015581,0.0,3.878839565021196,32.791986734376906,False,False,False,True,0.0,False,False,False,False,phase5b0_nominal_mpc
lhs_046,nominal_mpc,2830.0,0.6086238514991927,0.6062439644681671,2.0000000000000004,3.9295133317600546,32.78082193495476,True,True,True,False,1.4221123999999463,False,True,False,True,phase5b0_nominal_mpc
lhs_046,nominal_mpc,2835.0,0.6095577546595186,0.6062880408936558,3.592931548886169,3.975200592435981,32.791116636913166,True,True,True,False,1.4500988999999436,False,True,False,False,phase5b0_nominal_mpc
lhs_046,nominal_mpc,2840.0,0.6104916578198444,0.6081173664846428,3.592931548886169,3.98243483666461,32.80333181352981,False,True,True,False,0.0,False,False,False,False,phase5b0_nominal_mpc
lhs_046,nominal_mpc,2845.0,0.6114255609801702,0.608985957711102,3.592931548886169,3.9882956589726484,32.81700933116693,False,True,True,False,0.0,False,False,False,False,phase5b0_nominal_mpc
lhs_046,nominal_mpc,2850.0,0.612359464140496,0.6102070143464371,3.592931548886169,3.9931322572859087,32.83180747488707,False,True,True,False,0.0,False,False,False,False,phase5b0_nominal_mpc
lhs_046,nominal_mpc,2855.0,0.6132933673008218,0.6102387142960195,3.592931548886169,3.9972033451141598,32.84747074657018,False,True,True,False,0.0,False,False,False,False,phase5b0_nominal_mpc
lhs_046,nominal_mpc,2860.0,0.6140255873775858,0.6120371809632992,2.817012219570267,3.9802377169117276,32.85106949790342,True,True,True,False,0.10574739999992744,False,True,False,False,phase5b0_nominal_mpc
lhs_046,nominal_mpc,2865.0,0.6147578074543498,0.6123053810512713,2.817012219570267,3.9812006585928725,32.85467737402414,False,True,True,False,0.0,False,False,False,False,phase5b0_nominal_mpc
lhs_046,nominal_mpc,2870.0,0.6154900275311138,0.6141299583306034,2.817012219570267,3.982231521039772,32.858311729510184,False,True,True,False,0.0,False,False,False,False,phase5b0_nominal_mpc
lhs_046,nominal_mpc,2875.0,0.6162222476078778,0.6154258239691376,2.817012219570267,3.983309145725982,32.861984369982835,False,True,True,False,0.0,False,False,False,False,phase5b0_nominal_mpc
lhs_046,nominal_mpc,2880.0,0.6169544676846418,0.615601165676409,2.817012219570267,3.9844179983196577,32.865703059373594,False,True,True,False,0.0,False,False,False,False,phase5b0_nominal_mpc
lhs_046,nominal_mpc,2885.0,0.6178342847029019,0.6166832460682785,3.3848502247821317,4.00052397624373,32.87863055268728,True,True,True,False,0.7979297000000543,False,True,False,False,phase5b0_nominal_mpc
lhs_046,nominal_mpc,2890.0,0.618714101721162,0.6174154213229933,3.3848502247821317,4.00320492098273,32.891977277125484,False,True,True,False,0.0,False,False,False,False,phase5b0_nominal_mpc
lhs_046,nominal_mpc,2895.0,0.6195939187394222,0.6181190746997467,3.3848502247821317,4.005602862610177,32.9056541286933,False,True,True,False,0.0,False,False,False,False,phase5b0_nominal_mpc
lhs_046,nominal_mpc,2900.0,0.6204737357576823,0.6197276214666858,3.3848502247821317,4.007786216352078,32.919593528768544,False,True,True,False,0.0,False,False,False,False,phase5b0_nominal_mpc
lhs_046,nominal_mpc,2905.0,0.6213535527759424,0.6203977241871114,3.3848502247821317,4.009805793705914,32.9337438716434,False,True,True,False,0.0,False,False,False,False,phase5b0_nominal_mpc
lhs_046,nominal_mpc,2910.0,0.6219252664327674,0.6210416564100378,2.1995086019612855,3.9804305110184526,32.92968319721782,True,True,True,False,0.6718809000000192,False,True,False,False,phase5b0_nominal_mpc
lhs_046,nominal_mpc,2915.0,0.6224969800895923,0.6215403554385144,2.1995086019612855,3.9790060964901826,32.92524532796577,False,True,True,False,0.0,False,False,False,False,phase5b0_nominal_mpc
lhs_046,nominal_mpc,2920.0,0.6230686937464173,0.6212263152209947,2.1995086019612855,3.978107395981759,32.9205370765459,False,True,True,False,0.0,False,False,False,False,phase5b0_nominal_mpc
lhs_046,nominal_mpc,2925.0,0.6236404074032422,0.6221740961396454,2.1995086019612855,3.977598160870872,32.915637420690835,False,True,True,False,0.0,False,False,False,False,phase5b0_nominal_mpc
lhs_046,nominal_mpc,2930.0,0.6242121210600672,0.623307629757223,2.1995086019612855,3.9773775433374126,32.9106047787899,False,True,True,False,0.0,False,False,False,False,phase5b0_nominal_mpc
lhs_046,nominal_mpc,2935.0,0.6242121210600672,0.6243017930421356,0.0,3.919344658777242,32.88662961475468,True,False,False,True,4.07144859999994,False,True,False,True,phase5b0_nominal_mpc
lhs_046,nominal_mpc,2940.0,0.6247319768645093,0.6246803030757055,2.0,3.9662819320088754,32.87818023694591,True,True,True,False,1.339861400000018,False,True,False,True,phase5b0_nominal_mpc
lhs_046,nominal_mpc,2945.0,0.6247319768645093,0.625662353532342,0.0,3.914365593542541,32.85441970752537,True,False,False,True,4.0026995000000625,False,True,False,True,phase5b0_nominal_mpc
lhs_046,nominal_mpc,2950.0,0.6252518326689515,0.624965980169382,1.9999999999999996,3.962447464492799,32.84542018262257,True,True,True,False,1.4146552999999358,False,True,False,True,phase5b0_nominal_mpc
lhs_046,nominal_mpc,2955.0,0.6261478866582557,0.625070542310761,3.4473174355180816,4.002335907582511,32.856817044768825,True,True,True,False,1.3099959999999555,False,True,False,False,phase5b0_nominal_mpc
lhs_046,nominal_mpc,2960.0,0.62704394064756,0.6255301582091888,3.4473174355180816,4.0076703088077625,32.86946656711246,False,True,True,False,0.0,False,False,False,False,phase5b0_nominal_mpc
lhs_046,nominal_mpc,2965.0,0.6279399946368642,0.6263576065382578,3.4473174355180816,4.012042741599838,32.88306121558045,False,True,True,False,0.0,False,False,False,False,phase5b0_nominal_mpc
lhs_046,nominal_mpc,2970.0,0.6288360486261685,0.6265903694810911,3.4473174355180816,4.015697898490213,32.89737174989437,False,True,True,False,0.0,False,False,False,False,phase5b0_nominal_mpc
lhs_046,nominal_mpc,2975.0,0.6297321026154727,0.6275985733893881,3.4473174355180816,4.018817054424033,32.91222689468911,False,True,True,False,0.0,False,False,False,False,phase5b0_nominal_mpc
lhs_046,nominal_mpc,2980.0,0.6305963534536361,0.6297321211927024,3.3249636948491172,4.018306187024165,32.92533767809386,True,True,True,False,0.17289230000005773,False,True,False,False,phase5b0_nominal_mpc
lhs_046,nominal_mpc,2985.0,0.6314606042917994,0.6310212904497975,3.3249636948491172,4.020388511441492,32.93868077033323,False,True,True,False,0.0,False,False,False,False,phase5b0_nominal_mpc
lhs_046,nominal_mpc,2990.0,0.6323248551299627,0.6310416845909671,3.3249636948491172,4.0223048371806644,32.95220507754445,False,True,True,False,0.0,False,False,False,False,phase5b0_nominal_mpc
lhs_046,nominal_mpc,2995.0,0.633189105968126,0.6333695440138558,3.3249636948491172,4.024094301318685,32.96587158760049,False,True,True,False,0.0,False,False,False,False,phase5b0_nominal_mpc
lhs_046,nominal_mpc,3000.0,0.6340533568062894,0.6333393528070563,3.3249636948491172,4.025786000049117,32.979650281190445,False,True,True,False,0.0,False,False,False,False,phase5b0_nominal_mpc
lhs_046,nominal_mpc,3005.0,0.634847178311753,0.6350064883208203,3.054006509807016,4.020251678386408,32.988835939087714,True,True,True,False,0.2791922000000113,False,True,False,False,phase5b0_nominal_mpc
lhs_046,nominal_mpc,3010.0,0.6356409998172166,0.634994524370716,3.054006509807016,4.021069169835517,32.99793315949186,False,True,True,False,0.0,False,False,False,False,phase5b0_nominal_mpc
lhs_046,nominal_mpc,3015.0,0.6364348213226801,0.6362225952359609,3.054006509807016,4.021976639019194,33.00696748929463,False,True,True,False,0.0,False,False,False,False,phase5b0_nominal_mpc
lhs_046,nominal_mpc,3020.0,0.6372286428281437,0.6367060899873607,3.054006509807016,4.022948406105298,33.01595720601823,False,True,True,False,0.0,False,False,False,False,phase5b0_nominal_mpc
lhs_046,nominal_mpc,3025.0,0.6380224643336073,0.6377806555932477,3.054006509807016,4.023965537895135,33.0249152422295,False,True,True,False,0.0,False,False,False,False,phase5b0_nominal_mpc
lhs_046,nominal_mpc,3030.0,0.6388884547233018,0.6383660759787649,3.3316561334686803,4.032341053202587,33.038656130172285,True,True,True,False,1.0699012999999695,False,True,False,False,phase5b0_nominal_mpc
lhs_046,nominal_mpc,3035.0,0.6397544451129963,0.6395086882335916,3.3316561334686803,4.034167557817295,33.052550088663814,False,True,True,False,0.0,False,False,False,False,phase5b0_nominal_mpc
lhs_046,nominal_mpc,3040.0,0.6406204355026908,0.6407560297014618,3.3316561334686803,4.0358663941351285,33.06655796024657,False,True,True,False,0.0,False,False,False,False,phase5b0_nominal_mpc
lhs_046,nominal_mpc,3045.0,0.6414864258923852,0.6428723706165983,3.3316561334686803,4.037467637602324,33.080649913836524,False,True,True,False,0.0,False,False,False,False,phase5b0_nominal_mpc
lhs_046,nominal_mpc,3050.0,0.6423524162820797,0.6433616095193124,3.3316561334686803,4.038993641838065,33.094803044711185,False,True,True,False,0.0,False,False,False,False,phase5b0_nominal_mpc
lhs_046,nominal_mpc,3055.0,0.6423524162820797,0.6442809192000372,0.0,3.9525371813934616,33.06960857749643,True,False,False,True,4.214077900000007,False,True,False,True,phase5b0_nominal_mpc
lhs_046,nominal_mpc,3060.0,0.6428722720865219,0.6446290836536319,2.0000000000000013,3.997655374156076,33.06185495463764,True,True,True,False,1.456690999999978,False,True,False,True,phase5b0_nominal_mpc
lhs_046,nominal_mpc,3065.0,0.643728983805403,0.6445903873400023,3.2959590392587836,4.031306569615703,33.07307961566586,True,True,True,False,1.3822421999999506,False,True,False,False,phase5b0_nominal_mpc
lhs_046,nominal_mpc,3070.0,0.6445856955242841,0.646246791185435,3.2959590392587836,4.03451138733763,33.084884679358105,False,True,True,False,0.0,False,False,False,False,phase5b0_nominal_mpc
lhs_046,nominal_mpc,3075.0,0.6454424072431653,0.6469229127123867,3.2959590392587836,4.037222330690302,33.097119548062594,False,True,True,False,0.0,False,False,False,False,phase5b0_nominal_mpc
lhs_046,nominal_mpc,3080.0,0.6462991189620464,0.6481021115736183,3.2959590392587836,4.039564763000726,33.10967201066892,False,True,True,False,0.0,False,False,False,False,phase5b0_nominal_mpc
lhs_046,nominal_mpc,3085.0,0.6471558306809275,0.6484965788918978,3.2959590392587836,4.041631554246466,33.12245825505771,False,True,True,False,0.0,False,False,False,False,phase5b0_nominal_mpc
lhs_046,nominal_mpc,3090.0,0.6474449098608254,0.6487644073967387,1.112151398244344,3.985857829865844,33.10543507201001,True,False,False,True,4.003378999999995,False,True,False,True,phase5b0_nominal_mpc
lhs_046,nominal_mpc,3095.0,0.6474449098608254,0.6491172814987076,0.0,3.9522547430438064,33.08017012303243,True,False,False,True,3.93801899999994,False,True,False,False,phase5b0_nominal_mpc
lhs_046,nominal_mpc,3100.0,0.6474449098608254,0.6493901323383763,0.0,3.945964130378207,33.05507239788161,False,False,False,True,0.0,False,False,False,False,phase5b0_nominal_mpc
lhs_046,nominal_mpc,3105.0,0.6474449098608254,0.6498676232149756,0.0,3.9409826659357723,33.03014081636342,False,False,False,True,0.0,False,False,False,False,phase5b0_nominal_mpc
lhs_046,nominal_mpc,3110.0,0.6474449098608254,0.6499536989953705,0.0,3.9369811475110734,33.00537427862891,False,False,False,True,0.0,False,False,False,False,phase5b0_nominal_mpc
lhs_046,nominal_mpc,3115.0,0.6474449098608254,0.650045628307706,0.0,3.9337155573293874,32.98077169210999,False,False,False,True,0.0,False,False,False,False,phase5b0_nominal_mpc
lhs_046,nominal_mpc,3120.0,0.6479647656652675,0.6490307027258895,2.0000000000000004,3.983787685285799,32.97022319233762,True,True,True,False,1.2371572000000697,False,True,False,True,phase5b0_nominal_mpc
lhs_046,nominal_mpc,3125.0,0.6489336425748458,0.6493792275813413,3.7274832801684163,4.032543206485645,32.98476405741349,True,True,True,False,1.1337413999999626,False,True,False,False,phase5b0_nominal_mpc
lhs_046,nominal_mpc,3130.0,0.649902519484424,0.6500351445761994,3.7274832801684163,4.0397216686001265,33.00122466068047,False,True,True,False,0.0,False,False,False,False,phase5b0_nominal_mpc
lhs_046,nominal_mpc,3135.0,0.6508713963940023,0.6506355139756848,3.7274832801684163,4.045504548877508,33.01912342571636,False,True,True,False,0.0,False,False,False,False,phase5b0_nominal_mpc
lhs_046,nominal_mpc,3140.0,0.6518402733035805,0.6519068491503398,3.7274832801684163,4.050248118848014,33.03810200578115,False,True,True,False,0.0,False,False,False,False,phase5b0_nominal_mpc
lhs_046,nominal_mpc,3145.0,0.6528091502131588,0.6527984646207515,3.7274832801684163,4.054216249871114,33.05789327978318,False,True,True,False,0.0,False,False,False,False,phase5b0_nominal_mpc
lhs_046,nominal_mpc,3150.0,0.6537920354493812,0.6533985905938792,3.78137640408683,4.059026749725223,33.07933784316795,True,True,True,False,0.8339155999999548,False,True,False,False,phase5b0_nominal_mpc
lhs_046,nominal_mpc,3155.0,0.6547749206856037,0.6543805692245956,3.78137640408683,4.0621268034216,33.10129143336294,False,True,True,False,0.0,False,False,False,False,phase5b0_nominal_mpc
lhs_046,nominal_mpc,3160.0,0.6557578059218262,0.6555350835115213,3.78137640408683,4.064871662400925,33.12363054179648,False,True,True,False,0.0,False,False,False,False,phase5b0_nominal_mpc
lhs_046,nominal_mpc,3165.0,0.6567406911580487,0.6568892172045492,3.78137640408683,4.067347869355544,33.1462620409379,False,True,True,False,0.0,False,False,False,False,phase5b0_nominal_mpc
lhs_046,nominal_mpc,3170.0,0.6577235763942711,0.6576914415651617,3.78137640408683,4.069619640763173,33.16911535377322,False,True,True,False,0.0,False,False,False,False,phase5b0_nominal_mpc
lhs_046,nominal_mpc,3175.0,0.6582476201921079,0.6583869872752283,2.016112134783696,4.025147152010213,33.16268569331356,True,True,True,False,0.5199638000000277,False,True,False,False,phase5b0_nominal_mpc
lhs_046,nominal_mpc,3180.0,0.6587716639899447,0.6588443014956128,2.016112134783696,4.022327252578972,33.15568717059609,False,True,True,False,0.0,False,False,False,False,phase5b0_nominal_mpc
lhs_046,nominal_mpc,3185.0,0.6592957077877815,0.6595989134991369,2.016112134783696,4.02031232054609,33.14827000903496,False,True,True,False,0.0,False,False,False,False,phase5b0_nominal_mpc
lhs_046,nominal_mpc,3190.0,0.6598197515856182,0.6591196618617641,2.016112134783696,4.018895779998155,33.14054573069403,False,True,True,False,0.0,False,False,False,False,phase5b0_nominal_mpc
lhs_046,nominal_mpc,3195.0,0.660343795383455,0.659581409401476,2.016112134783696,4.017924648553449,33.132597265271826,False,True,True,False,0.0,False,False,False,False,phase5b0_nominal_mpc
lhs_046,nominal_mpc,3200.0,0.6611652017472249,0.6605943142725011,3.1601315470600886,4.047477163753873,33.141141101511955,True,True,True,False,1.1439183999999614,False,True,False,False,phase5b0_nominal_mpc
lhs_046,nominal_mpc,3205.0,0.6619866081109949,0.6603020100166312,3.1601315470600886,4.05020523607982,33.15013398734985,False,True,True,False,0.0,False,False,False,False,phase5b0_nominal_mpc
lhs_046,nominal_mpc,3210.0,0.6628080144747648,0.6616988986150185,3.1601315470600886,4.052535978127298,33.159460068547084,False,True,True,False,0.0,False,False,False,False,phase5b0_nominal_mpc
lhs_046,nominal_mpc,3215.0,0.6636294208385347,0.6613801479380863,3.1601315470600886,4.0545698898335685,33.16903300372405,False,True,True,False,0.0,False,False,False,False,phase5b0_nominal_mpc
lhs_046,nominal_mpc,3220.0,0.6644508272023046,0.6623031158162277,3.1601315470600886,4.056381423435033,33.17878828185585,False,True,True,False,0.0,False,False,False,False,phase5b0_nominal_mpc
lhs_046,nominal_mpc,3225.0,0.6644508272023046,0.6625873696646913,0.0,3.9746307035814517,33.15303783120691,True,False,False,True,0.5174606000000495,False,True,False,True,phase5b0_nominal_mpc
lhs_046,nominal_mpc,3230.0,0.6644508272023046,0.664236270002851,0.0,3.967536320239945,33.1274577314319,True,False,False,True,4.167146499999944,False,True,False,False,phase5b0_nominal_mpc
lhs_046,nominal_mpc,3235.0,0.6644508272023046,0.6647310781080683,0.0,3.9619569090709676,33.102046968545956,False,False,False,True,0.0,False,False,False,False,phase5b0_nominal_mpc
lhs_046,nominal_mpc,3240.0,0.6644508272023046,0.6647671245821453,0.0,3.9575098790153334,33.07680442156119,False,False,False,True,0.0,False,False,False,False,phase5b0_nominal_mpc
lhs_046,nominal_mpc,3245.0,0.6644508272023046,0.6646045558773359,0.0,3.953911695518086,33.05172897691052,False,False,False,True,0.0,False,False,False,False,phase5b0_nominal_mpc
lhs_046,nominal_mpc,3250.0,0.6644508272023046,0.6633361692228174,0.0,3.9509521488415396,33.0268195283985,False,False,False,True,0.0,False,False,False,False,phase5b0_nominal_mpc
lhs_046,nominal_mpc,3255.0,0.6644508272023046,0.6636217228083441,0.0,3.9484753095333813,33.00207497715257,True,False,False,True,4.101102900000001,False,True,False,False,phase5b0_nominal_mpc
lhs_046,nominal_mpc,3260.0,0.6644508272023046,0.6647655798046916,0.0,3.9463654330928044,32.977494231574575,False,False,False,True,0.0,False,False,False,False,phase5b0_nominal_mpc
lhs_046,nominal_mpc,3265.0,0.6644508272023046,0.6648304024658827,0.0,3.9445365275670006,32.953076207292575,False,False,False,True,0.0,False,False,False,False,phase5b0_nominal_mpc
lhs_046,nominal_mpc,3270.0,0.6644508272023046,0.6642963702977788,0.0,3.9429246321070073,32.928819827113045,False,False,False,True,0.0,False,False,False,False,phase5b0_nominal_mpc
lhs_046,nominal_mpc,3275.0,0.6644508272023046,0.6647386698463759,0.0,3.941482101925897,32.90472402097332,False,False,False,True,0.0,False,False,False,False,phase5b0_nominal_mpc
lhs_046,nominal_mpc,3280.0,0.6649706830067468,0.6637613615318294,1.9999999999999998,3.9929529522178044,32.893070095804205,True,True,True,False,1.6265614000000141,False,True,False,True,phase5b0_nominal_mpc
lhs_046,nominal_mpc,3285.0,0.6657577366698152,0.6637684732743757,3.027969126604596,4.0243299745713745,32.89467851083413,True,True,True,False,1.2522025000000667,False,True,False,False,phase5b0_nominal_mpc
lhs_046,nominal_mpc,3290.0,0.6665447903328836,0.6641938052478944,3.027969126604596,4.0304484457719605,32.89768764012883,False,True,True,False,0.0,False,False,False,False,phase5b0_nominal_mpc
lhs_046,nominal_mpc,3295.0,0.667331843995952,0.6649785347954301,3.027969126604596,4.0353519590683256,32.90175685638134,False,True,True,False,0.0,False,False,False,False,phase5b0_nominal_mpc
lhs_046,nominal_mpc,3300.0,0.6681188976590204,0.6655230488466441,3.027969126604596,4.039350927497493,32.90663272961148,False,True,True,False,0.0,False,False,False,False,phase5b0_nominal_mpc
lhs_046,nominal_mpc,3305.0,0.6689059513220889,0.6661456003009557,3.027969126604596,4.042675248179458,32.91212638750987,False,True,True,False,0.0,False,False,False,False,phase5b0_nominal_mpc
lhs_046,nominal_mpc,3310.0,0.6689059513220889,0.6674678351065133,0.0,3.965592946635065,32.8881411842085,True,False,False,True,1.8376819999999725,False,True,False,True,phase5b0_nominal_mpc
lhs_046,nominal_mpc,3315.0,0.6689059513220889,0.66850848730949,0.0,3.959787824898985,32.86431466532338,True,False,False,True,2.5209621000000197,False,True,False,False,phase5b0_nominal_mpc
lhs_046,nominal_mpc,3320.0,0.6689059513220889,0.6687298889675798,0.0,3.955241889482324,32.84064587485296,False,False,False,True,0.0,False,False,False,False,phase5b0_nominal_mpc
lhs_046,nominal_mpc,3325.0,0.6689059513220889,0.6690458430206834,0.0,3.9516363398479433,32.81713376865592,False,False,False,True,0.0,False,False,False,False,phase5b0_nominal_mpc
lhs_046,nominal_mpc,3330.0,0.6689059513220889,0.6679597503084814,0.0,3.94873494408533,32.79377730950302,False,False,False,True,0.0,False,False,False,False,phase5b0_nominal_mpc
lhs_046,nominal_mpc,3335.0,0.6689059513220889,0.667579206560636,0.0,3.9463625892866587,32.77057546703134,False,False,False,True,0.0,False,False,False,False,phase5b0_nominal_mpc
lhs_046,nominal_mpc,3340.0,0.6694090611703368,0.667924425325867,1.9355746110708536,3.995465612942109,32.759122869950325,True,True,True,False,1.4807557000000315,False,True,False,True,phase5b0_nominal_mpc
lhs_046,nominal_mpc,3345.0,0.6702834134935938,0.6696810839960544,3.3638263371713886,4.03675561155769,32.76628382794879,True,True,True,False,1.4110670999999684,False,True,False,False,phase5b0_nominal_mpc
lhs_046,nominal_mpc,3350.0,0.6711577658168507,0.6699197832552602,3.3638263371713886,4.043490988250966,32.77511391490352,False,True,True,False,0.0,False,False,False,False,phase5b0_nominal_mpc
lhs_046,nominal_mpc,3355.0,0.6720321181401077,0.6707362726362661,3.3638263371713886,4.048937292534039,32.78521199271301,False,True,True,False,0.0,False,False,False,False,phase5b0_nominal_mpc
lhs_046,nominal_mpc,3360.0,0.6729064704633646,0.6711472418393996,3.3638263371713886,4.0534218918277904,32.796279099826236,False,True,True,False,0.0,False,False,False,False,phase5b0_nominal_mpc
lhs_046,nominal_mpc,3365.0,0.6737808227866215,0.6717845989354615,3.3638263371713886,4.057187299294707,32.808091935334076,False,True,True,False,0.0,False,False,False,False,phase5b0_nominal_mpc
lhs_046,nominal_mpc,3370.0,0.6747649364800885,0.6722274843171642,3.78610255019893,4.071555127224219,32.82797884229554,True,True,True,False,1.0350605000000996,False,True,False,False,phase5b0_nominal_mpc
lhs_046,nominal_mpc,3375.0,0.6757490501735555,0.6724345690086223,3.78610255019893,4.0755234160289975,32.848677599782114,False,True,True,False,0.0,False,False,False,False,phase5b0_nominal_mpc
lhs_046,nominal_mpc,3380.0,0.6767331638670224,0.6732066739787984,3.78610255019893,4.078968590025665,32.87000623190216,False,True,True,False,0.0,False,False,False,False,phase5b0_nominal_mpc
lhs_046,nominal_mpc,3385.0,0.6777172775604894,0.6743324815736438,3.78610255019893,4.082018073433923,32.89182755610935,False,True,True,False,0.0,False,False,False,False,phase5b0_nominal_mpc
lhs_046,nominal_mpc,3390.0,0.6787013912539563,0.6747459672052417,3.78610255019893,4.08476641489212,32.91403762038729,False,True,True,False,0.0,False,False,False,False,phase5b0_nominal_mpc
lhs_046,nominal_mpc,3395.0,0.6795456874705071,0.6733877590499598,3.2481938619762127,4.073092589036594,32.92665271354157,True,True,True,False,0.34945249999998396,False,True,False,False,phase5b0_nominal_mpc
lhs_046,nominal_mpc,3400.0,0.6803899836870579,0.6745578738229331,3.2481938619762127,4.073969860710078,32.939152251201584,False,True,True,False,0.0,False,False,False,False,phase5b0_nominal_mpc
lhs_046,nominal_mpc,3405.0,0.6812342799036087,0.6753398072556324,3.2481938619762127,4.0749820132757275,32.95157795062359,False,True,True,False,0.0,False,False,False,False,phase5b0_nominal_mpc
lhs_046,nominal_mpc,3410.0,0.6820785761201595,0.6763393991298862,3.2481938619762127,4.076089068461195,32.9639594822868,False,True,True,False,0.0,False,False,False,False,phase5b0_nominal_mpc
lhs_046,nominal_mpc,3415.0,0.6829228723367103,0.6774244530985873,3.2481938619762127,4.077261570085388,32.97631766846758,False,True,True,False,0.0,False,False,False,False,phase5b0_nominal_mpc
lhs_046,nominal_mpc,3420.0,0.6837928959555338,0.678372213583715,3.3471728559699114,4.081088820878753,32.99041183208247,True,True,True,False,1.067614400000025,False,True,False,False,phase5b0_nominal_mpc
lhs_046,nominal_mpc,3425.0,0.6846629195743573,0.6798777848880816,3.3471728559699114,4.0826015339822135,33.0045682306063,False,True,True,False,0.0,False,False,False,False,phase5b0_nominal_mpc
lhs_046,nominal_mpc,3430.0,0.6855329431931808,0.6809264947325723,3.3471728559699114,4.084079863927962,33.01877751366511,False,True,True,False,0.0,False,False,False,False,phase5b0_nominal_mpc
lhs_046,nominal_mpc,3435.0,0.6864029668120043,0.6809193027994391,3.3471728559699114,4.085527975211095,33.03303165246728,False,True,True,False,0.0,False,False,False,False,phase5b0_nominal_mpc
lhs_046,nominal_mpc,3440.0,0.6872729904308278,0.6825474957493862,3.3471728559699114,4.086949071131622,33.04732363591991,False,True,True,False,0.0,False,False,False,False,phase5b0_nominal_mpc
lhs_046,nominal_mpc,3445.0,0.6872729904308278,0.6829581724968938,0.0,4.00006153106219,33.02244347556769,True,False,False,True,0.14856170000007296,False,True,False,True,phase5b0_nominal_mpc
lhs_046,nominal_mpc,3450.0,0.6872729904308278,0.6839008025329796,0.0,3.992362060859587,32.997727893214744,True,False,False,True,4.191187300000024,False,True,False,False,phase5b0_nominal_mpc
lhs_046,nominal_mpc,3455.0,0.6872729904308278,0.6837919105337473,0.0,3.9863496499383047,32.973175924759474,False,False,False,True,0.0,False,False,False,False,phase5b0_nominal_mpc
lhs_046,nominal_mpc,3460.0,0.6872729904308278,0.6844238780206038,0.0,3.9815964797647903,32.94878648709944,False,False,False,True,0.0,False,False,False,False,phase5b0_nominal_mpc
lhs_046,nominal_mpc,3465.0,0.6872729904308278,0.684933731783092,0.0,3.9777855598295235,32.924558504302205,False,False,False,True,0.0,False,False,False,False,phase5b0_nominal_mpc
lhs_046,nominal_mpc,3470.0,0.6872729904308278,0.6852746122170602,0.0,3.974681935999656,32.90049090755785,False,False,False,True,0.0,False,False,False,False,phase5b0_nominal_mpc
lhs_046,nominal_mpc,3475.0,0.6877928462352699,0.6859897997569072,2.0,4.024863148253657,32.89006133875518,True,True,True,False,0.8579601000000139,False,True,False,True,phase5b0_nominal_mpc
lhs_046,nominal_mpc,3480.0,0.6887648603405834,0.6859627523570828,3.739552764469015,4.073999567531922,32.9046104978931,True,True,True,False,1.7961334999999963,False,True,False,False,phase5b0_nominal_mpc
lhs_046,nominal_mpc,3485.0,0.6897368744458968,0.6867403608751238,3.739552764469015,4.081256402363796,32.92112901594846,False,True,True,False,0.0,False,False,False,False,phase5b0_nominal_mpc
lhs_046,nominal_mpc,3490.0,0.6907088885512103,0.6874568706257753,3.739552764469015,4.087097376051655,32.93912801986102,False,True,True,False,0.0,False,False,False,False,phase5b0_nominal_mpc
lhs_046,nominal_mpc,3495.0,0.6916809026565237,0.6883933483458295,3.739552764469015,4.091882387429009,32.95824352375803,False,True,True,False,0.0,False,False,False,False,phase5b0_nominal_mpc
lhs_046,nominal_mpc,3500.0,0.6926529167618372,0.6901033901891098,3.739552764469015,4.095878014844739,32.97820400294772,False,True,True,False,0.0,False,False,False,False,phase5b0_nominal_mpc
lhs_046,nominal_mpc,3505.0,0.6935940861935364,0.6911349599675265,3.620886498359633,4.096152543294621,32.99656724854548,True,True,True,False,0.11181219999991754,False,True,False,False,phase5b0_nominal_mpc
lhs_046,nominal_mpc,3510.0,0.6945352556252355,0.6926438048834607,3.620886498359633,4.098789943288204,33.015323410872554,False,True,True,False,0.0,False,False,False,False,phase5b0_nominal_mpc
lhs_046,nominal_mpc,3515.0,0.6954764250569347,0.6943788827644524,3.620886498359633,4.101151070648444,33.03438178820947,False,True,True,False,0.0,False,False,False,False,phase5b0_nominal_mpc
lhs_046,nominal_mpc,3520.0,0.6964175944886339,0.6950602666571064,3.620886498359633,4.103301223721361,33.05367362561001,False,True,True,False,0.0,False,False,False,False,phase5b0_nominal_mpc
lhs_046,nominal_mpc,3525.0,0.6973587639203331,0.6965562043964142,3.620886498359633,4.105288893442541,33.07314647913771,False,True,True,False,0.0,False,False,False,False,phase5b0_nominal_mpc
lhs_046,nominal_mpc,3530.0,0.6973587639203331,0.6981971008712752,0.0,4.011684751992981,33.04809539202841,True,False,False,True,0.4398640000000569,False,True,False,True,phase5b0_nominal_mpc
lhs_046,nominal_mpc,3535.0,0.6978786197247753,0.6995612870169596,2.0,4.0564010778739075,33.040351639410915,True,True,True,False,1.4508359000000155,False,True,False,True,phase5b0_nominal_mpc
lhs_046,nominal_mpc,3540.0,0.698413553017503,0.6999790012054116,2.058006424692063,4.057086514257477,33.033132888864316,True,True,True,False,0.1397925999999643,False,True,False,False,phase5b0_nominal_mpc
lhs_046,nominal_mpc,3545.0,0.6989484863102307,0.7009942880345881,2.058006424692063,4.05669909490998,33.0257945665502,False,True,True,False,0.0,False,False,False,False,phase5b0_nominal_mpc
lhs_046,nominal_mpc,3550.0,0.6994834196029583,0.7014154581868322,2.058006424692063,4.056505523377109,33.01837357944038,False,True,True,False,0.0,False,False,False,False,phase5b0_nominal_mpc
lhs_046,nominal_mpc,3555.0,0.700018352895686,0.7017076278061167,2.058006424692063,4.056456615075018,33.01089745564101,False,True,True,False,0.0,False,False,False,False,phase5b0_nominal_mpc
lhs_046,nominal_mpc,3560.0,0.7005532861884137,0.7011051661422528,2.058006424692063,4.056516460091822,33.00338677040641,False,True,True,False,0.0,False,False,False,False,phase5b0_nominal_mpc
lhs_046,nominal_mpc,3565.0,0.7014228963650787,0.7029066195717505,3.3455822527485,4.090601863588653,33.014655009031856,True,True,True,False,1.3494326999999657,False,True,False,False,phase5b0_nominal_mpc
lhs_046,nominal_mpc,3570.0,0.7022925065417437,0.7029647475052364,3.3455822527485,4.094279510090509,33.026675423321926,False,True,True,False,0.0,False,False,False,False,phase5b0_nominal_mpc
lhs_046,nominal_mpc,3575.0,0.7031621167184087,0.7032167868964186,3.3455822527485,4.09734788487003,33.03925981418975,False,True,True,False,0.0,False,False,False,False,phase5b0_nominal_mpc
lhs_046,nominal_mpc,3580.0,0.7040317268950737,0.7040804757460869,3.3455822527485,4.099961001840437,33.05226781425257,False,True,True,False,0.0,False,False,False,False,phase5b0_nominal_mpc
lhs_046,nominal_mpc,3585.0,0.7049013370717386,0.7046778784488493,3.3455822527485,4.102232985897175,33.06559445815386,False,True,True,False,0.0,False,False,False,False,phase5b0_nominal_mpc
lhs_046,nominal_mpc,3590.0,0.7057722231705615,0.7053846928493829,3.3504910068573133,4.104377834234341,33.07924863262248,True,True,True,False,0.4902316999999812,False,True,False,False,phase5b0_nominal_mpc
lhs_046,nominal_mpc,3595.0,0.7066431092693845,0.7065286570502638,3.3504910068573133,4.1062127246824325,33.09308680063179,False,True,True,False,0.0,False,False,False,False,phase5b0_nominal_mpc
lhs_046,nominal_mpc,3600.0,0.7075139953682074,0.706908193764253,3.3504910068573133,4.107897877483706,33.10706330894319,False,True,True,False,0.0,False,False,False,False,phase5b0_nominal_mpc
