scenario_id,controller,time_s,true_soc,estimated_soc,charge_current_a,terminal_voltage_v,true_average_temperature_c,control_decision_updated,optimizer_success,prediction_feasible,used_fallback,solve_time_s,active_voltage_constraint,active_temperature_constraint,active_current_upper_constraint,active_current_change_constraint,source
lhs_026,oracle_mpc,0.0,0.12295310977789299,0.12295310977789299,0.0,3.348193711803876,29.641133596815408,False,True,True,False,0.0,False,False,False,False,phase5b0_oracle_mpc
lhs_026,oracle_mpc,5.0,0.123531162395022,0.1262948481936057,1.999999999999995,3.3948760967633635,29.64808253524335,True,True,True,False,0.959638400003314,False,True,False,True,phase5b0_oracle_mpc
lhs_026,oracle_mpc,10.0,0.12468726762928001,0.12613941642005017,3.9999999999999947,3.4472931479054107,29.67753089828266,True,True,True,False,0.8565444000050775,False,True,False,True,phase5b0_oracle_mpc
lhs_026,oracle_mpc,15.0,0.126421425480667,0.12780065210383848,5.999999999999996,3.5044123449706914,29.746882951779675,True,True,True,False,0.6123886999994284,False,True,False,True,phase5b0_oracle_mpc
lhs_026,oracle_mpc,20.0,0.12839886893752858,0.13004513245261717,6.841742077677581,3.5384510093467285,29.84242997818441,True,True,True,False,0.5727088999992702,False,True,False,False,phase5b0_oracle_mpc
lhs_026,oracle_mpc,25.0,0.13037631239439015,0.13100366593898613,6.841742077677581,3.5529364463104796,29.94394311010135,False,True,True,False,0.0,False,False,False,False,phase5b0_oracle_mpc
lhs_026,oracle_mpc,30.0,0.13235375585125173,0.13340746330197234,6.841742077677581,3.5652930679316954,30.049994254226622,False,True,True,False,0.0,False,False,False,False,phase5b0_oracle_mpc
lhs_026,oracle_mpc,35.0,0.1343311993081133,0.13583559765578496,6.841742077677581,3.5760840581306,30.159541840365822,False,True,True,False,0.0,False,False,False,False,phase5b0_oracle_mpc
lhs_026,oracle_mpc,40.0,0.13630864276497487,0.13910408903319377,6.841742077677581,3.58571354972744,30.27182173691417,False,True,True,False,0.0,False,False,False,False,phase5b0_oracle_mpc
lhs_026,oracle_mpc,45.0,0.13802355904392768,0.1403576823893372,5.933426225004323,3.5733060764895166,30.36120030949404,True,True,True,False,0.5523223999989568,False,True,False,False,phase5b0_oracle_mpc
lhs_026,oracle_mpc,50.0,0.1397384753228805,0.14294534690731217,5.933426225004323,3.5788383945006705,30.45101163374402,False,True,True,False,0.0,False,False,False,False,phase5b0_oracle_mpc
lhs_026,oracle_mpc,55.0,0.14145339160183332,0.14372470245809768,5.933426225004323,3.584329187061567,30.54125334698354,False,True,True,False,0.0,False,False,False,False,phase5b0_oracle_mpc
lhs_026,oracle_mpc,60.0,0.14316830788078613,0.14598866987072973,5.933426225004323,3.589760388970702,30.63191249960529,False,True,True,False,0.0,False,False,False,False,phase5b0_oracle_mpc
lhs_026,oracle_mpc,65.0,0.14488322415973895,0.14826284252784117,5.933426225004323,3.5951197319217254,30.722969082674027,False,True,True,False,0.0,False,False,False,False,phase5b0_oracle_mpc
lhs_026,oracle_mpc,70.0,0.1464579210743215,0.14964177582666632,5.448282277151739,3.5891060636360117,30.801789985383472,True,True,True,False,0.5833561999970698,False,True,False,False,phase5b0_oracle_mpc
lhs_026,oracle_mpc,75.0,0.14803261798890407,0.1510364549741006,5.448282277151739,3.5929427587624128,30.880399265424582,False,True,True,False,0.0,False,False,False,False,phase5b0_oracle_mpc
lhs_026,oracle_mpc,80.0,0.14960731490348664,0.15177721239534153,5.448282277151739,3.5969423345129274,30.958904231331637,False,True,True,False,0.0,False,False,False,False,phase5b0_oracle_mpc
lhs_026,oracle_mpc,85.0,0.1511820118180692,0.15298914999229293,5.448282277151739,3.6010355450079734,31.03737451629729,False,True,True,False,0.0,False,False,False,False,phase5b0_oracle_mpc
lhs_026,oracle_mpc,90.0,0.15275670873265176,0.15431632652919341,5.448282277151739,3.605173285772557,31.11585311392213,False,True,True,False,0.0,False,False,False,False,phase5b0_oracle_mpc
lhs_026,oracle_mpc,95.0,0.15419801511984527,0.15674331867247232,4.986765372162789,3.5985890286038456,31.182951491157787,True,True,True,False,0.5878481000036118,False,True,False,False,phase5b0_oracle_mpc
lhs_026,oracle_mpc,100.0,0.15563932150703877,0.15832166031322817,4.986765372162789,3.601441792066535,31.249631186645846,False,True,True,False,0.0,False,False,False,False,phase5b0_oracle_mpc
lhs_026,oracle_mpc,105.0,0.15708062789423227,0.1612114716106461,4.986765372162789,3.6045018021660984,31.316010653496857,False,True,True,False,0.0,False,False,False,False,phase5b0_oracle_mpc
lhs_026,oracle_mpc,110.0,0.15852193428142577,0.1626943700532278,4.986765372162789,3.607692961697602,31.382170401714827,False,True,True,False,0.0,False,False,False,False,phase5b0_oracle_mpc
lhs_026,oracle_mpc,115.0,0.15996324066861928,0.16485660509285013,4.986765372162789,3.610961102275442,31.448163991793486,False,True,True,False,0.0,False,False,False,False,phase5b0_oracle_mpc
lhs_026,oracle_mpc,120.0,0.16130878715816405,0.16721937851195462,4.655446406341519,3.606571287346887,31.50623622144829,True,True,True,False,0.46055279999563936,False,True,False,False,phase5b0_oracle_mpc
lhs_026,oracle_mpc,125.0,0.16265433364770882,0.1683134577333612,4.655446406341519,3.6089778558746417,31.563899067278356,False,True,True,False,0.0,False,False,False,False,phase5b0_oracle_mpc
lhs_026,oracle_mpc,130.0,0.16399988013725358,0.1694402463745773,4.655446406341519,3.611547827715121,31.621241418373458,False,True,True,False,0.0,False,False,False,False,phase5b0_oracle_mpc
lhs_026,oracle_mpc,135.0,0.16534542662679835,0.17059464279662168,4.655446406341519,3.614221531354849,31.678324391893803,False,True,True,False,0.0,False,False,False,False,phase5b0_oracle_mpc
lhs_026,oracle_mpc,140.0,0.16669097311634312,0.1717242486247182,4.655446406341519,3.6169564443548055,31.735189357505252,False,True,True,False,0.0,False,False,False,False,phase5b0_oracle_mpc
lhs_026,oracle_mpc,145.0,0.16796108982037233,0.17275098983188317,4.394467446017183,3.6136659273799823,31.785976272666385,True,True,True,False,0.5224004000046989,False,True,False,False,phase5b0_oracle_mpc
lhs_026,oracle_mpc,150.0,0.16923120652440155,0.17516540095189223,4.394467446017183,3.615729494019629,31.836373197393375,False,True,True,False,0.0,False,False,False,False,phase5b0_oracle_mpc
lhs_026,oracle_mpc,155.0,0.17050132322843076,0.17542008269845383,4.394467446017183,3.617922316784873,31.886448101778825,False,True,True,False,0.0,False,False,False,False,phase5b0_oracle_mpc
lhs_026,oracle_mpc,160.0,0.17177143993245997,0.17648965360323482,4.394467446017183,3.620197315279598,31.936248276131057,False,True,True,False,0.0,False,False,False,False,phase5b0_oracle_mpc
lhs_026,oracle_mpc,165.0,0.17304155663648918,0.1769554171808083,4.394467446017183,3.62252089845081,31.985806289468975,False,True,True,False,0.0,False,False,False,False,phase5b0_oracle_mpc
lhs_026,oracle_mpc,170.0,0.17423319129754974,0.17862023829311166,4.12292800257183,3.6185739434898596,32.02926464710465,True,True,True,False,0.4834943000023486,False,True,False,False,phase5b0_oracle_mpc
lhs_026,oracle_mpc,175.0,0.1754248259586103,0.1795160068645154,4.12292800257183,3.6201954351132475,32.07231037510713,False,True,True,False,0.0,False,False,False,False,phase5b0_oracle_mpc
lhs_026,oracle_mpc,180.0,0.17661646061967087,0.18054655032110312,4.12292800257183,3.6219528451127645,32.11500905621334,False,True,True,False,0.0,False,False,False,False,phase5b0_oracle_mpc
lhs_026,oracle_mpc,185.0,0.17780809528073144,0.18201053578970652,4.12292800257183,3.6237997751930764,32.15740714061308,False,True,True,False,0.0,False,False,False,False,phase5b0_oracle_mpc
lhs_026,oracle_mpc,190.0,0.178999729941792,0.18126567556648795,4.12292800257183,3.6257030536743615,32.1995374289134,False,True,True,False,0.0,False,False,False,False,phase5b0_oracle_mpc
lhs_026,oracle_mpc,195.0,0.18020182329158138,0.18289759890984691,4.159113942809458,3.62847706031022,32.24218938252541,True,True,True,False,0.22772619999886956,False,True,False,False,phase5b0_oracle_mpc
lhs_026,oracle_mpc,200.0,0.18140391664137076,0.18399914832082145,4.159113942809458,3.6305257216590356,32.28464016622542,False,True,True,False,0.0,False,False,False,False,phase5b0_oracle_mpc
lhs_026,oracle_mpc,205.0,0.18260600999116014,0.1851517799996366,4.159113942809458,3.6325592878077346,32.32689342700695,False,True,True,False,0.0,False,False,False,False,phase5b0_oracle_mpc
lhs_026,oracle_mpc,210.0,0.18380810334094952,0.1851955572479251,4.159113942809458,3.634574177360222,32.3689513767947,False,True,True,False,0.0,False,False,False,False,phase5b0_oracle_mpc
lhs_026,oracle_mpc,215.0,0.1850101966907389,0.18517406473849818,4.159113942809458,3.636567860453674,32.410815228166975,False,True,True,False,0.0,False,False,False,False,phase5b0_oracle_mpc
lhs_026,oracle_mpc,220.0,0.1861806919721484,0.18705695926807475,4.049788018339784,3.6360091321744963,32.450175767987474,True,True,True,False,0.11996849999559345,False,True,False,False,phase5b0_oracle_mpc
lhs_026,oracle_mpc,225.0,0.1873511872535579,0.1881882178131529,4.049788018339784,3.6376650947459845,32.489261490643244,False,True,True,False,0.0,False,False,False,False,phase5b0_oracle_mpc
lhs_026,oracle_mpc,230.0,0.1885216825349674,0.19099872410375862,4.049788018339784,3.6393525343845967,32.52809460163626,False,True,True,False,0.0,False,False,False,False,phase5b0_oracle_mpc
lhs_026,oracle_mpc,235.0,0.1896921778163769,0.19148849047006475,4.049788018339784,3.6410556241041836,32.5666909267298,False,True,True,False,0.0,False,False,False,False,phase5b0_oracle_mpc
lhs_026,oracle_mpc,240.0,0.1908626730977864,0.19297879611283658,4.049788018339784,3.642763037563854,32.60506174572855,False,True,True,False,0.0,False,False,False,False,phase5b0_oracle_mpc
lhs_026,oracle_mpc,245.0,0.1919961868960083,0.19470030424788712,3.921836056557216,3.641509394118759,32.64056519590005,True,True,True,False,0.44537169999966864,False,True,False,False,phase5b0_oracle_mpc
lhs_026,oracle_mpc,250.0,0.19312970069423022,0.1954244544799182,3.921836056557216,3.6428665473925124,32.67576610514296,False,True,True,False,0.0,False,False,False,False,phase5b0_oracle_mpc
lhs_026,oracle_mpc,255.0,0.19426321449245212,0.196695876383325,3.921836056557216,3.644276184450077,32.71069387877612,False,True,True,False,0.0,False,False,False,False,phase5b0_oracle_mpc
lhs_026,oracle_mpc,260.0,0.19539672829067403,0.19715315610291656,3.921836056557216,3.6457175034791405,32.74536978373355,False,True,True,False,0.0,False,False,False,False,phase5b0_oracle_mpc
lhs_026,oracle_mpc,265.0,0.19653024208889594,0.1998015290854049,3.921836056557216,3.647175589467972,32.77980927041068,False,True,True,False,0.0,False,False,False,False,phase5b0_oracle_mpc
lhs_026,oracle_mpc,270.0,0.1975685525485383,0.20039439893217284,3.5924427253674542,3.641034618637903,32.80748206267327,True,True,True,False,0.5280446999968262,False,True,False,False,phase5b0_oracle_mpc
lhs_026,oracle_mpc,275.0,0.19860686300818067,0.20309136527271976,3.5924427253674542,3.641637731379217,32.834727929912795,False,True,True,False,0.0,False,False,False,False,phase5b0_oracle_mpc
lhs_026,oracle_mpc,280.0,0.19964517346782304,0.20367400230508156,3.5924427253674542,3.64240409651943,32.86161250916271,False,True,True,False,0.0,False,False,False,False,phase5b0_oracle_mpc
lhs_026,oracle_mpc,285.0,0.2006834839274654,0.2042513549197762,3.5924427253674542,3.643284777250297,32.88818349682911,False,True,True,False,0.0,False,False,False,False,phase5b0_oracle_mpc
lhs_026,oracle_mpc,290.0,0.20172179438710777,0.20500969069639258,3.5924427253674542,3.644247252123751,32.91447574273712,False,True,True,False,0.0,False,False,False,False,phase5b0_oracle_mpc
lhs_026,oracle_mpc,295.0,0.20272754937628099,0.2054703257587691,3.4798042924481627,3.6426679108797018,32.93838984090221,True,True,True,False,0.18791580000106478,False,True,False,False,phase5b0_oracle_mpc
lhs_026,oracle_mpc,300.0,0.2037333043654542,0.20722946481287516,3.4798042924481627,3.643433399881345,32.962002138039395,False,True,True,False,0.0,False,False,False,False,phase5b0_oracle_mpc
lhs_026,oracle_mpc,305.0,0.2047390593546274,0.2088617002426167,3.4798042924481627,3.6442822047271437,32.98534631645199,False,True,True,False,0.0,False,False,False,False,phase5b0_oracle_mpc
lhs_026,oracle_mpc,310.0,0.20574481434380062,0.20890365242693343,3.4798042924481627,3.6451892968510013,33.00844726644904,False,True,True,False,0.0,False,False,False,False,phase5b0_oracle_mpc
lhs_026,oracle_mpc,315.0,0.20675056933297384,0.20925737286268115,3.4798042924481627,3.646136743288324,33.031323567157386,False,True,True,False,0.0,False,False,False,False,phase5b0_oracle_mpc
lhs_026,oracle_mpc,320.0,0.20771806678015026,0.2102807774286442,3.347437304173641,3.644060160525219,33.051568661458035,True,True,True,False,0.179924399999436,False,True,False,False,phase5b0_oracle_mpc
lhs_026,oracle_mpc,325.0,0.20868556422732668,0.21170236404690082,3.347437304173641,3.6447121395329476,33.07153715521564,False,True,True,False,0.0,False,False,False,False,phase5b0_oracle_mpc
lhs_026,oracle_mpc,330.0,0.2096530616745031,0.21305091893095332,3.347437304173641,3.645443756166716,33.09125958526276,False,True,True,False,0.0,False,False,False,False,phase5b0_oracle_mpc
lhs_026,oracle_mpc,335.0,0.2106205591216795,0.2146262601992808,3.347437304173641,3.646231805548249,33.11075864781875,False,True,True,False,0.0,False,False,False,False,phase5b0_oracle_mpc
lhs_026,oracle_mpc,340.0,0.21158805656885593,0.21472926172486298,3.347437304173641,3.647059641816032,33.130051406223565,False,True,True,False,0.0,False,False,False,False,phase5b0_oracle_mpc
lhs_026,oracle_mpc,345.0,0.2125099675625925,0.21627739557595133,3.18971306908149,3.644281362742331,33.146371577418115,True,True,True,False,0.4025753000023542,False,True,False,False,phase5b0_oracle_mpc
lhs_026,oracle_mpc,350.0,0.21343187855632906,0.21794921192687633,3.18971306908149,3.644751708924887,33.162422046837094,False,True,True,False,0.0,False,False,False,False,phase5b0_oracle_mpc
lhs_026,oracle_mpc,355.0,0.21435378955006562,0.218815954720001,3.18971306908149,3.645316007959676,33.1782358824969,False,True,True,False,0.0,False,False,False,False,phase5b0_oracle_mpc
lhs_026,oracle_mpc,360.0,0.21527570054380218,0.2206991243344275,3.18971306908149,3.64594781211232,33.19383765025627,False,True,True,False,0.0,False,False,False,False,phase5b0_oracle_mpc
lhs_026,oracle_mpc,365.0,0.21619761153753875,0.2223255834910791,3.18971306908149,3.646628132903445,33.209245806780835,False,True,True,False,0.0,False,False,False,False,phase5b0_oracle_mpc
lhs_026,oracle_mpc,370.0,0.21710127768199364,0.22329388439241205,3.1265878491930286,3.6458896869660102,33.22339830160292,True,True,True,False,0.1772493999960716,False,True,False,False,phase5b0_oracle_mpc
lhs_026,oracle_mpc,375.0,0.21800494382644853,0.22488286254867734,3.1265878491930286,3.646468735684938,33.23734837038422,False,True,True,False,0.0,False,False,False,False,phase5b0_oracle_mpc
lhs_026,oracle_mpc,380.0,0.21890860997090342,0.22487838655621048,3.1265878491930286,3.6470980961107093,33.25111441504051,False,True,True,False,0.0,False,False,False,False,phase5b0_oracle_mpc
lhs_026,oracle_mpc,385.0,0.2198122761153583,0.22553158339635673,3.1265878491930286,3.6477638548354876,33.264710437891395,False,True,True,False,0.0,False,False,False,False,phase5b0_oracle_mpc
lhs_026,oracle_mpc,390.0,0.2207159422598132,0.22677951882181743,3.1265878491930286,3.6484559985621403,33.27814726691062,False,True,True,False,0.0,False,False,False,False,phase5b0_oracle_mpc
lhs_026,oracle_mpc,395.0,0.22161483425698322,0.2276301664693223,3.1100698121030153,3.6487871155914826,33.29115648181735,True,True,True,False,0.4004127000007429,False,True,False,False,phase5b0_oracle_mpc
lhs_026,oracle_mpc,400.0,0.22251372625415325,0.22796801013821205,3.1100698121030153,3.6494703726640365,33.30401302852238,False,True,True,False,0.0,False,False,False,False,phase5b0_oracle_mpc
lhs_026,oracle_mpc,405.0,0.22341261825132328,0.2286019068828261,3.1100698121030153,3.650172259355619,33.3167251164917,False,True,True,False,0.0,False,False,False,False,phase5b0_oracle_mpc
lhs_026,oracle_mpc,410.0,0.2243115102484933,0.22868251922614072,3.1100698121030153,3.6508877267866926,33.32929934418215,False,True,True,False,0.0,False,False,False,False,phase5b0_oracle_mpc
lhs_026,oracle_mpc,415.0,0.22521040224566333,0.22991191306255898,3.1100698121030153,3.651613118940364,33.34174113395555,False,True,True,False,0.0,False,False,False,False,phase5b0_oracle_mpc
lhs_026,oracle_mpc,420.0,0.22614247890288125,0.23038038681372147,3.2248851734198207,3.6549873139570055,33.35598838996161,True,True,True,False,0.4914150000040536,False,True,False,False,phase5b0_oracle_mpc
lhs_026,oracle_mpc,425.0,0.22707455556009917,0.2321979483839682,3.2248851734198207,3.656016167052616,33.370176523672136,False,True,True,False,0.0,False,False,False,False,phase5b0_oracle_mpc
lhs_026,oracle_mpc,430.0,0.2280066322173171,0.23293599129871148,3.2248851734198207,3.656990209425968,33.38429034732602,False,True,True,False,0.0,False,False,False,False,phase5b0_oracle_mpc
lhs_026,oracle_mpc,435.0,0.22893870887453502,0.2336824270042049,3.2248851734198207,3.6579244123819614,33.39831947354165,False,True,True,False,0.0,False,False,False,False,phase5b0_oracle_mpc
lhs_026,oracle_mpc,440.0,0.22987078553175294,0.2334460148568695,3.2248851734198207,3.6588294891981747,33.412256933190555,False,True,True,False,0.0,False,False,False,False,phase5b0_oracle_mpc
lhs_026,oracle_mpc,445.0,0.23080342130571815,0.2345504433624267,3.226819657343017,3.6597575943447964,33.42613117281512,True,True,True,False,0.14350959999865154,False,True,False,False,phase5b0_oracle_mpc
lhs_026,oracle_mpc,450.0,0.23173605707968337,0.23586187595849706,3.226819657343017,3.6606301217473503,33.43990751749787,False,True,True,False,0.0,False,False,False,False,phase5b0_oracle_mpc
lhs_026,oracle_mpc,455.0,0.23266869285364858,0.2367083710996511,3.226819657343017,3.6614896156368677,33.45358407056619,False,True,True,False,0.0,False,False,False,False,phase5b0_oracle_mpc
lhs_026,oracle_mpc,460.0,0.2336013286276138,0.237385137127641,3.226819657343017,3.662339159152601,33.46715988900076,False,True,True,False,0.0,False,False,False,False,phase5b0_oracle_mpc
lhs_026,oracle_mpc,465.0,0.234533964401579,0.23711173752160197,3.226819657343017,3.663180962452294,33.48063470111376,False,True,True,False,0.0,False,False,False,False,phase5b0_oracle_mpc
lhs_026,oracle_mpc,470.0,0.23544486646691734,0.23794396637915485,3.151623358657155,3.6622879368605967,33.49273813604873,True,True,True,False,0.5627244999996037,False,True,False,False,phase5b0_oracle_mpc
lhs_026,oracle_mpc,475.0,0.23635576853225568,0.23932267497085877,3.151623358657155,3.6629293746840417,33.50469926864121,False,True,True,False,0.0,False,False,False,False,phase5b0_oracle_mpc
lhs_026,oracle_mpc,480.0,0.23726667059759401,0.24010667165730593,3.151623358657155,3.663605025626727,33.51653083031851,False,True,True,False,0.0,False,False,False,False,phase5b0_oracle_mpc
lhs_026,oracle_mpc,485.0,0.23817757266293235,0.24135038440383277,3.151623358657155,3.664304994890151,33.5282423849912,False,True,True,False,0.0,False,False,False,False,phase5b0_oracle_mpc
lhs_026,oracle_mpc,490.0,0.2390884747282707,0.24384342591617145,3.151623358657155,3.665022191611472,33.53984121861476,False,True,True,False,0.0,False,False,False,False,phase5b0_oracle_mpc
lhs_026,oracle_mpc,495.0,0.24001467006587146,0.2450841111312564,3.2045364389175806,3.666967554309115,33.55222079102954,True,True,True,False,0.4732866999984253,False,True,False,False,phase5b0_oracle_mpc
lhs_026,oracle_mpc,500.0,0.24094086540347223,0.24711563540447504,3.2045364389175806,3.6678381631138146,33.56452769587814,False,True,True,False,0.0,False,False,False,False,phase5b0_oracle_mpc
lhs_026,oracle_mpc,505.0,0.241867060741073,0.24721956684723045,3.2045364389175806,3.6686876619342472,33.576756996472,False,True,True,False,0.0,False,False,False,False,phase5b0_oracle_mpc
lhs_026,oracle_mpc,510.0,0.24279325607867377,0.2469063902021058,3.2045364389175806,3.669521562990304,33.58890548690877,False,True,True,False,0.0,False,False,False,False,phase5b0_oracle_mpc
lhs_026,oracle_mpc,515.0,0.24371945141627455,0.24830252859231292,3.2045364389175806,3.6703438233168475,33.600971189846305,False,True,True,False,0.0,False,False,False,False,phase5b0_oracle_mpc
lhs_026,oracle_mpc,520.0,0.24463764491537596,0.24906476043801448,3.176850936725398,3.6705212150565583,33.612487463297214,True,True,True,False,0.15617989999736892,False,True,False,False,phase5b0_oracle_mpc
lhs_026,oracle_mpc,525.0,0.24555583841447737,0.2492124446752448,3.176850936725398,3.6712586376842187,33.62390365898855,False,True,True,False,0.0,False,False,False,False,phase5b0_oracle_mpc
lhs_026,oracle_mpc,530.0,0.24647403191357878,0.25117353101648,3.176850936725398,3.6720049117449944,33.635224174989034,False,True,True,False,0.0,False,False,False,False,phase5b0_oracle_mpc
lhs_026,oracle_mpc,535.0,0.2473922254126802,0.2521820629066845,3.176850936725398,3.6727572485412585,33.646452479951215,False,True,True,False,0.0,False,False,False,False,phase5b0_oracle_mpc
lhs_026,oracle_mpc,540.0,0.2483104189117816,0.25370726915466074,3.176850936725398,3.67351366090275,33.65759136977066,False,True,True,False,0.0,False,False,False,False,phase5b0_oracle_mpc
lhs_026,oracle_mpc,545.0,0.24910392775217002,0.25391860032919517,2.7454554027608213,3.664363812222138,33.6617492711151,True,True,True,False,1.178054100004374,False,True,False,False,phase5b0_oracle_mpc
lhs_026,oracle_mpc,550.0,0.24989743659255845,0.255328806333637,2.7454554027608213,3.664046938963967,33.66561558214164,False,True,True,False,0.0,False,False,False,False,phase5b0_oracle_mpc
lhs_026,oracle_mpc,555.0,0.2506909454329469,0.25546185731899523,2.7454554027608213,3.6639507962216156,33.6692517178916,False,True,True,False,0.0,False,False,False,False,phase5b0_oracle_mpc
lhs_026,oracle_mpc,560.0,0.2514844542733353,0.25552125129603304,2.7454554027608213,3.6640147081292334,33.67270236017247,False,True,True,False,0.0,False,False,False,False,phase5b0_oracle_mpc
lhs_026,oracle_mpc,565.0,0.25227796311372375,0.25610612990870657,2.7454554027608213,3.664195161382428,33.67600020119576,False,True,True,False,0.0,False,False,False,False,phase5b0_oracle_mpc
lhs_026,oracle_mpc,570.0,0.253114883321167,0.25653330470513286,2.895654072461223,3.6679103141712712,33.68144825475049,True,True,True,False,1.1833057000039844,False,True,False,False,phase5b0_oracle_mpc
lhs_026,oracle_mpc,575.0,0.25395180352861024,0.25752597028382473,2.895654072461223,3.668613627673448,33.68685870683446,False,True,True,False,0.0,False,False,False,False,phase5b0_oracle_mpc
lhs_026,oracle_mpc,580.0,0.2547887237360535,0.2583776369227332,2.895654072461223,3.6692872572060904,33.692223720570176,False,True,True,False,0.0,False,False,False,False,phase5b0_oracle_mpc
lhs_026,oracle_mpc,585.0,0.25562564394349674,0.2589188732942725,2.895654072461223,3.669940555051602,33.697538152948326,False,True,True,False,0.0,False,False,False,False,phase5b0_oracle_mpc
lhs_026,oracle_mpc,590.0,0.25646256415094,0.2588887521058464,2.895654072461223,3.6705801877445476,33.70279876810516,False,True,True,False,0.0,False,False,False,False,phase5b0_oracle_mpc
lhs_026,oracle_mpc,595.0,0.25646256415094,0.259064819768282,0.0,3.604720169612053,33.67795864783045,True,False,False,True,0.5762778999996954,False,True,False,True,phase5b0_oracle_mpc
lhs_026,oracle_mpc,600.0,0.25646256415094,0.2593949832845231,0.0,3.5981293912268293,33.653270339626026,True,False,False,True,5.678055799995491,False,True,False,False,phase5b0_oracle_mpc
lhs_026,oracle_mpc,605.0,0.25646256415094,0.2587382821850468,0.0,3.5930072360576735,33.62873301952594,False,False,False,True,0.0,False,False,False,False,phase5b0_oracle_mpc
lhs_026,oracle_mpc,610.0,0.25646256415094,0.2591737611325039,0.0,3.5889516129123296,33.60434576412111,False,False,False,True,0.0,False,False,False,False,phase5b0_oracle_mpc
lhs_026,oracle_mpc,615.0,0.25646256415094,0.2592223586698261,0.0,3.5856741034184774,33.580107655649854,False,False,False,True,0.0,False,False,False,False,phase5b0_oracle_mpc
lhs_026,oracle_mpc,620.0,0.25646256415094,0.25880380115503115,0.0,3.5829676864724487,33.556017781963284,False,False,False,True,0.0,False,False,False,False,phase5b0_oracle_mpc
lhs_026,oracle_mpc,625.0,0.257040616768069,0.25895991169596166,1.9999999999999982,3.6266083283004305,33.54526457358091,True,True,True,False,0.6817520999975386,False,True,False,True,phase5b0_oracle_mpc
lhs_026,oracle_mpc,630.0,0.2580109878459413,0.2601523668057078,3.357379757890635,3.6607917581832856,33.55228444398782,True,True,True,False,1.5013921999998274,False,True,False,False,phase5b0_oracle_mpc
lhs_026,oracle_mpc,635.0,0.2589813589238136,0.2618510153235446,3.357379757890635,3.6664107462093027,33.56080963741865,False,True,True,False,0.0,False,False,False,False,phase5b0_oracle_mpc
lhs_026,oracle_mpc,640.0,0.25995173000168587,0.2637432281048607,3.357379757890635,3.6707845673283215,33.57042264191154,False,True,True,False,0.0,False,False,False,False,phase5b0_oracle_mpc
lhs_026,oracle_mpc,645.0,0.26092210107955816,0.26403250889585705,3.357379757890635,3.6742622780747776,33.58082335818872,False,True,True,False,0.0,False,False,False,False,phase5b0_oracle_mpc
lhs_026,oracle_mpc,650.0,0.26189247215743044,0.26551746831635287,3.357379757890635,3.6770939597362693,33.59179575337503,False,True,True,False,0.0,False,False,False,False,phase5b0_oracle_mpc
lhs_026,oracle_mpc,655.0,0.26189247215743044,0.26604007011853886,0.0,3.6023776680041695,33.56763451977783,True,False,False,True,0.9619540999992751,False,True,False,True,phase5b0_oracle_mpc
lhs_026,oracle_mpc,660.0,0.26189247215743044,0.26499318242841224,0.0,3.59604901244247,33.54362092896674,True,False,False,True,3.955057200000738,False,True,False,False,phase5b0_oracle_mpc
lhs_026,oracle_mpc,665.0,0.26189247215743044,0.26468271547920014,0.0,3.591180150415019,33.51975419984113,False,False,False,True,0.0,False,False,False,False,phase5b0_oracle_mpc
lhs_026,oracle_mpc,670.0,0.26189247215743044,0.2652323908801437,0.0,3.587369033080723,33.496033434228195,False,False,False,True,0.0,False,False,False,False,phase5b0_oracle_mpc
lhs_026,oracle_mpc,675.0,0.26189247215743044,0.2660767697465476,0.0,3.5843273650490586,33.47245773944813,False,False,False,True,0.0,False,False,False,False,phase5b0_oracle_mpc
lhs_026,oracle_mpc,680.0,0.26189247215743044,0.2656481686519616,0.0,3.581848302438376,33.44902622828056,False,False,False,True,0.0,False,False,False,False,phase5b0_oracle_mpc
lhs_026,oracle_mpc,685.0,0.26247052477455945,0.2648950544161653,1.9999999999999973,3.625700984901852,33.43798840244572,True,True,True,False,1.2875672000009217,False,True,False,True,phase5b0_oracle_mpc
lhs_026,oracle_mpc,690.0,0.26247052477455945,0.2651140635932288,0.0,3.583004083125562,33.41476774050817,True,False,False,True,6.429000899996026,False,True,False,True,phase5b0_oracle_mpc
lhs_026,oracle_mpc,695.0,0.26304857739168847,0.2653397694010474,1.9999999999999987,3.6263786702873957,33.40400768437697,True,True,True,False,1.1275045000002137,False,True,False,True,phase5b0_oracle_mpc
lhs_026,oracle_mpc,700.0,0.26399728606215983,0.2650824859034593,3.282430153792209,3.658709438942981,33.409294537023094,True,True,True,False,1.6431349999984377,False,True,False,False,phase5b0_oracle_mpc
lhs_026,oracle_mpc,705.0,0.2649459947326312,0.26590721974839737,3.282430153792209,3.664107639566209,33.415991424687554,False,True,True,False,0.0,False,False,False,False,phase5b0_oracle_mpc
lhs_026,oracle_mpc,710.0,0.26589470340310256,0.26685455798245183,3.282430153792209,3.6683665529477807,33.42372468091597,False,True,True,False,0.0,False,False,False,False,phase5b0_oracle_mpc
lhs_026,oracle_mpc,715.0,0.2668434120735739,0.26787486412676015,3.282430153792209,3.6718035010920307,33.432224993038076,False,True,True,False,0.0,False,False,False,False,phase5b0_oracle_mpc
lhs_026,oracle_mpc,720.0,0.2677921207440453,0.27008538233940066,3.282430153792209,3.6746459161964764,33.44129779236312,False,True,True,False,0.0,False,False,False,False,phase5b0_oracle_mpc
lhs_026,oracle_mpc,725.0,0.2687902976088631,0.270072878545089,3.4535847957073873,3.6809859528259437,33.453536381901834,True,True,True,False,0.6402805999969132,False,True,False,False,phase5b0_oracle_mpc
lhs_026,oracle_mpc,730.0,0.2697884744736809,0.27064586382413425,3.4535847957073873,3.683507978155361,33.46623261925073,False,True,True,False,0.0,False,False,False,False,phase5b0_oracle_mpc
lhs_026,oracle_mpc,735.0,0.27078665133849866,0.27089780589247103,3.4535847957073873,3.685712590578934,33.479277664744494,False,True,True,False,0.0,False,False,False,False,phase5b0_oracle_mpc
lhs_026,oracle_mpc,740.0,0.27178482820331645,0.27227541176542935,3.4535847957073873,3.6876840390086887,33.49259177878298,False,True,True,False,0.0,False,False,False,False,phase5b0_oracle_mpc
lhs_026,oracle_mpc,745.0,0.27278300506813424,0.272772973018782,3.4535847957073873,3.6894829007577963,33.50611612257045,False,True,True,False,0.0,False,False,False,False,phase5b0_oracle_mpc
lhs_026,oracle_mpc,750.0,0.27375077037014817,0.2732514606737962,3.348364053156602,3.6887373819340765,33.51805755786928,True,True,True,False,0.42459429999871645,False,True,False,False,phase5b0_oracle_mpc
lhs_026,oracle_mpc,755.0,0.2747185356721621,0.27498198258329126,3.348364053156602,3.6900482051221735,33.53006187165976,False,True,True,False,0.0,False,False,False,False,phase5b0_oracle_mpc
lhs_026,oracle_mpc,760.0,0.275686300974176,0.27661255631519927,3.348364053156602,3.691337720491904,33.542122525561815,False,True,True,False,0.0,False,False,False,False,phase5b0_oracle_mpc
lhs_026,oracle_mpc,765.0,0.27665406627618994,0.27769608425379844,3.348364053156602,3.692607783693698,33.5542335460924,False,True,True,False,0.0,False,False,False,False,phase5b0_oracle_mpc
lhs_026,oracle_mpc,770.0,0.27762183157820386,0.27913628525799045,3.348364053156602,3.6938599269263683,33.56638942197477,False,True,True,False,0.0,False,False,False,False,phase5b0_oracle_mpc
lhs_026,oracle_mpc,775.0,0.2785653286280073,0.2813687250247068,3.264398505760642,3.693167917008236,33.57720104471279,True,True,True,False,0.13156220000382746,False,True,False,False,phase5b0_oracle_mpc
lhs_026,oracle_mpc,780.0,0.27950882567781077,0.2816753983099112,3.264398505760642,3.694179108001014,33.58799522491972,False,True,True,False,0.0,False,False,False,False,phase5b0_oracle_mpc
lhs_026,oracle_mpc,785.0,0.2804523227276142,0.28155102898469225,3.264398505760642,3.695218359714008,33.598781432322966,False,True,True,False,0.0,False,False,False,False,phase5b0_oracle_mpc
lhs_026,oracle_mpc,790.0,0.2813958197774177,0.28381565488261423,3.264398505760642,3.696274842749331,33.60956554394637,False,True,True,False,0.0,False,False,False,False,phase5b0_oracle_mpc
lhs_026,oracle_mpc,795.0,0.28233931682722113,0.28553857611324196,3.264398505760642,3.697340961620979,33.62035090637424,False,True,True,False,0.0,False,False,False,False,phase5b0_oracle_mpc
lhs_026,oracle_mpc,800.0,0.28332103269492476,0.2854982008533922,3.3966315128179794,3.7014471880901967,33.633342156656724,True,True,True,False,0.44302899999456713,False,True,False,False,phase5b0_oracle_mpc
lhs_026,oracle_mpc,805.0,0.2843027485626284,0.2862249434528101,3.3966315128179794,3.702847479784045,33.646421068809154,False,True,True,False,0.0,False,False,False,False,phase5b0_oracle_mpc
lhs_026,oracle_mpc,810.0,0.285284464430332,0.2874021273341705,3.3966315128179794,3.704179024145744,33.65956436102547,False,True,True,False,0.0,False,False,False,False,phase5b0_oracle_mpc
lhs_026,oracle_mpc,815.0,0.28626618029803563,0.28746951719960384,3.3966315128179794,3.7054586526568833,33.67275443208999,False,True,True,False,0.0,False,False,False,False,phase5b0_oracle_mpc
lhs_026,oracle_mpc,820.0,0.28724789616573926,0.2897981069937941,3.3966315128179794,3.7066985793352845,33.685977782872015,False,True,True,False,0.0,False,False,False,False,phase5b0_oracle_mpc
lhs_026,oracle_mpc,825.0,0.2881044686800668,0.2905287108446793,2.9636489445608856,3.697966353341372,33.69215276535303,True,True,True,False,0.5712122000040836,False,True,False,False,phase5b0_oracle_mpc
lhs_026,oracle_mpc,830.0,0.2889610411943943,0.29229582025281675,2.9636489445608856,3.6980723356762133,33.698101313855766,False,True,True,False,0.0,False,False,False,False,phase5b0_oracle_mpc
lhs_026,oracle_mpc,835.0,0.28981761370872183,0.2931437765775504,2.9636489445608856,3.698378124378977,33.7038825032296,False,True,True,False,0.0,False,False,False,False,phase5b0_oracle_mpc
lhs_026,oracle_mpc,840.0,0.29067418622304936,0.29335985462307324,2.9636489445608856,3.698826908931069,33.70953848650498,False,True,True,False,0.0,False,False,False,False,phase5b0_oracle_mpc
lhs_026,oracle_mpc,845.0,0.2915307587373769,0.2945212904443457,2.9636489445608856,3.699378070711485,33.71509932600279,False,True,True,False,0.0,False,False,False,False,phase5b0_oracle_mpc
lhs_026,oracle_mpc,850.0,0.29238704447627517,0.294966336333924,2.9626567323617805,3.699979797247186,33.72057114948823,True,True,True,False,0.23233610000170302,False,True,False,False,phase5b0_oracle_mpc
lhs_026,oracle_mpc,855.0,0.29324333021517346,0.2959080240195239,2.9626567323617805,3.7006544502339747,33.72598394844812,False,True,True,False,0.0,False,False,False,False,phase5b0_oracle_mpc
lhs_026,oracle_mpc,860.0,0.29409961595407175,0.2963798061209079,2.9626567323617805,3.701367430103173,33.73134867277698,False,True,True,False,0.0,False,False,False,False,phase5b0_oracle_mpc
lhs_026,oracle_mpc,865.0,0.29495590169297004,0.2976628029675057,2.9626567323617805,3.7021080559340245,33.73667307183342,False,True,True,False,0.0,False,False,False,False,phase5b0_oracle_mpc
lhs_026,oracle_mpc,870.0,0.2958121874318683,0.2985011346681537,2.9626567323617805,3.702868728002398,33.74196260906233,False,True,True,False,0.0,False,False,False,False,phase5b0_oracle_mpc
lhs_026,oracle_mpc,875.0,0.29665215536353495,0.3002238363461583,2.9061988710939826,3.7023473761783463,33.74635793615144,True,True,True,False,0.5965342000054079,False,True,False,False,phase5b0_oracle_mpc
lhs_026,oracle_mpc,880.0,0.2974921232952016,0.3014900680992416,2.9061988710939826,3.702992432430753,33.75069534038427,False,True,True,False,0.0,False,False,False,False,phase5b0_oracle_mpc
lhs_026,oracle_mpc,885.0,0.2983320912268682,0.3019332672980887,2.9061988710939826,3.7036741940782054,33.75498493342249,False,True,True,False,0.0,False,False,False,False,phase5b0_oracle_mpc
lhs_026,oracle_mpc,890.0,0.29917205915853484,0.30266705045009823,2.9061988710939826,3.704382904302554,33.75923395560146,False,True,True,False,0.0,False,False,False,False,phase5b0_oracle_mpc
lhs_026,oracle_mpc,895.0,0.30001202709020147,0.3026900492062263,2.9061988710939826,3.7051116094017056,33.7634475950813,False,True,True,False,0.0,False,False,False,False,phase5b0_oracle_mpc
lhs_026,oracle_mpc,900.0,0.30001202709020147,0.3037175361800999,0.0,3.6390963079403984,33.73823655798284,True,False,False,True,0.4144321999992826,False,True,False,True,phase5b0_oracle_mpc
lhs_026,oracle_mpc,905.0,0.3005900797073305,0.30415903176905473,2.0000000000000036,3.6785196477861906,33.72902493719239,True,True,True,False,1.254567500000121,False,True,False,True,phase5b0_oracle_mpc
lhs_026,oracle_mpc,910.0,0.30136855727734063,0.30463503503371114,2.6934488208931135,3.694413149316579,33.728477026574964,True,True,True,False,1.053719200004707,False,True,False,False,phase5b0_oracle_mpc
lhs_026,oracle_mpc,915.0,0.3021470348473508,0.3060336698270566,2.6934488208931135,3.696170015184023,33.72821186072226,False,True,True,False,0.0,False,False,False,False,phase5b0_oracle_mpc
lhs_026,oracle_mpc,920.0,0.30292551241736093,0.30682574738918045,2.6934488208931135,3.6976197930960066,33.72814684557089,False,True,True,False,0.0,False,False,False,False,phase5b0_oracle_mpc
lhs_026,oracle_mpc,925.0,0.3037039899873711,0.30732634682726845,2.6934488208931135,3.6988496820408603,33.72822294306808,False,True,True,False,0.0,False,False,False,False,phase5b0_oracle_mpc
lhs_026,oracle_mpc,930.0,0.30448246755738123,0.3072631385229,2.6934488208931135,3.699922100005903,33.728397955340554,False,True,True,False,0.0,False,False,False,False,phase5b0_oracle_mpc
lhs_026,oracle_mpc,935.0,0.30448246755738123,0.3078543996136203,0.0,3.6390179239581864,33.703401259212235,True,False,False,True,0.8146027000038885,False,True,False,True,phase5b0_oracle_mpc
lhs_026,oracle_mpc,940.0,0.30448246755738123,0.308010593707817,0.0,3.6331678842033788,33.678557349755984,True,False,False,True,4.7804040999981225,False,True,False,False,phase5b0_oracle_mpc
lhs_026,oracle_mpc,945.0,0.30448246755738123,0.30809813430492805,0.0,3.628628351274577,33.653865380026105,False,False,False,True,0.0,False,False,False,False,phase5b0_oracle_mpc
lhs_026,oracle_mpc,950.0,0.30448246755738123,0.30851145642808836,0.0,3.6250401917472628,33.62932442079362,False,False,False,True,0.0,False,False,False,False,phase5b0_oracle_mpc
lhs_026,oracle_mpc,955.0,0.30448246755738123,0.3096544443026739,0.0,3.6221458136476796,33.60493354851253,False,False,False,True,0.0,False,False,False,False,phase5b0_oracle_mpc
lhs_026,oracle_mpc,960.0,0.30448246755738123,0.3096159725416325,0.0,3.6197603349172,33.580691845284996,False,False,False,True,0.0,False,False,False,False,phase5b0_oracle_mpc
lhs_026,oracle_mpc,965.0,0.30506052017451024,0.3102965579543469,2.0000000000000018,3.663687538939312,33.568989650842965,True,True,True,False,1.424628599997959,False,True,False,True,phase5b0_oracle_mpc
lhs_026,oracle_mpc,970.0,0.30591783513831505,0.31003269425923996,2.9662177400486054,3.689147362960033,33.569127822080084,True,True,True,False,1.7415267000033055,False,True,False,False,phase5b0_oracle_mpc
lhs_026,oracle_mpc,975.0,0.30677515010211986,0.3104672782104225,2.9662177400486054,3.694024219394224,33.57044213430054,False,True,True,False,0.0,False,False,False,False,phase5b0_oracle_mpc
lhs_026,oracle_mpc,980.0,0.3076324650659247,0.3123699967765537,2.9662177400486054,3.697834879058965,33.57261636816612,False,True,True,False,0.0,False,False,False,False,phase5b0_oracle_mpc
lhs_026,oracle_mpc,985.0,0.3084897800297295,0.31291737013268345,2.9662177400486054,3.700878079792014,33.575423110230574,False,True,True,False,0.0,False,False,False,False,phase5b0_oracle_mpc
lhs_026,oracle_mpc,990.0,0.3093470949935343,0.3138077774507981,2.9662177400486054,3.7033678308408047,33.57869853815252,False,True,True,False,0.0,False,False,False,False,phase5b0_oracle_mpc
lhs_026,oracle_mpc,995.0,0.3103090102784704,0.3148341195480564,3.328123622080074,3.7137688938170164,33.587797347652526,True,True,True,False,1.0294636000035098,False,True,False,False,phase5b0_oracle_mpc
lhs_026,oracle_mpc,1000.0,0.3112709255634065,0.31569428627736396,3.328123622080074,3.716471392449149,33.59741775793684,False,True,True,False,0.0,False,False,False,False,phase5b0_oracle_mpc
lhs_026,oracle_mpc,1005.0,0.31223284084834263,0.3173067023374635,3.328123622080074,3.7187785036777825,33.607429009132495,False,True,True,False,0.0,False,False,False,False,phase5b0_oracle_mpc
lhs_026,oracle_mpc,1010.0,0.31319475613327874,0.317785795193762,3.328123622080074,3.7207972437362202,33.61773602964551,False,True,True,False,0.0,False,False,False,False,phase5b0_oracle_mpc
lhs_026,oracle_mpc,1015.0,0.31415667141821485,0.31895936503973543,3.328123622080074,3.722604414895458,33.6282693440706,False,True,True,False,0.0,False,False,False,False,phase5b0_oracle_mpc
lhs_026,oracle_mpc,1020.0,0.3151185481060703,0.3198758734686345,3.3279900803244167,3.724252116366724,33.638975678745325,True,True,True,False,0.4621234000005643,False,True,False,False,phase5b0_oracle_mpc
lhs_026,oracle_mpc,1025.0,0.3160804247939258,0.32096776426102736,3.3279900803244167,3.725785818430377,33.649819246558636,False,True,True,False,0.0,False,False,False,False,phase5b0_oracle_mpc
lhs_026,oracle_mpc,1030.0,0.31704230148178125,0.32246682041438873,3.3279900803244167,3.727231425830624,33.66077170712452,False,True,True,False,0.0,False,False,False,False,phase5b0_oracle_mpc
lhs_026,oracle_mpc,1035.0,0.3180041781696367,0.3235043118713276,3.3279900803244167,3.7286095383330626,33.671811576405844,False,True,True,False,0.0,False,False,False,False,phase5b0_oracle_mpc
lhs_026,oracle_mpc,1040.0,0.3189660548574922,0.3253613744921469,3.3279900803244167,3.7299350622498233,33.68292232847083,False,True,True,False,0.0,False,False,False,False,phase5b0_oracle_mpc
lhs_026,oracle_mpc,1045.0,0.31994394807288074,0.3262820126288912,3.383405546178159,3.7324912489943647,33.695014324438255,True,True,True,False,0.350476500003424,False,True,False,False,phase5b0_oracle_mpc
lhs_026,oracle_mpc,1050.0,0.3209218412882693,0.32669755558654234,3.383405546178159,3.733879193525573,33.70718998154407,False,True,True,False,0.0,False,False,False,False,phase5b0_oracle_mpc
lhs_026,oracle_mpc,1055.0,0.32189973450365783,0.32781686528395876,3.383405546178159,3.7352108943393634,33.719431277793696,False,True,True,False,0.0,False,False,False,False,phase5b0_oracle_mpc
lhs_026,oracle_mpc,1060.0,0.3228776277190464,0.32936084360462997,3.383405546178159,3.736498365311085,33.731724253967975,False,True,True,False,0.0,False,False,False,False,phase5b0_oracle_mpc
lhs_026,oracle_mpc,1065.0,0.3238555209344349,0.33025491157795733,3.383405546178159,3.737750350010511,33.74405790210441,False,True,True,False,0.0,False,False,False,False,phase5b0_oracle_mpc
lhs_026,oracle_mpc,1070.0,0.32482169870729355,0.32982043283945134,3.3428713727041663,3.7380425904902816,33.75573921765912,True,True,True,False,0.30552739999984624,False,True,False,False,phase5b0_oracle_mpc
lhs_026,oracle_mpc,1075.0,0.32578787648015217,0.3307853475836283,3.3428713727041663,3.739140201967066,33.7674193572879,False,True,True,False,0.0,False,False,False,False,phase5b0_oracle_mpc
lhs_026,oracle_mpc,1080.0,0.3267540542530108,0.331528052338728,3.3428713727041663,3.740237544271281,33.77909916427223,False,True,True,False,0.0,False,False,False,False,phase5b0_oracle_mpc
lhs_026,oracle_mpc,1085.0,0.3277202320258694,0.3324111601696453,3.3428713727041663,3.741331596327327,33.79077845617295,False,True,True,False,0.0,False,False,False,False,phase5b0_oracle_mpc
lhs_026,oracle_mpc,1090.0,0.32868640979872804,0.3325792852713346,3.3428713727041663,3.7424203071495756,33.80245635203049,False,True,True,False,0.0,False,False,False,False,phase5b0_oracle_mpc
lhs_026,oracle_mpc,1095.0,0.3296413112405451,0.3328383615448941,3.3038564778400814,3.7426066063115275,33.81347428937214,True,True,True,False,0.11337270000512945,False,True,False,False,phase5b0_oracle_mpc
lhs_026,oracle_mpc,1100.0,0.3305962126823621,0.3334653268825864,3.3038564778400814,3.7435839779957787,33.82446375454308,False,True,True,False,0.0,False,False,False,False,phase5b0_oracle_mpc
lhs_026,oracle_mpc,1105.0,0.33155111412417915,0.3336840850185132,3.3038564778400814,3.7445730853376973,33.835429459304684,False,True,True,False,0.0,False,False,False,False,phase5b0_oracle_mpc
lhs_026,oracle_mpc,1110.0,0.3325060155659962,0.33490861700123736,3.3038564778400814,3.7455682111099193,33.84637421002578,False,True,True,False,0.0,False,False,False,False,phase5b0_oracle_mpc
lhs_026,oracle_mpc,1115.0,0.3334609170078132,0.33468561475479475,3.3038564778400814,3.7465653485583497,33.857299476064455,False,True,True,False,0.0,False,False,False,False,phase5b0_oracle_mpc
lhs_026,oracle_mpc,1120.0,0.3343616870562102,0.33631605865600855,3.11656766773523,3.7432621740139007,33.86511181880904,True,True,True,False,0.5399422999980743,False,True,False,False,phase5b0_oracle_mpc
lhs_026,oracle_mpc,1125.0,0.3352624571046072,0.3366467168406406,3.11656766773523,3.7437901429943103,33.872797639409065,False,True,True,False,0.0,False,False,False,False,phase5b0_oracle_mpc
lhs_026,oracle_mpc,1130.0,0.33616322715300423,0.3373323577222079,3.11656766773523,3.7444093085029597,33.88038597903295,False,True,True,False,0.0,False,False,False,False,phase5b0_oracle_mpc
lhs_026,oracle_mpc,1135.0,0.33706399720140123,0.33775523499621823,3.11656766773523,3.74509270591976,33.88789744137277,False,True,True,False,0.0,False,False,False,False,phase5b0_oracle_mpc
lhs_026,oracle_mpc,1140.0,0.33796476724979824,0.33871772037601705,3.11656766773523,3.745821069053379,33.89534660665065,False,True,True,False,0.0,False,False,False,False,phase5b0_oracle_mpc
lhs_026,oracle_mpc,1145.0,0.33884054144983405,0.3385510689724889,3.0300847157667827,3.744595379121008,33.90136126625228,True,True,True,False,0.2549756000007619,False,True,False,False,phase5b0_oracle_mpc
lhs_026,oracle_mpc,1150.0,0.33971631564986987,0.33975761367264395,3.0300847157667827,3.745161398173341,33.90728402506478,False,True,True,False,0.0,False,False,False,False,phase5b0_oracle_mpc
lhs_026,oracle_mpc,1155.0,0.3405920898499057,0.3420993634634014,3.0300847157667827,3.7457857646965547,33.91313302539832,False,True,True,False,0.0,False,False,False,False,phase5b0_oracle_mpc
lhs_026,oracle_mpc,1160.0,0.3414678640499415,0.343463904940831,3.0300847157667827,3.7464514481536506,33.918921228377116,False,True,True,False,0.0,False,False,False,False,phase5b0_oracle_mpc
lhs_026,oracle_mpc,1165.0,0.3423436382499773,0.3437876791029325,3.0300847157667827,3.7471462722560394,33.9246578921549,False,True,True,False,0.0,False,False,False,False,phase5b0_oracle_mpc
lhs_026,oracle_mpc,1170.0,0.34316974186970467,0.3449941341632355,2.858229840149535,3.7439166900836143,33.92768769074137,True,True,True,False,0.442548999999417,False,True,False,False,phase5b0_oracle_mpc
lhs_026,oracle_mpc,1175.0,0.343995845489432,0.3460972167297395,2.858229840149535,3.7442192021385203,33.930589775722126,False,True,True,False,0.0,False,False,False,False,phase5b0_oracle_mpc
lhs_026,oracle_mpc,1180.0,0.34482194910915936,0.34803173207797294,2.858229840149535,3.744618811747084,33.93339218350908,False,True,True,False,0.0,False,False,False,False,phase5b0_oracle_mpc
lhs_026,oracle_mpc,1185.0,0.3456480527288867,0.3480272910337779,2.858229840149535,3.7450883967366,33.936115170658596,False,True,True,False,0.0,False,False,False,False,phase5b0_oracle_mpc
lhs_026,oracle_mpc,1190.0,0.34647415634861406,0.3492033951911045,2.858229840149535,3.7456085226211657,33.938773424119596,False,True,True,False,0.0,False,False,False,False,phase5b0_oracle_mpc
lhs_026,oracle_mpc,1195.0,0.34713502637128607,0.34997949066092265,2.2865393325415293,3.733042852356683,33.933328785619054,True,True,True,False,0.5432331999982125,False,True,False,False,phase5b0_oracle_mpc
lhs_026,oracle_mpc,1200.0,0.3477958963939581,0.3512522305823728,2.2865393325415293,3.732206259166498,33.92761621493335,False,True,True,False,0.0,False,False,False,False,phase5b0_oracle_mpc
lhs_026,oracle_mpc,1205.0,0.3484567664166301,0.3518123801484947,2.2865393325415293,3.7316795088073853,33.92170645036368,False,True,True,False,0.0,False,False,False,False,phase5b0_oracle_mpc
lhs_026,oracle_mpc,1210.0,0.3491176364393021,0.3527921760052497,2.2865393325415293,3.7313777474918775,33.915650765840425,False,True,True,False,0.0,False,False,False,False,phase5b0_oracle_mpc
lhs_026,oracle_mpc,1215.0,0.3497785064619741,0.3522884499040174,2.2865393325415293,3.7312401101495283,33.90948649313616,False,True,True,False,0.0,False,False,False,False,phase5b0_oracle_mpc
lhs_026,oracle_mpc,1220.0,0.3497785064619741,0.35175360748477186,0.0,3.678739582646358,33.883382282458655,True,False,False,True,6.756164699996589,False,True,False,True,phase5b0_oracle_mpc
lhs_026,oracle_mpc,1225.0,0.3497785064619741,0.3525284909416178,0.0,3.6731329829336765,33.85743764980616,True,False,False,True,6.436902800000098,False,True,False,False,phase5b0_oracle_mpc
lhs_026,oracle_mpc,1230.0,0.3497785064619741,0.3531169824618476,0.0,3.668753931668254,33.83165168865393,False,False,False,True,0.0,False,False,False,False,phase5b0_oracle_mpc
lhs_026,oracle_mpc,1235.0,0.3497785064619741,0.3537843138084846,0.0,3.6652673839114778,33.80602342860299,False,False,False,True,0.0,False,False,False,False,phase5b0_oracle_mpc
lhs_026,oracle_mpc,1240.0,0.3497785064619741,0.3549181575843523,0.0,3.662432972633097,33.78055190518911,False,False,False,True,0.0,False,False,False,False,phase5b0_oracle_mpc
lhs_026,oracle_mpc,1245.0,0.3497785064619741,0.35567364594057704,0.0,3.6600781279920107,33.75523615984649,False,False,False,True,0.0,False,False,False,False,phase5b0_oracle_mpc
lhs_026,oracle_mpc,1250.0,0.3503565590791031,0.3557510803180286,2.000000000000001,3.7039851878325942,33.74263603483656,True,True,True,False,1.9452191999953357,False,True,False,True,phase5b0_oracle_mpc
lhs_026,oracle_mpc,1255.0,0.3512931071038264,0.3561640774873107,3.2403556249767274,3.7356889808621077,33.74576376230725,True,True,True,False,1.8586896999986493,False,True,False,False,phase5b0_oracle_mpc
lhs_026,oracle_mpc,1260.0,0.35222965512854965,0.35663654233369424,3.2403556249767274,3.7411892823884196,33.750343954296966,False,True,True,False,0.0,False,False,False,False,phase5b0_oracle_mpc
lhs_026,oracle_mpc,1265.0,0.3531662031532729,0.35837947573225293,3.2403556249767274,3.7454783864166226,33.75598400899993,False,True,True,False,0.0,False,False,False,False,phase5b0_oracle_mpc
lhs_026,oracle_mpc,1270.0,0.35410275117799617,0.35863437410064003,3.2403556249767274,3.748895522259851,33.76240148920535,False,True,True,False,0.0,False,False,False,False,phase5b0_oracle_mpc
lhs_026,oracle_mpc,1275.0,0.3550392992027194,0.35963094792888245,3.2403556249767274,3.7516837223300468,33.76939284519498,False,True,True,False,0.0,False,False,False,False,phase5b0_oracle_mpc
lhs_026,oracle_mpc,1280.0,0.35597547609915775,0.36113499664922744,3.239071560952321,3.7539876748356567,33.776790886192934,True,True,True,False,1.1929314000008162,False,True,False,False,phase5b0_oracle_mpc
lhs_026,oracle_mpc,1285.0,0.3569116529955961,0.36183023229837064,3.239071560952321,3.7559879866296324,33.78450837916327,False,True,True,False,0.0,False,False,False,False,phase5b0_oracle_mpc
lhs_026,oracle_mpc,1290.0,0.3578478298920344,0.3632435170172807,3.239071560952321,3.7577485687756726,33.79246812422288,False,True,True,False,0.0,False,False,False,False,phase5b0_oracle_mpc
lhs_026,oracle_mpc,1295.0,0.3587840067884727,0.3639219507988169,3.239071560952321,3.7593335045941787,33.80061370672096,False,True,True,False,0.0,False,False,False,False,phase5b0_oracle_mpc
lhs_026,oracle_mpc,1300.0,0.35972018368491104,0.365348122379555,3.239071560952321,3.760788824019553,33.80890363881572,False,True,True,False,0.0,False,False,False,False,phase5b0_oracle_mpc
lhs_026,oracle_mpc,1305.0,0.3605857311280664,0.3656441140064942,2.9947012348261057,3.7565388910914126,33.81347881925417,True,True,True,False,0.8547256000019843,False,True,False,False,phase5b0_oracle_mpc
lhs_026,oracle_mpc,1310.0,0.3614512785712218,0.3656411656535851,2.9947012348261057,3.7572184920284086,33.818002190473514,False,True,True,False,0.0,False,False,False,False,phase5b0_oracle_mpc
lhs_026,oracle_mpc,1315.0,0.36231682601437715,0.3655690521994305,2.9947012348261057,3.7579667167268154,33.82249466370664,False,True,True,False,0.0,False,False,False,False,phase5b0_oracle_mpc
lhs_026,oracle_mpc,1320.0,0.3631823734575325,0.36685565462275216,2.9947012348261057,3.7587619413144253,33.82697064294407,False,True,True,False,0.0,False,False,False,False,phase5b0_oracle_mpc
lhs_026,oracle_mpc,1325.0,0.3640479209006879,0.3693323932426876,2.9947012348261057,3.759588768446466,33.83143990573011,False,True,True,False,0.0,False,False,False,False,phase5b0_oracle_mpc
lhs_026,oracle_mpc,1330.0,0.3644525416942949,0.36914427967939256,1.399944508915616,3.7238342430600633,33.81600358941678,True,True,True,False,1.1648264999967068,False,True,False,False,phase5b0_oracle_mpc
lhs_026,oracle_mpc,1335.0,0.36485716248790195,0.36988300202362945,1.399944508915616,3.720736832236678,33.800203171322245,False,True,True,False,0.0,False,False,False,False,phase5b0_oracle_mpc
lhs_026,oracle_mpc,1340.0,0.365261783281509,0.3700815786374888,1.399944508915616,3.7184565797069418,33.784152596916115,False,True,True,False,0.0,False,False,False,False,phase5b0_oracle_mpc
lhs_026,oracle_mpc,1345.0,0.365666404075116,0.3706087042820045,1.399944508915616,3.7167672903417532,33.76793402397883,False,True,True,False,0.0,False,False,False,False,phase5b0_oracle_mpc
lhs_026,oracle_mpc,1350.0,0.36607102486872306,0.3711864228213542,1.399944508915616,3.7155068116443632,33.75160687226737,False,True,True,False,0.0,False,False,False,False,phase5b0_oracle_mpc
lhs_026,oracle_mpc,1355.0,0.3669893569615099,0.37103242370267964,3.177330455998732,3.7553522623163476,33.75612913399462,True,True,True,False,1.803932300004817,False,True,False,False,phase5b0_oracle_mpc
lhs_026,oracle_mpc,1360.0,0.36790768905429677,0.3725742178874659,3.177330455998732,3.7590442140016624,33.761515575824845,False,True,True,False,0.0,False,False,False,False,phase5b0_oracle_mpc
lhs_026,oracle_mpc,1365.0,0.3688260211470836,0.3724701974266628,3.177330455998732,3.762002834852658,33.76753315425943,False,True,True,False,0.0,False,False,False,False,phase5b0_oracle_mpc
lhs_026,oracle_mpc,1370.0,0.3697443532398705,0.37379063741778545,3.177330455998732,3.7644328249743007,33.77401404600434,False,True,True,False,0.0,False,False,False,False,phase5b0_oracle_mpc
lhs_026,oracle_mpc,1375.0,0.37066268533265734,0.3753012136824759,3.177330455998732,3.766480866947403,33.78083711117234,False,True,True,False,0.0,False,False,False,False,phase5b0_oracle_mpc
lhs_026,oracle_mpc,1380.0,0.37066268533265734,0.37543992608291926,0.0,3.6953285256479664,33.75551973311119,True,False,False,True,0.7847113000025274,False,True,False,True,phase5b0_oracle_mpc
lhs_026,oracle_mpc,1385.0,0.37066268533265734,0.3741362326462098,0.0,3.6890136168901795,33.730357078866525,True,False,False,True,6.289818400000513,False,True,False,False,phase5b0_oracle_mpc
lhs_026,oracle_mpc,1390.0,0.37066268533265734,0.37332932158735443,0.0,3.684164498142463,33.705348313719206,False,False,False,True,0.0,False,False,False,False,phase5b0_oracle_mpc
lhs_026,oracle_mpc,1395.0,0.37066268533265734,0.373459650348527,0.0,3.680377044794189,33.68049249651834,False,False,False,True,0.0,False,False,False,False,phase5b0_oracle_mpc
lhs_026,oracle_mpc,1400.0,0.37066268533265734,0.37278524170576677,0.0,3.6773614894353925,33.65578869186892,False,False,False,True,0.0,False,False,False,False,phase5b0_oracle_mpc
lhs_026,oracle_mpc,1405.0,0.37066268533265734,0.37338590663699406,0.0,3.674909947851093,33.63123597009658,False,False,False,True,0.0,False,False,False,False,phase5b0_oracle_mpc
lhs_026,oracle_mpc,1410.0,0.37124073794978635,0.37408017406726285,2.0000000000000004,3.7187755970501004,33.618944550015584,True,True,True,False,1.5502285999973537,False,True,False,True,phase5b0_oracle_mpc
lhs_026,oracle_mpc,1415.0,0.37224434529037,0.3747281478295345,3.4723736588832668,3.755802203687378,33.62546289951154,True,True,True,False,1.4812143000017386,False,True,False,False,phase5b0_oracle_mpc
lhs_026,oracle_mpc,1420.0,0.3732479526309536,0.3767394116141317,3.4723736588832668,3.7619047960369048,33.633694141043186,False,True,True,False,0.0,False,False,False,False,phase5b0_oracle_mpc
lhs_026,oracle_mpc,1425.0,0.37425155997153725,0.3784685921762832,3.4723736588832668,3.7666980484960395,33.64318348434603,False,True,True,False,0.0,False,False,False,False,phase5b0_oracle_mpc
lhs_026,oracle_mpc,1430.0,0.3752551673121209,0.380034111512996,3.4723736588832668,3.7705470269496586,33.653603182476054,False,True,True,False,0.0,False,False,False,False,phase5b0_oracle_mpc
lhs_026,oracle_mpc,1435.0,0.3762587746527045,0.38120426966227416,3.4723736588832668,3.7737133430300474,33.664716484393914,False,True,True,False,0.0,False,False,False,False,phase5b0_oracle_mpc
lhs_026,oracle_mpc,1440.0,0.3762587746527045,0.3821314268965556,0.0,3.6966892960343305,33.64010928614899,True,False,False,True,2.441925099999935,False,True,False,True,phase5b0_oracle_mpc
lhs_026,oracle_mpc,1445.0,0.3762587746527045,0.38163391325064666,0.0,3.690382759402458,33.61565245607272,True,False,False,True,4.115505399997346,False,True,False,False,phase5b0_oracle_mpc
lhs_026,oracle_mpc,1450.0,0.3762587746527045,0.38070414461019275,0.0,3.6855748696765733,33.59134519843296,False,False,False,True,0.0,False,False,False,False,phase5b0_oracle_mpc
lhs_026,oracle_mpc,1455.0,0.3762587746527045,0.38117755635508593,0.0,3.681850843034379,33.56718659847854,False,False,False,True,0.0,False,False,False,False,phase5b0_oracle_mpc
lhs_026,oracle_mpc,1460.0,0.3762587746527045,0.38185921208261275,0.0,3.6789133311111417,33.543175747052715,False,False,False,True,0.0,False,False,False,False,phase5b0_oracle_mpc
lhs_026,oracle_mpc,1465.0,0.3762587746527045,0.381389401809716,0.0,3.6765490705240844,33.51931174055892,False,False,False,True,0.0,False,False,False,False,phase5b0_oracle_mpc
lhs_026,oracle_mpc,1470.0,0.3762587746527045,0.3813101860997211,0.0,3.6746050074241614,33.495593680926795,True,False,False,True,3.92521829999896,False,True,False,False,phase5b0_oracle_mpc
lhs_026,oracle_mpc,1475.0,0.3762587746527045,0.3812706065024739,0.0,3.6729712050312284,33.47202067557838,False,False,False,True,0.0,False,False,False,False,phase5b0_oracle_mpc
lhs_026,oracle_mpc,1480.0,0.3762587746527045,0.3818955701419556,0.0,3.6715686069773628,33.448591837394495,False,False,False,True,0.0,False,False,False,False,phase5b0_oracle_mpc
lhs_026,oracle_mpc,1485.0,0.3762587746527045,0.3812581192896032,0.0,3.670340276835603,33.425306284681405,False,False,False,True,0.0,False,False,False,False,phase5b0_oracle_mpc
lhs_026,oracle_mpc,1490.0,0.3762587746527045,0.3809301518591345,0.0,3.669245126192128,33.40216314113761,False,False,False,True,0.0,False,False,False,False,phase5b0_oracle_mpc
lhs_026,oracle_mpc,1495.0,0.37683682726983353,0.38110184597220675,1.9999999999999982,3.7141558714197576,33.389663987794044,True,True,True,False,0.9799812999990536,False,True,False,True,phase5b0_oracle_mpc
lhs_026,oracle_mpc,1500.0,0.37785190401998864,0.38167182420829593,3.512056584733339,3.752912827150489,33.395622094878945,True,True,True,False,1.134525699999358,False,True,False,False,phase5b0_oracle_mpc
lhs_026,oracle_mpc,1505.0,0.37886698077014375,0.38231913552167496,3.512056584733339,3.759769403990568,33.40355789551766,False,True,True,False,0.0,False,False,False,False,phase5b0_oracle_mpc
lhs_026,oracle_mpc,1510.0,0.37988205752029885,0.3829847651410147,3.512056584733339,3.765176505272977,33.41296216548494,False,True,True,False,0.0,False,False,False,False,phase5b0_oracle_mpc
lhs_026,oracle_mpc,1515.0,0.38089713427045396,0.3845726812120076,3.512056584733339,3.76953638228028,33.42346725508396,False,True,True,False,0.0,False,False,False,False,phase5b0_oracle_mpc
lhs_026,oracle_mpc,1520.0,0.38191221102060907,0.384439155628149,3.512056584733339,3.773137367496463,33.43480695079164,False,True,True,False,0.0,False,False,False,False,phase5b0_oracle_mpc
lhs_026,oracle_mpc,1525.0,0.38297572787754763,0.3840984518189358,3.6796541540481122,3.780032845810637,33.44953803516697,True,True,True,False,0.5275872999991407,False,True,False,False,phase5b0_oracle_mpc
lhs_026,oracle_mpc,1530.0,0.3840392447344862,0.3846936407438463,3.6796541540481122,3.7830939263166425,33.46491016671297,False,True,True,False,0.0,False,False,False,False,phase5b0_oracle_mpc
lhs_026,oracle_mpc,1535.0,0.38510276159142476,0.38679655518004596,3.6796541540481122,3.7857727282899747,33.48078332958363,False,True,True,False,0.0,False,False,False,False,phase5b0_oracle_mpc
lhs_026,oracle_mpc,1540.0,0.3861662784483633,0.38812138437759514,3.6796541540481122,3.7881692089422043,33.49705434654642,False,True,True,False,0.0,False,False,False,False,phase5b0_oracle_mpc
lhs_026,oracle_mpc,1545.0,0.3872297953053019,0.39055962250591175,3.6796541540481122,3.7903552635513442,33.51364652511618,False,True,True,False,0.0,False,False,False,False,phase5b0_oracle_mpc
lhs_026,oracle_mpc,1550.0,0.38819670235076775,0.3906803457265369,3.345394577636203,3.784710767521136,33.52487705910331,True,True,True,False,0.4015055999989272,False,True,False,False,phase5b0_oracle_mpc
lhs_026,oracle_mpc,1555.0,0.3891636093962336,0.3918124973925254,3.345394577636203,3.785787127794739,33.53609540924013,False,True,True,False,0.0,False,False,False,False,phase5b0_oracle_mpc
lhs_026,oracle_mpc,1560.0,0.3901305164416995,0.3921097251121013,3.345394577636203,3.7869389325089875,33.547327407738415,False,True,True,False,0.0,False,False,False,False,phase5b0_oracle_mpc
lhs_026,oracle_mpc,1565.0,0.39109742348716536,0.393449302549612,3.345394577636203,3.7881392444524398,33.55858982699254,False,True,True,False,0.0,False,False,False,False,phase5b0_oracle_mpc
lhs_026,oracle_mpc,1570.0,0.39206433053263123,0.3940752592251027,3.345394577636203,3.7893689977932543,33.569893036326775,False,True,True,False,0.0,False,False,False,False,phase5b0_oracle_mpc
lhs_026,oracle_mpc,1575.0,0.3929871849335078,0.3941122653110314,3.192977156508975,3.787116382172376,33.578785640854115,True,True,True,False,0.4568961999975727,False,True,False,False,phase5b0_oracle_mpc
lhs_026,oracle_mpc,1580.0,0.3939100393343844,0.3956700087222082,3.192977156508975,3.787990238095747,33.58763406309458,False,True,True,False,0.0,False,False,False,False,phase5b0_oracle_mpc
lhs_026,oracle_mpc,1585.0,0.394832893735261,0.3967129081428242,3.192977156508975,3.7889414654706486,33.59646340420866,False,True,True,False,0.0,False,False,False,False,phase5b0_oracle_mpc
lhs_026,oracle_mpc,1590.0,0.39575574813613756,0.39724887078070403,3.192977156508975,3.7899443131338053,33.60529050943795,False,True,True,False,0.0,False,False,False,False,phase5b0_oracle_mpc
lhs_026,oracle_mpc,1595.0,0.39667860253701415,0.39836274645599434,3.192977156508975,3.79098049896835,33.614126365564694,False,True,True,False,0.0,False,False,False,False,phase5b0_oracle_mpc
lhs_026,oracle_mpc,1600.0,0.3976032345602391,0.3990070625077632,3.1991275390025944,3.7921782538101785,33.623075844052394,True,True,True,False,0.43480499999714084,False,True,False,False,phase5b0_oracle_mpc
lhs_026,oracle_mpc,1605.0,0.39852786658346406,0.4002835029152082,3.1991275390025944,3.793261389811665,33.632048531051694,False,True,True,False,0.0,False,False,False,False,phase5b0_oracle_mpc
lhs_026,oracle_mpc,1610.0,0.399452498606689,0.40104842377496014,3.1991275390025944,3.7943462869598323,33.64104528738142,False,True,True,False,0.0,False,False,False,False,phase5b0_oracle_mpc
lhs_026,oracle_mpc,1615.0,0.400377130629914,0.40118553550090635,3.1991275390025944,3.7954292460910932,33.65006581423025,False,True,True,False,0.0,False,False,False,False,phase5b0_oracle_mpc
lhs_026,oracle_mpc,1620.0,0.40130176265313894,0.40319667762996947,3.1991275390025944,3.796506834276752,33.65910902067505,False,True,True,False,0.0,False,False,False,False,phase5b0_oracle_mpc
lhs_026,oracle_mpc,1625.0,0.40130176265313894,0.40295526966855616,0.0,3.724146697457773,33.63453610914055,True,False,False,True,1.5614186999955564,False,True,False,True,phase5b0_oracle_mpc
lhs_026,oracle_mpc,1630.0,0.40130176265313894,0.4022988697046894,0.0,3.717263983031752,33.61011336335328,True,False,False,True,3.832737199998519,False,True,False,False,phase5b0_oracle_mpc
lhs_026,oracle_mpc,1635.0,0.40130176265313894,0.4035335802397775,0.0,3.7119971972535986,33.58583998155072,False,False,False,True,0.0,False,False,False,False,phase5b0_oracle_mpc
lhs_026,oracle_mpc,1640.0,0.40130176265313894,0.40416753304647546,0.0,3.7078999781163406,33.561715050256545,False,False,False,True,0.0,False,False,False,False,phase5b0_oracle_mpc
lhs_026,oracle_mpc,1645.0,0.40130176265313894,0.4050316636906067,0.0,3.704652305604814,33.537737661581055,False,False,False,True,0.0,False,False,False,False,phase5b0_oracle_mpc
lhs_026,oracle_mpc,1650.0,0.40130176265313894,0.40548653527640505,0.0,3.7020246231377043,33.51390691318699,False,False,False,True,0.0,False,False,False,False,phase5b0_oracle_mpc
lhs_026,oracle_mpc,1655.0,0.40187981527026795,0.4055957790586855,1.999999999999999,3.745758813099114,33.50254166000103,True,True,True,False,1.0855486000000383,False,True,False,True,phase5b0_oracle_mpc
lhs_026,oracle_mpc,1660.0,0.40187981527026795,0.4063717111624014,0.0,3.7029838956715473,33.47892620519409,True,False,False,True,3.813552100000379,False,True,False,True,phase5b0_oracle_mpc
lhs_026,oracle_mpc,1665.0,0.40187981527026795,0.40685515590531973,0.0,3.7003845493729703,33.455455134354274,True,False,False,True,4.515268899995135,False,True,False,False,phase5b0_oracle_mpc
lhs_026,oracle_mpc,1670.0,0.40187981527026795,0.4063913219499898,0.0,3.6982543271013526,33.432127607270615,False,False,False,True,0.0,False,False,False,False,phase5b0_oracle_mpc
lhs_026,oracle_mpc,1675.0,0.40187981527026795,0.4074189544170136,0.0,3.6964700622226547,33.408942746061996,False,False,False,True,0.0,False,False,False,False,phase5b0_oracle_mpc
lhs_026,oracle_mpc,1680.0,0.40187981527026795,0.406269637600244,0.0,3.6949432021906143,33.38589967821622,False,False,False,True,0.0,False,False,False,False,phase5b0_oracle_mpc
lhs_026,oracle_mpc,1685.0,0.40187981527026795,0.4060938940501024,0.0,3.6936099882028004,33.362997536557174,False,False,False,True,0.0,False,False,False,False,phase5b0_oracle_mpc
lhs_026,oracle_mpc,1690.0,0.40245786788739696,0.4067940045812705,2.000000000000002,3.7383307986519387,33.351179372371426,True,True,True,False,0.914968900004169,False,True,False,True,phase5b0_oracle_mpc
lhs_026,oracle_mpc,1695.0,0.40354195137742893,0.40712166349197476,3.7508124966763075,3.7824126920249737,33.36166555168683,True,True,True,False,1.3719528999936301,False,True,False,False,phase5b0_oracle_mpc
lhs_026,oracle_mpc,1700.0,0.4046260348674609,0.40803794659721226,3.7508124966763075,3.7897300123155246,33.374382616581265,False,True,True,False,0.0,False,False,False,False,phase5b0_oracle_mpc
lhs_026,oracle_mpc,1705.0,0.4057101183574929,0.409272497318895,3.7508124966763075,3.7954936591958717,33.38874815520196,False,True,True,False,0.0,False,False,False,False,phase5b0_oracle_mpc
lhs_026,oracle_mpc,1710.0,0.40679420184752485,0.4095294770778803,3.7508124966763075,3.8001348166316777,33.404341833590756,False,True,True,False,0.0,False,False,False,False,phase5b0_oracle_mpc
lhs_026,oracle_mpc,1715.0,0.4078782853375568,0.4105900565790779,3.7508124966763075,3.803962543698114,33.420859436552284,False,True,True,False,0.0,False,False,False,False,phase5b0_oracle_mpc
lhs_026,oracle_mpc,1720.0,0.4089784965992,0.411991383922436,3.8066128550981237,3.808479169665891,33.4390490950345,True,True,True,False,0.5313104000015301,False,True,False,False,phase5b0_oracle_mpc
lhs_026,oracle_mpc,1725.0,0.41007870786084316,0.41427570655927654,3.8066128550981237,3.811420754487263,33.45782921043965,False,True,True,False,0.0,False,False,False,False,phase5b0_oracle_mpc
lhs_026,oracle_mpc,1730.0,0.41117891912248633,0.4163188043209568,3.8066128550981237,3.8140153572755944,33.47706892263157,False,True,True,False,0.0,False,False,False,False,phase5b0_oracle_mpc
lhs_026,oracle_mpc,1735.0,0.4122791303841295,0.41660052597914765,3.8066128550981237,3.8163528235637996,33.49667161860218,False,True,True,False,0.0,False,False,False,False,phase5b0_oracle_mpc
lhs_026,oracle_mpc,1740.0,0.41337934164577267,0.4169481880589875,3.8066128550981237,3.818497800775339,33.51656531961276,False,True,True,False,0.0,False,False,False,False,phase5b0_oracle_mpc
lhs_026,oracle_mpc,1745.0,0.4144404907690624,0.41781751076977214,3.671462049804783,3.8173950879734977,33.53427757337845,True,True,True,False,0.47685490000003483,False,True,False,False,phase5b0_oracle_mpc
lhs_026,oracle_mpc,1750.0,0.41550163989235217,0.41843971583305034,3.671462049804783,3.818946681285342,33.552083529058145,False,True,True,False,0.0,False,False,False,False,phase5b0_oracle_mpc
lhs_026,oracle_mpc,1755.0,0.4165627890156419,0.41965662433251477,3.671462049804783,3.8204790960020922,33.569977339279674,False,True,True,False,0.0,False,False,False,False,phase5b0_oracle_mpc
lhs_026,oracle_mpc,1760.0,0.41762393813893167,0.4201203596313291,3.671462049804783,3.8219912329472256,33.58795272713769,False,True,True,False,0.0,False,False,False,False,phase5b0_oracle_mpc
lhs_026,oracle_mpc,1765.0,0.4186850872622214,0.42023072223454266,3.671462049804783,3.8234825529858325,33.6060032002305,False,True,True,False,0.0,False,False,False,False,phase5b0_oracle_mpc
lhs_026,oracle_mpc,1770.0,0.41965528841120153,0.4215344584149266,3.3567918221658872,3.8177312755607997,33.61865602540168,True,True,True,False,0.4750343999985489,False,True,False,False,phase5b0_oracle_mpc
lhs_026,oracle_mpc,1775.0,0.42062548956018164,0.4222476361479385,3.3567918221658872,3.8184004274219685,33.63116562741795,False,True,True,False,0.0,False,False,False,False,phase5b0_oracle_mpc
lhs_026,oracle_mpc,1780.0,0.42159569070916175,0.4227766308771076,3.3567918221658872,3.819208880141188,33.64357962732039,False,True,True,False,0.0,False,False,False,False,phase5b0_oracle_mpc
lhs_026,oracle_mpc,1785.0,0.42256589185814186,0.4244610717590403,3.3567918221658872,3.820113194526041,33.655931007821124,False,True,True,False,0.0,False,False,False,False,phase5b0_oracle_mpc
lhs_026,oracle_mpc,1790.0,0.42353609300712197,0.4259439112077495,3.3567918221658872,3.8210824204365554,33.66824233153744,False,True,True,False,0.0,False,False,False,False,phase5b0_oracle_mpc
lhs_026,oracle_mpc,1795.0,0.42353609300712197,0.4261830864273817,0.0,3.7450584446562725,33.64361357422186,True,False,False,True,0.860077099998307,False,True,False,True,phase5b0_oracle_mpc
lhs_026,oracle_mpc,1800.0,0.42353609300712197,0.42660476485214344,0.0,3.7377743849478278,33.619135312713,True,False,False,True,6.6220891999983,False,True,False,False,phase5b0_oracle_mpc
lhs_026,oracle_mpc,1805.0,0.42353609300712197,0.4262266637643827,0.0,3.732211039170212,33.594806754710426,False,False,False,True,0.0,False,False,False,False,phase5b0_oracle_mpc
lhs_026,oracle_mpc,1810.0,0.42353609300712197,0.42575616040604763,0.0,3.7278926208633156,33.5706269846614,False,False,False,True,0.0,False,False,False,False,phase5b0_oracle_mpc
lhs_026,oracle_mpc,1815.0,0.42353609300712197,0.42476622253995444,0.0,3.7244780326488907,33.54659509261247,False,False,False,True,0.0,False,False,False,False,phase5b0_oracle_mpc
lhs_026,oracle_mpc,1820.0,0.42353609300712197,0.42475585465429067,0.0,3.7217226165690813,33.522710174175266,False,False,False,True,0.0,False,False,False,False,phase5b0_oracle_mpc
lhs_026,oracle_mpc,1825.0,0.424114145624251,0.4240965562474405,2.0000000000000004,3.765349458587,33.51145717706769,True,True,True,False,1.414395700005116,False,True,False,True,phase5b0_oracle_mpc
lhs_026,oracle_mpc,1830.0,0.42504158271231257,0.42499939832484546,3.208832762207288,3.796136115813149,33.51536874130097,True,True,True,False,2.1115872000009404,False,True,False,False,phase5b0_oracle_mpc
lhs_026,oracle_mpc,1835.0,0.42596901980037416,0.42573238240817224,3.208832762207288,3.8014294426166955,33.520653096332325,False,True,True,False,0.0,False,False,False,False,phase5b0_oracle_mpc
lhs_026,oracle_mpc,1840.0,0.42689645688843575,0.42581184203581135,3.208832762207288,3.805573591230235,33.526941374288526,False,True,True,False,0.0,False,False,False,False,phase5b0_oracle_mpc
lhs_026,oracle_mpc,1845.0,0.42782389397649734,0.42674831825534304,3.208832762207288,3.808889895485887,33.53396804669848,False,True,True,False,0.0,False,False,False,False,phase5b0_oracle_mpc
lhs_026,oracle_mpc,1850.0,0.4287513310645589,0.4282551233634234,3.208832762207288,3.811608588103193,33.54154159097537,False,True,True,False,0.0,False,False,False,False,phase5b0_oracle_mpc
lhs_026,oracle_mpc,1855.0,0.42964845105037025,0.42913086055457683,3.103938843031431,3.8114874860173273,33.547917220196375,True,True,True,False,0.9332643000016105,False,True,False,False,phase5b0_oracle_mpc
lhs_026,oracle_mpc,1860.0,0.4305455710361816,0.4292130761338581,3.103938843031431,3.8131992424766072,33.55452994534706,False,True,True,False,0.0,False,False,False,False,phase5b0_oracle_mpc
lhs_026,oracle_mpc,1865.0,0.4314426910219929,0.42999191876074444,3.103938843031431,3.8147348386564763,33.56132545975495,False,True,True,False,0.0,False,False,False,False,phase5b0_oracle_mpc
lhs_026,oracle_mpc,1870.0,0.4323398110078042,0.43090834718659965,3.103938843031431,3.8161405759799907,33.56826384173861,False,True,True,False,0.0,False,False,False,False,phase5b0_oracle_mpc
lhs_026,oracle_mpc,1875.0,0.43323693099361554,0.43237425098828314,3.103938843031431,3.8174497446159106,33.57531551374448,False,True,True,False,0.0,False,False,False,False,phase5b0_oracle_mpc
lhs_026,oracle_mpc,1880.0,0.4341526448024095,0.4341960261795984,3.1682714744620646,3.8201626562012896,33.583459156328416,True,True,True,False,0.8207191999972565,False,True,False,False,phase5b0_oracle_mpc
lhs_026,oracle_mpc,1885.0,0.43506835861120347,0.4351986523988116,3.1682714744620646,3.8215033930173603,33.59171671279104,False,True,True,False,0.0,False,False,False,False,phase5b0_oracle_mpc
lhs_026,oracle_mpc,1890.0,0.4359840724199974,0.43713837980794235,3.1682714744620646,3.822768670206483,33.60006471527666,False,True,True,False,0.0,False,False,False,False,phase5b0_oracle_mpc
lhs_026,oracle_mpc,1895.0,0.4368997862287914,0.43740887838779824,3.1682714744620646,3.8239765367032392,33.60848541938621,False,True,True,False,0.0,False,False,False,False,phase5b0_oracle_mpc
lhs_026,oracle_mpc,1900.0,0.43781550003758535,0.4389684278292974,3.1682714744620646,3.8251400449971715,33.61696521497169,False,True,True,False,0.0,False,False,False,False,phase5b0_oracle_mpc
lhs_026,oracle_mpc,1905.0,0.438703300463161,0.4398599848220562,3.071694165091851,3.8240523686290695,33.62397697303763,True,True,True,False,0.2847953999953461,False,True,False,False,phase5b0_oracle_mpc
lhs_026,oracle_mpc,1910.0,0.4395911008887366,0.44077672004669793,3.071694165091851,3.824913611473119,33.63097238098413,False,True,True,False,0.0,False,False,False,False,phase5b0_oracle_mpc
lhs_026,oracle_mpc,1915.0,0.4404789013143122,0.442795472242711,3.071694165091851,3.8258009591604707,33.637959835021405,False,True,True,False,0.0,False,False,False,False,phase5b0_oracle_mpc
lhs_026,oracle_mpc,1920.0,0.44136670173988785,0.4438306247982785,3.071694165091851,3.826704681377814,33.644944724524535,False,True,True,False,0.0,False,False,False,False,phase5b0_oracle_mpc
lhs_026,oracle_mpc,1925.0,0.44225450216546347,0.4438367289711186,3.071694165091851,3.827617904010882,33.651930316046425,False,True,True,False,0.0,False,False,False,False,phase5b0_oracle_mpc
lhs_026,oracle_mpc,1930.0,0.4431322716860042,0.4444624992713775,3.0369883105117976,3.8277393496290855,33.65837917583894,True,True,True,False,0.409919899997476,False,True,False,False,phase5b0_oracle_mpc
lhs_026,oracle_mpc,1935.0,0.44401004120654497,0.44472389997659595,3.0369883105117976,3.828572503658238,33.66481167965203,False,True,True,False,0.0,False,False,False,False,phase5b0_oracle_mpc
lhs_026,oracle_mpc,1940.0,0.4448878107270857,0.4464843236419526,3.0369883105117976,3.829422235289778,33.67123316485764,False,True,True,False,0.0,False,False,False,False,phase5b0_oracle_mpc
lhs_026,oracle_mpc,1945.0,0.44576558024762647,0.4475100519221113,3.0369883105117976,3.830282114219696,33.677647003735075,False,True,True,False,0.0,False,False,False,False,phase5b0_oracle_mpc
lhs_026,oracle_mpc,1950.0,0.4466433497681672,0.4491423490708134,3.0369883105117976,3.8311476070912196,33.68405518245695,False,True,True,False,0.0,False,False,False,False,phase5b0_oracle_mpc
lhs_026,oracle_mpc,1955.0,0.4466433497681672,0.44998215720267837,0.0,3.7623211201056286,33.659329697273954,True,False,False,True,7.096253099996829,False,True,False,True,phase5b0_oracle_mpc
lhs_026,oracle_mpc,1960.0,0.44722140238529623,0.44953219820546075,1.9999999999999996,3.8015578374098444,33.65038822270459,True,True,True,False,1.6670081999982358,False,True,False,True,phase5b0_oracle_mpc
lhs_026,oracle_mpc,1965.0,0.44811748842694904,0.4494789513582609,3.1003615072391537,3.826647446531595,33.655849108673515,True,True,True,False,1.4901690000042436,False,True,False,False,phase5b0_oracle_mpc
lhs_026,oracle_mpc,1970.0,0.44901357446860185,0.44960140296496554,3.1003615072391537,3.8293137843704845,33.661849600760014,False,True,True,False,0.0,False,False,False,False,phase5b0_oracle_mpc
lhs_026,oracle_mpc,1975.0,0.44990966051025466,0.45088396647796514,3.1003615072391537,3.831496718155137,33.66823982276748,False,True,True,False,0.0,False,False,False,False,phase5b0_oracle_mpc
lhs_026,oracle_mpc,1980.0,0.45080574655190747,0.45170983017077454,3.1003615072391537,3.833331286896729,33.67491188345867,False,True,True,False,0.0,False,False,False,False,phase5b0_oracle_mpc
lhs_026,oracle_mpc,1985.0,0.4517018325935603,0.45285124984337605,3.1003615072391537,3.8349142552845876,33.68178794054912,False,True,True,False,0.0,False,False,False,False,phase5b0_oracle_mpc
lhs_026,oracle_mpc,1990.0,0.4517018325935603,0.4546436781668181,0.0,3.7651653857084035,33.657076322872065,True,False,False,True,2.049075000002631,False,True,False,True,phase5b0_oracle_mpc
lhs_026,oracle_mpc,1995.0,0.4522798852106893,0.4550657655280253,1.9999999999999998,3.8046446734977613,33.64794737719345,True,True,True,False,1.4581591999958619,False,True,False,True,phase5b0_oracle_mpc
lhs_026,oracle_mpc,2000.0,0.4522798852106893,0.4556836742314757,0.0,3.758764062304564,33.62344266474859,True,False,False,True,5.946817399999418,False,True,False,True,phase5b0_oracle_mpc
lhs_026,oracle_mpc,2005.0,0.4522798852106893,0.4553424897684867,0.0,3.753877710008531,33.59908776395602,True,False,False,True,3.334826799997245,False,True,False,False,phase5b0_oracle_mpc
lhs_026,oracle_mpc,2010.0,0.4522798852106893,0.45544165232807743,0.0,3.7500489557184835,33.57488181222354,False,False,False,True,0.0,False,False,False,False,phase5b0_oracle_mpc
lhs_026,oracle_mpc,2015.0,0.4522798852106893,0.45479494586549185,0.0,3.7469897379365587,33.55082389861239,False,False,False,True,0.0,False,False,False,False,phase5b0_oracle_mpc
lhs_026,oracle_mpc,2020.0,0.4522798852106893,0.4559024195762634,0.0,3.7444933729979284,33.52691311775496,False,False,False,True,0.0,False,False,False,False,phase5b0_oracle_mpc
lhs_026,oracle_mpc,2025.0,0.4522798852106893,0.45589888373569865,0.0,3.7424114513590165,33.5031485698206,False,False,False,True,0.0,False,False,False,False,phase5b0_oracle_mpc
lhs_026,oracle_mpc,2030.0,0.4528579378278183,0.45542059714781113,1.9999999999999993,3.7865349726824604,33.49153996815012,True,True,True,False,1.2244356000010157,False,True,False,True,phase5b0_oracle_mpc
lhs_026,oracle_mpc,2035.0,0.45377248176755625,0.45720669610952325,3.164223853116201,3.8166679733778004,33.49430526024123,True,True,True,False,1.5134944999954314,False,True,False,False,phase5b0_oracle_mpc
lhs_026,oracle_mpc,2040.0,0.4546870257072942,0.45790221971892486,3.164223853116201,3.8221302311482876,33.49848532995584,False,True,True,False,0.0,False,False,False,False,phase5b0_oracle_mpc
lhs_026,oracle_mpc,2045.0,0.45560156964703213,0.45872694471675696,3.164223853116201,3.8264007520412213,33.503702756302076,False,True,True,False,0.0,False,False,False,False,phase5b0_oracle_mpc
lhs_026,oracle_mpc,2050.0,0.4565161135867701,0.4593497560015784,3.164223853116201,3.8298128076250526,33.509685803499664,False,True,True,False,0.0,False,False,False,False,phase5b0_oracle_mpc
lhs_026,oracle_mpc,2055.0,0.457430657526508,0.4610480498240453,3.164223853116201,3.8326051878500182,33.51623842588277,False,True,True,False,0.0,False,False,False,False,phase5b0_oracle_mpc
lhs_026,oracle_mpc,2060.0,0.4578220623140597,0.46207803544943477,1.3542185467324797,3.7934106109940657,33.501411235611,True,True,True,False,0.9121787999974913,False,True,False,False,phase5b0_oracle_mpc
lhs_026,oracle_mpc,2065.0,0.45821346710161137,0.4633879873953074,1.3542185467324797,3.790940101158348,33.48631259562301,False,True,True,False,0.0,False,False,False,False,phase5b0_oracle_mpc
lhs_026,oracle_mpc,2070.0,0.45860487188916305,0.46344481276984695,1.3542185467324797,3.789150430333582,33.47103427198444,False,True,True,False,0.0,False,False,False,False,phase5b0_oracle_mpc
lhs_026,oracle_mpc,2075.0,0.4589962766767147,0.46298825847956915,1.3542185467324797,3.787852444740374,33.455642298790295,False,True,True,False,0.0,False,False,False,False,phase5b0_oracle_mpc
lhs_026,oracle_mpc,2080.0,0.4593876814642664,0.4626083356934092,1.3542185467324797,3.7869105733415847,33.44018432085954,False,True,True,False,0.0,False,False,False,False,phase5b0_oracle_mpc
lhs_026,oracle_mpc,2085.0,0.4603571388689471,0.46284094083470345,3.3542185467324797,3.832126745201529,33.447786645804065,True,True,True,False,0.8561775000052876,False,True,False,True,phase5b0_oracle_mpc
lhs_026,oracle_mpc,2090.0,0.4613668586081319,0.46403150966584716,3.493521901863476,3.839790130126968,33.45868786077496,True,True,True,False,0.3888790999990306,False,True,False,False,phase5b0_oracle_mpc
lhs_026,oracle_mpc,2095.0,0.46237657834731677,0.4644031899353067,3.493521901863476,3.8437261665428997,33.47054589598367,False,True,True,False,0.0,False,False,False,False,phase5b0_oracle_mpc
lhs_026,oracle_mpc,2100.0,0.4633862980865016,0.46585289378157013,3.493521901863476,3.8469584916600548,33.483115091749035,False,True,True,False,0.0,False,False,False,False,phase5b0_oracle_mpc
lhs_026,oracle_mpc,2105.0,0.46439601782568646,0.46622196227391693,3.493521901863476,3.849680628170932,33.496217514655484,False,True,True,False,0.0,False,False,False,False,phase5b0_oracle_mpc
lhs_026,oracle_mpc,2110.0,0.4654057375648713,0.46625658840718004,3.493521901863476,3.8520313681564664,33.50972379471338,False,True,True,False,0.0,False,False,False,False,phase5b0_oracle_mpc
lhs_026,oracle_mpc,2115.0,0.4663484432172195,0.46701494233610175,3.2616603555237274,3.8487889850876673,33.51973844689286,True,True,True,False,0.8693538999941666,False,True,False,False,phase5b0_oracle_mpc
lhs_026,oracle_mpc,2120.0,0.46729114886956774,0.46815849409602345,3.2616603555237274,3.8500923930432616,33.52983440283276,False,True,True,False,0.0,False,False,False,False,phase5b0_oracle_mpc
lhs_026,oracle_mpc,2125.0,0.46823385452191596,0.46881139948617984,3.2616603555237274,3.8513646173370244,33.5400018773558,False,True,True,False,0.0,False,False,False,False,phase5b0_oracle_mpc
lhs_026,oracle_mpc,2130.0,0.4691765601742642,0.4705715032789437,3.2616603555237274,3.8526103719449085,33.550232602768325,False,True,True,False,0.0,False,False,False,False,phase5b0_oracle_mpc
lhs_026,oracle_mpc,2135.0,0.4701192658266124,0.4723289109362886,3.2616603555237274,3.8538331986625987,33.56051945834323,False,True,True,False,0.0,False,False,False,False,phase5b0_oracle_mpc
lhs_026,oracle_mpc,2140.0,0.4701192658266124,0.47342209474210123,0.0,3.780176795147562,33.5365495004543,True,False,False,True,0.4817576999994344,False,True,False,True,phase5b0_oracle_mpc
lhs_026,oracle_mpc,2145.0,0.4704052662025522,0.47346744825014114,0.9895305979591602,3.7959775027202407,33.51857692724173,True,True,True,False,1.0055771999977878,False,True,False,False,phase5b0_oracle_mpc
lhs_026,oracle_mpc,2150.0,0.470691266578492,0.47413760023524565,0.9895305979591602,3.7931617017276076,33.5004287689567,False,True,True,False,0.0,False,False,False,False,phase5b0_oracle_mpc
lhs_026,oracle_mpc,2155.0,0.47097726695443176,0.47433485824371713,0.9895305979591602,3.791028941896117,33.48217192172141,False,True,True,False,0.0,False,False,False,False,phase5b0_oracle_mpc
lhs_026,oracle_mpc,2160.0,0.47126326733037155,0.474912980220457,0.9895305979591602,3.7893921282796983,33.463854760519155,False,True,True,False,0.0,False,False,False,False,phase5b0_oracle_mpc
lhs_026,oracle_mpc,2165.0,0.47154926770631134,0.4760702036915205,0.9895305979591602,3.788117062546844,33.44551236143272,False,True,True,False,0.0,False,False,False,False,phase5b0_oracle_mpc
lhs_026,oracle_mpc,2170.0,0.4724133206993801,0.4756870604259172,2.989530597959162,3.8330104022706153,33.44751068900516,True,True,True,False,0.8079900000011548,False,True,False,True,phase5b0_oracle_mpc
lhs_026,oracle_mpc,2175.0,0.4734387537443916,0.4766627441594645,3.5478882531645812,3.8499764417519855,33.45882640145446,True,True,True,False,0.7393243000042276,False,True,False,False,phase5b0_oracle_mpc
lhs_026,oracle_mpc,2180.0,0.4744641867894031,0.47777828914487064,3.5478882531645812,3.8546449012907966,33.47136060438121,False,True,True,False,0.0,False,False,False,False,phase5b0_oracle_mpc
lhs_026,oracle_mpc,2185.0,0.4754896198344146,0.4782218012326485,3.5478882531645812,3.858404688666279,33.48479087528863,False,True,True,False,0.0,False,False,False,False,phase5b0_oracle_mpc
lhs_026,oracle_mpc,2190.0,0.47651505287942614,0.4785949656059622,3.5478882531645812,3.8615077562905133,33.49888435979358,False,True,True,False,0.0,False,False,False,False,phase5b0_oracle_mpc
lhs_026,oracle_mpc,2195.0,0.47754048592443765,0.4795789107563505,3.5478882531645812,3.8641347209091395,33.51347238875428,False,True,True,False,0.0,False,False,False,False,phase5b0_oracle_mpc
lhs_026,oracle_mpc,2200.0,0.4785528069593305,0.48148169089104936,3.502522105758164,3.8653738382285767,33.52766217399753,True,True,True,False,0.4538326000038069,False,True,False,False,phase5b0_oracle_mpc
lhs_026,oracle_mpc,2205.0,0.47956512799422335,0.4822470783223633,3.502522105758164,3.86728796518334,33.54210051559365,False,True,True,False,0.0,False,False,False,False,phase5b0_oracle_mpc
lhs_026,oracle_mpc,2210.0,0.4805774490291162,0.48279480095231153,3.502522105758164,3.8690382797707095,33.55673041669398,False,True,True,False,0.0,False,False,False,False,phase5b0_oracle_mpc
lhs_026,oracle_mpc,2215.0,0.48158977006400905,0.4840230189472311,3.502522105758164,3.870666474967808,33.57150949414628,False,True,True,False,0.0,False,False,False,False,phase5b0_oracle_mpc
lhs_026,oracle_mpc,2220.0,0.4826020910989019,0.4847040923233084,3.502522105758164,3.872202596652377,33.586405894052895,False,True,True,False,0.0,False,False,False,False,phase5b0_oracle_mpc
lhs_026,oracle_mpc,2225.0,0.4835274942029725,0.48487669787958465,3.201795395951114,3.8667654144558634,33.596363990609625,True,True,True,False,0.5780424999975367,False,True,False,False,phase5b0_oracle_mpc
lhs_026,oracle_mpc,2230.0,0.48445289730704305,0.48639145196324346,3.201795395951114,3.8674291858374796,33.6062088902292,False,True,True,False,0.0,False,False,False,False,phase5b0_oracle_mpc
lhs_026,oracle_mpc,2235.0,0.48537830041111363,0.48618687228241286,3.201795395951114,3.8682022435034247,33.615975874545704,False,True,True,False,0.0,False,False,False,False,phase5b0_oracle_mpc
lhs_026,oracle_mpc,2240.0,0.4863037035151842,0.48750254785226776,3.201795395951114,3.8690510117282115,33.625689429139946,False,True,True,False,0.0,False,False,False,False,phase5b0_oracle_mpc
lhs_026,oracle_mpc,2245.0,0.4872291066192548,0.4876157605794384,3.201795395951114,3.869951563585864,33.63536635529809,False,True,True,False,0.0,False,False,False,False,phase5b0_oracle_mpc
lhs_026,oracle_mpc,2250.0,0.4880992166994084,0.4884775993276837,3.0104874690306263,3.866495313352975,33.64198121163352,True,True,True,False,0.2836900999973295,False,True,False,False,phase5b0_oracle_mpc
lhs_026,oracle_mpc,2255.0,0.48896932677956206,0.48884099040410006,3.0104874690306263,3.8669776376930973,33.64847228709636,False,True,True,False,0.0,False,False,False,False,phase5b0_oracle_mpc
lhs_026,oracle_mpc,2260.0,0.4898394368597157,0.4895983463590636,3.0104874690306263,3.8675710996525883,33.65487315645621,False,True,True,False,0.0,False,False,False,False,phase5b0_oracle_mpc
lhs_026,oracle_mpc,2265.0,0.49070954693986935,0.49022943341741493,3.0104874690306263,3.868242996453649,33.66120751450267,False,True,True,False,0.0,False,False,False,False,phase5b0_oracle_mpc
lhs_026,oracle_mpc,2270.0,0.491579657020023,0.4917419972272476,3.0104874690306263,3.8689699723794977,33.66749200529385,False,True,True,False,0.0,False,False,False,False,phase5b0_oracle_mpc
lhs_026,oracle_mpc,2275.0,0.49236897665769913,0.49239601089378965,2.730961211096823,3.8633183318020965,33.66954573322812,True,True,True,False,0.3856408999999985,False,True,False,False,phase5b0_oracle_mpc
lhs_026,oracle_mpc,2280.0,0.4931582962953753,0.49324030646957845,2.730961211096823,3.8634148725260595,33.67143236464106,False,True,True,False,0.0,False,False,False,False,phase5b0_oracle_mpc
lhs_026,oracle_mpc,2285.0,0.4939476159330514,0.49309025865444533,2.730961211096823,3.8636712458739804,33.673195498294575,False,True,True,False,0.0,False,False,False,False,phase5b0_oracle_mpc
lhs_026,oracle_mpc,2290.0,0.49473693557072757,0.4947500123800436,2.730961211096823,3.8640424745061583,33.67486640974359,False,True,True,False,0.0,False,False,False,False,phase5b0_oracle_mpc
lhs_026,oracle_mpc,2295.0,0.4955262552084037,0.4943069974461073,2.730961211096823,3.864496354904769,33.676467560245285,False,True,True,False,0.0,False,False,False,False,phase5b0_oracle_mpc
lhs_026,oracle_mpc,2300.0,0.4955262552084037,0.49515156775411284,0.0,3.8023124522672895,33.651788462479644,True,False,False,True,3.777652400000079,False,True,False,True,phase5b0_oracle_mpc
lhs_026,oracle_mpc,2305.0,0.4961043078255327,0.49562983351732715,2.0000000000000004,3.8419885557615796,33.64274627643813,True,True,True,False,1.0372209999986808,False,True,False,True,phase5b0_oracle_mpc
lhs_026,oracle_mpc,2310.0,0.4961043078255327,0.49619804452574834,0.0,3.796226427259986,33.618273372937225,True,False,False,True,4.294110799994087,False,True,False,True,phase5b0_oracle_mpc
lhs_026,oracle_mpc,2315.0,0.4961043078255327,0.49701405991271597,0.0,3.791415938849957,33.59395008636321,True,False,False,True,2.891718099999707,False,True,False,False,phase5b0_oracle_mpc
lhs_026,oracle_mpc,2320.0,0.4961043078255327,0.4977765125853252,0.0,3.787632875047811,33.569775555503874,False,False,False,True,0.0,False,False,False,False,phase5b0_oracle_mpc
lhs_026,oracle_mpc,2325.0,0.4961043078255327,0.4976486434459415,0.0,3.784598071105188,33.545748870602935,False,False,False,True,0.0,False,False,False,False,phase5b0_oracle_mpc
lhs_026,oracle_mpc,2330.0,0.4961043078255327,0.49873813078434825,0.0,3.782111200176336,33.52186912746799,False,False,False,True,0.0,False,False,False,False,phase5b0_oracle_mpc
lhs_026,oracle_mpc,2335.0,0.4961043078255327,0.49987407403217776,0.0,3.7800283917141213,33.49813542743644,False,False,False,True,0.0,False,False,False,False,phase5b0_oracle_mpc
lhs_026,oracle_mpc,2340.0,0.49668236044266173,0.49884850812234577,2.0,3.8241625159399435,33.48667052077946,True,True,True,False,1.1065672999975504,False,True,False,True,phase5b0_oracle_mpc
lhs_026,oracle_mpc,2345.0,0.49767497018032464,0.5003923073874246,3.434323133395356,3.860513886879042,33.4935143593168,True,True,True,False,1.3545078999959514,False,True,False,False,phase5b0_oracle_mpc
lhs_026,oracle_mpc,2350.0,0.49866757991798755,0.5018020556336746,3.434323133395356,3.8666634783254765,33.50206273491482,False,True,True,False,0.0,False,False,False,False,phase5b0_oracle_mpc
lhs_026,oracle_mpc,2355.0,0.49966018965565046,0.5028621431772012,3.434323133395356,3.8714831757457104,33.51185833480809,False,True,True,False,0.0,False,False,False,False,phase5b0_oracle_mpc
lhs_026,oracle_mpc,2360.0,0.5006527993933134,0.5042741284103308,3.434323133395356,3.875344374430794,33.52257179964441,False,True,True,False,0.0,False,False,False,False,phase5b0_oracle_mpc
lhs_026,oracle_mpc,2365.0,0.5016454091309763,0.5050829042458305,3.434323133395356,3.878512249914666,33.533965411349115,False,True,True,False,0.0,False,False,False,False,phase5b0_oracle_mpc
lhs_026,oracle_mpc,2370.0,0.5025004170839101,0.505183539757103,2.9582357300978055,3.870247064761135,33.53847020616155,True,True,True,False,0.526022500002,False,True,False,False,phase5b0_oracle_mpc
lhs_026,oracle_mpc,2375.0,0.5033554250368439,0.5068905041289936,2.9582357300978055,3.871361742685769,33.54304176348095,False,True,True,False,0.0,False,False,False,False,phase5b0_oracle_mpc
lhs_026,oracle_mpc,2380.0,0.5042104329897777,0.5070349612850643,2.9582357300978055,3.8724508851781785,33.54767289173564,False,True,True,False,0.0,False,False,False,False,phase5b0_oracle_mpc
lhs_026,oracle_mpc,2385.0,0.5050654409427116,0.5068714990163501,2.9582357300978055,3.873518659127134,33.55235760212915,False,True,True,False,0.0,False,False,False,False,phase5b0_oracle_mpc
lhs_026,oracle_mpc,2390.0,0.5059204488956454,0.5078070572731942,2.9582357300978055,3.8745681672657457,33.55709081748973,False,True,True,False,0.0,False,False,False,False,phase5b0_oracle_mpc
lhs_026,oracle_mpc,2395.0,0.5068773692281947,0.5084944333064073,3.3108416230414033,3.8836971823129702,33.56732025739453,True,True,True,False,0.8177100000029895,False,True,False,False,phase5b0_oracle_mpc
lhs_026,oracle_mpc,2400.0,0.5078342895607441,0.5104442583134593,3.3108416230414033,3.885594305214388,33.577812251792096,False,True,True,False,0.0,False,False,False,False,phase5b0_oracle_mpc
lhs_026,oracle_mpc,2405.0,0.5087912098932934,0.5118895051790554,3.3108416230414033,3.887299631203848,33.58850380440591,False,True,True,False,0.0,False,False,False,False,phase5b0_oracle_mpc
lhs_026,oracle_mpc,2410.0,0.5097481302258428,0.5126914934669256,3.3108416230414033,3.888863420365323,33.59934859487566,False,True,True,False,0.0,False,False,False,False,phase5b0_oracle_mpc
lhs_026,oracle_mpc,2415.0,0.5107050505583921,0.5138887001000415,3.3108416230414033,3.8903218187164876,33.6103122792618,False,True,True,False,0.0,False,False,False,False,phase5b0_oracle_mpc
lhs_026,oracle_mpc,2420.0,0.5115742545147521,0.5157968634596263,3.007352377979394,3.8847331404819707,33.61654490736445,True,True,True,False,0.2992128000041703,False,True,False,False,phase5b0_oracle_mpc
lhs_026,oracle_mpc,2425.0,0.5124434584711122,0.5160906184191167,3.007352377979394,3.885296220188383,33.62267435581527,False,True,True,False,0.0,False,False,False,False,phase5b0_oracle_mpc
lhs_026,oracle_mpc,2430.0,0.5133126624274722,0.5158815971490145,3.007352377979394,3.885966414584491,33.628733215652964,False,True,True,False,0.0,False,False,False,False,phase5b0_oracle_mpc
lhs_026,oracle_mpc,2435.0,0.5141818663838322,0.5154512491996267,3.007352377979394,3.8867112876166336,33.63474428089875,False,True,True,False,0.0,False,False,False,False,phase5b0_oracle_mpc
lhs_026,oracle_mpc,2440.0,0.5150510703401923,0.5158723682177507,3.007352377979394,3.8875077004175043,33.640723365723524,False,True,True,False,0.0,False,False,False,False,phase5b0_oracle_mpc
lhs_026,oracle_mpc,2445.0,0.5160046991319011,0.5172197668043217,3.2994532450875043,3.8950454321722194,33.651310117404066,True,True,True,False,0.8015183999959845,False,True,False,False,phase5b0_oracle_mpc
lhs_026,oracle_mpc,2450.0,0.5169583279236099,0.5179188598794159,3.2994532450875043,3.896627307969482,33.662061136402194,False,True,True,False,0.0,False,False,False,False,phase5b0_oracle_mpc
lhs_026,oracle_mpc,2455.0,0.5179119567153186,0.5195658774335908,3.2994532450875043,3.8980759173062807,33.67293286820884,False,True,True,False,0.0,False,False,False,False,phase5b0_oracle_mpc
lhs_026,oracle_mpc,2460.0,0.5188655855070274,0.5200870739433237,3.2994532450875043,3.8994261027477903,33.68389327846292,False,True,True,False,0.0,False,False,False,False,phase5b0_oracle_mpc
lhs_026,oracle_mpc,2465.0,0.5198192142987362,0.5215521545292492,3.2994532450875043,3.9007029302916982,33.69491860601093,False,True,True,False,0.0,False,False,False,False,phase5b0_oracle_mpc
lhs_026,oracle_mpc,2470.0,0.5207195684378738,0.5225137367026109,3.1151286663465103,3.8976925653244527,33.70298996829348,True,True,True,False,0.3349921999979415,False,True,False,False,phase5b0_oracle_mpc
lhs_026,oracle_mpc,2475.0,0.5216199225770114,0.5236580801054046,3.1151286663465103,3.898412983727215,33.710985961146825,False,True,True,False,0.0,False,False,False,False,phase5b0_oracle_mpc
lhs_026,oracle_mpc,2480.0,0.522520276716149,0.5228855320071849,3.1151286663465103,3.899194151541436,33.71892584974596,False,True,True,False,0.0,False,False,False,False,phase5b0_oracle_mpc
lhs_026,oracle_mpc,2485.0,0.5234206308552866,0.5246040421969577,3.1151286663465103,3.9000172384256255,33.72682300308229,False,True,True,False,0.0,False,False,False,False,phase5b0_oracle_mpc
lhs_026,oracle_mpc,2490.0,0.5243209849944241,0.52652941054594,3.1151286663465103,3.900868832376434,33.73468659493673,False,True,True,False,0.0,False,False,False,False,phase5b0_oracle_mpc
lhs_026,oracle_mpc,2495.0,0.5251643688892581,0.5281013420440951,2.9180177369417195,3.8972138654821107,33.73944365616254,True,True,True,False,0.40146500000264496,False,True,False,False,phase5b0_oracle_mpc
lhs_026,oracle_mpc,2500.0,0.5260077527840921,0.5288454581081018,2.9180177369417195,3.897605859414064,33.74407280498567,False,True,True,False,0.0,False,False,False,False,phase5b0_oracle_mpc
lhs_026,oracle_mpc,2505.0,0.526851136678926,0.5302110204594659,2.9180177369417195,3.8981053109541897,33.74860556566758,False,True,True,False,0.0,False,False,False,False,phase5b0_oracle_mpc
lhs_026,oracle_mpc,2510.0,0.52769452057376,0.5303676077003657,2.9180177369417195,3.898681374082573,33.75306442807761,False,True,True,False,0.0,False,False,False,False,phase5b0_oracle_mpc
lhs_026,oracle_mpc,2515.0,0.5285379044685939,0.5311177817162848,2.9180177369417195,3.899311987359615,33.75746542604642,False,True,True,False,0.0,False,False,False,False,phase5b0_oracle_mpc
lhs_026,oracle_mpc,2520.0,0.5285379044685939,0.5321814433863151,0.0,3.8329843615022807,33.73229097505953,True,False,False,True,0.12535480000224197,False,True,False,True,phase5b0_oracle_mpc
lhs_026,oracle_mpc,2525.0,0.5285379044685939,0.5322858682541665,0.0,3.826414652718861,33.70727038264086,True,False,False,True,3.623526100003801,False,True,False,False,phase5b0_oracle_mpc
lhs_026,oracle_mpc,2530.0,0.5285379044685939,0.5324322069070633,0.0,3.8213454516411627,33.682402810501564,False,False,False,True,0.0,False,False,False,False,phase5b0_oracle_mpc
lhs_026,oracle_mpc,2535.0,0.5285379044685939,0.5317246726802929,0.0,3.817364185139294,33.65768732280425,False,False,False,True,0.0,False,False,False,False,phase5b0_oracle_mpc
lhs_026,oracle_mpc,2540.0,0.5285379044685939,0.5322677857165125,0.0,3.8141749845125412,33.6331229894349,False,False,False,True,0.0,False,False,False,False,phase5b0_oracle_mpc
lhs_026,oracle_mpc,2545.0,0.5285379044685939,0.5320018377499671,0.0,3.8115655465820435,33.60870888596787,False,False,False,True,0.0,False,False,False,False,phase5b0_oracle_mpc
lhs_026,oracle_mpc,2550.0,0.5285379044685939,0.5318334096814614,0.0,3.8093834095543135,33.58444409363108,True,False,False,True,5.439702800002124,False,True,False,False,phase5b0_oracle_mpc
lhs_026,oracle_mpc,2555.0,0.5285379044685939,0.5326110870518392,0.0,3.8075189687373023,33.56032769927143,False,False,False,True,0.0,False,False,False,False,phase5b0_oracle_mpc
lhs_026,oracle_mpc,2560.0,0.5285379044685939,0.5323750463629768,0.0,3.8058933171934393,33.536358795320524,False,False,False,True,0.0,False,False,False,False,phase5b0_oracle_mpc
lhs_026,oracle_mpc,2565.0,0.5285379044685939,0.5323328003120986,0.0,3.80444954048318,33.512536479760385,False,False,False,True,0.0,False,False,False,False,phase5b0_oracle_mpc
lhs_026,oracle_mpc,2570.0,0.5285379044685939,0.5327195274105653,0.0,3.8031464841395772,33.488859856089604,False,False,False,True,0.0,False,False,False,False,phase5b0_oracle_mpc
lhs_026,oracle_mpc,2575.0,0.5291159570857229,0.5327463520696557,1.9999999999999998,3.8478737949389488,33.47669143077922,True,True,True,False,2.104809899996326,False,True,False,True,phase5b0_oracle_mpc
lhs_026,oracle_mpc,2580.0,0.5300598223361489,0.533939351205822,3.265672440387303,3.880810815525001,33.480046430893616,True,True,True,False,2.1368939999956638,False,True,False,False,phase5b0_oracle_mpc
lhs_026,oracle_mpc,2585.0,0.5310036875865749,0.5344125191748392,3.265672440387303,3.8868982449054688,33.48503257767441,False,True,True,False,0.0,False,False,False,False,phase5b0_oracle_mpc
lhs_026,oracle_mpc,2590.0,0.5319475528370009,0.5355629944284215,3.265672440387303,3.8916684686761442,33.49121931708147,False,True,True,False,0.0,False,False,False,False,phase5b0_oracle_mpc
lhs_026,oracle_mpc,2595.0,0.5328914180874269,0.5352891235851027,3.265672440387303,3.8954891719403535,33.498296425952624,False,True,True,False,0.0,False,False,False,False,phase5b0_oracle_mpc
lhs_026,oracle_mpc,2600.0,0.5338352833378529,0.5375745885886272,3.265672440387303,3.8986238320414617,33.50603987147074,False,True,True,False,0.0,False,False,False,False,phase5b0_oracle_mpc
lhs_026,oracle_mpc,2605.0,0.5348716602596396,0.5389787111055551,3.5857528919566746,3.908610594115114,33.51940637353083,True,True,True,False,1.1375729999999749,False,True,False,False,phase5b0_oracle_mpc
lhs_026,oracle_mpc,2610.0,0.5359080371814263,0.539677668322491,3.5857528919566746,3.9116838198004595,33.53341369671915,False,True,True,False,0.0,False,False,False,False,phase5b0_oracle_mpc
lhs_026,oracle_mpc,2615.0,0.536944414103213,0.5406185116575873,3.5857528919566746,3.9143301451820833,33.547909098311905,False,True,True,False,0.0,False,False,False,False,phase5b0_oracle_mpc
lhs_026,oracle_mpc,2620.0,0.5379807910249997,0.5418128470720679,3.5857528919566746,3.916664006301868,33.56278094339375,False,True,True,False,0.0,False,False,False,False,phase5b0_oracle_mpc
lhs_026,oracle_mpc,2625.0,0.5390171679467864,0.5425096500869415,3.5857528919566746,3.9187676015233897,33.577947107154955,False,True,True,False,0.0,False,False,False,False,phase5b0_oracle_mpc
lhs_026,oracle_mpc,2630.0,0.5399933704768813,0.5442815401569994,3.3775559565609137,3.9159194624882794,33.589832991184814,True,True,True,False,0.14659979999851203,False,True,False,False,phase5b0_oracle_mpc
lhs_026,oracle_mpc,2635.0,0.5409695730069762,0.5446456453714237,3.3775559565609137,3.917204355746083,33.601762759433235,False,True,True,False,0.0,False,False,False,False,phase5b0_oracle_mpc
lhs_026,oracle_mpc,2640.0,0.5419457755370711,0.5440511383264698,3.3775559565609137,3.918496981442032,33.61373942582077,False,True,True,False,0.0,False,False,False,False,phase5b0_oracle_mpc
lhs_026,oracle_mpc,2645.0,0.542921978067166,0.5456982028316497,3.3775559565609137,3.9197905413236453,33.625763677628804,False,True,True,False,0.0,False,False,False,False,phase5b0_oracle_mpc
lhs_026,oracle_mpc,2650.0,0.5438981805972609,0.5463768275277189,3.3775559565609137,3.921080359013176,33.637834605120034,False,True,True,False,0.0,False,False,False,False,phase5b0_oracle_mpc
lhs_026,oracle_mpc,2655.0,0.5447957831387573,0.5470064215116502,3.1056084338981105,3.916118531427057,33.64553947145684,True,True,True,False,1.4626499000005424,False,True,False,False,phase5b0_oracle_mpc
lhs_026,oracle_mpc,2660.0,0.5456933856802537,0.5483797785350774,3.1056084338981105,3.916714233739282,33.653124966953044,False,True,True,False,0.0,False,False,False,False,phase5b0_oracle_mpc
lhs_026,oracle_mpc,2665.0,0.5465909882217501,0.5487414541003964,3.1056084338981105,3.917437530918226,33.660630939406886,False,True,True,False,0.0,False,False,False,False,phase5b0_oracle_mpc
lhs_026,oracle_mpc,2670.0,0.5474885907632465,0.5503826406154251,3.1056084338981105,3.9182497199815787,33.66808517027724,False,True,True,False,0.0,False,False,False,False,phase5b0_oracle_mpc
lhs_026,oracle_mpc,2675.0,0.5483861933047429,0.5509441885725413,3.1056084338981105,3.9191232017647204,33.675506844138944,False,True,True,False,0.0,False,False,False,False,phase5b0_oracle_mpc
lhs_026,oracle_mpc,2680.0,0.5493090700212033,0.5505974387462369,3.19305436603349,3.922046460304385,33.684297250799354,True,True,True,False,1.2177742999992915,False,True,False,False,phase5b0_oracle_mpc
lhs_026,oracle_mpc,2685.0,0.5502319467376637,0.5515895616316202,3.19305436603349,3.923207451855491,33.69312851193121,False,True,True,False,0.0,False,False,False,False,phase5b0_oracle_mpc
lhs_026,oracle_mpc,2690.0,0.5511548234541241,0.5525945999154946,3.19305436603349,3.9243418658434837,33.701992259623395,False,True,True,False,0.0,False,False,False,False,phase5b0_oracle_mpc
lhs_026,oracle_mpc,2695.0,0.5520777001705846,0.5535697713852811,3.19305436603349,3.925454898075023,33.71088178181051,False,True,True,False,0.0,False,False,False,False,phase5b0_oracle_mpc
lhs_026,oracle_mpc,2700.0,0.553000576887045,0.5550762640798552,3.19305436603349,3.9265503743104615,33.71979157945873,False,True,True,False,0.0,False,False,False,False,phase5b0_oracle_mpc
lhs_026,oracle_mpc,2705.0,0.553000576887045,0.5561040789984256,0.0,3.8543003480266833,33.694847547960116,True,False,False,True,2.1916620999982115,False,True,False,True,phase5b0_oracle_mpc
lhs_026,oracle_mpc,2710.0,0.553000576887045,0.5562931878494004,0.0,3.847397355599206,33.6700559510656,True,False,False,True,4.990717799999402,False,True,False,False,phase5b0_oracle_mpc
lhs_026,oracle_mpc,2715.0,0.553000576887045,0.5558647382571701,0.0,3.842103386112218,33.64541597396567,False,False,False,True,0.0,False,False,False,False,phase5b0_oracle_mpc
lhs_026,oracle_mpc,2720.0,0.553000576887045,0.5557486772882084,0.0,3.8379745155408784,33.620926689387986,False,False,False,True,0.0,False,False,False,False,phase5b0_oracle_mpc
lhs_026,oracle_mpc,2725.0,0.553000576887045,0.5566785262223471,0.0,3.8346924512865477,33.59658717573119,False,False,False,True,0.0,False,False,False,False,phase5b0_oracle_mpc
lhs_026,oracle_mpc,2730.0,0.553000576887045,0.5557140418495982,0.0,3.832028856178105,33.57239651703022,False,False,False,True,0.0,False,False,False,False,phase5b0_oracle_mpc
lhs_026,oracle_mpc,2735.0,0.553000576887045,0.5548589936310337,0.0,3.829819808115711,33.548353802921895,True,False,False,True,5.520583800003806,False,True,False,False,phase5b0_oracle_mpc
lhs_026,oracle_mpc,2740.0,0.553000576887045,0.5553912936200901,0.0,3.827947515622035,33.52445812861055,False,False,False,True,0.0,False,False,False,False,phase5b0_oracle_mpc
lhs_026,oracle_mpc,2745.0,0.553000576887045,0.5553855220285726,0.0,3.8263272277617015,33.50070859483408,False,False,False,True,0.0,False,False,False,False,phase5b0_oracle_mpc
lhs_026,oracle_mpc,2750.0,0.553000576887045,0.5553397127419897,0.0,3.824897862617899,33.477104307830054,False,False,False,True,0.0,False,False,False,False,phase5b0_oracle_mpc
lhs_026,oracle_mpc,2755.0,0.553000576887045,0.5554180771188523,0.0,3.8236152978248974,33.4536443793021,False,False,False,True,0.0,False,False,False,False,phase5b0_oracle_mpc
lhs_026,oracle_mpc,2760.0,0.553000576887045,0.5541991725458241,0.0,3.8224475668298354,33.43032792638643,True,False,False,True,6.598235099998419,False,True,False,False,phase5b0_oracle_mpc
lhs_026,oracle_mpc,2765.0,0.553000576887045,0.554657693501466,0.0,3.8213714194455024,33.407154071618706,False,False,False,True,0.0,False,False,False,False,phase5b0_oracle_mpc
lhs_026,oracle_mpc,2770.0,0.553000576887045,0.554862456210201,0.0,3.820369859089671,33.384121942900926,False,False,False,True,0.0,False,False,False,False,phase5b0_oracle_mpc
lhs_026,oracle_mpc,2775.0,0.553000576887045,0.5552115427356771,0.0,3.8194303792327853,33.361230673468654,False,False,False,True,0.0,False,False,False,False,phase5b0_oracle_mpc
lhs_026,oracle_mpc,2780.0,0.553000576887045,0.5549915792487158,0.0,3.8185437004127842,33.33847940185838,False,False,False,True,0.0,False,False,False,False,phase5b0_oracle_mpc
lhs_026,oracle_mpc,2785.0,0.5535786295041739,0.553257750526487,2.0000000000000004,3.863634182110958,33.326271201320566,True,True,True,False,1.1208295000033104,False,True,False,True,phase5b0_oracle_mpc
lhs_026,oracle_mpc,2790.0,0.5546694579728007,0.5536322196836568,3.7741493985255503,3.9085715720549143,33.336345175561135,True,True,True,False,1.1544429999994463,False,True,False,False,phase5b0_oracle_mpc
lhs_026,oracle_mpc,2795.0,0.5557602864414274,0.5550212475002909,3.7741493985255503,3.916215383145254,33.34876083306433,False,True,True,False,0.0,False,False,False,False,phase5b0_oracle_mpc
lhs_026,oracle_mpc,2800.0,0.5568511149100541,0.5565034543104204,3.7741493985255503,3.922256776804919,33.36291281636189,False,True,True,False,0.0,False,False,False,False,phase5b0_oracle_mpc
lhs_026,oracle_mpc,2805.0,0.5579419433786809,0.5579036515324572,3.7741493985255503,3.927140543289433,33.378363993456695,False,True,True,False,0.0,False,False,False,False,phase5b0_oracle_mpc
lhs_026,oracle_mpc,2810.0,0.5590327718473076,0.558972932318361,3.7741493985255503,3.9311855210269715,33.394797766700165,False,True,True,False,0.0,False,False,False,False,phase5b0_oracle_mpc
lhs_026,oracle_mpc,2815.0,0.5600693497806607,0.5607985226610908,3.5864483703973042,3.9303092072186123,33.40881807500292,True,True,True,False,0.603562399999646,False,True,False,False,phase5b0_oracle_mpc
lhs_026,oracle_mpc,2820.0,0.5611059277140138,0.5616430811573111,3.5864483703973042,3.9328288516480208,33.423265100807505,False,True,True,False,0.0,False,False,False,False,phase5b0_oracle_mpc
lhs_026,oracle_mpc,2825.0,0.5621425056473669,0.562661016007896,3.5864483703973042,3.9351154107938853,33.43805548740655,False,True,True,False,0.0,False,False,False,False,phase5b0_oracle_mpc
lhs_026,oracle_mpc,2830.0,0.56317908358072,0.5644795051884286,3.5864483703973042,3.937227435788049,33.45312688620772,False,True,True,False,0.0,False,False,False,False,phase5b0_oracle_mpc
lhs_026,oracle_mpc,2835.0,0.5642156615140731,0.5654843751350072,3.5864483703973042,3.9392071576482652,33.468432103061076,False,True,True,False,0.0,False,False,False,False,phase5b0_oracle_mpc
lhs_026,oracle_mpc,2840.0,0.5652627504293423,0.5659588706554395,3.6228152394491184,3.9419204757164,33.484558323643995,True,True,True,False,0.29046959999686806,False,True,False,False,phase5b0_oracle_mpc
lhs_026,oracle_mpc,2845.0,0.5663098393446114,0.5673389691900366,3.6228152394491184,3.9438097982690303,33.500880602674044,False,True,True,False,0.0,False,False,False,False,phase5b0_oracle_mpc
lhs_026,oracle_mpc,2850.0,0.5673569282598806,0.5690749895516387,3.6228152394491184,3.9456172215389254,33.51736951647624,False,True,True,False,0.0,False,False,False,False,phase5b0_oracle_mpc
lhs_026,oracle_mpc,2855.0,0.5684040171751498,0.5691408231887333,3.6228152394491184,3.9473596439255902,33.53400175672524,False,True,True,False,0.0,False,False,False,False,phase5b0_oracle_mpc
lhs_026,oracle_mpc,2860.0,0.5694511060904189,0.5702030077958969,3.6228152394491184,3.949049431740192,33.550758483560834,False,True,True,False,0.0,False,False,False,False,phase5b0_oracle_mpc
lhs_026,oracle_mpc,2865.0,0.5702471105619923,0.5712059989340271,2.7540900187488924,3.9307385897910962,33.55368995852063,True,True,True,False,0.8216958999983035,False,True,False,False,phase5b0_oracle_mpc
lhs_026,oracle_mpc,2870.0,0.5710431150335656,0.5721137878977589,2.7540900187488924,3.9301726857499752,33.55624776718522,False,True,True,False,0.0,False,False,False,False,phase5b0_oracle_mpc
lhs_026,oracle_mpc,2875.0,0.571839119505139,0.5733890693633131,2.7540900187488924,3.9300153357232563,33.55854449267983,False,True,True,False,0.0,False,False,False,False,phase5b0_oracle_mpc
lhs_026,oracle_mpc,2880.0,0.5726351239767123,0.5739079725201058,2.7540900187488924,3.930149284570076,33.5606603133047,False,True,True,False,0.0,False,False,False,False,phase5b0_oracle_mpc
lhs_026,oracle_mpc,2885.0,0.5734311284482857,0.5739917181304407,2.7540900187488924,3.9304906527415615,33.56265225786124,False,True,True,False,0.0,False,False,False,False,phase5b0_oracle_mpc
lhs_026,oracle_mpc,2890.0,0.5734311284482857,0.5754918771391022,0.0,3.867705247036168,33.53866922765177,True,False,False,True,0.07626259999960894,False,True,False,True,phase5b0_oracle_mpc
lhs_026,oracle_mpc,2895.0,0.5734311284482857,0.5761824060600126,0.0,3.861398439591765,33.5148327820105,True,False,False,True,3.8555370999965817,False,True,False,False,phase5b0_oracle_mpc
lhs_026,oracle_mpc,2900.0,0.5734311284482857,0.5752131114986248,0.0,3.856562544601156,33.491142114674965,False,False,False,True,0.0,False,False,False,False,phase5b0_oracle_mpc
lhs_026,oracle_mpc,2905.0,0.5734311284482857,0.5753474457540426,0.0,3.852791703118641,33.467596334098054,False,False,False,True,0.0,False,False,False,False,phase5b0_oracle_mpc
lhs_026,oracle_mpc,2910.0,0.5734311284482857,0.5748036807337411,0.0,3.8497949166422014,33.44419455418514,False,False,False,True,0.0,False,False,False,False,phase5b0_oracle_mpc
lhs_026,oracle_mpc,2915.0,0.5734311284482857,0.5744416324969023,0.0,3.8473634297315504,33.42093589426076,False,False,False,True,0.0,False,False,False,False,phase5b0_oracle_mpc
lhs_026,oracle_mpc,2920.0,0.5740091810654147,0.5749374286396977,2.000000000000002,3.8912965283145393,33.40982643099815,True,True,True,False,1.4089017999940552,False,True,False,True,phase5b0_oracle_mpc
lhs_026,oracle_mpc,2925.0,0.5740763893441077,0.5756568721808528,0.23253342931591162,3.853991353406913,33.38752313548068,True,True,True,False,0.9661660999991,False,True,False,False,phase5b0_oracle_mpc
lhs_026,oracle_mpc,2930.0,0.5741435976228006,0.5766967386856366,0.23253342931591162,3.8520804926539203,33.36531434464966,False,True,True,False,0.0,False,False,False,False,phase5b0_oracle_mpc
lhs_026,oracle_mpc,2935.0,0.5742108059014936,0.5757353631185677,0.23253342931591162,3.8505048428638835,33.343207043708574,False,True,True,False,0.0,False,False,False,False,phase5b0_oracle_mpc
lhs_026,oracle_mpc,2940.0,0.5742780141801866,0.5755487477874099,0.23253342931591162,3.8491776295204727,33.32120616252532,False,True,True,False,0.0,False,False,False,False,phase5b0_oracle_mpc
lhs_026,oracle_mpc,2945.0,0.5743452224588796,0.5757197719780491,0.23253342931591162,3.8480364146776815,33.2993151817488,False,True,True,False,0.0,False,False,False,False,phase5b0_oracle_mpc
lhs_026,oracle_mpc,2950.0,0.5749904833547017,0.5750837471181437,2.2325334293159123,3.892986382371639,33.29040205385659,True,True,True,False,0.6168379000009736,False,True,False,True,phase5b0_oracle_mpc
lhs_026,oracle_mpc,2955.0,0.5760339841114835,0.5765007704784906,3.610400596279943,3.9287637960240467,33.2997248398635,True,True,True,False,1.589425799997116,False,True,False,False,phase5b0_oracle_mpc
lhs_026,oracle_mpc,2960.0,0.5770774848682654,0.5783484972832617,3.610400596279943,3.9354083842655823,33.31094833823602,False,True,True,False,0.0,False,False,False,False,phase5b0_oracle_mpc
lhs_026,oracle_mpc,2965.0,0.5781209856250472,0.5790221032170371,3.610400596279943,3.940686793286884,33.323578578451524,False,True,True,False,0.0,False,False,False,False,phase5b0_oracle_mpc
lhs_026,oracle_mpc,2970.0,0.579164486381829,0.5793579068275256,3.610400596279943,3.944978587583984,33.33725891746905,False,True,True,False,0.0,False,False,False,False,phase5b0_oracle_mpc
lhs_026,oracle_mpc,2975.0,0.5802079871386109,0.5807171216368353,3.610400596279943,3.948555845231412,33.351731106073814,False,True,True,False,0.0,False,False,False,False,phase5b0_oracle_mpc
lhs_026,oracle_mpc,2980.0,0.5812554135771244,0.5828196326428828,3.623983033640378,3.9519257919408313,33.36703505206706,True,True,True,False,0.618746200001624,False,True,False,False,phase5b0_oracle_mpc
lhs_026,oracle_mpc,2985.0,0.5823028400156379,0.5840845742211824,3.623983033640378,3.9546383205960995,33.38281722794912,False,True,True,False,0.0,False,False,False,False,phase5b0_oracle_mpc
lhs_026,oracle_mpc,2990.0,0.5833502664541514,0.5852990762362498,3.623983033640378,3.9570651132562484,33.398974041711305,False,True,True,False,0.0,False,False,False,False,phase5b0_oracle_mpc
lhs_026,oracle_mpc,2995.0,0.584397692892665,0.5864492317990166,3.623983033640378,3.9592803522112474,33.41542881527615,False,True,True,False,0.0,False,False,False,False,phase5b0_oracle_mpc
lhs_026,oracle_mpc,3000.0,0.5854451193311785,0.5873676052795226,3.623983033640378,3.9613374413816906,33.43212423976853,False,True,True,False,0.0,False,False,False,False,phase5b0_oracle_mpc
lhs_026,oracle_mpc,3005.0,0.586516800830368,0.5881868175274604,3.707902939743279,3.9652035461818396,33.45048560661705,True,True,True,False,0.4904970999996294,False,True,False,False,phase5b0_oracle_mpc
lhs_026,oracle_mpc,3010.0,0.5875884823295574,0.589681424997546,3.707902939743279,3.967260175213491,33.46907417442221,False,True,True,False,0.0,False,False,False,False,phase5b0_oracle_mpc
lhs_026,oracle_mpc,3015.0,0.5886601638287469,0.5902266492636543,3.707902939743279,3.96920274184173,33.48784764180915,False,True,True,False,0.0,False,False,False,False,phase5b0_oracle_mpc
lhs_026,oracle_mpc,3020.0,0.5897318453279363,0.5908773069850546,3.707902939743279,3.971057670179054,33.50677350644335,False,True,True,False,0.0,False,False,False,False,phase5b0_oracle_mpc
lhs_026,oracle_mpc,3025.0,0.5908035268271258,0.5913870714016545,3.707902939743279,3.9728441407529376,33.525826369474565,False,True,True,False,0.0,False,False,False,False,phase5b0_oracle_mpc
lhs_026,oracle_mpc,3030.0,0.5917824567505657,0.5924773906481059,3.386992444743122,3.9671998482048663,33.53938336663703,True,True,True,False,0.6553600999977789,False,True,False,False,phase5b0_oracle_mpc
lhs_026,oracle_mpc,3035.0,0.5927613866740057,0.59252519875246,3.386992444743122,3.9680798092533065,33.55281668332844,False,True,True,False,0.0,False,False,False,False,phase5b0_oracle_mpc
lhs_026,oracle_mpc,3040.0,0.5937403165974456,0.5929838917032192,3.386992444743122,3.9690855935785176,33.56616891987208,False,True,True,False,0.0,False,False,False,False,phase5b0_oracle_mpc
lhs_026,oracle_mpc,3045.0,0.5947192465208856,0.5932241683438078,3.386992444743122,3.970178107335995,33.57946937771215,False,True,True,False,0.0,False,False,False,False,phase5b0_oracle_mpc
lhs_026,oracle_mpc,3050.0,0.5956981764443255,0.5937589006210321,3.386992444743122,3.9713295232835653,33.59273790105762,False,True,True,False,0.0,False,False,False,False,phase5b0_oracle_mpc
lhs_026,oracle_mpc,3055.0,0.5966517946148804,0.5947852363541601,3.2994164970349376,3.970506798444609,33.60451817196621,True,True,True,False,0.20766249999724096,False,True,False,False,phase5b0_oracle_mpc
lhs_026,oracle_mpc,3060.0,0.5976054127854352,0.5959616812505957,3.2994164970349376,3.971501729704034,33.61623391890821,False,True,True,False,0.0,False,False,False,False,phase5b0_oracle_mpc
lhs_026,oracle_mpc,3065.0,0.5985590309559901,0.5958965900119879,3.2994164970349376,3.972556246062384,33.62790463598343,False,True,True,False,0.0,False,False,False,False,phase5b0_oracle_mpc
lhs_026,oracle_mpc,3070.0,0.5995126491265449,0.5962537276416843,3.2994164970349376,3.9736511997721915,33.639543470284366,False,True,True,False,0.0,False,False,False,False,phase5b0_oracle_mpc
lhs_026,oracle_mpc,3075.0,0.6004662672970997,0.5979031100215931,3.2994164970349376,3.974773284014159,33.651159063587414,False,True,True,False,0.0,False,False,False,False,phase5b0_oracle_mpc
lhs_026,oracle_mpc,3080.0,0.6012005634058197,0.5985060816741563,2.54058570780979,3.9584665728593538,33.65109999906693,True,True,True,False,0.35078409999550786,False,True,False,False,phase5b0_oracle_mpc
lhs_026,oracle_mpc,3085.0,0.6019348595145397,0.5995221109683245,2.54058570780979,3.9577036558739525,33.65067614617147,False,True,True,False,0.0,False,False,False,False,phase5b0_oracle_mpc
lhs_026,oracle_mpc,3090.0,0.6026691556232597,0.6006963420006447,2.54058570780979,3.9573319743437216,33.64998634363398,False,True,True,False,0.0,False,False,False,False,phase5b0_oracle_mpc
lhs_026,oracle_mpc,3095.0,0.6034034517319797,0.6018654947093396,2.54058570780979,3.9572423745864413,33.649101618945636,False,True,True,False,0.0,False,False,False,False,phase5b0_oracle_mpc
lhs_026,oracle_mpc,3100.0,0.6041377478406997,0.6024485325779392,2.54058570780979,3.957356656947648,33.64807310599519,False,True,True,False,0.0,False,False,False,False,phase5b0_oracle_mpc
lhs_026,oracle_mpc,3105.0,0.6041377478406997,0.6028208839283815,0.0,3.8991906285502753,33.62356765259908,True,False,False,True,1.7371380999975372,False,True,False,True,phase5b0_oracle_mpc
lhs_026,oracle_mpc,3110.0,0.6041377478406997,0.6040397071168493,0.0,3.8931345682014014,33.59921198740911,True,False,False,True,3.7204706000047736,False,True,False,False,phase5b0_oracle_mpc
lhs_026,oracle_mpc,3115.0,0.6041377478406997,0.6044989245493233,0.0,3.8884446440467118,33.575005275954105,False,False,False,True,0.0,False,False,False,False,phase5b0_oracle_mpc
lhs_026,oracle_mpc,3120.0,0.6041377478406997,0.6046345185941697,0.0,3.8847460262901303,33.55094660726673,False,False,False,True,0.0,False,False,False,False,phase5b0_oracle_mpc
lhs_026,oracle_mpc,3125.0,0.6041377478406997,0.6050537746671166,0.0,3.881769882172882,33.52703507595094,False,False,False,True,0.0,False,False,False,False,phase5b0_oracle_mpc
lhs_026,oracle_mpc,3130.0,0.6041377478406997,0.6047259738515379,0.0,3.8793232786607694,33.503269782147875,False,False,False,True,0.0,False,False,False,False,phase5b0_oracle_mpc
lhs_026,oracle_mpc,3135.0,0.6047158004578287,0.6052829091374713,2.0,3.923263233980126,33.49210070185003,True,True,True,False,1.0411864999987301,False,True,False,True,phase5b0_oracle_mpc
lhs_026,oracle_mpc,3140.0,0.6056671371605759,0.6058513882197915,3.2915228633410147,3.9562608740272522,33.497305990526804,True,True,True,False,1.3415397999997367,False,True,False,False,phase5b0_oracle_mpc
lhs_026,oracle_mpc,3145.0,0.606618473863323,0.6075154382326572,3.2915228633410147,3.962029927625653,33.5040038851713,False,True,True,False,0.0,False,False,False,False,phase5b0_oracle_mpc
lhs_026,oracle_mpc,3150.0,0.6075698105660702,0.6089209137691451,3.2915228633410147,3.966578666770028,33.511791156561905,False,True,True,False,0.0,False,False,False,False,phase5b0_oracle_mpc
lhs_026,oracle_mpc,3155.0,0.6085211472688173,0.6112675386057704,3.2915228633410147,3.970249555975761,33.52037758213583,False,True,True,False,0.0,False,False,False,False,phase5b0_oracle_mpc
lhs_026,oracle_mpc,3160.0,0.6094724839715645,0.6121942600888463,3.2915228633410147,3.9732879344720464,33.52955386755722,False,True,True,False,0.0,False,False,False,False,phase5b0_oracle_mpc
lhs_026,oracle_mpc,3165.0,0.6094724839715645,0.6127730636173041,0.0,3.9001480513537303,33.50577328371848,True,False,False,True,1.0494332000016584,False,True,False,True,phase5b0_oracle_mpc
lhs_026,oracle_mpc,3170.0,0.6094724839715645,0.6128366781681149,0.0,3.8940499401585718,33.48213802222372,True,False,False,True,3.9917881000001216,False,True,False,False,phase5b0_oracle_mpc
lhs_026,oracle_mpc,3175.0,0.6094724839715645,0.612948883675114,0.0,3.8893788189147767,33.458647308638,False,False,False,True,0.0,False,False,False,False,phase5b0_oracle_mpc
lhs_026,oracle_mpc,3180.0,0.6094724839715645,0.6130120149448746,0.0,3.8857407304666784,33.43530025893903,False,False,False,True,0.0,False,False,False,False,phase5b0_oracle_mpc
lhs_026,oracle_mpc,3185.0,0.6094724839715645,0.6118850722539918,0.0,3.882853218239008,33.41209599451099,False,False,False,True,0.0,False,False,False,False,phase5b0_oracle_mpc
lhs_026,oracle_mpc,3190.0,0.6094724839715645,0.6109533895817336,0.0,3.880513662651515,33.3890336421115,False,False,False,True,0.0,False,False,False,False,phase5b0_oracle_mpc
lhs_026,oracle_mpc,3195.0,0.6100505365886935,0.6114007991047833,2.0,3.924586197100589,33.37788572031219,True,True,True,False,0.8871112999986508,False,True,False,True,phase5b0_oracle_mpc
lhs_026,oracle_mpc,3200.0,0.6111772617216596,0.6113326299577738,3.8983480035511375,3.971692614984508,33.3919191177627,True,True,True,False,1.3137063999965903,False,True,False,False,phase5b0_oracle_mpc
lhs_026,oracle_mpc,3205.0,0.6123039868546258,0.6131950404620844,3.8983480035511375,3.979153236190082,33.40821390687977,False,True,True,False,0.0,False,False,False,False,phase5b0_oracle_mpc
lhs_026,oracle_mpc,3210.0,0.613430711987592,0.6149443767067316,3.8983480035511375,3.9850873028499603,33.42617309105128,False,True,True,False,0.0,False,False,False,False,phase5b0_oracle_mpc
lhs_026,oracle_mpc,3215.0,0.6145574371205582,0.6162099195360864,3.8983480035511375,3.9899201663234587,33.44536592205886,False,True,True,False,0.0,False,False,False,False,phase5b0_oracle_mpc
lhs_026,oracle_mpc,3220.0,0.6156841622535244,0.6170617529566185,3.8983480035511375,3.993956649482536,33.46548074948569,False,True,True,False,0.0,False,False,False,False,phase5b0_oracle_mpc
lhs_026,oracle_mpc,3225.0,0.6166950855794218,0.6182335951320655,3.49768618268092,3.988194961302867,33.47931409237167,True,True,True,False,1.232259399999748,False,True,False,False,phase5b0_oracle_mpc
lhs_026,oracle_mpc,3230.0,0.6177060089053191,0.6191434156267648,3.49768618268092,3.9902126823438144,33.493356261878176,False,True,True,False,0.0,False,False,False,False,phase5b0_oracle_mpc
lhs_026,oracle_mpc,3235.0,0.6187169322312165,0.6196850761881914,3.49768618268092,3.992124344932052,33.50756967788217,False,True,True,False,0.0,False,False,False,False,phase5b0_oracle_mpc
lhs_026,oracle_mpc,3240.0,0.6197278555571138,0.6214756713976644,3.49768618268092,3.9939549291354086,33.52192552068052,False,True,True,False,0.0,False,False,False,False,phase5b0_oracle_mpc
lhs_026,oracle_mpc,3245.0,0.6207387788830112,0.6221464914240733,3.49768618268092,3.995722516069619,33.53640133626799,False,True,True,False,0.0,False,False,False,False,phase5b0_oracle_mpc
lhs_026,oracle_mpc,3250.0,0.6216777325201795,0.6240497011551048,3.2486787857887105,3.99170871578358,33.54684017214397,True,True,True,False,0.15409470000304282,False,True,False,False,phase5b0_oracle_mpc
lhs_026,oracle_mpc,3255.0,0.6226166861573479,0.6250801325154549,3.2486787857887105,3.9927513010990907,33.55720802935671,False,True,True,False,0.0,False,False,False,False,phase5b0_oracle_mpc
lhs_026,oracle_mpc,3260.0,0.6235556397945162,0.6264354440634778,3.2486787857887105,3.993886652440409,33.56753479274183,False,True,True,False,0.0,False,False,False,False,phase5b0_oracle_mpc
lhs_026,oracle_mpc,3265.0,0.6244945934316846,0.6274255860954219,3.2486787857887105,3.995085277354,33.577840757113265,False,True,True,False,0.0,False,False,False,False,phase5b0_oracle_mpc
lhs_026,oracle_mpc,3270.0,0.6254335470688529,0.6295126383190566,3.2486787857887105,3.996326182239633,33.58813940711742,False,True,True,False,0.0,False,False,False,False,phase5b0_oracle_mpc
lhs_026,oracle_mpc,3275.0,0.6264314926365532,0.6299612527854908,3.452784532510944,4.002293239739039,33.60182738373672,True,True,True,False,0.9942179999998189,False,True,False,False,phase5b0_oracle_mpc
lhs_026,oracle_mpc,3280.0,0.6274294382042535,0.630312622062161,3.452784532510944,4.004099416798885,33.61565492014053,False,True,True,False,0.0,False,False,False,False,phase5b0_oracle_mpc
lhs_026,oracle_mpc,3285.0,0.6284273837719537,0.6322048653477542,3.452784532510944,4.005811584986667,33.62958933164873,False,True,True,False,0.0,False,False,False,False,phase5b0_oracle_mpc
lhs_026,oracle_mpc,3290.0,0.629425329339654,0.6319645241778022,3.452784532510944,4.007452940193028,33.6436059975935,False,True,True,False,0.0,False,False,False,False,phase5b0_oracle_mpc
lhs_026,oracle_mpc,3295.0,0.6304232749073543,0.6329619998510804,3.452784532510944,4.0090402146779525,33.65768611432901,False,True,True,False,0.0,False,False,False,False,phase5b0_oracle_mpc
lhs_026,oracle_mpc,3300.0,0.6314269617374704,0.6345919726777784,3.472648684132038,4.011042875137361,33.67215753417424,True,True,True,False,0.6382932999986224,False,True,False,False,phase5b0_oracle_mpc
lhs_026,oracle_mpc,3305.0,0.6324306485675865,0.6357019258452088,3.472648684132038,4.01260574290492,33.68667952656644,False,True,True,False,0.0,False,False,False,False,phase5b0_oracle_mpc
lhs_026,oracle_mpc,3310.0,0.6334343353977026,0.6370748137360559,3.472648684132038,4.0141317368568314,33.70123926084109,False,True,True,False,0.0,False,False,False,False,phase5b0_oracle_mpc
lhs_026,oracle_mpc,3315.0,0.6344380222278186,0.6381563421824535,3.472648684132038,4.0156283062336176,33.715826529008474,False,True,True,False,0.0,False,False,False,False,phase5b0_oracle_mpc
lhs_026,oracle_mpc,3320.0,0.6354417090579347,0.6393649014002389,3.472648684132038,4.017100886728166,33.73043304415129,False,True,True,False,0.0,False,False,False,False,phase5b0_oracle_mpc
lhs_026,oracle_mpc,3325.0,0.6363220323631591,0.6398305721525015,3.045824131362509,4.008724792355531,33.73792278521091,True,True,True,False,0.2856912999995984,False,True,False,False,phase5b0_oracle_mpc
lhs_026,oracle_mpc,3330.0,0.6372023556683835,0.6408903225890298,3.045824131362509,4.00906822546452,33.74517541312067,False,True,True,False,0.0,False,False,False,False,phase5b0_oracle_mpc
lhs_026,oracle_mpc,3335.0,0.6380826789736078,0.6416848945325347,3.045824131362509,4.009613165907638,33.75225236315672,False,True,True,False,0.0,False,False,False,False,phase5b0_oracle_mpc
lhs_026,oracle_mpc,3340.0,0.6389630022788322,0.6426408542906583,3.045824131362509,4.010301800588358,33.75919742405241,False,True,True,False,0.0,False,False,False,False,phase5b0_oracle_mpc
lhs_026,oracle_mpc,3345.0,0.6398433255840565,0.6429851264944237,3.045824131362509,4.011092754275833,33.76604177766418,False,True,True,False,0.0,False,False,False,False,phase5b0_oracle_mpc
lhs_026,oracle_mpc,3350.0,0.6408144988585956,0.6434249980347065,3.3601552722400143,4.019195215373846,33.77794412833648,True,True,True,False,1.276302600002964,False,True,False,False,phase5b0_oracle_mpc
lhs_026,oracle_mpc,3355.0,0.6417856721331348,0.6440326033635975,3.3601552722400143,4.020915146761597,33.78997384100552,False,True,True,False,0.0,False,False,False,False,phase5b0_oracle_mpc
lhs_026,oracle_mpc,3360.0,0.6427568454076739,0.644961830172425,3.3601552722400143,4.022512030780674,33.802089693128956,False,True,True,False,0.0,False,False,False,False,phase5b0_oracle_mpc
lhs_026,oracle_mpc,3365.0,0.643728018682213,0.6453338259938157,3.3601552722400143,4.024018821744287,33.81426159971379,False,True,True,False,0.0,False,False,False,False,phase5b0_oracle_mpc
lhs_026,oracle_mpc,3370.0,0.6446991919567521,0.647091740991815,3.3601552722400143,4.025459167775278,33.82646746355733,False,True,True,False,0.0,False,False,False,False,phase5b0_oracle_mpc
lhs_026,oracle_mpc,3375.0,0.6455943409080671,0.6481958593421504,3.0971192752691428,4.020792194597947,33.83431511128521,True,True,True,False,0.37806540000019595,False,True,False,False,phase5b0_oracle_mpc
lhs_026,oracle_mpc,3380.0,0.6464894898593821,0.649878460347818,3.0971192752691428,4.021472126678597,33.8420160060821,False,True,True,False,0.0,False,False,False,False,phase5b0_oracle_mpc
lhs_026,oracle_mpc,3385.0,0.6473846388106972,0.6513814274634537,3.0971192752691428,4.022257058557052,33.849602891776215,False,True,True,False,0.0,False,False,False,False,phase5b0_oracle_mpc
lhs_026,oracle_mpc,3390.0,0.6482797877620122,0.6520352207401683,3.0971192752691428,4.023116675331835,33.857099111507154,False,True,True,False,0.0,False,False,False,False,phase5b0_oracle_mpc
lhs_026,oracle_mpc,3395.0,0.6491749367133273,0.653228660712186,3.0971192752691428,4.024029275569373,33.86452129489612,False,True,True,False,0.0,False,False,False,False,phase5b0_oracle_mpc
lhs_026,oracle_mpc,3400.0,0.6491749367133273,0.6537574473462985,0.0,3.953649271144372,33.83869212715818,True,False,False,True,0.24586510000517592,False,True,False,True,phase5b0_oracle_mpc
lhs_026,oracle_mpc,3405.0,0.6491749367133273,0.6541588512520728,0.0,3.946692289102322,33.81302080937908,True,False,False,True,5.415357400001085,False,True,False,False,phase5b0_oracle_mpc
lhs_026,oracle_mpc,3410.0,0.6491749367133273,0.6541707520916563,0.0,3.9413258787236187,33.78750649156836,False,False,False,True,0.0,False,False,False,False,phase5b0_oracle_mpc
lhs_026,oracle_mpc,3415.0,0.6491749367133273,0.6537073149804276,0.0,3.9371126279606017,33.76214821354974,False,False,False,True,0.0,False,False,False,False,phase5b0_oracle_mpc
lhs_026,oracle_mpc,3420.0,0.6491749367133273,0.651659726980973,0.0,3.933738858295705,33.73694502101919,False,False,False,True,0.0,False,False,False,False,phase5b0_oracle_mpc
lhs_026,oracle_mpc,3425.0,0.6491749367133273,0.6518635216653621,0.0,3.930979489769343,33.71189596550896,False,False,False,True,0.0,False,False,False,False,phase5b0_oracle_mpc
lhs_026,oracle_mpc,3430.0,0.6497529893304562,0.652129305491774,1.9999999999999996,3.9747350535258312,33.69997403496134,True,True,True,False,1.6713470999966376,False,True,False,True,phase5b0_oracle_mpc
lhs_026,oracle_mpc,3435.0,0.6507012548622457,0.653353793182061,3.280896941524984,4.007388558274546,33.70455139690832,True,True,True,False,2.0073173999990104,False,True,False,False,phase5b0_oracle_mpc
lhs_026,oracle_mpc,3440.0,0.6516495203940352,0.6532633272534303,3.280896941524984,4.013060302996361,33.710562173876035,False,True,True,False,0.0,False,False,False,False,phase5b0_oracle_mpc
lhs_026,oracle_mpc,3445.0,0.6525977859258247,0.6546881817020103,3.280896941524984,4.01753790380417,33.71761430718348,False,True,True,False,0.0,False,False,False,False,phase5b0_oracle_mpc
lhs_026,oracle_mpc,3450.0,0.6535460514576142,0.6557936615029849,3.280896941524984,4.021156193862969,33.725425872774096,False,True,True,False,0.0,False,False,False,False,phase5b0_oracle_mpc
lhs_026,oracle_mpc,3455.0,0.6544943169894037,0.6565766857550984,3.280896941524984,4.0241550135464665,33.73379380643294,False,True,True,False,0.0,False,False,False,False,phase5b0_oracle_mpc
lhs_026,oracle_mpc,3460.0,0.6544943169894037,0.6588312048443169,0.0,3.9511433855116667,33.70876413891004,True,False,False,True,6.064894600000116,False,True,False,True,phase5b0_oracle_mpc
lhs_026,oracle_mpc,3465.0,0.6549158089985838,0.6593944220730235,1.4583171036347338,3.9785530095146155,33.69344209070457,True,True,True,False,2.1999955999999656,False,True,False,False,phase5b0_oracle_mpc
lhs_026,oracle_mpc,3470.0,0.6553373010077639,0.6587443557473761,1.4583171036347338,3.977541130549842,33.678012823086625,False,True,True,False,0.0,False,False,False,False,phase5b0_oracle_mpc
lhs_026,oracle_mpc,3475.0,0.655758793016944,0.6598102510453294,1.4583171036347338,3.976824598668885,33.662518778678404,False,True,True,False,0.0,False,False,False,False,phase5b0_oracle_mpc
lhs_026,oracle_mpc,3480.0,0.656180285026124,0.6606080596475015,1.4583171036347338,3.9763241972702033,33.6469908662975,False,True,True,False,0.0,False,False,False,False,phase5b0_oracle_mpc
lhs_026,oracle_mpc,3485.0,0.6566017770353041,0.6608661252104118,1.4583171036347338,3.975983037521329,33.631451688781766,False,True,True,False,0.0,False,False,False,False,phase5b0_oracle_mpc
lhs_026,oracle_mpc,3490.0,0.6566017770353041,0.6610215005769241,0.0,3.942173764078545,33.6070478377444,True,False,False,True,6.607438000006368,False,True,False,False,phase5b0_oracle_mpc
lhs_026,oracle_mpc,3495.0,0.6566017770353041,0.6610314422091056,0.0,3.9383046862836357,33.58279320400253,False,False,False,True,0.0,False,False,False,False,phase5b0_oracle_mpc
lhs_026,oracle_mpc,3500.0,0.6566017770353041,0.6615772873060042,0.0,3.935243711462048,33.55868690611015,False,False,False,True,0.0,False,False,False,False,phase5b0_oracle_mpc
lhs_026,oracle_mpc,3505.0,0.6566017770353041,0.6617906822326818,0.0,3.9327721798215394,33.53472803687879,False,False,False,True,0.0,False,False,False,False,phase5b0_oracle_mpc
lhs_026,oracle_mpc,3510.0,0.6566017770353041,0.6614305555993957,0.0,3.9307331466426376,33.51091569466813,False,False,False,True,0.0,False,False,False,False,phase5b0_oracle_mpc
lhs_026,oracle_mpc,3515.0,0.657179829652433,0.6601268573196172,2.0,3.975075783100175,33.49887602466329,True,True,True,False,1.9426526999959606,False,True,False,True,phase5b0_oracle_mpc
lhs_026,oracle_mpc,3520.0,0.6581383128327634,0.6607572207136562,3.316248908588122,4.0090319354192765,33.50311643505567,True,True,True,False,2.7779365000023972,False,True,False,False,phase5b0_oracle_mpc
lhs_026,oracle_mpc,3525.0,0.6590967960130937,0.6607743856329619,3.316248908588122,4.015209322284565,33.50895580474477,False,True,True,False,0.0,False,False,False,False,phase5b0_oracle_mpc
lhs_026,oracle_mpc,3530.0,0.660055279193424,0.6612225871155103,3.316248908588122,4.020119409892878,33.515973879385626,False,True,True,False,0.0,False,False,False,False,phase5b0_oracle_mpc
lhs_026,oracle_mpc,3535.0,0.6610137623737543,0.6621538034239427,3.316248908588122,4.024115050079897,33.523867710204364,False,True,True,False,0.0,False,False,False,False,phase5b0_oracle_mpc
lhs_026,oracle_mpc,3540.0,0.6619722455540846,0.6634819822938778,3.316248908588122,4.027449078169404,33.532418375167445,False,True,True,False,0.0,False,False,False,False,phase5b0_oracle_mpc
lhs_026,oracle_mpc,3545.0,0.6628841051496053,0.6648980004860099,3.1549363102948154,4.026587739958922,33.53898527916928,True,True,True,False,0.22138559999439167,False,True,False,False,phase5b0_oracle_mpc
lhs_026,oracle_mpc,3550.0,0.6637959647451259,0.666096467650054,3.1549363102948154,4.028678071986269,33.54582087264142,False,True,True,False,0.0,False,False,False,False,phase5b0_oracle_mpc
lhs_026,oracle_mpc,3555.0,0.6647078243406466,0.6668554862115719,3.1549363102948154,4.0305932100375355,33.55287055366463,False,True,True,False,0.0,False,False,False,False,phase5b0_oracle_mpc
lhs_026,oracle_mpc,3560.0,0.6656196839361672,0.6678030990806798,3.1549363102948154,4.032377623994393,33.56009378825274,False,True,True,False,0.0,False,False,False,False,phase5b0_oracle_mpc
lhs_026,oracle_mpc,3565.0,0.6665315435316879,0.6681072008501693,3.1549363102948154,4.034063314024286,33.567460177038534,False,True,True,False,0.0,False,False,False,False,phase5b0_oracle_mpc
lhs_026,oracle_mpc,3570.0,0.6674131081605754,0.669808786944747,3.0501189779782676,4.0332596066804856,33.5733447325615,True,True,True,False,1.756959900005313,False,True,False,False,phase5b0_oracle_mpc
lhs_026,oracle_mpc,3575.0,0.668294672789463,0.6701947278790888,3.0501189779782676,4.034542561083069,33.579268684248504,False,True,True,False,0.0,False,False,False,False,phase5b0_oracle_mpc
lhs_026,oracle_mpc,3580.0,0.6691762374183505,0.671377458400849,3.0501189779782676,4.0358318999534335,33.58523471978763,False,True,True,False,0.0,False,False,False,False,phase5b0_oracle_mpc
lhs_026,oracle_mpc,3585.0,0.6700578020472381,0.6707566184235307,3.0501189779782676,4.037121800096016,33.591243759988956,False,True,True,False,0.0,False,False,False,False,phase5b0_oracle_mpc
lhs_026,oracle_mpc,3590.0,0.6709393666761256,0.6706981425745238,3.0501189779782676,4.0384082085086375,33.59729550504019,False,True,True,False,0.0,False,False,False,False,phase5b0_oracle_mpc
lhs_026,oracle_mpc,3595.0,0.6709393666761256,0.6712260755770233,0.0,3.9694558476421093,33.57310061932998,True,False,False,True,2.2306050999977742,False,True,False,True,phase5b0_oracle_mpc
lhs_026,oracle_mpc,3600.0,0.6714769335096488,0.6719038059842887,1.859923534964836,4.0057586670883225,33.562522303803135,True,True,True,False,2.6438931999946362,False,True,False,False,phase5b0_oracle_mpc
