scenario_id,controller,time_s,true_soc,estimated_soc,charge_current_a,terminal_voltage_v,true_average_temperature_c,control_decision_updated,optimizer_success,prediction_feasible,used_fallback,solve_time_s,active_voltage_constraint,active_temperature_constraint,active_current_upper_constraint,active_current_change_constraint,source
lhs_047,nominal_mpc,0.0,0.16542984709253097,0.16542984709253097,0.0,3.432517138632013,23.456117504292358,False,True,True,False,0.0,False,False,False,False,phase5b0_nominal_mpc
lhs_047,nominal_mpc,5.0,0.16597096913957574,0.1674041620666899,2.000000000000001,3.4766650180322833,23.461357572481727,True,True,True,False,0.8355037000000038,False,True,False,True,phase5b0_nominal_mpc
lhs_047,nominal_mpc,10.0,0.16705321323366523,0.1672975355543121,4.000000000000003,3.52535282600114,23.48331868132487,True,True,True,False,0.7129746999999043,False,True,False,True,phase5b0_nominal_mpc
lhs_047,nominal_mpc,15.0,0.1686765793747995,0.16801747052204472,5.999999999999999,3.577915834850749,23.534685506162745,True,True,True,False,0.62762859999998,False,True,False,True,phase5b0_nominal_mpc
lhs_047,nominal_mpc,20.0,0.17084106756297848,0.17035184274114337,7.999999999999997,3.63381467780025,23.629046833136908,True,True,True,False,0.7564162999999553,False,True,False,True,phase5b0_nominal_mpc
lhs_047,nominal_mpc,25.0,0.17354667779820224,0.17346966008114,9.999999999999998,3.6926048329926933,23.780675324671023,True,True,True,False,0.4865670000000364,False,True,True,True,phase5b0_nominal_mpc
lhs_047,nominal_mpc,30.0,0.176252288033426,0.1763923721082833,10.0,3.709839147263028,23.94062380085701,True,True,True,False,0.14318459999992683,False,True,True,False,phase5b0_nominal_mpc
lhs_047,nominal_mpc,35.0,0.17895789826864975,0.17853597763911674,10.0,3.724862790365405,24.107319340101636,False,True,True,False,0.0,False,False,False,False,phase5b0_nominal_mpc
lhs_047,nominal_mpc,40.0,0.1816635085038735,0.182619313503522,10.0,3.7381178667419492,24.27952012147958,False,True,True,False,0.0,False,False,False,False,phase5b0_nominal_mpc
lhs_047,nominal_mpc,45.0,0.18436911873909725,0.18565249291212568,10.0,3.7499497340001797,24.456243114200674,False,True,True,False,0.0,False,False,False,False,phase5b0_nominal_mpc
lhs_047,nominal_mpc,50.0,0.187074728974321,0.18750265527123303,10.0,3.760628191481056,24.636707765597777,False,True,True,False,0.0,False,False,False,False,phase5b0_nominal_mpc
lhs_047,nominal_mpc,55.0,0.189763922125058,0.18961562535639528,9.93932206393578,3.769029895899551,24.818353565125808,True,True,True,False,0.32530959999996867,False,True,True,False,phase5b0_nominal_mpc
lhs_047,nominal_mpc,60.0,0.19245311527579498,0.1925118369187957,9.93932206393578,3.777856295423349,25.00253175333969,False,True,True,False,0.0,False,False,False,False,phase5b0_nominal_mpc
lhs_047,nominal_mpc,65.0,0.19514230842653196,0.19476663243896428,9.93932206393578,3.786054278555564,25.188858595010338,False,True,True,False,0.0,False,False,False,False,phase5b0_nominal_mpc
lhs_047,nominal_mpc,70.0,0.19783150157726895,0.19921894347628977,9.93932206393578,3.7937202868296946,25.377023151788396,False,True,True,False,0.0,False,False,False,False,phase5b0_nominal_mpc
lhs_047,nominal_mpc,75.0,0.20052069472800593,0.2014607467855889,9.93932206393578,3.8009302332969472,25.566771680908026,False,True,True,False,0.0,False,False,False,False,phase5b0_nominal_mpc
lhs_047,nominal_mpc,80.0,0.20305492142869333,0.20398850226216544,9.36656236620802,3.795198846599115,25.739269155007328,True,True,True,False,0.31840009999996255,False,True,False,False,phase5b0_nominal_mpc
lhs_047,nominal_mpc,85.0,0.20558914812938073,0.20633450987175167,9.36656236620802,3.800498585429117,25.9122477902266,False,True,True,False,0.0,False,False,False,False,phase5b0_nominal_mpc
lhs_047,nominal_mpc,90.0,0.20812337483006813,0.20926810977091165,9.36656236620802,3.805713997842013,26.085699135367403,False,True,True,False,0.0,False,False,False,False,phase5b0_nominal_mpc
lhs_047,nominal_mpc,95.0,0.21065760153075552,0.21136718078453814,9.36656236620802,3.810838294594008,26.259608210859668,False,True,True,False,0.0,False,False,False,False,phase5b0_nominal_mpc
lhs_047,nominal_mpc,100.0,0.21319182823144292,0.21435015231096916,9.36656236620802,3.8158670857669548,26.43395526031605,False,True,True,False,0.0,False,False,False,False,phase5b0_nominal_mpc
lhs_047,nominal_mpc,105.0,0.21559340637742905,0.21636950893192447,8.876290142314282,3.810059608570576,26.593119282915193,True,True,True,False,0.31109839999999167,False,True,False,False,phase5b0_nominal_mpc
lhs_047,nominal_mpc,110.0,0.21799498452341518,0.21803451745936664,8.876290142314282,3.813865477013748,26.752124797838377,False,True,True,False,0.0,False,False,False,False,phase5b0_nominal_mpc
lhs_047,nominal_mpc,115.0,0.2203965626694013,0.22034415114346823,8.876290142314282,3.81773526587453,26.911050035148122,False,True,True,False,0.0,False,False,False,False,phase5b0_nominal_mpc
lhs_047,nominal_mpc,120.0,0.22279814081538743,0.22240886984281966,8.876290142314282,3.8216359682022847,27.06994993959326,False,True,True,False,0.0,False,False,False,False,phase5b0_nominal_mpc
lhs_047,nominal_mpc,125.0,0.22519971896137356,0.22548333637868617,8.876290142314282,3.8255425646308034,27.228861519117547,False,True,True,False,0.0,False,False,False,False,phase5b0_nominal_mpc
lhs_047,nominal_mpc,130.0,0.22749153406011927,0.22731149442346002,8.470603300168953,3.8205612109436027,27.375212679754306,True,True,True,False,0.31269689999999173,False,True,False,False,phase5b0_nominal_mpc
lhs_047,nominal_mpc,135.0,0.22978334915886497,0.22949816177488608,8.470603300168953,3.823588647068958,27.521193971345184,False,True,True,False,0.0,False,False,False,False,phase5b0_nominal_mpc
lhs_047,nominal_mpc,140.0,0.23207516425761068,0.23205941455672244,8.470603300168953,3.8267128335860523,27.66689194006135,False,True,True,False,0.0,False,False,False,False,phase5b0_nominal_mpc
lhs_047,nominal_mpc,145.0,0.2343669793563564,0.2336349338166196,8.470603300168953,3.8298985388995006,27.81236968422693,False,True,True,False,0.0,False,False,False,False,phase5b0_nominal_mpc
lhs_047,nominal_mpc,150.0,0.2366587944551021,0.236640751691855,8.470603300168953,3.833118884277195,27.95767217967838,False,True,True,False,0.0,False,False,False,False,phase5b0_nominal_mpc
lhs_047,nominal_mpc,155.0,0.23884368810635517,0.23960447116752057,8.075419078507363,3.8277158474438897,28.090867976332976,True,True,True,False,0.33559679999996206,False,True,False,False,phase5b0_nominal_mpc
lhs_047,nominal_mpc,160.0,0.24102858175760825,0.24135733608252594,8.075419078507363,3.8301384016618036,28.223561059708278,False,True,True,False,0.0,False,False,False,False,phase5b0_nominal_mpc
lhs_047,nominal_mpc,165.0,0.24321347540886132,0.24361666347946065,8.075419078507363,3.8326779311793957,28.35583913464978,False,True,True,False,0.0,False,False,False,False,phase5b0_nominal_mpc
lhs_047,nominal_mpc,170.0,0.2453983690601144,0.24642651091174994,8.075419078507363,3.835298926134719,28.487767527082042,False,True,True,False,0.0,False,False,False,False,phase5b0_nominal_mpc
lhs_047,nominal_mpc,175.0,0.24758326271136746,0.24865304089867404,8.075419078507363,3.837974183860583,28.619394233561202,False,True,True,False,0.0,False,False,False,False,phase5b0_nominal_mpc
lhs_047,nominal_mpc,180.0,0.24963969026907917,0.252333247151331,7.600605330877052,3.830311197384531,28.7368430416045,True,True,True,False,0.33320739999999205,False,True,False,False,phase5b0_nominal_mpc
lhs_047,nominal_mpc,185.0,0.2516961178267909,0.25397556333455357,7.600605330877052,3.832068678696315,28.85363003961038,False,True,True,False,0.0,False,False,False,False,phase5b0_nominal_mpc
lhs_047,nominal_mpc,190.0,0.25375254538450265,0.25564846782839645,7.600605330877052,3.8339866372851903,28.969856833368194,False,True,True,False,0.0,False,False,False,False,phase5b0_nominal_mpc
lhs_047,nominal_mpc,195.0,0.2558089729422144,0.2572223599076091,7.600605330877052,3.8360236823169784,29.085600768623603,False,True,True,False,0.0,False,False,False,False,phase5b0_nominal_mpc
lhs_047,nominal_mpc,200.0,0.2578654004999261,0.2590440541110458,7.600605330877052,3.8381479104909313,29.200920363892088,False,True,True,False,0.0,False,False,False,False,phase5b0_nominal_mpc
lhs_047,nominal_mpc,205.0,0.25979335083405725,0.2620168281552501,7.125750446356087,3.8299660067099808,29.302520400335695,True,True,True,False,0.39073389999998653,False,True,False,False,phase5b0_nominal_mpc
lhs_047,nominal_mpc,210.0,0.26172130116818837,0.2647442726909567,7.125750446356087,3.831230558008691,29.40338982948778,False,True,True,False,0.0,False,False,False,False,phase5b0_nominal_mpc
lhs_047,nominal_mpc,215.0,0.2636492515023195,0.2665881509908139,7.125750446356087,3.8326783136970515,29.503631879722136,False,True,True,False,0.0,False,False,False,False,phase5b0_nominal_mpc
lhs_047,nominal_mpc,220.0,0.2655772018364506,0.2688620474210248,7.125750446356087,3.8342658637549234,29.603326082169712,False,True,True,False,0.0,False,False,False,False,phase5b0_nominal_mpc
lhs_047,nominal_mpc,225.0,0.26750515217058174,0.2709110027291041,7.125750446356087,3.8359596331375947,29.70253355014532,False,True,True,False,0.0,False,False,False,False,phase5b0_nominal_mpc
lhs_047,nominal_mpc,230.0,0.269403744189665,0.2722999720214385,7.01724141328964,3.835364752734572,29.79834227262527,True,True,True,False,0.1173450999999659,False,True,False,False,phase5b0_nominal_mpc
lhs_047,nominal_mpc,235.0,0.2713023362087483,0.2746170999688097,7.01724141328964,3.8369786763050304,29.893662129807762,False,True,True,False,0.0,False,False,False,False,phase5b0_nominal_mpc
lhs_047,nominal_mpc,240.0,0.27320092822783154,0.2775841695134396,7.01724141328964,3.8386726829486957,29.988537873092298,False,True,True,False,0.0,False,False,False,False,phase5b0_nominal_mpc
lhs_047,nominal_mpc,245.0,0.2750995202469148,0.28032113146343207,7.01724141328964,3.8404277226616506,30.083003724354523,False,True,True,False,0.0,False,False,False,False,phase5b0_nominal_mpc
lhs_047,nominal_mpc,250.0,0.2769981122659981,0.281905680141801,7.01724141328964,3.842229213969367,30.17708572522056,False,True,True,False,0.0,False,False,False,False,phase5b0_nominal_mpc
lhs_047,nominal_mpc,255.0,0.2788073630600217,0.28283185425929486,6.687034113300496,3.836856954654771,30.261980403088746,True,True,True,False,0.374595099999965,False,True,False,False,phase5b0_nominal_mpc
lhs_047,nominal_mpc,260.0,0.2806166138540453,0.28583709907647764,6.687034113300496,3.8380490210788376,30.346280095433457,False,True,True,False,0.0,False,False,False,False,phase5b0_nominal_mpc
lhs_047,nominal_mpc,265.0,0.2824258646480689,0.2867726539231385,6.687034113300496,3.839367536022306,30.430048060983665,False,True,True,False,0.0,False,False,False,False,phase5b0_nominal_mpc
lhs_047,nominal_mpc,270.0,0.2842351154420925,0.2886784822050687,6.687034113300496,3.8407851780246354,30.51333344506554,False,True,True,False,0.0,False,False,False,False,phase5b0_nominal_mpc
lhs_047,nominal_mpc,275.0,0.2860443662361161,0.29127804814462666,6.687034113300496,3.842280848694348,30.596174418434792,False,True,True,False,0.0,False,False,False,False,phase5b0_nominal_mpc
lhs_047,nominal_mpc,280.0,0.2877764113800819,0.2923185362146729,6.40168018813907,3.8376074471334127,30.67122539151982,True,True,True,False,0.3906607999999778,False,True,False,False,phase5b0_nominal_mpc
lhs_047,nominal_mpc,285.0,0.2895084565240477,0.2943633091942007,6.40168018813907,3.838632369437138,30.745685478733094,False,True,True,False,0.0,False,False,False,False,phase5b0_nominal_mpc
lhs_047,nominal_mpc,290.0,0.2912405016680135,0.29498939213788183,6.40168018813907,3.839788144813141,30.81961540075602,False,True,True,False,0.0,False,False,False,False,phase5b0_nominal_mpc
lhs_047,nominal_mpc,295.0,0.2929725468119793,0.29670947038488754,6.40168018813907,3.841047966147674,30.893062668781003,False,True,True,False,0.0,False,False,False,False,phase5b0_nominal_mpc
lhs_047,nominal_mpc,300.0,0.2947045919559451,0.2978726788696333,6.40168018813907,3.842391091130814,30.96606450942304,False,True,True,False,0.0,False,False,False,False,phase5b0_nominal_mpc
lhs_047,nominal_mpc,305.0,0.2964130623489509,0.30044427395448586,6.314547345968624,3.8418983522278958,31.036449972698215,True,True,True,False,0.11111140000002706,False,True,False,False,phase5b0_nominal_mpc
lhs_047,nominal_mpc,310.0,0.29812153274195663,0.3014929734275503,6.314547345968624,3.843185415229857,31.106382756010227,False,True,True,False,0.0,False,False,False,False,phase5b0_nominal_mpc
lhs_047,nominal_mpc,315.0,0.2998300031349624,0.30291755455093683,6.314547345968624,3.8445457277076662,31.175893833343707,False,True,True,False,0.0,False,False,False,False,phase5b0_nominal_mpc
lhs_047,nominal_mpc,320.0,0.30153847352796814,0.304719474951452,6.314547345968624,3.8459591267125686,31.24500760641315,False,True,True,False,0.0,False,False,False,False,phase5b0_nominal_mpc
lhs_047,nominal_mpc,325.0,0.3032469439209739,0.30676007154742935,6.314547345968624,3.847404942558657,31.313743354277648,False,True,True,False,0.0,False,False,False,False,phase5b0_nominal_mpc
lhs_047,nominal_mpc,330.0,0.30492470733640026,0.3088441612588596,6.201053623999133,3.8463956586536128,31.37928653709087,True,True,True,False,0.12717259999999442,False,True,False,False,phase5b0_nominal_mpc
lhs_047,nominal_mpc,335.0,0.3066024707518266,0.309442369636554,6.201053623999133,3.847651050861187,31.4444028611859,False,True,True,False,0.0,False,False,False,False,phase5b0_nominal_mpc
lhs_047,nominal_mpc,340.0,0.308280234167253,0.30957771758418207,6.201053623999133,3.8489555478859465,31.509118716261632,False,True,True,False,0.0,False,False,False,False,phase5b0_nominal_mpc
lhs_047,nominal_mpc,345.0,0.30995799758267933,0.3107117999034674,6.201053623999133,3.850297482862869,31.57345502635036,False,True,True,False,0.0,False,False,False,False,phase5b0_nominal_mpc
lhs_047,nominal_mpc,350.0,0.3116357609981057,0.3121273577808658,6.201053623999133,3.851667771551171,31.637428455452863,False,True,True,False,0.0,False,False,False,False,phase5b0_nominal_mpc
lhs_047,nominal_mpc,355.0,0.31328776718626405,0.3145069629935856,6.105854297308884,3.850980227761541,31.698710267605833,True,True,True,False,0.12870549999991,False,True,False,False,phase5b0_nominal_mpc
lhs_047,nominal_mpc,360.0,0.3149397733744224,0.31637799789571186,6.105854297308884,3.8521934160784306,31.759590476610924,False,True,True,False,0.0,False,False,False,False,phase5b0_nominal_mpc
lhs_047,nominal_mpc,365.0,0.3165917795625808,0.3184642628516376,6.105854297308884,3.853448859353316,31.820091558932273,False,True,True,False,0.0,False,False,False,False,phase5b0_nominal_mpc
lhs_047,nominal_mpc,370.0,0.31824378575073914,0.31979692176294994,6.105854297308884,3.854736737113941,31.880231453556323,False,True,True,False,0.0,False,False,False,False,phase5b0_nominal_mpc
lhs_047,nominal_mpc,375.0,0.3198957919388975,0.321128835443088,6.105854297308884,3.8560494002462873,31.940024560096713,False,True,True,False,0.0,False,False,False,False,phase5b0_nominal_mpc
lhs_047,nominal_mpc,380.0,0.3215158017344751,0.32332852999879963,5.987594866721942,3.854798522688639,31.99661333704495,True,True,True,False,0.11889490000010028,False,True,False,False,phase5b0_nominal_mpc
lhs_047,nominal_mpc,385.0,0.32313581153005266,0.3246645410025652,5.987594866721942,3.8559033506000935,32.052800164313204,False,True,True,False,0.0,False,False,False,False,phase5b0_nominal_mpc
lhs_047,nominal_mpc,390.0,0.32475582132563025,0.3251964624501894,5.987594866721942,3.857056929665431,32.1086096028963,False,True,True,False,0.0,False,False,False,False,phase5b0_nominal_mpc
lhs_047,nominal_mpc,395.0,0.3263758311212078,0.3266327344080471,5.987594866721942,3.8582483767620843,32.16406129019629,False,True,True,False,0.0,False,False,False,False,phase5b0_nominal_mpc
lhs_047,nominal_mpc,400.0,0.3279958409167854,0.329107454605437,5.987594866721942,3.859469205584753,32.219171021868455,False,True,True,False,0.0,False,False,False,False,phase5b0_nominal_mpc
lhs_047,nominal_mpc,405.0,0.32955674032613097,0.33000114469055486,5.769121468512167,3.8559426784500306,32.26876443736606,True,True,True,False,0.13489530000003924,False,True,False,False,phase5b0_nominal_mpc
lhs_047,nominal_mpc,410.0,0.33111763973547653,0.33166922343378463,5.769121468512167,3.856759432081206,32.31790440971401,False,True,True,False,0.0,False,False,False,False,phase5b0_nominal_mpc
lhs_047,nominal_mpc,415.0,0.3326785391448221,0.33353132008006614,5.769121468512167,3.8576602127937516,32.3666293656772,False,True,True,False,0.0,False,False,False,False,phase5b0_nominal_mpc
lhs_047,nominal_mpc,420.0,0.33423943855416766,0.33601743296521464,5.769121468512167,3.8586269467053236,32.41496989040482,False,True,True,False,0.0,False,False,False,False,phase5b0_nominal_mpc
lhs_047,nominal_mpc,425.0,0.3358003379635132,0.33709740135378125,5.769121468512167,3.8596455192832932,32.46295045200353,False,True,True,False,0.0,False,False,False,False,phase5b0_nominal_mpc
lhs_047,nominal_mpc,430.0,0.3372972956636492,0.339911376759118,5.5327913852756625,3.8555454010629906,32.50515241877761,True,True,True,False,0.3968997000000627,False,True,False,False,phase5b0_nominal_mpc
lhs_047,nominal_mpc,435.0,0.33879425336378516,0.340810582438972,5.5327913852756625,3.8561566653664254,32.54689236437725,False,True,True,False,0.0,False,False,False,False,phase5b0_nominal_mpc
lhs_047,nominal_mpc,440.0,0.34029121106392113,0.34168932737288416,5.5327913852756625,3.8568695517479736,32.58821402404484,False,True,True,False,0.0,False,False,False,False,phase5b0_nominal_mpc
lhs_047,nominal_mpc,445.0,0.3417881687640571,0.3432570215280769,5.5327913852756625,3.8576626365578828,32.629152233644845,False,True,True,False,0.0,False,False,False,False,phase5b0_nominal_mpc
lhs_047,nominal_mpc,450.0,0.34328512646419307,0.344518220905581,5.5327913852756625,3.85851917663622,32.66973488296761,False,True,True,False,0.0,False,False,False,False,phase5b0_nominal_mpc
lhs_047,nominal_mpc,455.0,0.34478503386697323,0.3462283104340086,5.543693556644617,3.859664080397708,32.71023019081297,True,True,True,False,0.13919019999991633,False,True,False,False,phase5b0_nominal_mpc
lhs_047,nominal_mpc,460.0,0.3462849412697534,0.3472751597883839,5.543693556644617,3.8606332659570524,32.75041691100386,False,True,True,False,0.0,False,False,False,False,phase5b0_nominal_mpc
lhs_047,nominal_mpc,465.0,0.34778484867253356,0.3485819573472579,5.543693556644617,3.8616310748558056,32.790308475918664,False,True,True,False,0.0,False,False,False,False,phase5b0_nominal_mpc
lhs_047,nominal_mpc,470.0,0.34928475607531373,0.3502176975255602,5.543693556644617,3.8626519939312436,32.82991599907908,False,True,True,False,0.0,False,False,False,False,phase5b0_nominal_mpc
lhs_047,nominal_mpc,475.0,0.3507846634780939,0.35088810096857914,5.543693556644617,3.8636917085889606,32.86924876938111,False,True,True,False,0.0,False,False,False,False,phase5b0_nominal_mpc
lhs_047,nominal_mpc,480.0,0.35224560011535305,0.35356232359587464,5.399656677223993,3.861602677662379,32.90510495410087,True,True,True,False,0.13270180000006349,False,True,False,False,phase5b0_nominal_mpc
lhs_047,nominal_mpc,485.0,0.3537065367526122,0.3546346262530359,5.399656677223993,3.862378203426084,32.94061850388819,False,True,True,False,0.0,False,False,False,False,phase5b0_nominal_mpc
lhs_047,nominal_mpc,490.0,0.35516747338987137,0.35564503967037686,5.399656677223993,3.863210783116456,32.975813684596,False,True,True,False,0.0,False,False,False,False,phase5b0_nominal_mpc
lhs_047,nominal_mpc,495.0,0.3566284100271305,0.3560357715503579,5.399656677223993,3.8640889324184595,33.01071008845881,False,True,True,False,0.0,False,False,False,False,phase5b0_nominal_mpc
lhs_047,nominal_mpc,500.0,0.3580893466643897,0.35705793257780205,5.399656677223993,3.8650036683296434,33.045323654487234,False,True,True,False,0.0,False,False,False,False,phase5b0_nominal_mpc
lhs_047,nominal_mpc,505.0,0.3594926943272261,0.35905868235181543,5.186806453370475,3.8613018649835857,33.075050111763055,True,True,True,False,0.1224606999999196,False,True,False,False,phase5b0_nominal_mpc
lhs_047,nominal_mpc,510.0,0.3608960419900625,0.36086751348981316,5.186806453370475,3.861838303733081,33.104401909733284,False,True,True,False,0.0,False,False,False,False,phase5b0_nominal_mpc
lhs_047,nominal_mpc,515.0,0.3622993896528989,0.36259813939150537,5.186806453370475,3.8624629578080603,33.13341413745148,False,True,True,False,0.0,False,False,False,False,phase5b0_nominal_mpc
lhs_047,nominal_mpc,520.0,0.36370273731573527,0.3642258852251273,5.186806453370475,3.8631578820986037,33.16211489388724,False,True,True,False,0.0,False,False,False,False,phase5b0_nominal_mpc
lhs_047,nominal_mpc,525.0,0.36510608497857167,0.3642490777943037,5.186806453370475,3.8639090389757813,33.19052681824375,False,True,True,False,0.0,False,False,False,False,phase5b0_nominal_mpc
lhs_047,nominal_mpc,530.0,0.3664760049673247,0.36578233168945384,5.063256972191889,3.862008664925005,33.216063693591686,True,True,True,False,0.29787150000004203,False,True,False,False,phase5b0_nominal_mpc
lhs_047,nominal_mpc,535.0,0.3678459249560777,0.36743887008530146,5.063256972191889,3.8625910558608614,33.24128024166508,False,True,True,False,0.0,False,False,False,False,phase5b0_nominal_mpc
lhs_047,nominal_mpc,540.0,0.36921584494483073,0.36844315491197827,5.063256972191889,3.86324308123679,33.266203487305745,False,True,True,False,0.0,False,False,False,False,phase5b0_nominal_mpc
lhs_047,nominal_mpc,545.0,0.37058576493358375,0.3699408884794047,5.063256972191889,3.8639510028202206,33.290855229368276,False,True,True,False,0.0,False,False,False,False,phase5b0_nominal_mpc
lhs_047,nominal_mpc,550.0,0.37195568492233677,0.3711551351769224,5.063256972191889,3.864704065077104,33.315253177486674,False,True,True,False,0.0,False,False,False,False,phase5b0_nominal_mpc
lhs_047,nominal_mpc,555.0,0.373296966045963,0.37216519440972706,4.957407043203766,3.8631834193341343,33.337228469762266,True,True,True,False,0.22166709999999057,False,True,False,False,phase5b0_nominal_mpc
lhs_047,nominal_mpc,560.0,0.37463824716958927,0.3731729195636911,4.957407043203766,3.863788561387564,33.35892195776257,False,True,True,False,0.0,False,False,False,False,phase5b0_nominal_mpc
lhs_047,nominal_mpc,565.0,0.3759795282932155,0.37501951478578305,4.957407043203766,3.864452653929985,33.38035596802922,False,True,True,False,0.0,False,False,False,False,phase5b0_nominal_mpc
lhs_047,nominal_mpc,570.0,0.37732080941684176,0.3753937702217413,4.957407043203766,3.8651643827607964,33.40154860924024,False,True,True,False,0.0,False,False,False,False,phase5b0_nominal_mpc
lhs_047,nominal_mpc,575.0,0.378662090540468,0.37727303697743436,4.957407043203766,3.865914883770652,33.42251468686936,False,True,True,False,0.0,False,False,False,False,phase5b0_nominal_mpc
lhs_047,nominal_mpc,580.0,0.38000095194307465,0.37780812196271524,4.948463696567593,3.866501996328592,33.443084558497574,True,True,True,False,0.1902517999999418,False,True,False,False,phase5b0_nominal_mpc
lhs_047,nominal_mpc,585.0,0.3813398133456813,0.3777659734059798,4.948463696567593,3.867292541774241,33.46344562875289,False,True,True,False,0.0,False,False,False,False,phase5b0_nominal_mpc
lhs_047,nominal_mpc,590.0,0.38267867474828793,0.3791778349242006,4.948463696567593,3.8681080444975238,33.48360749565512,False,True,True,False,0.0,False,False,False,False,phase5b0_nominal_mpc
lhs_047,nominal_mpc,595.0,0.38401753615089457,0.3814457226198719,4.948463696567593,3.8689445218013563,33.50357825993914,False,True,True,False,0.0,False,False,False,False,phase5b0_nominal_mpc
lhs_047,nominal_mpc,600.0,0.3853563975535012,0.38288530640064794,4.948463696567593,3.8697988393346088,33.523364838799395,False,True,True,False,0.0,False,False,False,False,phase5b0_nominal_mpc
lhs_047,nominal_mpc,605.0,0.3867035111689333,0.38516670441943207,4.978964072113386,3.8713342865967793,33.54359132208539,True,True,True,False,0.4411753999999064,False,True,False,False,phase5b0_nominal_mpc
lhs_047,nominal_mpc,610.0,0.3880506247843654,0.386395994682994,4.978964072113386,3.872279295027845,33.56366085176015,False,True,True,False,0.0,False,False,False,False,phase5b0_nominal_mpc
lhs_047,nominal_mpc,615.0,0.3893977383997975,0.38865684068051803,4.978964072113386,3.873226379615987,33.583574460386664,False,True,True,False,0.0,False,False,False,False,phase5b0_nominal_mpc
lhs_047,nominal_mpc,620.0,0.3907448520152296,0.38883390199139384,4.978964072113386,3.8741764004833854,33.60333347460001,False,True,True,False,0.0,False,False,False,False,phase5b0_nominal_mpc
lhs_047,nominal_mpc,625.0,0.39209196563066173,0.3895563155246909,4.978964072113386,3.8751300116903957,33.62293943609733,False,True,True,False,0.0,False,False,False,False,phase5b0_nominal_mpc
lhs_047,nominal_mpc,630.0,0.393486970052743,0.39171217931939256,5.155969636424396,3.879951508908303,33.64601887817812,True,True,True,False,0.7234730000000127,False,True,False,False,phase5b0_nominal_mpc
lhs_047,nominal_mpc,635.0,0.3948819744748243,0.3933988312506057,5.155969636424396,3.8812730697556783,33.6690464161112,False,True,True,False,0.0,False,False,False,False,phase5b0_nominal_mpc
lhs_047,nominal_mpc,640.0,0.3962769788969056,0.394391218372787,5.155969636424396,3.8825425327179306,33.692002182574285,False,True,True,False,0.0,False,False,False,False,phase5b0_nominal_mpc
lhs_047,nominal_mpc,645.0,0.3976719833189869,0.3954260383103266,5.155969636424396,3.8837722114831448,33.71487102691222,False,True,True,False,0.0,False,False,False,False,phase5b0_nominal_mpc
lhs_047,nominal_mpc,650.0,0.3990669877410682,0.3968120717225398,5.155969636424396,3.8849717191664594,33.737641462025806,False,True,True,False,0.0,False,False,False,False,phase5b0_nominal_mpc
lhs_047,nominal_mpc,655.0,0.40044124492115907,0.3997708214531236,5.079287334885661,3.88447444797975,33.758722412585264,True,True,True,False,0.2160214000000451,False,True,False,False,phase5b0_nominal_mpc
lhs_047,nominal_mpc,660.0,0.40181550210124994,0.4008181001023196,5.079287334885661,3.885476254609013,33.779647623179955,False,True,True,False,0.0,False,False,False,False,phase5b0_nominal_mpc
lhs_047,nominal_mpc,665.0,0.4031897592813408,0.40199041863369867,5.079287334885661,3.886487472171437,33.80042178959691,False,True,True,False,0.0,False,False,False,False,phase5b0_nominal_mpc
lhs_047,nominal_mpc,670.0,0.4045640164614317,0.40342382070674293,5.079287334885661,3.8875064163924713,33.821048937708305,False,True,True,False,0.0,False,False,False,False,phase5b0_nominal_mpc
lhs_047,nominal_mpc,675.0,0.4059382736415226,0.4034815227006384,5.079287334885661,3.8885317656990313,33.84153256759245,False,True,True,False,0.0,False,False,False,False,phase5b0_nominal_mpc
lhs_047,nominal_mpc,680.0,0.4072783584295107,0.4058525559160734,4.952985358134146,3.8868055481765054,33.859308861337965,True,True,True,False,0.3436596000000236,False,True,False,False,phase5b0_nominal_mpc
lhs_047,nominal_mpc,685.0,0.40861844321749885,0.4069418014309677,4.952985358134146,3.8875845489900582,33.87688055729202,False,True,True,False,0.0,False,False,False,False,phase5b0_nominal_mpc
lhs_047,nominal_mpc,690.0,0.409958528005487,0.40753301640418094,4.952985358134146,3.8884081238736012,33.89426502595264,False,True,True,False,0.0,False,False,False,False,phase5b0_nominal_mpc
lhs_047,nominal_mpc,695.0,0.4112986127934751,0.40892961074385126,4.952985358134146,3.8892671239051233,33.91147622629435,False,True,True,False,0.0,False,False,False,False,phase5b0_nominal_mpc
lhs_047,nominal_mpc,700.0,0.41263869758146327,0.41041377287507247,4.952985358134146,3.8901543932145,33.928525452493055,False,True,True,False,0.0,False,False,False,False,phase5b0_nominal_mpc
lhs_047,nominal_mpc,705.0,0.4139905950011977,0.4130770891095691,4.996645126982379,3.892017290682798,33.94630043287173,True,True,True,False,0.5145791000001054,False,True,False,False,phase5b0_nominal_mpc
lhs_047,nominal_mpc,710.0,0.4153424924209322,0.41338118360065923,4.996645126982379,3.8930340560626493,33.96395340088357,False,True,True,False,0.0,False,False,False,False,phase5b0_nominal_mpc
lhs_047,nominal_mpc,715.0,0.41669438984066665,0.4146183773857789,4.996645126982379,3.894051624868662,33.98148547066038,False,True,True,False,0.0,False,False,False,False,phase5b0_nominal_mpc
lhs_047,nominal_mpc,720.0,0.4180462872604011,0.41604835594712897,4.996645126982379,3.895070295291031,33.99889784736124,False,True,True,False,0.0,False,False,False,False,phase5b0_nominal_mpc
lhs_047,nominal_mpc,725.0,0.41939818468013557,0.4177596573420288,4.996645126982379,3.8960902940163584,34.016191796848354,False,True,True,False,0.0,False,False,False,False,phase5b0_nominal_mpc
lhs_047,nominal_mpc,730.0,0.4206464200422186,0.41881183311297204,4.613507687960723,3.8887494469395474,34.02584305093707,True,True,True,False,0.4633760000000393,False,True,False,False,phase5b0_nominal_mpc
lhs_047,nominal_mpc,735.0,0.4218946554043016,0.4198207645692602,4.613507687960723,3.8889959211411824,34.035190510742815,False,True,True,False,0.0,False,False,False,False,phase5b0_nominal_mpc
lhs_047,nominal_mpc,740.0,0.4231428907663846,0.42197715459049245,4.613507687960723,3.889367388518072,34.04427765889971,False,True,True,False,0.0,False,False,False,False,phase5b0_nominal_mpc
lhs_047,nominal_mpc,745.0,0.42439112612846763,0.4234598177990238,4.613507687960723,3.889837701132027,34.053138936932484,False,True,True,False,0.0,False,False,False,False,phase5b0_nominal_mpc
lhs_047,nominal_mpc,750.0,0.42563936149055065,0.4250490904436444,4.613507687960723,3.8903864135337836,34.06180173821515,False,True,True,False,0.0,False,False,False,False,phase5b0_nominal_mpc
lhs_047,nominal_mpc,755.0,0.42678578313084065,0.42714847458069755,4.237201742383261,3.8827845285234917,34.06334807021013,True,True,True,False,0.47782519999998385,False,True,False,False,phase5b0_nominal_mpc
lhs_047,nominal_mpc,760.0,0.42793220477113064,0.42764592653454936,4.237201742383261,3.882682933989735,34.064573842709365,False,True,True,False,0.0,False,False,False,False,phase5b0_nominal_mpc
lhs_047,nominal_mpc,765.0,0.42907862641142064,0.42884295660499494,4.237201742383261,3.8827424699561037,34.06553016105071,False,True,True,False,0.0,False,False,False,False,phase5b0_nominal_mpc
lhs_047,nominal_mpc,770.0,0.43022504805171063,0.4300014381882952,4.237201742383261,3.882929713983378,34.06625753225305,False,True,True,False,0.0,False,False,False,False,phase5b0_nominal_mpc
lhs_047,nominal_mpc,775.0,0.43137146969200063,0.43118542458629067,4.237201742383261,3.8832185217262394,34.066788193170645,False,True,True,False,0.0,False,False,False,False,phase5b0_nominal_mpc
lhs_047,nominal_mpc,780.0,0.43137146969200063,0.4322206179628407,0.0,3.791111548681221,34.01577633763999,True,False,False,True,5.500136300000008,False,True,False,True,phase5b0_nominal_mpc
lhs_047,nominal_mpc,785.0,0.4319125917390454,0.4326690709858764,1.999999999999999,3.8266104893632855,33.98223887429892,True,True,True,False,1.307377699999961,False,True,False,True,phase5b0_nominal_mpc
lhs_047,nominal_mpc,790.0,0.43267451040847216,0.4332922314692853,2.816069585735286,3.8417377452191013,33.95828594250629,True,True,True,False,1.5389100999999528,False,True,False,False,phase5b0_nominal_mpc
lhs_047,nominal_mpc,795.0,0.4334364290778989,0.4341921550001487,2.816069585735286,3.841180095220083,33.93422163470949,False,True,True,False,0.0,False,False,False,False,phase5b0_nominal_mpc
lhs_047,nominal_mpc,800.0,0.4341983477473257,0.4345192231673707,2.816069585735286,3.8407347245037684,33.91006901837048,False,True,True,False,0.0,False,False,False,False,phase5b0_nominal_mpc
lhs_047,nominal_mpc,805.0,0.43496026641675245,0.4345915806584678,2.816069585735286,3.8403811590569252,33.8858469020942,False,True,True,False,0.0,False,False,False,False,phase5b0_nominal_mpc
lhs_047,nominal_mpc,810.0,0.4357221850861792,0.4354579537654386,2.816069585735286,3.8401032983812526,33.86157071060117,False,True,True,False,0.0,False,False,False,False,phase5b0_nominal_mpc
lhs_047,nominal_mpc,815.0,0.4369705912316936,0.4360537401585169,4.614138907598878,3.879130965352665,33.86453635847181,True,True,True,False,1.7584907000000385,False,True,False,False,phase5b0_nominal_mpc
lhs_047,nominal_mpc,820.0,0.43821899737720793,0.43584759852249183,4.614138907598878,3.8826123474147125,33.8683101073964,False,True,True,False,0.0,False,False,False,False,phase5b0_nominal_mpc
lhs_047,nominal_mpc,825.0,0.4394674035227223,0.4374112869195605,4.614138907598878,3.885560761799208,33.872708757990424,False,True,True,False,0.0,False,False,False,False,phase5b0_nominal_mpc
lhs_047,nominal_mpc,830.0,0.44071580966823665,0.43912458638018903,4.614138907598878,3.8880929452693613,33.87758935333349,False,True,True,False,0.0,False,False,False,False,phase5b0_nominal_mpc
lhs_047,nominal_mpc,835.0,0.441964215813751,0.4400294790760847,4.614138907598878,3.8903000617157515,33.882840269380495,False,True,True,False,0.0,False,False,False,False,phase5b0_nominal_mpc
lhs_047,nominal_mpc,840.0,0.441964215813751,0.4419203152103322,0.0,3.791550852894872,33.83271278263617,True,False,False,True,2.0541409999999587,False,True,False,True,phase5b0_nominal_mpc
lhs_047,nominal_mpc,845.0,0.441964215813751,0.44268913982670954,0.0,3.783956693833603,33.7828260448522,True,False,False,True,5.566844199999991,False,True,False,False,phase5b0_nominal_mpc
lhs_047,nominal_mpc,850.0,0.441964215813751,0.44265274139789573,0.0,3.7776908522645374,33.73317914359842,False,False,False,True,0.0,False,False,False,False,phase5b0_nominal_mpc
lhs_047,nominal_mpc,855.0,0.441964215813751,0.4428249721748737,0.0,3.7724715965874336,33.68377092583168,False,False,False,True,0.0,False,False,False,False,phase5b0_nominal_mpc
lhs_047,nominal_mpc,860.0,0.441964215813751,0.4432359946677051,0.0,3.768078679053426,33.63460024405223,False,False,False,True,0.0,False,False,False,False,phase5b0_nominal_mpc
lhs_047,nominal_mpc,865.0,0.441964215813751,0.4437381942280797,0.0,3.7643398678570663,33.58566595627705,False,False,False,True,0.0,False,False,False,False,phase5b0_nominal_mpc
lhs_047,nominal_mpc,870.0,0.44250533786079577,0.4443905407656308,1.9999999999999998,3.8047699352569784,33.54996660371582,True,True,True,False,1.452089399999977,False,True,False,True,phase5b0_nominal_mpc
lhs_047,nominal_mpc,875.0,0.4431361484270278,0.44458790986395835,2.3314909073733445,3.813251493786251,33.51775514000846,True,True,True,False,0.938374500000009,False,True,False,False,phase5b0_nominal_mpc
lhs_047,nominal_mpc,880.0,0.44376695899325985,0.4454619863670892,2.3314909073733445,3.814858456915369,33.48589344469224,False,True,True,False,0.0,False,False,False,False,phase5b0_nominal_mpc
lhs_047,nominal_mpc,885.0,0.4443977695594919,0.4454637367480951,2.3314909073733445,3.8161194186400214,33.45432072127144,False,True,True,False,0.0,False,False,False,False,phase5b0_nominal_mpc
lhs_047,nominal_mpc,890.0,0.44502858012572394,0.4452884293468329,2.3314909073733445,3.8171132514211092,33.42298989007354,False,True,True,False,0.0,False,False,False,False,phase5b0_nominal_mpc
lhs_047,nominal_mpc,895.0,0.445659390691956,0.44499612895343205,2.3314909073733445,3.8179014580092736,33.39186455676385,False,True,True,False,0.0,False,False,False,False,phase5b0_nominal_mpc
lhs_047,nominal_mpc,900.0,0.4468313233052328,0.444728139346827,4.331490907373346,3.862181661203948,33.38669327268092,True,True,True,False,2.4471515999999838,False,True,False,True,phase5b0_nominal_mpc
lhs_047,nominal_mpc,905.0,0.44830393031641547,0.44481043002462767,5.442790657764074,3.8909985152497044,33.40181182722617,True,True,True,False,2.395276200000012,False,True,False,False,phase5b0_nominal_mpc
lhs_047,nominal_mpc,910.0,0.44977653732759815,0.4476404955304788,5.442790657764074,3.8970793486818884,33.4187551733855,False,True,True,False,0.0,False,False,False,False,phase5b0_nominal_mpc
lhs_047,nominal_mpc,915.0,0.4512491443387808,0.4497650505995917,5.442790657764074,3.902228583933371,33.43714555898384,False,True,True,False,0.0,False,False,False,False,phase5b0_nominal_mpc
lhs_047,nominal_mpc,920.0,0.4527217513499635,0.45139775276001365,5.442790657764074,3.906646840924588,33.45668666593937,False,True,True,False,0.0,False,False,False,False,phase5b0_nominal_mpc
lhs_047,nominal_mpc,925.0,0.4541943583611462,0.4534730134486007,5.442790657764074,3.910490889532111,33.47714574391813,False,True,True,False,0.0,False,False,False,False,phase5b0_nominal_mpc
lhs_047,nominal_mpc,930.0,0.4542950448140576,0.45513086423122573,0.37213953288820356,3.8032146198063055,33.43123984931708,True,False,False,True,3.963624199999913,False,True,False,True,phase5b0_nominal_mpc
lhs_047,nominal_mpc,935.0,0.4542950448140576,0.45583170748497864,0.0,3.7878513978423616,33.38328325130653,True,False,False,True,6.216913800000043,False,True,False,False,phase5b0_nominal_mpc
lhs_047,nominal_mpc,940.0,0.4542950448140576,0.4553943110401307,0.0,3.7812042778984245,33.33555720039339,False,False,False,True,0.0,False,False,False,False,phase5b0_nominal_mpc
lhs_047,nominal_mpc,945.0,0.4542950448140576,0.45553391107554864,0.0,3.7757367436930838,33.28806059824677,False,False,False,True,0.0,False,False,False,False,phase5b0_nominal_mpc
lhs_047,nominal_mpc,950.0,0.4542950448140576,0.45583201762753156,0.0,3.771198016714709,33.24079234176397,False,False,False,True,0.0,False,False,False,False,phase5b0_nominal_mpc
lhs_047,nominal_mpc,955.0,0.4542950448140576,0.456492321222877,0.0,3.7673920643462133,33.193751333145556,False,False,False,True,0.0,False,False,False,False,phase5b0_nominal_mpc
lhs_047,nominal_mpc,960.0,0.45483616686110234,0.45701314160465195,1.999999999999999,3.807816199816422,33.159018585799544,True,True,True,False,1.1097486999999546,False,True,False,True,phase5b0_nominal_mpc
lhs_047,nominal_mpc,965.0,0.45591841095519187,0.45795461834192364,3.999999999999999,3.8527536457881126,33.147274953080704,True,True,True,False,1.29417669999998,False,True,False,True,phase5b0_nominal_mpc
lhs_047,nominal_mpc,970.0,0.45747916240421305,0.45941166922825283,5.768574603622159,3.8964172681148597,33.16612274840263,True,True,True,False,1.4228361000000405,False,True,False,False,phase5b0_nominal_mpc
lhs_047,nominal_mpc,975.0,0.4590399138532342,0.46140351599501306,5.768574603622159,3.904209805377019,33.18756587103281,False,True,True,False,0.0,False,False,False,False,phase5b0_nominal_mpc
lhs_047,nominal_mpc,980.0,0.4606006653022554,0.4631597560289247,5.768574603622159,3.9107642731030494,33.21107199854021,False,True,True,False,0.0,False,False,False,False,phase5b0_nominal_mpc
lhs_047,nominal_mpc,985.0,0.4621614167512766,0.4642650753641358,5.768574603622159,3.916347161171289,33.23622346861028,False,True,True,False,0.0,False,False,False,False,phase5b0_nominal_mpc
lhs_047,nominal_mpc,990.0,0.46372216820029777,0.4661285374881848,5.768574603622159,3.9211667158213994,33.262692118829484,False,True,True,False,0.0,False,False,False,False,phase5b0_nominal_mpc
lhs_047,nominal_mpc,995.0,0.4652042802896564,0.4677176580866252,5.477921653545305,3.919041765071592,33.28437148668822,True,True,True,False,1.3151333999999224,False,True,False,False,phase5b0_nominal_mpc
lhs_047,nominal_mpc,1000.0,0.466686392379015,0.46982352748307926,5.477921653545305,3.922197873996573,33.3066804039003,False,True,True,False,0.0,False,False,False,False,phase5b0_nominal_mpc
lhs_047,nominal_mpc,1005.0,0.4681685044683736,0.47176422666583123,5.477921653545305,3.925073457310372,33.3295042573574,False,True,True,False,0.0,False,False,False,False,phase5b0_nominal_mpc
lhs_047,nominal_mpc,1010.0,0.4696506165577322,0.4748936173018593,5.477921653545305,3.9277264679116994,33.35275204657624,False,True,True,False,0.0,False,False,False,False,phase5b0_nominal_mpc
lhs_047,nominal_mpc,1015.0,0.4711327286470908,0.4763646642685164,5.477921653545305,3.930202281203772,33.37635127340205,False,True,True,False,0.0,False,False,False,False,phase5b0_nominal_mpc
lhs_047,nominal_mpc,1020.0,0.4725907457767097,0.4774773339262599,5.388866107310104,3.930592569270754,33.39845147182822,True,True,True,False,0.4308125000000018,False,True,False,False,phase5b0_nominal_mpc
lhs_047,nominal_mpc,1025.0,0.4740487629063285,0.4783433094669563,5.388866107310104,3.9326322120915234,33.420739634676664,False,True,True,False,0.0,False,False,False,False,phase5b0_nominal_mpc
lhs_047,nominal_mpc,1030.0,0.4755067800359474,0.48029461688989333,5.388866107310104,3.934608543883589,33.44319011264185,False,True,True,False,0.0,False,False,False,False,phase5b0_nominal_mpc
lhs_047,nominal_mpc,1035.0,0.4769647971655662,0.4808405500883416,5.388866107310104,3.936532668860241,33.465781686932274,False,True,True,False,0.0,False,False,False,False,phase5b0_nominal_mpc
lhs_047,nominal_mpc,1040.0,0.4784228142951851,0.48376845855384104,5.388866107310104,3.938413361273179,33.48849664091222,False,True,True,False,0.0,False,False,False,False,phase5b0_nominal_mpc
lhs_047,nominal_mpc,1045.0,0.47982257981888116,0.4848085708418363,5.173566781618637,3.9355577537970636,33.507022013987026,True,True,True,False,0.38598830000000817,False,True,False,False,phase5b0_nominal_mpc
lhs_047,nominal_mpc,1050.0,0.48122234534257724,0.4852452164420452,5.173566781618637,3.93693366979494,33.52551265540852,False,True,True,False,0.0,False,False,False,False,phase5b0_nominal_mpc
lhs_047,nominal_mpc,1055.0,0.4826221108662733,0.48687149827360465,5.173566781618637,3.938352104056333,33.54398463566258,False,True,True,False,0.0,False,False,False,False,phase5b0_nominal_mpc
lhs_047,nominal_mpc,1060.0,0.4840218763899694,0.48757119507135116,5.173566781618637,3.939801861740706,33.5624496714078,False,True,True,False,0.0,False,False,False,False,phase5b0_nominal_mpc
lhs_047,nominal_mpc,1065.0,0.4854216419136655,0.4895733823112397,5.173566781618637,3.9412742794616267,33.58091611961544,False,True,True,False,0.0,False,False,False,False,phase5b0_nominal_mpc
lhs_047,nominal_mpc,1070.0,0.48676376927456544,0.4913088381328711,4.960534756363169,3.9381119704370784,33.595240358147,True,True,True,False,0.4857770999999502,False,True,False,False,phase5b0_nominal_mpc
lhs_047,nominal_mpc,1075.0,0.4881058966354654,0.49147736841101636,4.960534756363169,3.9391780546725106,33.60945581557034,False,True,True,False,0.0,False,False,False,False,phase5b0_nominal_mpc
lhs_047,nominal_mpc,1080.0,0.48944802399636533,0.4923936399576169,4.960534756363169,3.94031932825118,33.62358987338005,False,True,True,False,0.0,False,False,False,False,phase5b0_nominal_mpc
lhs_047,nominal_mpc,1085.0,0.4907901513572653,0.4941102683832434,4.960534756363169,3.941518201225869,33.63766337544203,False,True,True,False,0.0,False,False,False,False,phase5b0_nominal_mpc
lhs_047,nominal_mpc,1090.0,0.49213227871816523,0.49524618483594346,4.960534756363169,3.942760994361845,33.65169209128984,False,True,True,False,0.0,False,False,False,False,phase5b0_nominal_mpc
lhs_047,nominal_mpc,1095.0,0.4932601890191167,0.49693259828008013,4.168783390406542,3.9267508531553164,33.651306609905255,True,True,True,False,0.39723749999996016,False,True,False,False,phase5b0_nominal_mpc
lhs_047,nominal_mpc,1100.0,0.4943880993200682,0.49846732857310694,4.168783390406542,3.9264406968910865,33.650535814265695,False,True,True,False,0.0,False,False,False,False,phase5b0_nominal_mpc
lhs_047,nominal_mpc,1105.0,0.4955160096210197,0.5004196816494088,4.168783390406542,3.9264030851320655,33.64946393462511,False,True,True,False,0.0,False,False,False,False,phase5b0_nominal_mpc
lhs_047,nominal_mpc,1110.0,0.4966439199219712,0.500900765616189,4.168783390406542,3.9265789044767567,33.64815676444603,False,True,True,False,0.0,False,False,False,False,phase5b0_nominal_mpc
lhs_047,nominal_mpc,1115.0,0.4977718302229227,0.5022041950873583,4.168783390406542,3.926921996850384,33.64666574693505,False,True,True,False,0.0,False,False,False,False,phase5b0_nominal_mpc
lhs_047,nominal_mpc,1120.0,0.4987881411384233,0.5023638957688346,3.7563093984102567,3.9183900776628455,33.63831569175238,True,True,True,False,1.5452626999999666,False,True,False,False,phase5b0_nominal_mpc
lhs_047,nominal_mpc,1125.0,0.4998044520539239,0.5033854313896986,3.7563093984102567,3.918127339023021,33.629698926016836,False,True,True,False,0.0,False,False,False,False,phase5b0_nominal_mpc
lhs_047,nominal_mpc,1130.0,0.5008207629694245,0.5042874903664437,3.7563093984102567,3.918077424265454,33.62087465197384,False,True,True,False,0.0,False,False,False,False,phase5b0_nominal_mpc
lhs_047,nominal_mpc,1135.0,0.501837073884925,0.5046354157990268,3.7563093984102567,3.9181938125591604,33.61188933210173,False,True,True,False,0.0,False,False,False,False,phase5b0_nominal_mpc
lhs_047,nominal_mpc,1140.0,0.5028533848004256,0.5052773280248741,3.7563093984102567,3.918441020774937,33.60277949522737,False,True,True,False,0.0,False,False,False,False,phase5b0_nominal_mpc
lhs_047,nominal_mpc,1145.0,0.5042648865226292,0.5062610734616492,5.2169440513919705,3.9506838975435166,33.61894518261147,True,True,True,False,1.640220099999965,False,True,False,False,phase5b0_nominal_mpc
lhs_047,nominal_mpc,1150.0,0.5056763882448329,0.5083572692807617,5.2169440513919705,3.9540895000107676,33.635847604643494,False,True,True,False,0.0,False,False,False,False,phase5b0_nominal_mpc
lhs_047,nominal_mpc,1155.0,0.5070878899670365,0.5099094515410308,5.2169440513919705,3.957089903570539,33.65332965786163,False,True,True,False,0.0,False,False,False,False,phase5b0_nominal_mpc
lhs_047,nominal_mpc,1160.0,0.5084993916892401,0.5110467049123949,5.2169440513919705,3.959771832086087,33.67126803413893,False,True,True,False,0.0,False,False,False,False,phase5b0_nominal_mpc
lhs_047,nominal_mpc,1165.0,0.5099108934114437,0.5123429764251263,5.2169440513919705,3.9622030786946474,33.68956575274659,False,True,True,False,0.0,False,False,False,False,phase5b0_nominal_mpc
lhs_047,nominal_mpc,1170.0,0.5113587200285516,0.5133605104762479,5.3512017298686905,3.9673680881792794,33.710831866312745,True,True,True,False,0.980664299999944,False,True,False,False,phase5b0_nominal_mpc
lhs_047,nominal_mpc,1175.0,0.5128065466456596,0.5154246477093988,5.3512017298686905,3.9697187754221015,33.732407880873225,False,True,True,False,0.0,False,False,False,False,phase5b0_nominal_mpc
lhs_047,nominal_mpc,1180.0,0.5142543732627676,0.5170346141128942,5.3512017298686905,3.9719025482337793,33.75422766837184,False,True,True,False,0.0,False,False,False,False,phase5b0_nominal_mpc
lhs_047,nominal_mpc,1185.0,0.5157021998798755,0.5184459290591416,5.3512017298686905,3.9739540038094154,33.776238875918104,False,True,True,False,0.0,False,False,False,False,phase5b0_nominal_mpc
lhs_047,nominal_mpc,1190.0,0.5171500264969835,0.5189919509698676,5.3512017298686905,3.975900234610008,33.79839992138892,False,True,True,False,0.0,False,False,False,False,phase5b0_nominal_mpc
lhs_047,nominal_mpc,1195.0,0.5185743482811654,0.5201567702404577,5.264327306420461,3.9758656124705185,33.81890966312033,True,True,True,False,0.21446719999994457,False,True,False,False,phase5b0_nominal_mpc
lhs_047,nominal_mpc,1200.0,0.5199986700653474,0.5213977666863099,5.264327306420461,3.977483626770826,33.83945618789862,False,True,True,False,0.0,False,False,False,False,phase5b0_nominal_mpc
lhs_047,nominal_mpc,1205.0,0.5214229918495293,0.5228402460708232,5.264327306420461,3.9790752858067053,33.860029414518344,False,True,True,False,0.0,False,False,False,False,phase5b0_nominal_mpc
lhs_047,nominal_mpc,1210.0,0.5228473136337113,0.5245519816492967,5.264327306420461,3.9806449246325633,33.88062092282951,False,True,True,False,0.0,False,False,False,False,phase5b0_nominal_mpc
lhs_047,nominal_mpc,1215.0,0.5242716354178932,0.5256955619624218,5.264327306420461,3.982195992450758,33.90122361360746,False,True,True,False,0.0,False,False,False,False,phase5b0_nominal_mpc
lhs_047,nominal_mpc,1220.0,0.5256586993591236,0.5269013040822539,5.1266214296962955,3.9807244369406702,33.91905398334482,True,True,True,False,0.4009298000000854,False,True,False,False,phase5b0_nominal_mpc
lhs_047,nominal_mpc,1225.0,0.5270457633003539,0.5282067242572149,5.1266214296962955,3.9819656199659903,33.93680448166611,False,True,True,False,0.0,False,False,False,False,phase5b0_nominal_mpc
lhs_047,nominal_mpc,1230.0,0.5284328272415842,0.5290081233707504,5.1266214296962955,3.9832392108214973,33.954487558666365,False,True,True,False,0.0,False,False,False,False,phase5b0_nominal_mpc
lhs_047,nominal_mpc,1235.0,0.5298198911828146,0.5293547390844398,5.1266214296962955,3.984537240176648,33.97211257810837,False,True,True,False,0.0,False,False,False,False,phase5b0_nominal_mpc
lhs_047,nominal_mpc,1240.0,0.5312069551240449,0.5296590446633258,5.1266214296962955,3.9858535342350203,33.98968651518702,False,True,True,False,0.0,False,False,False,False,phase5b0_nominal_mpc
lhs_047,nominal_mpc,1245.0,0.5322883715765585,0.5308874296157902,3.9969410169835684,3.9625157608839197,33.9862779682416,True,True,True,False,0.4129456000000573,False,True,False,False,phase5b0_nominal_mpc
lhs_047,nominal_mpc,1250.0,0.5333697880290721,0.5325979485730308,3.9969410169835684,3.9615534179795353,33.98233936989121,False,True,True,False,0.0,False,False,False,False,phase5b0_nominal_mpc
lhs_047,nominal_mpc,1255.0,0.5344512044815857,0.5342966350208662,3.9969410169835684,3.96096072024643,33.97798061604323,False,True,True,False,0.0,False,False,False,False,phase5b0_nominal_mpc
lhs_047,nominal_mpc,1260.0,0.5355326209340993,0.5348232366711118,3.9969410169835684,3.960658192690152,33.97328782619861,False,True,True,False,0.0,False,False,False,False,phase5b0_nominal_mpc
lhs_047,nominal_mpc,1265.0,0.5366140373866128,0.5366413312727261,3.9969410169835684,3.9605837493360934,33.968328613087266,False,True,True,False,0.0,False,False,False,False,phase5b0_nominal_mpc
lhs_047,nominal_mpc,1270.0,0.5366140373866128,0.5366169196366659,0.0,3.8734088810193343,33.91779008762839,True,False,False,True,3.082002299999999,False,True,False,True,phase5b0_nominal_mpc
lhs_047,nominal_mpc,1275.0,0.5366140373866128,0.5379124799753803,0.0,3.865508580797758,33.867494330402906,True,False,False,True,4.0469315999999935,False,True,False,False,phase5b0_nominal_mpc
lhs_047,nominal_mpc,1280.0,0.5366140373866128,0.5385559093442567,0.0,3.859004304769889,33.81744037611809,False,False,False,True,0.0,False,False,False,False,phase5b0_nominal_mpc
lhs_047,nominal_mpc,1285.0,0.5366140373866128,0.5372727238024618,0.0,3.8535994651836556,33.76762706227703,False,False,False,True,0.0,False,False,False,False,phase5b0_nominal_mpc
lhs_047,nominal_mpc,1290.0,0.5366140373866128,0.5376423686725246,0.0,3.8490622145963385,33.718053231971666,False,False,False,True,0.0,False,False,False,False,phase5b0_nominal_mpc
lhs_047,nominal_mpc,1295.0,0.5366140373866128,0.5382951763170933,0.0,3.8452112642445258,33.66871773385591,False,False,False,True,0.0,False,False,False,False,phase5b0_nominal_mpc
lhs_047,nominal_mpc,1300.0,0.5371551594336575,0.5386274992297411,2.0000000000000018,3.8855781055140524,33.63265323324596,True,True,True,False,1.0132830000000013,False,True,False,True,phase5b0_nominal_mpc
lhs_047,nominal_mpc,1305.0,0.5382374035277471,0.5397061153210208,4.000000000000003,3.930455250156902,33.62051217274259,True,True,True,False,1.444975799999952,False,True,False,True,phase5b0_nominal_mpc
lhs_047,nominal_mpc,1310.0,0.5396286976358124,0.5401254605405208,5.142256227273176,3.960383486791556,33.62813904697093,True,True,True,False,1.4233847999998943,False,True,False,False,phase5b0_nominal_mpc
lhs_047,nominal_mpc,1315.0,0.5410199917438778,0.5418137702493451,5.142256227273176,3.9668277420258735,33.63766706453731,False,True,True,False,0.0,False,False,False,False,phase5b0_nominal_mpc
lhs_047,nominal_mpc,1320.0,0.5424112858519432,0.5433052917118811,5.142256227273176,3.9722263208024082,33.64869506109974,False,True,True,False,0.0,False,False,False,False,phase5b0_nominal_mpc
lhs_047,nominal_mpc,1325.0,0.5438025799600086,0.5449532576359563,5.142256227273176,3.976806091722408,33.66090886457342,False,True,True,False,0.0,False,False,False,False,phase5b0_nominal_mpc
lhs_047,nominal_mpc,1330.0,0.545193874068074,0.5461969694306147,5.142256227273176,3.980744295662004,33.674062199632374,False,True,True,False,0.0,False,False,False,False,phase5b0_nominal_mpc
lhs_047,nominal_mpc,1335.0,0.5465930523941608,0.5483668751513756,5.171396485240845,3.98481581141637,33.68851639283179,True,True,True,False,0.5235440000000153,False,True,False,False,phase5b0_nominal_mpc
lhs_047,nominal_mpc,1340.0,0.5479922307202476,0.5502087522679581,5.171396485240845,3.987915560765535,33.70358551711593,False,True,True,False,0.0,False,False,False,False,phase5b0_nominal_mpc
lhs_047,nominal_mpc,1345.0,0.5493914090463344,0.5518022509956523,5.171396485240845,3.9906957078679706,33.71914590414189,False,True,True,False,0.0,False,False,False,False,phase5b0_nominal_mpc
lhs_047,nominal_mpc,1350.0,0.5507905873724213,0.5531960597727916,5.171396485240845,3.9932243877694336,33.73510011942341,False,True,True,False,0.0,False,False,False,False,phase5b0_nominal_mpc
lhs_047,nominal_mpc,1355.0,0.5521897656985081,0.5548839267561517,5.171396485240845,3.9955548888199575,33.75137123797268,False,True,True,False,0.0,False,False,False,False,phase5b0_nominal_mpc
lhs_047,nominal_mpc,1360.0,0.5535737346438445,0.5562345050734662,5.11518225100876,3.99650113025639,33.76680400577089,True,True,True,False,0.10560529999997925,False,True,False,False,phase5b0_nominal_mpc
lhs_047,nominal_mpc,1365.0,0.554957703589181,0.5569059521880633,5.11518225100876,3.9984364345667007,33.78240971639282,False,True,True,False,0.0,False,False,False,False,phase5b0_nominal_mpc
lhs_047,nominal_mpc,1370.0,0.5563416725345174,0.5590215627507967,5.11518225100876,4.000291473689386,33.798157153327374,False,True,True,False,0.0,False,False,False,False,phase5b0_nominal_mpc
lhs_047,nominal_mpc,1375.0,0.5577256414798538,0.5609924261761483,5.11518225100876,4.00208244139928,33.81402124149098,False,True,True,False,0.0,False,False,False,False,phase5b0_nominal_mpc
lhs_047,nominal_mpc,1380.0,0.5591096104251903,0.5619177645597784,5.11518225100876,4.003822055774843,33.829981726776005,False,True,True,False,0.0,False,False,False,False,phase5b0_nominal_mpc
lhs_047,nominal_mpc,1385.0,0.5604804509024742,0.5640342850753401,5.066659119770058,4.004460406997265,33.84507480858329,True,True,True,False,1.138265600000068,False,True,False,False,phase5b0_nominal_mpc
lhs_047,nominal_mpc,1390.0,0.5618512913797582,0.5644921263339338,5.066659119770058,4.006025925135122,33.860205985323724,False,True,True,False,0.0,False,False,False,False,phase5b0_nominal_mpc
lhs_047,nominal_mpc,1395.0,0.5632221318570422,0.5654976198121459,5.066659119770058,4.00757973968275,33.87537009191164,False,True,True,False,0.0,False,False,False,False,phase5b0_nominal_mpc
lhs_047,nominal_mpc,1400.0,0.5645929723343261,0.5670131709790243,5.066659119770058,4.009123455463099,33.890562538386725,False,True,True,False,0.0,False,False,False,False,phase5b0_nominal_mpc
lhs_047,nominal_mpc,1405.0,0.5659638128116101,0.5672239558195308,5.066659119770058,4.010658388347823,33.905779204725015,False,True,True,False,0.0,False,False,False,False,phase5b0_nominal_mpc
lhs_047,nominal_mpc,1410.0,0.5672701040193511,0.5687225356564577,4.8280834790415215,4.006973643765962,33.91642435525666,True,True,True,False,0.3308506999999281,False,True,False,False,phase5b0_nominal_mpc
lhs_047,nominal_mpc,1415.0,0.568576395227092,0.5704727899438662,4.8280834790415215,4.00800529036413,33.926956646771494,False,True,True,False,0.0,False,False,False,False,phase5b0_nominal_mpc
lhs_047,nominal_mpc,1420.0,0.569882686434833,0.572376102904734,4.8280834790415215,4.009107322319284,33.937400602464635,False,True,True,False,0.0,False,False,False,False,phase5b0_nominal_mpc
lhs_047,nominal_mpc,1425.0,0.5711889776425739,0.5738899384273879,4.8280834790415215,4.010264069531389,33.94777506469081,False,True,True,False,0.0,False,False,False,False,phase5b0_nominal_mpc
lhs_047,nominal_mpc,1430.0,0.5724952688503149,0.5749809933259372,4.8280834790415215,4.011463337017554,33.95809446487524,False,True,True,False,0.0,False,False,False,False,phase5b0_nominal_mpc
lhs_047,nominal_mpc,1435.0,0.5724952688503149,0.5769047818335206,0.0,3.9072070386450037,33.90760520840439,True,False,False,True,4.030577899999912,False,True,False,True,phase5b0_nominal_mpc
lhs_047,nominal_mpc,1440.0,0.572952214190689,0.5777355430634799,1.6888808832301618,3.9354624438461716,33.87062773326682,True,True,True,False,1.3316101000000344,False,True,False,False,phase5b0_nominal_mpc
lhs_047,nominal_mpc,1445.0,0.5734091595310631,0.5777935603270529,1.6888808832301618,3.931849622299217,33.8333453950599,False,True,True,False,0.0,False,False,False,False,phase5b0_nominal_mpc
lhs_047,nominal_mpc,1450.0,0.5738661048714372,0.5774407876330666,1.6888808832301618,3.9289283711085345,33.79584430242247,False,True,True,False,0.0,False,False,False,False,phase5b0_nominal_mpc
lhs_047,nominal_mpc,1455.0,0.5743230502118113,0.57789428472652,1.6888808832301618,3.9265525880153973,33.75819223626524,False,True,True,False,0.0,False,False,False,False,phase5b0_nominal_mpc
lhs_047,nominal_mpc,1460.0,0.5747799955521854,0.5765493831318205,1.6888808832301618,3.924608041812856,33.720442599620824,False,True,True,False,0.0,False,False,False,False,phase5b0_nominal_mpc
lhs_047,nominal_mpc,1465.0,0.5747799955521854,0.5784544156111672,0.0,3.8861035476130943,33.671095666465156,True,False,False,True,4.089377900000045,False,True,False,False,phase5b0_nominal_mpc
lhs_047,nominal_mpc,1470.0,0.5747799955521854,0.5787009658756335,0.0,3.8813081001664878,33.62198592252932,False,False,False,True,0.0,False,False,False,False,phase5b0_nominal_mpc
lhs_047,nominal_mpc,1475.0,0.5747799955521854,0.5787549296527222,0.0,3.87727244858365,33.573112279631694,False,False,False,True,0.0,False,False,False,False,phase5b0_nominal_mpc
lhs_047,nominal_mpc,1480.0,0.5747799955521854,0.5796041408085245,0.0,3.8738382087646186,33.52447360268797,False,False,False,True,0.0,False,False,False,False,phase5b0_nominal_mpc
lhs_047,nominal_mpc,1485.0,0.5747799955521854,0.5791251646083921,0.0,3.8708814817742585,33.47606876207088,False,False,False,True,0.0,False,False,False,False,phase5b0_nominal_mpc
lhs_047,nominal_mpc,1490.0,0.5753211175992301,0.5789328811525091,1.9999999999999993,3.912005103584618,33.439901218704144,True,True,True,False,1.0094495999999253,False,True,False,True,phase5b0_nominal_mpc
lhs_047,nominal_mpc,1495.0,0.5764033616933196,0.5787946960666424,3.9999999999999996,3.957537630486467,33.42679861305015,True,True,True,False,1.7297280000000228,False,True,False,True,phase5b0_nominal_mpc
lhs_047,nominal_mpc,1500.0,0.578018730494924,0.5790911556350341,5.970441642237665,4.0061341050442705,33.44832459437686,True,True,True,False,1.7814965999999686,False,True,False,True,phase5b0_nominal_mpc
lhs_047,nominal_mpc,1505.0,0.5796382082623706,0.582485377845009,5.9856284780523445,4.0151049921815565,33.47311020684031,True,True,True,False,0.4754493000000366,False,True,False,False,phase5b0_nominal_mpc
lhs_047,nominal_mpc,1510.0,0.5812576860298171,0.5843133256137404,5.9856284780523445,4.022403525950404,33.500256124091,False,True,True,False,0.0,False,False,False,False,phase5b0_nominal_mpc
lhs_047,nominal_mpc,1515.0,0.5828771637972636,0.5853994504952934,5.9856284780523445,4.028622158697336,33.52927880223432,False,True,True,False,0.0,False,False,False,False,phase5b0_nominal_mpc
lhs_047,nominal_mpc,1520.0,0.5844966415647102,0.5871865339929458,5.9856284780523445,4.033993742935557,33.559798522622614,False,True,True,False,0.0,False,False,False,False,phase5b0_nominal_mpc
lhs_047,nominal_mpc,1525.0,0.5861161193321567,0.5880578710098737,5.9856284780523445,4.038700268848516,33.59151670176351,False,True,True,False,0.0,False,False,False,False,phase5b0_nominal_mpc
lhs_047,nominal_mpc,1530.0,0.5876108976506742,0.5896843786785776,5.524736338801865,4.03281033876017,33.614594046868746,True,True,True,False,1.043323600000008,False,True,False,False,phase5b0_nominal_mpc
lhs_047,nominal_mpc,1535.0,0.5891056759691917,0.5906592448631502,5.524736338801865,4.035633006882618,33.6380966821984,False,True,True,False,0.0,False,False,False,False,phase5b0_nominal_mpc
lhs_047,nominal_mpc,1540.0,0.5906004542877092,0.5911063852157842,5.524736338801865,4.03827842624003,33.66194999063345,False,True,True,False,0.0,False,False,False,False,phase5b0_nominal_mpc
lhs_047,nominal_mpc,1545.0,0.5920952326062268,0.5930027244327869,5.524736338801865,4.040783155878584,33.68609433239196,False,True,True,False,0.0,False,False,False,False,phase5b0_nominal_mpc
lhs_047,nominal_mpc,1550.0,0.5935900109247443,0.594339974775742,5.524736338801865,4.0431758622405045,33.710481835693905,False,True,True,False,0.0,False,False,False,False,phase5b0_nominal_mpc
lhs_047,nominal_mpc,1555.0,0.5948692439129689,0.5951737744347776,4.7280756539527475,4.028062827776349,33.71948448510104,True,True,True,False,0.40958149999994475,False,True,False,False,phase5b0_nominal_mpc
lhs_047,nominal_mpc,1560.0,0.5961484769011935,0.5969381146622932,4.7280756539527475,4.028649223570587,33.72821004498112,False,True,True,False,0.0,False,False,False,False,phase5b0_nominal_mpc
lhs_047,nominal_mpc,1565.0,0.5974277098894182,0.5977038833419037,4.7280756539527475,4.029432279807869,33.73672656322488,False,True,True,False,0.0,False,False,False,False,phase5b0_nominal_mpc
lhs_047,nominal_mpc,1570.0,0.5987069428776428,0.5991397470549945,4.7280756539527475,4.030368445474355,33.74508665604932,False,True,True,False,0.0,False,False,False,False,phase5b0_nominal_mpc
lhs_047,nominal_mpc,1575.0,0.5999861758658674,0.6005425127251962,4.7280756539527475,4.031423767584911,33.75333095630859,False,True,True,False,0.0,False,False,False,False,phase5b0_nominal_mpc
lhs_047,nominal_mpc,1580.0,0.5999861758658674,0.6014356632514067,0.0,3.929190475067623,33.703826111692145,True,False,False,True,4.566070100000047,False,True,False,True,phase5b0_nominal_mpc
lhs_047,nominal_mpc,1585.0,0.5999861758658674,0.6016687637347486,0.0,3.920634121412242,33.654559012179185,True,False,False,True,4.6222410999999965,False,True,False,False,phase5b0_nominal_mpc
lhs_047,nominal_mpc,1590.0,0.5999861758658674,0.6010491875716357,0.0,3.9136493230871863,33.60552877021042,False,False,False,True,0.0,False,False,False,False,phase5b0_nominal_mpc
lhs_047,nominal_mpc,1595.0,0.5999861758658674,0.6009217328190664,0.0,3.9079001344960336,33.55673424706455,False,False,False,True,0.0,False,False,False,False,phase5b0_nominal_mpc
lhs_047,nominal_mpc,1600.0,0.5999861758658674,0.6011122798556925,0.0,3.9031240010933637,33.508174309494784,False,False,False,True,0.0,False,False,False,False,phase5b0_nominal_mpc
lhs_047,nominal_mpc,1605.0,0.5999861758658674,0.6008949567027346,0.0,3.899115681103066,33.45984782970259,False,False,False,True,0.0,False,False,False,False,phase5b0_nominal_mpc
lhs_047,nominal_mpc,1610.0,0.6005272979129122,0.6012039623978893,2.0,3.9394453494471424,33.42426156157994,True,True,True,False,1.5736365999999862,False,True,False,True,phase5b0_nominal_mpc
lhs_047,nominal_mpc,1615.0,0.6016095420070017,0.6001529219635292,4.0,3.984394861756954,33.41205249741663,True,True,True,False,1.885966900000085,False,True,False,True,phase5b0_nominal_mpc
lhs_047,nominal_mpc,1620.0,0.6030404934365212,0.6016269036881045,5.2888306338079785,4.017679148784822,33.42188338624,True,True,True,False,1.5420623999999634,False,True,False,False,phase5b0_nominal_mpc
lhs_047,nominal_mpc,1625.0,0.6044714448660408,0.6031830603301644,5.2888306338079785,4.024614149915851,33.43376107316003,False,True,True,False,0.0,False,False,False,False,phase5b0_nominal_mpc
lhs_047,nominal_mpc,1630.0,0.6059023962955603,0.6043847576989548,5.2888306338079785,4.0304857619875145,33.44726274484628,False,True,True,False,0.0,False,False,False,False,phase5b0_nominal_mpc
lhs_047,nominal_mpc,1635.0,0.6073333477250799,0.6060143075660855,5.2888306338079785,4.035525153223964,33.46205691101593,False,True,True,False,0.0,False,False,False,False,phase5b0_nominal_mpc
lhs_047,nominal_mpc,1640.0,0.6087642991545994,0.6071828048496167,5.2888306338079785,4.039912868227232,33.47788336492828,False,True,True,False,0.0,False,False,False,False,phase5b0_nominal_mpc
lhs_047,nominal_mpc,1645.0,0.6101795002395107,0.6084988632416519,5.230616984246875,4.042516320912321,33.49342508001283,True,True,True,False,0.10546820000001844,False,True,False,False,phase5b0_nominal_mpc
lhs_047,nominal_mpc,1650.0,0.6115947013244221,0.6100893871547632,5.230616984246875,4.045871614419516,33.50959167923892,False,True,True,False,0.0,False,False,False,False,phase5b0_nominal_mpc
lhs_047,nominal_mpc,1655.0,0.6130099024093334,0.6109882827867769,5.230616984246875,4.048930959661746,33.5262649010429,False,True,True,False,0.0,False,False,False,False,phase5b0_nominal_mpc
lhs_047,nominal_mpc,1660.0,0.6144251034942447,0.613191583772271,5.230616984246875,4.0517575931830585,33.543351245515744,False,True,True,False,0.0,False,False,False,False,phase5b0_nominal_mpc
lhs_047,nominal_mpc,1665.0,0.6158403045791561,0.6151502010933878,5.230616984246875,4.054400917913502,33.56077658640128,False,True,True,False,0.0,False,False,False,False,phase5b0_nominal_mpc
lhs_047,nominal_mpc,1670.0,0.6172116708388855,0.6159883701271839,5.068602424236784,4.053353778271684,33.57535307706826,True,True,True,False,0.2421970999999985,True,True,False,False,phase5b0_nominal_mpc
lhs_047,nominal_mpc,1675.0,0.618583037098615,0.6177115266150114,5.068602424236784,4.055399324681927,33.59006236671905,False,True,True,False,0.0,False,False,False,False,phase5b0_nominal_mpc
lhs_047,nominal_mpc,1680.0,0.6199544033583444,0.6197224622981007,5.068602424236784,4.057405574818499,33.60488746666206,False,True,True,False,0.0,False,False,False,False,phase5b0_nominal_mpc
lhs_047,nominal_mpc,1685.0,0.6213257696180738,0.6210634410022332,5.068602424236784,4.059379891681774,33.61981425760246,False,True,True,False,0.0,False,False,False,False,phase5b0_nominal_mpc
lhs_047,nominal_mpc,1690.0,0.6226971358778033,0.6222047151882778,5.068602424236784,4.061328035001384,33.63483089714519,False,True,True,False,0.0,False,False,False,False,phase5b0_nominal_mpc
lhs_047,nominal_mpc,1695.0,0.6226971358778033,0.6231746797725205,0.0,3.952298962558897,33.5858957832158,True,False,False,True,3.766641199999981,True,True,False,True,phase5b0_nominal_mpc
lhs_047,nominal_mpc,1700.0,0.6231249473835461,0.6233639345749086,1.5812015351403834,3.9782106361037175,33.548964124002715,True,True,True,False,1.126881899999944,True,True,False,False,phase5b0_nominal_mpc
lhs_047,nominal_mpc,1705.0,0.6235527588892888,0.6244052703310701,1.5812015351403834,3.974426196673081,33.511732587381154,False,True,True,False,0.0,False,False,False,False,phase5b0_nominal_mpc
lhs_047,nominal_mpc,1710.0,0.6239805703950316,0.6260168225127585,1.5812015351403834,3.971398598521707,33.474289404380905,False,True,True,False,0.0,False,False,False,False,phase5b0_nominal_mpc
lhs_047,nominal_mpc,1715.0,0.6244083819007744,0.6260414653207783,1.5812015351403834,3.968966928698526,33.43670390076943,False,True,True,False,0.0,False,False,False,False,phase5b0_nominal_mpc
lhs_047,nominal_mpc,1720.0,0.6248361934065172,0.62696529004536,1.5812015351403834,3.96700540374439,33.399030581777275,False,True,True,False,0.0,False,False,False,False,phase5b0_nominal_mpc
lhs_047,nominal_mpc,1725.0,0.6258051269593047,0.6264409805505393,3.581201535140383,4.009200459226348,33.38344945450311,True,True,True,False,1.4263959999999543,True,True,False,True,phase5b0_nominal_mpc
lhs_047,nominal_mpc,1730.0,0.6273151825591369,0.6270138235705199,5.581201535140383,4.055882164034795,33.401313106181114,True,True,True,False,1.446378700000082,True,True,False,True,phase5b0_nominal_mpc
lhs_047,nominal_mpc,1735.0,0.6288175281687752,0.6289636926389929,5.5527052273815825,4.0619398034298895,33.420556376773874,True,True,True,False,0.2088238999999703,True,True,False,False,phase5b0_nominal_mpc
lhs_047,nominal_mpc,1740.0,0.6303198737784136,0.6315363919365303,5.5527052273815825,4.067605003377324,33.44130596812322,False,True,True,False,0.0,False,False,False,False,phase5b0_nominal_mpc
lhs_047,nominal_mpc,1745.0,0.6318222193880519,0.6332109785128055,5.5527052273815825,4.072529229931935,33.46325361125608,False,True,True,False,0.0,False,False,False,False,phase5b0_nominal_mpc
lhs_047,nominal_mpc,1750.0,0.6333245649976903,0.6336474103804131,5.5527052273815825,4.076871807433056,33.48615711264659,False,True,True,False,0.0,False,False,False,False,phase5b0_nominal_mpc
lhs_047,nominal_mpc,1755.0,0.6348269106073287,0.6348668891878165,5.5527052273815825,4.080757174617657,33.50982592015032,False,True,True,False,0.0,False,False,False,False,phase5b0_nominal_mpc
lhs_047,nominal_mpc,1760.0,0.6361173019875702,0.6366761386058893,4.769317337147053,4.067127387284882,33.51897021843315,True,True,True,False,0.4221704999999929,True,True,False,False,phase5b0_nominal_mpc
lhs_047,nominal_mpc,1765.0,0.6374076933678118,0.6384761257570095,4.769317337147053,4.068722548742297,33.52811804475521,False,True,True,False,0.0,False,False,False,False,phase5b0_nominal_mpc
lhs_047,nominal_mpc,1770.0,0.6386980847480533,0.639547596766137,4.769317337147053,4.070343951880834,33.537278037089045,False,True,True,False,0.0,False,False,False,False,phase5b0_nominal_mpc
lhs_047,nominal_mpc,1775.0,0.6399884761282949,0.6410775155307453,4.769317337147053,4.0719844655915844,33.54645631371995,False,True,True,False,0.0,False,False,False,False,phase5b0_nominal_mpc
lhs_047,nominal_mpc,1780.0,0.6412788675085365,0.6424547717642348,4.769317337147053,4.07363852276181,33.5556570932684,False,True,True,False,0.0,False,False,False,False,phase5b0_nominal_mpc
lhs_047,nominal_mpc,1785.0,0.6424689686405909,0.6447524745121825,4.398642186375332,4.067183656771608,33.55825643854777,True,True,True,False,0.43815140000003794,True,True,False,False,phase5b0_nominal_mpc
lhs_047,nominal_mpc,1790.0,0.6436590697726453,0.6464927457317383,4.398642186375332,4.068073197667075,33.560699847753654,False,True,True,False,0.0,False,False,False,False,phase5b0_nominal_mpc
lhs_047,nominal_mpc,1795.0,0.6448491709046997,0.6477675235741903,4.398642186375332,4.069084854149898,33.563026981292836,False,True,True,False,0.0,False,False,False,False,phase5b0_nominal_mpc
lhs_047,nominal_mpc,1800.0,0.6460392720367542,0.6472896374420588,4.398642186375332,4.070191241025779,33.565268550709256,False,True,True,False,0.0,False,False,False,False,phase5b0_nominal_mpc
lhs_047,nominal_mpc,1805.0,0.6472293731688086,0.6491230806716631,4.398642186375332,4.0713709586266695,33.56744830902788,False,True,True,False,0.0,False,False,False,False,phase5b0_nominal_mpc
lhs_047,nominal_mpc,1810.0,0.6482227166802857,0.6514314021696043,3.671421325012011,4.056679671930306,33.55769691659879,True,True,True,False,1.0307186999999658,True,True,False,False,phase5b0_nominal_mpc
lhs_047,nominal_mpc,1815.0,0.6492160601917629,0.6529649987679788,3.671421325012011,4.056429691198438,33.54763397382534,False,True,True,False,0.0,False,False,False,False,phase5b0_nominal_mpc
lhs_047,nominal_mpc,1820.0,0.6502094037032401,0.6533791969217594,3.671421325012011,4.056446691744376,33.53733225365555,False,True,True,False,0.0,False,False,False,False,phase5b0_nominal_mpc
lhs_047,nominal_mpc,1825.0,0.6512027472147173,0.6539153998876072,3.671421325012011,4.0566729948137095,33.52684872294905,False,True,True,False,0.0,False,False,False,False,phase5b0_nominal_mpc
lhs_047,nominal_mpc,1830.0,0.6521960907261944,0.6551930188392627,3.671421325012011,4.057063517515783,33.516228039891914,False,True,True,False,0.0,False,False,False,False,phase5b0_nominal_mpc
lhs_047,nominal_mpc,1835.0,0.6536201915543518,0.6563524533529154,5.2635106476803815,4.092453370349918,33.53280648581943,True,True,True,False,1.1176057999999784,True,True,False,False,phase5b0_nominal_mpc
lhs_047,nominal_mpc,1840.0,0.6550442923825092,0.6582894439776329,5.2635106476803815,4.096423375549461,33.550199251062644,False,True,True,False,0.0,False,False,False,False,phase5b0_nominal_mpc
lhs_047,nominal_mpc,1845.0,0.6564683932106665,0.6589484091170712,5.2635106476803815,4.099961083367599,33.56823720093552,False,True,True,False,0.0,False,False,False,False,phase5b0_nominal_mpc
lhs_047,nominal_mpc,1850.0,0.6578924940388239,0.6599639573123871,5.2635106476803815,4.10315832022859,33.58678745360099,False,True,True,False,0.0,False,False,False,False,phase5b0_nominal_mpc
lhs_047,nominal_mpc,1855.0,0.6593165948669812,0.6604176011375569,5.2635106476803815,4.106086794645084,33.60574537261234,False,True,True,False,0.0,False,False,False,False,phase5b0_nominal_mpc
lhs_047,nominal_mpc,1860.0,0.6606932195705321,0.6613548394048,5.088037758095661,4.104959405415475,33.62158923620867,True,True,True,False,0.30881429999999455,True,True,False,False,phase5b0_nominal_mpc
lhs_047,nominal_mpc,1865.0,0.6620698442740829,0.6627569618037263,5.088037758095661,4.107137210707193,33.63758319055321,False,True,True,False,0.0,False,False,False,False,phase5b0_nominal_mpc
lhs_047,nominal_mpc,1870.0,0.6634464689776337,0.6636197693204915,5.088037758095661,4.109236678845536,33.653698531101355,False,True,True,False,0.0,False,False,False,False,phase5b0_nominal_mpc
lhs_047,nominal_mpc,1875.0,0.6648230936811845,0.6645085204318527,5.088037758095661,4.111272497585445,33.66991220940772,False,True,True,False,0.0,False,False,False,False,phase5b0_nominal_mpc
lhs_047,nominal_mpc,1880.0,0.6661997183847354,0.6657370950707112,5.088037758095661,4.1132561297512495,33.68620562476371,False,True,True,False,0.0,False,False,False,False,phase5b0_nominal_mpc
lhs_047,nominal_mpc,1885.0,0.6675922214621431,0.6672551601060813,5.146724606815559,4.116481716294976,33.70371531115629,True,True,True,False,0.4853205000000571,True,True,False,False,phase5b0_nominal_mpc
lhs_047,nominal_mpc,1890.0,0.6689847245395509,0.6683888805847988,5.146724606815559,4.118509049156355,33.721311979092555,False,True,True,False,0.0,False,False,False,False,phase5b0_nominal_mpc
lhs_047,nominal_mpc,1895.0,0.6703772276169587,0.6693921964796709,5.146724606815559,4.120486605703027,33.73897809002901,False,True,True,False,0.0,False,False,False,False,phase5b0_nominal_mpc
lhs_047,nominal_mpc,1900.0,0.6717697306943665,0.6715043826714509,5.146724606815559,4.122422624270302,33.75669937576803,False,True,True,False,0.0,False,False,False,False,phase5b0_nominal_mpc
lhs_047,nominal_mpc,1905.0,0.6731622337717743,0.6738023807582125,5.146724606815559,4.124323526381681,33.77446413658265,False,True,True,False,0.0,False,False,False,False,phase5b0_nominal_mpc
lhs_047,nominal_mpc,1910.0,0.6744370103877946,0.6739721766687562,4.7116047959321135,4.11666701319869,33.78387839271622,True,True,True,False,0.20705069999996795,True,True,False,False,phase5b0_nominal_mpc
lhs_047,nominal_mpc,1915.0,0.6757117870038148,0.6738977430060694,4.7116047959321135,4.117599736608997,33.79308630420367,False,True,True,False,0.0,False,False,False,False,phase5b0_nominal_mpc
lhs_047,nominal_mpc,1920.0,0.6769865636198351,0.6751419235071578,4.7116047959321135,4.118649903729399,33.80213063407744,False,True,True,False,0.0,False,False,False,False,phase5b0_nominal_mpc
lhs_047,nominal_mpc,1925.0,0.6782613402358554,0.6766472003160662,4.7116047959321135,4.119790159084707,33.8110445771853,False,True,True,False,0.0,False,False,False,False,phase5b0_nominal_mpc
lhs_047,nominal_mpc,1930.0,0.6795361168518756,0.6774805363839396,4.7116047959321135,4.120999113837311,33.81985389101569,False,True,True,False,0.0,False,False,False,False,phase5b0_nominal_mpc
lhs_047,nominal_mpc,1935.0,0.6808409576092233,0.6778223431260982,4.822722579772264,4.124692576215827,33.830661374650454,True,True,True,False,0.451562899999999,True,True,False,False,phase5b0_nominal_mpc
lhs_047,nominal_mpc,1940.0,0.6821457983665709,0.6786527660560105,4.822722579772264,4.126224717001659,33.84145769621511,False,True,True,False,0.0,False,False,False,False,phase5b0_nominal_mpc
lhs_047,nominal_mpc,1945.0,0.6834506391239185,0.6807120868113081,4.822722579772264,4.127749521398381,33.85224223380661,False,True,True,False,0.0,False,False,False,False,phase5b0_nominal_mpc
lhs_047,nominal_mpc,1950.0,0.6847554798812661,0.6825397917685602,4.822722579772264,4.129266537956192,33.86301429229576,False,True,True,False,0.0,False,False,False,False,phase5b0_nominal_mpc
lhs_047,nominal_mpc,1955.0,0.6860603206386137,0.6841303211778496,4.822722579772264,4.13077538630669,33.873773119934924,False,True,True,False,0.0,False,False,False,False,phase5b0_nominal_mpc
lhs_047,nominal_mpc,1960.0,0.6872428260388278,0.6850858801530059,4.370568180218285,4.122379873023052,33.876226116135605,True,True,True,False,0.13997330000006514,True,True,False,False,phase5b0_nominal_mpc
lhs_047,nominal_mpc,1965.0,0.6884253314390419,0.6856907540048364,4.370568180218285,4.1229286687823485,33.878447211586696,False,True,True,False,0.0,False,False,False,False,phase5b0_nominal_mpc
lhs_047,nominal_mpc,1970.0,0.6896078368392561,0.6874530332406001,4.370568180218285,4.123614915912451,33.8804828816493,False,True,True,False,0.0,False,False,False,False,phase5b0_nominal_mpc
lhs_047,nominal_mpc,1975.0,0.6907903422394702,0.6889294910307081,4.370568180218285,4.124407517482205,33.8823694904092,False,True,True,False,0.0,False,False,False,False,phase5b0_nominal_mpc
lhs_047,nominal_mpc,1980.0,0.6919728476396844,0.6901164655458202,4.370568180218285,4.12528214785942,33.884135531673145,False,True,True,False,0.0,False,False,False,False,phase5b0_nominal_mpc
lhs_047,nominal_mpc,1985.0,0.6931504312980615,0.6924373156520497,4.352377304929196,4.125821750653934,33.88548402767842,True,True,True,False,0.20772660000000087,True,False,False,False,phase5b0_nominal_mpc
lhs_047,nominal_mpc,1990.0,0.6943280149564387,0.6946934217793078,4.352377304929196,4.1267696359019075,33.886743526605756,False,True,True,False,0.0,False,False,False,False,phase5b0_nominal_mpc
lhs_047,nominal_mpc,1995.0,0.6955055986148159,0.6962009666785646,4.352377304929196,4.127759814716746,33.88792965180278,False,True,True,False,0.0,False,False,False,False,phase5b0_nominal_mpc
lhs_047,nominal_mpc,2000.0,0.696683182273193,0.6963284184082222,4.352377304929196,4.128781877458347,33.889054700856306,False,True,True,False,0.0,False,False,False,False,phase5b0_nominal_mpc
lhs_047,nominal_mpc,2005.0,0.6978607659315702,0.6975153424696996,4.352377304929196,4.129827652274164,33.89012837282171,False,True,True,False,0.0,False,False,False,False,phase5b0_nominal_mpc
lhs_047,nominal_mpc,2010.0,0.6989713314934406,0.6990574797266675,4.10467682082267,4.1254727018332975,33.886912956667885,True,True,True,False,0.10455699999999979,True,True,False,False,phase5b0_nominal_mpc
lhs_047,nominal_mpc,2015.0,0.700081897055311,0.7013514395144651,4.10467682082267,4.126034827145524,33.88355176408252,False,True,True,False,0.0,False,False,False,False,phase5b0_nominal_mpc
lhs_047,nominal_mpc,2020.0,0.7011924626171814,0.7027192012116265,4.10467682082267,4.1266881061378395,33.880073638747405,False,True,True,False,0.0,False,False,False,False,phase5b0_nominal_mpc
lhs_047,nominal_mpc,2025.0,0.7023030281790518,0.702899979349081,4.10467682082267,4.127414470145465,33.876501305018536,False,True,True,False,0.0,False,False,False,False,phase5b0_nominal_mpc
lhs_047,nominal_mpc,2030.0,0.7034135937409222,0.7042449185585499,4.10467682082267,4.128198323591471,33.872852716603944,False,True,True,False,0.0,False,False,False,False,phase5b0_nominal_mpc
lhs_047,nominal_mpc,2035.0,0.704485727902642,0.7046954319425849,3.962633448683377,4.125920896100113,33.86680012479337,True,True,True,False,0.10590309999997771,True,True,False,False,phase5b0_nominal_mpc
lhs_047,nominal_mpc,2040.0,0.7055578620643618,0.7067217422681303,3.962633448683377,4.126491567102602,33.860638236469754,False,True,True,False,0.0,False,False,False,False,phase5b0_nominal_mpc
lhs_047,nominal_mpc,2045.0,0.7066299962260816,0.707595159240789,3.962633448683377,4.127136267653692,33.85438919559094,False,True,True,False,0.0,False,False,False,False,phase5b0_nominal_mpc
lhs_047,nominal_mpc,2050.0,0.7077021303878014,0.707836837917493,3.962633448683377,4.127839426550025,33.848070537511404,False,True,True,False,0.0,False,False,False,False,phase5b0_nominal_mpc
lhs_047,nominal_mpc,2055.0,0.7087742645495212,0.7089314968695367,3.962633448683377,4.128588858079594,33.84169619884602,False,True,True,False,0.0,False,False,False,False,phase5b0_nominal_mpc
lhs_047,nominal_mpc,2060.0,0.7097949295863607,0.7104656091955289,3.772402334791964,4.125214873213723,33.83224840179333,True,True,True,False,0.10426199999994878,True,True,False,False,phase5b0_nominal_mpc
lhs_047,nominal_mpc,2065.0,0.7108155946232002,0.7106023981439085,3.772402334791964,4.125636575302618,33.82269065894164,False,True,True,False,0.0,False,False,False,False,phase5b0_nominal_mpc
lhs_047,nominal_mpc,2070.0,0.7118362596600397,0.7114671830429898,3.772402334791964,4.126142948737323,33.813046936568824,False,True,True,False,0.0,False,False,False,False,phase5b0_nominal_mpc
lhs_047,nominal_mpc,2075.0,0.7128569246968792,0.7134864442902956,3.772402334791964,4.126716379909331,33.803336235764434,False,True,True,False,0.0,False,False,False,False,phase5b0_nominal_mpc
lhs_047,nominal_mpc,2080.0,0.7138775897337187,0.7145483000701273,3.772402334791964,4.127343081012582,33.793573681045736,False,True,True,False,0.0,False,False,False,False,phase5b0_nominal_mpc
lhs_047,nominal_mpc,2085.0,0.7148662895482661,0.7152770702065933,3.6542581103358374,4.125428757023694,33.78195632092291,True,True,True,False,0.10529209999992872,True,False,False,False,phase5b0_nominal_mpc
lhs_047,nominal_mpc,2090.0,0.7158549893628136,0.7151942235074347,3.6542581103358374,4.125887601909648,33.770264668641694,False,True,True,False,0.0,False,False,False,False,phase5b0_nominal_mpc
lhs_047,nominal_mpc,2095.0,0.716843689177361,0.7169881081876959,3.6542581103358374,4.126411865423398,33.7585166228678,False,True,True,False,0.0,False,False,False,False,phase5b0_nominal_mpc
lhs_047,nominal_mpc,2100.0,0.7178323889919084,0.7181500614914388,3.6542581103358374,4.126988249666879,33.74672645272003,False,True,True,False,0.0,False,False,False,False,phase5b0_nominal_mpc
lhs_047,nominal_mpc,2105.0,0.7188210888064558,0.719230641532947,3.6542581103358374,4.127606334440232,33.73490558930307,False,True,True,False,0.0,False,False,False,False,phase5b0_nominal_mpc
lhs_047,nominal_mpc,2110.0,0.7197818286927871,0.720952427483239,3.550917548372478,4.125998331522031,33.72151994860295,True,True,True,False,0.10494100000005346,True,False,False,False,phase5b0_nominal_mpc
lhs_047,nominal_mpc,2115.0,0.7207425685791183,0.7220366517988973,3.550917548372478,4.126463502547943,33.70808263541772,False,True,True,False,0.0,False,False,False,False,phase5b0_nominal_mpc
lhs_047,nominal_mpc,2120.0,0.7217033084654496,0.7226355445223488,3.550917548372478,4.12698402807196,33.69460831799216,False,True,True,False,0.0,False,False,False,False,phase5b0_nominal_mpc
lhs_047,nominal_mpc,2125.0,0.7226640483517809,0.7228253538357311,3.550917548372478,4.1275488686627035,33.681108736368586,False,True,True,False,0.0,False,False,False,False,phase5b0_nominal_mpc
lhs_047,nominal_mpc,2130.0,0.7236247882381122,0.7235457139379774,3.550917548372478,4.128149366506362,33.6675933393137,False,True,True,False,0.0,False,False,False,False,phase5b0_nominal_mpc
lhs_047,nominal_mpc,2135.0,0.7245872853758423,0.7247405265504496,3.557412391480379,4.128920728804086,33.65416510269641,True,True,True,False,0.22250259999998434,True,False,False,False,phase5b0_nominal_mpc
lhs_047,nominal_mpc,2140.0,0.7255497825135724,0.7260057976211575,3.557412391480379,4.129587015259126,33.64073731942283,False,True,True,False,0.0,False,False,False,False,phase5b0_nominal_mpc
lhs_047,nominal_mpc,2145.0,0.7265122796513025,0.7277668975831474,3.557412391480379,4.130270519690157,33.62731457026732,False,True,True,False,0.0,False,False,False,False,phase5b0_nominal_mpc
lhs_047,nominal_mpc,2150.0,0.7274747767890326,0.7292276334782163,3.557412391480379,4.1309683675302065,33.61390067441541,False,True,True,False,0.0,False,False,False,False,phase5b0_nominal_mpc
lhs_047,nominal_mpc,2155.0,0.7284372739267627,0.7297095284022757,3.557412391480379,4.131678281666387,33.600498847503395,False,True,True,False,0.0,False,False,False,False,phase5b0_nominal_mpc
lhs_047,nominal_mpc,2160.0,0.7293553816538617,0.7315802933661477,3.3933480704142305,4.128811580949704,33.58475066701442,True,True,True,False,0.10448740000003909,True,False,False,False,phase5b0_nominal_mpc
lhs_047,nominal_mpc,2165.0,0.7302734893809607,0.7322217170308409,3.3933480704142305,4.12920203529419,33.568961762364225,False,True,True,False,0.0,False,False,False,False,phase5b0_nominal_mpc
lhs_047,nominal_mpc,2170.0,0.7311915971080597,0.733618918894833,3.3933480704142305,4.1296529878329205,33.55314736738209,False,True,True,False,0.0,False,False,False,False,phase5b0_nominal_mpc
lhs_047,nominal_mpc,2175.0,0.7321097048351587,0.7344691987018105,3.3933480704142305,4.130152283888287,33.53731963206843,False,True,True,False,0.0,False,False,False,False,phase5b0_nominal_mpc
lhs_047,nominal_mpc,2180.0,0.7330278125622577,0.7360164817294464,3.3933480704142305,4.130690395020427,33.52148829691598,False,True,True,False,0.0,False,False,False,False,phase5b0_nominal_mpc
lhs_047,nominal_mpc,2185.0,0.7339092392768577,0.7363812940307024,3.2577741728092775,4.12829605208089,33.50378162298908,True,True,True,False,0.10509690000003502,True,False,False,False,phase5b0_nominal_mpc
lhs_047,nominal_mpc,2190.0,0.7347906659914577,0.7375403186647772,3.2577741728092775,4.1286114256456825,33.48604056345541,False,True,True,False,0.0,False,False,False,False,phase5b0_nominal_mpc
lhs_047,nominal_mpc,2195.0,0.7356720927060577,0.7380510931981257,3.2577741728092775,4.128991306402436,33.46828064013898,False,True,True,False,0.0,False,False,False,False,phase5b0_nominal_mpc
lhs_047,nominal_mpc,2200.0,0.7365535194206577,0.7384607304052758,3.2577741728092775,4.129422779280123,33.45051423135464,False,True,True,False,0.0,False,False,False,False,phase5b0_nominal_mpc
lhs_047,nominal_mpc,2205.0,0.7374349461352577,0.7395452279001135,3.2577741728092775,4.129895719289501,33.432751257416434,False,True,True,False,0.0,False,False,False,False,phase5b0_nominal_mpc
lhs_047,nominal_mpc,2210.0,0.738291076278989,0.7401873054392334,3.164277443164353,4.128358378187593,33.41374506483378,True,True,True,False,0.10415729999999712,True,False,False,False,phase5b0_nominal_mpc
lhs_047,nominal_mpc,2215.0,0.7391472064227204,0.7399151072821506,3.164277443164353,4.128699473788478,33.394726793918444,False,True,True,False,0.0,False,False,False,False,phase5b0_nominal_mpc
lhs_047,nominal_mpc,2220.0,0.7400033365664517,0.7404965284942664,3.164277443164353,4.129093048265559,33.375708630916705,False,True,True,False,0.0,False,False,False,False,phase5b0_nominal_mpc
lhs_047,nominal_mpc,2225.0,0.740859466710183,0.742023166769558,3.164277443164353,4.129528835395478,33.35670033602694,False,True,True,False,0.0,False,False,False,False,phase5b0_nominal_mpc
lhs_047,nominal_mpc,2230.0,0.7417155968539143,0.7420253428880468,3.164277443164353,4.129998778461191,33.33770976987575,False,True,True,False,0.0,False,False,False,False,phase5b0_nominal_mpc
lhs_047,nominal_mpc,2235.0,0.742548387377956,0.7440982060452579,3.0780136517809233,4.128610977420439,33.31761740299476,True,True,True,False,0.07244379999997363,True,False,False,False,phase5b0_nominal_mpc
lhs_047,nominal_mpc,2240.0,0.7433811779019978,0.7452718122612215,3.0780136517809233,4.128953970687062,33.29752736901923,False,True,True,False,0.0,False,False,False,False,phase5b0_nominal_mpc
lhs_047,nominal_mpc,2245.0,0.7442139684260395,0.7465229788973761,3.0780136517809233,4.129343661768693,33.27745014920627,False,True,True,False,0.0,False,False,False,False,phase5b0_nominal_mpc
lhs_047,nominal_mpc,2250.0,0.7450467589500812,0.7471557754875333,3.0780136517809233,4.129771047924167,33.2573941553005,False,True,True,False,0.0,False,False,False,False,phase5b0_nominal_mpc
lhs_047,nominal_mpc,2255.0,0.7458795494741229,0.7483823666302524,3.0780136517809233,4.130229059389601,33.23736617781809,False,True,True,False,0.0,False,False,False,False,phase5b0_nominal_mpc
lhs_047,nominal_mpc,2260.0,0.746674189331822,0.7500312903978772,2.93700787849551,4.127630205403779,33.21559094829093,True,True,True,False,0.10410039999999299,True,False,False,False,phase5b0_nominal_mpc
lhs_047,nominal_mpc,2265.0,0.747468829189521,0.7499831173037746,2.93700787849551,4.127843831078286,33.19381186406668,False,True,True,False,0.0,False,False,False,False,phase5b0_nominal_mpc
lhs_047,nominal_mpc,2270.0,0.74826346904722,0.7503905395633605,2.93700787849551,4.1281200947894225,33.17204234314316,False,True,True,False,0.0,False,False,False,False,phase5b0_nominal_mpc
lhs_047,nominal_mpc,2275.0,0.749058108904919,0.74967897728648,2.93700787849551,4.128446617369298,33.150293086857566,False,True,True,False,0.0,False,False,False,False,phase5b0_nominal_mpc
lhs_047,nominal_mpc,2280.0,0.749852748762618,0.7505259632014342,2.93700787849551,4.128813689840445,33.128572672031495,False,True,True,False,0.0,False,False,False,False,phase5b0_nominal_mpc
lhs_047,nominal_mpc,2285.0,0.7506603524123798,0.7508795865910867,2.984922363346638,4.130260880328619,33.10748022882355,True,True,True,False,0.4142623000000185,True,False,False,False,phase5b0_nominal_mpc
lhs_047,nominal_mpc,2290.0,0.7514679560621417,0.7512307376169691,2.984922363346638,4.130786339976053,33.08644360581235,False,True,True,False,0.0,False,False,False,False,phase5b0_nominal_mpc
lhs_047,nominal_mpc,2295.0,0.7522755597119035,0.7525978932551599,2.984922363346638,4.131318585949782,33.06546403569985,False,True,True,False,0.0,False,False,False,False,phase5b0_nominal_mpc
lhs_047,nominal_mpc,2300.0,0.7530831633616654,0.753595882023998,2.984922363346638,4.1318571726816185,33.04454265544596,False,True,True,False,0.0,False,False,False,False,phase5b0_nominal_mpc
lhs_047,nominal_mpc,2305.0,0.7538907670114272,0.7539300350106104,2.984922363346638,4.132401717708984,33.023680517812174,False,True,True,False,0.0,False,False,False,False,phase5b0_nominal_mpc
lhs_047,nominal_mpc,2310.0,0.7546495901624607,0.7545477609276663,2.8046284758778985,4.129011742031382,33.00069435467607,True,True,True,False,0.1042079000000058,True,False,False,False,phase5b0_nominal_mpc
lhs_047,nominal_mpc,2315.0,0.7554084133134942,0.7553025352791792,2.8046284758778985,4.12919676137071,32.97771731796644,False,True,True,False,0.0,False,False,False,False,phase5b0_nominal_mpc
lhs_047,nominal_mpc,2320.0,0.7561672364645277,0.7569199165167426,2.8046284758778985,4.1294449111842795,32.954762260889616,False,True,True,False,0.0,False,False,False,False,phase5b0_nominal_mpc
lhs_047,nominal_mpc,2325.0,0.7569260596155611,0.7570345677479827,2.8046284758778985,4.12974362568001,32.93183940169615,False,True,True,False,0.0,False,False,False,False,phase5b0_nominal_mpc
lhs_047,nominal_mpc,2330.0,0.7576848827665946,0.7582052401212204,2.8046284758778985,4.130083052758095,32.90895690029597,False,True,True,False,0.0,False,False,False,False,phase5b0_nominal_mpc
lhs_047,nominal_mpc,2335.0,0.7584469320150937,0.7586008820974619,2.8165522091027713,4.130716026229259,32.88626142192024,True,True,True,False,0.24882539999998698,True,False,False,False,phase5b0_nominal_mpc
lhs_047,nominal_mpc,2340.0,0.7592089812635928,0.7593811049364794,2.8165522091027713,4.131139825372542,32.86362151112163,False,True,True,False,0.0,False,False,False,False,phase5b0_nominal_mpc
lhs_047,nominal_mpc,2345.0,0.7599710305120919,0.7602763422260079,2.8165522091027713,4.131581909077232,32.841040663803646,False,True,True,False,0.0,False,False,False,False,phase5b0_nominal_mpc
lhs_047,nominal_mpc,2350.0,0.760733079760591,0.7607653914953801,2.8165522091027713,4.13203932371538,32.81852175756666,False,True,True,False,0.0,False,False,False,False,phase5b0_nominal_mpc
lhs_047,nominal_mpc,2355.0,0.7614951290090901,0.7613794530388501,2.8165522091027713,4.132509728656069,32.79606717981605,False,True,True,False,0.0,False,False,False,False,phase5b0_nominal_mpc
lhs_047,nominal_mpc,2360.0,0.7622306782686931,0.7623990534742692,2.7186076177084955,4.13085103918644,32.772547169726,True,True,True,False,1.1597962999999254,True,False,False,False,phase5b0_nominal_mpc
lhs_047,nominal_mpc,2365.0,0.762966227528296,0.7628580460983954,2.7186076177084955,4.131141208908097,32.74906783747758,False,True,True,False,0.0,False,False,False,False,phase5b0_nominal_mpc
lhs_047,nominal_mpc,2370.0,0.763701776787899,0.7630484006271478,2.7186076177084955,4.131471368191207,32.72563691239983,False,True,True,False,0.0,False,False,False,False,phase5b0_nominal_mpc
lhs_047,nominal_mpc,2375.0,0.7644373260475019,0.7641443225447362,2.7186076177084955,4.131833856537167,32.702260568077,False,True,True,False,0.0,False,False,False,False,phase5b0_nominal_mpc
lhs_047,nominal_mpc,2380.0,0.7651728753071049,0.7650088069263424,2.7186076177084955,4.1322226569458635,32.67894376021725,False,True,True,False,0.0,False,False,False,False,phase5b0_nominal_mpc
lhs_047,nominal_mpc,2385.0,0.7658938972120819,0.7652866924227513,2.6649141683094046,4.131459830715527,32.65508657312861,True,True,True,False,1.3104984999999942,True,False,False,False,phase5b0_nominal_mpc
lhs_047,nominal_mpc,2390.0,0.7666149191170589,0.7658423023144459,2.6649141683094046,4.131777936695864,32.63128160298214,False,True,True,False,0.0,False,False,False,False,phase5b0_nominal_mpc
lhs_047,nominal_mpc,2395.0,0.767335941022036,0.7668195348733964,2.6649141683094046,4.132128237155318,32.60753485269446,False,True,True,False,0.0,False,False,False,False,phase5b0_nominal_mpc
lhs_047,nominal_mpc,2400.0,0.768056962927013,0.7679837812180466,2.6649141683094046,4.132504728846079,32.58385113161048,False,True,True,False,0.0,False,False,False,False,phase5b0_nominal_mpc
lhs_047,nominal_mpc,2405.0,0.76877798483199,0.7686579114978623,2.6649141683094046,4.13290269038804,32.560234312708886,False,True,True,False,0.0,False,False,False,False,phase5b0_nominal_mpc
lhs_047,nominal_mpc,2410.0,0.7694784238798308,0.7702424830296196,2.588839437114493,4.131656260903675,32.535852249087256,True,True,True,False,1.5280358999999635,True,False,False,False,phase5b0_nominal_mpc
lhs_047,nominal_mpc,2415.0,0.7701788629276716,0.771333414122262,2.588839437114493,4.131930855753034,32.511522690116024,False,True,True,False,0.0,False,False,False,False,phase5b0_nominal_mpc
lhs_047,nominal_mpc,2420.0,0.7708793019755124,0.7721315321005896,2.588839437114493,4.132242434779589,32.48725235756891,False,True,True,False,0.0,False,False,False,False,phase5b0_nominal_mpc
lhs_047,nominal_mpc,2425.0,0.7715797410233531,0.7731094589090818,2.588839437114493,4.132583949680876,32.46304661115466,False,True,True,False,0.0,False,False,False,False,phase5b0_nominal_mpc
lhs_047,nominal_mpc,2430.0,0.7722801800711939,0.7736252185772552,2.588839437114493,4.132949863160769,32.438909743653724,False,True,True,False,0.0,False,False,False,False,phase5b0_nominal_mpc
lhs_047,nominal_mpc,2435.0,0.7729556742205357,0.7753836508896607,2.4966424969408307,4.131321541678293,32.413862696164394,True,True,True,False,1.174002900000005,True,False,False,False,phase5b0_nominal_mpc
lhs_047,nominal_mpc,2440.0,0.7736311683698774,0.7761210635899598,2.4966424969408307,4.131535242800946,32.38886741683368,False,True,True,False,0.0,False,False,False,False,phase5b0_nominal_mpc
lhs_047,nominal_mpc,2445.0,0.7743066625192192,0.7765428025772672,2.4966424969408307,4.131792524033531,32.36393157292468,False,True,True,False,0.0,False,False,False,False,phase5b0_nominal_mpc
lhs_047,nominal_mpc,2450.0,0.774982156668561,0.7780996884392711,2.4966424969408307,4.132084931267227,32.33906125593593,False,True,True,False,0.0,False,False,False,False,phase5b0_nominal_mpc
lhs_047,nominal_mpc,2455.0,0.7756576508179027,0.7791190785136751,2.4966424969408307,4.132405828669923,32.31426132415899,False,True,True,False,0.0,False,False,False,False,phase5b0_nominal_mpc
lhs_047,nominal_mpc,2460.0,0.7762914796158729,0.7795664985334279,2.3426463639086967,4.129385749491467,32.28796138624585,True,True,True,False,1.2064941999999519,True,False,False,False,phase5b0_nominal_mpc
lhs_047,nominal_mpc,2465.0,0.776925308413843,0.780002954433187,2.3426463639086967,4.129433818358846,32.26170270220121,False,True,True,False,0.0,False,False,False,False,phase5b0_nominal_mpc
lhs_047,nominal_mpc,2470.0,0.7775591372118131,0.7812856058427271,2.3426463639086967,4.129547397915787,32.235496222113376,False,True,True,False,0.0,False,False,False,False,phase5b0_nominal_mpc
lhs_047,nominal_mpc,2475.0,0.7781929660097833,0.7815221532799981,2.3426463639086967,4.129713396403776,32.209350605153595,False,True,True,False,0.0,False,False,False,False,phase5b0_nominal_mpc
lhs_047,nominal_mpc,2480.0,0.7788267948077534,0.7814735883642215,2.3426463639086967,4.129921552502773,32.18327272052101,False,True,True,False,0.0,False,False,False,False,phase5b0_nominal_mpc
lhs_047,nominal_mpc,2485.0,0.7794493598762545,0.782445334582256,2.301015350977296,4.12925437846657,32.15685905860468,True,True,True,False,0.9381383999999571,True,False,False,False,phase5b0_nominal_mpc
lhs_047,nominal_mpc,2490.0,0.7800719249447556,0.7828365324433714,2.301015350977296,4.1294392433737,32.13051347955518,False,True,True,False,0.0,False,False,False,False,phase5b0_nominal_mpc
lhs_047,nominal_mpc,2495.0,0.7806944900132567,0.7841265816747204,2.301015350977296,4.129660322665962,32.104241694714744,False,True,True,False,0.0,False,False,False,False,phase5b0_nominal_mpc
lhs_047,nominal_mpc,2500.0,0.7813170550817579,0.7846971852099617,2.301015350977296,4.1299108513689315,32.078048255189636,False,True,True,False,0.0,False,False,False,False,phase5b0_nominal_mpc
lhs_047,nominal_mpc,2505.0,0.781939620150259,0.7844225853091448,2.301015350977296,4.130185511055802,32.05193680169273,False,True,True,False,0.0,False,False,False,False,phase5b0_nominal_mpc
lhs_047,nominal_mpc,2510.0,0.7825579864278893,0.7844747643349845,2.285496519712721,4.130141119551909,32.025760613919495,True,True,True,False,0.8860458000000335,True,False,False,False,phase5b0_nominal_mpc
lhs_047,nominal_mpc,2515.0,0.7831763527055197,0.7847971814979561,2.285496519712721,4.130420624815312,31.99966812092965,False,True,True,False,0.0,False,False,False,False,phase5b0_nominal_mpc
lhs_047,nominal_mpc,2520.0,0.78379471898315,0.7852711444473901,2.285496519712721,4.130719151584367,31.973662065687215,False,True,True,False,0.0,False,False,False,False,phase5b0_nominal_mpc
lhs_047,nominal_mpc,2525.0,0.7844130852607804,0.7849784882339029,2.285496519712721,4.131033565641671,31.94774465839696,False,True,True,False,0.0,False,False,False,False,phase5b0_nominal_mpc
lhs_047,nominal_mpc,2530.0,0.7850314515384107,0.7860376311365116,2.285496519712721,4.131361387440715,31.921917688678896,False,True,True,False,0.0,False,False,False,False,phase5b0_nominal_mpc
lhs_047,nominal_mpc,2535.0,0.7856477542524029,0.7862953875677005,2.277869539258245,4.131534053981992,31.8961099127862,True,True,True,False,0.8202058999999053,True,False,False,False,phase5b0_nominal_mpc
lhs_047,nominal_mpc,2540.0,0.786264056966395,0.7866978613744476,2.277869539258245,4.131867600923939,31.870393445273013,False,True,True,False,0.0,False,False,False,False,phase5b0_nominal_mpc
lhs_047,nominal_mpc,2545.0,0.7868803596803872,0.7874928797952827,2.277869539258245,4.1322122237030845,31.844769675424327,False,True,True,False,0.0,False,False,False,False,phase5b0_nominal_mpc
lhs_047,nominal_mpc,2550.0,0.7874966623943793,0.7886539690190452,2.277869539258245,4.132566393455095,31.819239734509516,False,True,True,False,0.0,False,False,False,False,phase5b0_nominal_mpc
lhs_047,nominal_mpc,2555.0,0.7881129651083715,0.7897342183794399,2.277869539258245,4.1329288879528345,31.793804548168808,False,True,True,False,0.0,False,False,False,False,phase5b0_nominal_mpc
lhs_047,nominal_mpc,2560.0,0.7887013089572565,0.7897174426957009,2.1745329065715753,4.131041668515645,31.76750160424887,True,True,True,False,0.5307161000000633,True,False,False,False,phase5b0_nominal_mpc
lhs_047,nominal_mpc,2565.0,0.7892896528061416,0.7900451535507949,2.1745329065715753,4.131206962903052,31.741271776401007,False,True,True,False,0.0,False,False,False,False,phase5b0_nominal_mpc
lhs_047,nominal_mpc,2570.0,0.7898779966550267,0.7910234579502281,2.1745329065715753,4.131411425766865,31.71512090091216,False,True,True,False,0.0,False,False,False,False,phase5b0_nominal_mpc
lhs_047,nominal_mpc,2575.0,0.7904663405039117,0.7917379634696309,2.1745329065715753,4.131647459158196,31.68905358049452,False,True,True,False,0.0,False,False,False,False,phase5b0_nominal_mpc
lhs_047,nominal_mpc,2580.0,0.7910546843527968,0.7920455136244046,2.1745329065715753,4.131909099737754,31.663073453336533,False,True,True,False,0.0,False,False,False,False,phase5b0_nominal_mpc
lhs_047,nominal_mpc,2585.0,0.7915475755138922,0.7919501801052816,1.8217374944792584,4.124486357586056,31.634140537608864,True,True,True,False,0.08833870000000843,False,False,False,False,phase5b0_nominal_mpc
lhs_047,nominal_mpc,2590.0,0.7920404666749876,0.7920798199134117,1.8217374944792584,4.124065838819573,31.605237379015353,False,True,True,False,0.0,False,False,False,False,phase5b0_nominal_mpc
lhs_047,nominal_mpc,2595.0,0.792533357836083,0.7918770699562655,1.8217374944792584,4.123773198651886,31.576380744308125,False,True,True,False,0.0,False,False,False,False,phase5b0_nominal_mpc
lhs_047,nominal_mpc,2600.0,0.7930262489971784,0.7916319555034272,1.8217374944792584,4.123582007876532,31.547583800794406,False,True,True,False,0.0,False,False,False,False,phase5b0_nominal_mpc
lhs_047,nominal_mpc,2605.0,0.7935191401582739,0.7917294379362703,1.8217374944792584,4.123471582924128,31.51885690952251,False,True,True,False,0.0,False,False,False,False,phase5b0_nominal_mpc
lhs_047,nominal_mpc,2610.0,0.7941298173040302,0.7915100426260532,2.257077304801859,4.132933457031836,31.493912359994646,True,True,True,False,1.1431943000000047,True,False,False,False,phase5b0_nominal_mpc
lhs_047,nominal_mpc,2615.0,0.7947404944497866,0.7918726165374874,2.257077304801859,4.1338279206638475,31.46914801405743,False,True,True,False,0.0,False,False,False,False,phase5b0_nominal_mpc
lhs_047,nominal_mpc,2620.0,0.7953511715955429,0.7930948556621595,2.257077304801859,4.1346241853996,31.444546866419984,False,True,True,False,0.0,False,False,False,False,phase5b0_nominal_mpc
lhs_047,nominal_mpc,2625.0,0.7959618487412993,0.7935735792583496,2.257077304801859,4.135344215903665,31.420095624459446,False,True,True,False,0.0,False,False,False,False,phase5b0_nominal_mpc
lhs_047,nominal_mpc,2630.0,0.7965725258870556,0.7950901819330879,2.257077304801859,4.136005147219899,31.395783880003357,False,True,True,False,0.0,False,False,False,False,phase5b0_nominal_mpc
lhs_047,nominal_mpc,2635.0,0.796968314946248,0.7955099628398131,1.462845808459813,4.119275393875864,31.3651584220492,True,True,True,False,0.07035230000008141,False,False,False,False,phase5b0_nominal_mpc
lhs_047,nominal_mpc,2640.0,0.7973641040054403,0.7960845413673063,1.462845808459813,4.118235282899157,31.33453679444848,False,True,True,False,0.0,False,False,False,False,phase5b0_nominal_mpc
lhs_047,nominal_mpc,2645.0,0.7977598930646327,0.7970638959502022,1.462845808459813,4.117423598003906,31.303943255752984,False,True,True,False,0.0,False,False,False,False,phase5b0_nominal_mpc
lhs_047,nominal_mpc,2650.0,0.798155682123825,0.7964353939100803,1.462845808459813,4.116792341536561,31.273396806049142,False,True,True,False,0.0,False,False,False,False,phase5b0_nominal_mpc
lhs_047,nominal_mpc,2655.0,0.7985514711830174,0.7966657020547172,1.462845808459813,4.116303976243941,31.242912355180636,False,True,True,False,0.0,False,False,False,False,phase5b0_nominal_mpc
lhs_047,nominal_mpc,2660.0,0.7988410814205268,0.797145416368682,1.070406349514251,4.107359052911093,31.21006665969999,True,True,True,False,0.07079299999998057,False,False,False,False,phase5b0_nominal_mpc
lhs_047,nominal_mpc,2665.0,0.7991306916580362,0.7965966528420657,1.070406349514251,4.1062745112707875,31.17727867917747,False,True,True,False,0.0,False,False,False,False,phase5b0_nominal_mpc
lhs_047,nominal_mpc,2670.0,0.7994203018955456,0.7974504543985711,1.070406349514251,4.105388759129223,31.144563546698713,False,True,True,False,0.0,False,False,False,False,phase5b0_nominal_mpc
lhs_047,nominal_mpc,2675.0,0.799709912133055,0.7980630962279971,1.070406349514251,4.104660842902967,31.111933120099742,False,True,True,False,0.0,False,False,False,False,phase5b0_nominal_mpc
lhs_047,nominal_mpc,2680.0,0.7999995223705644,0.7988431732527379,1.070406349514251,4.10405871088898,31.079396702727582,False,True,True,False,0.0,False,False,False,False,phase5b0_nominal_mpc
lhs_047,nominal_mpc,2685.0,0.8001603968027666,0.7987730295465452,0.5945957407607331,4.093166766034055,31.044717475326742,True,True,True,False,0.08686920000002374,False,False,False,False,phase5b0_nominal_mpc
lhs_047,nominal_mpc,2690.0,0.8003212712349689,0.7994111428455856,0.5945957407607331,4.091776294247179,31.010141522973953,False,True,True,False,0.0,False,False,False,False,phase5b0_nominal_mpc
