time_s,charge_current_a,soc,terminal_voltage_v,average_temperature_c,control_mode,optimizer_success,prediction_feasible,used_fallback,safety_override,target_current_cap_active,solve_time_s,predicted_maximum_voltage_v,predicted_maximum_temperature_c,source
0.0,0.0,0.1,3.2959070147319616,25.0,initial,True,True,False,False,False,0.0,,,reduced_model
5.0,2.0,0.10055555555555556,3.3455056002961303,25.007004458575764,startup_reference_governor,True,True,False,False,False,0.0,3.3455056002961303,25.007004458575764,reduced_model
10.0,4.0,0.10166666666666667,3.4008262851352056,25.036521470261302,startup_reference_governor,True,True,False,False,False,0.0,3.4008262851352056,25.036521470261302,reduced_model
15.0,6.0,0.10333333333333333,3.4609603507892244,25.10579414910854,startup_reference_governor,True,True,False,False,False,0.0,3.4609603507892244,25.10579414910854,reduced_model
20.0,8.0,0.10555555555555556,3.5252111828954265,25.23330447420296,startup_reference_governor,True,True,False,False,False,0.0,3.5252111828954265,25.23330447420296,reduced_model
25.0,8.126906749398541,0.1078130296526107,3.546614347624025,25.37307003385819,thermal_budget_mpc,True,True,False,False,False,1.3063939999992726,3.789683053214414,32.401854062303435,reduced_model
30.0,8.094954201833206,0.11006162804200882,3.561925986397204,25.51853186769563,thermal_budget_mpc,True,True,False,False,False,1.471996999998737,3.791666677310562,32.4484879512332,reduced_model
35.0,8.019847026709623,0.11228936332720595,3.5741015109606398,25.666727230519122,thermal_budget_mpc,True,True,False,False,False,0.6368185000010271,3.890782254410948,33.26890291831141,reduced_model
40.0,8.005096768349686,0.11451300131841419,3.5860588878976247,25.81840950358702,thermal_budget_mpc,True,True,False,False,False,0.9257469000003766,3.868157497957884,33.50000007675922,reduced_model
45.0,8.004841025291357,0.116736568269884,3.597209017133443,25.97323804222036,thermal_budget_mpc,True,True,False,False,False,0.4498379999986355,3.8654839473511906,33.500000000686526,reduced_model
50.0,8.004623473966559,0.11896007479043028,3.6074897875629452,26.130605005316,thermal_budget_mpc,True,True,False,False,False,0.44946040000104404,3.86288265775039,33.500000012154594,reduced_model
55.0,8.004286204338495,0.12118348762496875,3.617082222403205,26.29003455867062,thermal_budget_mpc,True,True,False,False,False,0.4702723000009428,3.8603229767448957,33.50000000266228,reduced_model
60.0,8.004074924895663,0.1234068417707731,3.626130871189226,26.451162621858398,thermal_budget_mpc,True,True,False,False,False,0.5603873000000021,3.8575192205547397,33.50000000233747,reduced_model
65.0,8.002548134568977,0.12562977180815338,3.6347048265628468,26.613652229964703,thermal_budget_mpc,True,True,False,False,False,0.5506869000000734,3.8318896584442563,33.50000002375523,reduced_model
70.0,8.002375326409046,0.127852653843267,3.6429450070932674,26.77731789425719,thermal_budget_mpc,True,True,False,False,False,0.6121263999993971,3.832822551158661,33.50000001076651,reduced_model
75.0,8.002193618098767,0.13007548540384997,3.650881298878803,26.941972946351264,thermal_budget_mpc,True,True,False,False,False,0.28155249999872467,3.831624392020024,33.500000003810136,reduced_model
80.0,8.00208019423698,0.1322982854578047,3.6585601577887945,27.107467223451422,thermal_budget_mpc,True,True,False,False,False,0.27532830000018294,3.8304688439863717,33.50000003515638,reduced_model
85.0,8.001839551148603,0.13452101866645708,3.6660106957113427,27.273669299925892,thermal_budget_mpc,True,True,False,False,False,0.31681750000097963,3.829283705320532,33.50000000239264,reduced_model
90.0,8.000993392572216,0.13674351683106048,3.673246344036205,27.440449667001104,thermal_budget_mpc,True,True,False,False,False,0.8105187000001024,3.8182639840568617,33.50000006353821,reduced_model
95.0,8.000804238414233,0.1389659624528422,3.6803162096757713,27.60773947020699,thermal_budget_mpc,True,True,False,False,False,0.28302289999919594,3.817280387450045,33.50000000288383,reduced_model
100.0,8.000661169015881,0.1411883683331244,3.6872222786250557,27.775460518500637,thermal_budget_mpc,True,True,False,False,False,0.2794682000003377,3.816359608025968,33.500000004675385,reduced_model
105.0,8.000527402399385,0.14341073705601312,3.6939752137849124,27.943542570462245,thermal_budget_mpc,True,True,False,False,False,0.28184740000142483,3.8154807808261384,33.50000000104284,reduced_model
110.0,8.000385869322328,0.14563306646415822,3.7005834619907114,28.11192207180702,thermal_budget_mpc,True,True,False,False,False,0.3135497999992367,3.814581657339027,33.500000002860745,reduced_model
115.0,7.999705726146034,0.14785520694364324,3.707040791450405,28.28052137370017,thermal_budget_mpc,True,True,False,False,False,0.8687193000005209,3.807152254465745,33.500000023263325,reduced_model
120.0,8.0,0.15007742916586544,3.7133885042190955,28.44932374349994,startup_reference_governor,True,True,False,False,False,0.0,3.7133885042190955,28.44932374349994,reduced_model
125.0,7.99946625402594,0.1522995031253171,3.719589337362677,28.6182500132033,thermal_budget_mpc,True,True,False,False,False,0.27740170000106446,3.8056684396922678,33.50000001983356,reduced_model
130.0,8.0,0.1545217253475393,3.725690995565737,28.787294790541242,startup_reference_governor,True,True,False,False,False,0.0,3.725690995565737,28.787294790541242,reduced_model
135.0,7.99924103489545,0.15674373674612138,3.731641151678971,28.956367391728957,thermal_budget_mpc,True,True,False,False,False,0.3675258000002941,3.8043088505640874,33.500000001175074,reduced_model
140.0,8.0,0.1589659589683436,3.737507550717193,29.125484803717182,startup_reference_governor,True,True,False,False,False,0.0,3.737507550717193,29.125484803717182,reduced_model
145.0,7.99866737728831,0.16118781101759033,3.743207553276441,29.29453022395751,thermal_budget_mpc,True,True,False,False,False,0.6011355000009644,3.7975294417485497,33.500000090658126,reduced_model
150.0,8.0,0.16341003323981254,3.7488538913304756,29.463568425318613,startup_reference_governor,True,True,False,False,False,0.0,3.7488538913304756,29.463568425318613,reduced_model
155.0,7.800378827771194,0.16557680513641565,3.7494403085476744,29.624860351087538,thermal_budget_mpc,True,True,False,False,False,0.6001414000002114,3.7974397022979387,33.500000028775,reduced_model
160.0,8.0,0.16779902735863786,3.7592105170700743,29.79342564902504,startup_reference_governor,True,True,False,False,False,0.0,3.7592105170700743,29.79342564902504,reduced_model
165.0,7.200955082732327,0.16979929265939683,3.7449096594082305,29.931932471624677,thermal_budget_mpc,True,True,False,False,False,0.8099587999986397,3.7929722800066306,33.50000008242368,reduced_model
170.0,8.0,0.17202151488161904,3.7676786269058953,30.099232759528935,startup_reference_governor,True,True,False,False,False,0.0,3.7676786269058953,30.099232759528935,reduced_model
175.0,6.201027206515319,0.1737440224389844,3.728893817176402,30.202101252472204,thermal_budget_mpc,True,True,False,False,False,0.24774400000023888,3.7929579277699172,33.50000005804838,reduced_model
180.0,8.0,0.1759662446612066,3.7736329148211376,30.36711265366676,startup_reference_governor,True,True,False,False,False,0.0,3.7736329148211376,30.36711265366676,reduced_model
185.0,6.0,0.1776329113278733,3.73035908194632,30.461637977167978,thermal_budget_mpc,True,True,False,False,False,0.46735400000034133,3.7893737034085384,33.50000001109206,reduced_model
190.0,5.002957907013262,0.1790226218575992,3.706113660440045,30.52431420184451,thermal_budget_mpc,True,True,False,False,False,0.3207151000005979,3.792354323635007,33.500000003904894,reduced_model
195.0,5.0027858633894216,0.1804122845974296,3.704374765602303,30.58483341434013,thermal_budget_mpc,True,True,False,False,False,0.7173004000014771,3.7888702317567073,33.50000009492382,reduced_model
200.0,5.002769971001223,0.18180194292270774,3.7035564607839255,30.643637951487538,thermal_budget_mpc,True,True,False,False,False,0.23887570000078995,3.788573873044115,33.50000000138335,reduced_model
205.0,5.002772632212885,0.18319160198721132,3.703419513038846,30.70105726873527,thermal_budget_mpc,True,True,False,False,False,0.20129820000147447,3.7882795099850224,33.500000001370175,reduced_model
210.0,5.002743113863295,0.18458125285217336,3.7037857550303617,30.757337820754216,thermal_budget_mpc,True,True,False,False,False,0.26951029999872844,3.787985524419047,33.500000006931685,reduced_model
215.0,5.00274443157646,0.18597090408316683,3.7045241121117387,30.812666658963636,thermal_budget_mpc,True,True,False,False,False,0.27412980000008247,3.7876853125116763,33.500000002040636,reduced_model
220.0,5.002384981470941,0.18736045546690874,3.7055257843148373,30.867174495916135,thermal_budget_mpc,True,True,False,False,False,0.7194177000001218,3.7851199444652406,33.50000004332417,reduced_model
225.0,5.002360946725403,0.18875000017433247,3.7067325282359427,30.920976396019118,thermal_budget_mpc,True,True,False,False,False,0.24203879999913624,3.78492616743009,33.500000002371344,reduced_model
230.0,5.002345456144344,0.19013954057881702,3.7080815877400126,30.974153218114964,thermal_budget_mpc,True,True,False,False,False,0.1861053999982687,3.7847355284238158,33.50000000492502,reduced_model
235.0,5.002277042242119,0.19152906197943984,3.7095296170712544,31.026764938945625,thermal_budget_mpc,True,True,False,False,False,0.211315000000468,3.784546895733756,33.500000001157524,reduced_model
240.0,5.002240162086732,0.19291857313557503,3.711047126177274,31.078859355871998,thermal_budget_mpc,True,True,False,False,False,0.28204359999836015,3.7843543038223055,33.50000000141194,reduced_model
245.0,5.001780648688465,0.1943079566490996,3.7125994709231103,31.130461292417813,thermal_budget_mpc,True,True,False,False,False,0.5170309000004636,3.7815680531766533,33.500000074537745,reduced_model
250.0,5.002281932685763,0.195697479408179,3.7142017250538624,31.18162428890985,thermal_budget_mpc,True,True,False,False,False,0.15932640000028186,3.78148177202212,33.50000000101325,reduced_model
255.0,5.0029406965848064,0.19708718515723034,3.715823469032642,31.23237504649321,thermal_budget_mpc,True,True,False,False,False,0.15927920000103768,3.781399658223725,33.50000000050982,reduced_model
260.0,5.00426555850267,0.1984772589234811,3.7174671631587795,31.282749319527174,thermal_budget_mpc,True,True,False,False,False,0.16078729999935604,3.7813210796205188,33.50000000110721,reduced_model
265.0,5.008233167873892,0.19986843480344604,3.719174974678973,31.332832782810087,thermal_budget_mpc,True,True,False,False,False,0.41370740000093065,3.781994012164511,33.50000000010853,reduced_model
270.0,5.783189519272696,0.20147487633657735,3.7397711087914693,31.404348321537803,thermal_budget_mpc,True,True,False,False,False,0.608355099999244,3.7799462769835386,33.50000000704823,reduced_model
275.0,5.0,0.20286376522546623,3.7241726094170495,31.454061849332817,terminal_reference_governor,True,True,False,False,False,0.0,3.7241726094170495,31.454061849332817,reduced_model
280.0,5.0,0.20425265411435511,3.725395916759622,31.503241829790333,terminal_reference_governor,True,True,False,False,False,0.0,3.725395916759622,31.503241829790333,reduced_model
285.0,5.0,0.205641543003244,3.726695870331968,31.551935316923398,terminal_reference_governor,True,True,False,False,False,0.0,3.726695870331968,31.551935316923398,reduced_model
290.0,5.0,0.20703043189213288,3.7280492500304847,31.600178372523544,terminal_reference_governor,True,True,False,False,False,0.0,3.7280492500304847,31.600178372523544,reduced_model
295.0,5.0,0.20841932078102177,3.72943875561407,31.647998868559984,terminal_reference_governor,True,True,False,False,False,0.0,3.72943875561407,31.647998868559984,reduced_model
300.0,5.0,0.20980820966991065,3.7308515175659216,31.69541853203494,terminal_reference_governor,True,True,False,False,False,0.0,3.7308515175659216,31.69541853203494,reduced_model
305.0,5.0,0.21119709855879953,3.732277982753277,31.74245447559435,terminal_reference_governor,True,True,False,False,False,0.0,3.732277982753277,31.74245447559435,reduced_model
310.0,5.0,0.21258598744768842,3.7337110805462617,31.789120343319027,terminal_reference_governor,True,True,False,False,False,0.0,3.7337110805462617,31.789120343319027,reduced_model
315.0,5.0,0.2139748763365773,3.735145598802925,31.8354271685445,terminal_reference_governor,True,True,False,False,False,0.0,3.735145598802925,31.8354271685445,reduced_model
320.0,5.0,0.21536376522546619,3.7365777168962655,31.88138401618059,terminal_reference_governor,True,True,False,False,False,0.0,3.7365777168962655,31.88138401618059,reduced_model
325.0,5.0,0.21675265411435507,3.738004656255388,31.92699846376088,terminal_reference_governor,True,True,False,False,False,0.0,3.738004656255388,31.92699846376088,reduced_model
330.0,5.0,0.21814154300324395,3.739424418842355,31.97227696180218,terminal_reference_governor,True,True,False,False,False,0.0,3.739424418842355,31.97227696180218,reduced_model
335.0,5.0,0.21953043189213284,3.7408355914314324,32.01722510384036,terminal_reference_governor,True,True,False,False,False,0.0,3.7408355914314324,32.01722510384036,reduced_model
340.0,5.0,0.22091932078102172,3.742237199128526,32.06184782886576,terminal_reference_governor,True,True,False,False,False,0.0,3.742237199128526,32.06184782886576,reduced_model
345.0,5.0,0.2223082096699106,3.743628595737441,32.10614957316224,terminal_reference_governor,True,True,False,False,False,0.0,3.743628595737441,32.10614957316224,reduced_model
350.0,5.0,0.2236970985587995,3.7450093816990706,32.150134384274075,terminal_reference_governor,True,True,False,False,False,0.0,3.7450093816990706,32.150134384274075,reduced_model
355.0,5.0,0.22508598744768837,3.7463793426639214,32.193806006622644,terminal_reference_governor,True,True,False,False,False,0.0,3.7463793426639214,32.193806006622644,reduced_model
360.0,5.0,0.22647487633657726,3.747738403505114,32.23716794589838,terminal_reference_governor,True,True,False,False,False,0.0,3.747738403505114,32.23716794589838,reduced_model
365.0,5.0,0.22786376522546614,3.7490865938860516,32.28022351756026,terminal_reference_governor,True,True,False,False,False,0.0,3.7490865938860516,32.28022351756026,reduced_model
370.0,5.0,0.22925265411435503,3.750424022475033,32.32297588343325,terminal_reference_governor,True,True,False,False,False,0.0,3.750424022475033,32.32297588343325,reduced_model
375.0,5.0,0.2306415430032439,3.7517508576309404,32.36542807939003,terminal_reference_governor,True,True,False,False,False,0.0,3.7517508576309404,32.36542807939003,reduced_model
380.0,5.0,0.2320304318921328,3.7530673129318206,32.407583036351966,terminal_reference_governor,True,True,False,False,False,0.0,3.7530673129318206,32.407583036351966,reduced_model
385.0,5.0,0.23341932078102168,3.7543736363279714,32.449443596281995,terminal_reference_governor,True,True,False,False,False,0.0,3.7543736363279714,32.449443596281995,reduced_model
390.0,5.0,0.23480820966991056,3.7556701020077905,32.491012524421414,terminal_reference_governor,True,True,False,False,False,0.0,3.7556701020077905,32.491012524421414,reduced_model
395.0,5.0,0.23619709855879945,3.756957004294163,32.53229251870758,terminal_reference_governor,True,True,False,False,False,0.0,3.756957004294163,32.53229251870758,reduced_model
400.0,5.0,0.23758598744768833,3.7582346530608,32.57328621707416,terminal_reference_governor,True,True,False,False,False,0.0,3.7582346530608,32.57328621707416,reduced_model
405.0,5.0,0.2389748763365772,3.759503370286508,32.61399620315897,terminal_reference_governor,True,True,False,False,False,0.0,3.759503370286508,32.61399620315897,reduced_model
410.0,5.0,0.2403637652254661,3.760763487461465,32.65442501081273,terminal_reference_governor,True,True,False,False,False,0.0,3.760763487461465,32.65442501081273,reduced_model
415.0,5.0,0.24175265411435498,3.7620153436315458,32.69457512770327,terminal_reference_governor,True,True,False,False,False,0.0,3.7620153436315458,32.69457512770327,reduced_model
420.0,5.0,0.24314154300324387,3.76325928392059,32.73444899823563,terminal_reference_governor,True,True,False,False,False,0.0,3.76325928392059,32.73444899823563,reduced_model
425.0,5.0,0.24453043189213275,3.764495658410759,32.77404902595363,terminal_reference_governor,True,True,False,False,False,0.0,3.764495658410759,32.77404902595363,reduced_model
430.0,5.0,0.24591932078102163,3.7657248212913186,32.81337757554658,terminal_reference_governor,True,True,False,False,False,0.0,3.7657248212913186,32.81337757554658,reduced_model
435.0,5.0,0.24730820966991052,3.7669471302087185,32.8524369745542,terminal_reference_governor,True,True,False,False,False,0.0,3.7669471302087185,32.8524369745542,reduced_model
440.0,5.0,0.2486970985587994,3.768162945767703,32.89122951483953,terminal_reference_governor,True,True,False,False,False,0.0,3.768162945767703,32.89122951483953,reduced_model
445.0,5.0,0.2500859874476883,3.7693726311458815,32.929757453882125,terminal_reference_governor,True,True,False,False,False,0.0,3.7693726311458815,32.929757453882125,reduced_model
450.0,5.0,0.25147487633657717,3.7705765517935643,32.96802301593102,terminal_reference_governor,True,True,False,False,False,0.0,3.7705765517935643,32.96802301593102,reduced_model
455.0,5.0,0.25286376522546605,3.771775075197809,33.00602839304712,terminal_reference_governor,True,True,False,False,False,0.0,3.771775075197809,33.00602839304712,reduced_model
460.0,5.0,0.25425265411435494,3.7729685706948692,33.04377574605739,terminal_reference_governor,True,True,False,False,False,0.0,3.7729685706948692,33.04377574605739,reduced_model
465.0,5.0,0.2556415430032438,3.7741574093192285,33.08126720543776,terminal_reference_governor,True,True,False,False,False,0.0,3.7741574093192285,33.08126720543776,reduced_model
470.0,5.0,0.2570304318921327,3.775341963680365,33.11850487213758,terminal_reference_governor,True,True,False,False,False,0.0,3.775341963680365,33.11850487213758,reduced_model
475.0,5.0,0.2584193207810216,3.776522607860584,33.155490818355446,terminal_reference_governor,True,True,False,False,False,0.0,3.776522607860584,33.155490818355446,reduced_model
480.0,5.0,0.2598082096699105,3.77769971732896,33.19222708827382,terminal_reference_governor,True,True,False,False,False,0.0,3.77769971732896,33.19222708827382,reduced_model
485.0,5.0,0.26119709855879936,3.7788736688676328,33.228715698758116,terminal_reference_governor,True,True,False,False,False,0.0,3.7788736688676328,33.228715698758116,reduced_model
490.0,5.0,0.26258598744768824,3.780044840507664,33.26495864002491,terminal_reference_governor,True,True,False,False,False,0.0,3.780044840507664,33.26495864002491,reduced_model
495.0,5.0,0.2639748763365771,3.7812136114723294,33.30095787628247,terminal_reference_governor,True,True,False,False,False,0.0,3.7812136114723294,33.30095787628247,reduced_model
500.0,5.0,0.265363765225466,3.7823803621262675,33.33671534634656,terminal_reference_governor,True,True,False,False,False,0.0,3.7823803621262675,33.33671534634656,reduced_model
505.0,5.0,0.2667526541143549,3.783545473929288,33.37223296423362,terminal_reference_governor,True,True,False,False,False,0.0,3.783545473929288,33.37223296423362,reduced_model
510.0,5.0,0.2681415430032438,3.7847093293939236,33.407512619733026,terminal_reference_governor,True,True,False,False,False,0.0,3.7847093293939236,33.407512619733026,reduced_model
515.0,5.0,0.26953043189213266,3.7858723120460476,33.44255617896001,terminal_reference_governor,True,True,False,False,False,0.0,3.7858723120460476,33.44255617896001,reduced_model
520.0,5.0,0.27091932078102154,3.7870348063880366,33.47736548489028,terminal_reference_governor,True,True,False,False,False,0.0,3.7870348063880366,33.47736548489028,reduced_model
525.0,4.536038952501258,0.27217933160116076,3.776884876191699,33.5000099999981,terminal_reference_governor,True,True,False,False,False,0.0,3.776884876191699,33.5000099999981,reduced_model
530.0,3.581782465771539,0.27317427117498616,3.7536457401265007,33.50000999999798,terminal_reference_governor,True,True,False,False,False,0.0,3.7536457401265007,33.50000999999798,reduced_model
535.0,3.624997889128281,0.27418121503307735,3.752600856150142,33.50000999999827,terminal_reference_governor,True,True,False,False,False,0.0,3.752600856150142,33.50000999999827,reduced_model
540.0,3.6584820751158986,0.27519746005394286,3.7520103679215633,33.50000999999935,terminal_reference_governor,True,True,False,False,False,0.0,3.7520103679215633,33.50000999999935,reduced_model
545.0,3.6846895213238895,0.27622098492097724,3.7517487258676714,33.50000999999857,terminal_reference_governor,True,True,False,False,False,0.0,3.7517487258676714,33.50000999999857,reduced_model
550.0,3.705477013863856,0.277250284091495,3.7517265764331857,33.500009999997395,terminal_reference_governor,True,True,False,False,False,0.0,3.7517265764331857,33.500009999997395,reduced_model
555.0,3.7222334145917557,0.27828423781777045,3.7518801404694897,33.500009999997914,terminal_reference_governor,True,True,False,False,False,0.0,3.7518801404694897,33.500009999997914,reduced_model
560.0,3.735988486005226,0.2793220123972163,3.7521637581437934,33.50000999999755,terminal_reference_governor,True,True,False,False,False,0.0,3.7521637581437934,33.50000999999755,reduced_model
565.0,3.747501197067322,0.2803629849519573,3.7525446583073903,33.50000999999943,terminal_reference_governor,True,True,False,False,False,0.0,3.7525446583073903,33.50000999999943,reduced_model
570.0,3.7573287660779897,0.28140668738697894,3.752999266976154,33.500009999997665,terminal_reference_governor,True,True,False,False,False,0.0,3.752999266976154,33.500009999997665,reduced_model
575.0,3.765879367419984,0.28245276498904004,3.7535105897329104,33.50000999999923,terminal_reference_governor,True,True,False,False,False,0.0,3.7535105897329104,33.50000999999923,reduced_model
580.0,3.7734517191711348,0.28350094602214315,3.7540663485783567,33.50000999999979,terminal_reference_governor,True,True,False,False,False,0.0,3.7540663485783567,33.50000999999979,reduced_model
585.0,3.7802644952898845,0.284551019493057,3.7546576521158372,33.50000999999924,terminal_reference_governor,True,True,False,False,False,0.0,3.7546576521158372,33.50000999999924,reduced_model
590.0,3.7864780036034063,0.28560281893850237,3.7552780442252414,33.5000099999981,terminal_reference_governor,True,True,False,False,False,0.0,3.7552780442252414,33.5000099999981,reduced_model
595.0,3.7922100779542234,0.286656210626823,3.7559228224358407,33.50000999999715,terminal_reference_governor,True,True,False,False,False,0.0,3.7559228224358407,33.50000999999715,reduced_model
600.0,3.797547682042932,0.28771108498294606,3.756588548913288,33.50000999999928,terminal_reference_governor,True,True,False,False,False,0.0,3.756588548913288,33.50000999999928,reduced_model
605.0,3.802555357251549,0.2887673503599604,3.7572726992737793,33.50000999999932,terminal_reference_governor,True,True,False,False,False,0.0,3.7572726992737793,33.50000999999932,reduced_model
610.0,3.807281362096546,0.2898249285160983,3.75797341022738,33.500009999998014,terminal_reference_governor,True,True,False,False,False,0.0,3.75797341022738,33.500009999998014,reduced_model
615.0,3.8117621245328337,0.29088375132846855,3.7586892980495668,33.50000999999916,terminal_reference_governor,True,True,False,False,False,0.0,3.7586892980495668,33.50000999999916,reduced_model
620.0,3.816025468695443,0.29194375840310616,3.7594193279482955,33.50000999999933,terminal_reference_governor,True,True,False,False,False,0.0,3.7594193279482955,33.50000999999933,reduced_model
625.0,3.820092952810228,0.29300489533444235,3.7601627200221013,33.50000999999987,terminal_reference_governor,True,True,False,False,False,0.0,3.7601627200221013,33.50000999999987,reduced_model
630.0,3.823981559544336,0.29406711243431577,3.7609188814451717,33.500009999999016,terminal_reference_governor,True,True,False,False,False,0.0,3.7609188814451717,33.500009999999016,reduced_model
635.0,3.827704920549877,0.29513036380113516,3.761687357582063,33.50000999999908,terminal_reference_governor,True,True,False,False,False,0.0,3.761687357582063,33.50000999999908,reduced_model
640.0,3.831274201220367,0.2961946066348075,3.7624677966548634,33.50000999999902,terminal_reference_governor,True,True,False,False,False,0.0,3.7624677966548634,33.50000999999902,reduced_model
645.0,3.834698741993634,0.29725980072980573,3.7632599242120834,33.50000999999717,terminal_reference_governor,True,True,False,False,False,0.0,3.7632599242120834,33.50000999999717,reduced_model
650.0,3.8379865225579124,0.29832590809718296,3.7640635246266823,33.500009999999875,terminal_reference_governor,True,True,False,False,False,0.0,3.7640635246266823,33.500009999999875,reduced_model
655.0,3.841144496545894,0.2993928926795568,3.764878427615906,33.50000999999992,terminal_reference_governor,True,True,False,False,False,0.0,3.764878427615906,33.50000999999992,reduced_model
660.0,3.8441788374620955,0.3004607201344074,3.765703875614175,33.500009999997964,terminal_reference_governor,True,True,False,False,False,0.0,3.765703875614175,33.500009999997964,reduced_model
665.0,3.847095114615513,0.30152935766624506,3.7665347136746776,33.500009999998674,terminal_reference_governor,True,True,False,False,False,0.0,3.7665347136746776,33.500009999998674,reduced_model
670.0,3.849898421758553,0.30259877389451134,3.767369612906434,33.500009999998305,terminal_reference_governor,True,True,False,False,False,0.0,3.767369612906434,33.500009999998305,reduced_model
675.0,3.8525934726931155,0.3036689387480372,3.7682083368385957,33.50000999999951,terminal_reference_governor,True,True,False,False,False,0.0,3.7682083368385957,33.50000999999951,reduced_model
680.0,3.8551846690825187,0.3047398233783379,3.7690506653627236,33.50000999999811,terminal_reference_governor,True,True,False,False,False,0.0,3.7690506653627236,33.50000999999811,reduced_model
685.0,3.857676152838394,0.30581140008745966,3.7698963925628517,33.50000999999711,terminal_reference_governor,True,True,False,False,False,0.0,3.7698963925628517,33.50000999999711,reduced_model
690.0,3.8600718429370318,0.3068836422660533,3.770745325007912,33.50000999999765,terminal_reference_governor,True,True,False,False,False,0.0,3.770745325007912,33.50000999999765,reduced_model
695.0,3.862375464377692,0.30795652433949156,3.7715972804577325,33.500009999999406,terminal_reference_governor,True,True,False,False,False,0.0,3.7715972804577325,33.500009999999406,reduced_model
700.0,3.8645905697194394,0.3090300217199692,3.772452086831991,33.500009999999264,terminal_reference_governor,True,True,False,False,False,0.0,3.772452086831991,33.500009999999264,reduced_model
705.0,3.866720556106884,0.3101041107633322,3.773309581391912,33.50000999999759,terminal_reference_governor,True,True,False,False,False,0.0,3.773309581391912,33.50000999999759,reduced_model
710.0,3.8687686780758668,0.31117876872946443,3.7741696100567617,33.50000999999962,terminal_reference_governor,True,True,False,False,False,0.0,3.7741696100567617,33.50000999999962,reduced_model
715.0,3.8707380571577232,0.3122539737453416,3.7750320268161146,33.50000999999978,terminal_reference_governor,True,True,False,False,False,0.0,3.7750320268161146,33.50000999999978,reduced_model
720.0,3.8726316919201054,0.31332970477087496,3.7758966932804423,33.50000999999757,terminal_reference_governor,True,True,False,False,False,0.0,3.7758966932804423,33.50000999999757,reduced_model
725.0,3.874452464369824,0.31440594156653323,3.7767634782443236,33.50000999999963,terminal_reference_governor,True,True,False,False,False,0.0,3.7767634782443236,33.50000999999963,reduced_model
730.0,3.8762031449005008,0.31548266466233893,3.7776322572857484,33.50000999999882,terminal_reference_governor,True,True,False,False,False,0.0,3.7776322572857484,33.50000999999882,reduced_model
735.0,3.8778863997140434,0.31655985532892617,3.778502912479687,33.50000999999747,terminal_reference_governor,True,True,False,False,False,0.0,3.778502912479687,33.50000999999747,reduced_model
740.0,3.8795047938765492,0.3176374955494474,3.7793753320551704,33.50000999999743,terminal_reference_governor,True,True,False,False,False,0.0,3.7793753320551704,33.50000999999743,reduced_model
745.0,3.8810607959749177,0.3187155679927738,3.7802494101219946,33.50000999999854,terminal_reference_governor,True,True,False,False,False,0.0,3.7802494101219946,33.50000999999854,reduced_model
750.0,3.8825567820458673,0.31979405598778654,3.781125046409493,33.50000999999784,terminal_reference_governor,True,True,False,False,False,0.0,3.781125046409493,33.50000999999784,reduced_model
755.0,3.883995039650472,0.3208729434988006,3.782002146032605,33.500009999998504,terminal_reference_governor,True,True,False,False,False,0.0,3.782002146032605,33.500009999998504,reduced_model
760.0,3.8853777703479864,0.32195221510167504,3.782880619240011,33.50000999999996,terminal_reference_governor,True,True,False,False,False,0.0,3.782880619240011,33.50000999999996,reduced_model
765.0,3.8867070934793446,0.32303185596097483,3.7837603812089764,33.50000999999977,terminal_reference_governor,True,True,False,False,False,0.0,3.7837603812089764,33.50000999999977,reduced_model
770.0,3.887985049368581,0.32411185180802166,3.7846413518428395,33.50000999999892,terminal_reference_governor,True,True,False,False,False,0.0,3.7846413518428395,33.50000999999892,reduced_model
775.0,3.889213601796655,0.32519218891963186,3.7855234555646096,33.5000099999982,terminal_reference_governor,True,True,False,False,False,0.0,3.7855234555646096,33.5000099999982,reduced_model
780.0,3.890394640911836,0.32627285409766293,3.786406621132328,33.50000999999704,terminal_reference_governor,True,True,False,False,False,0.0,3.786406621132328,33.50000999999704,reduced_model
785.0,3.8915299861400854,0.3273538346493685,3.787290781466124,33.500009999997204,terminal_reference_governor,True,True,False,False,False,0.0,3.787290781466124,33.500009999997204,reduced_model
790.0,3.892621388367843,0.3284351183683596,3.788175873468603,33.5000099999984,terminal_reference_governor,True,True,False,False,False,0.0,3.788175873468603,33.5000099999984,reduced_model
795.0,3.893670532706892,0.3295166935163337,3.7890618378681853,33.50000999999972,terminal_reference_governor,True,True,False,False,False,0.0,3.7890618378681853,33.50000999999972,reduced_model
800.0,3.894679040822666,0.33059854880545114,3.789948619061826,33.50000999999973,terminal_reference_governor,True,True,False,False,False,0.0,3.789948619061826,33.50000999999973,reduced_model
805.0,3.895648473262554,0.3316806733813574,3.7908361649662714,33.500009999997054,terminal_reference_governor,True,True,False,False,False,0.0,3.7908361649662714,33.500009999997054,reduced_model
810.0,3.8965803320752457,0.3327630568069339,3.7917244268847448,33.50000999999904,terminal_reference_governor,True,True,False,False,False,0.0,3.7917244268847448,33.50000999999904,reduced_model
815.0,3.8974760613928083,0.3338456890462097,3.7926133593327958,33.500009999998106,terminal_reference_governor,True,True,False,False,False,0.0,3.7926133593327958,33.500009999998106,reduced_model
820.0,3.8983370519417804,0.33492856044952685,3.793502919963472,33.50000999999794,terminal_reference_governor,True,True,False,False,False,0.0,3.793502919963472,33.50000999999794,reduced_model
825.0,3.8991646410431713,0.3360116617387055,3.7943930693962287,33.50000999999886,terminal_reference_governor,True,True,False,False,False,0.0,3.7943930693962287,33.50000999999886,reduced_model
830.0,3.8999601153773256,0.337094983992977,3.7952837711145797,33.500009999999925,terminal_reference_governor,True,True,False,False,False,0.0,3.7952837711145797,33.500009999999925,reduced_model
835.0,3.9007247127301525,0.33817851863540205,3.796174991347951,33.50000999999856,terminal_reference_governor,True,True,False,False,False,0.0,3.796174991347951,33.50000999999856,reduced_model
840.0,3.9014596241759136,0.33926225741989535,3.797066698970158,33.50000999999806,terminal_reference_governor,True,True,False,False,False,0.0,3.797066698970158,33.50000999999806,reduced_model
845.0,3.9021659949503373,0.3403461924184927,3.7979588653729492,33.50000999999726,terminal_reference_governor,True,True,False,False,False,0.0,3.7979588653729492,33.50000999999726,reduced_model
850.0,3.902844927069964,0.3414303160093454,3.798851464385693,33.50000999999938,terminal_reference_governor,True,True,False,False,False,0.0,3.798851464385693,33.50000999999938,reduced_model
855.0,3.903497479914222,0.34251462086487716,3.79974447215355,33.50000999999952,terminal_reference_governor,True,True,False,False,False,0.0,3.79974447215355,33.50000999999952,reduced_model
860.0,3.9041246731358115,0.3435990999407482,3.800637867075035,33.50000999999979,terminal_reference_governor,True,True,False,False,False,0.0,3.800637867075035,33.50000999999979,reduced_model
865.0,3.9047274869517423,0.34468374646490146,3.801531629684487,33.500009999999605,terminal_reference_governor,True,True,False,False,False,0.0,3.801531629684487,33.500009999999605,reduced_model
870.0,3.905306864180602,0.34576855392717387,3.8024257425787202,33.50000999999764,terminal_reference_governor,True,True,False,False,False,0.0,3.8024257425787202,33.50000999999764,reduced_model
875.0,3.905863711843267,0.34685351606935255,3.8033201903394924,33.50000999999807,terminal_reference_governor,True,True,False,False,False,0.0,3.8033201903394924,33.50000999999807,reduced_model
880.0,3.9063989015994594,0.3479386268753524,3.8042149594325996,33.50000999999793,terminal_reference_governor,True,True,False,False,False,0.0,3.8042149594325996,33.50000999999793,reduced_model
885.0,3.9069132722215727,0.3490238805620806,3.805110038158665,33.500009999998206,terminal_reference_governor,True,True,False,False,False,0.0,3.805110038158665,33.500009999998206,reduced_model
890.0,3.90740763003123,0.3501092715704226,3.806005416561661,33.50000999999843,terminal_reference_governor,True,True,False,False,False,0.0,3.806005416561661,33.50000999999843,reduced_model
895.0,3.9078827504999936,0.3511947945566726,3.8069010863675867,33.50000999999903,terminal_reference_governor,True,True,False,False,False,0.0,3.8069010863675867,33.50000999999903,reduced_model
900.0,3.9083393791224808,0.3522804443842066,3.80779704091041,33.50000999999765,terminal_reference_governor,True,True,False,False,False,0.0,3.80779704091041,33.50000999999765,reduced_model
905.0,3.908778233162593,0.3533662161156406,3.808693275082268,33.50000999999824,terminal_reference_governor,True,True,False,False,False,0.0,3.808693275082268,33.50000999999824,reduced_model
910.0,3.9092000016535167,0.3544521050049888,3.809589785246314,33.500009999997886,terminal_reference_governor,True,True,False,False,False,0.0,3.809589785246314,33.500009999997886,reduced_model
915.0,3.9096053477260284,0.35553810649046824,3.810486569206922,33.500009999999875,terminal_reference_governor,True,True,False,False,False,0.0,3.810486569206922,33.500009999999875,reduced_model
920.0,3.9099949081719387,0.35662421618718265,3.8113836261192824,33.50000999999718,terminal_reference_governor,True,True,False,False,False,0.0,3.8113836261192824,33.50000999999718,reduced_model
925.0,3.9103692964999937,0.3577104298806549,3.812280956483486,33.500009999998774,terminal_reference_governor,True,True,False,False,False,0.0,3.812280956483486,33.500009999998774,reduced_model
930.0,3.910729101044126,0.3587967435198338,3.8131785620265632,33.5000099999981,terminal_reference_governor,True,True,False,False,False,0.0,3.8131785620265632,33.5000099999981,reduced_model
935.0,3.9110748886014335,0.359883153211112,3.8140764457147425,33.50000999999731,terminal_reference_governor,True,True,False,False,False,0.0,3.8140764457147425,33.50000999999731,reduced_model
940.0,3.9114072037045844,0.360969655212141,3.8149746116696064,33.5000099999993,terminal_reference_governor,True,True,False,False,False,0.0,3.8149746116696064,33.5000099999993,reduced_model
945.0,3.911726569349412,0.3620562459258492,3.81587306511792,33.500009999997246,terminal_reference_governor,True,True,False,False,False,0.0,3.81587306511792,33.500009999997246,reduced_model
950.0,3.9120334894687403,0.363142921895146,3.816771812386632,33.50000999999842,terminal_reference_governor,True,True,False,False,False,0.0,3.816771812386632,33.50000999999842,reduced_model
955.0,3.9123284473316744,0.36422967979718257,3.8176708608053693,33.50000999999958,terminal_reference_governor,True,True,False,False,False,0.0,3.8176708608053693,33.50000999999958,reduced_model
960.0,3.912611908017425,0.36531651643829854,3.818570218704302,33.50000999999743,terminal_reference_governor,True,True,False,False,False,0.0,3.818570218704302,33.50000999999743,reduced_model
965.0,3.912884319142904,0.3664034287491716,3.8194698953766237,33.5000099999997,terminal_reference_governor,True,True,False,False,False,0.0,3.8194698953766237,33.5000099999997,reduced_model
970.0,3.913146109698573,0.3674904137796434,3.8203699009968664,33.500009999998,terminal_reference_governor,True,True,False,False,False,0.0,3.8203699009968664,33.500009999998,reduced_model
975.0,3.913397693540901,0.3685774686945159,3.821270246650121,33.50000999999862,terminal_reference_governor,True,True,False,False,False,0.0,3.821270246650121,33.50000999999862,reduced_model
980.0,3.9136394673550967,0.3696645907687812,3.822170944236089,33.50000999999876,terminal_reference_governor,True,True,False,False,False,0.0,3.822170944236089,33.50000999999876,reduced_model
985.0,3.913871812983416,0.37075177738349885,3.8230720064742174,33.5000099999975,terminal_reference_governor,True,True,False,False,False,0.0,3.8230720064742174,33.5000099999975,reduced_model
990.0,3.91409509757068,0.3718390260217129,3.8239734468623303,33.50000999999798,terminal_reference_governor,True,True,False,False,False,0.0,3.8239734468623303,33.50000999999798,reduced_model
995.0,3.9143096735642757,0.37292633426436966,3.8248752796321557,33.50000999999774,terminal_reference_governor,True,True,False,False,False,0.0,3.8248752796321557,33.50000999999774,reduced_model
1000.0,3.914515880169347,0.37401369978663895,3.8257775197406496,33.50000999999762,terminal_reference_governor,True,True,False,False,False,0.0,3.8257775197406496,33.50000999999762,reduced_model
1005.0,3.9147140432032757,0.3751011203541954,3.826680182826451,33.50000999999705,terminal_reference_governor,True,True,False,False,False,0.0,3.826680182826451,33.50000999999705,reduced_model
1010.0,3.914904476114316,0.3761885938197827,3.8275832851944522,33.500009999999705,terminal_reference_governor,True,True,False,False,False,0.0,3.8275832851944522,33.500009999999705,reduced_model
1015.0,3.915087479399517,0.3772761181196159,3.8284868437642867,33.500009999997246,terminal_reference_governor,True,True,False,False,False,0.0,3.8284868437642867,33.500009999997246,reduced_model
1020.0,3.915263343224069,0.3783636912705115,3.8293908760956104,33.500009999997104,terminal_reference_governor,True,True,False,False,False,0.0,3.8293908760956104,33.500009999997104,reduced_model
1025.0,3.9154323453840334,0.3794513113664515,3.830295400306934,33.50000999999956,terminal_reference_governor,True,True,False,False,False,0.0,3.830295400306934,33.50000999999956,reduced_model
1030.0,3.9155947529070545,0.3805389765755923,3.831200435077759,33.50000999999825,terminal_reference_governor,True,True,False,False,False,0.0,3.831200435077759,33.50000999999825,reduced_model
1035.0,3.915750823362032,0.3816266851376373,3.832105999648409,33.500009999999236,terminal_reference_governor,True,True,False,False,False,0.0,3.832105999648409,33.500009999999236,reduced_model
1040.0,3.9159008032584097,0.38271443536076466,3.8330121137522917,33.50000999999915,terminal_reference_governor,True,True,False,False,False,0.0,3.8330121137522917,33.50000999999915,reduced_model
1045.0,3.9160449302289635,0.3838022256191616,3.8339187976362727,33.50000999999992,terminal_reference_governor,True,True,False,False,False,0.0,3.8339187976362727,33.50000999999992,reduced_model
1050.0,3.9161834321566857,0.38489005435031626,3.8348260720126905,33.50000999999809,terminal_reference_governor,True,True,False,False,False,0.0,3.8348260720126905,33.50000999999809,reduced_model
1055.0,3.9163165287754964,0.3859779200527539,3.835733958069363,33.50000999999971,terminal_reference_governor,True,True,False,False,False,0.0,3.835733958069363,33.50000999999971,reduced_model
1060.0,3.9164444302150514,0.3870658212833692,3.836642477409502,33.50000999999826,terminal_reference_governor,True,True,False,False,False,0.0,3.836642477409502,33.50000999999826,reduced_model
1065.0,3.9165673396200873,0.3881537566554859,3.837551652087247,33.50000999999946,terminal_reference_governor,True,True,False,False,False,0.0,3.837551652087247,33.50000999999946,reduced_model
1070.0,3.9166854511131532,0.38924172483635067,3.8384615045368062,33.500009999997964,terminal_reference_governor,True,True,False,False,False,0.0,3.8384615045368062,33.500009999997964,reduced_model
1075.0,3.9167989522684366,0.3903297245453141,3.8393720576061634,33.5000099999983,terminal_reference_governor,True,True,False,False,False,0.0,3.8393720576061634,33.5000099999983,reduced_model
1080.0,3.916908022511052,0.3914177545515672,3.840283334498262,33.50000999999725,terminal_reference_governor,True,True,False,False,False,0.0,3.840283334498262,33.50000999999725,reduced_model
1085.0,3.9170128350087907,0.39250581367240295,3.8411953587930623,33.500009999998916,terminal_reference_governor,True,True,False,False,False,0.0,3.8411953587930623,33.500009999998916,reduced_model
1090.0,3.917113555362448,0.3935939007711147,3.842108154396786,33.50000999999761,terminal_reference_governor,True,True,False,False,False,0.0,3.842108154396786,33.50000999999761,reduced_model
1095.0,3.9172103437886108,0.39468201475550047,3.843021745572879,33.50000999999994,terminal_reference_governor,True,True,False,False,False,0.0,3.843021745572879,33.50000999999994,reduced_model
1100.0,3.9173033529368695,0.3957701545757607,3.8439361568724473,33.50000999999725,terminal_reference_governor,True,True,False,False,False,0.0,3.8439361568724473,33.50000999999725,reduced_model
1105.0,3.9173927310912404,0.39685831922328607,3.8448514131902236,33.50000999999847,terminal_reference_governor,True,True,False,False,False,0.0,3.8448514131902236,33.50000999999847,reduced_model
1110.0,3.917478619259782,0.397946507728636,3.8457675396801694,33.500009999998866,terminal_reference_governor,True,True,False,False,False,0.0,3.8457675396801694,33.500009999998866,reduced_model
1115.0,3.9175611537939403,0.3990347191602454,3.8466845617980963,33.50000999999754,terminal_reference_governor,True,True,False,False,False,0.0,3.8466845617980963,33.50000999999754,reduced_model
1120.0,3.917640465806471,0.40012295262296943,3.8476024934513062,33.500009999998866,terminal_reference_governor,True,True,False,False,False,0.0,3.8476024934513062,33.500009999998866,reduced_model
1125.0,3.917716680589365,0.4012112072564665,3.8485202479906357,33.50000999999775,terminal_reference_governor,True,True,False,False,False,0.0,3.8485202479906357,33.50000999999775,reduced_model
1130.0,3.9177899195055943,0.40229948223410694,3.849437119391026,33.50000999999949,terminal_reference_governor,True,True,False,False,False,0.0,3.849437119391026,33.50000999999949,reduced_model
1135.0,3.9178602980973665,0.40338777676135623,3.85035312999174,33.50000999999702,terminal_reference_governor,True,True,False,False,False,0.0,3.85035312999174,33.50000999999702,reduced_model
1140.0,3.917927928705467,0.40447609007488555,3.8512683023986947,33.50000999999805,terminal_reference_governor,True,True,False,False,False,0.0,3.8512683023986947,33.50000999999805,reduced_model
1145.0,3.9179929179954343,0.4055644214409954,3.8521826594140576,33.5000099999981,terminal_reference_governor,True,True,False,False,False,0.0,3.8521826594140576,33.5000099999981,reduced_model
1150.0,3.9180553692858666,0.4066527701546859,3.8530962240763134,33.50000999999737,terminal_reference_governor,True,True,False,False,False,0.0,3.8530962240763134,33.50000999999737,reduced_model
1155.0,3.918115381820826,0.40774113553852503,3.8540090196323042,33.5000099999998,terminal_reference_governor,True,True,False,False,False,0.0,3.8540090196323042,33.5000099999998,reduced_model
1160.0,3.91817305033328,0.4088295169413954,3.8549210695142335,33.50000999999969,terminal_reference_governor,True,True,False,False,False,0.0,3.8549210695142335,33.50000999999969,reduced_model
1165.0,3.9182284666458145,0.40991791373768593,3.855832397365423,33.50000999999807,terminal_reference_governor,True,True,False,False,False,0.0,3.855832397365423,33.50000999999807,reduced_model
1170.0,3.918281718797516,0.4110063253262408,3.8567430270100687,33.500009999998454,terminal_reference_governor,True,True,False,False,False,0.0,3.8567430270100687,33.500009999998454,reduced_model
1175.0,3.918332891043974,0.4120947511293086,3.8576529824418158,33.500009999999556,terminal_reference_governor,True,True,False,False,False,0.0,3.8576529824418158,33.500009999999556,reduced_model
1180.0,3.9183820644393563,0.41318319059165287,3.8585622878267607,33.50000999999705,terminal_reference_governor,True,True,False,False,False,0.0,3.8585622878267607,33.50000999999705,reduced_model
1185.0,3.918429317564005,0.4142716431798651,3.8594709675116534,33.50000999999792,terminal_reference_governor,True,True,False,False,False,0.0,3.8594709675116534,33.50000999999792,reduced_model
1190.0,3.918474724923726,0.4153601083812328,3.8603790459771354,33.50000999999943,terminal_reference_governor,True,True,False,False,False,0.0,3.8603790459771354,33.50000999999943,reduced_model
1195.0,3.9185183585505,0.4164485857030524,3.8612865478648506,33.50000999999811,terminal_reference_governor,True,True,False,False,False,0.0,3.8612865478648506,33.50000999999811,reduced_model
1200.0,3.918560288148001,0.41753707467198237,3.862193497973595,33.500009999999875,terminal_reference_governor,True,True,False,False,False,0.0,3.862193497973595,33.500009999999875,reduced_model
1205.0,3.9186005796364043,0.41862557483299245,3.863099921216596,33.5000099999978,terminal_reference_governor,True,True,False,False,False,0.0,3.863099921216596,33.5000099999978,reduced_model
1210.0,3.918639297626214,0.4197140857489997,3.8640058426708754,33.500009999998426,terminal_reference_governor,True,True,False,False,False,0.0,3.8640058426708754,33.500009999998426,reduced_model
1215.0,3.918676503089955,0.42080260699985805,3.86491128751618,33.500009999998525,terminal_reference_governor,True,True,False,False,False,0.0,3.86491128751618,33.500009999998525,reduced_model
1220.0,3.918712255253922,0.421891138181873,3.8658162810705137,33.500009999998255,terminal_reference_governor,True,True,False,False,False,0.0,3.8658162810705137,33.500009999998255,reduced_model
1225.0,3.918746610870585,0.42297967890711485,3.8667208487670828,33.5000099999978,terminal_reference_governor,True,True,False,False,False,0.0,3.8667208487670828,33.5000099999978,reduced_model
1230.0,3.918779624509625,0.424068228802812,3.8676250161539962,33.50000999999804,terminal_reference_governor,True,True,False,False,False,0.0,3.8676250161539962,33.50000999999804,reduced_model
1235.0,3.918811348557938,0.42515678751074476,3.8685288088877345,33.50000999999942,terminal_reference_governor,True,True,False,False,False,0.0,3.8685288088877345,33.50000999999942,reduced_model
1240.0,3.9188418332196306,0.4262453546866391,3.8694322527266487,33.50000999999909,terminal_reference_governor,True,True,False,False,False,0.0,3.8694322527266487,33.50000999999909,reduced_model
1245.0,3.9188711270981003,0.4273339299997219,3.87033537353873,33.5000099999984,terminal_reference_governor,True,True,False,False,False,0.0,3.87033537353873,33.5000099999984,reduced_model
1250.0,3.9188992767594755,0.4284225131321551,3.87123819728607,33.50000999999996,terminal_reference_governor,True,True,False,False,False,0.0,3.87123819728607,33.50000999999996,reduced_model
1255.0,3.9189263264415786,0.4295111037783889,3.8721407500116616,33.500009999997026,terminal_reference_governor,True,True,False,False,False,0.0,3.8721407500116616,33.500009999997026,reduced_model
1260.0,3.9189523198001552,0.43059970164500005,3.8730430578752935,33.50000999999732,terminal_reference_governor,True,True,False,False,False,0.0,3.8730430578752935,33.50000999999732,reduced_model
1265.0,3.918977297580568,0.43168830644988354,3.87394514709465,33.50000999999792,terminal_reference_governor,True,True,False,False,False,0.0,3.87394514709465,33.50000999999792,reduced_model
1270.0,3.919001299509546,0.43277691792196954,3.8748470439830687,33.50000999999718,terminal_reference_governor,True,True,False,False,False,0.0,3.8748470439830687,33.50000999999718,reduced_model
1275.0,3.9190243640041444,0.43386553580085957,3.875748774939377,33.50000999999974,terminal_reference_governor,True,True,False,False,False,0.0,3.875748774939377,33.50000999999974,reduced_model
1280.0,3.919046527153114,0.43495415983617985,3.8766503664189904,33.500009999999264,terminal_reference_governor,True,True,False,False,False,0.0,3.8766503664189904,33.500009999999264,reduced_model
1285.0,3.9190678246086463,0.43604278978746003,3.877551844973403,33.50000999999875,terminal_reference_governor,True,True,False,False,False,0.0,3.877551844973403,33.50000999999875,reduced_model
1290.0,3.919088289985666,0.43713142542356714,3.8784532372096074,33.50000999999706,terminal_reference_governor,True,True,False,False,False,0.0,3.8784532372096074,33.50000999999706,reduced_model
1295.0,3.9191079560259823,0.43822006652246326,3.8793545698125276,33.50000999999806,terminal_reference_governor,True,True,False,False,False,0.0,3.8793545698125276,33.50000999999806,reduced_model
1300.0,3.9191268535796553,0.43930871287067985,3.880255869517471,33.50000999999785,terminal_reference_governor,True,True,False,False,False,0.0,3.880255869517471,33.50000999999785,reduced_model
1305.0,3.9191450129146688,0.4403973642631561,3.8811571631366486,33.50000999999773,terminal_reference_governor,True,True,False,False,False,0.0,3.8811571631366486,33.50000999999773,reduced_model
1310.0,3.919162462843815,0.441486020502835,3.882058477536019,33.50000999999851,terminal_reference_governor,True,True,False,False,False,0.0,3.882058477536019,33.50000999999851,reduced_model
1315.0,3.9191792310157325,0.44257468140033934,3.882959839638076,33.500009999999726,terminal_reference_governor,True,True,False,False,False,0.0,3.882959839638076,33.500009999999726,reduced_model
1320.0,3.9191953439149074,0.44366334677364905,3.8838612764184326,33.50000999999782,terminal_reference_governor,True,True,False,False,False,0.0,3.8838612764184326,33.50000999999782,reduced_model
1325.0,3.919210827589268,0.4447520164479794,3.884762814920183,33.500009999998674,terminal_reference_governor,True,True,False,False,False,0.0,3.884762814920183,33.500009999998674,reduced_model
1330.0,3.919225706194993,0.4458406902552558,3.8856644822168787,33.50000999999932,terminal_reference_governor,True,True,False,False,False,0.0,3.8856644822168787,33.50000999999932,reduced_model
1335.0,3.919240003451705,0.44692936803399236,3.8865663054426403,33.500009999998525,terminal_reference_governor,True,True,False,False,False,0.0,3.8865663054426403,33.500009999998525,reduced_model
1340.0,3.9192537422059104,0.44801804962904956,3.887468311780177,33.500009999997914,terminal_reference_governor,True,True,False,False,False,0.0,3.887468311780177,33.500009999997914,reduced_model
1345.0,3.919266944285482,0.4491067348913511,3.8883705284545664,33.50000999999932,terminal_reference_governor,True,True,False,False,False,0.0,3.8883705284545664,33.50000999999932,reduced_model
1350.0,3.91927963035414,0.4501954236775606,3.8892729827266987,33.500009999998284,terminal_reference_governor,True,True,False,False,False,0.0,3.8892729827266987,33.500009999998284,reduced_model
1355.0,3.919291820930084,0.4512841158500412,3.8901757019148215,33.50000999999785,terminal_reference_governor,True,True,False,False,False,0.0,3.8901757019148215,33.50000999999785,reduced_model
1360.0,3.919303535221843,0.4523728112764917,3.8910787133655336,33.50000999999799,terminal_reference_governor,True,True,False,False,False,0.0,3.8910787133655336,33.50000999999799,reduced_model
1365.0,3.919314791855868,0.453461509829785,3.8919820444677247,33.500009999999094,terminal_reference_governor,True,True,False,False,False,0.0,3.8919820444677247,33.500009999999094,reduced_model
1370.0,3.9193256085854955,0.45455021138772544,3.8928857226437605,33.500009999998895,terminal_reference_governor,True,True,False,False,False,0.0,3.8928857226437605,33.500009999998895,reduced_model
1375.0,3.919336002727505,0.45563891583292754,3.8937897753576056,33.50000999999789,terminal_reference_governor,True,True,False,False,False,0.0,3.8937897753576056,33.50000999999789,reduced_model
1380.0,3.9193459908710793,0.45672762305261394,3.8946942301063627,33.50000999999827,terminal_reference_governor,True,True,False,False,False,0.0,3.8946942301063627,33.50000999999827,reduced_model
1385.0,3.9193555887322873,0.4578163329383729,3.8955991144145297,33.50000999999915,terminal_reference_governor,True,True,False,False,False,0.0,3.8955991144145297,33.50000999999915,reduced_model
1390.0,3.9193648114451207,0.4589050453859966,3.8965044558386044,33.50000999999732,terminal_reference_governor,True,True,False,False,False,0.0,3.8965044558386044,33.50000999999732,reduced_model
1395.0,3.9193736741435714,0.4599937602954809,3.8974102819796155,33.5000099999995,terminal_reference_governor,True,True,False,False,False,0.0,3.8974102819796155,33.5000099999995,reduced_model
1400.0,3.9193821902154014,0.4610824775705407,3.8983166204402884,33.50000999999832,terminal_reference_governor,True,True,False,False,False,0.0,3.8983166204402884,33.50000999999832,reduced_model
1405.0,3.9193903737759683,0.4621711971188118,3.899223498880565,33.50000999999835,terminal_reference_governor,True,True,False,False,False,0.0,3.899223498880565,33.50000999999835,reduced_model
1410.0,3.9193982374854386,0.4632599188514467,3.90013094496624,33.500009999997275,terminal_reference_governor,True,True,False,False,False,0.0,3.90013094496624,33.500009999997275,reduced_model
1415.0,3.9194057941494975,0.4643486426831549,3.901038986403846,33.500009999999236,terminal_reference_governor,True,True,False,False,False,0.0,3.901038986403846,33.500009999999236,reduced_model
1420.0,3.919413055264158,0.46543736853183937,3.901947650905468,33.50000999999796,terminal_reference_governor,True,True,False,False,False,0.0,3.901947650905468,33.50000999999796,reduced_model
1425.0,3.91942003290751,0.46652609631875813,3.9028569662312496,33.500009999998206,terminal_reference_governor,True,True,False,False,False,0.0,3.9028569662312496,33.500009999998206,reduced_model
1430.0,3.919426737847971,0.46761482596816034,3.903766960144721,33.500009999998404,terminal_reference_governor,True,True,False,False,False,0.0,3.903766960144721,33.500009999998404,reduced_model
1435.0,3.9194331808539573,0.4687035574072864,3.9046776604410116,33.50000999999932,terminal_reference_governor,True,True,False,False,False,0.0,3.9046776604410116,33.50000999999932,reduced_model
1440.0,3.919439371966291,0.46979229056616595,3.9055890949290735,33.50000999999773,terminal_reference_governor,True,True,False,False,False,0.0,3.9055890949290735,33.50000999999773,reduced_model
1445.0,3.919445321371313,0.47088102537765797,3.906501291450909,33.50000999999758,terminal_reference_governor,True,True,False,False,False,0.0,3.906501291450909,33.50000999999758,reduced_model
1450.0,3.91945103823673,0.47196976177716815,3.9074142778534457,33.50000999999708,terminal_reference_governor,True,True,False,False,False,0.0,3.9074142778534457,33.50000999999708,reduced_model
1455.0,3.919456531875767,0.4730584997026892,3.9083280820140525,33.500009999999186,terminal_reference_governor,True,True,False,False,False,0.0,3.9083280820140525,33.500009999999186,reduced_model
1460.0,3.919461810583016,0.47414723909451784,3.9092427318124865,33.50000999999796,terminal_reference_governor,True,True,False,False,False,0.0,3.9092427318124865,33.50000999999796,reduced_model
1465.0,3.9194668832351454,0.4752359798954165,3.9101582551671337,33.50000999999743,terminal_reference_governor,True,True,False,False,False,0.0,3.9101582551671337,33.50000999999743,reduced_model
1470.0,3.9194717576901894,0.47632472205033044,3.9110746799974474,33.50000999999766,terminal_reference_governor,True,True,False,False,False,0.0,3.9110746799974474,33.50000999999766,reduced_model
1475.0,3.919476441660663,0.4774134655063473,3.9119920342423273,33.500009999998014,terminal_reference_governor,True,True,False,False,False,0.0,3.9119920342423273,33.500009999998014,reduced_model
1480.0,3.9194809425680432,0.4785022102126162,3.9129103458561767,33.500009999997445,terminal_reference_governor,True,True,False,False,False,0.0,3.9129103458561767,33.500009999997445,reduced_model
1485.0,3.9194852676882874,0.4795909561203074,3.9138296428116015,33.50000999999749,terminal_reference_governor,True,True,False,False,False,0.0,3.9138296428116015,33.50000999999749,reduced_model
1490.0,3.919489423860796,0.4806797031824909,3.9147499530918184,33.50000999999905,terminal_reference_governor,True,True,False,False,False,0.0,3.9147499530918184,33.50000999999905,reduced_model
1495.0,3.919493417488411,0.48176845135401547,3.9156713046893903,33.500009999998944,terminal_reference_governor,True,True,False,False,False,0.0,3.9156713046893903,33.500009999998944,reduced_model
1500.0,3.919497255119495,0.4828572005915487,3.916593725619243,33.50000999999807,terminal_reference_governor,True,True,False,False,False,0.0,3.916593725619243,33.50000999999807,reduced_model
1505.0,3.9195009428658523,0.4839459508534559,3.91751724390479,33.500009999997694,terminal_reference_governor,True,True,False,False,False,0.0,3.91751724390479,33.500009999997694,reduced_model
1510.0,3.9195044865482487,0.4850347020997193,3.918441887580186,33.50000999999836,terminal_reference_governor,True,True,False,False,False,0.0,3.918441887580186,33.50000999999836,reduced_model
1515.0,3.919507891696412,0.48612345429185716,3.9193676846894987,33.500009999998525,terminal_reference_governor,True,True,False,False,False,0.0,3.9193676846894987,33.500009999998525,reduced_model
1520.0,3.9195111638400704,0.48721220739292387,3.920294663293006,33.500009999999094,terminal_reference_governor,True,True,False,False,False,0.0,3.920294663293006,33.500009999999094,reduced_model
1525.0,3.9195143080723938,0.48830096136738843,3.9212228514564864,33.5000099999988,terminal_reference_governor,True,True,False,False,False,0.0,3.9212228514564864,33.5000099999988,reduced_model
1530.0,3.9195173294865526,0.4893897161811347,3.922152277260638,33.50000999999838,terminal_reference_governor,True,True,False,False,False,0.0,3.922152277260638,33.50000999999838,reduced_model
1535.0,3.919520232884679,0.49047847180138043,3.923082968793927,33.50000999999865,terminal_reference_governor,True,True,False,False,False,0.0,3.923082968793927,33.50000999999865,reduced_model
1540.0,3.9195230227778666,0.4915672281965965,3.9240149541517333,33.500009999998326,terminal_reference_governor,True,True,False,False,False,0.0,3.9240149541517333,33.500009999998326,reduced_model
1545.0,3.919525703677209,0.49265598533650684,3.9249482614426516,33.50000999999772,terminal_reference_governor,True,True,False,False,False,0.0,3.9249482614426516,33.50000999999772,reduced_model
1550.0,3.919528279948281,0.49374474319204803,3.925882918784899,33.50000999999938,terminal_reference_governor,True,True,False,False,False,0.0,3.925882918784899,33.50000999999938,reduced_model
1555.0,3.9195307553745806,0.4948335017352076,3.926818954295194,33.500009999999484,terminal_reference_governor,True,True,False,False,False,0.0,3.926818954295194,33.500009999999484,reduced_model
1560.0,3.919533134030644,0.495922260939105,3.9277563961084896,33.50000999999705,terminal_reference_governor,True,True,False,False,False,0.0,3.9277563961084896,33.50000999999705,reduced_model
1565.0,3.919535419991007,0.4970110207779914,3.928695272371671,33.50000999999717,terminal_reference_governor,True,True,False,False,False,0.0,3.928695272371671,33.50000999999717,reduced_model
1570.0,3.919537616602611,0.4980997812270477,3.929635611225646,33.50000999999923,terminal_reference_governor,True,True,False,False,False,0.0,3.929635611225646,33.50000999999923,reduced_model
1575.0,3.9195397272123955,0.49918854226238446,3.9305774408211067,33.50000999999961,terminal_reference_governor,True,True,False,False,False,0.0,3.9305774408211067,33.50000999999961,reduced_model
1580.0,3.919541755312821,0.5002773038610825,3.9315207242128785,33.500009999997445,terminal_reference_governor,True,True,False,False,False,0.0,3.9315207242128785,33.500009999997445,reduced_model
1585.0,3.9195437043963466,0.5013660660011926,3.9324641075838636,33.50000999999747,terminal_reference_governor,True,True,False,False,False,0.0,3.9324641075838636,33.50000999999747,reduced_model
1590.0,3.9195455772278365,0.5024548286615337,3.9334070710643116,33.500009999997694,terminal_reference_governor,True,True,False,False,False,0.0,3.9334070710643116,33.500009999997694,reduced_model
1595.0,3.9195473768631928,0.5035435918217734,3.934349653291162,33.50000999999772,terminal_reference_governor,True,True,False,False,False,0.0,3.934349653291162,33.50000999999772,reduced_model
1600.0,3.9195491062127985,0.5046323554623882,3.9352918929069216,33.5000099999982,terminal_reference_governor,True,True,False,False,False,0.0,3.9352918929069216,33.5000099999982,reduced_model
1605.0,3.9195507678959984,0.5057211195645815,3.936233828555636,33.50000999999716,terminal_reference_governor,True,True,False,False,False,0.0,3.936233828555636,33.50000999999716,reduced_model
1610.0,3.9195523648231756,0.5068098841103658,3.9371754988962904,33.50000999999815,terminal_reference_governor,True,True,False,False,False,0.0,3.9371754988962904,33.50000999999815,reduced_model
1615.0,3.9195538991771173,0.5078986490823594,3.9381169425786795,33.5000099999975,terminal_reference_governor,True,True,False,False,False,0.0,3.9381169425786795,33.5000099999975,reduced_model
1620.0,3.9195553737226874,0.508987414463949,3.9390581982733774,33.50000999999821,terminal_reference_governor,True,True,False,False,False,0.0,3.9390581982733774,33.50000999999821,reduced_model
1625.0,3.919556790497154,0.5100761802390871,3.9399993046413515,33.50000999999703,terminal_reference_governor,True,True,False,False,False,0.0,3.9399993046413515,33.50000999999703,reduced_model
1630.0,3.919558152119862,0.5111649463924537,3.9409403003638928,33.50000999999824,terminal_reference_governor,True,True,False,False,False,0.0,3.9409403003638928,33.50000999999824,reduced_model
1635.0,3.919559460337041,0.512253712909214,3.9418812241086663,33.50000999999764,terminal_reference_governor,True,True,False,False,False,0.0,3.9418812241086663,33.50000999999764,reduced_model
1640.0,3.9195607176225167,0.5133424797752202,3.9428221145663724,33.50000999999905,terminal_reference_governor,True,True,False,False,False,0.0,3.9428221145663724,33.50000999999905,reduced_model
1645.0,3.919561925577,0.5144312469767693,3.943763010413661,33.50000999999821,terminal_reference_governor,True,True,False,False,False,0.0,3.943763010413661,33.50000999999821,reduced_model
1650.0,3.9195630865287967,0.5155200145008051,3.944703950349781,33.500009999999214,terminal_reference_governor,True,True,False,False,False,0.0,3.944703950349781,33.500009999999214,reduced_model
1655.0,3.919564201933099,0.5166087823346754,3.9456449730594856,33.50000999999819,terminal_reference_governor,True,True,False,False,False,0.0,3.9456449730594856,33.50000999999819,reduced_model
1660.0,3.919565273972694,0.5176975504663345,3.9465861172496792,33.500009999999676,terminal_reference_governor,True,True,False,False,False,0.0,3.9465861172496792,33.500009999999676,reduced_model
1665.0,3.9195663038117345,0.5187863188840599,3.9475274216087826,33.500009999997175,terminal_reference_governor,True,True,False,False,False,0.0,3.9475274216087826,33.500009999997175,reduced_model
1670.0,3.9195672937785275,0.5198750875767761,3.9484689248572113,33.500009999998326,terminal_reference_governor,True,True,False,False,False,0.0,3.9484689248572113,33.500009999998326,reduced_model
1675.0,3.919568244891707,0.5209638565336905,3.949410665690145,33.50000999999954,terminal_reference_governor,True,True,False,False,False,0.0,3.949410665690145,33.50000999999954,reduced_model
1680.0,3.919569158751983,0.5220526257444549,3.950352682820065,33.500009999998944,terminal_reference_governor,True,True,False,False,False,0.0,3.950352682820065,33.500009999998944,reduced_model
1685.0,3.9195700369600672,0.523141395199166,3.951295014964245,33.5000099999977,terminal_reference_governor,True,True,False,False,False,0.0,3.951295014964245,33.5000099999977,reduced_model
1690.0,3.9195708809711505,0.5242301648883246,3.952237700841107,33.50000999999825,terminal_reference_governor,True,True,False,False,False,0.0,3.952237700841107,33.50000999999825,reduced_model
1695.0,3.919571691949386,0.525318934802755,3.9531807791662135,33.50000999999946,terminal_reference_governor,True,True,False,False,False,0.0,3.9531807791662135,33.50000999999946,reduced_model
1700.0,3.9195724710589275,0.5264077049336048,3.954124288658604,33.500009999997566,terminal_reference_governor,True,True,False,False,False,0.0,3.954124288658604,33.500009999997566,reduced_model
1705.0,3.9195732200460043,0.5274964752725064,3.9550682680550477,33.50000999999922,terminal_reference_governor,True,True,False,False,False,0.0,3.9550682680550477,33.50000999999922,reduced_model
1710.0,3.919573939492693,0.5285852458112544,3.9560127560689184,33.50000999999871,terminal_reference_governor,True,True,False,False,False,0.0,3.9560127560689184,33.50000999999871,reduced_model
1715.0,3.919574630999705,0.5296740165420877,3.956957791440287,33.50000999999959,terminal_reference_governor,True,True,False,False,False,0.0,3.956957791440287,33.50000999999959,reduced_model
1720.0,3.919575295294635,0.5307627874574473,3.95790341289258,33.500009999997864,terminal_reference_governor,True,True,False,False,False,0.0,3.95790341289258,33.500009999997864,reduced_model
1725.0,3.919575933832675,0.5318515585501786,3.9588496591692066,33.500009999997694,terminal_reference_governor,True,True,False,False,False,0.0,3.9588496591692066,33.500009999997694,reduced_model
1730.0,3.9195765473414212,0.5329403298133291,3.9597965690000247,33.50000999999742,terminal_reference_governor,True,True,False,False,False,0.0,3.9597965690000247,33.50000999999742,reduced_model
1735.0,3.9195771369850263,0.5340291012402694,3.9607441811277213,33.50000999999926,terminal_reference_governor,True,True,False,False,False,0.0,3.9607441811277213,33.50000999999926,reduced_model
1740.0,3.919577703345567,0.535117872824532,3.961692534284176,33.50000999999814,terminal_reference_governor,True,True,False,False,False,0.0,3.961692534284176,33.50000999999814,reduced_model
1745.0,3.9195782477327157,0.5362066445600133,3.962641667220856,33.50000999999731,terminal_reference_governor,True,True,False,False,False,0.0,3.962641667220856,33.50000999999731,reduced_model
1750.0,3.919578770874068,0.5372954164408117,3.963591618678815,33.50000999999732,terminal_reference_governor,True,True,False,False,False,0.0,3.963591618678815,33.50000999999732,reduced_model
1755.0,3.9195792736427393,0.538384188461268,3.9645424274047754,33.50000999999956,terminal_reference_governor,True,True,False,False,False,0.0,3.9645424274047754,33.50000999999956,reduced_model
1760.0,3.9195797564752866,0.5394729606158445,3.9654941321373594,33.500009999997985,terminal_reference_governor,True,True,False,False,False,0.0,3.9654941321373594,33.500009999997985,reduced_model
1765.0,3.9195802206813823,0.540561732899367,3.96644677163792,33.500009999997566,terminal_reference_governor,True,True,False,False,False,0.0,3.96644677163792,33.500009999997566,reduced_model
1770.0,3.919580666697584,0.541650505306783,3.967400384650254,33.500009999997246,terminal_reference_governor,True,True,False,False,False,0.0,3.967400384650254,33.500009999997246,reduced_model
1775.0,3.9195810953970067,0.5427392778332822,3.968355009930103,33.500009999999314,terminal_reference_governor,True,True,False,False,False,0.0,3.968355009930103,33.500009999999314,reduced_model
1780.0,3.9195815070706885,0.5438280504741352,3.9693106862215344,33.50000999999805,terminal_reference_governor,True,True,False,False,False,0.0,3.9693106862215344,33.50000999999805,reduced_model
1785.0,3.9195819028827827,0.544916823224936,3.9702674522909094,33.500009999998106,terminal_reference_governor,True,True,False,False,False,0.0,3.9702674522909094,33.500009999998106,reduced_model
1790.0,3.9195822831243277,0.5460055960813593,3.971225346886611,33.50000999999731,terminal_reference_governor,True,True,False,False,False,0.0,3.971225346886611,33.50000999999731,reduced_model
1795.0,3.919582648668438,0.5470943690393228,3.972184408772113,33.500009999999,terminal_reference_governor,True,True,False,False,False,0.0,3.972184408772113,33.500009999999,reduced_model
1800.0,3.9195829996606335,0.5481831420947841,3.97314467669564,33.50000999999757,terminal_reference_governor,True,True,False,False,False,0.0,3.97314467669564,33.50000999999757,reduced_model
1805.0,3.919583337265067,0.5492719152440244,3.9741061894308207,33.500009999999826,terminal_reference_governor,True,True,False,False,False,0.0,3.9741061894308207,33.500009999999826,reduced_model
1810.0,3.919583661336219,0.5503606884832845,3.975068985722609,33.50000999999864,terminal_reference_governor,True,True,False,False,False,0.0,3.975068985722609,33.50000999999864,reduced_model
1815.0,3.919583972892724,0.5514494618090879,3.9760331043440855,33.50000999999709,terminal_reference_governor,True,True,False,False,False,0.0,3.9760331043440855,33.50000999999709,reduced_model
1820.0,3.9195842723711394,0.5525382352180799,3.9769985840570614,33.50000999999719,terminal_reference_governor,True,True,False,False,False,0.0,3.9769985840570614,33.50000999999719,reduced_model
1825.0,3.9195845600625034,0.5536270087069861,3.9779654636210173,33.500009999997154,terminal_reference_governor,True,True,False,False,False,0.0,3.9779654636210173,33.500009999997154,reduced_model
1830.0,3.919584836548893,0.5547157822726941,3.9789337818034385,33.50000999999773,terminal_reference_governor,True,True,False,False,False,0.0,3.9789337818034385,33.50000999999773,reduced_model
1835.0,3.919585102266865,0.5558045559122127,3.979903577369956,33.50000999999965,terminal_reference_governor,True,True,False,False,False,0.0,3.979903577369956,33.50000999999965,reduced_model
1840.0,3.919585357361939,0.556893329622591,3.98087488908037,33.500009999997886,terminal_reference_governor,True,True,False,False,False,0.0,3.98087488908037,33.500009999997886,reduced_model
1845.0,3.9195856027072296,0.5579821034011208,3.981847755712774,33.50000999999699,terminal_reference_governor,True,True,False,False,False,0.0,3.981847755712774,33.50000999999699,reduced_model
1850.0,3.9195858385937754,0.5590708772451746,3.982822216033518,33.50000999999963,terminal_reference_governor,True,True,False,False,False,0.0,3.982822216033518,33.50000999999963,reduced_model
1855.0,3.919586064876057,0.5601596511520845,3.9837983087990816,33.500009999997715,terminal_reference_governor,True,True,False,False,False,0.0,3.9837983087990816,33.500009999997715,reduced_model
1860.0,3.919586282718228,0.5612484251195062,3.984776072797664,33.50000999999961,terminal_reference_governor,True,True,False,False,False,0.0,3.984776072797664,33.50000999999961,reduced_model
1865.0,3.919586491683731,0.5623371991449739,3.985755546781645,33.50000999999774,terminal_reference_governor,True,True,False,False,False,0.0,3.985755546781645,33.50000999999774,reduced_model
1870.0,3.9195866927911993,0.5634259732263048,3.9867367695377816,33.50000999999848,terminal_reference_governor,True,True,False,False,False,0.0,3.9867367695377816,33.50000999999848,reduced_model
1875.0,3.9195868858951144,0.5645147473612757,3.9877197798272848,33.50000999999881,terminal_reference_governor,True,True,False,False,False,0.0,3.9877197798272848,33.50000999999881,reduced_model
1880.0,3.9195870714320336,0.5656035215477846,3.988704616425195,33.50000999999828,terminal_reference_governor,True,True,False,False,False,0.0,3.988704616425195,33.50000999999828,reduced_model
1885.0,3.9195872498385143,0.5666922957838508,3.989691318107855,33.50000999999935,terminal_reference_governor,True,True,False,False,False,0.0,3.989691318107855,33.50000999999935,reduced_model
1890.0,3.9195874211145565,0.5677810700674938,3.990679923642175,33.50000999999871,terminal_reference_governor,True,True,False,False,False,0.0,3.990679923642175,33.50000999999871,reduced_model
1895.0,3.919587585842237,0.5688698443968944,3.9916704718093405,33.500009999999364,terminal_reference_governor,True,True,False,False,False,0.0,3.9916704718093405,33.500009999999364,reduced_model
1900.0,3.9195877440215554,0.5699586187702337,3.9926630013779816,33.50000999999898,terminal_reference_governor,True,True,False,False,False,0.0,3.9926630013779816,33.50000999999898,reduced_model
1905.0,3.9195878960890695,0.571047393185814,3.993657551127421,33.50000999999899,terminal_reference_governor,True,True,False,False,False,0.0,3.993657551127421,33.50000999999899,reduced_model
1910.0,3.9195880421902984,0.5721361676419779,3.9946541598311316,33.50000999999888,terminal_reference_governor,True,True,False,False,False,0.0,3.9946541598311316,33.50000999999888,reduced_model
1915.0,3.9195881826162804,0.5732249421371491,3.995652866266575,33.50000999999936,terminal_reference_governor,True,True,False,False,False,0.0,3.995652866266575,33.50000999999936,reduced_model
1920.0,3.9195883175125346,0.5743137166697915,3.996653709208497,33.50000999999952,terminal_reference_governor,True,True,False,False,False,0.0,3.996653709208497,33.50000999999952,reduced_model
1925.0,3.91958844702458,0.5754024912384094,3.997656727432089,33.50000999999703,terminal_reference_governor,True,True,False,False,False,0.0,3.997656727432089,33.50000999999703,reduced_model
1930.0,3.9195885717344936,0.576491265841669,3.998661959723678,33.50000999999726,terminal_reference_governor,True,True,False,False,False,0.0,3.998661959723678,33.50000999999726,reduced_model
1935.0,3.919588691496756,0.5775800404781959,3.999669444853415,33.50000999999865,terminal_reference_governor,True,True,False,False,False,0.0,3.999669444853415,33.50000999999865,reduced_model
1940.0,3.9195888064568862,0.5786688151466561,4.000679221598152,33.50000999999865,terminal_reference_governor,True,True,False,False,False,0.0,4.000679221598152,33.50000999999865,reduced_model
1945.0,3.919588917051442,0.5797575898458371,4.001691328742344,33.50000999999988,terminal_reference_governor,True,True,False,False,False,0.0,4.001691328742344,33.50000999999988,reduced_model
1950.0,3.919589023134904,0.5808463645744857,4.002705805057461,33.50000999999838,terminal_reference_governor,True,True,False,False,False,0.0,4.002705805057461,33.50000999999838,reduced_model
1955.0,3.919589125289349,0.5819351393315105,4.003722689332387,33.50000999999867,terminal_reference_governor,True,True,False,False,False,0.0,4.003722689332387,33.50000999999867,reduced_model
1960.0,3.9195892233692575,0.5830239141157798,4.004742020339854,33.50000999999901,terminal_reference_governor,True,True,False,False,False,0.0,4.004742020339854,33.50000999999901,reduced_model
1965.0,3.919589317520149,0.584112688926202,4.005763836859294,33.500009999997395,terminal_reference_governor,True,True,False,False,False,0.0,4.005763836859294,33.500009999997395,reduced_model
1970.0,3.919589408178581,0.5852014637618073,4.006788177677726,33.5000099999977,terminal_reference_governor,True,True,False,False,False,0.0,4.006788177677726,33.5000099999977,reduced_model
1975.0,3.919589495199034,0.5862902386215848,4.007815081569151,33.50000999999796,terminal_reference_governor,True,True,False,False,False,0.0,4.007815081569151,33.50000999999796,reduced_model
1980.0,3.9195895788725466,0.587379013504605,4.008844587317835,33.500009999999236,terminal_reference_governor,True,True,False,False,False,0.0,4.008844587317835,33.500009999999236,reduced_model
1985.0,3.9195896591991186,0.5884677884099381,4.00987673370178,33.50000999999993,terminal_reference_governor,True,True,False,False,False,0.0,4.00987673370178,33.50000999999993,reduced_model
1990.0,3.9195897363242693,0.5895565633366948,4.010911559502574,33.500009999998746,terminal_reference_governor,True,True,False,False,False,0.0,4.010911559502574,33.500009999998746,reduced_model
1995.0,3.919589810539037,0.5906453382840667,4.011949103505814,33.500009999997815,terminal_reference_governor,True,True,False,False,False,0.0,4.011949103505814,33.500009999997815,reduced_model
2000.0,3.9195898819889408,0.5917341132512859,4.012989404494343,33.50000999999997,terminal_reference_governor,True,True,False,False,False,0.0,4.012989404494343,33.50000999999997,reduced_model
2005.0,3.9195899503829423,0.5928228882375034,4.0140325012407025,33.50000999999969,terminal_reference_governor,True,True,False,False,False,0.0,4.0140325012407025,33.50000999999969,reduced_model
2010.0,3.919590016157599,0.5939116632419916,4.015078432534469,33.50000999999809,terminal_reference_governor,True,True,False,False,False,0.0,4.015078432534469,33.50000999999809,reduced_model
2015.0,3.9195900794584304,0.5950004382640635,4.016127237159381,33.50000999999718,terminal_reference_governor,True,True,False,False,False,0.0,4.016127237159381,33.50000999999718,reduced_model
2020.0,3.919590140430955,0.5960892133030721,4.017178953899544,33.50000999999999,terminal_reference_governor,True,True,False,False,False,0.0,4.017178953899544,33.50000999999999,reduced_model
2025.0,3.919590198638616,0.5971779883582494,4.018233621525206,33.50000999999854,terminal_reference_governor,True,True,False,False,False,0.0,4.018233621525206,33.50000999999854,reduced_model
2030.0,3.919590254809009,0.5982667634290297,4.01929127883394,33.50000999999777,terminal_reference_governor,True,True,False,False,False,0.0,4.01929127883394,33.50000999999777,reduced_model
2035.0,3.9195903087966144,0.5993555385148066,4.020351964604043,33.500009999997935,terminal_reference_governor,True,True,False,False,False,0.0,4.020351964604043,33.500009999997935,reduced_model
2040.0,3.9195903606014326,0.6004443136149736,4.02141597586325,33.50000999999751,terminal_reference_governor,True,True,False,False,False,0.0,4.02141597586325,33.50000999999751,reduced_model
2045.0,3.919590410514502,0.6015330887290055,4.022485595946462,33.50000999999925,terminal_reference_governor,True,True,False,False,False,0.0,4.022485595946462,33.50000999999925,reduced_model
2050.0,3.919590458244784,0.6026218638562957,4.023561249305589,33.500009999998305,terminal_reference_governor,True,True,False,False,False,0.0,4.023561249305589,33.500009999998305,reduced_model
2055.0,3.919590504228836,0.6037106389963592,4.024642807322337,33.50000999999716,terminal_reference_governor,True,True,False,False,False,0.0,4.024642807322337,33.50000999999716,reduced_model
2060.0,3.9195905486121774,0.6047994141487515,4.025730141372528,33.50000999999989,terminal_reference_governor,True,True,False,False,False,0.0,4.025730141372528,33.50000999999989,reduced_model
2065.0,3.9195905908127315,0.6058881893128661,4.026823122814515,33.500009999997154,terminal_reference_governor,True,True,False,False,False,0.0,4.026823122814515,33.500009999997154,reduced_model
2070.0,3.9195906318491325,0.6069769644883798,4.0279216230442305,33.500009999999044,terminal_reference_governor,True,True,False,False,False,0.0,4.0279216230442305,33.500009999999044,reduced_model
2075.0,3.9195906709937844,0.608065739674767,4.0290255134177295,33.50000999999956,terminal_reference_governor,True,True,False,False,False,0.0,4.0290255134177295,33.50000999999956,reduced_model
2080.0,3.9195907085377257,0.609154514871583,4.030134665313898,33.500009999997225,terminal_reference_governor,True,True,False,False,False,0.0,4.030134665313898,33.500009999997225,reduced_model
2085.0,3.919590744917514,0.6102432900785045,4.031248950116075,33.50000999999833,terminal_reference_governor,True,True,False,False,False,0.0,4.031248950116075,33.50000999999833,reduced_model
2090.0,3.919590779696591,0.6113320652950869,4.032368239187399,33.500009999999165,terminal_reference_governor,True,True,False,False,False,0.0,4.032368239187399,33.500009999999165,reduced_model
2095.0,3.919590813020477,0.6124208405209259,4.033492403903994,33.50000999999771,terminal_reference_governor,True,True,False,False,False,0.0,4.033492403903994,33.50000999999771,reduced_model
2100.0,3.919590845325729,0.6135096157557386,4.034621315649578,33.50000999999987,terminal_reference_governor,True,True,False,False,False,0.0,4.034621315649578,33.50000999999987,reduced_model
2105.0,3.91959087603027,0.6145983909990803,4.035754845784127,33.500009999998596,terminal_reference_governor,True,True,False,False,False,0.0,4.035754845784127,33.500009999998596,reduced_model
2110.0,3.919590905716177,0.6156871662506681,4.0368928656944725,33.50000999999766,terminal_reference_governor,True,True,False,False,False,0.0,4.0368928656944725,33.50000999999766,reduced_model
2115.0,3.91959093438345,0.6167759415102191,4.03803524675487,33.50001,terminal_reference_governor,True,True,False,False,False,0.0,4.03803524675487,33.50001,reduced_model
2120.0,3.9195909615955316,0.6178647167773289,4.03918186032881,33.50000999999865,terminal_reference_governor,True,True,False,False,False,0.0,4.03918186032881,33.50000999999865,reduced_model
2125.0,3.919590987934498,0.6189534920517552,4.040332577803541,33.50000999999756,terminal_reference_governor,True,True,False,False,False,0.0,4.040332577803541,33.50000999999756,reduced_model
2130.0,3.9195910134003498,0.6200422673332553,4.041487270553722,33.50000999999999,terminal_reference_governor,True,True,False,False,False,0.0,4.041487270553722,33.50000999999999,reduced_model
2135.0,3.919591037556529,0.6211310426214655,4.042645809943245,33.500009999999385,terminal_reference_governor,True,True,False,False,False,0.0,4.042645809943245,33.500009999999385,reduced_model
2140.0,3.9195910608395934,0.6222198179161431,4.043808067356191,33.50000999999721,terminal_reference_governor,True,True,False,False,False,0.0,4.043808067356191,33.50000999999721,reduced_model
2145.0,3.919591083395062,0.6233085932170862,4.0449739141707965,33.50000999999727,terminal_reference_governor,True,True,False,False,False,0.0,4.0449739141707965,33.50000999999727,reduced_model
2150.0,3.9195911050774157,0.6243973685240521,4.046143221758505,33.50000999999974,terminal_reference_governor,True,True,False,False,False,0.0,4.046143221758505,33.50000999999974,reduced_model
2155.0,3.919591125595616,0.6254861438367176,4.047315861486759,33.50000999999801,terminal_reference_governor,True,True,False,False,False,0.0,4.047315861486759,33.50000999999801,reduced_model
2160.0,3.919591145677259,0.6265749191549613,4.048491704747191,33.500009999999676,terminal_reference_governor,True,True,False,False,False,0.0,4.048491704747191,33.500009999999676,reduced_model
2165.0,3.919591164740268,0.6276636944785003,4.049670622901412,33.50000999999986,terminal_reference_governor,True,True,False,False,False,0.0,4.049670622901412,33.50000999999986,reduced_model
2170.0,3.9195911830756813,0.6287524698071325,4.050852487330731,33.500009999998944,terminal_reference_governor,True,True,False,False,False,0.0,4.050852487330731,33.500009999998944,reduced_model
2175.0,3.919591200829018,0.6298412451406962,4.052037169413768,33.50000999999971,terminal_reference_governor,True,True,False,False,False,0.0,4.052037169413768,33.50000999999971,reduced_model
2180.0,3.9195912177092396,0.6309300204789487,4.053224540518823,33.50000999999843,terminal_reference_governor,True,True,False,False,False,0.0,4.053224540518823,33.50000999999843,reduced_model
2185.0,3.919591234152904,0.632018795821769,4.054414472031196,33.50000999999975,terminal_reference_governor,True,True,False,False,False,0.0,4.054414472031196,33.50000999999975,reduced_model
2190.0,3.919591249723453,0.6331075711689144,4.0556068353160395,33.50000999999885,terminal_reference_governor,True,True,False,False,False,0.0,4.0556068353160395,33.50000999999885,reduced_model
2195.0,3.919591264857445,0.6341963465202637,4.056801501758648,33.500009999999335,terminal_reference_governor,True,True,False,False,False,0.0,4.056801501758648,33.500009999999335,reduced_model
2200.0,3.919591279263841,0.6352851218756147,4.057998342727754,33.500009999998355,terminal_reference_governor,True,True,False,False,False,0.0,4.057998342727754,33.500009999998355,reduced_model
2205.0,3.9195912932336796,0.6363738972348463,4.059197229605503,33.500009999998554,terminal_reference_governor,True,True,False,False,False,0.0,4.059197229605503,33.500009999998554,reduced_model
2210.0,3.9195913066214416,0.6374626725977967,4.060398033764176,33.50000999999916,terminal_reference_governor,True,True,False,False,False,0.0,4.060398033764176,33.50000999999916,reduced_model
2215.0,3.919591319427127,0.6385514479643042,4.061600626579192,33.50000999999895,terminal_reference_governor,True,True,False,False,False,0.0,4.061600626579192,33.50000999999895,reduced_model
2220.0,3.919591331796255,0.6396402233342476,4.062804879429554,33.50000999999926,terminal_reference_governor,True,True,False,False,False,0.0,4.062804879429554,33.50000999999926,reduced_model
2225.0,3.9195913435833063,0.6407289987074652,4.064010663687552,33.50000999999802,terminal_reference_governor,True,True,False,False,False,0.0,4.064010663687552,33.50000999999802,reduced_model
2230.0,3.9195913550793193,0.6418177740838762,4.065217850735755,33.500009999998774,terminal_reference_governor,True,True,False,False,False,0.0,4.065217850735755,33.500009999998774,reduced_model
2235.0,3.9195913659932557,0.6429065494633187,4.066426311943288,33.50000999999875,terminal_reference_governor,True,True,False,False,False,0.0,4.066426311943288,33.50000999999875,reduced_model
2240.0,3.9195913764706347,0.6439953248456717,4.0676359186891355,33.500009999997744,terminal_reference_governor,True,True,False,False,False,0.0,4.0676359186891355,33.500009999997744,reduced_model
2245.0,3.9195913866569754,0.6450841002308542,4.0688465423527305,33.50000999999821,terminal_reference_governor,True,True,False,False,False,0.0,4.0688465423527305,33.50000999999821,reduced_model
2250.0,3.9195913964067586,0.6461728756187449,4.070058054306756,33.50000999999936,terminal_reference_governor,True,True,False,False,False,0.0,4.070058054306756,33.50000999999936,reduced_model
2255.0,3.9195914057199843,0.6472616510092227,4.0712703259270375,33.50001,terminal_reference_governor,True,True,False,False,False,0.0,4.0712703259270375,33.50001,reduced_model
2260.0,3.9195914145966526,0.6483504264021662,4.072483228589429,33.50000999999865,terminal_reference_governor,True,True,False,False,False,0.0,4.072483228589429,33.50000999999865,reduced_model
2265.0,3.9195914233278017,0.649439201797535,4.073696633676939,33.500009999999484,terminal_reference_governor,True,True,False,False,False,0.0,4.073696633676939,33.500009999999484,reduced_model
2270.0,3.9195914314768743,0.6505279771951674,4.074910412555548,33.500009999997495,terminal_reference_governor,True,True,False,False,False,0.0,4.074910412555548,33.500009999997495,reduced_model
2275.0,3.919591439625947,0.6516167525950635,4.076124436614947,33.500009999999314,terminal_reference_governor,True,True,False,False,False,0.0,4.076124436614947,33.500009999999314,reduced_model
2280.0,3.9195914471929427,0.6527055279970615,4.077338577217953,33.50000999999945,terminal_reference_governor,True,True,False,False,False,0.0,4.077338577217953,33.50000999999945,reduced_model
2285.0,3.9195914544689003,0.6537943034010807,4.078552705747113,33.50000999999801,terminal_reference_governor,True,True,False,False,False,0.0,4.078552705747113,33.50000999999801,reduced_model
2290.0,3.919591461599339,0.6548830788070805,4.079766693582298,33.500009999997864,terminal_reference_governor,True,True,False,False,False,0.0,4.079766693582298,33.500009999997864,reduced_model
2295.0,3.919591468438739,0.6559718542149802,4.080980412096614,33.50000999999877,terminal_reference_governor,True,True,False,False,False,0.0,4.080980412096614,33.50000999999877,reduced_model
2300.0,3.9195914748415817,0.6570606296246584,4.082193732662737,33.500009999997204,terminal_reference_governor,True,True,False,False,False,0.0,4.082193732662737,33.500009999997204,reduced_model
2305.0,3.9195914812444244,0.6581494050361152,4.083406526667226,33.50000999999837,terminal_reference_governor,True,True,False,False,False,0.0,4.083406526667226,33.50000999999837,reduced_model
2310.0,3.9195914872107096,0.6592381804492293,4.084618665476478,33.50000999999838,terminal_reference_governor,True,True,False,False,False,0.0,4.084618665476478,33.50000999999838,reduced_model
2315.0,3.9195914930314757,0.6603269558639603,4.085830020473456,33.50000999999906,terminal_reference_governor,True,True,False,False,False,0.0,4.085830020473456,33.50000999999906,reduced_model
2320.0,3.9195914985612035,0.6614157312802272,4.08704046303129,33.50000999999908,terminal_reference_governor,True,True,False,False,False,0.0,4.08704046303129,33.50000999999908,reduced_model
2325.0,3.919591503945412,0.6625045066979899,4.088249864529807,33.50000999999992,terminal_reference_governor,True,True,False,False,False,0.0,4.088249864529807,33.50000999999992,reduced_model
2330.0,3.9195915090385824,0.6635932821171673,4.08945809634213,33.500009999999875,terminal_reference_governor,True,True,False,False,False,0.0,4.08945809634213,33.500009999999875,reduced_model
2335.0,3.9195915138407145,0.6646820575376786,4.090665029844535,33.500009999997054,terminal_reference_governor,True,True,False,False,False,0.0,4.090665029844535,33.500009999997054,reduced_model
2340.0,3.9195915187883656,0.6657708329595643,4.091870536424018,33.5000099999984,terminal_reference_governor,True,True,False,False,False,0.0,4.091870536424018,33.5000099999984,reduced_model
2345.0,3.9195915232994594,0.6668596083827031,4.093074487443806,33.50000999999884,terminal_reference_governor,True,True,False,False,False,0.0,4.093074487443806,33.50000999999884,reduced_model
2350.0,3.919591527665034,0.6679483838070545,4.0942767542868435,33.50000999999901,terminal_reference_governor,True,True,False,False,False,0.0,4.0942767542868435,33.50000999999901,reduced_model
2355.0,3.9195915318850894,0.6690371592325781,4.095477208329838,33.500009999999435,terminal_reference_governor,True,True,False,False,False,0.0,4.095477208329838,33.500009999999435,reduced_model
2360.0,3.9195915358141065,0.6701259346591931,4.096675720945916,33.500009999997495,terminal_reference_governor,True,True,False,False,False,0.0,4.096675720945916,33.500009999997495,reduced_model
2365.0,3.9195915398886427,0.67121471008694,4.097872163522062,33.5000099999994,terminal_reference_governor,True,True,False,False,False,0.0,4.097872163522062,33.5000099999994,reduced_model
2370.0,3.9195915435266215,0.6723034855156974,4.09906640742151,33.500009999999385,terminal_reference_governor,True,True,False,False,False,0.0,4.09906640742151,33.500009999999385,reduced_model
2375.0,3.919591547019081,0.6733922609454249,4.100258324027235,33.500009999997374,terminal_reference_governor,True,True,False,False,False,0.0,4.100258324027235,33.500009999997374,reduced_model
2380.0,3.91959155065706,0.674481036376163,4.101447784723093,33.50000999999926,terminal_reference_governor,True,True,False,False,False,0.0,4.101447784723093,33.50000999999926,reduced_model
2385.0,3.9195915538584813,0.6755698118077903,4.102634660872316,33.50000999999889,terminal_reference_governor,True,True,False,False,False,0.0,4.102634660872316,33.50000999999889,reduced_model
2390.0,3.9195915570599027,0.6766585872403069,4.103818823861443,33.50000999999887,terminal_reference_governor,True,True,False,False,False,0.0,4.103818823861443,33.50000999999887,reduced_model
2395.0,3.919591560115805,0.6777473626736724,4.105000145064036,33.50000999999879,terminal_reference_governor,True,True,False,False,False,0.0,4.105000145064036,33.50000999999879,reduced_model
2400.0,3.919591563026188,0.6788361381078464,4.106178495856784,33.500009999998085,terminal_reference_governor,True,True,False,False,False,0.0,4.106178495856784,33.500009999998085,reduced_model
2405.0,3.919591565936571,0.6799249135428288,4.107353747619942,33.50000999999914,terminal_reference_governor,True,True,False,False,False,0.0,4.107353747619942,33.50000999999914,reduced_model
2410.0,3.9195915685559157,0.6810136889785388,4.108525771723473,33.500009999998255,terminal_reference_governor,True,True,False,False,False,0.0,4.108525771723473,33.500009999998255,reduced_model
2415.0,3.9195915711752605,0.6821024644149764,4.109694439550791,33.50000999999757,terminal_reference_governor,True,True,False,False,False,0.0,4.109694439550791,33.50000999999757,reduced_model
2420.0,3.919591573794605,0.6831912398521415,4.11085962247901,33.500009999999214,terminal_reference_governor,True,True,False,False,False,0.0,4.11085962247901,33.500009999999214,reduced_model
2425.0,3.9195915761229116,0.6842800152899534,4.112021191878082,33.50000999999926,terminal_reference_governor,True,True,False,False,False,0.0,4.112021191878082,33.50000999999926,reduced_model
2430.0,3.919591578451218,0.6853687907284121,4.113179019131406,33.50000999999958,terminal_reference_governor,True,True,False,False,False,0.0,4.113179019131406,33.50000999999958,reduced_model
2435.0,3.9195915806340054,0.6864575661674771,4.11433297561255,33.50000999999904,terminal_reference_governor,True,True,False,False,False,0.0,4.11433297561255,33.50000999999904,reduced_model
2440.0,3.9195915828167927,0.6875463416071484,4.115482932701775,33.500009999999435,terminal_reference_governor,True,True,False,False,False,0.0,4.115482932701775,33.500009999999435,reduced_model
2445.0,3.919591584854061,0.6886351170473857,4.116628761772618,33.5000099999995,terminal_reference_governor,True,True,False,False,False,0.0,4.116628761772618,33.5000099999995,reduced_model
2450.0,3.9195915867458098,0.6897238924881484,4.117770334201776,33.500009999997864,terminal_reference_governor,True,True,False,False,False,0.0,4.117770334201776,33.500009999997864,reduced_model
2455.0,3.919591588783078,0.690812667929477,4.118907521373081,33.50000999999911,terminal_reference_governor,True,True,False,False,False,0.0,4.118907521373081,33.50000999999911,reduced_model
2460.0,3.9195915905293077,0.6919014433712908,4.120040194653352,33.500009999998824,terminal_reference_governor,True,True,False,False,False,0.0,4.120040194653352,33.500009999998824,reduced_model
2465.0,3.9195915922755376,0.6929902188135896,4.121168225425984,33.50000999999843,terminal_reference_governor,True,True,False,False,False,0.0,4.121168225425984,33.50000999999843,reduced_model
2470.0,3.9195915940217674,0.6940789942563734,4.122291485068101,33.50000999999935,terminal_reference_governor,True,True,False,False,False,0.0,4.122291485068101,33.50000999999935,reduced_model
2475.0,3.919591595622478,0.6951677696996019,4.123409844953239,33.50000999999997,terminal_reference_governor,True,True,False,False,False,0.0,4.123409844953239,33.50000999999997,reduced_model
2480.0,3.9195915970776696,0.6962565451432347,4.124523176458086,33.500009999998554,terminal_reference_governor,True,True,False,False,False,0.0,4.124523176458086,33.500009999998554,reduced_model
2485.0,3.9195915986783803,0.697345320587312,4.125631350966495,33.50000999999933,terminal_reference_governor,True,True,False,False,False,0.0,4.125631350966495,33.50000999999933,reduced_model
2490.0,3.9195915999880526,0.6984340960317531,4.126734239845299,33.50000999999754,terminal_reference_governor,True,True,False,False,False,0.0,4.126734239845299,33.50000999999754,reduced_model
2495.0,3.919591601443244,0.6995228714765984,4.127831714481471,33.50000999999728,terminal_reference_governor,True,True,False,False,False,0.0,4.127831714481471,33.50000999999728,reduced_model
2500.0,3.9195916028984357,0.700611646921848,4.128924319528252,33.50000999999974,terminal_reference_governor,True,True,False,False,False,0.0,4.128924319528252,33.50000999999974,reduced_model
2505.0,3.9195916039170697,0.7017004223673805,4.130015161090793,33.50000999999701,terminal_reference_governor,True,True,False,False,False,0.0,4.130015161090793,33.50000999999701,reduced_model
2510.0,3.9195916053722613,0.7027891978133173,4.131104641551524,33.500009999999,terminal_reference_governor,True,True,False,False,False,0.0,4.131104641551524,33.500009999999,reduced_model
2515.0,3.9195916063908953,0.7038779732595369,4.132192757564405,33.500009999997815,terminal_reference_governor,True,True,False,False,False,0.0,4.132192757564405,33.500009999997815,reduced_model
2520.0,3.9195916075550485,0.70496674870608,4.133279505816513,33.500009999997296,terminal_reference_governor,True,True,False,False,False,0.0,4.133279505816513,33.500009999997296,reduced_model
2525.0,3.9195916087192018,0.7060555241529465,4.134364882978811,33.50000999999841,terminal_reference_governor,True,True,False,False,False,0.0,4.134364882978811,33.50000999999841,reduced_model
2530.0,3.919591609737836,0.7071442996000958,4.135448885721789,33.500009999999065,terminal_reference_governor,True,True,False,False,False,0.0,4.135448885721789,33.500009999999065,reduced_model
2535.0,3.9195916106109507,0.7082330750474878,4.136531510719123,33.500009999997054,terminal_reference_governor,True,True,False,False,False,0.0,4.136531510719123,33.500009999997054,reduced_model
2540.0,3.919591611775104,0.7093218504952031,4.1376127546552,33.50000999999916,terminal_reference_governor,True,True,False,False,False,0.0,4.1376127546552,33.50000999999916,reduced_model
2545.0,3.9195916125026997,0.7104106259431205,4.138692614187112,33.500009999997225,terminal_reference_governor,True,True,False,False,False,0.0,4.138692614187112,33.500009999997225,reduced_model
2550.0,3.919591613521334,0.711499401391321,4.139771086005511,33.500009999997914,terminal_reference_governor,True,True,False,False,False,0.0,4.139771086005511,33.500009999997914,reduced_model
2555.0,3.8852678245166317,0.7125786424536866,4.140009999998577,33.49929970341207,terminal_reference_governor,True,True,False,False,False,0.0,4.140009999998577,33.49929970341207,reduced_model
2560.0,3.84470742821577,0.7136466167393021,4.140009999996882,33.497734446338356,terminal_reference_governor,True,True,False,False,False,0.0,4.140009999996882,33.497734446338356,reduced_model
2565.0,3.8076968854875304,0.7147043103186042,4.140009999996716,33.49537365616768,terminal_reference_governor,True,True,False,False,False,0.0,4.140009999996716,33.49537365616768,reduced_model
2570.0,3.773282682232093,0.7157524443970019,4.140009999999508,33.492263767806875,terminal_reference_governor,True,True,False,False,False,0.0,4.140009999999508,33.492263767806875,reduced_model
2575.0,3.7408166854584124,0.7167915601429626,4.140009999998554,33.488442292696675,terminal_reference_governor,True,True,False,False,False,0.0,4.140009999998554,33.488442292696675,reduced_model
2580.0,3.7098558132129256,0.7178220756466329,4.140009999997797,33.48394054754913,terminal_reference_governor,True,True,False,False,False,0.0,4.140009999997797,33.48394054754913,reduced_model
2585.0,3.6800947949814145,0.7188443242007945,4.140009999996778,33.47878548644088,terminal_reference_governor,True,True,False,False,False,0.0,4.140009999996778,33.47878548644088,reduced_model
2590.0,3.6513211036799476,0.7198585800629278,4.140009999999394,33.47300093377556,terminal_reference_governor,True,True,False,False,False,0.0,4.140009999999394,33.47300093377556,reduced_model
2595.0,3.6233847404946573,0.7208650758241764,4.140009999996812,33.4666084169428,terminal_reference_governor,True,True,False,False,False,0.0,4.140009999996812,33.4666084169428,reduced_model
2600.0,3.5961779741046485,0.7218640141503165,4.140009999999316,33.459627731501385,terminal_reference_governor,True,True,False,False,False,0.0,4.140009999999316,33.459627731501385,reduced_model
2605.0,3.569621745409677,0.7228555757462637,4.140009999999113,33.45207732745051,terminal_reference_governor,True,True,False,False,False,0.0,4.140009999999113,33.45207732745051,reduced_model
2610.0,3.54365654362482,0.7238399247861594,4.140009999999202,33.44397457577257,terminal_reference_governor,True,True,False,False,False,0.0,4.140009999999202,33.44397457577257,reduced_model
2615.0,3.518236274976516,0.7248172126403196,4.1400099999978455,33.43533595465729,terminal_reference_governor,True,True,False,False,False,0.0,4.1400099999978455,33.43533595465729,reduced_model
2620.0,3.493324139562901,0.7257875804568649,4.140009999997391,33.4261771817479,terminal_reference_governor,True,True,False,False,False,0.0,4.140009999997391,33.4261771817479,reduced_model
2625.0,3.468889853102155,0.7267511609716155,4.140009999999669,33.416513309965886,terminal_reference_governor,True,True,False,False,False,0.0,4.140009999999669,33.416513309965886,reduced_model
2630.0,3.444907770754071,0.727708079796825,4.140009999997636,33.40635879864359,terminal_reference_governor,True,True,False,False,False,0.0,4.140009999997636,33.40635879864359,reduced_model
2635.0,3.4213556174654514,0.728658456357232,4.140009999998888,33.39572756783147,terminal_reference_governor,True,True,False,False,False,0.0,4.140009999998888,33.39572756783147,reduced_model
2640.0,3.3982136222766712,0.7296024045856422,4.140009999998113,33.384633040986785,terminal_reference_governor,True,True,False,False,False,0.0,4.140009999998113,33.384633040986785,reduced_model
2645.0,3.3754639275139198,0.730540033454396,4.140009999997511,33.37308817960037,terminal_reference_governor,True,True,False,False,False,0.0,4.140009999997511,33.37308817960037,reduced_model
2650.0,3.3530901800259016,0.7314714473932921,4.140009999996702,33.36110551210116,terminal_reference_governor,True,True,False,False,False,0.0,4.140009999996702,33.36110551210116,reduced_model
2655.0,3.331077246548375,0.7323967466284443,4.14000999999723,33.348697158644384,terminal_reference_governor,True,True,False,False,False,0.0,4.14000999999723,33.348697158644384,reduced_model
2660.0,3.309411012014607,0.733316027465115,4.14000999999894,33.335874852857486,terminal_reference_governor,True,True,False,False,False,0.0,4.14000999999894,33.335874852857486,reduced_model
2665.0,3.2880782343272585,0.734229382530206,4.140009999998492,33.32264996128204,terminal_reference_governor,True,True,False,False,False,0.0,4.140009999998492,33.32264996128204,reduced_model
2670.0,3.2670664378383663,0.735136900985161,4.140009999998368,33.30903350102622,terminal_reference_governor,True,True,False,False,False,0.0,4.140009999998368,33.30903350102622,reduced_model
2675.0,3.2463638321496546,0.7360386687163137,4.140009999996972,33.295036155965775,terminal_reference_governor,True,True,False,False,False,0.0,4.140009999996972,33.295036155965775,reduced_model
2680.0,3.22595924968482,0.7369347685078929,4.140009999996954,33.280668291756534,terminal_reference_governor,True,True,False,False,False,0.0,4.140009999996954,33.280668291756534,reduced_model
2685.0,3.2058420950488653,0.7378252802009619,4.140009999997436,33.26593996982518,terminal_reference_governor,True,True,False,False,False,0.0,4.140009999997436,33.26593996982518,reduced_model
2690.0,3.1860023037006613,0.7387102808408788,4.14000999999822,33.25086096047937,terminal_reference_governor,True,True,False,False,False,0.0,4.14000999999822,33.25086096047937,reduced_model
2695.0,3.166430306591792,0.7395898448149321,4.140009999996755,33.235440755231025,terminal_reference_governor,True,True,False,False,False,0.0,4.140009999996755,33.235440755231025,reduced_model
2700.0,3.1471169998985715,0.7404640439815705,4.140009999997098,33.21968857841902,terminal_reference_governor,True,True,False,False,False,0.0,4.140009999997098,33.21968857841902,reduced_model
2705.0,3.1280537173734047,0.741332947791952,4.140009999999981,33.203613398178994,terminal_reference_governor,True,True,False,False,False,0.0,4.140009999999981,33.203613398178994,reduced_model
2710.0,3.1092322056065314,0.7421966234046206,4.140009999998256,33.18722393681602,terminal_reference_governor,True,True,False,False,False,0.0,4.140009999998256,33.18722393681602,reduced_model
2715.0,3.090644602489192,0.7430551357942009,4.140009999999105,33.1705286806421,terminal_reference_governor,True,True,False,False,False,0.0,4.140009999999105,33.1705286806421,reduced_model
2720.0,3.072283415385755,0.7439085478540303,4.14000999999994,33.15353588928221,terminal_reference_governor,True,True,False,False,False,0.0,4.14000999999994,33.15353588928221,reduced_model
2725.0,3.0541415022162255,0.7447569204935348,4.140009999997378,33.136253604506656,terminal_reference_governor,True,True,False,False,False,0.0,4.140009999997378,33.136253604506656,reduced_model
2730.0,3.0362120538484305,0.7456003127307149,4.140009999999284,33.1186896586209,terminal_reference_governor,True,True,False,False,False,0.0,4.140009999999284,33.1186896586209,reduced_model
2735.0,3.0184885759081226,0.7464387817795783,4.140009999997173,33.10085168241184,terminal_reference_governor,True,True,False,False,False,0.0,4.140009999997173,33.10085168241184,reduced_model
2740.0,3.0009648740815464,0.7472723831334899,4.140009999996827,33.08274711271713,terminal_reference_governor,True,True,False,False,False,0.0,4.140009999996827,33.08274711271713,reduced_model
2745.0,2.983635038108332,0.7481011706440756,4.1400099999988385,33.06438319960428,terminal_reference_governor,True,True,False,False,False,0.0,4.1400099999988385,33.06438319960428,reduced_model
2750.0,2.9664934274982886,0.7489251965961584,4.1400099999987185,33.04576701319561,terminal_reference_governor,True,True,False,False,False,0.0,4.1400099999987185,33.04576701319561,reduced_model
2755.0,2.94953465844471,0.7497445117790598,4.140009999997826,33.026905450166126,terminal_reference_governor,True,True,False,False,False,0.0,4.140009999997826,33.026905450166126,reduced_model
2760.0,2.9327535907775935,0.7505591655542757,4.140009999999163,33.00780523992211,terminal_reference_governor,True,True,False,False,False,0.0,4.140009999999163,33.00780523992211,reduced_model
2765.0,2.9161453154018924,0.7513692059196652,4.140009999998047,32.98847295047493,terminal_reference_governor,True,True,False,False,False,0.0,4.140009999998047,32.98847295047493,reduced_model
2770.0,2.899705143471165,0.7521746795706293,4.140009999998833,32.96891499404429,terminal_reference_governor,True,True,False,False,False,0.0,4.140009999998833,32.96891499404429,reduced_model
2775.0,2.8834285947033296,0.752975631958047,4.140009999998144,32.949137632383305,terminal_reference_governor,True,True,False,False,False,0.0,4.140009999998144,32.949137632383305,reduced_model
2780.0,2.8673113875143383,0.7537721073434676,4.140009999996791,32.92914698185973,terminal_reference_governor,True,True,False,False,False,0.0,4.140009999996791,32.92914698185973,reduced_model
2785.0,2.8513494290910355,0.7545641488515484,4.1400099999987265,32.90894901829792,terminal_reference_governor,True,True,False,False,False,0.0,4.1400099999987265,32.90894901829792,reduced_model
2790.0,2.835538805443429,0.7553517985197271,4.140009999996973,32.88854958158606,terminal_reference_governor,True,True,False,False,False,0.0,4.140009999996973,32.88854958158606,reduced_model
2795.0,2.8198757735705646,0.7561350973457189,4.140009999998009,32.86795438008652,terminal_reference_governor,True,True,False,False,False,0.0,4.140009999998009,32.86795438008652,reduced_model
2800.0,2.8043567520237005,0.7569140853323921,4.140009999998839,32.84716899482888,terminal_reference_governor,True,True,False,False,False,0.0,4.140009999998839,32.84716899482888,reduced_model
2805.0,2.78897831334688,0.7576888015305441,4.140009999996673,32.826198883518714,terminal_reference_governor,True,True,False,False,False,0.0,4.140009999996673,32.826198883518714,reduced_model
2810.0,2.773737176877426,0.7584592840796767,4.140009999998767,32.80504938437192,terminal_reference_governor,True,True,False,False,False,0.0,4.140009999998767,32.80504938437192,reduced_model
2815.0,2.7586302004729015,0.7592255702464747,4.140009999997649,32.78372571976155,terminal_reference_governor,True,True,False,False,False,0.0,4.140009999997649,32.78372571976155,reduced_model
2820.0,2.7436543747948665,0.7599876964616955,4.140009999996997,32.76223299971987,terminal_reference_governor,True,True,False,False,False,0.0,4.140009999996997,32.76223299971987,reduced_model
2825.0,2.728806816240965,0.7607456983550958,4.140009999999174,32.74057622527834,terminal_reference_governor,True,True,False,False,False,0.0,4.140009999999174,32.74057622527834,reduced_model
2830.0,2.7140847604497753,0.761499610788554,4.140009999997064,32.718760291657354,terminal_reference_governor,True,True,False,False,False,0.0,4.140009999997064,32.718760291657354,reduced_model
2835.0,2.699485557463169,0.7622494678878493,4.140009999997969,32.696789991333425,terminal_reference_governor,True,True,False,False,False,0.0,4.140009999997969,32.696789991333425,reduced_model
2840.0,2.6850066650288893,0.7629953030725796,4.140009999997638,32.6746700169591,terminal_reference_governor,True,True,False,False,False,0.0,4.140009999997638,32.6746700169591,reduced_model
2845.0,2.670645644083632,0.763737149084825,4.1400099999974795,32.65240496417022,terminal_reference_governor,True,True,False,False,False,0.0,4.1400099999974795,32.65240496417022,reduced_model
2850.0,2.6564001534962034,0.7644750380163517,4.140009999999413,32.62999933427254,terminal_reference_governor,True,True,False,False,False,0.0,4.140009999999413,32.62999933427254,reduced_model
2855.0,2.642267945011417,0.7652090013344105,4.140009999998654,32.60745753681255,terminal_reference_governor,True,True,False,False,False,0.0,4.140009999998654,32.60745753681255,reduced_model
2860.0,2.628246859326147,0.7659390699064456,4.14000999999758,32.584783892051554,terminal_reference_governor,True,True,False,False,False,0.0,4.14000999999758,32.584783892051554,reduced_model
2865.0,2.6143348215106523,0.7666652740235318,4.140009999999631,32.56198263333554,terminal_reference_governor,True,True,False,False,False,0.0,4.140009999999631,32.56198263333554,reduced_model
2870.0,2.600529836531272,0.7673876434225683,4.14000999999954,32.539057909364146,terminal_reference_governor,True,True,False,False,False,0.0,4.14000999999954,32.539057909364146,reduced_model
2875.0,2.586829986099154,0.7681062073075958,4.14000999999993,32.516013786379766,terminal_reference_governor,True,True,False,False,False,0.0,4.14000999999993,32.516013786379766,reduced_model
2880.0,2.5732334244345294,0.7688209943699388,4.140009999998619,32.49285425026309,terminal_reference_governor,True,True,False,False,False,0.0,4.140009999998619,32.49285425026309,reduced_model
2885.0,2.5597383752174103,0.7695320328074992,4.140009999998834,32.469583208553516,terminal_reference_governor,True,True,False,False,False,0.0,4.140009999998834,32.469583208553516,reduced_model
2890.0,2.546343127780619,0.7702393503429937,4.1400099999977975,32.44620449238539,terminal_reference_governor,True,True,False,False,False,0.0,4.1400099999977975,32.44620449238539,reduced_model
2895.0,2.5330460345242005,0.7709429742414727,4.140009999999783,32.42272185835871,terminal_reference_governor,True,True,False,False,False,0.0,4.140009999999783,32.42272185835871,reduced_model
2900.0,2.5198455071944172,0.7716429313268045,4.140009999999055,32.39913899032986,terminal_reference_governor,True,True,False,False,False,0.0,4.140009999999055,32.39913899032986,reduced_model
2905.0,2.5067400148245333,0.7723392479975891,4.140009999997807,32.37545950114679,terminal_reference_governor,True,True,False,False,False,0.0,4.140009999997807,32.37545950114679,reduced_model
2910.0,2.4937280806516293,0.7730319502422146,4.140009999997717,32.351686934315836,terminal_reference_governor,True,True,False,False,False,0.0,4.140009999997717,32.351686934315836,reduced_model
2915.0,2.4808082795596715,0.7737210636532034,4.140009999999935,32.32782476560852,terminal_reference_governor,True,True,False,False,False,0.0,4.140009999999935,32.32782476560852,reduced_model
2920.0,2.467979235324968,0.7744066134407936,4.1400099999971545,32.30387640460688,terminal_reference_governor,True,True,False,False,False,0.0,4.1400099999971545,32.30387640460688,reduced_model
2925.0,2.455239619352148,0.7750886244461692,4.140009999998278,32.279845196208605,terminal_reference_governor,True,True,False,False,False,0.0,4.140009999998278,32.279845196208605,reduced_model
2930.0,2.4425881471282924,0.7757671211537048,4.140009999997363,32.255734422062226,terminal_reference_governor,True,True,False,False,False,0.0,4.140009999997363,32.255734422062226,reduced_model
2935.0,2.4300235772331926,0.7764421277029363,4.1400099999985445,32.23154730196761,terminal_reference_governor,True,True,False,False,False,0.0,4.1400099999985445,32.23154730196761,reduced_model
2940.0,2.417544708528472,0.7771136678997498,4.140009999997047,32.20728699521847,terminal_reference_governor,True,True,False,False,False,0.0,4.140009999997047,32.20728699521847,reduced_model
2945.0,2.405150379097729,0.7777817652272769,4.1400099999982025,32.182956601910924,terminal_reference_governor,True,True,False,False,False,0.0,4.1400099999982025,32.182956601910924,reduced_model
2950.0,2.3928394635837824,0.7784464428560502,4.140009999997317,32.15855916419788,terminal_reference_governor,True,True,False,False,False,0.0,4.140009999997317,32.15855916419788,reduced_model
2955.0,2.3806108722542048,0.7791077236538987,4.14000999999712,32.13409766751265,terminal_reference_governor,True,True,False,False,False,0.0,4.14000999999712,32.13409766751265,reduced_model
2960.0,2.368463548970026,0.7797656301952792,4.140009999998528,32.109575041748265,terminal_reference_governor,True,True,False,False,False,0.0,4.140009999998528,32.109575041748265,reduced_model
2965.0,2.356396469609555,0.7804201847701707,4.140009999999323,32.08499416239916,terminal_reference_governor,True,True,False,False,False,0.0,4.140009999999323,32.08499416239916,reduced_model
2970.0,2.34440864075766,0.7810714093926034,4.14000999999743,32.06035785166926,terminal_reference_governor,True,True,False,False,False,0.0,4.14000999999743,32.06035785166926,reduced_model
2975.0,2.3324990986809033,0.7817193258089037,4.140009999999783,32.03566887955092,terminal_reference_governor,True,True,False,False,False,0.0,4.140009999999783,32.03566887955092,reduced_model
2980.0,2.3206669069553563,0.7823639555052802,4.140009999997545,32.01092996485797,terminal_reference_governor,True,True,False,False,False,0.0,4.140009999997545,32.01092996485797,reduced_model
2985.0,2.3089111565533025,0.7830053197154339,4.140009999996938,31.986143776244873,terminal_reference_governor,True,True,False,False,False,0.0,4.140009999996938,31.986143776244873,reduced_model
2990.0,2.2972309637228547,0.7836434394275791,4.140009999998341,31.96131293318449,terminal_reference_governor,True,True,False,False,False,0.0,4.140009999998341,31.96131293318449,reduced_model
2995.0,2.285625468977326,0.7842783353911839,4.140009999998388,31.936440006919085,terminal_reference_governor,True,True,False,False,False,0.0,4.140009999998388,31.936440006919085,reduced_model
3000.0,2.274093836435824,0.7849100281235272,4.140009999999756,31.911527521389395,terminal_reference_governor,True,True,False,False,False,0.0,4.140009999999756,31.911527521389395,reduced_model
3005.0,2.262635252237808,0.7855385379158154,4.140009999998108,31.886577954130743,terminal_reference_governor,True,True,False,False,False,0.0,4.140009999998108,31.886577954130743,reduced_model
3010.0,2.251248924228319,0.7861638848392122,4.140009999997314,31.86159373715246,terminal_reference_governor,True,True,False,False,False,0.0,4.140009999997314,31.86159373715246,reduced_model
3015.0,2.239934080582116,0.786786088750485,4.140009999999379,31.83657725778788,terminal_reference_governor,True,True,False,False,False,0.0,4.140009999999379,31.83657725778788,reduced_model
3020.0,2.2286899687537733,0.787405169297361,4.140009999999903,31.81153085951935,terminal_reference_governor,True,True,False,False,False,0.0,4.140009999999903,31.81153085951935,reduced_model
3025.0,2.2175158551047573,0.788021145923779,4.140009999998681,31.78645684278703,terminal_reference_governor,True,True,False,False,False,0.0,4.140009999998681,31.78645684278703,reduced_model
3030.0,2.2064110240287973,0.7886340378748982,4.140009999998283,31.761357465775596,terminal_reference_governor,True,True,False,False,False,0.0,4.140009999998283,31.761357465775596,reduced_model
3035.0,2.1953747769498637,0.7892438642018287,4.1400099999983135,31.736234945177877,terminal_reference_governor,True,True,False,False,False,0.0,4.1400099999983135,31.736234945177877,reduced_model
3040.0,2.184406431755776,0.7898506437662053,4.140009999998706,31.711091456940814,terminal_reference_governor,True,True,False,False,False,0.0,4.140009999998706,31.711091456940814,reduced_model
3045.0,2.173505322099494,0.7904543952445663,4.140009999999406,31.68592913699267,terminal_reference_governor,True,True,False,False,False,0.0,4.140009999999406,31.68592913699267,reduced_model
3050.0,2.162670796640989,0.7910551371325221,4.1400099999977344,31.660750081950933,terminal_reference_governor,True,True,False,False,False,0.0,4.1400099999977344,31.660750081950933,reduced_model
3055.0,2.151902218874209,0.791652887748876,4.140009999998974,31.635556349818376,terminal_reference_governor,True,True,False,False,False,0.0,4.140009999998974,31.635556349818376,reduced_model
3060.0,2.1411989658067196,0.7922476652393778,4.140009999999398,31.610349960653803,terminal_reference_governor,True,True,False,False,False,0.0,4.140009999999398,31.610349960653803,reduced_model
3065.0,2.1305604279966026,0.7928394875804881,4.140009999999734,31.585132897233827,terminal_reference_governor,True,True,False,False,False,0.0,4.140009999999734,31.585132897233827,reduced_model
3070.0,2.1199860087207174,0.7934283725829104,4.140009999998447,31.559907105695835,terminal_reference_governor,True,True,False,False,False,0.0,4.140009999998447,31.559907105695835,reduced_model
3075.0,2.1094751237890916,0.794014337895074,4.14000999999932,31.534674496169774,terminal_reference_governor,True,True,False,False,False,0.0,4.14000999999932,31.534674496169774,reduced_model
3080.0,2.099027200494737,0.7945974010063226,4.14000999999818,31.509436943389133,terminal_reference_governor,True,True,False,False,False,0.0,4.14000999999818,31.509436943389133,reduced_model
3085.0,2.0886416778080195,0.7951775792501582,4.140009999997916,31.484196287295646,terminal_reference_governor,True,True,False,False,False,0.0,4.140009999997916,31.484196287295646,reduced_model
3090.0,2.078318005533381,0.7957548898072508,4.14000999999942,31.458954333626004,terminal_reference_governor,True,True,False,False,False,0.0,4.14000999999942,31.458954333626004,reduced_model
3095.0,2.0680556437827047,0.7963293497083016,4.140009999998602,31.43371285448452,terminal_reference_governor,True,True,False,False,False,0.0,4.140009999998602,31.43371285448452,reduced_model
3100.0,2.0578540630891986,0.7969009758369375,4.140009999998312,31.408473588909096,terminal_reference_governor,True,True,False,False,False,0.0,4.140009999998312,31.408473588909096,reduced_model
3105.0,2.0477127435427276,0.7974697849323661,4.140009999997292,31.38323824341976,terminal_reference_governor,True,True,False,False,False,0.0,4.140009999997292,31.38323824341976,reduced_model
3110.0,2.0376311747405684,0.7980357935920163,4.140009999997226,31.35800849255907,terminal_reference_governor,True,True,False,False,False,0.0,4.140009999997226,31.35800849255907,reduced_model
3115.0,2.0276088552073164,0.7985990182740182,4.14000999999728,31.332785979418624,terminal_reference_governor,True,True,False,False,False,0.0,4.14000999999728,31.332785979418624,reduced_model
3120.0,2.017645292260081,0.799159475299646,4.140009999998473,31.307572316156893,terminal_reference_governor,True,True,False,False,False,0.0,4.140009999998473,31.307572316156893,reduced_model
3125.0,2.007740001512729,0.7997171808556218,4.140009999999392,31.282369084504438,terminal_reference_governor,True,True,False,False,False,0.0,4.140009999999392,31.282369084504438,reduced_model
